<?xml version="1.0" encoding="iso-8859-1" ?>
<newsitem itemid="764928" id="root" date="1997-07-30" xml:lang="en">
<title>UK: Key stock and currency market movements at 1600 GMT.</title>
<headline>Key stock and currency market movements at 1600 GMT.</headline>
<dateline>LONDON 1997-07-30</dateline>
<text>
<p>The following table shows the latest close of key indices* on major world stock exchanges, the day's change in points and the indices' 1997 closing highs and lows (with dates). Also shown are the London closing values of the German mark, the Japanese yen, the British pound and gold billion (previous day's closes in brackets):</p>
<p>		  JULY 30   DAY'S CHANGE   1997 HIGH    1997 LOW</p>
<p>		  CLOSE	IN POINTS</p>
<p> NEW YORK    8,258.84     +84.31	  8,174.53     6,391.69</p>
<p>		 (midday)			 (Jul 29)	(Apr 11)</p>
<p> LONDON	4,927.3	+50.7	   4,964.2	4,056.6</p>
<p>						    (Jul 16)	(Jan 10)</p>
<p> TOKYO	20,212.82    -189.92	 20,681.07    17,303.65</p>
<p>						    (Jun 16)     (Jan 10)</p>
<p> FRANKFURT   4,421.72     +40.03	  4,421.72     2,848.77</p>
<p>						    (Jul 30)	 (Jan 2)</p>
<p> PARIS	 3,069.30     +45.67	  3,069.30     2,256.97</p>
<p>						    (Jul 30)	 (Jan 2)</p>
<p> SYDNEY	2,735.0	 +3.1	   2,745.90     2,352.20</p>
<p>						    (Jul 2)	 (Apr 1)</p>
<p> HONG KONG  15,983.18    +211.12	 15,983.18    12,055.17</p>
<p>						    (Jul 30)	(Apr 3)</p>
<p>- - - - FOREIGN EXCHANGE/GOLD BULLION CLOSE IN LONDON  Dollar/mark....1.8383   (1.8299)</p>
<p> Dollar/yen.....118.40   (117.82)</p>
<p>Pound/dollar...$1.6295  ($1.6306) Gold (ounce)...$326.65  (326.45) - - - - *INDICES USED AND THEIR ALL-TIME CLOSING HIGHS New York Dow Jones industrial average -- 8,174.53 (Jul 29/97) London FTSE 100 index -- 4,964.2 (Jul 16/97) Tokyo Nikkei average -- 38,915.87 (Dec 29/89) Frankfurt DAX-3O index -- 4,421.72 (Jul 30/97) Paris CAC-40 General index -- 3,069.30 (Jul 30/97) Sydney Australian All-Ordinaries index -- 2,745.90 (Jul 2/97) Hong Kong Hang Seng index -- 15,983.18 (Jul 30/97)</p>
</text>
<copyright>(c) Reuters Limited 1997</copyright>
<metadata>
<codes class="bip:countries:1.0">
  <code code="FRA">
    <editdetail attribution="Reuters BIP Coding Group" action="confirmed" date="1997-07-30"/>
  </code>
  <code code="GFR">
    <editdetail attribution="Reuters BIP Coding Group" action="confirmed" date="1997-07-30"/>
  </code>
  <code code="HKONG">
    <editdetail attribution="Reuters BIP Coding Group" action="confirmed" date="1997-07-30"/>
  </code>
  <code code="JAP">
    <editdetail attribution="Reuters BIP Coding Group" action="confirmed" date="1997-07-30"/>
  </code>
  <code code="UK">
    <editdetail attribution="Reuters BIP Coding Group" action="confirmed" date="1997-07-30"/>
  </code>
</codes>
<codes class="bip:topics:1.0">
  <code code="M11">
    <editdetail attribution="Reuters BIP Coding Group" action="confirmed" date="1997-07-30"/>
  </code>
  <code code="M132">
    <editdetail attribution="Reuters BIP Coding Group" action="confirmed" date="1997-07-30"/>
  </code>
</codes>
<dc element="dc.date.created" value="1997-07-30"/>
<dc element="dc.publisher" value="Reuters Holdings Plc"/>
<dc element="dc.date.published" value="1997-07-30"/>
<dc element="dc.source" value="Reuters"/>
<dc element="dc.creator.location" value="LONDON"/>
<dc element="dc.creator.location.country.name" value="UK"/>
<dc element="dc.source" value="Reuters"/>
</metadata>
</newsitem>
