<?xml version="1.0" encoding="iso-8859-1" ?>
<newsitem itemid="764996" id="root" date="1997-07-30" xml:lang="en">
<title>GERMANY: Dike breach threatens more floods in east Germany.</title>
<headline>Dike breach threatens more floods in east Germany.</headline>
<dateline>HOHENWUTZEN, Germany 1997-07-30</dateline>
<text>
<p>German border authorities said on Wednesday a flood barrier holding back the swollen Oder River near the village of Hohenwutzen had broken and would be impossible to repair.</p>
<p>Sirens sounded warning a further 9,000 inhabitants to prepare to evacuate the low-lying Oderbruch area, which officials said earlier could be flooded within hours if the dike at Hohenwutzen broke.  </p>
<p>A spokesman for border control authorities in Frankfurt an der Oder confirmed reports by border guards at the scene that the dike had no longer been able to contain the immense pressure of the river.</p>
<p>&quot;It (the water) is running,&quot; said the spokesman, adding that military helicopters were trying to block holes in the dike by dumping sand onto the flood barricades.</p>
<p>Guards at the scene said the area immediately threatened by the dike break was the northern-most swathe of the Oderbruch, the fertile plain lying north of Frankfurt an der Oder.</p>
<p>Earlier, floods showed signs of receding after a fresh high-water surge expected overnight did not materialise, although officials had said many flood-barriers were extremely porous and riddled with weak spots.</p>
</text>
<copyright>(c) Reuters Limited 1997</copyright>
<metadata>
<codes class="bip:countries:1.0">
  <code code="GFR">
    <editdetail attribution="Reuters BIP Coding Group" action="confirmed" date="1997-07-30"/>
  </code>
</codes>
<codes class="bip:topics:1.0">
  <code code="GCAT">
    <editdetail attribution="Reuters BIP Coding Group" action="confirmed" date="1997-07-30"/>
  </code>
  <code code="GDIS">
    <editdetail attribution="Reuters BIP Coding Group" action="confirmed" date="1997-07-30"/>
  </code>
</codes>
<dc element="dc.date.created" value="1997-07-30"/>
<dc element="dc.publisher" value="Reuters Holdings Plc"/>
<dc element="dc.date.published" value="1997-07-30"/>
<dc element="dc.source" value="Reuters"/>
<dc element="dc.creator.location" value="HOHENWUTZEN, Germany"/>
<dc element="dc.creator.location.country.name" value="GERMANY"/>
<dc element="dc.source" value="Reuters"/>
</metadata>
</newsitem>
