<?xml version="1.0" encoding="iso-8859-1" ?>
<newsitem itemid="764951" id="root" date="1997-07-30" xml:lang="en">
<title>AUSTRALIA: Australia's central bank cuts rates.</title>
<headline>Australia's central bank cuts rates.</headline>
<dateline>SYDNEY 1997-07-30</dateline>
<text>
<p>The Reserve Bank of Australia on Wednesday cut official interest rates for the fifth time in a year, trimming 0.5 percentage points off cash rates to 5.0 percent, citing low inflation and room for faster growth.</p>
<p>&quot;This change, like the four previous reductions in interest rates over the past year, is based on the improving picture for Australia's medium-term inflation performance, which opens up scope for faster growth and employment,&quot; the Reserve Bank of Australia (RBA) said.</p>
<p>Economists welcomed the rate cut, which they said was expected, but added that the timing had surprised the market because a reduction had been tipped for next week.</p>
<p>&quot;The only oddity in the whole thing was the timing,&quot; said Michael Blythe, senior economist of the Commonwealth Bank.</p>
<p>&quot;Just about everybody has been expecting a rate cut in the very short term, and the RBA has come through. Certainly, with inflation dead in the water and unemployment still high, there seems to be no reason not to cut rates,&quot; Blythe said.</p>
<p>In fact, some economists said the bank's bullish reasoning for its fifth rate cut may even suggest it believes there is room for a further reduction in interest rates.</p>
<p>&quot;There might be some attempt to price in another rate cut,&quot; said Chris Caton, chief economist at Bankers Trust.</p>
<p>Tony Meer, an economist at Deutsche Morgan Grenfell, said the bank's comment that the economy had room to grow in the next two to three years without threatening inflation was significant.</p>
<p>&quot;It suggests the bank sees enough room for yet another easing, if not two,&quot; Meer said.</p>
<p>Official cash rates were 7.5 percent a year ago.</p>
<p>In a two-page statement announcing the cut, the bank said that in the year to June, the underlying rate of inflation was 1.7 percent and that it expected underlying inflation to stay below two percent into 1998.</p>
<p>It also said that economic growth in 1997 had been picking up, but that it remained moderate. Economic growth was an annual 2.4 percent in the March quarter.</p>
<p>&quot;The crucial test for monetary policy is to have the setting that will best contribute to low inflation and economic growth in the long run,&quot; the bank said.</p>
<p>&quot;Monetary policy cannot fine-tune the cycle or manufacture sustained high rates of real growth...however, monetary policy should not stand in the way of a period of stronger growth that can be accommodated without breaching the inflation objective.&quot;</p>
<p>The bank said that although earlier rate cuts were still &quot;working their way through the economy&quot;, it believed the latest reduction would not fuel inflation.</p>
<p>&quot;The balance of risks at this time is such as to favour this further easing of monetary policy,&quot; the bank said.</p>
</text>
<copyright>(c) Reuters Limited 1997</copyright>
<metadata>
<codes class="bip:countries:1.0">
  <code code="AUSTR">
    <editdetail attribution="Reuters BIP Coding Group" action="confirmed" date="1997-07-30"/>
  </code>
</codes>
<codes class="bip:topics:1.0">
  <code code="E12">
    <editdetail attribution="Reuters BIP Coding Group" action="confirmed" date="1997-07-30"/>
  </code>
  <code code="E131">
    <editdetail attribution="Reuters BIP Coding Group" action="confirmed" date="1997-07-30"/>
  </code>
</codes>
<dc element="dc.date.created" value="1997-07-30"/>
<dc element="dc.publisher" value="Reuters Holdings Plc"/>
<dc element="dc.date.published" value="1997-07-30"/>
<dc element="dc.source" value="Reuters"/>
<dc element="dc.creator.location" value="SYDNEY"/>
<dc element="dc.creator.location.country.name" value="AUSTRALIA"/>
<dc element="dc.source" value="Reuters"/>
</metadata>
</newsitem>
