<?xml version="1.0" encoding="iso-8859-1" ?>
<newsitem itemid="764942" id="root" date="1997-07-30" xml:lang="en">
<title>YUGOSLAVIA: Yugoslavia to resume talks with London Club - agency.</title>
<headline>Yugoslavia to resume talks with London Club - agency.</headline>
<dateline>BELGRADE 1997-07-30</dateline>
<text>
<p>Talks with the London Club of creditor banks on re-scheduling Yugoslavia's debts will resume in Belgrade on Wednesday, the Yugoslav government said.</p>
<p>The Yugoslav proposal for the rescheduling of debts is based on the Yugoslav economy's realistic possibilities of fulfilling its obligations towards its creditors, the government said in a statement quoted by Tanjug news agency.</p>
<p>&quot;Additional information requested by commercial banks' representatives about the sources and dynamics of the inflow and outflow of funds to and from the Yugoslav econony as the basis for the rescheduling of obligations will be reviewed at the talks,&quot; the government said.</p>
<p>Yugoslavia asked in mid-June for a writeoff of 80 per cent of its outstanding $2.4 billion debt, and restructuring the remaining $481 million through a 25-year syndicated loan facility.</p>
<p>Talks held in London on June 24 ended without result, and analysts said the proposal was likely to be rejected.</p>
</text>
<copyright>(c) Reuters Limited 1997</copyright>
<metadata>
<codes class="bip:countries:1.0">
  <code code="UK">
    <editdetail attribution="Reuters BIP Coding Group" action="confirmed" date="1997-07-30"/>
  </code>
  <code code="YUG">
    <editdetail attribution="Reuters BIP Coding Group" action="confirmed" date="1997-07-30"/>
  </code>
</codes>
<codes class="bip:topics:1.0">
  <code code="E12">
    <editdetail attribution="Reuters BIP Coding Group" action="confirmed" date="1997-07-30"/>
  </code>
  <code code="E21">
    <editdetail attribution="Reuters BIP Coding Group" action="confirmed" date="1997-07-30"/>
  </code>
  <code code="E212">
    <editdetail attribution="Reuters BIP Coding Group" action="confirmed" date="1997-07-30"/>
  </code>
  <code code="ECAT">
    <editdetail attribution="Reuters BIP Coding Group" action="confirmed" date="1997-07-30"/>
  </code>
</codes>
<dc element="dc.date.created" value="1997-07-30"/>
<dc element="dc.publisher" value="Reuters Holdings Plc"/>
<dc element="dc.date.published" value="1997-07-30"/>
<dc element="dc.source" value="Reuters"/>
<dc element="dc.creator.location" value="BELGRADE"/>
<dc element="dc.creator.location.country.name" value="YUGOSLAVIA"/>
<dc element="dc.source" value="Reuters"/>
</metadata>
</newsitem>
