<?xml version="1.0" encoding="iso-8859-1" ?>
<newsitem itemid="764993" id="root" date="1997-07-30" xml:lang="en">
<title>NORWAY: Oslo bourse hits new high but market seen fragile.</title>
<headline>Oslo bourse hits new high but market seen fragile.</headline>
<dateline>OSLO 1997-07-30</dateline>
<text>
<p>Norwegian stocks traded to a new all-time high on Wednesday led by new records on other European bourses, but dealers said the market was in a delicate balance.</p>
<p>&quot;We move up if Wall Street and Europe go up, but the market in Norway is fragile, partly because we've made such big gains in the last year but also because of worries over the economy and inflation,&quot; said one dealer. &quot;Small negative news will have much more of an impact that positive news.&quot;</p>
<p>Oslo's Total share index climbed 1.1 percent to close at 1.278.51 points in relatively healthy turnover of 986 million crowns.</p>
<p>Dealers said sentiment for offshore stocks remained positive, with prices rising in relatively active trade.</p>
<p>Procon Offshore, recently spun off from Transocean Offshore, advanced 3.5 percent to 74.50 crowns in turnover of 37 million crowns, while Hydralift gained 7.6 percent to 240 crowns.</p>
<p>Of the blue chips, oil company Saga climbed 3.45 percent to 150 crowns on expectations of successful drilling results in Norwegian waters, and drugs company Nycomed attracted overseas buying on rumours of a new analyst report. Nycomed closed two percent up at 148 crowns.</p>
</text>
<copyright>(c) Reuters Limited 1997</copyright>
<metadata>
<codes class="bip:countries:1.0">
  <code code="NORW">
    <editdetail attribution="Reuters BIP Coding Group" action="confirmed" date="1997-07-30"/>
  </code>
</codes>
<codes class="bip:topics:1.0">
  <code code="M11">
    <editdetail attribution="Reuters BIP Coding Group" action="confirmed" date="1997-07-30"/>
  </code>
</codes>
<dc element="dc.date.created" value="1997-07-30"/>
<dc element="dc.publisher" value="Reuters Holdings Plc"/>
<dc element="dc.date.published" value="1997-07-30"/>
<dc element="dc.source" value="Reuters"/>
<dc element="dc.creator.location" value="OSLO"/>
<dc element="dc.creator.location.country.name" value="NORWAY"/>
<dc element="dc.source" value="Reuters"/>
</metadata>
</newsitem>
