<?xml version="1.0" encoding="iso-8859-1" ?>
<newsitem itemid="764943" id="root" date="1997-07-30" xml:lang="en">
<title>RUSSIA: Controversy dogs Russian privatisation.</title>
<headline>Controversy dogs Russian privatisation.</headline>
<byline>Jonathan Lynn</byline>
<dateline>MOSCOW 1997-07-30</dateline>
<text>
<p>Even Russia's stolid prime minister, Viktor Chernomyrdin, concedes that Russia's privatisation programme -- arguably the world's biggest peacetime transfer of property -- is not all it could be.</p>
<p>&quot;We need reliable rules of the game,&quot; he said last week. &quot;Because so far almost every auction causes a scandal.&quot;</p>
<p>The biggest scandal of them all broke just one day later, ironically over the one sale billed as open and fair.</p>
<p>The government's announcement last Friday that a Russian and foreign financial consortium had won a tender for one quarter of telecoms holding company Svyazinvest with a bid of $1.875 billion -- far higher than expected -- prompted a furious row in the Russian media controlled by the various bidders.</p>
<p>Allegations of graft and other wrongdoings have flown and First Deputy Prime Minister Boris Nemtsov -- until now the golden boy of reforms -- was branded &quot;a cockroach&quot;.</p>
<p>Controversy is also swirling around the current privatisation of a controlling stake in Norilsk Nickel , one of the world's biggest producers of non-ferrous and precious metals, and the planned sale of most of Rosneft, the last big Russian oil group to go on the block.</p>
<p>Other sales, from oil to insurance, have ended up in the courts, or with the threat of litigation hanging over them.</p>
<p>The winning Svyazinvest consortium includes billionaire financier George Soros and Deutsche Morgan Grenfell (DMG), the London-based investment banking arm of Germany's mighty Deutsche Bank AG , and is built around Uneximbank, Russia's third biggest.</p>
<p>The fact that the result prompted such an outcry does suggest a real contest took place.</p>
<p>Nick Jordan, head of DMG in Moscow, said the bank was proud to have taken part in the Svyazinvest sale, Russia's biggest, and, he argues, most open privatisation so far.</p>
<p>&quot;We believe that we participated in the first transparent auction,&quot; he said.</p>
<p>ROW BREWING OVER NORILSK</p>
<p>Another almighty row is already brewing over the sale of a controlling stake in Norilsk Nickel.</p>
<p>The state stake is currently managed by Uneximbank, which is organising the auction and widely expected to win it as well.</p>
<p>Uneximbank says foreigners cannot take part, which would rule out Trans-World Group, the London commodities firm which has already invested heavily in the Russian metals sector.</p>
<p>But government officials say the terms of the sale do not necessarily rule out a foreign bid.</p>
<p>Bids for the tender close on Friday (August 1), but on Tuesday, amid continuing uncertainty about who could take part, Norilsk dropped a bombshell by announcing it was doubling its capital through a rights issue priced at 30,000 roubles a share -- less than half the current market price.</p>
<p>The share price immediately dropped 17 percent, but bounced back on Wednesday on speculation that any dilution from the issue would be restrained by Uneximbank's need to buy up as many shares as possible to retain its stake.</p>
<p>Moscow investment house CentreInvest Securities said in a research note that a fall in the share price before the auction might even be welcomed by Uneximbank.</p>
<p>But whether in the interests of Uneximbank or not, many analysts say the move will strengthen Norilsk's balance sheet, and help it pay off its huge debts.</p>
<p>ROSNEFT SALE SPARKS DEBATE</p>
<p>A bitter debate about the privatisation of oil group Rosneft has led to the departure of several senior executives and a stand-off between the chief executive and chairman.</p>
<p>They now seem agreed on a plan to sell about 97 percent of the company, raising roughly $1 billion and possibly lifting the rule banning foreigners from owning more than 15 percent of oil and other strategic companies.</p>
<p>Potential bidders include Soros, Uneximbank, Russian tycoon-turned-politician Boris Berezovsky, whose group controls the Sibneft oil group, and Russia's biggest oil company LUKoil .</p>
<p>Uneximbank, whose 36-year-old president Vladimir Potanin had a brief stint as first deputy prime minister until March, has done particularly well out of Russian privatisation.</p>
<p>Under the controversial loans-for-shares programme, in which banks gave credits to the government in exchange for the right to manage state shares in partly privatised companies, Uneximbank acquired control of SIDANKO, Russia's fifth or sixth biggest oil company. It now owns most of the company.</p>
<p>SIDANKO has been challenging Rosneft in the courts for years, and mostly unsuccessfully, for the right to own the Purneftegaz oil producer.</p>
<p>PRIVATISATION CONTROVERSIAL FROM START</p>
<p>In many cases the winners of the right to manage shares, and subsequently to own them, were close to the banks organising the auctions for the government. And in many cases prices far below the likely true value of the company were paid.</p>
<p>Privatisation became so unpopular that President Boris Yeltsin sacked his economic reform chief Anatoly Chubais, who had masterminded the programme, before last year's election.</p>
<p>The whole process was giving the impression of a carve-up of assets among a small group of well-connected banks and businessmen.</p>
<p>But some of those bankers and businessmen got together early last year to use their funds and the media they control to help re-elect Yeltsin. They brought Chubais, a brilliant administrator and strategist, in to run the election campaign.</p>
<p>Since March, Chubais has been back running economic policy as a fellow first deputy prime minister with Nemtsov.</p>
<p>But the struggle for assets soon shattered the unity of the bankers and businessmen.</p>
<p>Uneximbank's bid for Sibneft, Russia's seventh biggest oil group, was rejected in May, and it has said it will take the matter to court. Berezovsky, who controls Sibneft, was close to the losing consortium bidding for Svyazinvest.</p>
<p>And the bitterness of the row about Svyazinvest in media close to Berezovsky, who says he suspended his business interests when Yeltsin appointed him to the Kremlin Security Council last December, and others in the losing consortium suggests they felt the government changed the rules mid-game.</p>
<p>The Svyazinvest auction was the first to produce a winning bid substantially above the reserve price -- in this case $1.18 billion. This indicates that the government, struggling to pay off billions of dollars of back wages and fund major reforms, had simply gone for the highest bidder, instead of letting the banks take their turn.</p>
<p>The government, dismayed at seeing some of its most influential backers now in opposition, is trying to calm down the disappointed bankers.</p>
<p>&quot;Privatisation does not end with this deal,&quot; said Chubais on Wednesday, talking of the Syvazinvest sale. In 1997 &quot;we will have several major privatisation projects including most profitable objects of the oil industry.&quot;</p>
</text>
<copyright>(c) Reuters Limited 1997</copyright>
<metadata>
<codes class="bip:countries:1.0">
  <code code="RUSS">
    <editdetail attribution="Reuters BIP Coding Group" action="confirmed" date="1997-07-30"/>
  </code>
</codes>
<codes class="bip:topics:1.0">
  <code code="C183">
    <editdetail attribution="Reuters BIP Coding Group" action="confirmed" date="1997-07-30"/>
  </code>
</codes>
<dc element="dc.date.created" value="1997-07-30"/>
<dc element="dc.publisher" value="Reuters Holdings Plc"/>
<dc element="dc.date.published" value="1997-07-30"/>
<dc element="dc.source" value="Reuters"/>
<dc element="dc.creator.location" value="MOSCOW"/>
<dc element="dc.creator.location.country.name" value="RUSSIA"/>
<dc element="dc.source" value="Reuters"/>
</metadata>
</newsitem>
