<?xml version="1.0" encoding="iso-8859-1" ?>
<newsitem itemid="764999" id="root" date="1997-07-30" xml:lang="en">
<title>BELGIUM: Boeing merger clears final EU hurdle.</title>
<headline>Boeing merger clears final EU hurdle.</headline>
<byline>Fredrik Dahl</byline>
<dateline>BRUSSELS, Belgium</dateline>
<text>
<p>The European Commission, formally ending a five-month antitrust probe that brought Europe and the United States to the brink of a trade war, formally approved Wednesday Boeing Co.'s $16 billion acquisition of McDonnell Douglas Corp.</p>
<p>The decision by the Commission, the 15-nation European Union's executive body, was regarded as a formality after Boeing agreed last week to last-minute concessions that addressed EU concerns about the merger's impact on the civil aviation market.</p>
<p>EU national competition experts gave their blessing on Friday to the deal, which will form the world's largest aerospace company, expected to generate $49 billion in revenue this year.</p>
<p>&quot;There was no vote. There was no discussion,&quot; an EU source said, referring to the meeting of the 20 European commissioners.</p>
<p>The Commission issued a statement declaring the merger compatible with the EU's common market, subject to Boeing's full compliance with the commitments it made.</p>
<p>&quot;The EU merger regulation allows for appropriate measures to be taken by the Commission in the event of non-compliance by Boeing,&quot; the statement added.</p>
<p>To win EU approval, the Seattle-based aerospace giant pledged not to enforce exclusivity provisions in controversial long-term supply contracts with AMR Corp.'s American Airlines, Continental Airlines Inc. and Delta Air Lines Inc.</p>
<p>It also agreed not to strike any new supply contracts with airlines before August 2007, to keep McDonnell Douglas' commercial aircraft unit in a separate entity for 10 years and to license patents to other aircraft makers.</p>
<p>&quot;These commitments are considered adequate to resolve the identified competition problems,&quot; the Commission said. It had earlier threatened to block the merger, saying it would strengthen Boeing's already dominant market position.</p>
<p>As a result of the merger, Boeing's share of the commercial jet market will increase to 70 percent from its current level of 64 percent, leaving only the European consortium Airbus Industrie in a position to compete.</p>
<p>The merger, which was announced in December and approved by the two companies' shareholders last Friday, also allows Boeing to reduce its dependence on the commercial aviation sector, as McDonnell Douglas mainly makes military aircraft.</p>
<p>The U.S. Federal Trade Commission unconditionally cleared the merger July 1.</p>
</text>
<copyright>(c) Reuters Limited 1997</copyright>
<metadata>
<codes class="bip:countries:1.0">
  <code code="EEC">
    <editdetail attribution="Reuters BIP Coding Group" action="confirmed" date="1997-07-30"/>
  </code>
  <code code="USA">
    <editdetail attribution="Reuters BIP Coding Group" action="confirmed" date="1997-07-30"/>
  </code>
</codes>
<codes class="bip:topics:1.0">
  <code code="C181">
    <editdetail attribution="Reuters BIP Coding Group" action="confirmed" date="1997-07-30"/>
  </code>
  <code code="C34">
    <editdetail attribution="Reuters BIP Coding Group" action="confirmed" date="1997-07-30"/>
  </code>
  <code code="G152">
    <editdetail attribution="Reuters BIP Coding Group" action="confirmed" date="1997-07-30"/>
  </code>
  <code code="G155">
    <editdetail attribution="Reuters BIP Coding Group" action="confirmed" date="1997-07-30"/>
  </code>
  <code code="G157">
    <editdetail attribution="Reuters BIP Coding Group" action="confirmed" date="1997-07-30"/>
  </code>
  <code code="GVIO">
    <editdetail attribution="Reuters BIP Coding Group" action="confirmed" date="1997-07-30"/>
  </code>
</codes>
<dc element="dc.publisher" value="Reuters Holdings Plc"/>
<dc element="dc.date.published" value="1997-07-30"/>
<dc element="dc.source" value="Reuters"/>
<dc element="dc.creator.location" value="BRUSSELS, Belgium"/>
<dc element="dc.creator.location.country.name" value="BELGIUM"/>
<dc element="dc.source" value="Reuters"/>
</metadata>
</newsitem>
