<?xml version="1.0" encoding="iso-8859-1" ?>
<newsitem itemid="764912" id="root" date="1997-07-30" xml:lang="en">
<title>USA: House passes U.S. balanced budget legislation.</title>
<headline>House passes U.S. balanced budget legislation.</headline>
<byline>Sue Kirchhoff</byline>
<dateline>WASHINGTON 1997-07-30</dateline>
<text>
<p>The U.S. House of Representatives passed a balanced budget bill on Wednesday that jubilant supporters claimed would break Washington's long habit of deficit spending and give an extra boost to an already booming economy.</p>
<p>Just a day after President Bill Clinton and congressional leaders with much pomp formally announced a five-year budget agreement, House Republican leaders pushed the measure to the floor where it passed by an overwhelming 346-85 margin.</p>
<p>Passage was especially sweet for Republican leaders, who made deficit reduction and tax cuts a top priority.</p>
<p>&quot;(This) represents the dawning of a new era. It's an era where we recognise the limits of government and begin one more time to count on ... the innovation, the creativity and the pure energy of the American people,&quot; said House Budget Committee Chairman John Kasich, an Ohio Republican.</p>
<p>Thirty-two Republicans voted against the bill joined by 53 Democrats, including House Minority Leader Dick Gephardt.</p>
<p>Democratic opponents complained voters had been sold a flawed package. They praised a $24 billion children's health initiative, but charged Medicare and Medicaid faced deep cuts to pay for tax cuts that would mainly benefit the rich.</p>
<p>&quot;We've got a lousy bill. We'd have been better if we stayed home,&quot; said California Democratic Representative Pete Stark.</p>
<p>Pointing out that the budget is already moving toward balance, some economists worry the tax cuts will increase the deficit but do little to help an already charged-up economy.</p>
<p>The Senate also began debating the spending measure on Wednesday, as leaders rushed to clear it by week's end along with a companion bill cutting taxes by a net $94 billion.</p>
<p>White House officials and top lawmakers huddled until the early hours to flesh out details of the budget bill and did not agree to a final tax measure on Wednesday afternoon.</p>
<p>Despite grandiose rhetoric, the measure approved by the House would not by itself balance the budget by 2002. It cuts spending by about $130 billion over five years, with the bulk of reductions coming from Medicare.</p>
<p>It further directs Congress to find roughly $140 billion more in spending trims over that time period, but does not specify where the reductions should come from.</p>
<p>Critics charged future Congresses would never muster the political will to cut veterans, education, nutrition and other sensitive programmes, making the bill an empty promise.</p>
<p>&quot;This is an Alice in Wonderland budget process. We're going to get to the balanced budget first by increasing the deficit with retroactive tax cuts,&quot; said Oregon Democrat Peter DeFazio. &quot;Maybe later ... (spending) cuts will go into place.&quot;</p>
<p>Supporters called the measure an important step, but only a first step, toward curbing the growth of government.</p>
<p>&quot;You have to give President Clinton some credit, he's rejected the left wing of his party,&quot; said House Republican Whip Tom DeLay of Texas. &quot;This budget is not the end of the line, it's simply another landmark on the road to fiscal responsibilty. Next year is another budget and more tax cuts.&quot;</p>
<p>The legislation reduces Medicare by about $115 billion over five years, largely by cutting payments to hospitals, managed care and other health providers.</p>
<p>Beneficiaries would see monthly premiums rise from $43.80 this year to $67 in 2002. They would have an expanded menu of preventive benefits and more insurance choices -- including tax-free medical savings accounts opposed by the White House.</p>
<p>Lawmakers delivered a new $24 billion programme of grants for states to expand health care to the nation's 10 million uninsured children. The programme would be funded partly through a 15 cents-per-pack cigarette tax rise.</p>
<p>The Congressional Budget Office estimates the plan will provide coverage to about two million previously uncovered children.</p>
<p>The White House won welfare spending, restoring aid to hundreds of thousands of legal immigrants, creating a $3 billion welfare-to-work programme and easing Food Stamp cuts.</p>
<p>Medicaid insurance for the poor, elderly and disabled would fall by more than $13 billion. Most of the savings come from trimming aid to hospitals serving indigent patients.</p>
<p>The measure includes reductions in nutrition and education programmes and calls on regulators to auction off part of the public broadcast spectrum, raising $21 billion.</p>
<p>The White House won spending initiatives, while Republicans got major tax cuts. Kasich played down Clinton victories, saying Republicans &quot;allowed the president to shape part of the paackage. We allowed him to decorate a couple of the rooms.&quot;</p>
</text>
<copyright>(c) Reuters Limited 1997</copyright>
<metadata>
<codes class="bip:countries:1.0">
  <code code="USA">
    <editdetail attribution="Reuters BIP Coding Group" action="confirmed" date="1997-07-30"/>
  </code>
</codes>
<codes class="bip:topics:1.0">
  <code code="E21">
    <editdetail attribution="Reuters BIP Coding Group" action="confirmed" date="1997-07-30"/>
  </code>
  <code code="E211">
    <editdetail attribution="Reuters BIP Coding Group" action="confirmed" date="1997-07-30"/>
  </code>
  <code code="ECAT">
    <editdetail attribution="Reuters BIP Coding Group" action="confirmed" date="1997-07-30"/>
  </code>
  <code code="GCAT">
    <editdetail attribution="Reuters BIP Coding Group" action="confirmed" date="1997-07-30"/>
  </code>
  <code code="GPOL">
    <editdetail attribution="Reuters BIP Coding Group" action="confirmed" date="1997-07-30"/>
  </code>
</codes>
<dc element="dc.date.created" value="1997-07-30"/>
<dc element="dc.publisher" value="Reuters Holdings Plc"/>
<dc element="dc.date.published" value="1997-07-30"/>
<dc element="dc.source" value="Reuters"/>
<dc element="dc.creator.location" value="WASHINGTON"/>
<dc element="dc.creator.location.country.name" value="USA"/>
<dc element="dc.source" value="Reuters"/>
</metadata>
</newsitem>
