<?xml version="1.0" encoding="iso-8859-1" ?>
<newsitem itemid="764958" id="root" date="1997-07-30" xml:lang="en">
<title>USA: Levi's launches &quot;dream-logic&quot; brand image campaign.</title>
<headline>Levi's launches &quot;dream-logic&quot; brand image campaign.</headline>
<dateline>NEW YORK 1997-07-30</dateline>
<text>
<p>Jean maker Levi Strauss &amp; Co. on Wednesday unveiled an ambitious advertising campaign featuring television spots that it says aim squarely at the &quot;originality and youthfulness&quot; of the target 18- to 22-year-old consumer.</p>
<p>The commercials, which being Monday, are heavy on imagery light on use of the company name.</p>
<p>They were created by ad agency Foote Cone &amp; Belding of San Francisco, a unit of True North Communications.</p>
<p>San Francisco-based Levi's, which holds the dominant position in the $8.7 billion jeans industry, is battling competition from designer jeans and private label brands.</p>
<p>Spending levels for the new campaign were not disclosed, but Levi's said the campaign was the largest in the brand's history. A published report estimated the campaign at $90 million, but marketing manager Brad Williams said that figure was too high. Levi Strauss spent $86 million to advertise the Levi's brand last year, according to Competitive Media Reporting, which tracks ad spending.</p>
<p>Each of the four spots previewed Wednesday for reporters showed men, women and children of various ages and races in story lines that cut abruptly from one to another.</p>
<p>In what the company described as a &quot;dream-logic narrative approach,&quot; the commercials have no discernible beginning or ending but are linked in that the last scene in one spot becomes the first scene in another.</p>
<p>Although there are quick shots of Levis jeans throughout the spots, the name does not appear until the end, with the line &quot;They Go On.&quot;</p>
<p>&quot;These commercials celebrate the Levi's brand and its core values of originality and youthfulness,&quot; said Mark Hogan, Levi's consumer marketing director.</p>
<p>Three of the four television spots already produced are 60 seconds long. A fourth spot of 90 seconds is scheduled to be shown at some 2,000 movie theatres this weekend.</p>
<p>The print and outdoor advertising part of the campaign begins in October. Bound inserts will appear in such magazines as Sports Illustrated, Rolling Stone and others.</p>
</text>
<copyright>(c) Reuters Limited 1997</copyright>
<metadata>
<codes class="bip:countries:1.0">
  <code code="USA">
    <editdetail attribution="Reuters BIP Coding Group" action="confirmed" date="1997-07-30"/>
  </code>
</codes>
<codes class="bip:industries:1.0">
  <code code="I45300">
    <editdetail attribution="Reuters BIP Coding Group" action="confirmed" date="1997-07-30"/>
  </code>
  <code code="I83800">
    <editdetail attribution="Reuters BIP Coding Group" action="confirmed" date="1997-07-30"/>
  </code>
</codes>
<codes class="bip:topics:1.0">
  <code code="C21">
    <editdetail attribution="Reuters BIP Coding Group" action="confirmed" date="1997-07-30"/>
  </code>
  <code code="C32">
    <editdetail attribution="Reuters BIP Coding Group" action="confirmed" date="1997-07-30"/>
  </code>
  <code code="CCAT">
    <editdetail attribution="Reuters BIP Coding Group" action="confirmed" date="1997-07-30"/>
  </code>
</codes>
<dc element="dc.date.created" value="1997-07-30"/>
<dc element="dc.publisher" value="Reuters Holdings Plc"/>
<dc element="dc.date.published" value="1997-07-30"/>
<dc element="dc.source" value="Reuters"/>
<dc element="dc.creator.location" value="NEW YORK"/>
<dc element="dc.creator.location.country.name" value="USA"/>
<dc element="dc.source" value="Reuters"/>
</metadata>
</newsitem>
