<?xml version="1.0" encoding="iso-8859-1" ?>
<newsitem itemid="764982" id="root" date="1997-07-30" xml:lang="en">
<title>USA: Sales of new homes up in June, inventories low.</title>
<headline>Sales of new homes up in June, inventories low.</headline>
<dateline>WASHINGTON 1997-07-30</dateline>
<text>
<p>New-home sales strengthened in June, the Commerce Department said on Wednesday, though from a weaker pace in the three prior months than previously thought.</p>
<p>Sales rose 6.1 percent in June to a seasonally adjusted annual rate of 819,000 units after a revised 1 percent rise to 772,000 in May. Previously, the department said May sales had jumped 7.1 percent to a much higher rate of 825,000.</p>
</text>
<copyright>(c) Reuters Limited 1997</copyright>
<metadata>
<codes class="bip:countries:1.0">
  <code code="USA">
    <editdetail attribution="Reuters BIP Coding Group" action="confirmed" date="1997-07-30"/>
  </code>
</codes>
<codes class="bip:topics:1.0">
  <code code="C31">
    <editdetail attribution="Reuters BIP Coding Group" action="confirmed" date="1997-07-30"/>
  </code>
  <code code="E313">
    <editdetail attribution="Reuters BIP Coding Group" action="confirmed" date="1997-07-30"/>
  </code>
  <code code="E61">
    <editdetail attribution="Reuters BIP Coding Group" action="confirmed" date="1997-07-30"/>
  </code>
</codes>
<dc element="dc.date.created" value="1997-07-30"/>
<dc element="dc.publisher" value="Reuters Holdings Plc"/>
<dc element="dc.date.published" value="1997-07-30"/>
<dc element="dc.source" value="Reuters"/>
<dc element="dc.creator.location" value="WASHINGTON"/>
<dc element="dc.creator.location.country.name" value="USA"/>
<dc element="dc.source" value="Reuters"/>
</metadata>
</newsitem>
