<?xml version="1.0" encoding="iso-8859-1" ?>
<newsitem itemid="764988" id="root" date="1997-07-30" xml:lang="en">
<title>GERMANY: Van Miert criticises Deutsche Telekom.</title>
<headline>Van Miert criticises Deutsche Telekom.</headline>
<dateline>BONN 1997-07-30</dateline>
<text>
<p>European competition commissioner Karel van Miert was quoted in a German newspaper on Wednesday as criticising the prices Deutsche Telekom plans to charge rivals for using its telecommunications network.</p>
<p>Competitors have complained Telekom is demanding too much for access to its network after the German telecommunications market is opened up from January next year.</p>
<p>The privatised giant has insisted that its charges must be high to take account of the huge costs it has incurred by building a state-of-the art network in Germany's &quot;new states&quot; -- the former communist east of the country.</p>
<p>&quot;The charges Telekom is demanding from competitors are far too high, even when you take account of Telekom's special situation because of investments in the new states,&quot; the Die Welt daily quoted Van Miert as saying in an early edition of Thursday's paper.</p>
<p>It said the commissioner was concerned the prices demanded by Telekom could &quot;kill competition from the start.&quot; Van Miert said the company's policy was creating &quot;substantial problems.&quot;</p>
<p>Van Miert also said the commission was still studying expert opinions about whether Telekom should be forced to divest its cable television network.</p>
<p>Some rivals and politicians have demanded the company take this step to encourage competition.</p>
<p>Van Miert did not say what decision he might reach. But the paper quoted him as saying: &quot;I can hardly imagine that things will stay as they are just now.&quot;</p>
</text>
<copyright>(c) Reuters Limited 1997</copyright>
<metadata>
<codes class="bip:countries:1.0">
  <code code="EEC">
    <editdetail attribution="Reuters BIP Coding Group" action="confirmed" date="1997-07-30"/>
  </code>
  <code code="GFR">
    <editdetail attribution="Reuters BIP Coding Group" action="confirmed" date="1997-07-30"/>
  </code>
</codes>
<codes class="bip:industries:1.0">
  <code code="I79020">
    <editdetail attribution="Reuters BIP Coding Group" action="confirmed" date="1997-07-30"/>
  </code>
</codes>
<codes class="bip:topics:1.0">
  <code code="C13">
    <editdetail attribution="Reuters BIP Coding Group" action="confirmed" date="1997-07-30"/>
  </code>
  <code code="C31">
    <editdetail attribution="Reuters BIP Coding Group" action="confirmed" date="1997-07-30"/>
  </code>
  <code code="C34">
    <editdetail attribution="Reuters BIP Coding Group" action="confirmed" date="1997-07-30"/>
  </code>
  <code code="CCAT">
    <editdetail attribution="Reuters BIP Coding Group" action="confirmed" date="1997-07-30"/>
  </code>
  <code code="G15">
    <editdetail attribution="Reuters BIP Coding Group" action="confirmed" date="1997-07-30"/>
  </code>
  <code code="G157">
    <editdetail attribution="Reuters BIP Coding Group" action="confirmed" date="1997-07-30"/>
  </code>
  <code code="GCAT">
    <editdetail attribution="Reuters BIP Coding Group" action="confirmed" date="1997-07-30"/>
  </code>
</codes>
<dc element="dc.date.created" value="1997-07-30"/>
<dc element="dc.publisher" value="Reuters Holdings Plc"/>
<dc element="dc.date.published" value="1997-07-30"/>
<dc element="dc.source" value="Reuters"/>
<dc element="dc.creator.location" value="BONN"/>
<dc element="dc.creator.location.country.name" value="GERMANY"/>
<dc element="dc.source" value="Reuters"/>
</metadata>
</newsitem>
