<?xml version="1.0" encoding="iso-8859-1" ?>
<newsitem itemid="764967" id="root" date="1997-07-30" xml:lang="en">
<title>USA: NYSEG board rejects CalEnergy offer.</title>
<headline>NYSEG board rejects CalEnergy offer.</headline>
<dateline>BINGHAMTON, N.Y. 1997-07-30</dateline>
<text>
<p>New York State Electric &amp; Gas Corp. on Wednesday rejected CalEnergy Co. Inc.'s unsolicited tender offer to purchase NYSEG common stock for about $160 million, bringing its total ownership to 9.9 percent.</p>
<p>CalEnergy, based in Omaha, Neb., offered to buy about 6.5 million shares of stock for $24.50 per share in cash. Added to the shares CalEnergy already owns, the purchase would give CalEnergy 9.9 percent of NYSEG.</p>
<p>NYSEG said the board also rejected CalEnergy's proposal to begin negotiations on the acquisition of all of NYSEG at $27.50 per share, for a total of about $1.9 billion. The Binghamton, N.Y.-based utility said the purchase was not in the best interests of the company or its shareholders, customers and employees.</p>
<p>CalEnergy said it remained committed to its plan to acquire NYSEG.</p>
<p>&quot;We intend to pursue this transaction in spite of the board's decision, complete our 9.9 percent tender offer and move forward aggressively on our NYSEG acquisition plan,&quot; CalEnergy Chairman David Sokol said in a statement.</p>
<p>CalEnergy last December acquired Britain's Northern Electric Plc for $1.3 billion with the support of a slim majority of the British utility's shareholders.</p>
<p>CalEnergy currently operates 19 generating facilities and supplies and distributes electricity.</p>
<p>NYSEG said the $27.50-per-share offer that CalEnergy said it was willing to pay for the entire company was inadequate.</p>
<p>CalEnergy stock fell 19 cents to $40.44 and NYSEG rose 6 cents to $25.25, both in consolidated trading on the New York Stock Exchange.</p>
</text>
<copyright>(c) Reuters Limited 1997</copyright>
<metadata>
<codes class="bip:countries:1.0">
  <code code="USA">
    <editdetail attribution="Reuters BIP Coding Group" action="confirmed" date="1997-07-30"/>
  </code>
</codes>
<codes class="bip:topics:1.0">
  <code code="C181">
    <editdetail attribution="Reuters BIP Coding Group" action="confirmed" date="1997-07-30"/>
  </code>
</codes>
<dc element="dc.date.created" value="1997-07-30"/>
<dc element="dc.publisher" value="Reuters Holdings Plc"/>
<dc element="dc.date.published" value="1997-07-30"/>
<dc element="dc.source" value="Reuters"/>
<dc element="dc.creator.location" value="BINGHAMTON, N.Y."/>
<dc element="dc.creator.location.country.name" value="USA"/>
<dc element="dc.source" value="Reuters"/>
</metadata>
</newsitem>
