<?xml version="1.0" encoding="iso-8859-1" ?>
<newsitem itemid="764937" id="root" date="1997-07-30" xml:lang="en">
<title>CANADA: Shell Canada pumps out record profits.</title>
<headline>Shell Canada pumps out record profits.</headline>
<dateline>CALGARY, Alberta 1997-07-30</dateline>
<text>
<p>Shell Canada Ltd. , the Canadian integrated oil arm of Royal Dutch/Shell Group, said on Wednesday that strong refining margins and cost reductions fuelled record first-half profits.</p>
<p>Shell Canada said its higher earnings, which came after the sale of its chemicals division late last year, resulted from stellar performances in exploration and production as well as refining and marketing operations.</p>
<p>Second-quarter earnings rose to C$111 million ($81 million),or C33 cents (24 cents) a share, from C$82 million ($62 million), or C24 cents (18 cents), a share last year. Second-quarter 1996 earnings excluding the divested chemical business were C$70 million ($51 million), Shell Canada said.</p>
<p>Revenues in the second quarter were C$1.3 billion ($949 million), up from C$1.2 billion ($876 million) last year.    Earnings for the firrst</p>
<p>half rose to C$263 million ($192 million), or C78 cents (57 cents) a share, from year-earlier C$180 million ($131 million), or C53 cents (39 cents) a share.</p>
<p>First-half revenues rose to C$2.6 billion ($1.9 billion) from C$2.4 billion ($1.8 billion) in 1996.</p>
<p>Results were restated to include a 3-for-1 stock split in June.</p>
<p>&quot;Although we have been helped by improved prices and margins, cost reductions and a focus on operational excellence have distiguished our performance,&quot; Chief Executive Chuck Wilson said in a statement.</p>
<p>Shareholders reaped the benefit of Shell Canada's improvements on Wednesday as the company boosted its quarterly dividend by C3 cents a share. Royal Dutch/Shell owns 78 percent of Shell Canada's shares.</p>
<p>The company said earnings in its resources division in the six-month period hit a record C$150 million ($110 million), up from C$123 million ($89 million) last year, thanks to stronger prices for natural gas and crude oil, as well as lower operating expenses.</p>
<p>Products division profits soared to C$134 million ($98 million) in the first half of 1997 from C$54 million ($39 million) in the same period last year. Improved manufacuturing and marketing margins aided earnings, as did higher volumes associated with the company's programme to revitalise its retail outlets, Shell Canada said.</p>
<p>Shell Canada's shares rose C45 cents to C$21.50 on the Toronto Stock Exchange on Wednesday.</p>
</text>
<copyright>(c) Reuters Limited 1997</copyright>
<metadata>
<codes class="bip:countries:1.0">
  <code code="CANA">
    <editdetail attribution="Reuters BIP Coding Group" action="confirmed" date="1997-07-30"/>
  </code>
</codes>
<codes class="bip:topics:1.0">
  <code code="C151">
    <editdetail attribution="Reuters BIP Coding Group" action="confirmed" date="1997-07-30"/>
  </code>
</codes>
<dc element="dc.date.created" value="1997-07-30"/>
<dc element="dc.publisher" value="Reuters Holdings Plc"/>
<dc element="dc.date.published" value="1997-07-30"/>
<dc element="dc.source" value="Reuters"/>
<dc element="dc.creator.location" value="CALGARY, Alberta"/>
<dc element="dc.creator.location.country.name" value="CANADA"/>
<dc element="dc.source" value="Reuters"/>
</metadata>
</newsitem>
