<?xml version="1.0" encoding="iso-8859-1" ?>
<newsitem itemid="764973" id="root" date="1997-07-30" xml:lang="en">
<title>USA: Healthdyne keeps control in takeover battle.</title>
<headline>Healthdyne keeps control in takeover battle.</headline>
<byline>Robin Sidel</byline>
<dateline>MARIETTA, Ga. 1997-07-30</dateline>
<text>
<p>Medical device company Healthdyne Technologies Inc. retained the upper hand in a six-month fight for control of the company as shareholders re-elected its board of directors and rejected a dissident slate offered by hostile bidder Invacare Corp..</p>
<p>Although the final tally will not be released for at least several days, Healthdyne Chairman Parker Petit said preliminary results indicate that shareholders overwhlemingly re-elected the seven-member board.</p>
<p>Invacare, a medical equipment company which has launched a $200 million hostile bid for Healthdyne, had submitted a four-man slate to take majority control of the board.</p>
<p>&quot;We are grateful that shareholders have shown support for the company's nominees and recognised that Invacare's proposal for a split board and 'fire sale' of the company would only have produced deadlock, controversy, delay and expense and would have been detrimental to the company and its shareholders,&quot; Petit said in a news release.</p>
<p>However, Healthdyne also said it appeared that shareholders had approved several proposals submitted by Invacare, including one that sets a 10 percent threshhold for shareholders to call a special meeting. Healthdyne's current rules allow shareholders owning 60 percent of the company to call a special meeting, although Healthdyne had promised to cut that to 25 percent.</p>
<p>At an hourlong annual meeting attended by Invacare's key officers as well as about 120 Healthdyne shareholders and employees, Healthdyne attacked Invacare's offer and its methods. Healthdyne has rejected the $15-per-share offer as grossly inadequate.</p>
<p>&quot;Mr. Mixon ought to tend to his own business for a while,&quot; Petit said, referring to Invacare Chief Executive Malachi Mixon. Petit noted that Invacare's financial position recently has declined while Healthdyne's business has topped Wall Street's expectations.</p>
<p>Petit also stressed that the company will continue to pursue talks with other potential suitors and speculated that more buyers may emerge now that the proxy fight is over. Healthdyne has said an unidentified party has expressed interest at buying the company for more than $15 per share.</p>
<p>&quot;Having this process over will allow us to move down the road,&quot; he said at a news conference after the meeting. He did not set any time frame for a potential transaction, but said it would likely move forward in &quot;weeks, not months.&quot;</p>
<p>Meanwhile, Mixon said Invacare intends to pursue its takeover efforts with an appeal of a court decision that upheld part of Healthdyne's anti-takeover plan known as a &quot;poison pill.&quot; He also said Invacare has not yet determined whether it will extend its hostile tender offer, which is set to expire Aug. 1.</p>
<p>&quot;I think it was a pretty good day. We came in as underdogs. We didn't really expect to win the directors (vote),&quot; Mixon said at a news conference after the meeting, adding that he believed the directors vote was closer than Petit had indicated.</p>
<p>Invacare also plans to keep close watch for any potential suitors of Healthdyne. Invacare repeatedly has expressed scepticism about the appearance of a &quot;white knight&quot; for Healthdyne.</p>
<p>&quot;Mr. Petit has promised Wall Street he has another buyer at a substantially higher price. We don't believe it. If he does have another buyer, so be it. We'll still be around. We'll be observing, watching, waiting,&quot; Mixon said.</p>
<p>Mixon also noted that Invacare or other investors could potentially seek to call a special shareholder session if a transaction does not materialise.</p>
</text>
<copyright>(c) Reuters Limited 1997</copyright>
<metadata>
<codes class="bip:countries:1.0">
  <code code="USA">
    <editdetail attribution="Reuters BIP Coding Group" action="confirmed" date="1997-07-30"/>
  </code>
</codes>
<codes class="bip:industries:1.0">
  <code code="I37200">
    <editdetail attribution="Reuters BIP Coding Group" action="confirmed" date="1997-07-30"/>
  </code>
</codes>
<codes class="bip:topics:1.0">
  <code code="C18">
    <editdetail attribution="Reuters BIP Coding Group" action="confirmed" date="1997-07-30"/>
  </code>
  <code code="C181">
    <editdetail attribution="Reuters BIP Coding Group" action="confirmed" date="1997-07-30"/>
  </code>
  <code code="C41">
    <editdetail attribution="Reuters BIP Coding Group" action="confirmed" date="1997-07-30"/>
  </code>
  <code code="C411">
    <editdetail attribution="Reuters BIP Coding Group" action="confirmed" date="1997-07-30"/>
  </code>
  <code code="CCAT">
    <editdetail attribution="Reuters BIP Coding Group" action="confirmed" date="1997-07-30"/>
  </code>
</codes>
<dc element="dc.date.created" value="1997-07-30"/>
<dc element="dc.publisher" value="Reuters Holdings Plc"/>
<dc element="dc.date.published" value="1997-07-30"/>
<dc element="dc.source" value="Reuters"/>
<dc element="dc.creator.location" value="MARIETTA, Ga."/>
<dc element="dc.creator.location.country.name" value="USA"/>
<dc element="dc.source" value="Reuters"/>
</metadata>
</newsitem>
