<?xml version="1.0" encoding="iso-8859-1" ?>
<newsitem itemid="764957" id="root" date="1997-07-30" xml:lang="en">
<title>SOUTH KOREA: Hyundai, Daewoo deny news of joint M&amp;A of Kia.</title>
<headline>Hyundai, Daewoo deny news of joint M&amp;A of Kia.</headline>
<dateline>SEOUL 1997-07-30</dateline>
<text>
<p>Two South Korean automakers, Hyundai Motor and unlisted Daewoo Motor, on Wednesday denied a news report that they had agreed to a jointly take over the ailing Kia Motors.</p>
<p>&quot;Such an agreement has not been made,&quot; said Lee Young-bok, a spokesman at Hyundai Motor.</p>
</text>
<copyright>(c) Reuters Limited 1997</copyright>
<metadata>
<codes class="bip:countries:1.0">
  <code code="SKOREA">
    <editdetail attribution="Reuters BIP Coding Group" action="confirmed" date="1997-07-30"/>
  </code>
</codes>
<codes class="bip:industries:1.0">
  <code code="I35101">
    <editdetail attribution="Reuters BIP Coding Group" action="confirmed" date="1997-07-30"/>
  </code>
</codes>
<codes class="bip:topics:1.0">
  <code code="C18">
    <editdetail attribution="Reuters BIP Coding Group" action="confirmed" date="1997-07-30"/>
  </code>
  <code code="C181">
    <editdetail attribution="Reuters BIP Coding Group" action="confirmed" date="1997-07-30"/>
  </code>
  <code code="CCAT">
    <editdetail attribution="Reuters BIP Coding Group" action="confirmed" date="1997-07-30"/>
  </code>
</codes>
<dc element="dc.date.created" value="1997-07-30"/>
<dc element="dc.publisher" value="Reuters Holdings Plc"/>
<dc element="dc.date.published" value="1997-07-30"/>
<dc element="dc.source" value="Reuters"/>
<dc element="dc.creator.location" value="SEOUL"/>
<dc element="dc.creator.location.country.name" value="SOUTH KOREA"/>
<dc element="dc.source" value="Reuters"/>
</metadata>
</newsitem>
