<?xml version="1.0" encoding="iso-8859-1" ?>
<newsitem itemid="764950" id="root" date="1997-07-30" xml:lang="en">
<title>AUSTRALIA: Australian stocks fade to finish little changed.</title>
<headline>Australian stocks fade to finish little changed.</headline>
<dateline>SYDNEY 1997-07-30</dateline>
<text>
<p>Australian shares faded to finish little changed on Wednesday after a cut in interest rates proved to be an anti-climax with the market widely anticipating the Reserve Bank's actions.</p>
<p>The All Ordinaries index edged up 3.1 points to 2,735.</p>
<p>The Reserve Bank of Australia reduced the official cash rate by 0.5 of a percentage point to 5.0 percent, citing good inflation and wages data. The cut lifted the market early before sellers moved in to trim the moderate gains in choppy trade.</p>
<p>The selling that emerged failed to surprise traders with so many having already factored a rate reduction into their buying after key wages and inflation data last week.</p>
<p>&quot;Everyone had been getting excited about it over the last few days,&quot; said dealer Grant Williams of Sydney brokerage, Reynolds and Co, a stance also adopted by others.</p>
<p>&quot;The decision to do it today may have surprised but most figured it was due in a matter of days anyway,&quot; said a Brisbane-based broker.</p>
<p>ANZ Bank and Westpac Banking Corp starred early, hitting new highs before fading as sellers stepped in. ANZ peaked at A$10.76 (US$8.07) before easing to close 11 cents higher at A$10.70, while Westpac surged to A$8.65 before retreating to close just 4.1 cents higher at A$8.511.</p>
<p>National Australia Bank was steady for much of the day before profit-takers cashed in with a bout of afternoon selling that sliced 17 cents off the sector leader to see it close at A$19.61. Commonwealth Bank initially jumped 22 cents but also attracted sellers near the top and ended one higher at A$16.69.</p>
<p>In the miners, zinc producer Pasminco slid three percent lower to close at A$2.60 with brokers blaming the slump in the nickel price in London trade, although they noted the volatile metals prices generally.</p>
<p>&quot;It was a big drop (in zinc) but the metals prices have been volatile,&quot; Reynold's Williams said.</p>
<p>Golds shone early before coming back to the pack, the index climbing 1.3 percent early before easing to close up half a percent. Brokers said some bargain hunting amid talk of a bid by Canadian giant Barrick Gold Corp for Joe Gutnick's Great Central had underpinned the sector interest.</p>
<p>&quot;The Great Central talk might be highlighting how cheap some of our major gold stocks are,&quot; said a Brisbane-based dealer.</p>
<p>Best performed included Great Central, up 10 cents to A$2.80, Resolute Ltd added 4.9 percent to A$1.93, while a thinly traded Goldfields added 5.6 percent to A$1.70.</p>
<p>Elsewhere, Alan Jackson's investment and manufacturing firm Austrim Ltd was keenly sought, adding another 22 cents to A$4.79. It has leapt over 24 percent since Monday's A$21.91 million profit and 2-for-5 rights issue announcement.</p>
<p>&quot;It has been very hard to get set in some of these second line industrials like Austrim which has seen some good volume go through. That is one stock where it hasn't mattered what the market has done,&quot; Reynold's Williams said.</p>
<p>Rises outnumbered falls by a ratio of about six to five, while about 28 percent of stocks traded remained steady.</p>
<p>(A$1 = US$0.75)</p>
</text>
<copyright>(c) Reuters Limited 1997</copyright>
<metadata>
<codes class="bip:countries:1.0">
  <code code="AUSTR">
    <editdetail attribution="Reuters BIP Coding Group" action="confirmed" date="1997-07-30"/>
  </code>
</codes>
<codes class="bip:topics:1.0">
  <code code="M11">
    <editdetail attribution="Reuters BIP Coding Group" action="confirmed" date="1997-07-30"/>
  </code>
</codes>
<dc element="dc.date.created" value="1997-07-30"/>
<dc element="dc.publisher" value="Reuters Holdings Plc"/>
<dc element="dc.date.published" value="1997-07-30"/>
<dc element="dc.source" value="Reuters"/>
<dc element="dc.creator.location" value="SYDNEY"/>
<dc element="dc.creator.location.country.name" value="AUSTRALIA"/>
<dc element="dc.source" value="Reuters"/>
</metadata>
</newsitem>
