<?xml version="1.0" encoding="iso-8859-1" ?>
<newsitem itemid="764997" id="root" date="1997-07-30" xml:lang="en">
<title>BELGIUM: FOCUS-EU clears 23.76 bln francs aid for GAN.</title>
<headline>FOCUS-EU clears 23.76 bln francs aid for GAN.</headline>
<byline>Amelia Torres</byline>
<dateline>BRUSSELS 1997-07-30</dateline>
<text>
<p>The European Commission on Wednesday cleared a French rescue plan for GAN after France confirmed it would privatise the loss-making firm, the country's fifth largest insurer.</p>
<p>The plan consists of a capital injection of 11 billion francs ($1.77 billion), mainly to cover huge losses recorded by GAN's property unit UIC, and a state guarantee valued at 9.9 billion francs for future losses in restructuring the GAN group. It also includes a 2.86-billion-franc state injection carried out in 1995.</p>
<p>It is the second time in two years that the EU has agreed to bailouts for GAN, bringing the total bill for French taxpayers to 23.76 billion francs.</p>
<p>In return for the new aid, the French government agreed to sell GAN and its banking unit CIC either together or separately, the Commission said in a statement.</p>
<p>GAN will also divest property units UIC and UIS, sell other holdings for a total value of 2.4 billion francs and halve its foreign commercial interests, it said.</p>
<p>It urged the French government to find strong buyers capable of ensuring the long-term viability of the disposed assets, in an apparent hint that it would frown at a sale to other French state-controlled groups.</p>
<p>The French Finance Ministry said the government would bear in mind the best interests of the firms and the state finances when privatising the banking and insurance group.</p>
<p>&quot;The sale of GAN and CIC will be conducted with two concerns in mind, the interests of the companies and their staff and the finances of the state,&quot; it said in a statement.</p>
<p>GAN currently holds 93 percent in CIC, also France's fifth largest banking group with a network of 10 regional banks across the country.</p>
<p>The Commission said that before the end of 1998 GAN must have divested CIC and UIC and 2.4-billion francs worth of other holdings. The French government must also begin its search for potential buyers for GAN and CIC as soon as possible and no later than June 30, 1998, it said.</p>
<p>The EU executive, which must approve all government aid plans to salvage ailing industries, said the overall measures, some of which have already been announced by the French group, would ensure the return to profit of GAN, which has lost 35 billion francs since 1992.</p>
<p>&quot;(The Commission) reached the conclusion that the new restructuring measures being undertaken will help GAN to break even or do even better,&quot; it said in a statement.</p>
<p>GAN said earlier this month it had started the sale of UIC, which ran up 30 billion francs of losses in three years, the root of GAN's financial problems</p>
<p>The new French government of Socialist leader Lionel Jospin recently endorsed the planned privatisation of GAN and a number of insurance companies have said they were interested in the company, including AGF, Allianz of Germany and Assicurazioni Generali SpA of Italy.</p>
<p>Eureko, a Dutch-based alliance of six European financial services companies with no French presence, also said last week it wanted to take over all of GAN and a maximum of 25 percent of CIC.</p>
<p>GAN currently generates about 25 percent of its revenue abroad, the Commission said. It has operations in Britain, Italy, Spain, Portugal, Germany, Switzerland, Morocco, Canada and the United States. ($1 = 6.20 francs)</p>
</text>
<copyright>(c) Reuters Limited 1997</copyright>
<metadata>
<codes class="bip:countries:1.0">
  <code code="EEC">
    <editdetail attribution="Reuters BIP Coding Group" action="confirmed" date="1997-07-30"/>
  </code>
  <code code="FRA">
    <editdetail attribution="Reuters BIP Coding Group" action="confirmed" date="1997-07-30"/>
  </code>
</codes>
<codes class="bip:industries:1.0">
  <code code="I82000">
    <editdetail attribution="Reuters BIP Coding Group" action="confirmed" date="1997-07-30"/>
  </code>
  <code code="I82001">
    <editdetail attribution="Reuters BIP Coding Group" action="confirmed" date="1997-07-30"/>
  </code>
</codes>
<codes class="bip:topics:1.0">
  <code code="C17">
    <editdetail attribution="Reuters BIP Coding Group" action="confirmed" date="1997-07-30"/>
  </code>
  <code code="C18">
    <editdetail attribution="Reuters BIP Coding Group" action="confirmed" date="1997-07-30"/>
  </code>
  <code code="C183">
    <editdetail attribution="Reuters BIP Coding Group" action="confirmed" date="1997-07-30"/>
  </code>
  <code code="CCAT">
    <editdetail attribution="Reuters BIP Coding Group" action="confirmed" date="1997-07-30"/>
  </code>
  <code code="E12">
    <editdetail attribution="Reuters BIP Coding Group" action="confirmed" date="1997-07-30"/>
  </code>
  <code code="ECAT">
    <editdetail attribution="Reuters BIP Coding Group" action="confirmed" date="1997-07-30"/>
  </code>
  <code code="G15">
    <editdetail attribution="Reuters BIP Coding Group" action="confirmed" date="1997-07-30"/>
  </code>
  <code code="G152">
    <editdetail attribution="Reuters BIP Coding Group" action="confirmed" date="1997-07-30"/>
  </code>
  <code code="G157">
    <editdetail attribution="Reuters BIP Coding Group" action="confirmed" date="1997-07-30"/>
  </code>
  <code code="GCAT">
    <editdetail attribution="Reuters BIP Coding Group" action="confirmed" date="1997-07-30"/>
  </code>
</codes>
<dc element="dc.date.created" value="1997-07-30"/>
<dc element="dc.publisher" value="Reuters Holdings Plc"/>
<dc element="dc.date.published" value="1997-07-30"/>
<dc element="dc.source" value="Reuters"/>
<dc element="dc.creator.location" value="BRUSSELS"/>
<dc element="dc.creator.location.country.name" value="BELGIUM"/>
<dc element="dc.source" value="Reuters"/>
</metadata>
</newsitem>
