<?xml version="1.0" encoding="iso-8859-1" ?>
<newsitem itemid="764992" id="root" date="1997-07-30" xml:lang="en">
<title>BELGIUM: Belgian shares expected to catch up on Thursday.</title>
<headline>Belgian shares expected to catch up on Thursday.</headline>
<byline>Bert Lauwers</byline>
<dateline>BRUSSELS 1997-07-30</dateline>
<text>
<p>The Bel-20 index, weighed down Wednesday due to caution and profit-taking ahead of the release of first-half earnings by index heavyweights, is expected to easily make up for the dip on Thursday, dealers said.</p>
<p>The Bel-20 ended 0.13 percent lower at 2,596.36 despite a confident start on Wall Street and stronger bonds.</p>
<p>&quot;All the elements are fine, there is no reason why we should't advance tomorrow,&quot; one dealer said.</p>
<p>Players held back mainly due to the release of H1 results from chemicals and drugs firm UCB after the close on Wednesday and from chemicals firm Solvay Thursday.</p>
<p>UCB announced after the close of business that H1 ordinary profit was up 33 percent at 3.89 billion francs, which was in line with analysts' expectations who had put forward a 30 to 35 percent rise.</p>
<p>One dealer said that UCB was already very expensive and that the market was expecting at least a 35 percent rise for it to rise further. &quot;Between 30 and 35 (percent) the market will not be euphoric,&quot; he said.</p>
<p>UCB began to take off at the end of May, when it was at 95,600 francs, peaking at 153,000 on July 17. It closed down 0.5 percent at 139,250 francs before the earnings release.</p>
<p>Solvay was a notable loser with its 1.8 percent drop to 23,450 francs.</p>
<p>Players took profit after becoming increasingly pessimistic about Solvay's earnings announcement in the wake of first-half earnings of Dutch chemicals group DSM NV earlier on Wednesday which were at the lower-end of market expectations.</p>
<p>&quot;People are getting out (of Solvay) because they are not all too positive about the results,&quot; one trader said. Another said a major London brokerage had announced Solvay would not meet its profit target. DSM itself was hammered in Amsterdam, closing eight percent lower at 211.50 guilders.</p>
<p>Kredietbank ended 2.2 percent stronger on renewed talk of merger plans with another Belgian bank, Cera, as a precursor to cooperation with Dutch Rabobank.</p>
<p>&quot;(KB and Cera) are no longer denying the reports,&quot; one trader said. He said the market was expecting a full merger or close cooperation between the two Belgian banks. There were doubts however about a partnership with Rabobank, he added.</p>
<p>One trader said the rumours of a deal with Cera, which erupted early June, had been virtually discounted in KB's share price and that upward potential was limited. &quot;On the contrary, (KB) will slide if it would be called off,&quot; he said.</p>
<p>KB was still at 14,850 francs when first reports of talks with Cera and Rabobank emerged.</p>
<p>Belgian financial daily L'Echo quoted the chairman of Belgian holding company Almanij, Jan Huyghebaert, as saying there was a certain logic to an alliance with Cera.</p>
<p>Almanij, KB's main shareholder, gained 0.7 percent to 17,100 francs.</p>
</text>
<copyright>(c) Reuters Limited 1997</copyright>
<metadata>
<codes class="bip:countries:1.0">
  <code code="BELG">
    <editdetail attribution="Reuters BIP Coding Group" action="confirmed" date="1997-07-30"/>
  </code>
</codes>
<codes class="bip:topics:1.0">
  <code code="M11">
    <editdetail attribution="Reuters BIP Coding Group" action="confirmed" date="1997-07-30"/>
  </code>
</codes>
<dc element="dc.date.created" value="1997-07-30"/>
<dc element="dc.publisher" value="Reuters Holdings Plc"/>
<dc element="dc.date.published" value="1997-07-30"/>
<dc element="dc.source" value="Reuters"/>
<dc element="dc.creator.location" value="BRUSSELS"/>
<dc element="dc.creator.location.country.name" value="BELGIUM"/>
<dc element="dc.source" value="Reuters"/>
</metadata>
</newsitem>
