<?xml version="1.0" encoding="iso-8859-1" ?>
<newsitem itemid="764913" id="root" date="1997-07-30" xml:lang="en">
<title>CANADA: Toronto stocks post record gains on bond rally.</title>
<headline>Toronto stocks post record gains on bond rally.</headline>
<dateline>TORONTO</dateline>
<text>
<p>Toronto stocks posted another record close on Wednesday, following gains on Wall Street and a rally in debt markets.</p>
<p>The TSE 300 Composite Index added 49.40 points to finish at 6850.57, its third straight record close this week.</p>
<p>The key index also set a new intraday high of 6850.63.</p>
<p>&quot;Buyers shined today. Bonds are doing well and every sub-index but communications was up today,&quot; said Ira Katzin, an investment adviser with RBC Dominion Securities.</p>
<p>In New York, the Dow Jones Industrial Average jumped 80 points to reach its third consecutive all-time high.</p>
<p>Toronto's trading volume was heavier than recent sessions, totaling about 130 million shares worth C$1.8 billion ($290 million).</p>
<p>Advancing stocks easily beat declines 611 to 419, with 266 issues unchanged.</p>
<p>Interest-rate sensitive stocks were boosted by the rally in Canadian bonds. The 30-year long bond gained C$1 to 121.15 to yield 6.326 percent.</p>
<p>Banks, pipelines, transport and conglomerates were among the TSE's 13 strong sectors. The lone weak group was communications and media, down 53 points.</p>
<p>--- HOT STOCKS ---</p>
<p>* Toronto-Dominion Bank led active bank stocks, adding 0.75 to 43.85 on 2.3 million shares. Several banks lowered long-term mortgage rates on Wednesday, while short-term rates have climbed recently amid expectations that the Bank of Canada would raise interest rates to prop up a weak dollar.</p>
<p>* Laidlaw Inc. closed up 0.25 at 21.55 after earlier hitting a 52-week high of 21.60 on news of Laidlaw's $400 million acquisition of U.S. health care transportation firm EmCare Holdings Inc.</p>
<p>* Lafarge Corp. led net gainers, up 5.25 to 44.25, a 52-week high, but the firm could not explain the activity.</p>
</text>
<copyright>(c) Reuters Limited 1997</copyright>
<metadata>
<codes class="bip:countries:1.0">
  <code code="CANA">
    <editdetail attribution="Reuters BIP Coding Group" action="confirmed" date="1997-07-30"/>
  </code>
</codes>
<codes class="bip:topics:1.0">
  <code code="M11">
    <editdetail attribution="Reuters BIP Coding Group" action="confirmed" date="1997-07-30"/>
  </code>
  <code code="MCAT">
    <editdetail attribution="Reuters BIP Coding Group" action="confirmed" date="1997-07-30"/>
  </code>
</codes>
<dc element="dc.publisher" value="Reuters Holdings Plc"/>
<dc element="dc.date.published" value="1997-07-30"/>
<dc element="dc.source" value="Reuters"/>
<dc element="dc.creator.location" value="TORONTO"/>
<dc element="dc.creator.location.country.name" value="CANADA"/>
<dc element="dc.source" value="Reuters"/>
</metadata>
</newsitem>
