<?xml version="1.0" encoding="iso-8859-1" ?>
<newsitem itemid="764956" id="root" date="1997-07-30" xml:lang="en">
<title>SOUTH KOREA: SKorea Kia car units go limit-up on takeover news.</title>
<headline>SKorea Kia car units go limit-up on takeover news.</headline>
<dateline>SEOUL 1997-07-30</dateline>
<text>
<p>Shares of Kia Motors and Asia Motors went limit-up in early trading on a news report that Hyundai Motor and unlisted Daewoo Motor had agreed to jointly take over Kia Motors, brokers said.</p>
<p>A Hyundai Motor spokesman denied the report.</p>
<p>Kia rose 1,000 won to its daily upper-limit of 14,000 and Asia gained 320 won to its limit of 4,320.  </p>
<p>A third-party takeover is widely viewed as the best solution to Kia's problems.</p>
<p>&quot;Such an agreement has not been made,&quot; said Lee Young-bok, a spokesman at Hyundai Motor.</p>
<p>South Korea's leading newspaper Chosun Ilbo said Hyundai and Daewoo had already discussed the joint merger and acquisition of Kia and agreed in principle to the deal.</p>
</text>
<copyright>(c) Reuters Limited 1997</copyright>
<metadata>
<codes class="bip:countries:1.0">
  <code code="SKOREA">
    <editdetail attribution="Reuters BIP Coding Group" action="confirmed" date="1997-07-30"/>
  </code>
</codes>
<codes class="bip:industries:1.0">
  <code code="I35101">
    <editdetail attribution="Reuters BIP Coding Group" action="confirmed" date="1997-07-30"/>
  </code>
</codes>
<codes class="bip:topics:1.0">
  <code code="C15">
    <editdetail attribution="Reuters BIP Coding Group" action="confirmed" date="1997-07-30"/>
  </code>
  <code code="C152">
    <editdetail attribution="Reuters BIP Coding Group" action="confirmed" date="1997-07-30"/>
  </code>
  <code code="CCAT">
    <editdetail attribution="Reuters BIP Coding Group" action="confirmed" date="1997-07-30"/>
  </code>
</codes>
<dc element="dc.date.created" value="1997-07-30"/>
<dc element="dc.publisher" value="Reuters Holdings Plc"/>
<dc element="dc.date.published" value="1997-07-30"/>
<dc element="dc.source" value="Reuters"/>
<dc element="dc.creator.location" value="SEOUL"/>
<dc element="dc.creator.location.country.name" value="SOUTH KOREA"/>
<dc element="dc.source" value="Reuters"/>
</metadata>
</newsitem>
