<?xml version="1.0" encoding="iso-8859-1" ?>
<newsitem itemid="764984" id="root" date="1997-07-30" xml:lang="en">
<title>USA: Ascend stock jumps on upbeat comments.</title>
<headline>Ascend stock jumps on upbeat comments.</headline>
<dateline>PALO ALTO, Calif. 1997-07-29</dateline>
<text>
<p>Stock in computer network company Ascend Communications Inc. jumped nearly 14 percent after executives told analysts they predicted broad demand with little price pressure through the end of the year.</p>
<p>The company's stock rose $6.375 to $53.125 in heavy trading of more than 24 million shares. Ascend, based in Alameda, Calif., makes high-speed digital networking gear.</p>
<p>&quot;We continue to see fairly broad-based demand both internationally as well as domestically for Internet services,&quot; Bernie Schneider, vice president of strategic business Development, said in an interview after the analyst meeting.</p>
<p>&quot;We're feeling pretty good about what Ascend's opportunities are based on current market demand,&quot; Schneider said following the presentation by senior executives. &quot;If anything. demand's getting a little bit better.&quot;</p>
<p>Schneider said the company has virtually completed the integration of Cascade Communications Corp., and the combined companies should be able to exploit opportunities created in Europe from deregulation of telecommunications.</p>
<p>Ascend said June 30 it had completed the purchase of Cascade and that the deal will be accretive to earnings in 1998.</p>
<p>&quot;We expect to maintain gross margins in the 65 percent range through the end of the year,&quot; Schneider said, adding the company has seen a slowing down of price-cutting actions, and expects prices to stabilise through the end of the year.</p>
<p>&quot;We're just not going to see the level of price cutting that we've seen historically on list prices,&quot; he said.</p>
<p>&quot;We've seen the competitors kind of coalesce around a certain point, and through the end of the year we're not expecting to see significant change in the prices.&quot;</p>
<p>Schneider said a lot of the company's international business is with telephone companies and large Internet service providers, which involve larger sales cycles but are large deals. He said Ascend believes most of its customers in Europe are planning &quot;fairly major upgrades&quot; over the next two quarters.</p>
</text>
<copyright>(c) Reuters Limited 1997</copyright>
<metadata>
<codes class="bip:countries:1.0">
  <code code="USA">
    <editdetail attribution="Reuters BIP Coding Group" action="confirmed" date="1997-07-30"/>
  </code>
</codes>
<codes class="bip:industries:1.0">
  <code code="I79020">
    <editdetail attribution="Reuters BIP Coding Group" action="confirmed" date="1997-07-30"/>
  </code>
</codes>
<codes class="bip:topics:1.0">
  <code code="C15">
    <editdetail attribution="Reuters BIP Coding Group" action="confirmed" date="1997-07-30"/>
  </code>
  <code code="C152">
    <editdetail attribution="Reuters BIP Coding Group" action="confirmed" date="1997-07-30"/>
  </code>
  <code code="CCAT">
    <editdetail attribution="Reuters BIP Coding Group" action="confirmed" date="1997-07-30"/>
  </code>
</codes>
<dc element="dc.date.created" value="1997-07-29"/>
<dc element="dc.publisher" value="Reuters Holdings Plc"/>
<dc element="dc.date.published" value="1997-07-30"/>
<dc element="dc.source" value="Reuters"/>
<dc element="dc.creator.location" value="PALO ALTO, Calif."/>
<dc element="dc.creator.location.country.name" value="USA"/>
<dc element="dc.source" value="Reuters"/>
</metadata>
</newsitem>
