<?xml version="1.0" encoding="iso-8859-1" ?>
<newsitem itemid="764941" id="root" date="1997-07-30" xml:lang="en">
<title>SOUTH AFRICA: Servgro cautions after Interleisure sales.</title>
<headline>Servgro cautions after Interleisure sales.</headline>
<dateline>JOHANNESBURG 1997-07-30</dateline>
<text>
<p>Leisure group Servgro International Ltd on Wednesday cautioned its shareholders ahead of the unbundling of Interleisure Ltd, in which it has a 43.9 percent stake.</p>
<p>It's announcement came after  media and communications group Primedia Ltd announced on Tuesday that it had bought various Interleisure businesses for 1.5 billion rand.</p>
<p>Servgro said that after the sale of the businesses, Interleisure's assets would be unbundled and voluntarily liquidated.</p>
<p>&quot;Pursuant to the unbundling and liquidation, Interleisure shareholders (including Servgro) will receive Primedia combined units, shares in Sasani Ltd held by Interleisure prior to the disposal and cash,&quot; it said.</p>
<p>Interleisure shareholders have been offered cash in lieu of the Primedia combined units at 25.50 rand per unit.</p>
<p>&quot;As a result, Servgro shareholders may receive Primedia combined units and/or cash, rather than Interleisure shares, on implentation or the second phase of Servgro's unbundling.&quot;</p>
<p>The company's board of directors was of the view that the disposal and subsequent distribution to Servgro shareholders was a favourable realisation of Servgro's interest in Interleisure.</p>
<p>It advised shareholders to exercise caution in their sharedealings until further detailed implications of the disposal of their Servgro shareholdings was announced in due course.</p>
<p>-- Johannesburg newsroom, +27 11 482-1003</p>
</text>
<copyright>(c) Reuters Limited 1997</copyright>
<metadata>
<codes class="bip:countries:1.0">
  <code code="SAFR">
    <editdetail attribution="Reuters BIP Coding Group" action="confirmed" date="1997-07-30"/>
  </code>
</codes>
<dc element="dc.date.created" value="1997-07-30"/>
<dc element="dc.publisher" value="Reuters Holdings Plc"/>
<dc element="dc.date.published" value="1997-07-30"/>
<dc element="dc.source" value="Reuters"/>
<dc element="dc.creator.location" value="JOHANNESBURG"/>
<dc element="dc.creator.location.country.name" value="SOUTH AFRICA"/>
<dc element="dc.source" value="Reuters"/>
</metadata>
</newsitem>
