<?xml version="1.0" encoding="iso-8859-1" ?>
<newsitem itemid="764971" id="root" date="1997-07-30" xml:lang="en">
<title>USA: U.S. permits new ASCAP European royalties.</title>
<headline>U.S. permits new ASCAP European royalties.</headline>
<dateline>WASHINGTON 1997-07-30</dateline>
<text>
<p>The American Society of Composers, Authors, and Publishers (ASCAP) has won the right to collect royalties for home taping of copyright music in Canada, France and Germany, the federal government announced Wednesday. ASCAP licenses and collects fees for the use of music</p>
<p>written and published by its members. Under a 1992 U.S. Law, companies making tape machines or blank tapes pay money into a fund for each sale, on the theory that some blank tapes will be used by consumers to record copyright music for their own use.</p>
<p>But ASCAP has been barred from making similar arrangements in other countries because of a 1950 agreement between the government and ASCAP.</p>
<p>That 1950 decree -- made decades before home taping was on the horizon as a legal issue -- settled a complaint that ASCAP had violated antitrust laws by dividing up the markets in foreign countries.</p>
<p>&quot;At the time the settlement was entered, ASCAP participated in a worldwide confederation of performing rights societies that engaged in global misconduct,&quot; said Assistant Attorney General Joel Klein, who heads the antitrust division.</p>
<p>Klein said all that has changed and that the old agreement was &quot;affect(ing) American music rights-holders' ability to receive royalties for the foreign use of their work.&quot;</p>
<p>Consequently, Klein agreed to modify the provision.</p>
</text>
<copyright>(c) Reuters Limited 1997</copyright>
<metadata>
<codes class="bip:countries:1.0">
  <code code="CANA">
    <editdetail attribution="Reuters BIP Coding Group" action="confirmed" date="1997-07-30"/>
  </code>
  <code code="FRA">
    <editdetail attribution="Reuters BIP Coding Group" action="confirmed" date="1997-07-30"/>
  </code>
  <code code="GFR">
    <editdetail attribution="Reuters BIP Coding Group" action="confirmed" date="1997-07-30"/>
  </code>
  <code code="USA">
    <editdetail attribution="Reuters BIP Coding Group" action="confirmed" date="1997-07-30"/>
  </code>
</codes>
<codes class="bip:industries:1.0">
  <code code="I34520">
    <editdetail attribution="Reuters BIP Coding Group" action="confirmed" date="1997-07-30"/>
  </code>
</codes>
<codes class="bip:topics:1.0">
  <code code="C13">
    <editdetail attribution="Reuters BIP Coding Group" action="confirmed" date="1997-07-30"/>
  </code>
  <code code="CCAT">
    <editdetail attribution="Reuters BIP Coding Group" action="confirmed" date="1997-07-30"/>
  </code>
  <code code="GCAT">
    <editdetail attribution="Reuters BIP Coding Group" action="confirmed" date="1997-07-30"/>
  </code>
  <code code="GENT">
    <editdetail attribution="Reuters BIP Coding Group" action="confirmed" date="1997-07-30"/>
  </code>
</codes>
<dc element="dc.date.created" value="1997-07-30"/>
<dc element="dc.publisher" value="Reuters Holdings Plc"/>
<dc element="dc.date.published" value="1997-07-30"/>
<dc element="dc.source" value="Reuters"/>
<dc element="dc.creator.location" value="WASHINGTON"/>
<dc element="dc.creator.location.country.name" value="USA"/>
<dc element="dc.source" value="Reuters"/>
</metadata>
</newsitem>
