<?xml version="1.0" encoding="iso-8859-1" ?>
<newsitem itemid="764953" id="root" date="1997-07-30" xml:lang="en">
<title>SINGAPORE: Asian currencies quiet but Taiwan dlr battered.</title>
<headline>Asian currencies quiet but Taiwan dlr battered.</headline>
<byline>Phil Smith</byline>
<dateline>SINGAPORE 1997-07-30</dateline>
<text>
<p>The Taiwan dollar stood out among otherwise quiet Asia regional currencies on Wednesay, with a further plunge to its lowest level in nine years against the U.S. dollar.</p>
<p>The Taiwan dollar has been hammered since the central bank dropped its defence of the T$28 level on Tuesday. It was the first time since 1989 the authorities had allowed the currency to fall below that level.</p>
<p>But given the recent falls in currencies around the region, the central bank's decision made perfect sense economically and while the timing may have been somewhat of a surprise, the move itself was not, analsyts said.</p>
<p>&quot;The Southeast Asian countries which have devalued account for about 10 percent of Taiwan's export market and also they are competitors of Taiwan in third markets as well,&quot; said Chi Lo, regional economist, North-East Asia at Deutsche Morgan Grenfell in Singapore.</p>
<p>&quot;If you have your competitors devaluing, in some cases more than 15 percent, there is tremendous amount of pressure to follow.&quot;</p>
<p>He said that for the 18 months, the Taiwan dollar had been lagging in terms of depreciating against the U.S. dollar, leaving Taiwan at a competitive disadvantage on the trade front.</p>
<p>Analysts and dealers are looking at T$29 and reckon the central bank will be happy for a decline to that level providing the decline does not turn into a free fall.</p>
<p>The central bank vowed again on Wednesday to remain &quot;hands-off&quot; in the forex market, but dealers suspect it will step in to calm things down should the fall become precipitous.</p>
<p>At 0900 GMT the Taiwan dollar was trading at 28.455/489 per U.S. dollar compared with Tuesday's finish of 28.170.</p>
<p>Elsewhere among Asian regional currencies things were pretty slack with traders unwilling to take fresh positions ahead of the month end.</p>
<p>There was still the problem of the firm U.S. dollar with importers picking up cheap dollars each time it fell and nervous exporters were still looking to hedge more of their portfolio positions.</p>
<p>While optimism about Thailand's plans to seek assistance from the International Monetary Fund (IMF) in rehabilitating its troubled economy continued to underpin regional currencies generally, the baht gave futher ground.</p>
<p>The onshore rate edged down to a late 31.900/32.200 against 31.500/31.800 late on Tuesday. It was trading at 31.600/31.800 offshore.</p>
<p>In Malaysia, Prime Minister Mahathir Mohamad's continued tirade against currency speculation spurred further caution as the Malaysian premier extended his criticism to local operators.</p>
<p>&quot;The market feels that if he continues to talk this way, there may be some action down the line. So people are wary,&quot; said an analyst with a research firm in Singapore.</p>
<p>Dealers said Mahathir's remarks were prompting Kuala Lumpur corporates and exporters to sell the dollar on any rallies.</p>
<p>The ringgit was at 2.6265/75 to the dollar, down on levels seen late on Tuesday around 2.6150.</p>
<p>The Singapore dollar edged lower to a late 1.1.4670/80 from 1.4620 on Tuesady.</p>
<p>The Indonesian rupiah remained ensconced above the 2,600 level, but dealers said local operators continued to buy dollars following central bank statements that a normal level for the rupiah was between 2,555 and 2,610.</p>
<p>Spot rupiah was quoted at 2,580/90 in late business, little changed from Tuesday's close.</p>
<p>Indonesia's central bank was reported to have sold $1 billion in the forward market to stabilise the rupiah during last week's speculative attack.</p>
<p>The Philippine central bank sold dollars at the higher level of 29 pesos amid persistent dollar demand from commercial clients. Traders said the demand was unlikely to subside and the peso would fall sharply if the central bank did not step in.</p>
<p>Singapore Newsroom +65-870-3046</p>
</text>
<copyright>(c) Reuters Limited 1997</copyright>
<metadata>
<codes class="bip:countries:1.0">
  <code code="SINGP">
    <editdetail attribution="Reuters BIP Coding Group" action="confirmed" date="1997-07-30"/>
  </code>
  <code code="TAIWAN">
    <editdetail attribution="Reuters BIP Coding Group" action="confirmed" date="1997-07-30"/>
  </code>
</codes>
<codes class="bip:topics:1.0">
  <code code="M132">
    <editdetail attribution="Reuters BIP Coding Group" action="confirmed" date="1997-07-30"/>
  </code>
</codes>
<dc element="dc.date.created" value="1997-07-30"/>
<dc element="dc.publisher" value="Reuters Holdings Plc"/>
<dc element="dc.date.published" value="1997-07-30"/>
<dc element="dc.source" value="Reuters"/>
<dc element="dc.creator.location" value="SINGAPORE"/>
<dc element="dc.creator.location.country.name" value="SINGAPORE"/>
<dc element="dc.source" value="Reuters"/>
</metadata>
</newsitem>
