<?xml version="1.0" encoding="iso-8859-1" ?>
<newsitem itemid="764940" id="root" date="1997-07-30" xml:lang="en">
<title>SOUTH AFRICA: Coronation launches Eskom bond unit trust.</title>
<headline>Coronation launches Eskom bond unit trust.</headline>
<dateline>JOHANNESBURG 1997-07-30</dateline>
<text>
<p>Coronation Holdings Ltd and electricity utility Eskom said on Wednesday they had entered an alliance to launch a bond unit trust specialising in Eskom securities.</p>
<p>The new unit trust, the Coronation Specialist Bond Fund, would be 80 percent invested in Eskom securities and the remainder in government securities.</p>
<p>Eskom Treasury general manager Johan van den Berg said the alliance with Coronation established a new funding vehicle for Eskom as it would enable it to tap into investors who would now be able to invest relatively small amounts in Eskom bonds.</p>
<p>&quot;The unit trust mechanism is ideally suited to handle this type of high-volume, small transaction business,&quot; he said.</p>
<p>Eskom bonds valued at 23.5 billion rand are currently held by over 15,000 private investors.</p>
<p>The new unit trust would offer these investors favourable terms to switch their direct investments in Eskom bonds to indirect holdings through the fund.</p>
<p>The fund would also offer investors a guaranteed eight percent income distribution per year.</p>
<p>-- Johannesburg newsroom, +27 11 482-1003</p>
</text>
<copyright>(c) Reuters Limited 1997</copyright>
<metadata>
<codes class="bip:countries:1.0">
  <code code="SAFR">
    <editdetail attribution="Reuters BIP Coding Group" action="confirmed" date="1997-07-30"/>
  </code>
</codes>
<codes class="bip:topics:1.0">
  <code code="C172">
    <editdetail attribution="Reuters BIP Coding Group" action="confirmed" date="1997-07-30"/>
  </code>
</codes>
<dc element="dc.date.created" value="1997-07-30"/>
<dc element="dc.publisher" value="Reuters Holdings Plc"/>
<dc element="dc.date.published" value="1997-07-30"/>
<dc element="dc.source" value="Reuters"/>
<dc element="dc.creator.location" value="JOHANNESBURG"/>
<dc element="dc.creator.location.country.name" value="SOUTH AFRICA"/>
<dc element="dc.source" value="Reuters"/>
</metadata>
</newsitem>
