<?xml version="1.0" encoding="iso-8859-1" ?>
<newsitem itemid="764947" id="root" date="1997-07-30" xml:lang="en">
<title>POLAND: Polish shares rebound, seen up on Thursday.</title>
<headline>Polish shares rebound, seen up on Thursday.</headline>
<dateline>WARSAW 1997-07-30</dateline>
<text>
<p>Polish shares on Wednesday rebounded after four sessions of slight falls and analysts said that despite another likely gain on Thursday, signalled by stronger buying after fixing, the market had little upside.</p>
<p>They said the run-up to September's parliamentary poll and Wednesday's news the central bank would raise nominal rates should dampen buying in the weeks ahead.</p>
<p>&quot;I think some of it (a possible rate rise) has already been discounted, as it has been discussed since the start of the floods, but the moment when the move happens it should cause a non-drastic fall,&quot; said Emil Onyszczuk of PBR brokerage. (PBR).</p>
<p>The main market's all-share WIG index rose 0.8 percent to 15,029.8 and turnover fell 11.8 percent to 134.8 million zlotys ($38.8 million) on both markets. Gainers led losers by 72 to 18 with 16 stocks flat.</p>
<p>The central bank president told daily Dziennik Prawa i Gospodarki in its Wednesday edition lombard and discount rates would rise in the next few weeks and it would start collecting deposits to offset effects of government flood relief credit.</p>
<p>The government may borrow as much as 2.5 billion zlotys ($720 million)from the central bank due to the flooding estimated to have caused damage of billions of dollars.</p>
<p>Optimus rose the daily maximum 10 percent on Wednesday, a surge traders said might be speculative as no significant new information on the firm had been released this week.</p>
<p>They said bank BIG, down 4.1 percent in light trade to 3.5 zlotys ($1), was hurt by Tuesday's news it had sold shares in its issue to help refinance the acquisition of Bank Gdanski at 3.4 zlotys ($0.98) each.</p>
<p>The previous price range was 3.3-5.3 zlotys ($0.95-1.5).</p>
</text>
<copyright>(c) Reuters Limited 1997</copyright>
<metadata>
<codes class="bip:countries:1.0">
  <code code="POL">
    <editdetail attribution="Reuters BIP Coding Group" action="confirmed" date="1997-07-30"/>
  </code>
</codes>
<codes class="bip:topics:1.0">
  <code code="M11">
    <editdetail attribution="Reuters BIP Coding Group" action="confirmed" date="1997-07-30"/>
  </code>
  <code code="MCAT">
    <editdetail attribution="Reuters BIP Coding Group" action="confirmed" date="1997-07-30"/>
  </code>
</codes>
<dc element="dc.date.created" value="1997-07-30"/>
<dc element="dc.publisher" value="Reuters Holdings Plc"/>
<dc element="dc.date.published" value="1997-07-30"/>
<dc element="dc.source" value="Reuters"/>
<dc element="dc.creator.location" value="WARSAW"/>
<dc element="dc.creator.location.country.name" value="POLAND"/>
<dc element="dc.source" value="Reuters"/>
</metadata>
</newsitem>
