<?xml version="1.0" encoding="iso-8859-1" ?>
<newsitem itemid="764964" id="root" date="1997-07-30" xml:lang="en">
<title>USA: Key U.S. senator sees consensus emerging on tobacco.</title>
<headline>Key U.S. senator sees consensus emerging on tobacco.</headline>
<byline>Joanne Kenen</byline>
<dateline>WASHINGTON 1997-07-30</dateline>
<text>
<p>An influential U.S. senator said Wednesday there was a consensus growing in Congress to use the proposed tobacco settlement to combat youth smoking instead of relying on lawsuits with unpredictable results.</p>
<p>&quot;The lines of consensus are starting to emerge,&quot; said Orrin Hatch, the Utah Republican who is chairman of the Senate Judiciary Committee. &quot;Can we afford to fritter away the opportunity to stop 3,000 kids a day from (starting) smoking?&quot;</p>
<p>In a Judiciary Committee hearing and in comments to reporters, Hatch said he and other lawmakers would seek changes in the far-reaching pact negotiated in June by the tobacco industry and the 40 state attorneys general suing it.</p>
<p>The only specific change he mentioned was stronger language guaranteeing the Food and Drug Administration power to regulate nicotine, a change also demanded by the White House, lawmakers and public health advocates.</p>
<p>&quot;If we do nothing, what is the acceptable alternative?&quot; Hatch said, noting that relying on lawsuits was uncertain.</p>
<p>His comments came a day after former U.S. Surgeon General C. Everett Koop and former FDA chief David Kessler urged lawmakers to start over and craft a national tobacco policy instead of tinkering with what they called a &quot;flawed&quot; settlement.</p>
<p>Although the proposal will continue to shift as congressional hearings continue this fall, a variety of congressional and health sources said it seems likely that any legislation would also include steeper penalties if the industry fails to meet targets for cutting youth smoking.</p>
<p>There may also be some tougher provisions for disclosure of confidential industry documents and possibly some modifications of the tax deductibility of the industry payments, public health and congressional sources said.</p>
<p>An economist who testified, Jeffrey Harris of the Massachusetts Institutes of Technology, said the settlement calling for cigarette makers to pay $368.5 billion to settle state lawsuits would actually cost the industry about $194.5 billion -- less if tax deductions are taken into account.</p>
<p>He said it would lead to about a 62-cent-a-pack price increase, which would probably not be enough to meet the goals for reducing teen smoking.</p>
<p>The Judiciary Committee heard a broad range of views on the pact, from the American Medical Association to convenience store owners. According to Dr. Lonnie Bristow, a past president of the AMA and a participant in the settlement talks, the AMA on Thursday will &quot;support the basic structure&quot; of the settlement proposal but recommend some changes.</p>
<p>Representing the convenience stores, which sell more than half of the packs of cigarettes and tobacco sold in the United States each year, Virginia store owner Duncan Thomas complained the retailers had not been part of the settlement talks, and that the deal would make a legal product &quot;effectively invisible within our industry's retail outlets.&quot;</p>
<p>Also Wednesday, Democratic Sens. Wendell Ford of Kentucky and Charles Robb of Virginia, along with other members of Congress from tobacco-growing states, wrote to President Clinton to stick to anti-youth smoking goals and not to restrict &quot;adult choice.&quot;</p>
<p>Some critics of the settlement proposal fear it could lead to an outright ban on nicotine. Others have criticised it as not tough enough. The settlement needs approval from the White House and Congress, where laws are needed to enact it.</p>
<p>Meanwhile, the Institute of Policy Studies released a study saying tobacco executives would &quot;stand to profit tremendously&quot; from the probable rise in tobacco stock prices if the settlement is enacted, while taxpayers would foot much of the bill.</p>
<p>&quot;The executives want the public and Congress to believe that for them the proposed deal is a' bitter pill,'&quot; said Sarah Anderson, a co-author of the report from the liberal think tank. &quot;In reality, it will be a huge windfall.&quot;</p>
</text>
<copyright>(c) Reuters Limited 1997</copyright>
<metadata>
<codes class="bip:countries:1.0">
  <code code="USA">
    <editdetail attribution="Reuters BIP Coding Group" action="confirmed" date="1997-07-30"/>
  </code>
</codes>
<codes class="bip:industries:1.0">
  <code code="I42900">
    <editdetail attribution="Reuters BIP Coding Group" action="confirmed" date="1997-07-30"/>
  </code>
</codes>
<codes class="bip:topics:1.0">
  <code code="C12">
    <editdetail attribution="Reuters BIP Coding Group" action="confirmed" date="1997-07-30"/>
  </code>
  <code code="C13">
    <editdetail attribution="Reuters BIP Coding Group" action="confirmed" date="1997-07-30"/>
  </code>
  <code code="CCAT">
    <editdetail attribution="Reuters BIP Coding Group" action="confirmed" date="1997-07-30"/>
  </code>
  <code code="GCAT">
    <editdetail attribution="Reuters BIP Coding Group" action="confirmed" date="1997-07-30"/>
  </code>
  <code code="GCRIM">
    <editdetail attribution="Reuters BIP Coding Group" action="confirmed" date="1997-07-30"/>
  </code>
  <code code="GHEA">
    <editdetail attribution="Reuters BIP Coding Group" action="confirmed" date="1997-07-30"/>
  </code>
</codes>
<dc element="dc.date.created" value="1997-07-30"/>
<dc element="dc.publisher" value="Reuters Holdings Plc"/>
<dc element="dc.date.published" value="1997-07-30"/>
<dc element="dc.source" value="Reuters"/>
<dc element="dc.creator.location" value="WASHINGTON"/>
<dc element="dc.creator.location.country.name" value="USA"/>
<dc element="dc.source" value="Reuters"/>
</metadata>
</newsitem>
