<?xml version="1.0" encoding="iso-8859-1" ?>
<newsitem itemid="764989" id="root" date="1997-07-30" xml:lang="en">
<title>FRANCE: FRANCE-ITALIE-TELEVISION-CANAL+.</title>
<headline>FRANCE-ITALIE-TELEVISION-CANAL+.</headline>
<text>
<p>PARIS, 30 juillet, Reuter - Canal+ estime mercredi que la nouvelle loi sur l'audiovisuel en Italie offre une stabilit la tlvision  page et permet un dveloppement rapide d'une plate-forme numrique.</p>
<p>Dans un communiqu, le groupe franais se rjouit du vote de ce texte, intervenu mardi soir. Pour lui, il s'agit d'un &quot;moment important dans l'histoire de Telepi&quot;, chane payante dont il a le contrle.</p>
<p>&quot;Cette loi confre  la chane  page une stabilit qui permet au groupe Canal+ et  Telepi de poursuivre avec confiance le dveloppement de la chane qui compte  ce jour 850.000 abonns&quot;, explique-t-il.</p>
<p>&quot;La loi permet galement le dveloppement rapide de la plate-forme numrique italienne, alors que les ngociations dj engages entre Canal+ et ses partenaires italiens progressent d'une manire trs constructive&quot;.</p>
<p>Un accord a t sign lundi  Rome entre Canal+/Telepi, le groupe de communications Mediaset, la tlvision publique RAI, le groupe de tlcomunications public Telecom Italia ainsi que le groupe Cecchi Gori Communications pour le dveloppement d'une plate-forme numrique unique en Italie. /WEM</p>
</text>
<copyright>(c) Reuters Limited 1997</copyright>
<metadata>
<codes class="bip:countries:1.0">
  <code code="FRA">
    <editdetail attribution="Reuters BIP Coding Group" action="confirmed" date="1997-07-30"/>
  </code>
</codes>
<dc element="dc.publisher" value="Reuters Holdings Plc"/>
<dc element="dc.date.published" value="1997-07-30"/>
<dc element="dc.source" value="Reuters"/>
<dc element="dc.creator.location.country.name" value="FRANCE"/>
<dc element="dc.source" value="Reuters"/>
</metadata>
</newsitem>
