<?xml version="1.0" encoding="iso-8859-1" ?>
<newsitem itemid="764915" id="root" date="1997-07-30" xml:lang="en">
<title>USA: Columbia/HCA executives charged in fraud probe.</title>
<headline>Columbia/HCA executives charged in fraud probe.</headline>
<byline>Jane Sutton</byline>
<dateline>MIAMI 1997-07-30</dateline>
<text>
<p>Three Columbia/HCA Healthcare Corp. executives have been charged with fraud in a federal probe into an alleged billing scam at America's largest for-profit hospital chain, the Justice Department said Wednesday.</p>
<p>A federal grand jury in Florida indicted the executives on five counts alleging conspiracy to submit false cost reports under U.S. heath care programmes, Medicare fraud and making false statements.</p>
<p>More charges may be filed, U.S. Attorney Charles Wilson in Florida said in a statement. &quot;This indictment ... represents the first phase of the government's ongoing investigation&quot; of Columbia, he said.</p>
<p>In a statement, the Nashville, Tenn.-based company said it intended to cooperate fully with the government and that attorneys for the three employees would meet with the government to discuss the indictments.</p>
<p>&quot;I can assure you that we take these allegations very seriously and will cooperate fully with the government,&quot; said Dr. Thomas Frist, who was named chairman of Columbia last week after the former chairman resigned under pressure.</p>
<p>Indicted were Jay Jarrell, chief executive of Columbia's southwest Florida division; Michael Neeb, chief financial officer of its northern Florida division, and Robert Whiteside, director of reimbursement at its headquarters.</p>
<p>Each defendant faces up to 25 years in prison and fines of up to $1.25 million if convicted.</p>
<p>Within hours of the announcement of the indictments, Jarrell appeared before a federal magistrate in Fort Myers, Fla., on conspiracy and fraud charges. He was to be released after posting a $100,000 bond, a court clerk said.</p>
<p>Neeb appeared before U.S. Magistrate Howard Snyder in Jacksonville, Fla. He was released on a $100,000 bond.</p>
<p>The clerk of the U.S. Marshal's Office in Nashville said Whiteside appeared at that office and was taken before a federal magistrate. He was later released on his own recognisance, also after posting a $100,000 bond.</p>
<p>Arraignment for all three was set for Aug. 19 in Fort Myers.</p>
<p>The executives were charged with conspiring to submit false cost reports under Medicare and the military's Civilian Health and Medical Programme on behalf of Fawcett Memorial Hospital in Port Charlotte, Fla., from 1986 until June.</p>
<p>The indictment was returned June 25 but was not made public until Wednesday.</p>
<p>Wilson said the indictment had been returned before the recent searches of various Columbia and related facilities in Florida and other states.</p>
<p>Earlier this month, federal agents raided 35 Columbia facilities in six states and seized files. In addition, five mid-level executives were subpoenaed in the inquiry into possible improper billing for laboratory tests, home health care and Medicare-related work.</p>
<p>The investigation led to the resignation under fire Friday of long-time Columbia Chairman and Chief Executive Officer Richard Scott, as well as President David Vandewater.</p>
<p>Frist, formerly vice chairman, said in an interview Tuesday that he intends to submit a plan to change the company and ask for time to implement it after Justice Department review.</p>
<p>Wilson described the case as &quot;an important part of my office's commitment to fight against alleged fraud and abuse in our health care system.&quot;</p>
<p>Separately, Columbia/HCA reported earnings that contained signs the probe was hurting its results and said it was dropping plans to buy a majority stake in a health news cable television channel.</p>
<p>The company said net income rose to $412 million, or 62 cents a share, in the second quarter, from $364 million, or 54 cents a share, a year earlier -- as Wall Street expected. Sales grew to $5.2 billion from $4.9 billion.</p>
<p>But analysts said key indicators were less encouraging. Columbia reported a 6 percent rise in revenues at hospitals open at least a year -- above the industry average of 5 percent but below the company's usual range of 7 to 11 percent.</p>
<p>&quot;They definitely showed signs of slowing momentum. And this is the first quarter where there's any impact at all (from the federal investigation). So you know it's going to get worse,&quot; said Margo Vignola, health care industry analyst at Merrill Lynch.</p>
<p>Columbia also said it had decided not to proceed with an agreement announced May 13 to buy a majority interest in America's Health Network, the 24-hour health news cable channel, from A.H. Belo Corp., based in Dallas. Terms were not disclosed.</p>
</text>
<copyright>(c) Reuters Limited 1997</copyright>
<metadata>
<codes class="bip:countries:1.0">
  <code code="USA">
    <editdetail attribution="Reuters BIP Coding Group" action="confirmed" date="1997-07-30"/>
  </code>
</codes>
<codes class="bip:industries:1.0">
  <code code="I95100">
    <editdetail attribution="Reuters BIP Coding Group" action="confirmed" date="1997-07-30"/>
  </code>
  <code code="I97400">
    <editdetail attribution="Reuters BIP Coding Group" action="confirmed" date="1997-07-30"/>
  </code>
  <code code="I9741112">
    <editdetail attribution="Reuters BIP Coding Group" action="confirmed" date="1997-07-30"/>
  </code>
</codes>
<codes class="bip:topics:1.0">
  <code code="C12">
    <editdetail attribution="Reuters BIP Coding Group" action="confirmed" date="1997-07-30"/>
  </code>
  <code code="C13">
    <editdetail attribution="Reuters BIP Coding Group" action="confirmed" date="1997-07-30"/>
  </code>
  <code code="C18">
    <editdetail attribution="Reuters BIP Coding Group" action="confirmed" date="1997-07-30"/>
  </code>
  <code code="C181">
    <editdetail attribution="Reuters BIP Coding Group" action="confirmed" date="1997-07-30"/>
  </code>
  <code code="CCAT">
    <editdetail attribution="Reuters BIP Coding Group" action="confirmed" date="1997-07-30"/>
  </code>
  <code code="GCAT">
    <editdetail attribution="Reuters BIP Coding Group" action="confirmed" date="1997-07-30"/>
  </code>
  <code code="GCRIM">
    <editdetail attribution="Reuters BIP Coding Group" action="confirmed" date="1997-07-30"/>
  </code>
</codes>
<dc element="dc.date.created" value="1997-07-30"/>
<dc element="dc.publisher" value="Reuters Holdings Plc"/>
<dc element="dc.date.published" value="1997-07-30"/>
<dc element="dc.source" value="Reuters"/>
<dc element="dc.creator.location" value="MIAMI"/>
<dc element="dc.creator.location.country.name" value="USA"/>
<dc element="dc.source" value="Reuters"/>
</metadata>
</newsitem>
