<?xml version="1.0" encoding="iso-8859-1" ?>
<newsitem itemid="764929" id="root" date="1997-07-30" xml:lang="en">
<title>UK: FOCUS - Oil jumps as U.S. inventories fall.</title>
<headline>FOCUS - Oil jumps as U.S. inventories fall.</headline>
<dateline>LONDON 1997-07-30</dateline>
<text>
<p>World oil prices saw gains on Wednesday after crude and refined product stock data from the United States came in well below expectations.</p>
<p>U.S. Department of Energy (DOE) statistics reiterated American Petroleum Institute (API) data overnight, with both showing considerable falls last week.</p>
<p>London September futures for world benchmark Brent crude oil were 14 cents firmer, but off the day's highs, at $18.73 a barrel by 1605 GMT.</p>
<p>&quot;Brent has received a big lift from both the stocks numbers and gasoline prices in the U.S.,&quot; one broker said.</p>
<p>The API data showed U.S. crude stocks fell 9.7 million barrels last week, against an expected fall of two million barrels, while the DOE saw the crude draw at an even heftier 9.9 million barrels.</p>
<p>Crude stocks were showing the effects of Hurricane Danny, which forced the temporary closure of some oil fields in the Gulf of Mexico, while U.S. gasoline prices were benefiting from a combination of falling stocks and production interruptions.</p>
<p>But the persistent question mark hanging over the resumption of Iraqi oil exports under the United Nations food-for-oil deal continued to niggle brokers.</p>
<p>U.N. spokesman Fred Eckhart on Tuesday said the world body's review of Iraq's aid distribution plan could be completed by the end of the week.</p>
<p>Some traders said they thought Iraqi oil exports could be back in the pipeline by the second half of August.</p>
<p>Crude oil prices in dollars per barrel:</p>
<p>					July 30   July 29</p>
<p>				     (1605 GMT) (close)</p>
<p>    Dated Brent		   $18.97    $18.74</p>
<p>    IPE September Brent	 $18.74    $18.59</p>
<p>    NYMEX August light crude  $20.12    $19.81</p>
</text>
<copyright>(c) Reuters Limited 1997</copyright>
<metadata>
<codes class="bip:countries:1.0">
  <code code="UK">
    <editdetail attribution="Reuters BIP Coding Group" action="confirmed" date="1997-07-30"/>
  </code>
</codes>
<codes class="bip:topics:1.0">
  <code code="M14">
    <editdetail attribution="Reuters BIP Coding Group" action="confirmed" date="1997-07-30"/>
  </code>
  <code code="M143">
    <editdetail attribution="Reuters BIP Coding Group" action="confirmed" date="1997-07-30"/>
  </code>
  <code code="MCAT">
    <editdetail attribution="Reuters BIP Coding Group" action="confirmed" date="1997-07-30"/>
  </code>
</codes>
<dc element="dc.date.created" value="1997-07-30"/>
<dc element="dc.publisher" value="Reuters Holdings Plc"/>
<dc element="dc.date.published" value="1997-07-30"/>
<dc element="dc.source" value="Reuters"/>
<dc element="dc.creator.location" value="LONDON"/>
<dc element="dc.creator.location.country.name" value="UK"/>
<dc element="dc.source" value="Reuters"/>
</metadata>
</newsitem>
