<?xml version="1.0" encoding="iso-8859-1" ?>
<newsitem itemid="764916" id="root" date="1997-07-30" xml:lang="en">
<title>USA: Senate votes to lift U.S. tuna embargo.</title>
<headline>Senate votes to lift U.S. tuna embargo.</headline>
<byline>Vicki Allen</byline>
<dateline>WASHINGTON 1997-07-30</dateline>
<text>
<p>The Senate on Wednesday passed legislation to lift the U.S. embargo on tuna caught by Mexico and other countries that use encircling nets which also may snare dolphin.</p>
<p>But the bill, which passed 99-0, would bar cans of tuna from being labeled &quot;dolphin safe&quot; until at least March 1999, when a study is to be done on how dolphin populations are affected by the fishing practice.</p>
<p>The Mexican government expressed frustration about the delay in getting the &quot;dolphin safe&quot; label, but said it would resume exports of tuna by January 1998 for the first time since 1991.</p>
<p>&quot;We got something that is satisfactory to our goals,&quot; Carlos Camacho Gaos, deputy minister for Mexico fisheries, told reporters. &quot;It's not only the U.S. market that is open to us now, it's Europe and Asia, too.&quot;</p>
<p>The House of Representatives passed its version of the bill this spring to lift the embargo on tuna caught in encircling nets. That bill would immediately allow cans of tuna to be labeled as dolphin-safe as long as no dolphin deaths were seen by shipboard observers.</p>
<p>But a number of Senate Democrats objected to adding the label to this tuna until there was a study showing populations were not significantly affected.</p>
<p>The U.S. embargo and &quot;dolphin safe&quot; label stem from an outcry in the late 1980s when the public became aware that hundreds of thousands of dolphins were killed each year in fishing operations in the Eastern Tropical Pacific Ocean, where tuna tend to swim below dolphins.</p>
<p>Fishermen using helicopters and speed boats herded the dolphin and set nets on top of them, slashing and drowning dolphins to catch the tuna.</p>
<p>To try to recapture the U.S. market, Mexico, Venezuela and other countries that fish those waters have adopted methods to release dolphin and reduce annual kill to fewer than 3,000.</p>
<p>The Clinton administration pushed repeal of the embargo as a way to encourage those countries to continue the safer fishing methods and to avoid a nasty trade dispute.</p>
<p>A number of wildlife conservation groups also backed the repeal as a way to put into law a voluntary agreement by the United States, Mexico and 10 other countries that fish in the eastern Pacific to use methods that protect dolphins.</p>
<p>Conservation groups including Greenpeace and the Centre for Marine Conservation also say alternative fishing methods such as setting nets on floating logs and debris resulted in far greater by-catch of sea turtles, sharks and other threatened or endangered marine life.</p>
<p>&quot;We know that the methods of fishing we currently refer to as dolphin-safe are bad for other species,&quot; an aide to Representative Wayne Gilchrest, a Maryland Republican who sponsored the House bill, said.</p>
<p>The House may vote this week on whether to accept the Senate compromise, which it would have to do to move the bill quickly for President Clinton's signature. Congress is in recess for the month of August.</p>
<p>Under the Senate bill, the embargo would be lifted once an international agreement on dolphin protections is in place. The Commerce Department is due to conduct a study on dolphin populations and decide the &quot;dolphin safe&quot; issue by 1999.</p>
<p>The Mexican government said it expected its tuna production, which totalled 160,000 tons last year, to grow to about 220,000 tons in 1998, with 15,000-20,000 tons exported to the United States.</p>
</text>
<copyright>(c) Reuters Limited 1997</copyright>
<metadata>
<codes class="bip:countries:1.0">
  <code code="MEX">
    <editdetail attribution="Reuters BIP Coding Group" action="confirmed" date="1997-07-30"/>
  </code>
  <code code="USA">
    <editdetail attribution="Reuters BIP Coding Group" action="confirmed" date="1997-07-30"/>
  </code>
</codes>
<codes class="bip:industries:1.0">
  <code code="I03000">
    <editdetail attribution="Reuters BIP Coding Group" action="confirmed" date="1997-07-30"/>
  </code>
</codes>
<codes class="bip:topics:1.0">
  <code code="C13">
    <editdetail attribution="Reuters BIP Coding Group" action="confirmed" date="1997-07-30"/>
  </code>
  <code code="C31">
    <editdetail attribution="Reuters BIP Coding Group" action="confirmed" date="1997-07-30"/>
  </code>
  <code code="C311">
    <editdetail attribution="Reuters BIP Coding Group" action="confirmed" date="1997-07-30"/>
  </code>
  <code code="CCAT">
    <editdetail attribution="Reuters BIP Coding Group" action="confirmed" date="1997-07-30"/>
  </code>
  <code code="E51">
    <editdetail attribution="Reuters BIP Coding Group" action="confirmed" date="1997-07-30"/>
  </code>
  <code code="E512">
    <editdetail attribution="Reuters BIP Coding Group" action="confirmed" date="1997-07-30"/>
  </code>
  <code code="ECAT">
    <editdetail attribution="Reuters BIP Coding Group" action="confirmed" date="1997-07-30"/>
  </code>
  <code code="GCAT">
    <editdetail attribution="Reuters BIP Coding Group" action="confirmed" date="1997-07-30"/>
  </code>
  <code code="GENV">
    <editdetail attribution="Reuters BIP Coding Group" action="confirmed" date="1997-07-30"/>
  </code>
</codes>
<dc element="dc.date.created" value="1997-07-30"/>
<dc element="dc.publisher" value="Reuters Holdings Plc"/>
<dc element="dc.date.published" value="1997-07-30"/>
<dc element="dc.source" value="Reuters"/>
<dc element="dc.creator.location" value="WASHINGTON"/>
<dc element="dc.creator.location.country.name" value="USA"/>
<dc element="dc.source" value="Reuters"/>
</metadata>
</newsitem>
