<?xml version="1.0" encoding="iso-8859-1" ?>
<newsitem itemid="764930" id="root" date="1997-07-30" xml:lang="en">
<title>UK: UK's FTSE 100 ends sharply higher after Dow boost.</title>
<headline>UK's FTSE 100 ends sharply higher after Dow boost.</headline>
<dateline>LONDON 1997-07-30</dateline>
<text>
<p>Britain's leading share index climbed one percent on Wednesday as investors welcomed a sharp rally on Wall Street and poured into banking, oil and retail stocks.</p>
<p>Hopes that the Bank of England will leave interest rates unchanged next week, and further gains in companies with large overseas earnings like Imperial Chemical Industries, also lifted the FTSE 100 to its third straight positive day.</p>
<p>The FTSE 100 powered 50.7 points higher to finish at 4,927.3, knocking on the door of its record closing high of 4,964.2 and its all-time best of 4,998.1, set July 18.</p>
</text>
<copyright>(c) Reuters Limited 1997</copyright>
<metadata>
<codes class="bip:countries:1.0">
  <code code="UK">
    <editdetail attribution="Reuters BIP Coding Group" action="confirmed" date="1997-07-30"/>
  </code>
</codes>
<codes class="bip:topics:1.0">
  <code code="M11">
    <editdetail attribution="Reuters BIP Coding Group" action="confirmed" date="1997-07-30"/>
  </code>
</codes>
<dc element="dc.date.created" value="1997-07-30"/>
<dc element="dc.publisher" value="Reuters Holdings Plc"/>
<dc element="dc.date.published" value="1997-07-30"/>
<dc element="dc.source" value="Reuters"/>
<dc element="dc.creator.location" value="LONDON"/>
<dc element="dc.creator.location.country.name" value="UK"/>
<dc element="dc.source" value="Reuters"/>
</metadata>
</newsitem>
