<?xml version="1.0" encoding="iso-8859-1" ?>
<newsitem itemid="764918" id="root" date="1997-07-30" xml:lang="en">
<title>USA: Researchers show diet change may cut breast cancer risk.</title>
<headline>Researchers show diet change may cut breast cancer risk.</headline>
<byline>Andrea Orr</byline>
<dateline>LOS ANGELES 1997-07-30</dateline>
<text>
<p>Women may be able to reduce their risk of breast cancer by adopting a Japanese-style diet rich in fish oils, vegetables and soy products, researchers said on Wednesday.</p>
<p>A study conducted at the University of California's Jonsson Cancer Centre showed that women were able to change the composition of their breast tissue and plasma after three-months on the altered diet. The findings will be published next week in the Journal of the National Cancer Institute.</p>
<p>&quot;At least one aspect of human breast composition in American women can be altered to approximate the breast composition of women in certain Asian and European countries...(where) the indicence of breast cancer is much lower,&quot; Dr. John Glaspy, senior author of the study, said in a statement.</p>
<p>&quot;We are very optimistic about these results. It's too early to make predictions, but we have absolute evidence that leads us to be optimistic,&quot; Glaspy said.</p>
<p>Glaspy studied 25 women with breast cancer who adopted a diet heavy in soy products, fish oils and a variety of vegetables including grean leafy vegetables, broccoli, Brussels sprouts, cauliflower and carrots.</p>
<p>At the end of three months, the women experienced an increase in a certain kind of polyunsaturated fatty acids, shown to reduce breast cancer risk, and a drop in other fatty acids known to promote cancer.</p>
<p>While the overall diet of vegetables, soy products and fish oils was linked to a reduced cancer risk, Glaspy's study looked specifically at the results of the fish oil intake. Unlike omega-6 polyunsaturated fatty acids prevalent in American diets, the omega-3 fatty acids found in fish oils actually inhibit cancer.</p>
<p>The women put on the altered diet showed a four-fold increase in the ratio of omega-3 to omega-6 fatty acids in their plasma. The ratio, esentially a measure of good versus bad fatty acids, went up 1.4-fold in the women's breast tissue after three months on the diet.</p>
<p>Omega-6 fatty acids are found primarily in vegetable oils, shortening and other foods with high corn oil content, while omega-3's are found primarily in fish.</p>
<p>The new research supports longstanding observations that women in Japan who follow traditional Japanese diets have a relatively low incidence of breast cancer.</p>
<p>When those same women come to the United States and adopt Western diets, their frequency of breast cancer rises to that of American women within a single generation, the researchers said.</p>
</text>
<copyright>(c) Reuters Limited 1997</copyright>
<metadata>
<codes class="bip:countries:1.0">
  <code code="USA">
    <editdetail attribution="Reuters BIP Coding Group" action="confirmed" date="1997-07-30"/>
  </code>
</codes>
<codes class="bip:topics:1.0">
  <code code="GCAT">
    <editdetail attribution="Reuters BIP Coding Group" action="confirmed" date="1997-07-30"/>
  </code>
  <code code="GHEA">
    <editdetail attribution="Reuters BIP Coding Group" action="confirmed" date="1997-07-30"/>
  </code>
</codes>
<dc element="dc.date.created" value="1997-07-30"/>
<dc element="dc.publisher" value="Reuters Holdings Plc"/>
<dc element="dc.date.published" value="1997-07-30"/>
<dc element="dc.source" value="Reuters"/>
<dc element="dc.creator.location" value="LOS ANGELES"/>
<dc element="dc.creator.location.country.name" value="USA"/>
<dc element="dc.source" value="Reuters"/>
</metadata>
</newsitem>
