<?xml version="1.0" encoding="iso-8859-1" ?>
<newsitem itemid="764959" id="root" date="1997-07-30" xml:lang="en">
<title>USA: Delaware Otsego says in talks with CSX, Norfolk.</title>
<headline>Delaware Otsego says in talks with CSX, Norfolk.</headline>
<dateline>WASHINGTON 1997-07-30</dateline>
<text>
<p>Money-losing freight railroad Delaware Otsego Corp. said Wednesday it is in discussions to be acquired by Norfolk Southern Corp. and CSX Corp.</p>
<p>In a filing with the U.S. Securities and Exchange Commission, Delaware Otsego President Walter Rich said talks with the two railroads have already taken place in conjunction with their proposed joint acquisition of East Coast railroad Conrail Inc. by CSX and Norfolk.</p>
<p>CSX and Norfolk agreed in April to buy Conrail for $10.3 billion. The takeover plan must be approved by federal regulators.</p>
<p>Rich, who holds the equivalent of a 14.9 percent stake in Delaware Otsego, said the talks are expected to continue about the &quot;possiblity of participating in a transaction involving the acquisition of the company or certain assets.&quot;</p>
<p>Rich's latest disclosure came a day after CSX Corp., which holds a 6 percent stake in Delaware Otsego, confirmed in a separate SEC filing that it was considering the &quot;possibility of participating with others&quot; in the acquisition of Delaware Otsego.</p>
<p>Delaware Otsego operates a 500-mile freight railroad network in New York, New Jersey and Pennsylvania.</p>
<p>The railroad has lost money in five of the last eight quarters. In the first quarter of 1997, it lost $691,000, or 38 cents a share.</p>
<p>The company's stock rose $1.25 to $22 in trading on Nasdaq Wednesday. Norfolk, Va.-based Norfolk Southern's stock slipped 19 cents to $111.125 and Richmond, Va.-based CSX rose 50 cents to $60.69, both in composite trading on the New York Stock Exchange.</p>
</text>
<copyright>(c) Reuters Limited 1997</copyright>
<metadata>
<codes class="bip:countries:1.0">
  <code code="USA">
    <editdetail attribution="Reuters BIP Coding Group" action="confirmed" date="1997-07-30"/>
  </code>
</codes>
<codes class="bip:industries:1.0">
  <code code="I71000">
    <editdetail attribution="Reuters BIP Coding Group" action="confirmed" date="1997-07-30"/>
  </code>
</codes>
<codes class="bip:topics:1.0">
  <code code="C18">
    <editdetail attribution="Reuters BIP Coding Group" action="confirmed" date="1997-07-30"/>
  </code>
  <code code="C181">
    <editdetail attribution="Reuters BIP Coding Group" action="confirmed" date="1997-07-30"/>
  </code>
  <code code="CCAT">
    <editdetail attribution="Reuters BIP Coding Group" action="confirmed" date="1997-07-30"/>
  </code>
</codes>
<dc element="dc.date.created" value="1997-07-30"/>
<dc element="dc.publisher" value="Reuters Holdings Plc"/>
<dc element="dc.date.published" value="1997-07-30"/>
<dc element="dc.source" value="Reuters"/>
<dc element="dc.creator.location" value="WASHINGTON"/>
<dc element="dc.creator.location.country.name" value="USA"/>
<dc element="dc.source" value="Reuters"/>
</metadata>
</newsitem>
