<?xml version="1.0" encoding="iso-8859-1" ?>
<newsitem itemid="764952" id="root" date="1997-07-30" xml:lang="en">
<title>AUSTRALIA: Austrim will not raise Hawker bid again.</title>
<headline>Austrim will not raise Hawker bid again.</headline>
<dateline>SYDNEY 1997-07-30</dateline>
<text>
<p>Manufacturing and investment group Austrim Ltd said on Wednesday it would not increase again its takeover bid price for auto parts group Hawker Richardson Ltd and the bid would not be extended beyond August 7.  </p>
<p>&quot;In coming to this conclusion, the board of Austrim concluded that the offer price of $1.86 for each share is a full and fair price for the Hawker shares,&quot; Austrim said.</p>
<p>It said it noted all of Hawker's directors unanimously recommended Austrim's offer of $1.86 per share be accepted.</p>
<p>Austrim said the offer price represented a premium of about 40 percent on the pre-announcement trading price of A$1.34, &quot;being in excess of the average control premium in recent comparable transactions.&quot;  </p>
<p>The offer price was also about four times Hawker's net tangible assets, which was well above the premiums received in recent comparable takeovers, Austrim said.</p>
<p>Austrim agreed on June 30 to raise its bid price to A$1.86 a share from its initial bid price of A$1.60, which secured the recommendation to accept from Austrim's board.</p>
<p>But several large pension fund shareholders have refused to accept the bid.</p>
<p>Austrim's last substantial shareholder notice showed it had secured acceptances for 14.99 million or 40.9 percent of Hawker shares.  </p>
<p>Hawker's shares were down one cent at A$1.86 by 11.30 a.m. (0130 GMT), while Austrim was up one cent at A$4.58.</p>
<p>-- Sydney Newsroom 61-2 9373-1800</p>
</text>
<copyright>(c) Reuters Limited 1997</copyright>
<metadata>
<codes class="bip:countries:1.0">
  <code code="AUSTR">
    <editdetail attribution="Reuters BIP Coding Group" action="confirmed" date="1997-07-30"/>
  </code>
</codes>
<codes class="bip:industries:1.0">
  <code code="I34350">
    <editdetail attribution="Reuters BIP Coding Group" action="confirmed" date="1997-07-30"/>
  </code>
</codes>
<codes class="bip:topics:1.0">
  <code code="C18">
    <editdetail attribution="Reuters BIP Coding Group" action="confirmed" date="1997-07-30"/>
  </code>
  <code code="C181">
    <editdetail attribution="Reuters BIP Coding Group" action="confirmed" date="1997-07-30"/>
  </code>
  <code code="CCAT">
    <editdetail attribution="Reuters BIP Coding Group" action="confirmed" date="1997-07-30"/>
  </code>
</codes>
<dc element="dc.date.created" value="1997-07-30"/>
<dc element="dc.publisher" value="Reuters Holdings Plc"/>
<dc element="dc.date.published" value="1997-07-30"/>
<dc element="dc.source" value="Reuters"/>
<dc element="dc.creator.location" value="SYDNEY"/>
<dc element="dc.creator.location.country.name" value="AUSTRALIA"/>
<dc element="dc.source" value="Reuters"/>
</metadata>
</newsitem>
