<?xml version="1.0" encoding="iso-8859-1" ?>
<newsitem itemid="764948" id="root" date="1997-07-30" xml:lang="en">
<title>POLAND: Polish finmin says '98 spending to focus on flood.</title>
<headline>Polish finmin says '98 spending to focus on flood.</headline>
<dateline>WARSAW 1997-07-30</dateline>
<text>
<p>Polish Finance Minister Marek Belka said on Wednesday reconstruction of areas devastated by July's flood will be his 1998 budget draft's priority and spending in other areas will be cut.</p>
<p>Belka said the flooding, which hit Poland more than three weeks ago causing billions of dollars in damage, had forced him to trim his earlier tentative spending proposals because he did not want to abandon the bill's macroeconomic targets.</p>
<p>He reaffirmed he would not drop his plan to cut the budget deficit next year to 1.9 percent of gross domestic product from 1997's planned 2.8 percent and curb year-on-year inflation to less than 10 percent from June's 15.3 percent.</p>
<p>&quot;This will be a budget of modest spending in many areas...and wage increases will be limited next year,&quot; Belka told a news conference.</p>
<p>International financial organisations and the central bank have urged the government to propose an even smaller budget deficit to curb domestic demand, which may hit the economy if its growth continues.</p>
<p>Belka said it was too early to give more details before cabinet debates on the budget draft, due later in the month and in September.</p>
<p>Before the flood, Belka had planned to offer significant spending increases for internal security, health and education.</p>
<p>Belka's proposals, if they are pushed through the current government, can be modified by the next parliament that will emerge from elections on September 21.</p>
<p>-- Marcin Grajewski +48 22 653 9700</p>
</text>
<copyright>(c) Reuters Limited 1997</copyright>
<metadata>
<codes class="bip:countries:1.0">
  <code code="POL">
    <editdetail attribution="Reuters BIP Coding Group" action="confirmed" date="1997-07-30"/>
  </code>
</codes>
<codes class="bip:topics:1.0">
  <code code="E21">
    <editdetail attribution="Reuters BIP Coding Group" action="confirmed" date="1997-07-30"/>
  </code>
  <code code="E211">
    <editdetail attribution="Reuters BIP Coding Group" action="confirmed" date="1997-07-30"/>
  </code>
  <code code="GDIS">
    <editdetail attribution="Reuters BIP Coding Group" action="confirmed" date="1997-07-30"/>
  </code>
  <code code="GENV">
    <editdetail attribution="Reuters BIP Coding Group" action="confirmed" date="1997-07-30"/>
  </code>
</codes>
<dc element="dc.date.created" value="1997-07-30"/>
<dc element="dc.publisher" value="Reuters Holdings Plc"/>
<dc element="dc.date.published" value="1997-07-30"/>
<dc element="dc.source" value="Reuters"/>
<dc element="dc.creator.location" value="WARSAW"/>
<dc element="dc.creator.location.country.name" value="POLAND"/>
<dc element="dc.source" value="Reuters"/>
</metadata>
</newsitem>
