<?xml version="1.0" encoding="iso-8859-1" ?>
<newsitem itemid="764966" id="root" date="1997-07-30" xml:lang="en">
<title>USA: Tobacco stripped of key defense in Medicaid case.</title>
<headline>Tobacco stripped of key defense in Medicaid case.</headline>
<dateline>WEST PALM BEACH, Fla.</dateline>
<text>
<p>In a key ruling two days before the start of trial, a Florida judge said Wednesday that tobacco companies cannot use public knowledge of the dangers of cigarette smoking as a defence.</p>
<p>Lawyers for both sides said the ruling, issued by Palm Beach Circuit Judge Harold Cohen, would have a significant impact on the tobacco industry's ability to defend itself against Florida's billion-dollar lawsuit, which seeks to recover the Medicaid costs of treating smoking-related illnesses.</p>
<p>&quot;It means they have no defences,&quot; said W. C. Gentry, a lawyer representing the state.</p>
<p>&quot;By this ruling the only thing they can try to prove is that cigarettes don't cause disease, the product wasn't defective, that they couldn't make a safer cigarette,&quot; he said.</p>
<p>Jury selection in the widely watched lawsuit was scheduled to begin Friday, with testimony expected to start in early September.</p>
<p>The tobacco companies, arguing what evidence can be presented to the jury ultimately selected to hear the case, wanted to claim that the only way the state should be able to recover damages was if it can prove that Medicaid recipients were deceived as to the dangers of smoking.</p>
<p>&quot;If not, there can be no injury,&quot; Philip Morris Cos. Inc. attorney Peter Bleakley said.</p>
<p>He said Cohen's ruling &quot;seriously impairs our ability to defend ourselves, here or elsewhere.&quot;</p>
<p>&quot;The ruling is wrong,&quot; he said. &quot;The plaintiffs should have the burden of proving what we did caused injury.&quot;</p>
<p>Bleakley said the ruling could be grounds for reversible error should the case go to an appeals court.</p>
<p>The ruling came on a motion made by the state to bar use of depositions taken from 25 Medicaid recipients who were interviewed about their Medicaid-related injuries.</p>
<p>Cohen himself called the ruling one of the most important he had made in the case.</p>
</text>
<copyright>(c) Reuters Limited 1997</copyright>
<metadata>
<codes class="bip:countries:1.0">
  <code code="USA">
    <editdetail attribution="Reuters BIP Coding Group" action="confirmed" date="1997-07-30"/>
  </code>
</codes>
<codes class="bip:industries:1.0">
  <code code="I42900">
    <editdetail attribution="Reuters BIP Coding Group" action="confirmed" date="1997-07-30"/>
  </code>
</codes>
<codes class="bip:topics:1.0">
  <code code="C12">
    <editdetail attribution="Reuters BIP Coding Group" action="confirmed" date="1997-07-30"/>
  </code>
  <code code="C13">
    <editdetail attribution="Reuters BIP Coding Group" action="confirmed" date="1997-07-30"/>
  </code>
  <code code="CCAT">
    <editdetail attribution="Reuters BIP Coding Group" action="confirmed" date="1997-07-30"/>
  </code>
  <code code="GCAT">
    <editdetail attribution="Reuters BIP Coding Group" action="confirmed" date="1997-07-30"/>
  </code>
  <code code="GCRIM">
    <editdetail attribution="Reuters BIP Coding Group" action="confirmed" date="1997-07-30"/>
  </code>
</codes>
<dc element="dc.publisher" value="Reuters Holdings Plc"/>
<dc element="dc.date.published" value="1997-07-30"/>
<dc element="dc.source" value="Reuters"/>
<dc element="dc.creator.location" value="WEST PALM BEACH, Fla."/>
<dc element="dc.creator.location.country.name" value="USA"/>
<dc element="dc.source" value="Reuters"/>
</metadata>
</newsitem>
