<?xml version="1.0" encoding="iso-8859-1" ?>
<newsitem itemid="764968" id="root" date="1997-07-30" xml:lang="en">
<title>USA: Stocks surge higher with major indeces at records.</title>
<headline>Stocks surge higher with major indeces at records.</headline>
<dateline>NEW YORK 1997-07-30</dateline>
<text>
<p>Stocks surged across the board Wednesday with the Dow Jones industrial average, the S&amp;P 500 and the Nasdaq all setting record highs.</p>
<p>Based on early and unofficial data, the Dow Jones industrial average jumped 80.36 points to close at 8,254.89. In the broader market, advancing issues led declines by a 4-1 margin on volume of about 432 million shares on the New York Stock Exchange. The S&amp;P 500 gained 10.02 points to close at 952.31 and the Nasdaq jumped 15.74 points to 1,588.06</p>
</text>
<copyright>(c) Reuters Limited 1997</copyright>
<metadata>
<codes class="bip:countries:1.0">
  <code code="USA">
    <editdetail attribution="Reuters BIP Coding Group" action="confirmed" date="1997-07-30"/>
  </code>
</codes>
<dc element="dc.date.created" value="1997-07-30"/>
<dc element="dc.publisher" value="Reuters Holdings Plc"/>
<dc element="dc.date.published" value="1997-07-30"/>
<dc element="dc.source" value="Reuters"/>
<dc element="dc.creator.location" value="NEW YORK"/>
<dc element="dc.creator.location.country.name" value="USA"/>
<dc element="dc.source" value="Reuters"/>
</metadata>
</newsitem>
