<?xml version="1.0" encoding="iso-8859-1" ?>
<newsitem itemid="764924" id="root" date="1997-07-30" xml:lang="en">
<title>USA: Morgan buying mutual fund firm stake for $900 million.</title>
<headline>Morgan buying mutual fund firm stake for $900 million.</headline>
<dateline>NEW YORK</dateline>
<text>
<p>J.P. Morgan &amp; Co. said Wednesday it has agreed to pay $900 million for a 45 percent stake in American Century Cos., the nation's fourth-largest mutual fund company, in a bid to expand its financial services business.</p>
<p>Morgan, the fourth largest banking company, said the two companies would form a new partnership to market pension plans such as 401(k) plans to corporations and individual investors.</p>
<p>Morgan said that with the deal, it will have retail mutual fund distribution, products and technology that complement its traditional focus on institutional investors.</p>
<p>Morgan, which is based in New York, also said it plans to offer financial services to individuals, focusing on the wealthy.</p>
<p>Morgan Chairman Douglas Warner III said the partnership will accelerate the company's asset management business by adding service and product expertise, distribution and technology.</p>
<p>American Century, based in Kansas City, Mo., will diversify its fund offerings and its access to large institutional clients, it said.</p>
<p>American Century, a no-load mutual fund company selling directly to individuals, manages $60 billion of assets in about 70 mutual funds.</p>
<p>Morgan manages $234 billion of assets, about 10 percent of which are mutual funds.</p>
<p>James Stowers Jr., founder of American Century, and his family will retain voting control of the company.</p>
<p>Morgan said it will have certain management rights and an option to increase its stake in American Century. In addition, two Morgan executives, Ramon de Oliveira and Edward Kelly III, will join American Century's board of directors.</p>
<p>J.P. Morgan said it expected the deal to close in four to six months.</p>
</text>
<copyright>(c) Reuters Limited 1997</copyright>
<metadata>
<codes class="bip:countries:1.0">
  <code code="USA">
    <editdetail attribution="Reuters BIP Coding Group" action="confirmed" date="1997-07-30"/>
  </code>
</codes>
<codes class="bip:industries:1.0">
  <code code="I83100">
    <editdetail attribution="Reuters BIP Coding Group" action="confirmed" date="1997-07-30"/>
  </code>
</codes>
<codes class="bip:topics:1.0">
  <code code="C18">
    <editdetail attribution="Reuters BIP Coding Group" action="confirmed" date="1997-07-30"/>
  </code>
  <code code="C181">
    <editdetail attribution="Reuters BIP Coding Group" action="confirmed" date="1997-07-30"/>
  </code>
  <code code="CCAT">
    <editdetail attribution="Reuters BIP Coding Group" action="confirmed" date="1997-07-30"/>
  </code>
</codes>
<dc element="dc.publisher" value="Reuters Holdings Plc"/>
<dc element="dc.date.published" value="1997-07-30"/>
<dc element="dc.source" value="Reuters"/>
<dc element="dc.creator.location" value="NEW YORK"/>
<dc element="dc.creator.location.country.name" value="USA"/>
<dc element="dc.source" value="Reuters"/>
</metadata>
</newsitem>
