<?xml version="1.0" encoding="iso-8859-1" ?>
<newsitem itemid="764977" id="root" date="1997-07-30" xml:lang="en">
<title>USA: Fujitsu to buy rest of Amdahl for $850 mln.</title>
<headline>Fujitsu to buy rest of Amdahl for $850 mln.</headline>
<dateline>SUNNYVALE, Calif. 1997-07-30</dateline>
<text>
<p>Japanese computer conglomerate Fujitsu Ltd on Wednesday said it will buy the remainder of the shares of Amdahl Corp  it does not own for $12 a share, in a cash deal worth about $850 million.</p>
<p>Fujitsu already owns 42 percent of Amdahl, the Sunnyvale, Calif.-based maker of IBM-compatible mainframe computers and related data stroage systems.  </p>
<p>Fujitsu said Amdahl will become a wholly-owned subsidiary. Its company name and management team will be retained, and there will be essentially no reductions in employment levels as a result of the merger, Fujitsu said.</p>
<p>Amdahl was founded in the early-1970s by Gene Amdahl, the principal architect of International Business Machine Corp's popular family of business mainframe computers known as the System 360. The company was the first to offer an alternative mainframe computer, based on IBM-compatible standards, and achieved success by offering machines that were faster, cheaper and with higher capacity than IBM mainframes.</p>
<p>Fujitsu, the world's second largest computer company after IBM, was one of Amdahl's earliest investors, and its stake in the company has steadily grown over the past 25 years.</p>
<p>Amdahl results began to deteriorate in the early 1990s amid a general slowing of demand for mainframe computers, but have stabilized in recent years as it diversified into new product lines and participated in a cut-throat pricing war that spurred new demand for mainframes.</p>
</text>
<copyright>(c) Reuters Limited 1997</copyright>
<metadata>
<codes class="bip:countries:1.0">
  <code code="JAP">
    <editdetail attribution="Reuters BIP Coding Group" action="confirmed" date="1997-07-30"/>
  </code>
  <code code="USA">
    <editdetail attribution="Reuters BIP Coding Group" action="confirmed" date="1997-07-30"/>
  </code>
</codes>
<codes class="bip:industries:1.0">
  <code code="I33020">
    <editdetail attribution="Reuters BIP Coding Group" action="confirmed" date="1997-07-30"/>
  </code>
  <code code="I3302003">
    <editdetail attribution="Reuters BIP Coding Group" action="confirmed" date="1997-07-30"/>
  </code>
</codes>
<codes class="bip:topics:1.0">
  <code code="C18">
    <editdetail attribution="Reuters BIP Coding Group" action="confirmed" date="1997-07-30"/>
  </code>
  <code code="C181">
    <editdetail attribution="Reuters BIP Coding Group" action="confirmed" date="1997-07-30"/>
  </code>
  <code code="CCAT">
    <editdetail attribution="Reuters BIP Coding Group" action="confirmed" date="1997-07-30"/>
  </code>
</codes>
<dc element="dc.date.created" value="1997-07-30"/>
<dc element="dc.publisher" value="Reuters Holdings Plc"/>
<dc element="dc.date.published" value="1997-07-30"/>
<dc element="dc.source" value="Reuters"/>
<dc element="dc.creator.location" value="SUNNYVALE, Calif."/>
<dc element="dc.creator.location.country.name" value="USA"/>
<dc element="dc.source" value="Reuters"/>
</metadata>
</newsitem>
