<?xml version="1.0" encoding="iso-8859-1" ?>
<newsitem itemid="764945" id="root" date="1997-07-30" xml:lang="en">
<title>RUSSIA: Russian shares ease in light trade, profit-taking.</title>
<headline>Russian shares ease in light trade, profit-taking.</headline>
<dateline>MOSCOW 1997-07-30</dateline>
<text>
<p>Leading Russian shares sank in quiet trade on Wednesday on Western profit-taking, traders said, seeing little movement in the market's most liquid shares to the end of the week.</p>
<p>The Russian Trading System 22-share index dipped to 508.12, down from Tuesday's record 517.54, on a limp $46.2 million total market turnover.</p>
<p>&quot;Many foreign investor decided to take profits,&quot; said Rossiisky Kredit Bank trader Andrei Girichev, saying he expected a quiet day on Thursday. &quot;Russians are continuing to buy but they don't have the strength (to support the market).&quot;</p>
<p>Metals producer Norilsk Nickel  NKEL.RTS closed at $14.90, a hair lower than Tuesday's closing $15.00 despite reaching a peak of 15.95 earlier in the day, while national power company UES  EESR.RTS ticked down to $0.4150 from $0.4236.</p>
<p>Norilsk has been volatile since the company announced on Tuesday it was doubling share capital through a rights issue.</p>
<p>International long-distance carrier Rostelekom  RTKM.RTS slipped to $4.89 from $4.95.</p>
<p>Some traders said the market was taking a breather after the gains made earlier in the week on the tail of Friday's sale of a quarter stake in telecoms holding company Svyazinvest, which owns a controlling stake in Rostelekom and 88 other telecoms.</p>
<p>But others saw a stable market with interest moving to the less liquid shares on the second and third tier on Thursday.</p>
<p>&quot;The interest in general is much stronger (on the second and third tier),&quot; said Alfa Capital director of sales Alexander Bubnovsky. &quot;I would expect (leading shares) to go up and down but no major movements.&quot;</p>
<p>--Christina Ling, Moscow Newsroom, +7095 941 8520</p>
</text>
<copyright>(c) Reuters Limited 1997</copyright>
<metadata>
<codes class="bip:countries:1.0">
  <code code="RUSS">
    <editdetail attribution="Reuters BIP Coding Group" action="confirmed" date="1997-07-30"/>
  </code>
</codes>
<codes class="bip:topics:1.0">
  <code code="M11">
    <editdetail attribution="Reuters BIP Coding Group" action="confirmed" date="1997-07-30"/>
  </code>
</codes>
<dc element="dc.date.created" value="1997-07-30"/>
<dc element="dc.publisher" value="Reuters Holdings Plc"/>
<dc element="dc.date.published" value="1997-07-30"/>
<dc element="dc.source" value="Reuters"/>
<dc element="dc.creator.location" value="MOSCOW"/>
<dc element="dc.creator.location.country.name" value="RUSSIA"/>
<dc element="dc.source" value="Reuters"/>
</metadata>
</newsitem>
