<?xml version="1.0" encoding="iso-8859-1" ?>
<newsitem itemid="765005" id="root" date="1997-07-30" xml:lang="en">
<title>BELGIUM: FOCUS-EU clears 23.76 bln francs aid for GAN.</title>
<headline>FOCUS-EU clears 23.76 bln francs aid for GAN.</headline>
<dateline>BRUSSELS 1997-07-30</dateline>
<text>
<p>The European Commission on Wednesday cleared a French rescue plan for GAN, the country's fifth largest insurer, after the French government confirmed it would privatise the loss-making firm.</p>
<p>The plan includes a capital injection of 11 billion francs ($1.77 billion), mainly to cover huge losses recorded by GAN's property unit UIC, a state guarantee valued at 9.9 billion francs for future losses in restructuring the GAN group and a 2.86-billion-franc state injection carried out in 1995.</p>
<p>It is the second time in two years that the EU has agreed to rescue plans for GAN bringing the total bill for French taxpayers to 23.76 billion francs.</p>
<p>In return for the new rescue plan, GAN will sell its banking unit CIC; divest property units UIC and UIS; sell other holdings for a total value of 2.4 billion francs; and halve its foreign commercial interests, the Commission said in a statement.</p>
<p>The Commission said these divestments must be carried out before the end of 1998.</p>
<p>It said the measures, some of which have already been announced by the French group, would ensure the return to profit of GAN, which has lost 35 billion francs since 1992.</p>
<p>&quot;(The Commission) reached the conclusion that the new restructuring measures being undertaken will help GAN to break even or do even better,&quot; it said in a statement.</p>
<p>GAN said earlier this month it had started the sale of UIC which ran up 30 billion francs of losses in three years, the root of GAN's financial problems</p>
<p>The new French government of Socialist leader Lionel Jospin recently endorsed the planned privatisation of GAN and a number of insurance companies have said they were interested in the company including AGF and Allianz of Germany. $1 = 6.20</p>
</text>
<copyright>(c) Reuters Limited 1997</copyright>
<metadata>
<codes class="bip:countries:1.0">
  <code code="EEC">
    <editdetail attribution="Reuters BIP Coding Group" action="confirmed" date="1997-07-30"/>
  </code>
  <code code="FRA">
    <editdetail attribution="Reuters BIP Coding Group" action="confirmed" date="1997-07-30"/>
  </code>
</codes>
<codes class="bip:industries:1.0">
  <code code="I82000">
    <editdetail attribution="Reuters BIP Coding Group" action="confirmed" date="1997-07-30"/>
  </code>
</codes>
<codes class="bip:topics:1.0">
  <code code="C13">
    <editdetail attribution="Reuters BIP Coding Group" action="confirmed" date="1997-07-30"/>
  </code>
  <code code="C17">
    <editdetail attribution="Reuters BIP Coding Group" action="confirmed" date="1997-07-30"/>
  </code>
  <code code="C18">
    <editdetail attribution="Reuters BIP Coding Group" action="confirmed" date="1997-07-30"/>
  </code>
  <code code="C183">
    <editdetail attribution="Reuters BIP Coding Group" action="confirmed" date="1997-07-30"/>
  </code>
  <code code="CCAT">
    <editdetail attribution="Reuters BIP Coding Group" action="confirmed" date="1997-07-30"/>
  </code>
  <code code="E12">
    <editdetail attribution="Reuters BIP Coding Group" action="confirmed" date="1997-07-30"/>
  </code>
  <code code="ECAT">
    <editdetail attribution="Reuters BIP Coding Group" action="confirmed" date="1997-07-30"/>
  </code>
  <code code="G15">
    <editdetail attribution="Reuters BIP Coding Group" action="confirmed" date="1997-07-30"/>
  </code>
  <code code="G152">
    <editdetail attribution="Reuters BIP Coding Group" action="confirmed" date="1997-07-30"/>
  </code>
  <code code="G157">
    <editdetail attribution="Reuters BIP Coding Group" action="confirmed" date="1997-07-30"/>
  </code>
  <code code="GCAT">
    <editdetail attribution="Reuters BIP Coding Group" action="confirmed" date="1997-07-30"/>
  </code>
</codes>
<dc element="dc.date.created" value="1997-07-30"/>
<dc element="dc.publisher" value="Reuters Holdings Plc"/>
<dc element="dc.date.published" value="1997-07-30"/>
<dc element="dc.source" value="Reuters"/>
<dc element="dc.creator.location" value="BRUSSELS"/>
<dc element="dc.creator.location.country.name" value="BELGIUM"/>
<dc element="dc.source" value="Reuters"/>
</metadata>
</newsitem>
