<?xml version="1.0" encoding="iso-8859-1" ?>
<newsitem itemid="765060" id="root" date="1997-07-30" xml:lang="en">
<title>USA: CBOT T-Bond prelim vol/open interest for July 29.</title>
<headline>CBOT T-Bond prelim vol/open interest for July 29.</headline>
<text>
<p>MTH YR   EVE  PROJ A   DAY VOL   CASH  OPEN INT CHANGE</p>
<p>T-BONDS SEP97   6,014 12,614   427,349 17,743   507,336  8,004+</p>
<p>	  DEC97		  4     4,630	     41,616    723+</p>
<p>	  MAR98				3	     16,254	2+</p>
<p>	  JUN98				4		1,631</p>
<p>	  SEP98						   818</p>
<p>	  DEC98						   401</p>
<p>	  MAR99						    46</p>
<p>	  JUN99						     1</p>
<p>	  SEP99						     2</p>
<p>	  DEC99						     1</p>
<p>	  TOTAL   6,014 12,618   431,986 17,743   568,106  8,729+</p>
<p>Note: All figures in contracts. (Chicago newsdesk 312 408 8720)</p>
</text>
<copyright>(c) Reuters Limited 1997</copyright>
<metadata>
<codes class="bip:countries:1.0">
  <code code="USA">
    <editdetail attribution="Reuters BIP Coding Group" action="confirmed" date="1997-07-30"/>
  </code>
</codes>
<codes class="bip:topics:1.0">
  <code code="M12">
    <editdetail attribution="Reuters BIP Coding Group" action="confirmed" date="1997-07-30"/>
  </code>
  <code code="MCAT">
    <editdetail attribution="Reuters BIP Coding Group" action="confirmed" date="1997-07-30"/>
  </code>
</codes>
<dc element="dc.publisher" value="Reuters Holdings Plc"/>
<dc element="dc.date.published" value="1997-07-30"/>
<dc element="dc.source" value="Reuters"/>
<dc element="dc.creator.location.country.name" value="USA"/>
<dc element="dc.source" value="Reuters"/>
</metadata>
</newsitem>
