<?xml version="1.0" encoding="iso-8859-1" ?>
<newsitem itemid="765003" id="root" date="1997-07-30" xml:lang="en">
<title>BELGIUM: EU offers aid to flood-damaged eastern Germany.</title>
<headline>EU offers aid to flood-damaged eastern Germany.</headline>
<dateline>BRUSSELS 1997-07-30</dateline>
<text>
<p>The European Union proposed on Wednesday 1.5 billion Ecu in relief aid for the German state of Brandenburg in order to help the battered region cope with the worst flooding seen in more than 200 years.</p>
<p>EU Regional Affairs Commissioner Monika Wulf-Mathies told a news conference that the European Commission would consult the European Parliament over the proposed aid. It was unclear how quickly the money would be made available.</p>
<p>&quot;This is an absolute necessary decision,&quot; Wulf-Mathies told reporters, adding that she would visit the region on Friday.</p>
<p>Floods along the River Oder on the German-Polish border showed signs of receding on Wednesday after a fresh high-water surge expected overnight did not materialise, officials in eastern Germany said.</p>
<p>There has been no loss of life in eastern Germany, but damage to homes, farms and businesses has been extensive.</p>
<p>A significant portion of the aid would be used to repair sewage and waste disposal systems and ensuring safe drinking water.</p>
</text>
<copyright>(c) Reuters Limited 1997</copyright>
<metadata>
<codes class="bip:countries:1.0">
  <code code="EEC">
    <editdetail attribution="Reuters BIP Coding Group" action="confirmed" date="1997-07-30"/>
  </code>
  <code code="GFR">
    <editdetail attribution="Reuters BIP Coding Group" action="confirmed" date="1997-07-30"/>
  </code>
</codes>
<codes class="bip:topics:1.0">
  <code code="E51">
    <editdetail attribution="Reuters BIP Coding Group" action="confirmed" date="1997-07-30"/>
  </code>
  <code code="G155">
    <editdetail attribution="Reuters BIP Coding Group" action="confirmed" date="1997-07-30"/>
  </code>
  <code code="G158">
    <editdetail attribution="Reuters BIP Coding Group" action="confirmed" date="1997-07-30"/>
  </code>
</codes>
<dc element="dc.date.created" value="1997-07-30"/>
<dc element="dc.publisher" value="Reuters Holdings Plc"/>
<dc element="dc.date.published" value="1997-07-30"/>
<dc element="dc.source" value="Reuters"/>
<dc element="dc.creator.location" value="BRUSSELS"/>
<dc element="dc.creator.location.country.name" value="BELGIUM"/>
<dc element="dc.source" value="Reuters"/>
</metadata>
</newsitem>
