<?xml version="1.0" encoding="iso-8859-1" ?>
<newsitem itemid="765015" id="root" date="1997-07-30" xml:lang="en">
<title>INDIA: FEATURE-Sony sees gold in Indian pop.</title>
<headline>FEATURE-Sony sees gold in Indian pop.</headline>
<byline>Sanjit Singh</byline>
<dateline>NEW DELHI 1997-07-30</dateline>
<text>
<p>Sony of Japan hopes to strike gold with its recent foray into India's pop music industry.</p>
<p>Eyeing a big Asian opportunity in compact discs (CDs) and cassettes, Sony Music Entertainment (Japan) Inc aims to challenge worldwide rivals with its new subsidiary, Sony Music India (Private) Ltd.</p>
<p>Sony's strategy is to bring its global repertoire to India and buttress it with homegrown music which it plans to export beyond Indian shores.</p>
<p>&quot;We have taken our time coming to India, because we wanted to come in as a fully-owned unit that allows us to start afresh and gives us access to all our parent's strengths,&quot; marketing director Shridhar Subramanium told Reuters.</p>
<p>Sony, along with its key rivals Polygram NV, EMI Group plc, Time Warner Inc and Bertelsmann AG, control 80 percent of the world's music market.</p>
<p>The other four have licensing or joint venture agreements in India, but Sony has gone a step beyond its earlier licensing agreement with Pan Music and Magazines Ltd.</p>
<p>Sony Music India has an investment target of $15 million over the next five years in India, with an aim to achieve sales of $48.7 million, or 26.6 percent of the market, by 2002.</p>
<p>Sony Music Entertainment Inc is 71 percent owned by electronics giant Sony Corp, which has entered India under a six-year-old economic liberalisation programme.</p>
<p>Sony also beams through an Indian subsidiary a Hindi language satellite television channel that market researchers say is proving to be a keen competitor for market leader Zee, affiliated to Zee Telefilms Ltd.</p>
<p>LAST, NOT LEAST</p>
<p>Being the last among big labels has not deterred Sony Music India from shaking up the domestic music scene.</p>
<p>It has signed southern India's movie and fusion music wunderkind A.R. Rahman to compose four albums. Rahman, who blends classical Indian motifs with gutsy techno sounds, is a rage in India's bustling cities and rural tea shops.</p>
<p>Sony has also set up its own manufacturing unit capable of producing 18.8 million cassettes a year. And it has changed pricing rules for cassettes and compact discs.</p>
<p>In April, it launched its cassettes at 100 rupees ($2.8) per unit, about 30 rupees higher than the market median of 70 rupees, and its compact discs at 485 rupees for new releases and 360 rupees for others, compared to the average price of 525 rupees.</p>
<p>&quot;In the West, the price ratio of cassettes to CDs is one to one-and-a-half, but in India it has been one to 15. We want to bring it to at least one to five, to spur CD sales. Once CD sales pick up, we plan to set up a plant here,&quot; said Subramanium.</p>
<p>India is one of three countries in Asia, along with Indonesia and China, where Sony Music has set up subsidiaries. The company sees these three markets, with a thriving local repertoire industry, as the big drivers of regional growth.</p>
<p>&quot;Mature markets are plateauing, as there is no real big trend in music at present. Asia provides a massive growth opportunity for music companies, with an explosion in delivery vehicles and a growing acceptability of international music,&quot; Subramanium said.</p>
<p>A recent survey by market research organisation ORG MARG Ltd put the size of the Indian music market at 450 million units, worth 15 billion rupees ($419 million) a year.</p>
<p>DOING AS THE INDIANS DO</p>
<p>While the Sony label boasts some of the biggest names in the international music business -- Bruce Springsteen, Bob Dylan, Pink Floyd, Aerosmith, Michael Jackson and Mariah Carey -- its focus in India is on local pop artistes.</p>
<p>According to ORG MARG's survey, international music holds only five percent of the market. India's music-laden movies have accounted for most of the popular music market, with 65 percent.</p>
<p>Sony's bet is on Indian pop music, or &quot;Indipop,&quot; a five-year-old phenomenon which has targeted young listeners.</p>
<p>&quot;When Rahman's first album is released by Sony, it will be a world event. We will simultaneously launch it in 20 different countries,&quot; Subramanium said.</p>
<p>Now that is not something Indian artistes usually enjoy. ($1=35.7 rupees)</p>
</text>
<copyright>(c) Reuters Limited 1997</copyright>
<metadata>
<codes class="bip:countries:1.0">
  <code code="INDIA">
    <editdetail attribution="Reuters BIP Coding Group" action="confirmed" date="1997-07-30"/>
  </code>
  <code code="JAP">
    <editdetail attribution="Reuters BIP Coding Group" action="confirmed" date="1997-07-30"/>
  </code>
</codes>
<codes class="bip:industries:1.0">
  <code code="I34540">
    <editdetail attribution="Reuters BIP Coding Group" action="confirmed" date="1997-07-30"/>
  </code>
</codes>
<codes class="bip:topics:1.0">
  <code code="C21">
    <editdetail attribution="Reuters BIP Coding Group" action="confirmed" date="1997-07-30"/>
  </code>
  <code code="C31">
    <editdetail attribution="Reuters BIP Coding Group" action="confirmed" date="1997-07-30"/>
  </code>
  <code code="CCAT">
    <editdetail attribution="Reuters BIP Coding Group" action="confirmed" date="1997-07-30"/>
  </code>
  <code code="GCAT">
    <editdetail attribution="Reuters BIP Coding Group" action="confirmed" date="1997-07-30"/>
  </code>
  <code code="GENT">
    <editdetail attribution="Reuters BIP Coding Group" action="confirmed" date="1997-07-30"/>
  </code>
</codes>
<dc element="dc.date.created" value="1997-07-30"/>
<dc element="dc.publisher" value="Reuters Holdings Plc"/>
<dc element="dc.date.published" value="1997-07-30"/>
<dc element="dc.source" value="Reuters"/>
<dc element="dc.creator.location" value="NEW DELHI"/>
<dc element="dc.creator.location.country.name" value="INDIA"/>
<dc element="dc.source" value="Reuters"/>
</metadata>
</newsitem>
