<?xml version="1.0" encoding="iso-8859-1" ?>
<newsitem itemid="765033" id="root" date="1997-07-30" xml:lang="en">
<title>CANADA: Canada to launch film production support program.</title>
<headline>Canada to launch film production support program.</headline>
<byline>Jeffrey Hodgson</byline>
<dateline>TORONTO 1997-07-30</dateline>
<text>
<p>The Canadian government said on Wednesday it plans a new financial support program for film and video production, which for the first time would make funding available to Hollywood studios.</p>
<p>Unlike past funding programs, which applied only to Canadian productions, the new program will be available to both domestic and foreign producers shooting in Canada.</p>
<p>Government officials -- who would not reveal how much the program will be worth -- said it would consult with the industry to decide what form the program should take.</p>
<p>&quot;The details haven't been worked out,&quot; Ed Short, a tax policy officer with the Canadian Finance Department, told Reuters.</p>
<p>&quot;We could go with a tax credit that's given directly to the producer or we could go with a grant directly to the film producer, or perhaps by low interest loans,&quot; Short said.</p>
<p>The new program will be tied to the labor expenses of productions and take effect in November.</p>
<p>Historically, the Canadian government has provided direct financial support only to productions that met certain &quot;Canadian content&quot; requirements. The requirements included having a percentage of Canadians involved in both the creative and financial components of the film.</p>
<p>That included films such as David Cronenberg's &quot;Crash&quot;, Atom Egoyan's &quot;Exotica&quot; and &quot;The Sweet Hereafter&quot; and Lynne Stopkewich's &quot;Kissed&quot;.</p>
<p>Government officials acknowledged the new program was designed partly to lure foreign productions to Canada.</p>
<p>&quot;It's expected that it could be used by Hollywood studios in Canada and that's not necessarily a bad thing. The idea behind this is to promote jobs,&quot; said Short. &quot;The idea is to try to bring some of those jobs to Canada.&quot;</p>
<p>In 1996 foreign film and television production in Canada exceeded C$800 million (US$580 million). Many producers are lured to Canada by the weak currency and skilled crews.</p>
<p>Toronto is the third largest film and televison production center in North America after Los Angeles and New York.</p>
<p>((Reuters Toronto Bureau (416) 941-8100))</p>
</text>
<copyright>(c) Reuters Limited 1997</copyright>
<metadata>
<codes class="bip:countries:1.0">
  <code code="CANA">
    <editdetail attribution="Reuters BIP Coding Group" action="confirmed" date="1997-07-30"/>
  </code>
</codes>
<codes class="bip:industries:1.0">
  <code code="I97100">
    <editdetail attribution="Reuters BIP Coding Group" action="confirmed" date="1997-07-30"/>
  </code>
</codes>
<codes class="bip:topics:1.0">
  <code code="C13">
    <editdetail attribution="Reuters BIP Coding Group" action="confirmed" date="1997-07-30"/>
  </code>
  <code code="C17">
    <editdetail attribution="Reuters BIP Coding Group" action="confirmed" date="1997-07-30"/>
  </code>
  <code code="CCAT">
    <editdetail attribution="Reuters BIP Coding Group" action="confirmed" date="1997-07-30"/>
  </code>
  <code code="E21">
    <editdetail attribution="Reuters BIP Coding Group" action="confirmed" date="1997-07-30"/>
  </code>
  <code code="E211">
    <editdetail attribution="Reuters BIP Coding Group" action="confirmed" date="1997-07-30"/>
  </code>
  <code code="ECAT">
    <editdetail attribution="Reuters BIP Coding Group" action="confirmed" date="1997-07-30"/>
  </code>
</codes>
<dc element="dc.date.created" value="1997-07-30"/>
<dc element="dc.publisher" value="Reuters Holdings Plc"/>
<dc element="dc.date.published" value="1997-07-30"/>
<dc element="dc.source" value="Reuters"/>
<dc element="dc.creator.location" value="TORONTO"/>
<dc element="dc.creator.location.country.name" value="CANADA"/>
<dc element="dc.source" value="Reuters"/>
</metadata>
</newsitem>
