<?xml version="1.0" encoding="iso-8859-1" ?>
<newsitem itemid="765024" id="root" date="1997-07-30" xml:lang="en">
<title>EU: Official Journal contents - OJ L 201 of July 29, 1997.</title>
<headline>Official Journal contents - OJ L 201 of July 29, 1997.</headline>
<text>
<p>*</p>
<p>COMMISSION DECISION of 17 July 1996 in a proceeding pursuant to Council Regulation (EEC) No 4064/89 (Case No IV/M.737 - Ciba-Geigy/Sandoz) (Only the German text is authentic) (Text with EEA relevance) (97/469/EC) END OF DOCUMENT.</p>
</text>
<copyright>(c) Reuters Limited 1997</copyright>
<metadata>
<codes class="bip:countries:1.0">
  <code code="EEC">
    <editdetail attribution="Reuters BIP Coding Group" action="confirmed" date="1997-07-30"/>
  </code>
</codes>
<codes class="bip:topics:1.0">
  <code code="G15">
    <editdetail attribution="Reuters BIP Coding Group" action="confirmed" date="1997-07-30"/>
  </code>
  <code code="GCAT">
    <editdetail attribution="Reuters BIP Coding Group" action="confirmed" date="1997-07-30"/>
  </code>
</codes>
<dc element="dc.publisher" value="Reuters Holdings Plc"/>
<dc element="dc.date.published" value="1997-07-30"/>
<dc element="dc.source" value="Reuters"/>
<dc element="dc.creator.location.country.name" value="EU"/>
<dc element="dc.source" value="Reuters"/>
</metadata>
</newsitem>
