<?xml version="1.0" encoding="iso-8859-1" ?>
<newsitem itemid="765062" id="root" date="1997-07-30" xml:lang="en">
<title>USA: TABLE-Vail Q3 June 30 shr loss $0.40, in line.</title>
<headline>TABLE-Vail Q3 June 30 shr loss $0.40, in line.</headline>
<dateline>VAIL, Col. 1997-07-30</dateline>
<text>
<p>First Call Q3 consensus estimate was a loss of $0.40.</p>
<p>				1997			1996</p>
<p> Shr loss		   $0.40    loss	  $0.44</p>
<p> Net loss		  13,895    loss	  9,072</p>
<p> Revs			37,909		   16,870</p>
<p>(All data above 000s except per share numbers)  </p>
<p>					     -PRO FORMA-</p>
<p>			     3 Mos ended 6/30     9 Mos ended 6/30</p>
<p>			    1997	1996	  1997	  1996</p>
<p>Net Revenues</p>
<p>    Resort	    28,031     29,299     267,786   245,906</p>
<p>    Real estate	9,878	2,288	62,141    35,798</p>
<p> Net Revenues	 37,909     31,587     329,927   281,704</p>
<p>Operating Expenses</p>
<p>    Resort	    34,801     35,310     166,006   151,602</p>
<p>    Reorg charge     2,200	   --	 2,200	  --</p>
<p>    Real estate	7,752	3,827	54,067    31,180</p>
<p>    Corporate expense 1,153	 979	 3,233     3,451</p>
<p>    Deprec and amort  9,704	9,364	29,476    27,380</p>
<p> Total oper expenses 55,610     49,480     254,982   213,613</p>
<p> Income from opers  (17,701)   (17,893)	74,945    68,091</p>
<p>Other income (expense)</p>
<p>    Investment income  589	1,079	 1,658     1,934</p>
<p>    Interest expense (4,610)   (4,331)    (12,157)  (15,377)</p>
<p>Gain (loss) on sale</p>
<p>     of fixed assets  (121)    (2,425)	 (103)   (2,253)</p>
<p>    Other		  237    (1,350)	   654     (879)</p>
<p>Income before income</p>
<p>  taxes	     (21,606)   (24,920)	64,997    51,516</p>
<p>Provision for income</p>
<p>  taxes		  7,711	8,932    (26,582)  (21,468)</p>
<p> Net income	 (13,895)   (15,988)	38,415    30,048</p>
<p>Weighted average shares</p>
<p>  outstanding   34,574 34,345  34,468 34,345</p>
<p> EPS		   ($0.40)    ($0.47)	 $1.11     $0.87</p>
<p>* Other data:</p>
<p>Resort operating</p>
<p>     cash flow     (6,770)    (6,011)     101,780    94,304</p>
<p>    Resort EBITDA  (7,923)    (6,990)	98,547    90,853</p>
<p>    Net income    (12,537)   (15,988)	39,774    30,048</p>
<p> Earnings per share ( 0.36)    ( 0.47)	  1.15	0.87</p>
<p>Revenue from real estate</p>
<p>     sales	     9,878	2,288	62,141    35,798</p>
<p>Real estate operating</p>
<p>     profit	    2,126    (1,539)	 8,074     4,618</p>
<p>(in thousands of dollars except per share amounts)</p>
<p>* Resort operating cash flow, resort EBITDA, net income and earnings per share under &quot;other data&quot; were calculated for comparative purposes excluding the one-time, pre-tax, $2.2 million reorganization expense incurred in the third quarter.  </p>
<p>				     -ACTUAL-</p>
<p>			  3 Mos ended 6/30	 9 Mos ended 6/30</p>
<p>			  1997     1996(a)	1997(b)     1996(a)</p>
<p>Net Revenues</p>
<p>    Resort	  28,031	14,192	235,621     132,258</p>
<p>    Real estate    9,878	 2,678	 61,889	35,714</p>
<p> Net Revenues     37,909	16,870	297,510     167,972</p>
<p>Operating Expenses</p>
<p>    Resort	  34,801	16,093	138,206	77,238</p>
<p>Reorganization</p>
<p>     charge	  2,200	    --	  2,200	    --</p>
<p>    Real estate    7,752	 3,758	 53,992	30,962</p>
<p>Corporate</p>
<p>     expense	 1,153	   979	  3,233	 3,451</p>
<p>Depreciation and</p>
<p>     amortization  9,704	 4,482	 24,412	13,590</p>
<p>Total operating</p>
<p>  expenses	  55,610	25,312	222,043     125,241</p>
<p>Income from</p>
<p>  operations    (17,701)     (8,442)	 75,467	42,731</p>
<p>Other income (expense)</p>
<p>Investment income</p>
<p>			   589	    89	  1,226	   944</p>
<p>   Interest expense (4,610)   (3,130)     (15,853)    (13,678)</p>
<p>Loss on sale of</p>
<p>     fixed assets  (121)     (2,635)	  (156)     (2,629)</p>
<p>    Other		237     (1,350)	     87	 (879)</p>
<p>Income before</p>
<p>  income taxes  (21,606)    (15,468)	 60,771	26,489</p>
<p>Provision for</p>
<p>  income taxes     7,711	 6,396     (24,551)    (11,226)</p>
<p> Net income     (13,895)     (9,072)	 36,220	15,263</p>
<p> Wgtd avg shrs 34,573,863  20,584,868   29,531,486  20,584,868</p>
<p> Earnings per share ($0.40)   ($0.44)	 $1.23	 $0.74</p>
<p>(a) Excludes results of Ralston Resorts.</p>
<p>(b) Includes results of Ralston Resorts for the 178-day period from January 4, 1997 to June 30, 1997.</p>
<p>				    Supplemental Data</p>
<p>					(in thousands)</p>
<p>	    3Q 96   3Q 97  % Change   YTD 96    YTD97  % Change</p>
<p>Resort Revenues</p>
<p>(pro forma)</p>
<p>Lift ticket</p>
<p>	    $12,245 $10,578 (13.6%)   $127,663  $135,884   6.4%</p>
<p>Ski school</p>
<p>		2,995   1,999 (33.3%)     33,091    34,471   4.2%</p>
<p>Food service</p>
<p>		4,448   5,010   12.6%     32,341    36,535  13.0%</p>
<p>Retail/rental</p>
<p>		1,311   1,576   20.2%     12,758    16,406  28.6%</p>
<p>Hospitality</p>
<p>		4,303   4,644    7.9%     25,244    26,935   6.7%</p>
<p> Other	3,997   4,224    5.7%     14,809    17,555  18.5%</p>
<p>Total Resort</p>
<p> Revenues  29,299  28,031  (4.3%)    245,906   267,786   8.9%</p>
<p>Total Skier</p>
<p> Visits   498,923 519,615    4.1%  4,643,777 4,890,033   5.3%</p>
</text>
<copyright>(c) Reuters Limited 1997</copyright>
<metadata>
<codes class="bip:countries:1.0">
  <code code="USA">
    <editdetail attribution="Reuters BIP Coding Group" action="confirmed" date="1997-07-30"/>
  </code>
</codes>
<codes class="bip:industries:1.0">
  <code code="I66500">
    <editdetail attribution="Reuters BIP Coding Group" action="confirmed" date="1997-07-30"/>
  </code>
</codes>
<codes class="bip:topics:1.0">
  <code code="C15">
    <editdetail attribution="Reuters BIP Coding Group" action="confirmed" date="1997-07-30"/>
  </code>
  <code code="C151">
    <editdetail attribution="Reuters BIP Coding Group" action="confirmed" date="1997-07-30"/>
  </code>
  <code code="CCAT">
    <editdetail attribution="Reuters BIP Coding Group" action="confirmed" date="1997-07-30"/>
  </code>
</codes>
<dc element="dc.date.created" value="1997-07-30"/>
<dc element="dc.publisher" value="Reuters Holdings Plc"/>
<dc element="dc.date.published" value="1997-07-30"/>
<dc element="dc.source" value="Reuters"/>
<dc element="dc.creator.location" value="VAIL, Col."/>
<dc element="dc.creator.location.country.name" value="USA"/>
<dc element="dc.source" value="Reuters"/>
</metadata>
</newsitem>
