<?xml version="1.0" encoding="iso-8859-1" ?>
<newsitem itemid="765016" id="root" date="1997-07-30" xml:lang="en">
<title>NAMIBIA: SAB AWAITS GO-AHEAD ON NAMIBIAN BREWERY.</title>
<headline>SAB AWAITS GO-AHEAD ON NAMIBIAN BREWERY.</headline>
<dateline>WINDHOEK 1997-07-30</dateline>
<text>
<p>South African Breweries (SAB) said on Tuesday it was awaiting a response from the Namibian government on plans to build a brewery at Oshakati near the northern Angolan border.</p>
<p>&quot;We have put in an application for a brewery at Oshakati a month ago and hope for a response from the Namibian government,&quot; Andre Parker, managing director of SAB's international beer business, told Reuters.</p>
<p>He said if SAB was granted permission to the build the brewery, involving an investment of around one million rand, it would be the company's first in Namibia.</p>
<p>Building would take about 18 months, Parker added.</p>
<p>Parker said the brewery would also serve the unexplored market in southern Angola, although the company his hoping to take over a brewery in the southern Angolan town of Lubango.</p>
<p>According to SAB's Namibian proposal, 51 percent of the shares would be owned by local entrepreneurs, while SAB would retain a minority shareholding of 49 percent.</p>
<p>Two years ago local competitor Namibian Breweries Limited (NBL) successfully managed to stave off plans for a SAB brewery at Tsumeb, about 400 kilometres north of the capital Windhoek.</p>
<p>NBL feared at the time it would be forced to close its operations and retrench staff at its Swakopmund brewery.</p>
<p>Since then relations between the two competitors have been strained with allegations and counter allegations of unfair practise surfacing repeatedly.</p>
<p>The latest row surrounds a 750ml non-refundable quart, which is being marketed by SAB in Namibia only.</p>
<p>NBL claimed the bottle was almost identical to its own refundable 750ml quart and was being sold at the same price as the local quart.</p>
<p>SAB has plants all over southern Africa and is said to hold 98 percent of the regional market. Analysts believe Namibia Breweries is its only competitor worth mentioning.</p>
<p>Government protectionism has so far ensured NBL dominates the Namibian market, but should the latest proposal be accepted, NBL is set to lose up to 40 percent of its local market share.</p>
<p>NBL's marketing manager Ernst Ender is adamant that the small Namibian market does not justify a third brewery apart from NBL's operations at Swakopmund and Windhoek.</p>
<p>&quot;Due to the size of the market it is totally out of the question to sustain three breweries&quot;, he said.</p>
<p>-- Namibia newsroom, +26461 245-260</p>
</text>
<copyright>(c) Reuters Limited 1997</copyright>
<metadata>
<codes class="bip:countries:1.0">
  <code code="ANGOL">
    <editdetail attribution="Reuters BIP Coding Group" action="confirmed" date="1997-07-30"/>
  </code>
  <code code="NAMIB">
    <editdetail attribution="Reuters BIP Coding Group" action="confirmed" date="1997-07-30"/>
  </code>
  <code code="SAFR">
    <editdetail attribution="Reuters BIP Coding Group" action="confirmed" date="1997-07-30"/>
  </code>
</codes>
<dc element="dc.date.created" value="1997-07-30"/>
<dc element="dc.publisher" value="Reuters Holdings Plc"/>
<dc element="dc.date.published" value="1997-07-30"/>
<dc element="dc.source" value="Reuters"/>
<dc element="dc.creator.location" value="WINDHOEK"/>
<dc element="dc.creator.location.country.name" value="NAMIBIA"/>
<dc element="dc.source" value="Reuters"/>
</metadata>
</newsitem>
