<?xml version="1.0" encoding="iso-8859-1" ?>
<newsitem itemid="765026" id="root" date="1997-07-30" xml:lang="en">
<title>EU: Official Journal contents - OJ C 229 of July 28, 1997.</title>
<headline>Official Journal contents - OJ C 229 of July 28, 1997.</headline>
<text>
<p>*</p>
<p>Proposal for a Council Decision on the Conclusion of Protocol... to the Europe Agreement between the European Communities and their Member States, of the one part, and the Czech Republic, of the other part END OF DOCUMENT.</p>
</text>
<copyright>(c) Reuters Limited 1997</copyright>
<metadata>
<codes class="bip:countries:1.0">
  <code code="EEC">
    <editdetail attribution="Reuters BIP Coding Group" action="confirmed" date="1997-07-30"/>
  </code>
</codes>
<codes class="bip:topics:1.0">
  <code code="G15">
    <editdetail attribution="Reuters BIP Coding Group" action="confirmed" date="1997-07-30"/>
  </code>
  <code code="GCAT">
    <editdetail attribution="Reuters BIP Coding Group" action="confirmed" date="1997-07-30"/>
  </code>
</codes>
<dc element="dc.publisher" value="Reuters Holdings Plc"/>
<dc element="dc.date.published" value="1997-07-30"/>
<dc element="dc.source" value="Reuters"/>
<dc element="dc.creator.location.country.name" value="EU"/>
<dc element="dc.source" value="Reuters"/>
</metadata>
</newsitem>
