<?xml version="1.0" encoding="iso-8859-1" ?>
<newsitem itemid="765074" id="root" date="1997-07-30" xml:lang="en">
<title>USA: Vastar in alliance with Enron subsidiary.</title>
<headline>Vastar in alliance with Enron subsidiary.</headline>
<dateline>HOUSTON 1997-07-30</dateline>
<text>
<p>Vastar Resources said Wednesday that it has entered into an oil and gas exploration and drilling alliance with an affiliate of Enron Finance Corp, a division of Enron, an international natural gas and electricity company.</p>
<p>Vastar told Reuters it would not disclose the terms of the deal.</p>
<p>In a statement, Vastar said it will perform 3D seismic studies and drilling, as the operator of the alliance, in exploratory wells in the Gulf Coast, the Cotton Valley, and the Northern Rockies.</p>
<p>Vastar said any gas or oil produced from these wells will be marketed by the individual companies.</p>
</text>
<copyright>(c) Reuters Limited 1997</copyright>
<metadata>
<codes class="bip:countries:1.0">
  <code code="USA">
    <editdetail attribution="Reuters BIP Coding Group" action="confirmed" date="1997-07-30"/>
  </code>
</codes>
<codes class="bip:industries:1.0">
  <code code="I13000">
    <editdetail attribution="Reuters BIP Coding Group" action="confirmed" date="1997-07-30"/>
  </code>
  <code code="I14000">
    <editdetail attribution="Reuters BIP Coding Group" action="confirmed" date="1997-07-30"/>
  </code>
</codes>
<codes class="bip:topics:1.0">
  <code code="C24">
    <editdetail attribution="Reuters BIP Coding Group" action="confirmed" date="1997-07-30"/>
  </code>
  <code code="C33">
    <editdetail attribution="Reuters BIP Coding Group" action="confirmed" date="1997-07-30"/>
  </code>
  <code code="CCAT">
    <editdetail attribution="Reuters BIP Coding Group" action="confirmed" date="1997-07-30"/>
  </code>
</codes>
<dc element="dc.date.created" value="1997-07-30"/>
<dc element="dc.publisher" value="Reuters Holdings Plc"/>
<dc element="dc.date.published" value="1997-07-30"/>
<dc element="dc.source" value="Reuters"/>
<dc element="dc.creator.location" value="HOUSTON"/>
<dc element="dc.creator.location.country.name" value="USA"/>
<dc element="dc.source" value="Reuters"/>
</metadata>
</newsitem>
