<?xml version="1.0" encoding="iso-8859-1" ?>
<newsitem itemid="765099" id="root" date="1997-07-30" xml:lang="en">
<title>USA: Microsoft sues computer vendor, charging piracy.</title>
<headline>Microsoft sues computer vendor, charging piracy.</headline>
<dateline>SEATTLE 1997-07-30</dateline>
<text>
<p>Microsoft Corp. said Wednesday it sued an Omaha, Neb., computer vendor, contending the company sold unauthorized copies of its Windows 95, Windows NT and Office software.</p>
<p>The lawsuit, filed in U.S. District Court in Omaha, names 21st Century Solutions Inc. and owner Suchindran Chatterjee as defendants.</p>
<p>Chatterjee could not be reached for immediate comment.</p>
<p>Microsoft said it launched an investigation after a tip from employees of Premier Health Associates in West Des Moines, Iowa, who bought computers from 21st Century Soutions and then allegedly discovered they were loaded with unlicensed software.</p>
<p>Premier has filed a separate lawsuit against the reseller in Iowa state court.</p>
<p>Microsoft officials say they are seeing an increase in piracy of the company's high-end Windows NT and BackOffice software, intended for business use.</p>
</text>
<copyright>(c) Reuters Limited 1997</copyright>
<metadata>
<codes class="bip:countries:1.0">
  <code code="USA">
    <editdetail attribution="Reuters BIP Coding Group" action="confirmed" date="1997-07-30"/>
  </code>
</codes>
<codes class="bip:industries:1.0">
  <code code="I33020">
    <editdetail attribution="Reuters BIP Coding Group" action="confirmed" date="1997-07-30"/>
  </code>
  <code code="I3302020">
    <editdetail attribution="Reuters BIP Coding Group" action="confirmed" date="1997-07-30"/>
  </code>
</codes>
<codes class="bip:topics:1.0">
  <code code="C12">
    <editdetail attribution="Reuters BIP Coding Group" action="confirmed" date="1997-07-30"/>
  </code>
  <code code="CCAT">
    <editdetail attribution="Reuters BIP Coding Group" action="confirmed" date="1997-07-30"/>
  </code>
  <code code="GCAT">
    <editdetail attribution="Reuters BIP Coding Group" action="confirmed" date="1997-07-30"/>
  </code>
  <code code="GCRIM">
    <editdetail attribution="Reuters BIP Coding Group" action="confirmed" date="1997-07-30"/>
  </code>
</codes>
<dc element="dc.date.created" value="1997-07-30"/>
<dc element="dc.publisher" value="Reuters Holdings Plc"/>
<dc element="dc.date.published" value="1997-07-30"/>
<dc element="dc.source" value="Reuters"/>
<dc element="dc.creator.location" value="SEATTLE"/>
<dc element="dc.creator.location.country.name" value="USA"/>
<dc element="dc.source" value="Reuters"/>
</metadata>
</newsitem>
