<?xml version="1.0" encoding="iso-8859-1" ?>
<newsitem itemid="765047" id="root" date="1997-07-30" xml:lang="en">
<title>CANADA: Deal seen in British Columbia lumber labor dispute.</title>
<headline>Deal seen in British Columbia lumber labor dispute.</headline>
<dateline>VANCOUVER 1997-07-29</dateline>
<text>
<p>British Columbia's forestry companies and the union representing coastal lumber workers are getting closer to a deal on a new contract, the chief negotiator for the companies said Tuesday.</p>
<p>&quot;Things went pretty well. They have moved, we have moved. We're inching closer together,&quot; said Keith Bennett, chief negotiator for 65 forestry companies who bargain as Forest Industrial Relations, after talks Tuesday.</p>
<p>The negotiations were the first since the companies broke off talks last Friday when wildcat strikes hit International Forest Products Ltd. Discussions were rescheduled after the strikes ended.</p>
<p>Bennett said he thought a deal on a new contract could be just days away. The current contract expired June 14.</p>
<p>Officials for the IWA-Canada union which represents the workers were not immediately available for comment. But IWA-Canada president Dave Haggard said last week that a contract accord was perhaps less than a week away.</p>
<p>Bennett said after Tuesday's talks that the two sides remained divided on the issue of wages, but the gap had narrowed.</p>
<p>The companies have sweetened their offer to include wage increases totalling four percent over three years, while the union has lowered its demand to around seven percent over the same period, Bennett said.</p>
<p>((Reuters Vancouver Bureau (604) 664-7314))</p>
</text>
<copyright>(c) Reuters Limited 1997</copyright>
<metadata>
<codes class="bip:countries:1.0">
  <code code="CANA">
    <editdetail attribution="Reuters BIP Coding Group" action="confirmed" date="1997-07-30"/>
  </code>
</codes>
<codes class="bip:industries:1.0">
  <code code="I46000">
    <editdetail attribution="Reuters BIP Coding Group" action="confirmed" date="1997-07-30"/>
  </code>
</codes>
<codes class="bip:topics:1.0">
  <code code="C42">
    <editdetail attribution="Reuters BIP Coding Group" action="confirmed" date="1997-07-30"/>
  </code>
  <code code="CCAT">
    <editdetail attribution="Reuters BIP Coding Group" action="confirmed" date="1997-07-30"/>
  </code>
  <code code="E41">
    <editdetail attribution="Reuters BIP Coding Group" action="confirmed" date="1997-07-30"/>
  </code>
  <code code="ECAT">
    <editdetail attribution="Reuters BIP Coding Group" action="confirmed" date="1997-07-30"/>
  </code>
  <code code="GCAT">
    <editdetail attribution="Reuters BIP Coding Group" action="confirmed" date="1997-07-30"/>
  </code>
  <code code="GJOB">
    <editdetail attribution="Reuters BIP Coding Group" action="confirmed" date="1997-07-30"/>
  </code>
</codes>
<dc element="dc.date.created" value="1997-07-29"/>
<dc element="dc.publisher" value="Reuters Holdings Plc"/>
<dc element="dc.date.published" value="1997-07-30"/>
<dc element="dc.source" value="Reuters"/>
<dc element="dc.creator.location" value="VANCOUVER"/>
<dc element="dc.creator.location.country.name" value="CANADA"/>
<dc element="dc.source" value="Reuters"/>
</metadata>
</newsitem>
