<?xml version="1.0" encoding="iso-8859-1" ?>
<newsitem itemid="765067" id="root" date="1997-07-30" xml:lang="en">
<title>USA: Canada and U.S. discuss Pacific salmon dispute.</title>
<headline>Canada and U.S. discuss Pacific salmon dispute.</headline>
<byline>Sue Pleming</byline>
<dateline>WASHINGTON 1997-07-29</dateline>
<text>
<p>Canada's fisheries minister met the U.S. commerce secretary on Tuesday in a bid to convince him that frustrated Canadian fishermen have valid complaints about salmon overfishing, mainly by Alaskan boats.</p>
<p>&quot;The important point is to recognize here in Washington that there is a basis for their frustration and that is the message I have been carrying,&quot; Canadian Fisheries and Oceans Minister David Anderson told reporters.</p>
<p>The dispute over Pacific salmon led to a dramatic three-day blockade of the Alaska state ferry Malaspina last week by 200 Canadian fishing boats in British Columbia.</p>
<p>Anderson said he had &quot;frank and constructive&quot; talks with Commerce Secretary William Daley as well as senators from Alaska. No major decisions were taken to resolve the battle.</p>
<p>Canada claims the U.S. fishing industry is drastically overfishing salmon in violation of the Pacific Salmon Treaty that was signed in 1985.</p>
<p>The United States denies overfishing. Daley said after the meeting he believed U.S. fishing was being conducted responsibly and in a manner consistent with the treaty.</p>
<p>&quot;Minister Anderson and I have committed to a process involving fishermen and others who are active in the fisheries. We both agree this is essential to resolving differences between our two countries,&quot; Daley said in a statement.</p>
<p>Last week, both countries appointed special envoys to try and resolve the dispute. William Ruckelshaus, a former head of the Environmental Protection Agency, will lead U.S. efforts while University of British Columbia President and Chancellor David Strangway is the Canadian choice.</p>
<p>Daley said Pacific salmon negotiations were in the best interest of both countries. &quot;We look forward to a reinvigorated negotiating process which is the way to resolve these issues,&quot; Daley said.</p>
<p>So-called &quot;salmon interceptions&quot; are at the heart of the dispute.</p>
<p>The salmon begin their life cycle in fresh water and then migrate to the ocean where they grow and mature before returning to their river of origin to spawn. It is on their return inland to either Washington state and Alaska in the United States or British Columbia in Canada that the fish are caught.</p>
<p>Anderson said since the treaty was signed, the U.S. share of Pacific salmon has consistently increased.</p>
<p>&quot;U.S. fishermen are deriving substantially greater benefit than is justified by the production in U.S. rivers,&quot; he said.</p>
<p>He dismissed U.S. claims that the salmon harvest was bigger this year and that was why U.S. fishermen were yielding more than in previous years.</p>
<p>&quot;Their numbers just don't add up,&quot; Anderson said. &quot;We just have not seen the fish they are talking about.&quot;</p>
</text>
<copyright>(c) Reuters Limited 1997</copyright>
<metadata>
<codes class="bip:countries:1.0">
  <code code="CANA">
    <editdetail attribution="Reuters BIP Coding Group" action="confirmed" date="1997-07-30"/>
  </code>
  <code code="USA">
    <editdetail attribution="Reuters BIP Coding Group" action="confirmed" date="1997-07-30"/>
  </code>
</codes>
<codes class="bip:industries:1.0">
  <code code="I03000">
    <editdetail attribution="Reuters BIP Coding Group" action="confirmed" date="1997-07-30"/>
  </code>
</codes>
<codes class="bip:topics:1.0">
  <code code="C13">
    <editdetail attribution="Reuters BIP Coding Group" action="confirmed" date="1997-07-30"/>
  </code>
  <code code="CCAT">
    <editdetail attribution="Reuters BIP Coding Group" action="confirmed" date="1997-07-30"/>
  </code>
  <code code="E51">
    <editdetail attribution="Reuters BIP Coding Group" action="confirmed" date="1997-07-30"/>
  </code>
  <code code="ECAT">
    <editdetail attribution="Reuters BIP Coding Group" action="confirmed" date="1997-07-30"/>
  </code>
  <code code="GCAT">
    <editdetail attribution="Reuters BIP Coding Group" action="confirmed" date="1997-07-30"/>
  </code>
  <code code="GDIP">
    <editdetail attribution="Reuters BIP Coding Group" action="confirmed" date="1997-07-30"/>
  </code>
  <code code="GENV">
    <editdetail attribution="Reuters BIP Coding Group" action="confirmed" date="1997-07-30"/>
  </code>
</codes>
<dc element="dc.date.created" value="1997-07-29"/>
<dc element="dc.publisher" value="Reuters Holdings Plc"/>
<dc element="dc.date.published" value="1997-07-30"/>
<dc element="dc.source" value="Reuters"/>
<dc element="dc.creator.location" value="WASHINGTON"/>
<dc element="dc.creator.location.country.name" value="USA"/>
<dc element="dc.source" value="Reuters"/>
</metadata>
</newsitem>
