<?xml version="1.0" encoding="iso-8859-1" ?>
<newsitem itemid="765092" id="root" date="1997-07-30" xml:lang="en">
<title>USA: Uno amends results of tender offer.</title>
<headline>Uno amends results of tender offer.</headline>
<dateline>BOSTON 1997-07-30</dateline>
<text>
<p>Uno Restaurant Corp said 1,813,462 shares of its common stock had been tendered, according to a final count, an increase from the 1,275,457 shares that the company had previously announced as tendered.</p>
<p>Uno also said it will pay $7 per share for a total of 1,207,624 tendered at or below that price. The tender offer expired on July 25.</p>
<p>Uno had previously announced that it would pay $7.25 per share for 1,026,659 shares.</p>
<p>The terms of the tender offer provided that Uno would purchase up to 1,000,000 shares of its common stock at prices, not in excess of $7.50 nor less than $6.00 per share, specified by tendering stockholders.</p>
<p>The terms also provided that the company would select the lowest price that would allow it to buy up to 1,000,000 shares.</p>
</text>
<copyright>(c) Reuters Limited 1997</copyright>
<metadata>
<codes class="bip:countries:1.0">
  <code code="USA">
    <editdetail attribution="Reuters BIP Coding Group" action="confirmed" date="1997-07-30"/>
  </code>
</codes>
<codes class="bip:industries:1.0">
  <code code="I66100">
    <editdetail attribution="Reuters BIP Coding Group" action="confirmed" date="1997-07-30"/>
  </code>
</codes>
<codes class="bip:topics:1.0">
  <code code="C17">
    <editdetail attribution="Reuters BIP Coding Group" action="confirmed" date="1997-07-30"/>
  </code>
  <code code="C171">
    <editdetail attribution="Reuters BIP Coding Group" action="confirmed" date="1997-07-30"/>
  </code>
  <code code="C18">
    <editdetail attribution="Reuters BIP Coding Group" action="confirmed" date="1997-07-30"/>
  </code>
  <code code="C181">
    <editdetail attribution="Reuters BIP Coding Group" action="confirmed" date="1997-07-30"/>
  </code>
  <code code="CCAT">
    <editdetail attribution="Reuters BIP Coding Group" action="confirmed" date="1997-07-30"/>
  </code>
</codes>
<dc element="dc.date.created" value="1997-07-30"/>
<dc element="dc.publisher" value="Reuters Holdings Plc"/>
<dc element="dc.date.published" value="1997-07-30"/>
<dc element="dc.source" value="Reuters"/>
<dc element="dc.creator.location" value="BOSTON"/>
<dc element="dc.creator.location.country.name" value="USA"/>
<dc element="dc.source" value="Reuters"/>
</metadata>
</newsitem>
