<?xml version="1.0" encoding="iso-8859-1" ?>
<newsitem itemid="765064" id="root" date="1997-07-30" xml:lang="en">
<title>USA: PRESS DIGEST - Daily Variety - July 30.</title>
<headline>PRESS DIGEST - Daily Variety - July 30.</headline>
<dateline>NEW YORK 1997-07-30</dateline>
<text>
<p>The following stories appeared in Wednesday's Daily Variety:</p>
<p>* In what could lead to a massive shift in industry practice, Twentieth Century Fox and Seagram's Universal are the first two studios to grant ABC's request for 5- to 5-1/2-year license fee terms on two TV shows for next season.</p>
<p>* Kelly Preston, who is quietly developing a solid comedienne career in pics like &quot;Jerry Maguire&quot; and &quot;Nothing to Lose,&quot; has inked to star opposite Eddie Murphy and Jeff Goldblum in &quot;Holy Man&quot; for Disney -based Caravan Pictures.</p>
<p>* The balanced budget agreement, which the House and Senate are expected to approve as early as Wednesday, seals a multibillion-dollar bonanza for broadcasters, who are being handed a huge chunk of digital spectrum for free.</p>
<p>* Glenn Close and Meryl Streep will costar in and coproduce &quot;Mary Stuart,&quot; a film adaptation of Friedrich Schiller's dramatic play about the 16th Century monarch.</p>
<p>* &quot;Hercules&quot; is muscling its way onto the small screen. Walt Disney Television Animation has begun pre-production on an ambitious 65-episode order for a TV version of the theatrical feature, the first such Disney movie-to-TV series since 1994's &quot;The Lion King&quot; spawned &quot;Timon &amp; Pumbaa.&quot;</p>
<p>((-- New York Newsdesk 212-859-1610))</p>
</text>
<copyright>(c) Reuters Limited 1997</copyright>
<metadata>
<codes class="bip:countries:1.0">
  <code code="USA">
    <editdetail attribution="Reuters BIP Coding Group" action="confirmed" date="1997-07-30"/>
  </code>
</codes>
<codes class="bip:topics:1.0">
  <code code="GCAT">
    <editdetail attribution="Reuters BIP Coding Group" action="confirmed" date="1997-07-30"/>
  </code>
</codes>
<dc element="dc.date.created" value="1997-07-30"/>
<dc element="dc.publisher" value="Reuters Holdings Plc"/>
<dc element="dc.date.published" value="1997-07-30"/>
<dc element="dc.source" value="Reuters"/>
<dc element="dc.creator.location" value="NEW YORK"/>
<dc element="dc.creator.location.country.name" value="USA"/>
<dc element="dc.source" value="Reuters"/>
</metadata>
</newsitem>
