<?xml version="1.0" encoding="iso-8859-1" ?>
<newsitem itemid="765081" id="root" date="1997-07-30" xml:lang="en">
<title>USA: Fortune Financial names president/CEO.</title>
<headline>Fortune Financial names president/CEO.</headline>
<dateline>LONGWOOD, Fla. 1997-07-30</dateline>
<text>
<p>Fortune Financial Systems Inc said Wednesday it has appointed Roger Royce as president and chief executive, succeeding James Byrd, who will remain chairman.</p>
<p>In addition, Byrd has been named vice chairman of Success Magazine, and therefore will relinquish the day-to-day operations of the company.</p>
<p>Royce, is the former president and chief executive of Motel 6, Woodfin Suites, and chief operations officer of Fotomat.</p>
<p>((-- New York Newsdesk 212-859-1610))</p>
</text>
<copyright>(c) Reuters Limited 1997</copyright>
<metadata>
<codes class="bip:countries:1.0">
  <code code="USA">
    <editdetail attribution="Reuters BIP Coding Group" action="confirmed" date="1997-07-30"/>
  </code>
</codes>
<codes class="bip:topics:1.0">
  <code code="C41">
    <editdetail attribution="Reuters BIP Coding Group" action="confirmed" date="1997-07-30"/>
  </code>
  <code code="C411">
    <editdetail attribution="Reuters BIP Coding Group" action="confirmed" date="1997-07-30"/>
  </code>
  <code code="CCAT">
    <editdetail attribution="Reuters BIP Coding Group" action="confirmed" date="1997-07-30"/>
  </code>
</codes>
<dc element="dc.date.created" value="1997-07-30"/>
<dc element="dc.publisher" value="Reuters Holdings Plc"/>
<dc element="dc.date.published" value="1997-07-30"/>
<dc element="dc.source" value="Reuters"/>
<dc element="dc.creator.location" value="LONGWOOD, Fla."/>
<dc element="dc.creator.location.country.name" value="USA"/>
<dc element="dc.source" value="Reuters"/>
</metadata>
</newsitem>
