<?xml version="1.0" encoding="iso-8859-1" ?>
<newsitem itemid="765002" id="root" date="1997-07-30" xml:lang="en">
<title>GREECE: Greek stocks lose 0.49pct, seen in range.</title>
<headline>Greek stocks lose 0.49pct, seen in range.</headline>
<dateline>ATHENS 1997-07-30</dateline>
<text>
<p>Greek shares were unable to hold on to mid-session gains on Wednesday when the index peaked above 1,600 points. They finished 0.49 percent lower.</p>
<p>Fund managers said equities showed weakness after bouncing back from the upper limit of the index's trading range.</p>
<p>&quot;There is continuing validation that the benchmark index is in a trading range between 1,500 and 1,630 points since June when the market completed a correction from its late May highs,&quot; said Alexandros Sarrigeorgiou, fund manager at Allianz mutual funds.</p>
<p>Equities turned back after running into a critical technical level around 1,640-1,650 points with lower volume than what is needed to climb higher, he added.</p>
<p>&quot;This trading behaviour, and for that matter the performance of the market throughout 1997, is a healthy reaction,&quot; said Sarrigeorgiou. &quot;The stock market needs confirmation on the return of consumer price inflation to a clear downward path.&quot;</p>
<p>Stock prices were seen rising later this year, helped by a cocktail of positive factors.</p>
<p>&quot;The index will break out of its current levels in the coming months as market participants witness strong profit growth in 1997 and start looking at 1998 forecasts,&quot; said Sarrigeorgiou.</p>
<p>&quot;But this may fall through if the 1998 budget is not drafted along the lines of the convergence programme.&quot;</p>
<p>The Bank of Greece lifted remaining foreign exchange controls allowing Greek residents and legal entities to hold foreign exchange deposits with local credit institutions effective August 1.</p>
<p>The Athens general index finished a net 0.49 percent or 7.84 points off Tuesday's 1,592.01 close at 1,584.17, easing from a mid-session high of 1,604.33 points.</p>
<p>Turnover was slack, amounting to 10.4 billion drachmas on volume of 3.4 million shares.</p>
<p>Decliners beat advancers 122 to 85 with 20 shares unchanged on 227 traded.</p>
</text>
<copyright>(c) Reuters Limited 1997</copyright>
<metadata>
<codes class="bip:countries:1.0">
  <code code="GREECE">
    <editdetail attribution="Reuters BIP Coding Group" action="confirmed" date="1997-07-30"/>
  </code>
</codes>
<codes class="bip:topics:1.0">
  <code code="M11">
    <editdetail attribution="Reuters BIP Coding Group" action="confirmed" date="1997-07-30"/>
  </code>
  <code code="MCAT">
    <editdetail attribution="Reuters BIP Coding Group" action="confirmed" date="1997-07-30"/>
  </code>
</codes>
<dc element="dc.date.created" value="1997-07-30"/>
<dc element="dc.publisher" value="Reuters Holdings Plc"/>
<dc element="dc.date.published" value="1997-07-30"/>
<dc element="dc.source" value="Reuters"/>
<dc element="dc.creator.location" value="ATHENS"/>
<dc element="dc.creator.location.country.name" value="GREECE"/>
<dc element="dc.source" value="Reuters"/>
</metadata>
</newsitem>
