<?xml version="1.0" encoding="iso-8859-1" ?>
<newsitem itemid="765056" id="root" date="1997-07-30" xml:lang="en">
<title>USA: CONSENSUS: U.S. corporate earnings surpise data.</title>
<headline>CONSENSUS: U.S. corporate earnings surpise data.</headline>
<text>
<p>Earnings surprise for July 30, provided by Zacks Investment Research. The following companies reported the greatest deviations, above or below analysts' mean estimates.</p>
<p>COMPANY		 ESTIMATE  ACTUAL  PCT SURPRISE</p>
<p>AMTRAN INC		0.04    0.11   175.00</p>
<p>XEIKON NV-ADR	  -0.02    0.01   150.00</p>
<p>FUISZ TECH LTD	 -0.07   -0.02    71.43</p>
<p>INSURANCE AUTO	  0.10    0.17    70.00</p>
<p>BETHLEHEM STEEL	 0.21    0.32    52.38</p>
<p>PEGASUS COMM	   -0.50   -0.31    38.00</p>
<p>ERGOBILT INC	    0.08    0.11    37.50</p>
<p>TELEF DE VENEZ	  0.66    0.89    34.85</p>
<p>PHARMACOPEIA	   -0.23   -0.15    34.78</p>
<p>CHECK PT SOFTW	  0.16    0.21    31.25</p>
<p>ROBERDS INC	    -0.02   -0.22 -1000.00</p>
<p>LANOPTICS LTD	  -0.04   -0.27  -575.00</p>
<p>OUTBOARD MARINE	-0.05   -0.25  -400.00</p>
<p>LOGAL ED SOFTW	 -0.05   -0.22  -340.00</p>
<p>STILLWATER MNG	 -0.01   -0.03  -200.00</p>
<p>HEALTH SYS DES	  0.02   -0.01  -150.00</p>
<p>CHAI-NA-TA CORP	-0.11   -0.24  -118.18</p>
<p>ACT NETWORKS	    0.17    0.01   -94.12</p>
<p>KY ELEC STEEL	   0.07    0.01   -85.71</p>
<p>GENL SURGICAL	  -0.04   -0.07   -75.00</p>
</text>
<copyright>(c) Reuters Limited 1997</copyright>
<metadata>
<codes class="bip:countries:1.0">
  <code code="USA">
    <editdetail attribution="Reuters BIP Coding Group" action="confirmed" date="1997-07-30"/>
  </code>
</codes>
<codes class="bip:industries:1.0">
  <code code="I21000">
    <editdetail attribution="Reuters BIP Coding Group" action="confirmed" date="1997-07-30"/>
  </code>
  <code code="I22100">
    <editdetail attribution="Reuters BIP Coding Group" action="confirmed" date="1997-07-30"/>
  </code>
  <code code="I22300">
    <editdetail attribution="Reuters BIP Coding Group" action="confirmed" date="1997-07-30"/>
  </code>
  <code code="I25670">
    <editdetail attribution="Reuters BIP Coding Group" action="confirmed" date="1997-07-30"/>
  </code>
  <code code="I25700">
    <editdetail attribution="Reuters BIP Coding Group" action="confirmed" date="1997-07-30"/>
  </code>
  <code code="I33020">
    <editdetail attribution="Reuters BIP Coding Group" action="confirmed" date="1997-07-30"/>
  </code>
  <code code="I3302021">
    <editdetail attribution="Reuters BIP Coding Group" action="confirmed" date="1997-07-30"/>
  </code>
  <code code="I33030">
    <editdetail attribution="Reuters BIP Coding Group" action="confirmed" date="1997-07-30"/>
  </code>
  <code code="I34000">
    <editdetail attribution="Reuters BIP Coding Group" action="confirmed" date="1997-07-30"/>
  </code>
  <code code="I34531">
    <editdetail attribution="Reuters BIP Coding Group" action="confirmed" date="1997-07-30"/>
  </code>
  <code code="I36102">
    <editdetail attribution="Reuters BIP Coding Group" action="confirmed" date="1997-07-30"/>
  </code>
  <code code="I37200">
    <editdetail attribution="Reuters BIP Coding Group" action="confirmed" date="1997-07-30"/>
  </code>
  <code code="I41000">
    <editdetail attribution="Reuters BIP Coding Group" action="confirmed" date="1997-07-30"/>
  </code>
  <code code="I46700">
    <editdetail attribution="Reuters BIP Coding Group" action="confirmed" date="1997-07-30"/>
  </code>
  <code code="I64700">
    <editdetail attribution="Reuters BIP Coding Group" action="confirmed" date="1997-07-30"/>
  </code>
  <code code="I65100">
    <editdetail attribution="Reuters BIP Coding Group" action="confirmed" date="1997-07-30"/>
  </code>
  <code code="I75000">
    <editdetail attribution="Reuters BIP Coding Group" action="confirmed" date="1997-07-30"/>
  </code>
  <code code="I79020">
    <editdetail attribution="Reuters BIP Coding Group" action="confirmed" date="1997-07-30"/>
  </code>
  <code code="I97400">
    <editdetail attribution="Reuters BIP Coding Group" action="confirmed" date="1997-07-30"/>
  </code>
</codes>
<codes class="bip:topics:1.0">
  <code code="C15">
    <editdetail attribution="Reuters BIP Coding Group" action="confirmed" date="1997-07-30"/>
  </code>
  <code code="C151">
    <editdetail attribution="Reuters BIP Coding Group" action="confirmed" date="1997-07-30"/>
  </code>
  <code code="C152">
    <editdetail attribution="Reuters BIP Coding Group" action="confirmed" date="1997-07-30"/>
  </code>
  <code code="CCAT">
    <editdetail attribution="Reuters BIP Coding Group" action="confirmed" date="1997-07-30"/>
  </code>
</codes>
<dc element="dc.publisher" value="Reuters Holdings Plc"/>
<dc element="dc.date.published" value="1997-07-30"/>
<dc element="dc.source" value="Reuters"/>
<dc element="dc.creator.location.country.name" value="USA"/>
<dc element="dc.source" value="Reuters"/>
</metadata>
</newsitem>
