<?xml version="1.0" encoding="iso-8859-1" ?>
<newsitem itemid="765072" id="root" date="1997-07-30" xml:lang="en">
<title>USA: TABLE-Hollinger International Inc Q2 shr up.</title>
<headline>TABLE-Hollinger International Inc Q2 shr up.</headline>
<dateline>CHICAGO 1997-07-30</dateline>
<text>
<p>1997			1996</p>
<p> Shr			  $0.25		    $0.13</p>
<p> Net			 28,125		   10,864</p>
<p> Revs		     562,021		  532,656</p>
<p> Avg shrs		 112,041		   83,315</p>
<p>	  6  MONTHS</p>
<p> Shr			  $0.74		    $0.07</p>
<p> Net			 83,551		    6,324</p>
<p> Revs		   1,076,264		1,017,555</p>
<p> Avg shrs		 112,162		   79,892</p>
<p>(All data above 000s except per share numbers)</p>
<p>((-- New York Newsdesk 212-859-1610))</p>
</text>
<copyright>(c) Reuters Limited 1997</copyright>
<metadata>
<codes class="bip:countries:1.0">
  <code code="USA">
    <editdetail attribution="Reuters BIP Coding Group" action="confirmed" date="1997-07-30"/>
  </code>
</codes>
<codes class="bip:industries:1.0">
  <code code="I47500">
    <editdetail attribution="Reuters BIP Coding Group" action="confirmed" date="1997-07-30"/>
  </code>
</codes>
<codes class="bip:topics:1.0">
  <code code="C15">
    <editdetail attribution="Reuters BIP Coding Group" action="confirmed" date="1997-07-30"/>
  </code>
  <code code="C151">
    <editdetail attribution="Reuters BIP Coding Group" action="confirmed" date="1997-07-30"/>
  </code>
  <code code="CCAT">
    <editdetail attribution="Reuters BIP Coding Group" action="confirmed" date="1997-07-30"/>
  </code>
</codes>
<dc element="dc.date.created" value="1997-07-30"/>
<dc element="dc.publisher" value="Reuters Holdings Plc"/>
<dc element="dc.date.published" value="1997-07-30"/>
<dc element="dc.source" value="Reuters"/>
<dc element="dc.creator.location" value="CHICAGO"/>
<dc element="dc.creator.location.country.name" value="USA"/>
<dc element="dc.source" value="Reuters"/>
</metadata>
</newsitem>
