<?xml version="1.0" encoding="iso-8859-1" ?>
<newsitem itemid="765079" id="root" date="1997-07-30" xml:lang="en">
<title>USA: TABLE-Mississippi View Q3 June 30 net.</title>
<headline>TABLE-Mississippi View Q3 June 30 net.</headline>
<dateline>LITTLE FALLS, Minn. 1997-07-30</dateline>
<text>
<p>Three Months Ended  Nine Months Ended</p>
<p>					June 30,	   June 30,</p>
<p>				1997	1996	 1997	 1996</p>
<p>				    (Unaudited)	 (Unaudited)</p>
<p>Interest Income   $1,291,615 $1,280,940 $3,869,374 $3,887,398</p>
<p> Interest Expense    621,076    633,748  1,876,423  1,892,589</p>
<p>Net Interest Income</p>
<p>			   670,539    647,192  1,992,951  1,994,809</p>
<p>Provision for Loan Losses</p>
<p>				   0	1,451	    0	3,725</p>
<p>Net Interest Income</p>
<p> After Provisions    670,539    645,741  1,992,951  1,991,084</p>
<p> Noninterest Income   60,798     78,200    138,830    290,409</p>
<p>Noninterest Expenses</p>
<p>			   400,577    419,296  1,238,262  1,246,714</p>
<p>Income Before Taxes</p>
<p>			   330,760    304,645    893,519  1,034,779</p>
<p> Income Tax	    122,779    108,504    338,411    407,460</p>
<p> NET INCOME	    207,981    196,141    555,108    627,319</p>
<p>Dividends Declared</p>
<p>  Per Share		 0.08	 0.08	 0.16	 0.16</p>
<p>Earnings Per Share (a)</p>
<p>				0.26	 0.24	 0.69	 0.72</p>
<p>Selected Financial Ratios (b)</p>
<p>			   At or for the		  At or for the</p>
<p>		  Three Months Ended		Nine Months Ended</p>
<p>				June 30,			   June 30,</p>
<p>		 1997	    1996	     1997	     1996</p>
<p>			  (Unaudited)			 (Unaudited)</p>
<p> Return on Average Equity 6.91%	  6.14%   6.15%    6.23%</p>
<p> Return on Average Assets 1.22%	  1.13%   1.08%    1.21%</p>
<p>Net Yield on Average</p>
<p> Interest Earning Assets  3.99%	  3.81%   3.95%    3.92%</p>
<p> Book Value per Share (c)			   $16.09   $14.02</p>
<p>(a)  Earnings per share is based on the weighted average number of shares of common stock and common stock equivalents outstanding for the period.  The weighted average number of shares of common stock and common stock equivalents outstanding at June 30, 1997, was reduced as a result of the repurchase of common stock.</p>
<p>(b)  The percentage ratios for three and nine month periods are annualized.</p>
<p>(c)  Based upon shares outstanding at June 30, 1997 and 1996, of 818,743 and 909,714 respectively.</p>
<p>NOTE: Full company name is Mississippi View Holding Co.</p>
<p>((--Chicago newsdesk, 312-408-8787))</p>
</text>
<copyright>(c) Reuters Limited 1997</copyright>
<metadata>
<codes class="bip:countries:1.0">
  <code code="USA">
    <editdetail attribution="Reuters BIP Coding Group" action="confirmed" date="1997-07-30"/>
  </code>
</codes>
<codes class="bip:topics:1.0">
  <code code="C15">
    <editdetail attribution="Reuters BIP Coding Group" action="confirmed" date="1997-07-30"/>
  </code>
  <code code="C151">
    <editdetail attribution="Reuters BIP Coding Group" action="confirmed" date="1997-07-30"/>
  </code>
  <code code="CCAT">
    <editdetail attribution="Reuters BIP Coding Group" action="confirmed" date="1997-07-30"/>
  </code>
</codes>
<dc element="dc.date.created" value="1997-07-30"/>
<dc element="dc.publisher" value="Reuters Holdings Plc"/>
<dc element="dc.date.published" value="1997-07-30"/>
<dc element="dc.source" value="Reuters"/>
<dc element="dc.creator.location" value="LITTLE FALLS, Minn."/>
<dc element="dc.creator.location.country.name" value="USA"/>
<dc element="dc.source" value="Reuters"/>
</metadata>
</newsitem>
