<?xml version="1.0" encoding="iso-8859-1" ?>
<newsitem itemid="765032" id="root" date="1997-07-30" xml:lang="en">
<title>CANADA: Canada, land of the free -- and the burgled.</title>
<headline>Canada, land of the free -- and the burgled.</headline>
<dateline>OTTAWA 1997-07-30</dateline>
<text>
<p>Forget that image of safe Canada. Each year one crime is committed for every four or five Canadian households, a federal study showed on Wednesday.</p>
<p>The federal agency Statistics Canada said 2.88 million crimes were reported to police last year, and excluding traffic and drug crimes, 2.62 million were reported. Canada has 11.41 million households.</p>
<p>Go into most offices in Canadian cities and someone can probably recount a recent burglary or theft of some kind. The study counted 1.56 million such property crimes last year -- one in every seven households.</p>
<p>An Angus Reid poll taken for CTV News this week reported that one in four people surveyed had been a victim of a crime in the past two years, up from one in five in 1990.</p>
<p>Statistics Canada said violent crimes, mainly assaults, accounted for 291,000 incidents in 1996, though there were only 633 homicides during the entire year.</p>
<p>The overall level of reported crime declined by two percent from the year before, falling for the fifth consecutive year after almost three decades of steady increases.</p>
<p>Social scientists have postulated one possible reason for the decline -- the aging of Canada's population, since older people are less likely to commit crimes.</p>
</text>
<copyright>(c) Reuters Limited 1997</copyright>
<metadata>
<codes class="bip:countries:1.0">
  <code code="CANA">
    <editdetail attribution="Reuters BIP Coding Group" action="confirmed" date="1997-07-30"/>
  </code>
</codes>
<codes class="bip:topics:1.0">
  <code code="GCAT">
    <editdetail attribution="Reuters BIP Coding Group" action="confirmed" date="1997-07-30"/>
  </code>
  <code code="GCRIM">
    <editdetail attribution="Reuters BIP Coding Group" action="confirmed" date="1997-07-30"/>
  </code>
</codes>
<dc element="dc.date.created" value="1997-07-30"/>
<dc element="dc.publisher" value="Reuters Holdings Plc"/>
<dc element="dc.date.published" value="1997-07-30"/>
<dc element="dc.source" value="Reuters"/>
<dc element="dc.creator.location" value="OTTAWA"/>
<dc element="dc.creator.location.country.name" value="CANADA"/>
<dc element="dc.source" value="Reuters"/>
</metadata>
</newsitem>
