<?xml version="1.0" encoding="iso-8859-1" ?>
<newsitem itemid="765034" id="root" date="1997-07-30" xml:lang="en">
<title>CANADA: TABLE - MFP Technology Services Ltd Q1.</title>
<headline>TABLE - MFP Technology Services Ltd Q1.</headline>
<dateline>TORONTO 1997-07-30</dateline>
<text>
<p>three months ended June 30</p>
<p>			     1997			    1996</p>
<p> Shr			 C$0.22		   C$0.02</p>
<p> Net			   2,493			172</p>
<p> Revs			89,643		  106,293</p>
<p>(All data above 000s except per share numbers) ((Reuters Toronto Bureau (416) 941-8100))</p>
</text>
<copyright>(c) Reuters Limited 1997</copyright>
<metadata>
<codes class="bip:countries:1.0">
  <code code="CANA">
    <editdetail attribution="Reuters BIP Coding Group" action="confirmed" date="1997-07-30"/>
  </code>
</codes>
<codes class="bip:topics:1.0">
  <code code="C15">
    <editdetail attribution="Reuters BIP Coding Group" action="confirmed" date="1997-07-30"/>
  </code>
  <code code="C151">
    <editdetail attribution="Reuters BIP Coding Group" action="confirmed" date="1997-07-30"/>
  </code>
  <code code="CCAT">
    <editdetail attribution="Reuters BIP Coding Group" action="confirmed" date="1997-07-30"/>
  </code>
</codes>
<dc element="dc.date.created" value="1997-07-30"/>
<dc element="dc.publisher" value="Reuters Holdings Plc"/>
<dc element="dc.date.published" value="1997-07-30"/>
<dc element="dc.source" value="Reuters"/>
<dc element="dc.creator.location" value="TORONTO"/>
<dc element="dc.creator.location.country.name" value="CANADA"/>
<dc element="dc.source" value="Reuters"/>
</metadata>
</newsitem>
