<?xml version="1.0" encoding="iso-8859-1" ?>
<newsitem itemid="765006" id="root" date="1997-07-30" xml:lang="en">
<title>GERMANY: Metro -bank takes share in its Polish unit.</title>
<headline>Metro -bank takes share in its Polish unit.</headline>
<dateline>COLOGNE, Germany 1997-07-30</dateline>
<text>
<p>German retail group Metro AG said on Wednesday it would sell 25 percent of its operations in Poland to a Warsaw bank as part of a broad expansion program in the country.</p>
<p>Bank Handlowy Warsaw SA would buy the stake as a first step toward issuing shares in the Polish unit in the next three to five years, Metro said in a statement released in Germany after a news conference in Warsaw.  </p>
<p>Metro's is already represented in Poland through its Vobis Microcomputer Sp., Tip Discount Polska Sp., Praktiker Polska and Real Sp. chains. The joint venture in which Bank Handlowy was taking a share would include Real and Tip Discount.</p>
<p>The commercial bank would also support Metro's plans to open more than two dozen new stores and five large shopping malls in Poland in the next two years, Metro said.</p>
<p>The malls would include outlets of Metro stores specialising in clothing, computer, electronics and other wares as well as 60 to 80 locally owned shops, services and restaurants.</p>
<p>The first was due to open in Czeladz at the end of this year. Four more housing a total of 17 Metro stores would follow in 1998. Another 12 Metro stores were planned for other locations, the company said.  </p>
<p>Metro expected to employ 10,000 Poles by the end of 1998.</p>
<p>&quot;The future development of Metro decidedly depends on the internationalisation of our operations,&quot; Metro chief executive Klaus Wiegandt said. &quot;Poland has absolute strategic priority.&quot;</p>
<p>Metro also said it would donate one million zloty to the Polish Red Cross for victims of the catastrophic flooding along the Oder and Niesse rivers.</p>
<p>Earlier this month Metro said it expected 1997 operating profit to exceed last year's total of 1.062 billion marks, and forecast a loss of 100 million marks from international start-up operations in Poland, Turkey and China.</p>
<p>It said 1997 sales should rise almost five percent to about 65 billion marks, not including about 950 million marks from Vobis' takeover of PC assembler Peacock AG.</p>
<p>-- Bonn Newsroom, +49-228 26097150</p>
</text>
<copyright>(c) Reuters Limited 1997</copyright>
<metadata>
<codes class="bip:countries:1.0">
  <code code="GFR">
    <editdetail attribution="Reuters BIP Coding Group" action="confirmed" date="1997-07-30"/>
  </code>
  <code code="POL">
    <editdetail attribution="Reuters BIP Coding Group" action="confirmed" date="1997-07-30"/>
  </code>
</codes>
<codes class="bip:industries:1.0">
  <code code="I64000">
    <editdetail attribution="Reuters BIP Coding Group" action="confirmed" date="1997-07-30"/>
  </code>
  <code code="I81402">
    <editdetail attribution="Reuters BIP Coding Group" action="confirmed" date="1997-07-30"/>
  </code>
</codes>
<codes class="bip:topics:1.0">
  <code code="C18">
    <editdetail attribution="Reuters BIP Coding Group" action="confirmed" date="1997-07-30"/>
  </code>
  <code code="C181">
    <editdetail attribution="Reuters BIP Coding Group" action="confirmed" date="1997-07-30"/>
  </code>
  <code code="CCAT">
    <editdetail attribution="Reuters BIP Coding Group" action="confirmed" date="1997-07-30"/>
  </code>
</codes>
<dc element="dc.date.created" value="1997-07-30"/>
<dc element="dc.publisher" value="Reuters Holdings Plc"/>
<dc element="dc.date.published" value="1997-07-30"/>
<dc element="dc.source" value="Reuters"/>
<dc element="dc.creator.location" value="COLOGNE, Germany"/>
<dc element="dc.creator.location.country.name" value="GERMANY"/>
<dc element="dc.source" value="Reuters"/>
</metadata>
</newsitem>
