<?xml version="1.0" encoding="iso-8859-1" ?>
<newsitem itemid="765039" id="root" date="1997-07-30" xml:lang="en">
<title>CANADA: Bank Montreal unit closes debt issue.</title>
<headline>Bank Montreal unit closes debt issue.</headline>
<dateline>TORONTO 1997-07-30</dateline>
<text>
<p>Bank of Montreal brokerage unit Nesbitt Burns Inc said on Wednesday that it closed a C$1.35 billion debt issue, the largest ever non-sovereign issuance in Canada.</p>
<p>Nesbitt said it issued two investor certificates through its new special purpose vehicle, Master Credit Card Trust.</p>
<p>The first two certificates in a series were issued today with the following terms: Series 1997-1, having a par value of C$550 million, a coupon of 5.76 percent and an expected maturity date of August 21, 2002; and Series 1997-2, having a par value of C$800 million, a coupon of 6.15 percent and an expected maturity date of December 21, 2004.</p>
<p>Nesbitt said it created Master Credit Card Trust to purchase the consumer credit card receivables of Bank of Montreal and to finance the acquisition through the issuance of credit card-backed investor certificates.</p>
<p>Nesbitt said both series of investor certificates were rated AAA by both Moody's Investors Service Inc and Canadian Bond Rating Service Inc. The investor certificates were sold by way of private placement to Canadian institutional investors.</p>
<p>&quot;This transaction represents the first major non-mortgage related commitment made by a Canadian bank to the domestic securitization market,'' said Ian Bandeen, Nesbitt Burns managing director, securitization and structured finance.</p>
<p>&quot;This is likely just the beginning of a significant wave of securitizations that you should expect to see emanating from other members of the Canadian banking community over the coming months.&quot;</p>
<p>((Reuters Toronto Bureau 416 941-8100))</p>
</text>
<copyright>(c) Reuters Limited 1997</copyright>
<metadata>
<codes class="bip:countries:1.0">
  <code code="CANA">
    <editdetail attribution="Reuters BIP Coding Group" action="confirmed" date="1997-07-30"/>
  </code>
</codes>
<codes class="bip:industries:1.0">
  <code code="I81402">
    <editdetail attribution="Reuters BIP Coding Group" action="confirmed" date="1997-07-30"/>
  </code>
  <code code="I83100">
    <editdetail attribution="Reuters BIP Coding Group" action="confirmed" date="1997-07-30"/>
  </code>
</codes>
<codes class="bip:topics:1.0">
  <code code="C17">
    <editdetail attribution="Reuters BIP Coding Group" action="confirmed" date="1997-07-30"/>
  </code>
  <code code="C172">
    <editdetail attribution="Reuters BIP Coding Group" action="confirmed" date="1997-07-30"/>
  </code>
  <code code="CCAT">
    <editdetail attribution="Reuters BIP Coding Group" action="confirmed" date="1997-07-30"/>
  </code>
</codes>
<dc element="dc.date.created" value="1997-07-30"/>
<dc element="dc.publisher" value="Reuters Holdings Plc"/>
<dc element="dc.date.published" value="1997-07-30"/>
<dc element="dc.source" value="Reuters"/>
<dc element="dc.creator.location" value="TORONTO"/>
<dc element="dc.creator.location.country.name" value="CANADA"/>
<dc element="dc.source" value="Reuters"/>
</metadata>
</newsitem>
