<?xml version="1.0" encoding="iso-8859-1" ?>
<newsitem itemid="765027" id="root" date="1997-07-30" xml:lang="en">
<title>EU: Official Journal contents - OJ L 200 of July 29, 1997.</title>
<headline>Official Journal contents - OJ L 200 of July 29, 1997.</headline>
<text>
<p>*</p>
<p>(This is an additional item to the OJ L 200 transmitted on July 29)</p>
<p>*</p>
<p>Information regarding the date of entry into force of the Additional Protocol to the Europe Agreement on trade in textiles products between the European Community and Poland END OF DOCUMENT.</p>
</text>
<copyright>(c) Reuters Limited 1997</copyright>
<metadata>
<codes class="bip:countries:1.0">
  <code code="EEC">
    <editdetail attribution="Reuters BIP Coding Group" action="confirmed" date="1997-07-30"/>
  </code>
</codes>
<codes class="bip:topics:1.0">
  <code code="G15">
    <editdetail attribution="Reuters BIP Coding Group" action="confirmed" date="1997-07-30"/>
  </code>
  <code code="GCAT">
    <editdetail attribution="Reuters BIP Coding Group" action="confirmed" date="1997-07-30"/>
  </code>
</codes>
<dc element="dc.publisher" value="Reuters Holdings Plc"/>
<dc element="dc.date.published" value="1997-07-30"/>
<dc element="dc.source" value="Reuters"/>
<dc element="dc.creator.location.country.name" value="EU"/>
<dc element="dc.source" value="Reuters"/>
</metadata>
</newsitem>
