<?xml version="1.0" encoding="iso-8859-1" ?>
<newsitem itemid="765093" id="root" date="1997-07-30" xml:lang="en">
<title>USA: NetManage completes acquisition.</title>
<headline>NetManage completes acquisition.</headline>
<dateline>CUPERTINO, Calif. 1997-07-30</dateline>
<text>
<p>NetManage Inc said on Wednesday it has completed its acquisition of NetSoft, a developer of computer client/server software based in Irvine, Calif., for $26 million in cash.</p>
<p>Patrick Linehan, formerly president and CEO of NetSoft, has assumed the position of senior vice president and general manager of the Core Business Unit at NetManage, which encompasses the NetManage Chameleon and NetSoft product lines.</p>
<p>Zvi Alon will retain the position of president and CEO of NetManage, focusing on the Emerging Business Unit.</p>
</text>
<copyright>(c) Reuters Limited 1997</copyright>
<metadata>
<codes class="bip:countries:1.0">
  <code code="USA">
    <editdetail attribution="Reuters BIP Coding Group" action="confirmed" date="1997-07-30"/>
  </code>
</codes>
<codes class="bip:industries:1.0">
  <code code="I33020">
    <editdetail attribution="Reuters BIP Coding Group" action="confirmed" date="1997-07-30"/>
  </code>
  <code code="I3302020">
    <editdetail attribution="Reuters BIP Coding Group" action="confirmed" date="1997-07-30"/>
  </code>
  <code code="I3302021">
    <editdetail attribution="Reuters BIP Coding Group" action="confirmed" date="1997-07-30"/>
  </code>
</codes>
<codes class="bip:topics:1.0">
  <code code="C18">
    <editdetail attribution="Reuters BIP Coding Group" action="confirmed" date="1997-07-30"/>
  </code>
  <code code="C181">
    <editdetail attribution="Reuters BIP Coding Group" action="confirmed" date="1997-07-30"/>
  </code>
  <code code="CCAT">
    <editdetail attribution="Reuters BIP Coding Group" action="confirmed" date="1997-07-30"/>
  </code>
</codes>
<dc element="dc.date.created" value="1997-07-30"/>
<dc element="dc.publisher" value="Reuters Holdings Plc"/>
<dc element="dc.date.published" value="1997-07-30"/>
<dc element="dc.source" value="Reuters"/>
<dc element="dc.creator.location" value="CUPERTINO, Calif."/>
<dc element="dc.creator.location.country.name" value="USA"/>
<dc element="dc.source" value="Reuters"/>
</metadata>
</newsitem>
