<?xml version="1.0" encoding="iso-8859-1" ?>
<newsitem itemid="765045" id="root" date="1997-07-30" xml:lang="en">
<title>CANADA: Canada unemployment insurance recipients up in May.</title>
<headline>Canada unemployment insurance recipients up in May.</headline>
<dateline>OTTAWA 1997-07-30</dateline>
<text>
<p>The number of Canadians receiving regular employment insurance benefits rose 4.2 percent to a seasonally adjusted 593,000 in May from April, Statistics Canada said on Wednesday.</p>
<p>This broke a string of nine consecutive monthly declines but still left the number 17.4 percent below that of May 1996.</p>
<p>But a Statscan official cautioned that in unadjusted data, the number declined to 562,000 from 679,000 and said some of the rise could have been due to the seasonal adjustment factors.</p>
<p>Regular benefit payments declined for the fifth consecutive month, declining 4.8 percent during the month to a seasonally adjusted C$708 million.</p>
<p>And the number of new claimants continued to decline, by 2.6 percent, to a seasonally adjusted 223,000 from 229,000 in April.</p>
<p>For the year to date, claims were 11.6 percent below a year earlier, and payments were 11.3 percent down.</p>
<p>(For more information from Statistics Canada, contact Michael Scrim at 613-951-4090.)</p>
<p>((Reuters Ottawa Bureau, 613-235-6745))</p>
</text>
<copyright>(c) Reuters Limited 1997</copyright>
<metadata>
<codes class="bip:countries:1.0">
  <code code="CANA">
    <editdetail attribution="Reuters BIP Coding Group" action="confirmed" date="1997-07-30"/>
  </code>
</codes>
<codes class="bip:topics:1.0">
  <code code="E41">
    <editdetail attribution="Reuters BIP Coding Group" action="confirmed" date="1997-07-30"/>
  </code>
  <code code="ECAT">
    <editdetail attribution="Reuters BIP Coding Group" action="confirmed" date="1997-07-30"/>
  </code>
  <code code="GCAT">
    <editdetail attribution="Reuters BIP Coding Group" action="confirmed" date="1997-07-30"/>
  </code>
  <code code="GJOB">
    <editdetail attribution="Reuters BIP Coding Group" action="confirmed" date="1997-07-30"/>
  </code>
</codes>
<dc element="dc.date.created" value="1997-07-30"/>
<dc element="dc.publisher" value="Reuters Holdings Plc"/>
<dc element="dc.date.published" value="1997-07-30"/>
<dc element="dc.source" value="Reuters"/>
<dc element="dc.creator.location" value="OTTAWA"/>
<dc element="dc.creator.location.country.name" value="CANADA"/>
<dc element="dc.source" value="Reuters"/>
</metadata>
</newsitem>
