<?xml version="1.0" encoding="iso-8859-1" ?>
<newsitem itemid="765017" id="root" date="1997-07-30" xml:lang="en">
<title>JAPAN: PHILIPS JOINS SONY, SHARP IN PDP PANEL DEVELOPMENT.</title>
<headline>PHILIPS JOINS SONY, SHARP IN PDP PANEL DEVELOPMENT.</headline>
<dateline>TOKYO 1997-07-30</dateline>
<text>
<p>Sony Corp said on Wednesday that Philips Electronics NV of the Netherlands has joined Sony and Sharp Corp in the development of plasma display panels (PDPs), a new generation of flat television screens.    </p>
<p>The three companies will start development work this autumn and are planning to demonstrate a 40-inch flat screen before the end of this year, a Sony spokesman said.</p>
<p>Details on investments in new facilities and the timing of product launches have not yet been decided, he said.</p>
<p>A plasma display is a flat panel used for computer and television screens. Unlike conventional displays, PDP technology allows for larger screens without an increase in weight or thickness, making it suitable for compact multimedia displays and televisions that can hang on the wall.</p>
<p>Sony's PDP uses PALC (plasma-addressed liquid crystal) technology developed by Tektronix Inc of the U.S.</p>
<p>Sony sub-licensed its technology to Sharp last September when Sharp agreed to collaborate with Sony in the development of PALC panels.</p>
<p>Philips will license the technology from Tektronix, the Sony spokesman said.</p>
<p>Fujitsu Ltd , Matsushita Electric Industrial Co and NEC Corp are also engaged in the development of PDPs using technologies that differ from Sony's.</p>
<p>-- Amsterdam newsroom +31 20 504 5000, Fax +31 20 504 5040</p>
</text>
<copyright>(c) Reuters Limited 1997</copyright>
<metadata>
<codes class="bip:countries:1.0">
  <code code="JAP">
    <editdetail attribution="Reuters BIP Coding Group" action="confirmed" date="1997-07-30"/>
  </code>
  <code code="NETH">
    <editdetail attribution="Reuters BIP Coding Group" action="confirmed" date="1997-07-30"/>
  </code>
</codes>
<codes class="bip:topics:1.0">
  <code code="C11">
    <editdetail attribution="Reuters BIP Coding Group" action="confirmed" date="1997-07-30"/>
  </code>
</codes>
<dc element="dc.date.created" value="1997-07-30"/>
<dc element="dc.publisher" value="Reuters Holdings Plc"/>
<dc element="dc.date.published" value="1997-07-30"/>
<dc element="dc.source" value="Reuters"/>
<dc element="dc.creator.location" value="TOKYO"/>
<dc element="dc.creator.location.country.name" value="JAPAN"/>
<dc element="dc.source" value="Reuters"/>
</metadata>
</newsitem>
