<?xml version="1.0" encoding="iso-8859-1" ?>
<newsitem itemid="765061" id="root" date="1997-07-30" xml:lang="en">
<title>USA: TABLE-Beazer Homes USA Q3 shr primary $0.40.</title>
<headline>TABLE-Beazer Homes USA Q3 shr primary $0.40.</headline>
<text>
<p>BEAZER HOMES USA, INC.,</p>
<p>		   CONSOLIDATED OPERATING AND FINANCIAL DATA</p>
<p>	     (dollars in thousands, except per share amounts)</p>
<p>					     Quarter Ended     Nine Months Ended</p>
<p>						   June 30,	     June 30,</p>
<p>    SELECTED OPERATING DATA	 1997	 1996     1997	 1996</p>
<p>Closings:</p>
<p>	    Southeast region	    493	 554     1,328     1,503</p>
<p>	    Southwest region	    651	 868     1,878     2,299</p>
<p>	    Central region		171	  74	 449	 178</p>
<p>    Total closings		    1,315     1,496     3,655     3,980</p>
<p>New orders, net of</p>
<p>cancellations(A):</p>
<p>	    Southeast region	    555	 550     1,497     1,603</p>
<p>	    Southwest region	    789	 837     2,067     2,526</p>
<p>	    Central region		250	 119	 598	 267</p>
<p>    Total new orders		  1,594     1,506     4,162     4,396</p>
<p>    Backlog at end of period	1,933     2,156	 ---	 ---</p>
<p>Dollar value of backlog</p>
<p>     at end of period	    $292,267  $332,254	 ---	 ---</p>
<p>INCOME STATEMENT</p>
<p>    Total revenue		  $195,608  $217,065  $534,453  $571,800</p>
<p>	 Costs and expenses:</p>
<p>Home construction and</p>
<p>     land sales		     165,843   183,776   453,626   483,610</p>
<p>    Interest			    3,609     3,860     9,523    10,637</p>
<p>Selling, general and</p>
<p>     administrative expense	20,718    21,450    59,474    58,658</p>
<p>    Write-down of inventory	   ---	 ---     6,326	 ---</p>
<p>    Operating income		  5,438     7,979     5,504    18,895</p>
<p>    Other income			  190	  50	 481	  71</p>
<p>    Income before income taxes    5,628     8,029     5,985    18,966</p>
<p>    Income taxes			2,194     3,212     2,334     7,587</p>
<p>    Net income		     $  3,434  $  4,817  $  3,651  $ 11,379</p>
<p>    Preferred dividends	  $  1,000  $  1,000  $  3,000  $  3,000</p>
<p>Net income to common</p>
<p>     shareholders		  $  2,434  $  3,817  $    651  $  8,379</p>
<p>Net income per share:</p>
<p>     Primary			 $   0.40  $   0.59  $   0.10  $   1.29</p>
<p>     Fully Diluted		 $   0.40  $   0.53  $    ---  $   1.25</p>
<p>Weighted average shares outstanding, in thousands:</p>
<p>     Primary			    6,069     6,481     6,334     6,487</p>
<p>     Fully Diluted		    8,693     9,105	 ---     9,111</p>
<p>    Interest incurred	    $  4,414  $  3,980  $ 11,352  $ 10,729</p>
<p>Depreciation and</p>
<p>     amortization		  $    589  $    332  $  1,545  $  1,080</p>
<p>    SELECTED BALANCE SHEET DATA	    June 30, 1997</p>
<p>    Inventory				     388,128</p>
<p>    Total assets				  416,428</p>
<p>    Short-term debt				75,000</p>
<p>    Total debt				    190,000</p>
<p>    Stockholders' equity			172,669</p>
</text>
<copyright>(c) Reuters Limited 1997</copyright>
<metadata>
<codes class="bip:countries:1.0">
  <code code="USA">
    <editdetail attribution="Reuters BIP Coding Group" action="confirmed" date="1997-07-30"/>
  </code>
</codes>
<codes class="bip:industries:1.0">
  <code code="I50100">
    <editdetail attribution="Reuters BIP Coding Group" action="confirmed" date="1997-07-30"/>
  </code>
  <code code="I5010022">
    <editdetail attribution="Reuters BIP Coding Group" action="confirmed" date="1997-07-30"/>
  </code>
</codes>
<codes class="bip:topics:1.0">
  <code code="C15">
    <editdetail attribution="Reuters BIP Coding Group" action="confirmed" date="1997-07-30"/>
  </code>
  <code code="C151">
    <editdetail attribution="Reuters BIP Coding Group" action="confirmed" date="1997-07-30"/>
  </code>
  <code code="CCAT">
    <editdetail attribution="Reuters BIP Coding Group" action="confirmed" date="1997-07-30"/>
  </code>
</codes>
<dc element="dc.publisher" value="Reuters Holdings Plc"/>
<dc element="dc.date.published" value="1997-07-30"/>
<dc element="dc.source" value="Reuters"/>
<dc element="dc.creator.location.country.name" value="USA"/>
<dc element="dc.source" value="Reuters"/>
</metadata>
</newsitem>
