<?xml version="1.0" encoding="iso-8859-1" ?>
<newsitem itemid="765023" id="root" date="1997-07-30" xml:lang="en">
<title>USA: EMERGENCY WEATHER CONDITIONS -  WSC - 30-JUL					     .</title>
<headline>EMERGENCY WEATHER CONDITIONS -  WSC - 30-JUL					     .</headline>
<text>
<p>As flood cleanup continues along the Oder River and in Poland in northeastern Europe, drier weather during the next couple days will be more favorable.</p>
<p>In Japan, cleanup will continue in the south after the heavy rains and flooding caused by Rosie. Showers and thunderstorms may add to the problems during the next couple of days.  </p>
<p>Major flooding occurred near Fort Collins, Colorado, after heavy, slow-moving thunderstorms dumped several inches of rain. As cleanup gets underway, there is a chance of additional thunderstorms in the region and through much of the Rockies during the next few days. Flooding is possible with some storms.  </p>
<p>Nothing further at this time.</p>
</text>
<copyright>(c) Reuters Limited 1997</copyright>
<metadata>
<codes class="bip:countries:1.0">
  <code code="USA">
    <editdetail attribution="Reuters BIP Coding Group" action="confirmed" date="1997-07-30"/>
  </code>
</codes>
<codes class="bip:topics:1.0">
  <code code="GCAT">
    <editdetail attribution="Reuters BIP Coding Group" action="confirmed" date="1997-07-30"/>
  </code>
  <code code="GDIS">
    <editdetail attribution="Reuters BIP Coding Group" action="confirmed" date="1997-07-30"/>
  </code>
  <code code="GWEA">
    <editdetail attribution="Reuters BIP Coding Group" action="confirmed" date="1997-07-30"/>
  </code>
</codes>
<dc element="dc.publisher" value="Reuters Holdings Plc"/>
<dc element="dc.date.published" value="1997-07-30"/>
<dc element="dc.source" value="Reuters"/>
<dc element="dc.creator.location.country.name" value="USA"/>
<dc element="dc.source" value="Reuters"/>
</metadata>
</newsitem>
