<?xml version="1.0" encoding="iso-8859-1" ?>
<newsitem itemid="765087" id="root" date="1997-07-30" xml:lang="en">
<title>USA: TABLE - Liberty Property Trust Q2 net rises.</title>
<headline>TABLE - Liberty Property Trust Q2 net rises.</headline>
<dateline>MALVERN, Pa. 1997-07-30</dateline>
<text>
<p>1997			1996</p>
<p> Net shr		    $0.27		    $0.27</p>
<p> Shr FFO		     0.54		     0.48</p>
<p> Net			 10,955		    7,809</p>
<p> Revs			51,191		   36,650</p>
<p> Avg shrs		  52,737		   43,454</p>
<p>	  6  MONTHS</p>
<p> Net shr		    $0.58		    $0.55</p>
<p> Shr FFO		     1.06		     0.94</p>
<p> Net			 21,504		   15,798</p>
<p> Revs			97,673		   73,213</p>
<p> Avg shrs		  48,594		   43,426</p>
<p>(All data above 000s except per share numbers)</p>
<p>((-- New York Newsdesk 212-859-1610))</p>
</text>
<copyright>(c) Reuters Limited 1997</copyright>
<metadata>
<codes class="bip:countries:1.0">
  <code code="USA">
    <editdetail attribution="Reuters BIP Coding Group" action="confirmed" date="1997-07-30"/>
  </code>
</codes>
<codes class="bip:industries:1.0">
  <code code="I81502">
    <editdetail attribution="Reuters BIP Coding Group" action="confirmed" date="1997-07-30"/>
  </code>
</codes>
<codes class="bip:topics:1.0">
  <code code="C15">
    <editdetail attribution="Reuters BIP Coding Group" action="confirmed" date="1997-07-30"/>
  </code>
  <code code="C151">
    <editdetail attribution="Reuters BIP Coding Group" action="confirmed" date="1997-07-30"/>
  </code>
  <code code="CCAT">
    <editdetail attribution="Reuters BIP Coding Group" action="confirmed" date="1997-07-30"/>
  </code>
</codes>
<dc element="dc.date.created" value="1997-07-30"/>
<dc element="dc.publisher" value="Reuters Holdings Plc"/>
<dc element="dc.date.published" value="1997-07-30"/>
<dc element="dc.source" value="Reuters"/>
<dc element="dc.creator.location" value="MALVERN, Pa."/>
<dc element="dc.creator.location.country.name" value="USA"/>
<dc element="dc.source" value="Reuters"/>
</metadata>
</newsitem>
