<?xml version="1.0" encoding="iso-8859-1" ?>
<newsitem itemid="765054" id="root" date="1997-07-30" xml:lang="en">
<title>USA: TABLE - Metro One Q2 results.</title>
<headline>TABLE - Metro One Q2 results.</headline>
<text>
<p>METRO ONE TELECOMMUNICATIONS, INC.</p>
<p>				Statements of Operations</p>
<p>			    (000, except per share data)</p>
<p>				 Three Months Ended  Six Months Ended</p>
<p>				   6/30/97  6/30/96  6/30/97  6/30/96</p>
<p> Revenues			   $ 5,468$ 4,516  $ 9,954 $ 8,744</p>
<p>Costs and expenses:</p>
<p>  Direct operating		  2,697  1,976    5,130   3,971</p>
<p>  General and administrative    2,702  1,816    5,207   3,555</p>
<p>					  5,399  3,792   10,337   7,526</p>
<p> Income (loss) from operations     69    724    (383)   1,218</p>
<p> Other income (expense)		34  (120)	194   (158)</p>
<p> Interest and loan fees	    (87)  (147)    (185)   (310)</p>
<p>					   (53)  (267)	  9   (468)</p>
<p>Income (loss) before provision</p>
<p>  for income taxes		     16    457    (374)     750</p>
<p> Income tax provision		  --     15	 --	23</p>
<p> Net income (loss)		     16    442    (374)     727</p>
<p> Net income (loss) per share     0.00   0.05   (0.03)    0.08</p>
<p>Weighted average number</p>
<p>of common and common</p>
<p>equivalent shares</p>
<p>  outstanding			10,925  8,751   10,773   8,949</p>
</text>
<copyright>(c) Reuters Limited 1997</copyright>
<metadata>
<codes class="bip:countries:1.0">
  <code code="USA">
    <editdetail attribution="Reuters BIP Coding Group" action="confirmed" date="1997-07-30"/>
  </code>
</codes>
<codes class="bip:industries:1.0">
  <code code="I83954">
    <editdetail attribution="Reuters BIP Coding Group" action="confirmed" date="1997-07-30"/>
  </code>
</codes>
<codes class="bip:topics:1.0">
  <code code="C15">
    <editdetail attribution="Reuters BIP Coding Group" action="confirmed" date="1997-07-30"/>
  </code>
  <code code="C151">
    <editdetail attribution="Reuters BIP Coding Group" action="confirmed" date="1997-07-30"/>
  </code>
  <code code="CCAT">
    <editdetail attribution="Reuters BIP Coding Group" action="confirmed" date="1997-07-30"/>
  </code>
</codes>
<dc element="dc.publisher" value="Reuters Holdings Plc"/>
<dc element="dc.date.published" value="1997-07-30"/>
<dc element="dc.source" value="Reuters"/>
<dc element="dc.creator.location.country.name" value="USA"/>
<dc element="dc.source" value="Reuters"/>
</metadata>
</newsitem>
