<?xml version="1.0" encoding="iso-8859-1" ?>
<newsitem itemid="765075" id="root" date="1997-07-30" xml:lang="en">
<title>USA: USDA gross cutout hide and offal value.</title>
<headline>USDA gross cutout hide and offal value.</headline>
<dateline>DES MOINES 1997-07-30</dateline>
<text>
<p>The hide and offal value from a typical slaughter steer for today was estimated at $8.32 per cwt live, up 0.01 compared to Tuesday's value.-USDA</p>
<p>FOB CENTRAL U.S. TODAY'S CALCULATIONS FOR BY-PRODUCT VALUE</p>
<p>(STEER) -			   Lbs   Price  Change   Value</p>
<p>Steer hide, butt brand	 4.92   77.00    -	 4.86</p>
<p>Tallow, edible		   1.20   19.75    -	 0.24</p>
<p>Tallow, packer bleachable    4.50   18.75    -	 0.84</p>
<p>Tongues, Swiss #1 Wht 0-3%   0.26  133.00    -	 0.35</p>
<p>Cheek meat, trmd		 0.32   75.50    0.75    0.24</p>
<p>Head meat			  0.13   54.00    -	 0.07</p>
<p>Oxtail, selected		 0.16  145.00    -	 0.23</p>
<p>Hearts, reg, bone out	  0.38   29.00    1.00    0.11</p>
<p>Lips, unscalded		  0.11   55.00    -	 0.06</p>
<p>Livers, slcted, gall off     0.96   36.00    -	 0.35</p>
<p>Tripe, scalded edible	  0.65   32.00    1.50    0.21</p>
<p>Tripe, honeycomb bleached    0.15   49.00    -	 0.07</p>
<p>Lungs, inedible		  0.47    5.20    -	 0.02</p>
<p>Melts				0.14    6.50    -	 0.01</p>
<p>Meat bone ml, 50% blk/ton    3.70  265.00    2.00    0.49</p>
<p>Blood meal, 85% blk/ton	0.60  565.00    -	 0.17</p>
<p>TOTAL :			   18.65			  8.32</p>
<p>((Chicago newsdesk 312 4087 8720))</p>
</text>
<copyright>(c) Reuters Limited 1997</copyright>
<metadata>
<codes class="bip:countries:1.0">
  <code code="USA">
    <editdetail attribution="Reuters BIP Coding Group" action="confirmed" date="1997-07-30"/>
  </code>
</codes>
<codes class="bip:topics:1.0">
  <code code="M14">
    <editdetail attribution="Reuters BIP Coding Group" action="confirmed" date="1997-07-30"/>
  </code>
  <code code="M141">
    <editdetail attribution="Reuters BIP Coding Group" action="confirmed" date="1997-07-30"/>
  </code>
  <code code="MCAT">
    <editdetail attribution="Reuters BIP Coding Group" action="confirmed" date="1997-07-30"/>
  </code>
</codes>
<dc element="dc.date.created" value="1997-07-30"/>
<dc element="dc.publisher" value="Reuters Holdings Plc"/>
<dc element="dc.date.published" value="1997-07-30"/>
<dc element="dc.source" value="Reuters"/>
<dc element="dc.creator.location" value="DES MOINES"/>
<dc element="dc.creator.location.country.name" value="USA"/>
<dc element="dc.source" value="Reuters"/>
</metadata>
</newsitem>
