<?xml version="1.0" encoding="iso-8859-1" ?>
<newsitem itemid="765031" id="root" date="1997-07-30" xml:lang="en">
<title>CANADA: Canada dlr opens firmer after Australian rate cut.</title>
<headline>Canada dlr opens firmer after Australian rate cut.</headline>
<text>
<p>FORECAST RANGE   1.3800/1.3890	   ASIAN CLOSE     1.3847</p>
<p>RESISTANCE 1.3720   SUPPORT 1.3890     HI 1.3849   LO  1.3827</p>
<p>CANADA OPEN  1.3835/40    HI 1.3849    EUROPE OPEN     1.3846</p>
<p>PREV CLOSE   1.3848/53    LO 1.3827    HI 1.3825   LO  1.3825</p>
<p>---------------------MARKET COMMENT--------------------------</p>
<p>* Canada's dollar opened firmer on Wednesday at C$1.3835 (US$0.7228) lifted by interest to buy on the back of Australia's fifth rate cut in a year, dealers said. * They said talk of Aussie sales for Canada overnight drove Canada a bit stronger until some Canadian corporate interest to buy Aussie for Canada surfaced late in Asian trade.  </p>
<p>In a surprise move on Wednesday the Reserve Bank of Australia cut its official cash rate by half a percentage point to 5.0 percent.</p>
<p>Analysts said the move caught the market off-guard because the cut was widely expected, but not before the Australian central bank's board meeting on August 5.</p>
<p>Dealers said they do not expect much more activity in the Canadian dollar as a result of the Australian rate cut, but that Canada's currency will likely trade in a slightly firmer range ahead of Statistics Canada's report on the nation's May gross domestic product on Friday.  </p>
<p>A Reuters survey of economists forecast May GDP rose 0.3 percent on a monthly basis from 0.8 percent in April.</p>
<p>On the crosses, Canada's dollar rose to 1.3323 marks from Tuesday's close of 1.3263 marks and rose to 85.91 yen from Monday's 85.44 yen close.</p>
<p>((Reuters Toronto Bureau 416 941-8100))</p>
</text>
<copyright>(c) Reuters Limited 1997</copyright>
<metadata>
<codes class="bip:countries:1.0">
  <code code="CANA">
    <editdetail attribution="Reuters BIP Coding Group" action="confirmed" date="1997-07-30"/>
  </code>
</codes>
<codes class="bip:topics:1.0">
  <code code="M13">
    <editdetail attribution="Reuters BIP Coding Group" action="confirmed" date="1997-07-30"/>
  </code>
  <code code="M132">
    <editdetail attribution="Reuters BIP Coding Group" action="confirmed" date="1997-07-30"/>
  </code>
  <code code="MCAT">
    <editdetail attribution="Reuters BIP Coding Group" action="confirmed" date="1997-07-30"/>
  </code>
</codes>
<dc element="dc.publisher" value="Reuters Holdings Plc"/>
<dc element="dc.date.published" value="1997-07-30"/>
<dc element="dc.source" value="Reuters"/>
<dc element="dc.creator.location.country.name" value="CANADA"/>
<dc element="dc.source" value="Reuters"/>
</metadata>
</newsitem>
