<?xml version="1.0" encoding="iso-8859-1" ?>
<newsitem itemid="765069" id="root" date="1997-07-30" xml:lang="en">
<title>USA: TABLE- Liposome Co Inc Q2 shr loss widens.</title>
<headline>TABLE- Liposome Co Inc Q2 shr loss widens.</headline>
<dateline>PRINCETON, N.J. 1997-07-29</dateline>
<text>
<p>(In Thousands Except Per Share Figures)</p>
<p>				 Three Months Ended  Six Months Ended</p>
<p>			    6/29/97    6/30/96   6/29/97    6/30/96</p>
<p> Product sales	 $ 15,220   $ 12,467  $ 29,625   $ 22,570</p>
<p>Research and development</p>
<p>   and other revenues     900	  599     1,800	1,892</p>
<p>Interest, investment and</p>
<p>   other income	     534	1,336     1,083	2,349</p>
<p> Total revenues	  16,654     14,402    32,508     26,811</p>
<p> Cost of goods sold     5,080	4,040     8,530	7,264</p>
<p>Research and development</p>
<p>   expense		  7,528	8,229    14,843     15,235</p>
<p>Selling, general and</p>
<p>administrative</p>
<p>   expense		 12,418	7,207    21,775     13,413</p>
<p> Interest expense	   178	   56	 379	  120</p>
<p>   Total expenses	25,204     l9,532    45,527     36,032</p>
<p> Net loss		 (8,550)    (5,130)  (13,019)    (9,221)</p>
<p>Preferred Stock</p>
<p>   dividends		   --	  571	  --	1,233</p>
<p>Net loss applicable to</p>
<p>   Common Stock	 (8,550)    (5,701)  (13,019)   (10,454)</p>
<p>Net loss per share applicable to</p>
<p>  Common Stock	   (0.23)     (0.17)    (0.36)     (0.33)</p>
<p>Weighted average number of common</p>
<p>  shares outstanding   36,988     33,493    36,560     31,842</p>
<p>((-- New York Newsdesk 212-859-1610))</p>
</text>
<copyright>(c) Reuters Limited 1997</copyright>
<metadata>
<codes class="bip:countries:1.0">
  <code code="USA">
    <editdetail attribution="Reuters BIP Coding Group" action="confirmed" date="1997-07-30"/>
  </code>
</codes>
<codes class="bip:industries:1.0">
  <code code="I25700">
    <editdetail attribution="Reuters BIP Coding Group" action="confirmed" date="1997-07-30"/>
  </code>
</codes>
<codes class="bip:topics:1.0">
  <code code="C15">
    <editdetail attribution="Reuters BIP Coding Group" action="confirmed" date="1997-07-30"/>
  </code>
  <code code="C151">
    <editdetail attribution="Reuters BIP Coding Group" action="confirmed" date="1997-07-30"/>
  </code>
  <code code="CCAT">
    <editdetail attribution="Reuters BIP Coding Group" action="confirmed" date="1997-07-30"/>
  </code>
</codes>
<dc element="dc.date.created" value="1997-07-29"/>
<dc element="dc.publisher" value="Reuters Holdings Plc"/>
<dc element="dc.date.published" value="1997-07-30"/>
<dc element="dc.source" value="Reuters"/>
<dc element="dc.creator.location" value="PRINCETON, N.J."/>
<dc element="dc.creator.location.country.name" value="USA"/>
<dc element="dc.source" value="Reuters"/>
</metadata>
</newsitem>
