<?xml version="1.0" encoding="iso-8859-1" ?>
<newsitem itemid="765066" id="root" date="1997-07-30" xml:lang="en">
<title>USA: PRESS DIGEST - New York Times business - July 30.</title>
<headline>PRESS DIGEST - New York Times business - July 30.</headline>
<dateline>NEW YORK 1997-07-30</dateline>
<text>
<p>The New York Times reported the following business stories Wednesday:</p>
<p>* Employee compensation costs rose slightly this spring because of an increase in benefits, but the gain posed no inflationary threat.</p>
<p>* When Loehmann's Inc went public last year its stock enjoyed a strong run on wall street, only to taper off beginning in April when the company warned of lower-than-expected earnings.</p>
<p>* Tenet HealthCare agreed to pay about $100 million to former patients who contended that the company and some affiliated doctors illegally imprisioned them in psychiatric hospitals in order to obtain their insurance benefits.</p>
<p>* Ford Motor Co announced plans to rejuvenate its tired Mercury division by reviving the Mercury Cougar.</p>
<p>* Stocks reached new highs, buoyed by economic reports that pointed toward low inflation and moderate growth.</p>
<p>* Airtouch Communications' purchase of U.S. West Media Group's United States wireless business will have to be restructured because Congress would not change the date that an adverse provision of the new tax bill takes effect.</p>
<p>* T.I.A.A.-C.R.E.F., the retirement system that serves many of the nation's college professors and administrators, lost its battle to retain its tax-exempt status.</p>
<p>* McDonald's selected the Chicago office of DDB Needham Worldwide as its lead domestic advertising agency.</p>
<p>* Shares in the disk maker Nimbus CD International rose 14 percent after the company announced that it had signed a contract to become an authorized maker of digital disks for Microsoft.</p>
<p>* Bear Stearns said its quarterly earnings were almost unchanged.</p>
<p>((New York Newsdesk 212-859-1610))</p>
</text>
<copyright>(c) Reuters Limited 1997</copyright>
<metadata>
<codes class="bip:countries:1.0">
  <code code="USA">
    <editdetail attribution="Reuters BIP Coding Group" action="confirmed" date="1997-07-30"/>
  </code>
</codes>
<codes class="bip:topics:1.0">
  <code code="GCAT">
    <editdetail attribution="Reuters BIP Coding Group" action="confirmed" date="1997-07-30"/>
  </code>
</codes>
<dc element="dc.date.created" value="1997-07-30"/>
<dc element="dc.publisher" value="Reuters Holdings Plc"/>
<dc element="dc.date.published" value="1997-07-30"/>
<dc element="dc.source" value="Reuters"/>
<dc element="dc.creator.location" value="NEW YORK"/>
<dc element="dc.creator.location.country.name" value="USA"/>
<dc element="dc.source" value="Reuters"/>
</metadata>
</newsitem>
