<?xml version="1.0" encoding="iso-8859-1" ?>
<newsitem itemid="765094" id="root" date="1997-07-30" xml:lang="en">
<title>USA: TABLE - Converse Inc Q2 shr profit vs loss.</title>
<headline>TABLE - Converse Inc Q2 shr profit vs loss.</headline>
<dateline>NORTH READING, Mass. 1997-07-30</dateline>
<text>
<p>(Dollars in thousands, except per share amounts)</p>
<p>				 Three Months Ended  Six Months Ended</p>
<p>				   Jun 29,  Jun 28,  Jun 29,  Jun 28,</p>
<p>					1996     1997     1996     1997</p>
<p> Net sales		     $79,907 $103,325 $166,458 $239,293</p>
<p> Cost of sales		  57,020   72,439  121,954  166,248</p>
<p> Gross profit		   22,887   30,886   44,504   73,045</p>
<p> Selling, general and	 29,129   30,489   55,435   67,252</p>
<p>administrative expenses</p>
<p> Royalty income		  6,317    5,009   11,245   11,386</p>
<p>Restructuring expense</p>
<p>			(credit) (2,209)	---  (2,209)    (563)</p>
<p> Earnings from operations    2,284    5,406    2,523   17,742</p>
<p>Loss (credit) on investment in</p>
<p>  unconsolidated subsidiary   515	---	515  (13,051)</p>
<p> Interest expense, net	 4,256    3,875    8,093    6,554</p>
<p> Other (income) expense, net   621	204    1,497    2,294</p>
<p>Earnings (loss) from</p>
<p> continuing operations     (3,108)    1,327  (7,582)   21,945</p>
<p>before income tax</p>
<p> Income tax expense (benefit)  635	511    (580)    8,449</p>
<p> Net earnings (loss) from  (3,743)	816  (7,002)   13,496</p>
<p>continuing operations</p>
<p>Extraordinary loss net of tax</p>
<p>  of   508 - write-off of deferred  --- 812     ---    812</p>
<p>financing fees</p>
<p> Net earnings (loss)	 (3,743)	  4  (7,002)   12,684</p>
<p>Net earnings (loss) per</p>
<p>share:</p>
<p>    Continuing operations   (0.22)     0.05   (0.42)     0.76</p>
<p>    Extraordinary loss	   ---   (0.05)	---   (0.05)</p>
<p>    Net earnings		(0.22)     0.00   (0.42)     0.71</p>
<p>Weighted average number of</p>
<p>				    16,692   17,851   16,692   17,856</p>
<p>common shares</p>
<p>((-- New York Newsdesk 212-859-1610))</p>
</text>
<copyright>(c) Reuters Limited 1997</copyright>
<metadata>
<codes class="bip:countries:1.0">
  <code code="USA">
    <editdetail attribution="Reuters BIP Coding Group" action="confirmed" date="1997-07-30"/>
  </code>
</codes>
<codes class="bip:industries:1.0">
  <code code="I49420">
    <editdetail attribution="Reuters BIP Coding Group" action="confirmed" date="1997-07-30"/>
  </code>
</codes>
<codes class="bip:topics:1.0">
  <code code="C15">
    <editdetail attribution="Reuters BIP Coding Group" action="confirmed" date="1997-07-30"/>
  </code>
  <code code="C151">
    <editdetail attribution="Reuters BIP Coding Group" action="confirmed" date="1997-07-30"/>
  </code>
  <code code="CCAT">
    <editdetail attribution="Reuters BIP Coding Group" action="confirmed" date="1997-07-30"/>
  </code>
</codes>
<dc element="dc.date.created" value="1997-07-30"/>
<dc element="dc.publisher" value="Reuters Holdings Plc"/>
<dc element="dc.date.published" value="1997-07-30"/>
<dc element="dc.source" value="Reuters"/>
<dc element="dc.creator.location" value="NORTH READING, Mass."/>
<dc element="dc.creator.location.country.name" value="USA"/>
<dc element="dc.source" value="Reuters"/>
</metadata>
</newsitem>
