<?xml version="1.0" encoding="iso-8859-1" ?>
<newsitem itemid="765038" id="root" date="1997-07-30" xml:lang="en">
<title>CANADA: British Columbia lumber union says close to deal.</title>
<headline>British Columbia lumber union says close to deal.</headline>
<dateline>VANCOUVER 1997-07-30</dateline>
<text>
<p>The union representing British Columbia coastal lumber workers said it believes a contract deal may be reached Thursday with the province's forestry companies.</p>
<p>Asked if an agreement could be reached Wednesday, IWA-Canada union president Dave Haggard said in an interview: &quot;Not today. But I think by tomorrow we should have a deal.&quot;</p>
<p>He was speaking after the latest meeting with Forest Industrial Relations which bargains on behalf of 65 forestry companies. The chief negotiator for the companies also expressed optimism about the talks on Tuesday.</p>
<p>The two sides are likely to hold at least one and perhaps two further bargaining sessions on Wednesday, Haggard said.  </p>
<p>They have been negotiating a new three-year contract to replace a deal that expired June 14.</p>
<p>Haggard said there were still differences on five or six issues, most notably wages. The union wants wage hikes of seven percent over the life of the contract and the companies are offering four percent.</p>
<p>Other outstanding issues are education funding, medical travel allowances, severance payments for plant closures and minor aspects of benefits, Haggard said.</p>
<p>The union represents 29,000 workers in the province's lumber sector. These negotiations cover coastal operations which also set the benchmark for contracts in the interior of the province.</p>
<p>((Reuters Vancouver Bureau (604) 664-7314))</p>
</text>
<copyright>(c) Reuters Limited 1997</copyright>
<metadata>
<codes class="bip:countries:1.0">
  <code code="CANA">
    <editdetail attribution="Reuters BIP Coding Group" action="confirmed" date="1997-07-30"/>
  </code>
</codes>
<codes class="bip:industries:1.0">
  <code code="I02000">
    <editdetail attribution="Reuters BIP Coding Group" action="confirmed" date="1997-07-30"/>
  </code>
  <code code="I46000">
    <editdetail attribution="Reuters BIP Coding Group" action="confirmed" date="1997-07-30"/>
  </code>
</codes>
<codes class="bip:topics:1.0">
  <code code="C42">
    <editdetail attribution="Reuters BIP Coding Group" action="confirmed" date="1997-07-30"/>
  </code>
  <code code="CCAT">
    <editdetail attribution="Reuters BIP Coding Group" action="confirmed" date="1997-07-30"/>
  </code>
  <code code="E41">
    <editdetail attribution="Reuters BIP Coding Group" action="confirmed" date="1997-07-30"/>
  </code>
  <code code="ECAT">
    <editdetail attribution="Reuters BIP Coding Group" action="confirmed" date="1997-07-30"/>
  </code>
  <code code="GCAT">
    <editdetail attribution="Reuters BIP Coding Group" action="confirmed" date="1997-07-30"/>
  </code>
  <code code="GJOB">
    <editdetail attribution="Reuters BIP Coding Group" action="confirmed" date="1997-07-30"/>
  </code>
</codes>
<dc element="dc.date.created" value="1997-07-30"/>
<dc element="dc.publisher" value="Reuters Holdings Plc"/>
<dc element="dc.date.published" value="1997-07-30"/>
<dc element="dc.source" value="Reuters"/>
<dc element="dc.creator.location" value="VANCOUVER"/>
<dc element="dc.creator.location.country.name" value="CANADA"/>
<dc element="dc.source" value="Reuters"/>
</metadata>
</newsitem>
