<?xml version="1.0" encoding="iso-8859-1" ?>
<newsitem itemid="765096" id="root" date="1997-07-30" xml:lang="en">
<title>USA: TABLE-Battle Mountain Q2 shr loss vs profit.</title>
<headline>TABLE-Battle Mountain Q2 shr loss vs profit.</headline>
<dateline>HOUSTON 1997-07-30</dateline>
<text>
<p>(in thousands, except per-share data)</p>
<p>			   Three months ended     Six months ended</p>
<p>				  June 30,		  June 30,</p>
<p>			     1997	  1996	 1997	 1996</p>
<p> Sales		 $ 91,242    $120,367   $167,751   $225,363</p>
<p>Costs and expenses</p>
<p>   Production costs  56,059	69,712    107,197    128,744</p>
<p>Depreciation,</p>
<p>depletion</p>
<p>and amortization</p>
<p>			   17,486	25,400     33,904     46,214</p>
<p>Exploration,</p>
<p>evaluation and</p>
<p>other lease costs</p>
<p>			    5,764	 6,133     11,640     15,304</p>
<p>   Merger expense	  --	    --	2,250	   --</p>
<p>General and</p>
<p>administrative</p>
<p>    expenses	    4,328	 4,534	8,141	8,406</p>
<p>Total costs and</p>
<p>    expenses	   83,637     105,779    163,132    198,668</p>
<p> Operating income     7,605	14,588	4,619     26,695</p>
<p>Interest and other</p>
<p>    income		1,884	 2,048	3,250	2,934</p>
<p>Interest expense</p>
<p>			  (1,141)     (1,558)    (3,027)    (3,245)</p>
<p>Income before income</p>
<p>taxes and minority</p>
<p>  interest		8,348	15,078	4,842     26,384</p>
<p>Income tax expense</p>
<p>			    5,115	 6,424	7,179     10,295</p>
<p>   Mining taxes	 2,404	 3,924	3,983	7,756</p>
<p>Minority interest</p>
<p>in net (income)</p>
<p>    loss		(1,949)	   302    (1,995)	1,665</p>
<p> Net income (loss)  (1,120)	 5,032    (8,315)	9,998</p>
<p> Preferred dividends  1,869	 1,869	3,738	3,738</p>
<p>Net income (loss)</p>
<p>  to common shares  (2,989)	 3,163   (12,053)	6,260</p>
<p>Income (loss) per</p>
<p> common share	   (.01)	   .01	(.05)	  .03</p>
<p>Average common</p>
<p>shares outstanding</p>
<p>for income per</p>
<p>  share purposes    229,704     229,430    229,653    229,352</p>
<p>NOTE - Full company name is Battle Mountain Gold Co</p>
<p>((-- New York Newsdesk 212-859-1610))</p>
</text>
<copyright>(c) Reuters Limited 1997</copyright>
<metadata>
<codes class="bip:countries:1.0">
  <code code="USA">
    <editdetail attribution="Reuters BIP Coding Group" action="confirmed" date="1997-07-30"/>
  </code>
</codes>
<codes class="bip:industries:1.0">
  <code code="I21000">
    <editdetail attribution="Reuters BIP Coding Group" action="confirmed" date="1997-07-30"/>
  </code>
</codes>
<codes class="bip:topics:1.0">
  <code code="C15">
    <editdetail attribution="Reuters BIP Coding Group" action="confirmed" date="1997-07-30"/>
  </code>
  <code code="C151">
    <editdetail attribution="Reuters BIP Coding Group" action="confirmed" date="1997-07-30"/>
  </code>
  <code code="CCAT">
    <editdetail attribution="Reuters BIP Coding Group" action="confirmed" date="1997-07-30"/>
  </code>
</codes>
<dc element="dc.date.created" value="1997-07-30"/>
<dc element="dc.publisher" value="Reuters Holdings Plc"/>
<dc element="dc.date.published" value="1997-07-30"/>
<dc element="dc.source" value="Reuters"/>
<dc element="dc.creator.location" value="HOUSTON"/>
<dc element="dc.creator.location.country.name" value="USA"/>
<dc element="dc.source" value="Reuters"/>
</metadata>
</newsitem>
