<?xml version="1.0" encoding="iso-8859-1" ?>
<newsitem itemid="765029" id="root" date="1997-07-30" xml:lang="en">
<title>CANADA: Toronto stocks pop up at open aided by golds.</title>
<headline>Toronto stocks pop up at open aided by golds.</headline>
<dateline>TORONTO 1997-07-30</dateline>
<text>
<p>CHANGE				     CHANGE</p>
<p>TSE	 6818.77  +17.60   HI 6818.77	    LO  6818.77</p>
<p>DJI	 8198.45  +23.92   GOLD (LONDON)   US$326.40  -0.15</p>
<p>FTSE	4921.90  +45.30   GOLD (COMEX)    US$327.60  +1.80</p>
<p>NIKKEI   20212.82 -189.92   LME CASH NICKEL US$7398	-18</p>
<p>CANDLR     1.3810	     LME CASH ALUM   US$1711    +11.7</p>
<p>CAN 30-YR  121.84   +0.61   BRENT CRUDE     US$18.79   +0.20</p>
<p>---------------------MARKET COMMENT-------------------------</p>
<p>* Toronto stocks inched to new highs at Wednesday's open, aided by stronger golds. * Most of 14 sub-indexes gained ground. *Turnover of 7 million shares valued at C$111 million.  </p>
<p>Toronto stocks tacked on more gains at Wednesday's open, lifted by strong bonds, golds and higher quarterly corporate earnings.</p>
<p>&quot;Bonds are on the plus side again,&quot; said Peter Chandler, C.M. Oliver &amp; Co Ltd's senior vice-president. &quot;It's more fuel for the market fire.&quot; Canada's benchmark 30-year bond jumped C$0.85 to C$122.08, yielding 6.341 percent and helping banks.</p>
<p>Also, &quot;the market is still being largely driven by companies with predictable earnings,&quot; Chandler added. More earnings are forecast for today, including Canadian Airlines Corp and Air Canada.  </p>
<p>Investors are still putting their money into equities as the rally grows, analysts said. &quot;There's a lot of money still on the sidelines,&quot; Chandler said.</p>
<p>Almost all of Toronto's 14 sub-sectors gained ground. The lone decliner was conglomerates. The stronger side was powered by transportation, pipelines, oils and key golds.</p>
<p>Advancing issues outnumbered decliners 253 to 160, while 199 traded flat.</p>
<p>--- HOT STOCKS ---</p>
<p>* Toronto-Dominion Bank topped actives, rising 0.45 to 43.55 on more than 1.28 million shares.</p>
<p>* Laidlaw Inc LDM.TO rose 0.25 to 21.55. North America's largest school bus and emergency transportation company continued its acquisitive ways with Wednesday's news that it snapped up Dallas-based Emcare Holdings Inc for $400 million cash or $38 a share.</p>
<p>* Integrated energy firm Petro-Canada Inc jumped 0.45 to 24.5 after being upgraded to outperform from neutral by Morgan Stanley.</p>
<p>((Lydia Zajc, Reuters Toronto Bureau (416) 941-8109))</p>
</text>
<copyright>(c) Reuters Limited 1997</copyright>
<metadata>
<codes class="bip:countries:1.0">
  <code code="CANA">
    <editdetail attribution="Reuters BIP Coding Group" action="confirmed" date="1997-07-30"/>
  </code>
</codes>
<codes class="bip:topics:1.0">
  <code code="M11">
    <editdetail attribution="Reuters BIP Coding Group" action="confirmed" date="1997-07-30"/>
  </code>
  <code code="MCAT">
    <editdetail attribution="Reuters BIP Coding Group" action="confirmed" date="1997-07-30"/>
  </code>
</codes>
<dc element="dc.date.created" value="1997-07-30"/>
<dc element="dc.publisher" value="Reuters Holdings Plc"/>
<dc element="dc.date.published" value="1997-07-30"/>
<dc element="dc.source" value="Reuters"/>
<dc element="dc.creator.location" value="TORONTO"/>
<dc element="dc.creator.location.country.name" value="CANADA"/>
<dc element="dc.source" value="Reuters"/>
</metadata>
</newsitem>
