<?xml version="1.0" encoding="iso-8859-1" ?>
<newsitem itemid="765028" id="root" date="1997-07-30" xml:lang="en">
<title>CANADA: TABLE - Carma Corp six months net rises.</title>
<headline>TABLE - Carma Corp six months net rises.</headline>
<dateline>CALGARY - 1997-07-30</dateline>
<text>
<p>6 months ended June 30</p>
<p>			     1997			1996</p>
<p> Shr			 C$0.31		   C$0.24</p>
<p>Net			 113,521		   10,196</p>
<p> Revs			61,006		   64,030</p>
<p>	 (All data above 000s except per share numbers)</p>
<p>((Reuters Toronto Bureau 416 941-8100))</p>
</text>
<copyright>(c) Reuters Limited 1997</copyright>
<metadata>
<codes class="bip:countries:1.0">
  <code code="CANA">
    <editdetail attribution="Reuters BIP Coding Group" action="confirmed" date="1997-07-30"/>
  </code>
</codes>
<codes class="bip:industries:1.0">
  <code code="I85000">
    <editdetail attribution="Reuters BIP Coding Group" action="confirmed" date="1997-07-30"/>
  </code>
</codes>
<codes class="bip:topics:1.0">
  <code code="C15">
    <editdetail attribution="Reuters BIP Coding Group" action="confirmed" date="1997-07-30"/>
  </code>
  <code code="C151">
    <editdetail attribution="Reuters BIP Coding Group" action="confirmed" date="1997-07-30"/>
  </code>
  <code code="CCAT">
    <editdetail attribution="Reuters BIP Coding Group" action="confirmed" date="1997-07-30"/>
  </code>
</codes>
<dc element="dc.date.created" value="1997-07-30"/>
<dc element="dc.publisher" value="Reuters Holdings Plc"/>
<dc element="dc.date.published" value="1997-07-30"/>
<dc element="dc.source" value="Reuters"/>
<dc element="dc.creator.location" value="CALGARY -"/>
<dc element="dc.creator.location.country.name" value="CANADA"/>
<dc element="dc.source" value="Reuters"/>
</metadata>
</newsitem>
