<?xml version="1.0" encoding="iso-8859-1" ?>
<newsitem itemid="765077" id="root" date="1997-07-30" xml:lang="en">
<title>USA: US tax bill to cut net $95 bln over 5 years - Archer.</title>
<headline>US tax bill to cut net $95 bln over 5 years - Archer.</headline>
<dateline>WASHINGTON 1997-07-30</dateline>
<text>
<p>House Ways and Means Committee Chairman Bill Archer said Wednesday the latest estimate on the U.S. tax bill was that it would amount to about a $95 billion net tax cut over five years.</p>
<p>That would be slightly higher than the estimate Tuesday of a $94 billion tax cut, and $10 billion more than the $85 billion agreed to in the May budget agreement between congressional Republicans and the White House.</p>
<p>&quot;The Joint Committee (on Taxation) has told me that the net tax cut will be $95 billion,&quot; the Texas Republican told a small group of reporters.  </p>
<p>The House passed 346-85 companion spending legislation and Archer said: &quot;I think the tax bill will pass overwhelmingly also.&quot;</p>
<p>In September, after the congressional recess, Archer said his committee will concentrate on fast-track trade legislation.</p>
<p>-- Washington newsroom, ((202-898-8300))</p>
</text>
<copyright>(c) Reuters Limited 1997</copyright>
<metadata>
<codes class="bip:countries:1.0">
  <code code="USA">
    <editdetail attribution="Reuters BIP Coding Group" action="confirmed" date="1997-07-30"/>
  </code>
</codes>
<codes class="bip:topics:1.0">
  <code code="E21">
    <editdetail attribution="Reuters BIP Coding Group" action="confirmed" date="1997-07-30"/>
  </code>
  <code code="E211">
    <editdetail attribution="Reuters BIP Coding Group" action="confirmed" date="1997-07-30"/>
  </code>
  <code code="ECAT">
    <editdetail attribution="Reuters BIP Coding Group" action="confirmed" date="1997-07-30"/>
  </code>
  <code code="GCAT">
    <editdetail attribution="Reuters BIP Coding Group" action="confirmed" date="1997-07-30"/>
  </code>
  <code code="GPOL">
    <editdetail attribution="Reuters BIP Coding Group" action="confirmed" date="1997-07-30"/>
  </code>
</codes>
<dc element="dc.date.created" value="1997-07-30"/>
<dc element="dc.publisher" value="Reuters Holdings Plc"/>
<dc element="dc.date.published" value="1997-07-30"/>
<dc element="dc.source" value="Reuters"/>
<dc element="dc.creator.location" value="WASHINGTON"/>
<dc element="dc.creator.location.country.name" value="USA"/>
<dc element="dc.source" value="Reuters"/>
</metadata>
</newsitem>
