<?xml version="1.0" encoding="iso-8859-1" ?>
<newsitem itemid="765082" id="root" date="1997-07-30" xml:lang="en">
<title>USA: Del. Otsego chief says talked with suitors.</title>
<headline>Del. Otsego chief says talked with suitors.</headline>
<dateline>WASHINGTON 1997-07-30</dateline>
<text>
<p>Delaware Otsego Corp President and Chief Executive Officer Walter Rich said Wednesday he has been in talks with Norfolk Southern Corp and CSX Corp over a potential acquisition of the company.</p>
<p>In a filing with the U.S. Securities and Exchange Commission, Rich said such talks with the two railroads over such a plan have already taken place in conjunction with the announced acquisition of Conrail Inc.</p>
<p>Rich, who holds the equivalent of a 14.9 percent stake in Delaware Otsego, said the talks are expected to continue about the &quot;possiblity of participaing in a transaction involving the acquisition of the company or certain assets.&quot;</p>
<p>Rich's latest disclosure came a day after CSX Corp, which holds a six percent stake in Delaware Otsego, said in a separate SEC filing that it &quot;continues to evaluate the possibility of participaing with others, consistent with regulatory requirements, in the acquisition of the company.&quot; -- Washington newsroom, ((202-898-8300))</p>
</text>
<copyright>(c) Reuters Limited 1997</copyright>
<metadata>
<codes class="bip:countries:1.0">
  <code code="USA">
    <editdetail attribution="Reuters BIP Coding Group" action="confirmed" date="1997-07-30"/>
  </code>
</codes>
<codes class="bip:industries:1.0">
  <code code="I71000">
    <editdetail attribution="Reuters BIP Coding Group" action="confirmed" date="1997-07-30"/>
  </code>
</codes>
<codes class="bip:topics:1.0">
  <code code="C11">
    <editdetail attribution="Reuters BIP Coding Group" action="confirmed" date="1997-07-30"/>
  </code>
  <code code="C18">
    <editdetail attribution="Reuters BIP Coding Group" action="confirmed" date="1997-07-30"/>
  </code>
  <code code="C181">
    <editdetail attribution="Reuters BIP Coding Group" action="confirmed" date="1997-07-30"/>
  </code>
  <code code="C34">
    <editdetail attribution="Reuters BIP Coding Group" action="confirmed" date="1997-07-30"/>
  </code>
  <code code="CCAT">
    <editdetail attribution="Reuters BIP Coding Group" action="confirmed" date="1997-07-30"/>
  </code>
</codes>
<dc element="dc.date.created" value="1997-07-30"/>
<dc element="dc.publisher" value="Reuters Holdings Plc"/>
<dc element="dc.date.published" value="1997-07-30"/>
<dc element="dc.source" value="Reuters"/>
<dc element="dc.creator.location" value="WASHINGTON"/>
<dc element="dc.creator.location.country.name" value="USA"/>
<dc element="dc.source" value="Reuters"/>
</metadata>
</newsitem>
