<?xml version="1.0" encoding="iso-8859-1" ?>
<newsitem itemid="765085" id="root" date="1997-07-30" xml:lang="en">
<title>USA: Liberty gains S&amp;P investment-grade rating.</title>
<headline>Liberty gains S&amp;P investment-grade rating.</headline>
<dateline>MALVERN, Pa. 1997-07-30</dateline>
<text>
<p>Liberty Property Trust said Wednesday that it has received an investment-grade debt rating of BBB from Standard &amp; Poor's Ratings Service.</p>
<p>Liberty said it had investment-grade ratings from both S&amp;P and Moody's Investors Service.</p>
<p>Such ratings reduce Liberty's cost of capital, with an interest rate decrease of 15 basis points on its credit facility, Liberty's primary source of investment capital, it said.</p>
<p>((-- New York Newsdesk 212-859-1610))</p>
</text>
<copyright>(c) Reuters Limited 1997</copyright>
<metadata>
<codes class="bip:countries:1.0">
  <code code="USA">
    <editdetail attribution="Reuters BIP Coding Group" action="confirmed" date="1997-07-30"/>
  </code>
</codes>
<codes class="bip:industries:1.0">
  <code code="I81502">
    <editdetail attribution="Reuters BIP Coding Group" action="confirmed" date="1997-07-30"/>
  </code>
</codes>
<codes class="bip:topics:1.0">
  <code code="C17">
    <editdetail attribution="Reuters BIP Coding Group" action="confirmed" date="1997-07-30"/>
  </code>
  <code code="C174">
    <editdetail attribution="Reuters BIP Coding Group" action="confirmed" date="1997-07-30"/>
  </code>
  <code code="CCAT">
    <editdetail attribution="Reuters BIP Coding Group" action="confirmed" date="1997-07-30"/>
  </code>
</codes>
<dc element="dc.date.created" value="1997-07-30"/>
<dc element="dc.publisher" value="Reuters Holdings Plc"/>
<dc element="dc.date.published" value="1997-07-30"/>
<dc element="dc.source" value="Reuters"/>
<dc element="dc.creator.location" value="MALVERN, Pa."/>
<dc element="dc.creator.location.country.name" value="USA"/>
<dc element="dc.source" value="Reuters"/>
</metadata>
</newsitem>
