<?xml version="1.0" encoding="iso-8859-1" ?>
<newsitem itemid="765009" id="root" date="1997-07-30" xml:lang="en">
<title>GERMANY: Hoechst to list shares on NYSE on Sept 24.</title>
<headline>Hoechst to list shares on NYSE on Sept 24.</headline>
<dateline>FRANKFURT 1997-07-30</dateline>
<text>
<p>Hoechst AG, the German chemicals and pharmaceuticals group, said on Wednesday that it would list its shares on the New York stock exchange in September but that no new shares would be issued at this time.</p>
<p>Europe's largest chemicals group had last year announced plans to let Hoechst shares, currently traded on most major European exchanges, be listed on the New York Stock Exchange.</p>
<p>On Wednesday the group said the official start of trading was scheduled for September 24.</p>
<p>Hoechst again confirmed that the listing process would not involve the issue of new shares or the placement of existing shares in the company.  </p>
<p>U.S. investment bank Merrill Lynch will advise Hoechst on the deal while the Bank of New York will serve as the chemical group's depositary bank.</p>
<p>American Depositary Receipts, each representing one ordinary share of Hoechst, will be quoted on the New York Stock Exchange. The group's listing symbol which has been HAG will be changed to HOE.</p>
<p>Hoechst's decision to have its shares traded in the U.S. is part of a growing trend among German companies to broaden their investor base by seeking listing on U.S. exchanges.</p>
<p>Daimler-Benz was the first German company to list on the New York Stock Exchange and it has been joined by Deutsche Telekom and former Hoechst unit SGL Carbon. Diversified utility VEBA AG plans to list its shares in the U.S. in October.</p>
<p>--Frankfurt Newsroom, +49 69 756525</p>
</text>
<copyright>(c) Reuters Limited 1997</copyright>
<metadata>
<codes class="bip:countries:1.0">
  <code code="GFR">
    <editdetail attribution="Reuters BIP Coding Group" action="confirmed" date="1997-07-30"/>
  </code>
  <code code="USA">
    <editdetail attribution="Reuters BIP Coding Group" action="confirmed" date="1997-07-30"/>
  </code>
</codes>
<codes class="bip:industries:1.0">
  <code code="I25000">
    <editdetail attribution="Reuters BIP Coding Group" action="confirmed" date="1997-07-30"/>
  </code>
</codes>
<codes class="bip:topics:1.0">
  <code code="C14">
    <editdetail attribution="Reuters BIP Coding Group" action="confirmed" date="1997-07-30"/>
  </code>
  <code code="C17">
    <editdetail attribution="Reuters BIP Coding Group" action="confirmed" date="1997-07-30"/>
  </code>
  <code code="C171">
    <editdetail attribution="Reuters BIP Coding Group" action="confirmed" date="1997-07-30"/>
  </code>
  <code code="CCAT">
    <editdetail attribution="Reuters BIP Coding Group" action="confirmed" date="1997-07-30"/>
  </code>
</codes>
<dc element="dc.date.created" value="1997-07-30"/>
<dc element="dc.publisher" value="Reuters Holdings Plc"/>
<dc element="dc.date.published" value="1997-07-30"/>
<dc element="dc.source" value="Reuters"/>
<dc element="dc.creator.location" value="FRANKFURT"/>
<dc element="dc.creator.location.country.name" value="GERMANY"/>
<dc element="dc.source" value="Reuters"/>
</metadata>
</newsitem>
