<?xml version="1.0" encoding="iso-8859-1" ?>
<newsitem itemid="765044" id="root" date="1997-07-30" xml:lang="en">
<title>CANADA: Canada T-bills open stronger, rate hike fears wane.</title>
<headline>Canada T-bills open stronger, rate hike fears wane.</headline>
<dateline>TORONTO 1997-07-30</dateline>
<text>
<p>Canadian T-bills opened stronger on Wednesday, boosted by some overseas buying, as a strengthening dollar reduced speculation that the central bank would soon hike rates, dealers said.</p>
<p>&quot;It (the dollar strength) is definitely benefiting. That's really what the market seems to be focused on right now. The reason that the market had backed up to the extent that it has is paranoia regarding the bank tightening,&quot; said one dealer with a bank-owned brokerage.</p>
<p>Canada's three-month when-issued T-bill firmed to yield 3.35 percent from 3.36 percent at Tuesday's close.  </p>
<p>Canadian T-bills had softened over the past week as weakness in the Canadian dollar increased speculation the Bank of Canada would hike rates for a second time this year.</p>
<p>However, Canada's dollar opened firmer on Wednesday at C$1.3835 (US$0.7228) lifted by interest to buy on the back of Australia's fifth rate cut in a year.</p>
<p>Dealers said today's strength is also partly the continuation of gains the money market began making yesterday afternoon after the weekly T-bill tender saw good buying interest.  </p>
<p>In other prices, the six-month when-issued T-bill firmed to yield 3.73 percent from 3.74 percent on Tuesday. The one-year when-issued T-bill firmed to yield 4.21 percent from 4.24 percent.</p>
<p>The call loan or overnight lending rate traded at 3.30 percent, near the middle of the Bank of Canada's 3.0-3.5 percent target range.</p>
<p>((Jeffrey Hodgson (416) 941-8105, e-mail: jeffrey.hodgson@reuters.com))</p>
</text>
<copyright>(c) Reuters Limited 1997</copyright>
<metadata>
<codes class="bip:countries:1.0">
  <code code="CANA">
    <editdetail attribution="Reuters BIP Coding Group" action="confirmed" date="1997-07-30"/>
  </code>
</codes>
<codes class="bip:topics:1.0">
  <code code="M13">
    <editdetail attribution="Reuters BIP Coding Group" action="confirmed" date="1997-07-30"/>
  </code>
  <code code="M131">
    <editdetail attribution="Reuters BIP Coding Group" action="confirmed" date="1997-07-30"/>
  </code>
  <code code="MCAT">
    <editdetail attribution="Reuters BIP Coding Group" action="confirmed" date="1997-07-30"/>
  </code>
</codes>
<dc element="dc.date.created" value="1997-07-30"/>
<dc element="dc.publisher" value="Reuters Holdings Plc"/>
<dc element="dc.date.published" value="1997-07-30"/>
<dc element="dc.source" value="Reuters"/>
<dc element="dc.creator.location" value="TORONTO"/>
<dc element="dc.creator.location.country.name" value="CANADA"/>
<dc element="dc.source" value="Reuters"/>
</metadata>
</newsitem>
