<?xml version="1.0" encoding="iso-8859-1" ?>
<newsitem itemid="765030" id="root" date="1997-07-30" xml:lang="en">
<title>CANADA: Toronto stocks seen rolling higher at open.</title>
<headline>Toronto stocks seen rolling higher at open.</headline>
<dateline>TORONTO 1997-07-30</dateline>
<text>
<p>CHANGE				     CHANGE</p>
<p>TSE(CLS)  6801.17   +8.86   HI 6801.17	    LO  6776.68</p>
<p>DJI(CLS)  8174.53  +53.42   GOLD (LONDON)   US$326.40  -0.15</p>
<p>FTSE	4914.00  +37.40   GOLD (COMEX)    US$327.50  +1.70</p>
<p>NIKKEI   20212.82 -189.92   LME CASH NICKEL US$7398	-18</p>
<p>CANDLR     1.3831	     LME CASH ALUM   US$1711    +11.7</p>
<p>CAN 30-YR  120.46   +0.23   BRENT CRUDE     US$18.74   +0.15</p>
<p>---------------------MARKET COMMENT-------------------------</p>
<p>* Toronto stocks were expected to extend recent gains at Wednesday's open, as investors continue to pour money into the market. * Oils seen hot on higher crude prices.  </p>
<p>Toronto's booming stock market was seen rolling higher at Wednesday's open on stronger banks, golds and oils and a continued lack of investment alternatives.</p>
<p>&quot;I still think that Toronto is going to move to a new high,&quot; said one equities trader. Rising bonds prices should boost the influential financial services sector while firmer gold and crude oil prices could help heavyweight golds and oils, traders said.</p>
<p>The Toronto Stock Exchange's 300 Composite Index rose 8.86 points on Tuesday to 6801.17, its 29th record close this year.  </p>
<p>A second trader added that despite concerns that North American stock markets are peaking and could soon suffer corrections, investors have few alternatives as bond prices are at all-time highs as well. &quot;There's nowhere to go with the money.&quot;</p>
<p>Market analysts will be watching for more U.S. and Canadian economic indicators this week, including Friday's employment figures out of the U.S. for July.</p>
<p>--- STOCKS TO WATCH ---</p>
<p>* Laidlaw Inc LDM.TO, North America's largest school busing and emergency transportation company with healthcare interests, continued its acquisitive ways. It said on Wednesday that it snapped up Dallas, Tex.-based, physician services management firm Emcare Holdings Inc for $400 million cash or $38 a share.</p>
<p>* Intergrated energy firm Petro-Canada Inc was upgraded to outperform from neutral by brokerage Morgan Stanley.</p>
<p>* Canada's air carriers, Canadian Airlines Corp and Air Canada, are expected to post second quarter earnings soon.</p>
<p>((Lydia Zajc, Reuters Toronto Bureau (416) 941-8109))</p>
</text>
<copyright>(c) Reuters Limited 1997</copyright>
<metadata>
<codes class="bip:countries:1.0">
  <code code="CANA">
    <editdetail attribution="Reuters BIP Coding Group" action="confirmed" date="1997-07-30"/>
  </code>
</codes>
<codes class="bip:industries:1.0">
  <code code="I14000">
    <editdetail attribution="Reuters BIP Coding Group" action="confirmed" date="1997-07-30"/>
  </code>
  <code code="I75000">
    <editdetail attribution="Reuters BIP Coding Group" action="confirmed" date="1997-07-30"/>
  </code>
  <code code="I95100">
    <editdetail attribution="Reuters BIP Coding Group" action="confirmed" date="1997-07-30"/>
  </code>
</codes>
<codes class="bip:topics:1.0">
  <code code="M11">
    <editdetail attribution="Reuters BIP Coding Group" action="confirmed" date="1997-07-30"/>
  </code>
  <code code="MCAT">
    <editdetail attribution="Reuters BIP Coding Group" action="confirmed" date="1997-07-30"/>
  </code>
</codes>
<dc element="dc.date.created" value="1997-07-30"/>
<dc element="dc.publisher" value="Reuters Holdings Plc"/>
<dc element="dc.date.published" value="1997-07-30"/>
<dc element="dc.source" value="Reuters"/>
<dc element="dc.creator.location" value="TORONTO"/>
<dc element="dc.creator.location.country.name" value="CANADA"/>
<dc element="dc.source" value="Reuters"/>
</metadata>
</newsitem>
