<?xml version="1.0" encoding="iso-8859-1" ?>
<newsitem itemid="765012" id="root" date="1997-07-30" xml:lang="en">
<title>NETHERLANDS: KLM says will sell Northwest shares.</title>
<headline>KLM says will sell Northwest shares.</headline>
<dateline>AMSTERDAM 1997-07-30</dateline>
<text>
<p>KLM Royal Dutch Airlines said on Wednesday it would sell its shares in Northwest Airlines but would strengthen its operational alliance with the U.S. carrier.  </p>
<p>&quot;KLM and its U.S. partner Northwest Airlines have agreed in principle on a far-reaching and long-term commercial and operational alliance,&quot; the airlines said in a joint statement.</p>
<p>&quot;The agreement in principle also includes the sale of the entire KLM stake in Northwest to Northwest Airlines Corporation (NWAC). KLM will be paid a minimum of $1.07 billion and a maximum of $1.7 billion,&quot; the statement said.</p>
<p>&quot;The agreement clears the way for further strengthening of the partnership, which continues to be very successful for both companies,&quot; it added.</p>
<p>KLM's stake of about 19 percent in Northwest will be sold off in four annual tranches from 1997 to 2000.</p>
</text>
<copyright>(c) Reuters Limited 1997</copyright>
<metadata>
<codes class="bip:countries:1.0">
  <code code="NETH">
    <editdetail attribution="Reuters BIP Coding Group" action="confirmed" date="1997-07-30"/>
  </code>
  <code code="USA">
    <editdetail attribution="Reuters BIP Coding Group" action="confirmed" date="1997-07-30"/>
  </code>
</codes>
<codes class="bip:industries:1.0">
  <code code="I75000">
    <editdetail attribution="Reuters BIP Coding Group" action="confirmed" date="1997-07-30"/>
  </code>
</codes>
<codes class="bip:topics:1.0">
  <code code="C11">
    <editdetail attribution="Reuters BIP Coding Group" action="confirmed" date="1997-07-30"/>
  </code>
  <code code="C18">
    <editdetail attribution="Reuters BIP Coding Group" action="confirmed" date="1997-07-30"/>
  </code>
  <code code="C181">
    <editdetail attribution="Reuters BIP Coding Group" action="confirmed" date="1997-07-30"/>
  </code>
  <code code="CCAT">
    <editdetail attribution="Reuters BIP Coding Group" action="confirmed" date="1997-07-30"/>
  </code>
</codes>
<dc element="dc.date.created" value="1997-07-30"/>
<dc element="dc.publisher" value="Reuters Holdings Plc"/>
<dc element="dc.date.published" value="1997-07-30"/>
<dc element="dc.source" value="Reuters"/>
<dc element="dc.creator.location" value="AMSTERDAM"/>
<dc element="dc.creator.location.country.name" value="NETHERLANDS"/>
<dc element="dc.source" value="Reuters"/>
</metadata>
</newsitem>
