<?xml version="1.0" encoding="iso-8859-1" ?>
<newsitem itemid="765019" id="root" date="1997-07-30" xml:lang="en">
<title>BULGARIA: BULGARIA POLICE SEIZE A MILLION PIRATE CDS IN RAID.</title>
<headline>BULGARIA POLICE SEIZE A MILLION PIRATE CDS IN RAID.</headline>
<dateline>SOFIA 1997-07-30</dateline>
<text>
<p>Bulgarian police seized an estimated one million pirate compact discs stored in the garage of a modest Sofia house on Wednesday and arrested three men and a woman they said were distributors.</p>
<p>Zahari Zahariev, police chief of Sofia's first district, told reporters the raid followed a report that the CDs had been delivered earlier on Wednesday by a truck.</p>
<p>A man aged about 25 was arrested leaving the tumbledown house with a bag full of CDs.</p>
<p>Two men and a woman were arrested inside the house, where police found a workshop for packing the discs. &quot;They seem to be some of the organisers of this illegal trade,&quot; said one policeman who took part in the raid.</p>
<p>Police said vendors sold the discs for up to $3.</p>
<p>Bulgaria's government, which took office in May, vowed to crack down on the trade, in which the Balkan country is thought to be second only to China.</p>
<p>The international recording industry says Bulgaria's annual production of 15 million pirated CDs, exported to Russia, the Baltic states and western Europe, costs it $100 million a year.</p>
<p>Bulgaria took its first case to court last month but the defendant was acquitted for lack of evidence.</p>
<p>Last week Bulgaria's customs officers bulldozed more than 91,000 pirated compact discs worth some $2 million to display their determination to crack down on illegal production.</p>
</text>
<copyright>(c) Reuters Limited 1997</copyright>
<metadata>
<codes class="bip:countries:1.0">
  <code code="BUL">
    <editdetail attribution="Reuters BIP Coding Group" action="confirmed" date="1997-07-30"/>
  </code>
</codes>
<codes class="bip:topics:1.0">
  <code code="GCRIM">
    <editdetail attribution="Reuters BIP Coding Group" action="confirmed" date="1997-07-30"/>
  </code>
</codes>
<dc element="dc.date.created" value="1997-07-30"/>
<dc element="dc.publisher" value="Reuters Holdings Plc"/>
<dc element="dc.date.published" value="1997-07-30"/>
<dc element="dc.source" value="Reuters"/>
<dc element="dc.creator.location" value="SOFIA"/>
<dc element="dc.creator.location.country.name" value="BULGARIA"/>
<dc element="dc.source" value="Reuters"/>
</metadata>
</newsitem>
