<?xml version="1.0" encoding="iso-8859-1" ?>
<newsitem itemid="765053" id="root" date="1997-07-30" xml:lang="en">
<title>USA: TABLE - MTR Gaming Q2 net rises.</title>
<headline>TABLE - MTR Gaming Q2 net rises.</headline>
<dateline>CHESTER, W.V. 1997-07-30</dateline>
<text>
<p>(Unaudited)</p>
<p>			 Three Months Ended     Six Months Ended</p>
<p>				 June 30		   June 30</p>
<p>			  1997	 1996	   1997	  1996</p>
<p>Revenues:</p>
<p>Video lottery</p>
<p>terminals</p>
<p>		 $12,732,000  $6,142,000  $22,785,000 $11,900,000</p>
<p>Parimutuel commissions</p>
<p>		   1,197,000   1,157,000    2,246,000   2,165,000</p>
<p>Food, beverage and</p>
<p>    lodging    1,371,000     921,000    2,314,000   1,573,000</p>
<p>   Other	   297,000     297,000	494,000     453,000</p>
<p>Total Revenue</p>
<p>		  15,597,000   8,517,000   27,839,000  16,091,000</p>
<p>Costs and Expenses:</p>
<p>Cost of video lottery</p>
<p>    terminals  7,907,000   4,083,000   14,305,000   8,028,000</p>
<p>Cost of parimutuel</p>
<p>commissions</p>
<p>		   1,509,000   1,361,000    2,791,000   2,497,000</p>
<p>Cost of food, beverage</p>
<p>and lodging</p>
<p>		   1,212,000     848,000    2,049,000   1,529,000</p>
<p>Cost of other revenues</p>
<p>		     280,000     276,000	563,000     492,000</p>
<p>Marketing and promotions</p>
<p>		     777,000     231,000    1,355,000     433,000</p>
<p>General and administrative</p>
<p>    expenses   1,506,000     652,000    2,585,000   1,645,000</p>
<p>Depreciation and</p>
<p>amortization</p>
<p>		     546,000     407,000	997,000     866,000</p>
<p>Total Operating Costs</p>
<p>		  13,737,000   7,858,000   24,645,000  15,490,000</p>
<p>Operating Profit</p>
<p>		   1,860,000     659,000    3,194,000     601,000</p>
<p>Other Income (Expense):</p>
<p>Interest Income</p>
<p>			16,000	 6,000	 44,000	10,000</p>
<p>Interest Expense</p>
<p>		   (762,000)   (593,000)  (1,856,000)   (792,000)</p>
<p>		   (746,000)   (587,000)  (1,812,000)   (782,000)</p>
<p>Income (Loss) Before Income</p>
<p>  Taxes	  1,114,000	72,000    1,382,000   (181,000)</p>
<p>Benefit for Income Taxes</p>
<p>			33,000	33,000	 66,000	66,000</p>
<p>Net Income (Loss)</p>
<p>		   1,147,000     105,000    1,448,000   (115,000)</p>
<p>Net Income (Loss) Per Share</p>
<p>			   .06	   .01	    .07	 (.01)</p>
<p>Weighted Average Number of</p>
<p>Shares Outstanding</p>
<p>		  19,764,291  18,274,708   19,742,267  18,217,246</p>
<p>(( -- New York Newsdesk 212 859-1610))</p>
</text>
<copyright>(c) Reuters Limited 1997</copyright>
<metadata>
<codes class="bip:countries:1.0">
  <code code="USA">
    <editdetail attribution="Reuters BIP Coding Group" action="confirmed" date="1997-07-30"/>
  </code>
</codes>
<codes class="bip:industries:1.0">
  <code code="I97912">
    <editdetail attribution="Reuters BIP Coding Group" action="confirmed" date="1997-07-30"/>
  </code>
</codes>
<codes class="bip:topics:1.0">
  <code code="C15">
    <editdetail attribution="Reuters BIP Coding Group" action="confirmed" date="1997-07-30"/>
  </code>
  <code code="C151">
    <editdetail attribution="Reuters BIP Coding Group" action="confirmed" date="1997-07-30"/>
  </code>
  <code code="CCAT">
    <editdetail attribution="Reuters BIP Coding Group" action="confirmed" date="1997-07-30"/>
  </code>
</codes>
<dc element="dc.date.created" value="1997-07-30"/>
<dc element="dc.publisher" value="Reuters Holdings Plc"/>
<dc element="dc.date.published" value="1997-07-30"/>
<dc element="dc.source" value="Reuters"/>
<dc element="dc.creator.location" value="CHESTER, W.V."/>
<dc element="dc.creator.location.country.name" value="USA"/>
<dc element="dc.source" value="Reuters"/>
</metadata>
</newsitem>
