<?xml version="1.0" encoding="iso-8859-1" ?>
<newsitem itemid="765011" id="root" date="1997-07-30" xml:lang="en">
<title>FRANCE: EU Boeing approval &quot;a good measure&quot;-De Silguy.</title>
<headline>EU Boeing approval &quot;a good measure&quot;-De Silguy.</headline>
<dateline>PARIS 1997-07-30</dateline>
<text>
<p>European approval of Boeing Co's merger with McDonnell Douglas would be a good thing, as it would avoid a dispute with the United States and pave the way for Airbus to do more business in the United States, the European Union economic affairs commissioner said on Wednesday.</p>
<p>&quot;I think the authorisation measure is a good measure,&quot; Commissioner Yves-Thibault De Silguy told RTL radio.</p>
<p>&quot;What would we Europeans have said, we French in particular, if U.S. authorities had imposed conditions or blocked a merger of a French company with a German company? We would have said, 'What business is it of yours?'&quot;</p>
<p>EU sources have said the European Commission would formally approve the $15 billion Boeing-McDonnell Douglas merger after preliminary approval from an EU advisory committee last Friday.</p>
<p>&quot;What Europe is doing here...it's setting conditions for Boeing with the aim of opening the market,&quot; De Silguy said.</p>
<p>&quot;The decision to authorise the merger is best for Airbus which will have the U.S. market opened up to it as a consequence,&quot; he said.</p>
<p>Toulouse-based Airbus is a consortium made up of four European aerospace companies.</p>
<p>-- Paris Newsroom, +33 1 4221 5452 cct/cla</p>
</text>
<copyright>(c) Reuters Limited 1997</copyright>
<metadata>
<codes class="bip:countries:1.0">
  <code code="EEC">
    <editdetail attribution="Reuters BIP Coding Group" action="confirmed" date="1997-07-30"/>
  </code>
  <code code="USA">
    <editdetail attribution="Reuters BIP Coding Group" action="confirmed" date="1997-07-30"/>
  </code>
</codes>
<codes class="bip:industries:1.0">
  <code code="I36400">
    <editdetail attribution="Reuters BIP Coding Group" action="confirmed" date="1997-07-30"/>
  </code>
  <code code="I3640010">
    <editdetail attribution="Reuters BIP Coding Group" action="confirmed" date="1997-07-30"/>
  </code>
</codes>
<codes class="bip:topics:1.0">
  <code code="C13">
    <editdetail attribution="Reuters BIP Coding Group" action="confirmed" date="1997-07-30"/>
  </code>
  <code code="C18">
    <editdetail attribution="Reuters BIP Coding Group" action="confirmed" date="1997-07-30"/>
  </code>
  <code code="C181">
    <editdetail attribution="Reuters BIP Coding Group" action="confirmed" date="1997-07-30"/>
  </code>
  <code code="C31">
    <editdetail attribution="Reuters BIP Coding Group" action="confirmed" date="1997-07-30"/>
  </code>
  <code code="C312">
    <editdetail attribution="Reuters BIP Coding Group" action="confirmed" date="1997-07-30"/>
  </code>
  <code code="C34">
    <editdetail attribution="Reuters BIP Coding Group" action="confirmed" date="1997-07-30"/>
  </code>
  <code code="CCAT">
    <editdetail attribution="Reuters BIP Coding Group" action="confirmed" date="1997-07-30"/>
  </code>
  <code code="G15">
    <editdetail attribution="Reuters BIP Coding Group" action="confirmed" date="1997-07-30"/>
  </code>
  <code code="G152">
    <editdetail attribution="Reuters BIP Coding Group" action="confirmed" date="1997-07-30"/>
  </code>
  <code code="G157">
    <editdetail attribution="Reuters BIP Coding Group" action="confirmed" date="1997-07-30"/>
  </code>
  <code code="GCAT">
    <editdetail attribution="Reuters BIP Coding Group" action="confirmed" date="1997-07-30"/>
  </code>
  <code code="GDIP">
    <editdetail attribution="Reuters BIP Coding Group" action="confirmed" date="1997-07-30"/>
  </code>
</codes>
<dc element="dc.date.created" value="1997-07-30"/>
<dc element="dc.publisher" value="Reuters Holdings Plc"/>
<dc element="dc.date.published" value="1997-07-30"/>
<dc element="dc.source" value="Reuters"/>
<dc element="dc.creator.location" value="PARIS"/>
<dc element="dc.creator.location.country.name" value="FRANCE"/>
<dc element="dc.source" value="Reuters"/>
</metadata>
</newsitem>
