<?xml version="1.0" encoding="iso-8859-1" ?>
<newsitem itemid="765073" id="root" date="1997-07-30" xml:lang="en">
<title>USA: Sled Dogs Co Q1 June 30 loss narrows.</title>
<headline>Sled Dogs Co Q1 June 30 loss narrows.</headline>
<dateline>MINNEAPOLIS 1997-07-30</dateline>
<text>
<p>Three months ended June 30,</p>
<p>					   1997			 1996</p>
<p> Net sales (1)	   $	  55,208    $	   (108,665)</p>
<p> Net loss			  (400,290)		(1,369,635)</p>
<p> Net loss per common share	(0.03)		     (0.12)</p>
<p>Weighted average number of</p>
<p> shares outstanding	   13,513,193		 11,749,999</p>
<p>(1) A reduction in net sales occurred during the three months ended June 30, 1996 due to some customer returns being accepted under a Sled Dogs/Retailer shared risk program.</p>
<p>((--Chicago newsdesk, 312-408-8787))</p>
</text>
<copyright>(c) Reuters Limited 1997</copyright>
<metadata>
<codes class="bip:countries:1.0">
  <code code="USA">
    <editdetail attribution="Reuters BIP Coding Group" action="confirmed" date="1997-07-30"/>
  </code>
</codes>
<codes class="bip:industries:1.0">
  <code code="I49420">
    <editdetail attribution="Reuters BIP Coding Group" action="confirmed" date="1997-07-30"/>
  </code>
</codes>
<codes class="bip:topics:1.0">
  <code code="C15">
    <editdetail attribution="Reuters BIP Coding Group" action="confirmed" date="1997-07-30"/>
  </code>
  <code code="C151">
    <editdetail attribution="Reuters BIP Coding Group" action="confirmed" date="1997-07-30"/>
  </code>
  <code code="CCAT">
    <editdetail attribution="Reuters BIP Coding Group" action="confirmed" date="1997-07-30"/>
  </code>
</codes>
<dc element="dc.date.created" value="1997-07-30"/>
<dc element="dc.publisher" value="Reuters Holdings Plc"/>
<dc element="dc.date.published" value="1997-07-30"/>
<dc element="dc.source" value="Reuters"/>
<dc element="dc.creator.location" value="MINNEAPOLIS"/>
<dc element="dc.creator.location.country.name" value="USA"/>
<dc element="dc.source" value="Reuters"/>
</metadata>
</newsitem>
