<?xml version="1.0" encoding="iso-8859-1" ?>
<newsitem itemid="765010" id="root" date="1997-07-30" xml:lang="en">
<title>NETHERLANDS: FOCUS-KLM to sell Northwest stake, tighten links.</title>
<headline>FOCUS-KLM to sell Northwest stake, tighten links.</headline>
<dateline>AMSTERDAM 1997-07-30</dateline>
<text>
<p>KLM Royal Dutch Airlines said on Wednesday it would sell its shares in Northwest Airlines to strengthen their operational alliance, soothing the U.S. carrier's fears it was out to gain control.</p>
<p>&quot;KLM and its U.S. partner Northwest Airlines have agreed in principle on a far-reaching and long-term commercial and operational alliance,&quot; the airlines said in a joint statement.</p>
<p>&quot;The agreement in principle also includes the sale of the entire KLM stake in Northwest to Northwest Airlines Corporation (NWAC). KLM will be paid a minimum of $1.07 billion and a maximum of $1.17 billion,&quot; the statement said.</p>
<p>&quot;The agreement clears the way for further strengthening of the partnership, which continues to be very successful for both companies,&quot; it added.</p>
<p>KLM's 18.8 percent voting stake in Northwest will be sold off in four annual tranches from 1997 to 2000.</p>
<p>KLM and Northwest have been locked in a boardroom battle, with KLM taking the U.S. carrier to court over its shareholder rights plan to prevent KLM gaining a further five percent stake under an option exercisable in 1998.</p>
<p>Northwest has repeatedly charged KLM with seeking to take over, labelling the Dutch carrier &quot;a creeping control threat&quot;.</p>
<p>The airlines said in their statement that they planned to finalise a definitive agreement within 60 days and KLM would subsequently withdraw pending legal actions.</p>
<p>KLM said its partnership with Northwest continued to be successful for both carriers and, to stress the importance of strengthening the alliance each partner intended to appoint a person to each other's board, it said.</p>
<p>The airlines are to commit themselves to a commercial and operational relationship for a minimum of ten years, building further strategies for joint marketing and product development and pursue the further widening of their alliance with new partners.</p>
<p>Shares in airline KLM jumped 2.60 guilders to 75.00 following the stake sale news.</p>
<p>&quot;The shares have gone up because there will be a book profit from the stake sales, but whether this is good for KLM in the longer term isn't that clear,&quot; said a dealer.</p>
</text>
<copyright>(c) Reuters Limited 1997</copyright>
<metadata>
<codes class="bip:countries:1.0">
  <code code="NETH">
    <editdetail attribution="Reuters BIP Coding Group" action="confirmed" date="1997-07-30"/>
  </code>
  <code code="USA">
    <editdetail attribution="Reuters BIP Coding Group" action="confirmed" date="1997-07-30"/>
  </code>
</codes>
<codes class="bip:industries:1.0">
  <code code="I75000">
    <editdetail attribution="Reuters BIP Coding Group" action="confirmed" date="1997-07-30"/>
  </code>
</codes>
<codes class="bip:topics:1.0">
  <code code="C11">
    <editdetail attribution="Reuters BIP Coding Group" action="confirmed" date="1997-07-30"/>
  </code>
  <code code="C18">
    <editdetail attribution="Reuters BIP Coding Group" action="confirmed" date="1997-07-30"/>
  </code>
  <code code="C181">
    <editdetail attribution="Reuters BIP Coding Group" action="confirmed" date="1997-07-30"/>
  </code>
  <code code="CCAT">
    <editdetail attribution="Reuters BIP Coding Group" action="confirmed" date="1997-07-30"/>
  </code>
</codes>
<dc element="dc.date.created" value="1997-07-30"/>
<dc element="dc.publisher" value="Reuters Holdings Plc"/>
<dc element="dc.date.published" value="1997-07-30"/>
<dc element="dc.source" value="Reuters"/>
<dc element="dc.creator.location" value="AMSTERDAM"/>
<dc element="dc.creator.location.country.name" value="NETHERLANDS"/>
<dc element="dc.source" value="Reuters"/>
</metadata>
</newsitem>
