<?xml version="1.0" encoding="iso-8859-1" ?>
<newsitem itemid="765089" id="root" date="1997-07-30" xml:lang="en">
<title>USA: TABLE - Accom Inc Q3 results.</title>
<headline>TABLE - Accom Inc Q3 results.</headline>
<dateline>MENLO PARK, Calif. 1997-07-30</dateline>
<text>
<p>ACCOM, INC.</p>
<p>			 CONSOLIDATED STATEMENTS OF OPERATIONS</p>
<p>			  (In Thousands Except Per Share Data)</p>
<p>				(Unaudited)</p>
<p>				    Quarters ended  Nine months ended</p>
<p>				    Jun 28  Jun 30    Jun 28   Jun 30</p>
<p>				     1997     1996     1997	1996</p>
<p> Net sales			$4,466  $4,824   $12,916  $15,557</p>
<p> Cost of sales		   2,027   2,334     8,896    7,398</p>
<p> Gross margin		    2,439   2,490     4,020    8,159</p>
<p>Operating expenses:</p>
<p>   Research and development    893   1,065     2,530    3,080</p>
<p>   Marketing and sales	 1,220   2,436     4,661    5,601</p>
<p>   General and administrative  292     382     1,622    1,052</p>
<p> Total operating expenses    2,405   3,883     8,813    9,733</p>
<p> Operating income (loss)	  34  (1,393)  (4,793)  (1,574)</p>
<p> Interest income		    47	59	 121	194</p>
<p> Interest expense		  (1)     (3)	 (5)	(8)</p>
<p> Other expense		     (3)    (10)	 (1)     (29)</p>
<p>Income (loss) before income taxes</p>
<p>					  77  (1,347)  (4,678)  (1,417)</p>
<p> Provision for income taxes     --   (471)	  --    (496)</p>
<p> Net Income (loss)		  77  ( 876)  ( 4,678)   ( 921)</p>
<p>Net income (loss) per share   0.01  ( 0.14)  ( 0.71)  ( 0.14)</p>
<p>Shares used in computing</p>
<p>net income (loss) per share</p>
<p>				     6,865   6,453     6,577    6,431</p>
</text>
<copyright>(c) Reuters Limited 1997</copyright>
<metadata>
<codes class="bip:countries:1.0">
  <code code="USA">
    <editdetail attribution="Reuters BIP Coding Group" action="confirmed" date="1997-07-30"/>
  </code>
</codes>
<codes class="bip:industries:1.0">
  <code code="I34000">
    <editdetail attribution="Reuters BIP Coding Group" action="confirmed" date="1997-07-30"/>
  </code>
</codes>
<codes class="bip:topics:1.0">
  <code code="C15">
    <editdetail attribution="Reuters BIP Coding Group" action="confirmed" date="1997-07-30"/>
  </code>
  <code code="C151">
    <editdetail attribution="Reuters BIP Coding Group" action="confirmed" date="1997-07-30"/>
  </code>
  <code code="CCAT">
    <editdetail attribution="Reuters BIP Coding Group" action="confirmed" date="1997-07-30"/>
  </code>
</codes>
<dc element="dc.date.created" value="1997-07-30"/>
<dc element="dc.publisher" value="Reuters Holdings Plc"/>
<dc element="dc.date.published" value="1997-07-30"/>
<dc element="dc.source" value="Reuters"/>
<dc element="dc.creator.location" value="MENLO PARK, Calif."/>
<dc element="dc.creator.location.country.name" value="USA"/>
<dc element="dc.source" value="Reuters"/>
</metadata>
</newsitem>
