<?xml version="1.0" encoding="iso-8859-1" ?>
<newsitem itemid="765022" id="root" date="1997-07-30" xml:lang="en">
<title>USA: TABLE - Olsten Corp Q2 net drops.</title>
<headline>TABLE - Olsten Corp Q2 net drops.</headline>
<dateline>MELVILLE, N.Y. 1997-07-30</dateline>
<text>
<p>(in thousands, except  share  amounts)</p>
<p>						     Second Quarter</p>
<p>						    1997	 1996</p>
<p> Revenues				   $1,014,387  $804,343</p>
<p> Net income				     25,329    29,765</p>
<p>Per share:</p>
<p>     Net income				    .31	 .37</p>
<p>     Average shares outstanding	   81,476    82,384</p>
<p>							 Six Months</p>
<p>						    1997	 1996</p>
<p> Revenues				  $1,965,238 $1,570,386</p>
<p> Net income				    44,496     51,190</p>
<p>Per share:</p>
<p>     Net income				   .55	  .65</p>
<p>     Average shares outstanding	  81,420     82,200</p>
</text>
<copyright>(c) Reuters Limited 1997</copyright>
<metadata>
<codes class="bip:countries:1.0">
  <code code="USA">
    <editdetail attribution="Reuters BIP Coding Group" action="confirmed" date="1997-07-30"/>
  </code>
</codes>
<codes class="bip:industries:1.0">
  <code code="I83954">
    <editdetail attribution="Reuters BIP Coding Group" action="confirmed" date="1997-07-30"/>
  </code>
</codes>
<codes class="bip:topics:1.0">
  <code code="C15">
    <editdetail attribution="Reuters BIP Coding Group" action="confirmed" date="1997-07-30"/>
  </code>
  <code code="C151">
    <editdetail attribution="Reuters BIP Coding Group" action="confirmed" date="1997-07-30"/>
  </code>
  <code code="CCAT">
    <editdetail attribution="Reuters BIP Coding Group" action="confirmed" date="1997-07-30"/>
  </code>
</codes>
<dc element="dc.date.created" value="1997-07-30"/>
<dc element="dc.publisher" value="Reuters Holdings Plc"/>
<dc element="dc.date.published" value="1997-07-30"/>
<dc element="dc.source" value="Reuters"/>
<dc element="dc.creator.location" value="MELVILLE, N.Y."/>
<dc element="dc.creator.location.country.name" value="USA"/>
<dc element="dc.source" value="Reuters"/>
</metadata>
</newsitem>
