<?xml version="1.0" encoding="iso-8859-1" ?>
<newsitem itemid="765088" id="root" date="1997-07-30" xml:lang="en">
<title>USA: TABLE - XLConnect Solutions Q2 net rises.</title>
<headline>TABLE - XLConnect Solutions Q2 net rises.</headline>
<dateline>EXTON, Pa. 1997-07-30</dateline>
<text>
<p>(In thousands, except per share data)</p>
<p>				(unaudited)</p>
<p>				 Three Months Ended  Six Months Ended</p>
<p>						   June 30,   June 30,</p>
<p>					   1997    1996    1997    1996</p>
<p>Statement of Operations Data:</p>
<p> Revenues			 $  36,547  28,283  69,622  52,001</p>
<p> Cost of revenues		  25,044  19,370  48,118  36,374</p>
<p> Gross profit			11,503   8,913  21,504  15,627</p>
<p>Operating expenses:</p>
<p>   Selling and marketing	  3,214   2,096   6,072   3,749</p>
<p>   General and administrative   4,766   2,779   9,369   5,109</p>
<p>Depreciation and amortization</p>
<p>					  1,189   1,189   2,216   2,491</p>
<p>					  9,169   6,064  17,657  11,349</p>
<p> Income from operations	   2,334   2,849   3,847   4,278</p>
<p> Other expense (income), net     (78)     996   (103)   2,075</p>
<p> Income before income taxes     2,412   1,853   3,950   2,203</p>
<p> Provision for income taxes     1,121     898   1,892   1,189</p>
<p> Net income			   1,291     955   2,058   1,014</p>
<p> Net income per common share     0.08    0.07    0.12    0.07</p>
<p>Shares used in computing net</p>
<p>  income per common share	16,655  14,448  16,799  14,448</p>
<p>((-- New York Newsdesk 212 859-1610))</p>
</text>
<copyright>(c) Reuters Limited 1997</copyright>
<metadata>
<codes class="bip:countries:1.0">
  <code code="USA">
    <editdetail attribution="Reuters BIP Coding Group" action="confirmed" date="1997-07-30"/>
  </code>
</codes>
<codes class="bip:topics:1.0">
  <code code="C15">
    <editdetail attribution="Reuters BIP Coding Group" action="confirmed" date="1997-07-30"/>
  </code>
  <code code="C151">
    <editdetail attribution="Reuters BIP Coding Group" action="confirmed" date="1997-07-30"/>
  </code>
  <code code="CCAT">
    <editdetail attribution="Reuters BIP Coding Group" action="confirmed" date="1997-07-30"/>
  </code>
</codes>
<dc element="dc.date.created" value="1997-07-30"/>
<dc element="dc.publisher" value="Reuters Holdings Plc"/>
<dc element="dc.date.published" value="1997-07-30"/>
<dc element="dc.source" value="Reuters"/>
<dc element="dc.creator.location" value="EXTON, Pa."/>
<dc element="dc.creator.location.country.name" value="USA"/>
<dc element="dc.source" value="Reuters"/>
</metadata>
</newsitem>
