<?xml version="1.0" encoding="iso-8859-1" ?>
<newsitem itemid="765020" id="root" date="1997-07-30" xml:lang="en">
<title>POLAND: POLAND TO FLOAT THREE POLMOS DISTILLERS - PAPER.</title>
<headline>POLAND TO FLOAT THREE POLMOS DISTILLERS - PAPER.</headline>
<dateline>WARSAW 1997-07-30</dateline>
<text>
<p>The Polish treasury ministry plans to put its three largest Polmos distillery firms on the Warsaw bourse, a ministry official told the Dziennik Prawa i Gospodarki daily.</p>
<p>&quot;We're talking about Polmos Poznan, Zielona Gora and maybe Bialystock,&quot; a high ministry official who the paper did not name said in Wednesday's issue, referring to cities where the firms are based.</p>
<p>The paper said there were also ministry officials who wanted Polmos firms transferred to an industrial investment fund yet to be formed.</p>
<p>It said Treasury Minister Miroslaw Pietrewicz would make the final decision on the method of privatisation in the next few weeks.</p>
<p>Investors would be invited to bid for medium-sized Polmos firms, the paper said, adding that Polmos Poznan, Zielona Gora and Bialystock made net profits of 57 million zlotys, 20.6 million zlotys and 11.1 million zlotys respectively last year.</p>
<p>No one at the ministry was immediately available for comment.     -- Warsaw Newsroom +48 22 653 9700</p>
</text>
<copyright>(c) Reuters Limited 1997</copyright>
<metadata>
<codes class="bip:countries:1.0">
  <code code="POL">
    <editdetail attribution="Reuters BIP Coding Group" action="confirmed" date="1997-07-30"/>
  </code>
</codes>
<codes class="bip:industries:1.0">
  <code code="I42400">
    <editdetail attribution="Reuters BIP Coding Group" action="confirmed" date="1997-07-30"/>
  </code>
</codes>
<codes class="bip:topics:1.0">
  <code code="C17">
    <editdetail attribution="Reuters BIP Coding Group" action="confirmed" date="1997-07-30"/>
  </code>
  <code code="C171">
    <editdetail attribution="Reuters BIP Coding Group" action="confirmed" date="1997-07-30"/>
  </code>
  <code code="CCAT">
    <editdetail attribution="Reuters BIP Coding Group" action="confirmed" date="1997-07-30"/>
  </code>
</codes>
<dc element="dc.date.created" value="1997-07-30"/>
<dc element="dc.publisher" value="Reuters Holdings Plc"/>
<dc element="dc.date.published" value="1997-07-30"/>
<dc element="dc.source" value="Reuters"/>
<dc element="dc.creator.location" value="WARSAW"/>
<dc element="dc.creator.location.country.name" value="POLAND"/>
<dc element="dc.source" value="Reuters"/>
</metadata>
</newsitem>
