<?xml version="1.0" encoding="iso-8859-1" ?>
<newsitem itemid="765037" id="root" date="1997-07-30" xml:lang="en">
<title>CANADA: TABLE - Power Corp Q2 oper net rises.</title>
<headline>TABLE - Power Corp Q2 oper net rises.</headline>
<dateline>MONTREAL 1997-07-30</dateline>
<text>
<p>1997			    1996</p>
<p> Shr			 C$0.72		   C$0.94</p>
<p> Net			 78,715		  119,884</p>
<p> Revs		   1,621,486		1,647,648</p>
<p>	   6  MONTHS</p>
<p> Shr			 C$1.37		   C$1.40</p>
<p> Net			151,439		  179,272</p>
<p> Revs		   3,235,491		3,310,583</p>
<p>	 (All data above 000s except per share numbers)</p>
<p>Note: Earnings from operations in the latest quarter were C$0.64 a share, compared with C$0.49 in the year earlier quarter. Other income of a non-recurring nature was C$0.08 a share in the latest quarter versus C$0.45 a share in the 1996 quarter, which included the gain realized on the sale of the company's interest in Southam Inc. Also, in July 1996, the company acquired and canceled 17,144,601 of its subordinate voting shares, reducing the number of participating shares outstanding by 13.5 percent.</p>
<p>((Reuters Montreal bureau 514-985-2434))</p>
</text>
<copyright>(c) Reuters Limited 1997</copyright>
<metadata>
<codes class="bip:countries:1.0">
  <code code="CANA">
    <editdetail attribution="Reuters BIP Coding Group" action="confirmed" date="1997-07-30"/>
  </code>
</codes>
<codes class="bip:industries:1.0">
  <code code="I83960">
    <editdetail attribution="Reuters BIP Coding Group" action="confirmed" date="1997-07-30"/>
  </code>
</codes>
<codes class="bip:topics:1.0">
  <code code="C15">
    <editdetail attribution="Reuters BIP Coding Group" action="confirmed" date="1997-07-30"/>
  </code>
  <code code="C151">
    <editdetail attribution="Reuters BIP Coding Group" action="confirmed" date="1997-07-30"/>
  </code>
  <code code="CCAT">
    <editdetail attribution="Reuters BIP Coding Group" action="confirmed" date="1997-07-30"/>
  </code>
</codes>
<dc element="dc.date.created" value="1997-07-30"/>
<dc element="dc.publisher" value="Reuters Holdings Plc"/>
<dc element="dc.date.published" value="1997-07-30"/>
<dc element="dc.source" value="Reuters"/>
<dc element="dc.creator.location" value="MONTREAL"/>
<dc element="dc.creator.location.country.name" value="CANADA"/>
<dc element="dc.source" value="Reuters"/>
</metadata>
</newsitem>
