<?xml version="1.0" encoding="iso-8859-1" ?>
<newsitem itemid="765058" id="root" date="1997-07-30" xml:lang="en">
<title>USA: EIA weekly status report--U.S. Petroleum Stocks.</title>
<headline>EIA weekly status report--U.S. Petroleum Stocks.</headline>
<text>
<p>(Million Barrels)	 7/25/97   7/18/97--Change  7/25/96</p>
<p>Gasoline..............    193.7    197.5    -3.8    202.8</p>
<p>Distillate Fuel.......    120.6    120.5     0.1    105.6</p>
<p>Residual Fuel.........     35.1     35.7    -0.6     34.8</p>
<p>Jet Fuel..............     44.3     44.4    -0.1     38.5</p>
<p>Unfinished Oils.......     90.8     91.0    -0.2     98.1</p>
<p>Other Oils............    188.5    185.6     2.9    176.4</p>
<p>Crude Oil (Exc SPR)...    308.5    318.4    -9.9    309.8</p>
<p>Total Stock (Exc SPR).    981.4    993.1   -11.7    996.0</p>
<p>Strategic Pet.Reserve.    563.5    563.5    unch    583.3</p>
<p>All Stocks (Inc SPR)..  1,544.9  1,556.5   -11.6  1,549.2</p>
</text>
<copyright>(c) Reuters Limited 1997</copyright>
<metadata>
<codes class="bip:countries:1.0">
  <code code="USA">
    <editdetail attribution="Reuters BIP Coding Group" action="confirmed" date="1997-07-30"/>
  </code>
</codes>
<codes class="bip:industries:1.0">
  <code code="I14000">
    <editdetail attribution="Reuters BIP Coding Group" action="confirmed" date="1997-07-30"/>
  </code>
</codes>
<codes class="bip:topics:1.0">
  <code code="C21">
    <editdetail attribution="Reuters BIP Coding Group" action="confirmed" date="1997-07-30"/>
  </code>
  <code code="CCAT">
    <editdetail attribution="Reuters BIP Coding Group" action="confirmed" date="1997-07-30"/>
  </code>
  <code code="M14">
    <editdetail attribution="Reuters BIP Coding Group" action="confirmed" date="1997-07-30"/>
  </code>
  <code code="M143">
    <editdetail attribution="Reuters BIP Coding Group" action="confirmed" date="1997-07-30"/>
  </code>
  <code code="MCAT">
    <editdetail attribution="Reuters BIP Coding Group" action="confirmed" date="1997-07-30"/>
  </code>
</codes>
<dc element="dc.publisher" value="Reuters Holdings Plc"/>
<dc element="dc.date.published" value="1997-07-30"/>
<dc element="dc.source" value="Reuters"/>
<dc element="dc.creator.location.country.name" value="USA"/>
<dc element="dc.source" value="Reuters"/>
</metadata>
</newsitem>
