<?xml version="1.0" encoding="iso-8859-1" ?>
<newsitem itemid="765063" id="root" date="1997-07-30" xml:lang="en">
<title>USA: U.S. stocks charge higher at midday as bonds rally.</title>
<headline>U.S. stocks charge higher at midday as bonds rally.</headline>
<byline>Mary Kelleher</byline>
<dateline>NEW YORK 1997-07-30</dateline>
<text>
<p>U.S. stocks soared at midday Wednesday, driven higher by an exuberant bond market, fresh optimism over interest rates and inflation, and a growing belief that new proposals to balance the federal budget and cut taxes will be a long-term boost to financial markets.</p>
<p>The Dow Jones Industrial Average was up 82 points, or around one percent, to 8256. Earlier, the New York Stock Exchange imposed curbs on index-arbitrage trading.</p>
<p>The long bond led the surge higher, with the benchmark 30-year Treasury surging 28/32 to a 6.32 percent yield.  </p>
<p>The Nasdaq composite was up 12 points to 1584.</p>
<p>&quot;Bonds are having a very good day and that helps stocks,&quot; said Barbara Marcin, vice president of Citibank Global Asset Management. &quot;All recent information indicates we have low inflation and moderate growth...The balanced budget deal and the proposed capital gains tax cut are also driving stocks.&quot;</p>
<p>The market's strength was broad-based, with financial, drug and technology shares all gaining. Breadth on both the New York Stock Exchange and Nasdaq was positive.  </p>
<p>Shares made large gains as the long bond yield dropped to 6.32 percent, its lowest level since March 1996.</p>
<p>&quot;Both bonds and stocks have been working in absolute concert in a perfect market,&quot; said Dick Stein, vice president of U.S. Clearing Corp.</p>
<p>A heady combination of benign inflation, moderate economic growth and a balanced budget agreement served to propel financial markets higher, analysts said.</p>
<p>New home sales data for June and May confirmed the general thinking about the economy and gave an early lift to stocks, market-watchers said.  </p>
<p>The Commerce Department said June new home sales rose 6.1 percent to an annual rate of 819,000. But analysts pointed to a sharp downward revision in the May figure, which now shows a one percent rise compared to the previous 7.1 percent gain.</p>
<p>&quot;Housing stars were revised to a ridiculous degree in May,&quot; Stein said. &quot;Combined, they both showed moderation.&quot;</p>
<p>But some analysts cautioned that markets still face the July employment report, due Friday.</p>
<p>Stocks and bonds also rose as the impact of the balanced budget deal between President Clinton and congressional Reblicans worked its way through the markets.  </p>
<p>The deal was announced late Monday but the market has taken time to digest the details, analysts said.</p>
<p>The capital gains tax cut contained in the budget deal helped stocks, while bonds were lifted by hopes that a balanced budget would mean fewer government debt offerings.</p>
<p>&quot;There is a demand for U.S. paper and supply is shrinking,&quot; said Peter Cardillo, director of research at Westfalia Investments. &quot;Because the deficit is coming down, the goverment has less need to borrow.&quot;</p>
<p>Among particular stocks, Apple Computer Inc gained one point to 17-1/2.  </p>
<p>Apple rose in active trade after persistent published reports and speculation on the Internet that company co-founder Steve Jobs will be named its next chairman.</p>
<p>Columbia/HCA Healthcare Corp was down 13/16 at 33-1/2 despite reporting strong second quarter results.</p>
<p>LAM Research Corp fell three to 53. The company reported a fourth quarter loss compared to a profit of $1.27 per share a year earlier. Merrill Lynch lowered its near-term rating on the stock to neutral from accumulate.</p>
<p>((--Wall Street Desk 212-859-1730))</p>
</text>
<copyright>(c) Reuters Limited 1997</copyright>
<metadata>
<codes class="bip:countries:1.0">
  <code code="USA">
    <editdetail attribution="Reuters BIP Coding Group" action="confirmed" date="1997-07-30"/>
  </code>
</codes>
<codes class="bip:topics:1.0">
  <code code="M11">
    <editdetail attribution="Reuters BIP Coding Group" action="confirmed" date="1997-07-30"/>
  </code>
  <code code="M12">
    <editdetail attribution="Reuters BIP Coding Group" action="confirmed" date="1997-07-30"/>
  </code>
  <code code="MCAT">
    <editdetail attribution="Reuters BIP Coding Group" action="confirmed" date="1997-07-30"/>
  </code>
</codes>
<dc element="dc.date.created" value="1997-07-30"/>
<dc element="dc.publisher" value="Reuters Holdings Plc"/>
<dc element="dc.date.published" value="1997-07-30"/>
<dc element="dc.source" value="Reuters"/>
<dc element="dc.creator.location" value="NEW YORK"/>
<dc element="dc.creator.location.country.name" value="USA"/>
<dc element="dc.source" value="Reuters"/>
</metadata>
</newsitem>
