<?xml version="1.0" encoding="iso-8859-1" ?>
<newsitem itemid="765036" id="root" date="1997-07-30" xml:lang="en">
<title>CANADA: Cambior Inc Q2 results.</title>
<headline>Cambior Inc Q2 results.</headline>
<dateline>MONTREAL 1997-07-30</dateline>
<text>
<p>Second Quarter    First Half ended</p>
<p>				    ended June 30	   June 30,</p>
<p> All amounts in US dollars   1997     1996	1997     1996</p>
<p>RESULTS (in millions)</p>
<p> Total revenues		   74.6    74.0     155.5    134.7</p>
<p> Net earnings			0.2     1.1	 3.3	2.1</p>
<p> Cash flow from operations(1) 13.7    14.0	33.3     25.6</p>
<p>PER COMMON SHARE ($)</p>
<p> Earnings			   0.00    0.02	0.06     0.04</p>
<p> Cash flow from operations(1) 0.23    0.23	0.55     0.44</p>
<p>Weighted average number of</p>
<p>common shares outstanding</p>
<p>  (in millions)(2)		60.1    60.0	60.1     57.5</p>
<p>GOLD PRODUCTION</p>
<p> Number of ounces (000)	  122     112	 255	202</p>
<p>Direct mining costs</p>
<p>  ($ per ounce)		    277     270	 268	270</p>
<p>Cambior's selling price</p>
<p>  ($ per ounce)		    428     428	 441	432</p>
<p> Market price ($ per ounce)    343     390	 347	395</p>
<p>FINANCIAL POSITION (in millions)</p>
<p>		 Jun 30, 1997    Mar 31, 1997	Dec 31,1996</p>
<p> Cash		    61.2	     100.4		111.4</p>
<p> Total assets	 774.1	     798.0		802.4</p>
<p> Net debt	     100.7		86.4		 80.5</p>
<p>Shareholders'</p>
<p>  equity		545.6	     547.7		547.8 (1)</p>
<p>Before changes in working capital items. (2)  As at June 30, 1997, Cambior had a total of 60.2 million common shares outstanding.</p>
<p>((Reuters Toronto Bureau (416) 941-8100))</p>
</text>
<copyright>(c) Reuters Limited 1997</copyright>
<metadata>
<codes class="bip:countries:1.0">
  <code code="CANA">
    <editdetail attribution="Reuters BIP Coding Group" action="confirmed" date="1997-07-30"/>
  </code>
</codes>
<codes class="bip:industries:1.0">
  <code code="I21000">
    <editdetail attribution="Reuters BIP Coding Group" action="confirmed" date="1997-07-30"/>
  </code>
</codes>
<codes class="bip:topics:1.0">
  <code code="C15">
    <editdetail attribution="Reuters BIP Coding Group" action="confirmed" date="1997-07-30"/>
  </code>
  <code code="C151">
    <editdetail attribution="Reuters BIP Coding Group" action="confirmed" date="1997-07-30"/>
  </code>
  <code code="CCAT">
    <editdetail attribution="Reuters BIP Coding Group" action="confirmed" date="1997-07-30"/>
  </code>
</codes>
<dc element="dc.date.created" value="1997-07-30"/>
<dc element="dc.publisher" value="Reuters Holdings Plc"/>
<dc element="dc.date.published" value="1997-07-30"/>
<dc element="dc.source" value="Reuters"/>
<dc element="dc.creator.location" value="MONTREAL"/>
<dc element="dc.creator.location.country.name" value="CANADA"/>
<dc element="dc.source" value="Reuters"/>
</metadata>
</newsitem>
