<?xml version="1.0" encoding="iso-8859-1" ?>
<newsitem itemid="765080" id="root" date="1997-07-30" xml:lang="en">
<title>USA: Optical Sensors to relaunch SensiCath.</title>
<headline>Optical Sensors to relaunch SensiCath.</headline>
<dateline>MINNEAPOLIS 1997-07-30</dateline>
<text>
<p>Optical Sensors Inc said Wednesday it had sufficient financial resources to fund an anticipated relaunch of its SensiCath Sensor later in this year after a voluntary recall in May.</p>
<p>&quot;Our financial condition remains strong,&quot; Sam Humphries, president and chief executive, said in a statement. &quot;At the end of the second quarter we had $23.5 million in cash, and our financial resources remain sufficient to support an anticipated relaunch of the SensiCath Sensor later in the current calendar year.&quot;  </p>
<p>Earlier, Optical Sensors said it lost $3.2 million, or $0.39 a share, in the second quarter compared with a loss of $2.6 million, or $0.31 a share, in the same period last year.</p>
<p>Results were hurt by the company's voluntary recall of SensiCath Sensors that were in customers' inventories. The product, which monitors the blood of ill babies, was not accurately recording acidity in cases where children had high levels of bilirubin, said Paulita LaPlante, vice president.</p>
<p>All SensiCath sensors were retrieved from customers, the company said.</p>
<p>&quot;Since voluntarily initiating the retrieval of the SensiCath Sensor, we have been working to develop a modification to the pH sensor which overcomes the measurement interference that we identified,&quot; Humphries said.</p>
<p>&quot;We have developed a modification to the pH sensor which provides accurate pH readings despite clinically significant bilirubin levels,&quot; he said. &quot;The modification is producing the desired measurement accuracy under laboratory conditions, and we are currently testing and evaluating the requisite modification to our manufacturing process for the pH sensor. The next steps will be to validate the manufacturing process and resume patient-attached evaluations at key customer sites.&quot;</p>
<p>-- ((Reuters Chicago Newsdesk 312-408-8787))</p>
</text>
<copyright>(c) Reuters Limited 1997</copyright>
<metadata>
<codes class="bip:countries:1.0">
  <code code="USA">
    <editdetail attribution="Reuters BIP Coding Group" action="confirmed" date="1997-07-30"/>
  </code>
</codes>
<codes class="bip:industries:1.0">
  <code code="I37200">
    <editdetail attribution="Reuters BIP Coding Group" action="confirmed" date="1997-07-30"/>
  </code>
</codes>
<codes class="bip:topics:1.0">
  <code code="C11">
    <editdetail attribution="Reuters BIP Coding Group" action="confirmed" date="1997-07-30"/>
  </code>
  <code code="C15">
    <editdetail attribution="Reuters BIP Coding Group" action="confirmed" date="1997-07-30"/>
  </code>
  <code code="C151">
    <editdetail attribution="Reuters BIP Coding Group" action="confirmed" date="1997-07-30"/>
  </code>
  <code code="C21">
    <editdetail attribution="Reuters BIP Coding Group" action="confirmed" date="1997-07-30"/>
  </code>
  <code code="CCAT">
    <editdetail attribution="Reuters BIP Coding Group" action="confirmed" date="1997-07-30"/>
  </code>
</codes>
<dc element="dc.date.created" value="1997-07-30"/>
<dc element="dc.publisher" value="Reuters Holdings Plc"/>
<dc element="dc.date.published" value="1997-07-30"/>
<dc element="dc.source" value="Reuters"/>
<dc element="dc.creator.location" value="MINNEAPOLIS"/>
<dc element="dc.creator.location.country.name" value="USA"/>
<dc element="dc.source" value="Reuters"/>
</metadata>
</newsitem>
