<?xml version="1.0" encoding="iso-8859-1" ?>
<newsitem itemid="765004" id="root" date="1997-07-30" xml:lang="en">
<title>FRANCE: French ministry- EU decision lifts GAN uncertainty.</title>
<headline>French ministry- EU decision lifts GAN uncertainty.</headline>
<dateline>PARIS 1997-07-30</dateline>
<text>
<p>The French Finance Ministry said on Wednesday that the privatisation of insurer GAN and subsidiary CIC would be conducted with the interest of the firms and state finances in mind.</p>
<p>The ministry said in a statement that approval by the European Commission of a 20-billion-franc state rescue package for GAN -- announced on Wednesday -- removed the uncertainty which had been hanging over the two groups.</p>
<p>The Commission said it had approved the aid on the basis of French commitments to privatise GAN and CIC, to divest strategic shareholdings worth around 2.4 billion francs ($386.1 million) by the end of next year and to sell GAN's UIC and UIS property divisions.</p>
<p>It also said the privatisation of GAN should ensure that the group's business outside France was reduced by 50 percent, to be measured in terms of turnover.</p>
<p>&quot;The finance minister (Dominique Strauss-Kahn) has set the goal for the procedure. The sale of GAN and CIC will be conducted with two concerns in mind, the interests of the companies and their staff and the finances of the state,&quot; the finance ministry statement said.</p>
<p>It gave no details on timing for the privatisations.</p>
<p>The Commission said in a statement in Brussels that the privatisation process should start as soon as possible and not later than June 30 1998.</p>
<p>-- Paris Newsroom +33 1 4221 5363 ($ = 6.215 French Francs)</p>
</text>
<copyright>(c) Reuters Limited 1997</copyright>
<metadata>
<codes class="bip:countries:1.0">
  <code code="EEC">
    <editdetail attribution="Reuters BIP Coding Group" action="confirmed" date="1997-07-30"/>
  </code>
  <code code="FRA">
    <editdetail attribution="Reuters BIP Coding Group" action="confirmed" date="1997-07-30"/>
  </code>
</codes>
<codes class="bip:industries:1.0">
  <code code="I81402">
    <editdetail attribution="Reuters BIP Coding Group" action="confirmed" date="1997-07-30"/>
  </code>
  <code code="I82000">
    <editdetail attribution="Reuters BIP Coding Group" action="confirmed" date="1997-07-30"/>
  </code>
</codes>
<codes class="bip:topics:1.0">
  <code code="C13">
    <editdetail attribution="Reuters BIP Coding Group" action="confirmed" date="1997-07-30"/>
  </code>
  <code code="C17">
    <editdetail attribution="Reuters BIP Coding Group" action="confirmed" date="1997-07-30"/>
  </code>
  <code code="C18">
    <editdetail attribution="Reuters BIP Coding Group" action="confirmed" date="1997-07-30"/>
  </code>
  <code code="C183">
    <editdetail attribution="Reuters BIP Coding Group" action="confirmed" date="1997-07-30"/>
  </code>
  <code code="CCAT">
    <editdetail attribution="Reuters BIP Coding Group" action="confirmed" date="1997-07-30"/>
  </code>
  <code code="E12">
    <editdetail attribution="Reuters BIP Coding Group" action="confirmed" date="1997-07-30"/>
  </code>
  <code code="ECAT">
    <editdetail attribution="Reuters BIP Coding Group" action="confirmed" date="1997-07-30"/>
  </code>
  <code code="G15">
    <editdetail attribution="Reuters BIP Coding Group" action="confirmed" date="1997-07-30"/>
  </code>
  <code code="G152">
    <editdetail attribution="Reuters BIP Coding Group" action="confirmed" date="1997-07-30"/>
  </code>
  <code code="G157">
    <editdetail attribution="Reuters BIP Coding Group" action="confirmed" date="1997-07-30"/>
  </code>
  <code code="GCAT">
    <editdetail attribution="Reuters BIP Coding Group" action="confirmed" date="1997-07-30"/>
  </code>
</codes>
<dc element="dc.date.created" value="1997-07-30"/>
<dc element="dc.publisher" value="Reuters Holdings Plc"/>
<dc element="dc.date.published" value="1997-07-30"/>
<dc element="dc.source" value="Reuters"/>
<dc element="dc.creator.location" value="PARIS"/>
<dc element="dc.creator.location.country.name" value="FRANCE"/>
<dc element="dc.source" value="Reuters"/>
</metadata>
</newsitem>
