<?xml version="1.0" encoding="iso-8859-1" ?>
<newsitem itemid="765076" id="root" date="1997-07-30" xml:lang="en">
<title>USA: McLeodUSA expects merger to be approved.</title>
<headline>McLeodUSA expects merger to be approved.</headline>
<dateline>CEDAR RAPIDS, Iowa 1997-07-30</dateline>
<text>
<p>McLeodUSA Inc said Wednesday it expected to receive regulatory approval for its previously announced merger with Consolidated Communications Inc in a few months.</p>
<p>&quot;Since our announcement on June 16, we have completed our due diligence review, made all regulatory filings and hope to receive regulatory approval within the next few months,&quot; Clark McLeod, chairman and chief executive, said in a statement.</p>
<p>&quot;In addition, early termination of the Hart-Scott-Rodino waiting period for the merger has been granted by the Federal Trade Commission and the Department of Justice. Upon closing of the transaction, I am confident we will be in a position to begin our combined operations aggressively.&quot;</p>
<p>Earlier McLeodUSA, a provider of integrated telecommunications services, reported a loss of $16.5 million, or $0.31 a share, in the second quarter compared to a loss of $4.5 million, or $0.11 a share, in the same period last year.</p>
<p>On July 15, McLeodUSA announced the completion of a $225 million private debt offering of ten-year, 9.25 percent notes due July 15, 2007. Proceeds will be used for acquisitions, joint ventures and strategic alliances; accelerated sales and marketing activities; and development and construction of infrastructure, the company said.</p>
<p>((--Reuters Chicago Newsdesk 312-408-8787))</p>
</text>
<copyright>(c) Reuters Limited 1997</copyright>
<metadata>
<codes class="bip:countries:1.0">
  <code code="USA">
    <editdetail attribution="Reuters BIP Coding Group" action="confirmed" date="1997-07-30"/>
  </code>
</codes>
<codes class="bip:industries:1.0">
  <code code="I79020">
    <editdetail attribution="Reuters BIP Coding Group" action="confirmed" date="1997-07-30"/>
  </code>
</codes>
<codes class="bip:topics:1.0">
  <code code="C13">
    <editdetail attribution="Reuters BIP Coding Group" action="confirmed" date="1997-07-30"/>
  </code>
  <code code="C18">
    <editdetail attribution="Reuters BIP Coding Group" action="confirmed" date="1997-07-30"/>
  </code>
  <code code="C181">
    <editdetail attribution="Reuters BIP Coding Group" action="confirmed" date="1997-07-30"/>
  </code>
  <code code="CCAT">
    <editdetail attribution="Reuters BIP Coding Group" action="confirmed" date="1997-07-30"/>
  </code>
</codes>
<dc element="dc.date.created" value="1997-07-30"/>
<dc element="dc.publisher" value="Reuters Holdings Plc"/>
<dc element="dc.date.published" value="1997-07-30"/>
<dc element="dc.source" value="Reuters"/>
<dc element="dc.creator.location" value="CEDAR RAPIDS, Iowa"/>
<dc element="dc.creator.location.country.name" value="USA"/>
<dc element="dc.source" value="Reuters"/>
</metadata>
</newsitem>
