<?xml version="1.0" encoding="iso-8859-1" ?>
<newsitem itemid="765065" id="root" date="1997-07-30" xml:lang="en">
<title>USA: PRESS DIGEST - Wall Street Journal - July 30.</title>
<headline>PRESS DIGEST - Wall Street Journal - July 30.</headline>
<dateline>NEW YORK 1997-07-30</dateline>
<text>
<p>The following stories were reported in Wednesday's electronic version of The Wall Street Journal:</p>
<p>* Many stocks will gain long-term attractiveness in the wake of the first Federal income-tax-cut package in 16 years.</p>
<p>* The Federal budget deal eliminates capital gains taxes for most homeowners.</p>
<p>* Kessler and Koop urged the White House to review industry documents before endorsing the proposed tobacco pact.</p>
<p>* UPS won a legislative victory as a House committee voted to block expansion of a rival U.S. Postal Service air export delivery service.</p>
<p>* McDonald's yanked the plum assignment of lead advertising agency from Leo Burnett after 15 years, and handed it to DDB Needham.</p>
<p>* U.S. West's $2.3 billion plan to sell its cellular business to AirTouch suffered a major setback after the companies appeared to lose their bid to win an exemption from new laws that end certain tax-free transactions.</p>
<p>* Northwest Air is close to signing an agreement in principle with KLM Royal Dutch Airlines that would apparently resolve the problems that have roiled their five-year alliance.</p>
<p>* Labor costs rose a tame 0.8 percent in the second quarter.</p>
<p>* The Dow Jones Industrials rose 53.42 to a record 8174.53.</p>
<p>* Citicorp is gearing up for a major cost-cutting campaign.</p>
<p>* Smith Barney will pay the government $1.05 million to settle to civil charges connected to the gift of a $2,200 Super Bowl ticket to ex-USDA chief Espy.</p>
<p>* Columbia/HCA's resignations will not slow or derail the criminal investigation of the hospital firm.</p>
<p>* Yahoo! and Visa ended their joint venture and announced a broadened partnership in electronic commerce.</p>
<p>* The Treasury market shrugged off early weakness to finish higher on a mix of positive economic data.</p>
<p>* Omega Advisors, a $4 billion money management firm, has snapped up more than two million shares of Columbia/HCA in the last two weeks, despite the massive federal fraud investigation the company is facing.</p>
<p>((-- New York Newsdesk 212-859-1610))</p>
</text>
<copyright>(c) Reuters Limited 1997</copyright>
<metadata>
<codes class="bip:countries:1.0">
  <code code="USA">
    <editdetail attribution="Reuters BIP Coding Group" action="confirmed" date="1997-07-30"/>
  </code>
</codes>
<codes class="bip:topics:1.0">
  <code code="GCAT">
    <editdetail attribution="Reuters BIP Coding Group" action="confirmed" date="1997-07-30"/>
  </code>
</codes>
<dc element="dc.date.created" value="1997-07-30"/>
<dc element="dc.publisher" value="Reuters Holdings Plc"/>
<dc element="dc.date.published" value="1997-07-30"/>
<dc element="dc.source" value="Reuters"/>
<dc element="dc.creator.location" value="NEW YORK"/>
<dc element="dc.creator.location.country.name" value="USA"/>
<dc element="dc.source" value="Reuters"/>
</metadata>
</newsitem>
