<?xml version="1.0" encoding="iso-8859-1" ?>
<newsitem itemid="765091" id="root" date="1997-07-30" xml:lang="en">
<title>USA: Trio-Tech plans acquisition.</title>
<headline>Trio-Tech plans acquisition.</headline>
<dateline>SAN FERNANDO, Calif. 1997-07-29</dateline>
<text>
<p>Trio-Tech International Wednesday signed a letter of intent to acquire Universal Systems, a privately held semiconductor equipment maker based in Campbell, Calif.</p>
<p>Trio-Tech International will pay a combination of cash, stock and options to Universal's shareholders.  Universal will become a wholly owned subsidiary of Trio-Tech.  Universal's founder and president, Tony DePiero, has signed a long-term contract to remain president of Universal Systems.</p>
<p>Universal Systems was formed in June 1995 as a consulting and service company focused on wet processing semiconductor manufacturing technologies.</p>
</text>
<copyright>(c) Reuters Limited 1997</copyright>
<metadata>
<codes class="bip:countries:1.0">
  <code code="USA">
    <editdetail attribution="Reuters BIP Coding Group" action="confirmed" date="1997-07-30"/>
  </code>
</codes>
<codes class="bip:industries:1.0">
  <code code="I37100">
    <editdetail attribution="Reuters BIP Coding Group" action="confirmed" date="1997-07-30"/>
  </code>
</codes>
<codes class="bip:topics:1.0">
  <code code="C18">
    <editdetail attribution="Reuters BIP Coding Group" action="confirmed" date="1997-07-30"/>
  </code>
  <code code="C181">
    <editdetail attribution="Reuters BIP Coding Group" action="confirmed" date="1997-07-30"/>
  </code>
  <code code="CCAT">
    <editdetail attribution="Reuters BIP Coding Group" action="confirmed" date="1997-07-30"/>
  </code>
</codes>
<dc element="dc.date.created" value="1997-07-29"/>
<dc element="dc.publisher" value="Reuters Holdings Plc"/>
<dc element="dc.date.published" value="1997-07-30"/>
<dc element="dc.source" value="Reuters"/>
<dc element="dc.creator.location" value="SAN FERNANDO, Calif."/>
<dc element="dc.creator.location.country.name" value="USA"/>
<dc element="dc.source" value="Reuters"/>
</metadata>
</newsitem>
