<?xml version="1.0" encoding="iso-8859-1" ?>
<newsitem itemid="765071" id="root" date="1997-07-30" xml:lang="en">
<title>USA: TABLE-ENstar Inc Q2 loss vs profit.</title>
<headline>TABLE-ENstar Inc Q2 loss vs profit.</headline>
<dateline>MINNEAPOLIS 1997-07-30</dateline>
<text>
<p>(In thousands, except per share amounts)</p>
<p>				 Three Months Ended  Six Months Ended</p>
<p>					June 30,	    June 30,</p>
<p>				  1997     1996	 1997	1996</p>
<p> Revenues		  $13,392   $16,431    $25,324   $31,793</p>
<p>Operating and products costs</p>
<p>				 9,590    12,303     17,953    23,503</p>
<p>     Gross profit	  3,802     4,128	7,371     8,290</p>
<p>Selling, general, and</p>
<p>administrative expenses</p>
<p>				 5,044     4,244	9,870     8,123</p>
<p>Operating income (loss)</p>
<p>			     (1,242)     (116)    (2,499)	 167</p>
<p> Interest expense, net   (190)	(74)	(274)     (140)</p>
<p>Income (loss) before income taxes</p>
<p>and equity in earnings of</p>
<p>unconsolidated subsidiary</p>
<p>			     (1,432)     (116)    (2,773)	  27</p>
<p>Income tax provision (benefit)</p>
<p>				 (500)	(52)	(950)	  52</p>
<p>Income (loss) before equity in</p>
<p>earnings of unconsolidated</p>
<p>     subsidiary	    (932)     (138)    (1,823)	(25)</p>
<p>Equity in earnings of</p>
<p>unconsolidated subsidiary</p>
<p>				   330	 323	  639	 627</p>
<p>     Net income (loss)   (602)	 185    (1,184)	 602</p>
<p>Income (loss) per share</p>
<p>				(0.18)	0.05     (0.36)	0.18</p>
<p>Weighted average shares</p>
<p>     outstanding     3,304,279  3,313,133 3,304,279 3,304,333</p>
<p>((--Chicago newsdesk, 312-408-8787))</p>
</text>
<copyright>(c) Reuters Limited 1997</copyright>
<metadata>
<codes class="bip:countries:1.0">
  <code code="USA">
    <editdetail attribution="Reuters BIP Coding Group" action="confirmed" date="1997-07-30"/>
  </code>
</codes>
<codes class="bip:topics:1.0">
  <code code="C15">
    <editdetail attribution="Reuters BIP Coding Group" action="confirmed" date="1997-07-30"/>
  </code>
  <code code="C151">
    <editdetail attribution="Reuters BIP Coding Group" action="confirmed" date="1997-07-30"/>
  </code>
  <code code="CCAT">
    <editdetail attribution="Reuters BIP Coding Group" action="confirmed" date="1997-07-30"/>
  </code>
</codes>
<dc element="dc.date.created" value="1997-07-30"/>
<dc element="dc.publisher" value="Reuters Holdings Plc"/>
<dc element="dc.date.published" value="1997-07-30"/>
<dc element="dc.source" value="Reuters"/>
<dc element="dc.creator.location" value="MINNEAPOLIS"/>
<dc element="dc.creator.location.country.name" value="USA"/>
<dc element="dc.source" value="Reuters"/>
</metadata>
</newsitem>
