<?xml version="1.0" encoding="iso-8859-1" ?>
<newsitem itemid="765100" id="root" date="1997-07-30" xml:lang="en">
<title>USA: Golden Books to acquire Shari Lewis.</title>
<headline>Golden Books to acquire Shari Lewis.</headline>
<dateline>NEW YORK 1997-07-30</dateline>
<text>
<p>Golden Books Family Entertainment said Wednesday that it will acquire all outstanding stock of privately-held Shari Lewis Enterprises Inc.</p>
<p>Terms of the transaction were not disclosed.</p>
<p>The company said that in adddition to acquiring the Shari Lewis library, which includes books, television specials, films amd home videos, it will receive distribution fees for Shari Lewis programs and a percentage of adjusted gross revenues.</p>
<p>It will make its debut in television distribution this January with a new 40-episode series based on a Shari Lewis character, Charley Horse.</p>
<p>Shari Lewis is a children's entertainer whose puppet characters, Lamb Chop, Hush Puppy and Charley Horse, have formed the basis of Shari Lewis Enterprises Inc.</p>
<p>Golden Books is a publisher of children's books.</p>
</text>
<copyright>(c) Reuters Limited 1997</copyright>
<metadata>
<codes class="bip:countries:1.0">
  <code code="USA">
    <editdetail attribution="Reuters BIP Coding Group" action="confirmed" date="1997-07-30"/>
  </code>
</codes>
<codes class="bip:industries:1.0">
  <code code="I47500">
    <editdetail attribution="Reuters BIP Coding Group" action="confirmed" date="1997-07-30"/>
  </code>
</codes>
<codes class="bip:topics:1.0">
  <code code="C18">
    <editdetail attribution="Reuters BIP Coding Group" action="confirmed" date="1997-07-30"/>
  </code>
  <code code="C181">
    <editdetail attribution="Reuters BIP Coding Group" action="confirmed" date="1997-07-30"/>
  </code>
  <code code="CCAT">
    <editdetail attribution="Reuters BIP Coding Group" action="confirmed" date="1997-07-30"/>
  </code>
</codes>
<dc element="dc.date.created" value="1997-07-30"/>
<dc element="dc.publisher" value="Reuters Holdings Plc"/>
<dc element="dc.date.published" value="1997-07-30"/>
<dc element="dc.source" value="Reuters"/>
<dc element="dc.creator.location" value="NEW YORK"/>
<dc element="dc.creator.location.country.name" value="USA"/>
<dc element="dc.source" value="Reuters"/>
</metadata>
</newsitem>
