<?xml version="1.0" encoding="iso-8859-1" ?>
<newsitem itemid="765131" id="root" date="1997-07-30" xml:lang="en">
<title>USA: NYS plans $425 mln of job creation bonds--Senate.</title>
<headline>NYS plans $425 mln of job creation bonds--Senate.</headline>
<dateline>NEW YORK 1997-07-30</dateline>
<text>
<p>The New York State Senate Majority Leader on Wednesday said that the preliminary budget pact for fiscal 1998 includes a $425 million bond plan to create jobs through tourism and recreation.</p>
<p>&quot;And there's something that may not have been highlighted, that is going to add to job creation and economic development, there's going to be a $425 million piece, job creation piece, that will be bonded as part of legislation that takes place in this budget,&quot; Senator Joseph Bruno, R-Troy, told reporters in Albany. He added that cultural development also would qualify for funding.</p>
<p>A spokesman for the Senator explained that it had yet to be decided what state entity would sell the bonds.</p>
<p>((--Joan Gralla, 212-859-1654))</p>
</text>
<copyright>(c) Reuters Limited 1997</copyright>
<metadata>
<codes class="bip:countries:1.0">
  <code code="USA">
    <editdetail attribution="Reuters BIP Coding Group" action="confirmed" date="1997-07-30"/>
  </code>
</codes>
<codes class="bip:topics:1.0">
  <code code="E21">
    <editdetail attribution="Reuters BIP Coding Group" action="confirmed" date="1997-07-30"/>
  </code>
  <code code="E212">
    <editdetail attribution="Reuters BIP Coding Group" action="confirmed" date="1997-07-30"/>
  </code>
  <code code="E41">
    <editdetail attribution="Reuters BIP Coding Group" action="confirmed" date="1997-07-30"/>
  </code>
  <code code="ECAT">
    <editdetail attribution="Reuters BIP Coding Group" action="confirmed" date="1997-07-30"/>
  </code>
  <code code="GCAT">
    <editdetail attribution="Reuters BIP Coding Group" action="confirmed" date="1997-07-30"/>
  </code>
  <code code="GJOB">
    <editdetail attribution="Reuters BIP Coding Group" action="confirmed" date="1997-07-30"/>
  </code>
</codes>
<dc element="dc.date.created" value="1997-07-30"/>
<dc element="dc.publisher" value="Reuters Holdings Plc"/>
<dc element="dc.date.published" value="1997-07-30"/>
<dc element="dc.source" value="Reuters"/>
<dc element="dc.creator.location" value="NEW YORK"/>
<dc element="dc.creator.location.country.name" value="USA"/>
<dc element="dc.source" value="Reuters"/>
</metadata>
</newsitem>
