<?xml version="1.0" encoding="iso-8859-1" ?>
<newsitem itemid="765144" id="root" date="1997-07-30" xml:lang="en">
<title>USA: CoVest Bancshares adopts rights plan.</title>
<headline>CoVest Bancshares adopts rights plan.</headline>
<dateline>DES PLAINES, Ill. 1997-07-30</dateline>
<text>
<p>CoVest Bancshares Inc said Wednesday it adopted a shareholder rights plan to discourage individuals or groups from acquiring large stakes in the bankholding company without first discussing their intentions with the company's directors.</p>
<p>CoVest, with assets of about $536.4 million, said the rights plan was not adopted in response to any specific event.</p>
<p>The plan provides for the distribution of one right on August 25, 1997, for each share of CoVest's outstanding common stock as of August 11, 1997.</p>
<p>In general, the rights plan provides that if a person, group or entity acquires a 15 percent or larger stake in CoVest or announces a tender offer, and CoVest's board chooses not to redeem the rights, all holders of rights, other than the 15 percent shareholder or the tender offeror, will be able to purchase a certain amount of CoVest's common stock for half of its market price.</p>
<p>The rights will expire no later than 10 years from the date of the plan's adoption, CoVest said.</p>
<p>&quot;The Rights Plan was adopted simply as a precautionary measure to better position CoVest's shareholders to realize the long term value of their investment, and to provide an additional level of protection against coercive or abusive tactics,&quot; said CoVest President Larry Gillie in a news release.</p>
<p>		    ((Chicago newsdesk 312 408 8787))</p>
</text>
<copyright>(c) Reuters Limited 1997</copyright>
<metadata>
<codes class="bip:countries:1.0">
  <code code="USA">
    <editdetail attribution="Reuters BIP Coding Group" action="confirmed" date="1997-07-30"/>
  </code>
</codes>
<codes class="bip:industries:1.0">
  <code code="I81402">
    <editdetail attribution="Reuters BIP Coding Group" action="confirmed" date="1997-07-30"/>
  </code>
</codes>
<codes class="bip:topics:1.0">
  <code code="C11">
    <editdetail attribution="Reuters BIP Coding Group" action="confirmed" date="1997-07-30"/>
  </code>
  <code code="C17">
    <editdetail attribution="Reuters BIP Coding Group" action="confirmed" date="1997-07-30"/>
  </code>
  <code code="C171">
    <editdetail attribution="Reuters BIP Coding Group" action="confirmed" date="1997-07-30"/>
  </code>
  <code code="CCAT">
    <editdetail attribution="Reuters BIP Coding Group" action="confirmed" date="1997-07-30"/>
  </code>
</codes>
<dc element="dc.date.created" value="1997-07-30"/>
<dc element="dc.publisher" value="Reuters Holdings Plc"/>
<dc element="dc.date.published" value="1997-07-30"/>
<dc element="dc.source" value="Reuters"/>
<dc element="dc.creator.location" value="DES PLAINES, Ill."/>
<dc element="dc.creator.location.country.name" value="USA"/>
<dc element="dc.source" value="Reuters"/>
</metadata>
</newsitem>
