<?xml version="1.0" encoding="iso-8859-1" ?>
<newsitem itemid="765150" id="root" date="1997-07-30" xml:lang="en">
<title>USA: TABLE - Storage Usa Inc Q2 shr increases.</title>
<headline>TABLE - Storage Usa Inc Q2 shr increases.</headline>
<dateline>COLUMBIA, Md. 1997-07-30</dateline>
<text>
<p>(in thousands, except per share data)</p>
<p>		     Three Mos    Three Mos    Six Mos    Six Mos</p>
<p>			  Ended	   Ended	Ended	Ended</p>
<p>			 Jun 30,	Jun 30,    Jun 30,    Jun 30,</p>
<p>			   1997	    1996	 1997	 1996</p>
<p>Property Revenue:</p>
<p> Rental income     $37,865	$23,770    $71,340    $44,590</p>
<p> Management income	 0	    206	    0	  446</p>
<p> Other income	    786	    380	1,072	  654</p>
<p>Total Property</p>
<p>    Revenues	  38,651	 24,356     72,412     45,690</p>
<p>Property Expenses:</p>
<p>Cost of property</p>
<p>operations and</p>
<p>  maint.		 9,424	  6,376     17,689     12,113</p>
<p> Taxes		   3,191	  2,051	6,177	3,744</p>
<p>General &amp;</p>
<p>  administrative     1,559	    969	2,823	1,749</p>
<p>Depreciation/</p>
<p>  amortization	 4,505	  2,762	8,670	5,433</p>
<p>Total Property</p>
<p>    Expenses	  18,679	 12,158     35,359     23,039</p>
<p>Income from</p>
<p>Property</p>
<p>  Operations	  19,972	 12,198     37,053     22,651</p>
<p>Income before</p>
<p>minority interest</p>
<p>and gain on sale</p>
<p>  of assets	   16,737	 10,815     30,786     19,758</p>
<p>Gain on sale of</p>
<p>  assets		 2,569		0	2,569	    0</p>
<p>Income before</p>
<p>minority</p>
<p>  interest	    19,306	 10,815     33,355     19,758</p>
<p>Minority interest</p>
<p>			 (1,411)	  (670)    (2,476)    (1,225)</p>
<p> Net income	   17,895	 10,145     30,879     18,533</p>
<p>Net income per</p>
<p>  share		   0.66	   0.52	 1.18	 0.99</p>
<p>Weighted average</p>
<p>shares</p>
<p>  outstanding	 27,224	 19,553     26,138     18,690</p>
<p>FUNDS FROM OPERATIONS COMPUTED UNDER THE AMENDED DEFINITION</p>
<p>			(in thousands, except per share data)</p>
<p>		Three Mos   Three Mos  Year to Date  Year to Date</p>
<p>			  Jun 30,     Jun 30,    Jun 30,    Jun 30,</p>
<p>			    1997	   1996	 1997	 1996</p>
<p> Net Income	  $ 17,895    $ 10,145   $ 30,879   $ 18,533</p>
<p>Gain on sale of</p>
<p>  assets		(2,569)	     0    (2,569)	    0</p>
<p>Depreciation of</p>
<p>revenue producing</p>
<p>  property		4,276	 2,591	8,233	5,036</p>
<p>Amortization of</p>
<p>  non compete		 0	    21	    0	   83</p>
<p>Amortization of</p>
<p>  lease guarantees	  0	    15	    0	   68</p>
<p> Consolidated FFO    19,602	12,772     36,543     23,720</p>
<p>FFO available to</p>
<p>company</p>
<p>  shareholders	 19,480	12,620     36,147     23,427</p>
<p> FFO per share	   0.72	  0.65	 1.38	 1.25</p>
<p>Weighted average</p>
<p>  shares		 27,224	19,553     26,138     18,690</p>
<p>((-- New York Newsdesk 212-859-1610))</p>
</text>
<copyright>(c) Reuters Limited 1997</copyright>
<metadata>
<codes class="bip:countries:1.0">
  <code code="USA">
    <editdetail attribution="Reuters BIP Coding Group" action="confirmed" date="1997-07-30"/>
  </code>
</codes>
<codes class="bip:industries:1.0">
  <code code="I81502">
    <editdetail attribution="Reuters BIP Coding Group" action="confirmed" date="1997-07-30"/>
  </code>
  <code code="I8150206">
    <editdetail attribution="Reuters BIP Coding Group" action="confirmed" date="1997-07-30"/>
  </code>
</codes>
<codes class="bip:topics:1.0">
  <code code="C15">
    <editdetail attribution="Reuters BIP Coding Group" action="confirmed" date="1997-07-30"/>
  </code>
  <code code="C151">
    <editdetail attribution="Reuters BIP Coding Group" action="confirmed" date="1997-07-30"/>
  </code>
  <code code="CCAT">
    <editdetail attribution="Reuters BIP Coding Group" action="confirmed" date="1997-07-30"/>
  </code>
</codes>
<dc element="dc.date.created" value="1997-07-30"/>
<dc element="dc.publisher" value="Reuters Holdings Plc"/>
<dc element="dc.date.published" value="1997-07-30"/>
<dc element="dc.source" value="Reuters"/>
<dc element="dc.creator.location" value="COLUMBIA, Md."/>
<dc element="dc.creator.location.country.name" value="USA"/>
<dc element="dc.source" value="Reuters"/>
</metadata>
</newsitem>
