<?xml version="1.0" encoding="iso-8859-1" ?>
<newsitem itemid="765122" id="root" date="1997-07-30" xml:lang="en">
<title>USA: Pharmos acting CFO to leave company.</title>
<headline>Pharmos acting CFO to leave company.</headline>
<dateline>ALACHUA, Fla. 1997-07-30</dateline>
<text>
<p>Pharmos Corp said on Wednesday that Alan Mark, who has been the company's acting chief financial officer and a financial consultant during the past year, was leaving to pursue other business opportunities.</p>
<p>The biopharmaceutical company said that while it searched for a new CFO, vice president/finance and controller Shaun Marcus would oversee accounting and financial reporting functions and act as corporate treasurer and controller.</p>
<p>Haim Aviv, chairman and Gad Riesenfeld, president, would be responsible for corporate finance and investor relations, Pharmos said.</p>
<p>Pharmos design, develops and commercializes proprietary products to treat opthalmic and neurologic disorders.</p>
<p>((New York newsdesk 212-859-1730))</p>
</text>
<copyright>(c) Reuters Limited 1997</copyright>
<metadata>
<codes class="bip:countries:1.0">
  <code code="USA">
    <editdetail attribution="Reuters BIP Coding Group" action="confirmed" date="1997-07-30"/>
  </code>
</codes>
<codes class="bip:industries:1.0">
  <code code="I25700">
    <editdetail attribution="Reuters BIP Coding Group" action="confirmed" date="1997-07-30"/>
  </code>
</codes>
<codes class="bip:topics:1.0">
  <code code="C41">
    <editdetail attribution="Reuters BIP Coding Group" action="confirmed" date="1997-07-30"/>
  </code>
  <code code="C411">
    <editdetail attribution="Reuters BIP Coding Group" action="confirmed" date="1997-07-30"/>
  </code>
  <code code="CCAT">
    <editdetail attribution="Reuters BIP Coding Group" action="confirmed" date="1997-07-30"/>
  </code>
</codes>
<dc element="dc.date.created" value="1997-07-30"/>
<dc element="dc.publisher" value="Reuters Holdings Plc"/>
<dc element="dc.date.published" value="1997-07-30"/>
<dc element="dc.source" value="Reuters"/>
<dc element="dc.creator.location" value="ALACHUA, Fla."/>
<dc element="dc.creator.location.country.name" value="USA"/>
<dc element="dc.source" value="Reuters"/>
</metadata>
</newsitem>
