<?xml version="1.0" encoding="iso-8859-1" ?>
<newsitem itemid="765119" id="root" date="1997-07-30" xml:lang="en">
<title>USA: TABLE - Veeco Instruments Inc Q2 net down.</title>
<headline>TABLE - Veeco Instruments Inc Q2 net down.</headline>
<dateline>PLAINVIEW, N.Y. 1997-07-30</dateline>
<text>
<p>(In thousands, except per share data)</p>
<p>						     Three Months Ended</p>
<p>								June 30,</p>
<p>						     1997	     1996</p>
<p> Net sales				$    33,867     $    25,095</p>
<p> Gross Profit				  15,069	    11,123</p>
<p>   Research and development expense     3,561	     2,579</p>
<p>   Selling, general and admin. expense  6,668	     5,216</p>
<p>   Amortization expense			  69		  52</p>
<p>   Other - net				   (51)		  25</p>
<p>   Purchased in process technology	4,200		  --</p>
<p> Operating income				 622	     3,251</p>
<p> Interest income, net			   105		 162</p>
<p> Income before income taxes		   727	     3,413</p>
<p> Income taxes				     281	     1,307</p>
<p> Net income				   446 (a)	     2,106</p>
<p> Net income per common share	   0.07 (a)		0.35</p>
<p>Weighted average shares outstanding</p>
<p>						6,264,000	 5,958,000</p>
<p>						     Six Months Ended</p>
<p>							    June 30,</p>
<p>						    1997		1996</p>
<p> Net sales				$    63,418     $    45,739</p>
<p> Gross Profit				  27,978	    20,330</p>
<p>   Research and development expense     6,513	     4,583</p>
<p>Selling, general and admin. expense</p>
<p>						   12,433	     9,589</p>
<p>   Amortization expense			 138		 105</p>
<p>   Other - net				   (69)		 117</p>
<p>   Purchased in process technology	4,200		  --</p>
<p> Operating income			     4,763	     5,936</p>
<p> Interest income, net			   210		 362</p>
<p> Income before income taxes		 4,973	     6,298</p>
<p> Income taxes				   1,890	     2,382</p>
<p> Net income				 3,083 (a)	     3,916</p>
<p> Net income per common share	   0.50 (a)		0.66</p>
<p>Weighted average shares outstanding</p>
<p>						6,206,000	 5,925,000</p>
<p>NOTE - (a) Net income includes a one-time in-process research and development charge of about $4.2 million from the acquisition of certain assets from Materials Research Corp ($2.6 million net of tax or $0.42 per share).</p>
<p>Excluding such charge, Q2 net income would be $0.49 per share versus $0.35 per share. Income for the six-month period would have been $0.92 per share versus $0.66 per share.</p>
<p>((-- New York Newsdesk 212-859-1610))</p>
</text>
<copyright>(c) Reuters Limited 1997</copyright>
<metadata>
<codes class="bip:countries:1.0">
  <code code="USA">
    <editdetail attribution="Reuters BIP Coding Group" action="confirmed" date="1997-07-30"/>
  </code>
</codes>
<codes class="bip:industries:1.0">
  <code code="I34531">
    <editdetail attribution="Reuters BIP Coding Group" action="confirmed" date="1997-07-30"/>
  </code>
</codes>
<codes class="bip:topics:1.0">
  <code code="C15">
    <editdetail attribution="Reuters BIP Coding Group" action="confirmed" date="1997-07-30"/>
  </code>
  <code code="C151">
    <editdetail attribution="Reuters BIP Coding Group" action="confirmed" date="1997-07-30"/>
  </code>
  <code code="CCAT">
    <editdetail attribution="Reuters BIP Coding Group" action="confirmed" date="1997-07-30"/>
  </code>
</codes>
<dc element="dc.date.created" value="1997-07-30"/>
<dc element="dc.publisher" value="Reuters Holdings Plc"/>
<dc element="dc.date.published" value="1997-07-30"/>
<dc element="dc.source" value="Reuters"/>
<dc element="dc.creator.location" value="PLAINVIEW, N.Y."/>
<dc element="dc.creator.location.country.name" value="USA"/>
<dc element="dc.source" value="Reuters"/>
</metadata>
</newsitem>
