<?xml version="1.0" encoding="iso-8859-1" ?>
<newsitem itemid="765140" id="root" date="1997-07-30" xml:lang="en">
<title>USA: Nasdaq closes higher, helped by soaring long bond.</title>
<headline>Nasdaq closes higher, helped by soaring long bond.</headline>
<dateline>NEW YORK 1997-07-30</dateline>
<text>
<p>The Nasdaq market closed higher on Wednesday as ready cash poured into technology issues, enticed by the soaring 30-year Treasury bond.</p>
<p>The Nasdaq composite index gained 15.73 points, or one percent, to close unofficially at 1588.05. Advancing issues beat declines six to five on total volume of 733 million shares.</p>
<p>&quot;There were bids and buyers all over the place,&quot; one trader said.</p>
<p>Said another trader: &quot;Technology continued to be very strong pretty much across the board.&quot;  </p>
<p>&quot;There seems to be a lot of cash on the side and it poured into the market. The bond market was strong most of the day, which helped,&quot; he added.</p>
<p>The 30-year bond rose 30/32 from Tuesday, with its yield falling to 6.32 percent from 6.38 percent -- its lowest since February 16, 1996.</p>
<p>Ascend Communications Inc rose 5/16 to 53-7/16 after the company said PSINet Inc agreed to a &quot;major deployment&quot; of MAX TNT wide-area network (WAN) switches.</p>
<p>Ascend's gain came atop a 6-3/8 point gain seen Tuesday, when it was also the most heavily traded Nasdaq issue.</p>
<p>Shares of 3Com Corp fell 2-1/4 to 55-3/4 after the company told analysts it restated its fiscal 1997 earnings and its current margins were at the lower end of a targeted range.</p>
<p>(( New York Newsdesk 212 859-1610))</p>
</text>
<copyright>(c) Reuters Limited 1997</copyright>
<metadata>
<codes class="bip:countries:1.0">
  <code code="USA">
    <editdetail attribution="Reuters BIP Coding Group" action="confirmed" date="1997-07-30"/>
  </code>
</codes>
<codes class="bip:topics:1.0">
  <code code="M11">
    <editdetail attribution="Reuters BIP Coding Group" action="confirmed" date="1997-07-30"/>
  </code>
  <code code="MCAT">
    <editdetail attribution="Reuters BIP Coding Group" action="confirmed" date="1997-07-30"/>
  </code>
</codes>
<dc element="dc.date.created" value="1997-07-30"/>
<dc element="dc.publisher" value="Reuters Holdings Plc"/>
<dc element="dc.date.published" value="1997-07-30"/>
<dc element="dc.source" value="Reuters"/>
<dc element="dc.creator.location" value="NEW YORK"/>
<dc element="dc.creator.location.country.name" value="USA"/>
<dc element="dc.source" value="Reuters"/>
</metadata>
</newsitem>
