<?xml version="1.0" encoding="iso-8859-1" ?>
<newsitem itemid="765177" id="root" date="1997-07-30" xml:lang="en">
<title>USA: Penn Engineering raises quarterly dividend.</title>
<headline>Penn Engineering raises quarterly dividend.</headline>
<dateline>DANBORO, Pa. 1997-07-30</dateline>
<text>
<p>Quarterly</p>
<p>			  Latest		Prior</p>
<p> Amount		  $0.11		$0.10</p>
<p> Pay		     Oct 7</p>
<p> Record		Sept 15</p>
<p>Note: Full name of company is Penn Engineering &amp; Manufacturing Corp</p>
<p>Today the Board of Directors increased the quarterly cash dividend to 11 cents per share, a ten percent increase, and declared a dividend payable October 7, 1997, to shareholders of record, September 15, 1997.</p>
</text>
<copyright>(c) Reuters Limited 1997</copyright>
<metadata>
<codes class="bip:countries:1.0">
  <code code="USA">
    <editdetail attribution="Reuters BIP Coding Group" action="confirmed" date="1997-07-30"/>
  </code>
</codes>
<codes class="bip:topics:1.0">
  <code code="C15">
    <editdetail attribution="Reuters BIP Coding Group" action="confirmed" date="1997-07-30"/>
  </code>
  <code code="C151">
    <editdetail attribution="Reuters BIP Coding Group" action="confirmed" date="1997-07-30"/>
  </code>
  <code code="CCAT">
    <editdetail attribution="Reuters BIP Coding Group" action="confirmed" date="1997-07-30"/>
  </code>
</codes>
<dc element="dc.date.created" value="1997-07-30"/>
<dc element="dc.publisher" value="Reuters Holdings Plc"/>
<dc element="dc.date.published" value="1997-07-30"/>
<dc element="dc.source" value="Reuters"/>
<dc element="dc.creator.location" value="DANBORO, Pa."/>
<dc element="dc.creator.location.country.name" value="USA"/>
<dc element="dc.source" value="Reuters"/>
</metadata>
</newsitem>
