<?xml version="1.0" encoding="iso-8859-1" ?>
<newsitem itemid="765142" id="root" date="1997-07-30" xml:lang="en">
<title>USA: Silicon Storage sets 1 mln share buyback.</title>
<headline>Silicon Storage sets 1 mln share buyback.</headline>
<dateline>SUNNYVALE, Calif. 1997-07-30</dateline>
<text>
<p>Silicon Storage Technology Inc. said Wednesday it board of directors has approved a stock repurchase of up to one million of its common shares.</p>
<p>The company said in a statement the repurchase program is expected to continue until December 15, 1997, unless extended or shortened by the board.</p>
<p>&quot;This stock repurchase plan reflects the board's confidence in our company's strategy for diversification and future growth,&quot; said President and Chief Executive Bing Yeh.</p>
<p>&quot;We believe the stock repurchase is a good long-term investment of our cash on hand,&quot; he added.</p>
<p>At the end of June Silicon Storage had about 25.2 million shares outstanding.</p>
</text>
<copyright>(c) Reuters Limited 1997</copyright>
<metadata>
<codes class="bip:countries:1.0">
  <code code="USA">
    <editdetail attribution="Reuters BIP Coding Group" action="confirmed" date="1997-07-30"/>
  </code>
</codes>
<codes class="bip:industries:1.0">
  <code code="I34531">
    <editdetail attribution="Reuters BIP Coding Group" action="confirmed" date="1997-07-30"/>
  </code>
</codes>
<codes class="bip:topics:1.0">
  <code code="C17">
    <editdetail attribution="Reuters BIP Coding Group" action="confirmed" date="1997-07-30"/>
  </code>
  <code code="C171">
    <editdetail attribution="Reuters BIP Coding Group" action="confirmed" date="1997-07-30"/>
  </code>
  <code code="C18">
    <editdetail attribution="Reuters BIP Coding Group" action="confirmed" date="1997-07-30"/>
  </code>
  <code code="C181">
    <editdetail attribution="Reuters BIP Coding Group" action="confirmed" date="1997-07-30"/>
  </code>
  <code code="CCAT">
    <editdetail attribution="Reuters BIP Coding Group" action="confirmed" date="1997-07-30"/>
  </code>
</codes>
<dc element="dc.date.created" value="1997-07-30"/>
<dc element="dc.publisher" value="Reuters Holdings Plc"/>
<dc element="dc.date.published" value="1997-07-30"/>
<dc element="dc.source" value="Reuters"/>
<dc element="dc.creator.location" value="SUNNYVALE, Calif."/>
<dc element="dc.creator.location.country.name" value="USA"/>
<dc element="dc.source" value="Reuters"/>
</metadata>
</newsitem>
