<?xml version="1.0" encoding="iso-8859-1" ?>
<newsitem itemid="765192" id="root" date="1997-07-30" xml:lang="en">
<title>USA: TABLE-Sunquest Information Inc Q2 results.</title>
<headline>TABLE-Sunquest Information Inc Q2 results.</headline>
<dateline>TUCSON, Ariz. 1997-07-30</dateline>
<text>
<p>(In thousands, except per share amounts)</p>
<p>		   Three Months     Six Months	 Twelve Months</p>
<p>			Ended		Ended		Ended</p>
<p>		     June 30,	   June 30,	   June 30,</p>
<p>		  1997     1996    1997     1996    1997     1996</p>
<p>Revenues:</p>
<p>System sales</p>
<p>		$14,435 $11,421  $27,253 $19,978  $52,334 $37,646</p>
<p>Support and</p>
<p>   service    13,545   8,501   25,334  16,661   44,610  31,805</p>
<p>Total revenues</p>
<p>		  27,980  19,922   52,587  36,639   96,944  69,451</p>
<p>Operating expenses:</p>
<p>Cost of system</p>
<p>   sales	 7,762   4,878   14,155   8,530   25,681  16,084</p>
<p>Client services</p>
<p>		   7,303   4,321   13,422   8,990   22,833  17,748</p>
<p>Research and</p>
<p>   development 2,556   2,355    5,866   4,742   11,112   9,342</p>
<p>Sales and</p>
<p>   marketing   3,687   2,744    6,866   5,144   12,618   9,660</p>
<p>General and</p>
<p>administrative</p>
<p>		   3,058   2,121    6,472   4,053   12,177   7,488</p>
<p>Write-off of</p>
<p>acquired,</p>
<p>in-process</p>
<p>   technology (a)  -	 -	  -	 -    3,252	 -</p>
<p>Total operating</p>
<p> expenses     24,366  16,419   46,781  31,459   87,673  60,322</p>
<p>Operating income</p>
<p>		   3,614   3,503    5,806   5,180    9,271   9,129</p>
<p>Other income</p>
<p>(expense):</p>
<p>Interest income</p>
<p>		     274     260	659     350    1,654     532</p>
<p>Interest expense</p>
<p>		   (501)   (352)    (625)   (739)  (1,281) (1,480)</p>
<p>  Other	    201	96	 35     282     (345)    390</p>
<p>Income before</p>
<p> income taxes  3,588   3,507    5,875   5,073    9,299   8,571</p>
<p>Income tax</p>
<p>provision:</p>
<p>Current year</p>
<p>operations</p>
<p>		   1,468     446    2,452     477    4,730     543</p>
<p>Change in tax</p>
<p>     status	  -   1,122	  -   1,122	  -   1,122</p>
<p>Net income    $2,120  $1,939   $3,423  $3,474   $4,569  $6,906</p>
<p>Earnings per share</p>
<p>determination:</p>
<p>Historical income</p>
<p>before income</p>
<p>   taxes	$3,588  $3,507   $5,875  $5,073   $9,299  $8,571</p>
<p>Income tax</p>
<p>provision:</p>
<p>	Actual   1,468	 -    2,452	 -    4,730	 -</p>
<p>	Pro forma  -   1,508	  -   2,181	  -     3,685</p>
<p>Applicable net</p>
<p>  income	$2,120  $1,999   $3,423  $2,892   $4,569  $4,886</p>
<p>Weighted-average</p>
<p> shares outstanding  15,365  13,054   15,364  12,479   15,361</p>
<p>12,192</p>
<p>Net income per share:</p>
<p>  Actual	 $0.14	 -    $0.22	 -    $0.30	 -</p>
<p>  Pro forma	  -   $0.15	  -   $0.23	  -   $0.40</p>
<p>(a) In conjunction with the Antrim Corp. acquisition, the company charged operations $3.3 million for acquired, in-process technology, which reduced net income per common share for the twelve months ended June 30, 1997 by 21 cents.</p>
</text>
<copyright>(c) Reuters Limited 1997</copyright>
<metadata>
<codes class="bip:countries:1.0">
  <code code="USA">
    <editdetail attribution="Reuters BIP Coding Group" action="confirmed" date="1997-07-30"/>
  </code>
</codes>
<codes class="bip:industries:1.0">
  <code code="I83940">
    <editdetail attribution="Reuters BIP Coding Group" action="confirmed" date="1997-07-30"/>
  </code>
</codes>
<codes class="bip:topics:1.0">
  <code code="C15">
    <editdetail attribution="Reuters BIP Coding Group" action="confirmed" date="1997-07-30"/>
  </code>
  <code code="C151">
    <editdetail attribution="Reuters BIP Coding Group" action="confirmed" date="1997-07-30"/>
  </code>
  <code code="CCAT">
    <editdetail attribution="Reuters BIP Coding Group" action="confirmed" date="1997-07-30"/>
  </code>
</codes>
<dc element="dc.date.created" value="1997-07-30"/>
<dc element="dc.publisher" value="Reuters Holdings Plc"/>
<dc element="dc.date.published" value="1997-07-30"/>
<dc element="dc.source" value="Reuters"/>
<dc element="dc.creator.location" value="TUCSON, Ariz."/>
<dc element="dc.creator.location.country.name" value="USA"/>
<dc element="dc.source" value="Reuters"/>
</metadata>
</newsitem>
