<?xml version="1.0" encoding="iso-8859-1" ?>
<newsitem itemid="765161" id="root" date="1997-07-30" xml:lang="en">
<title>USA: TABLE-Applebee's International Inc Q2 net.</title>
<headline>TABLE-Applebee's International Inc Q2 net.</headline>
<dateline>OVERLAND PARK, Kan. 1997-07-30</dateline>
<text>
<p>(in thousands, except per share amounts)</p>
<p>				   13 Weeks Ended    26 Weeks Ended</p>
<p>				   Jun 29,  Jun 30,  Jun 29,  Jun 30,</p>
<p>					1997     1996     1997     1996</p>
<p>Revenues:</p>
<p>Company restaurant sales</p>
<p>				  $114,775  $91,116 $215,618 $173,756</p>
<p>   Franchise income	   15,917   13,469   31,326   25,870</p>
<p>Total operating revenues</p>
<p>				   130,692  104,585  246,944  199,626</p>
<p>Cost of Company restaurant</p>
<p>sales:</p>
<p>     Food and beverage	31,661   25,549   59,382   48,900</p>
<p>     Labor			36,025   28,292   68,126   55,151</p>
<p>     Direct and occupancy   28,419   22,865   54,441   43,328</p>
<p>     Pre-opening expense	 902	925    1,412    1,174</p>
<p>	 Total cost of Company</p>
<p>				    97,007   77,631  183,361  148,553</p>
<p>	   restaurant sales</p>
<p>General and administrative</p>
<p>				    13,109   11,109   25,555   21,494</p>
<p>expenses</p>
<p>Amortization of intangible</p>
<p>   assets			    857	570    1,425    1,158</p>
<p>Loss on disposition of</p>
<p>   restaurants and equipment   251	424	484	539</p>
<p> Operating earnings	   19,468   14,851   36,119   27,882</p>
<p>Other income (expense):</p>
<p>   Investment income	     446	597    1,379    1,398</p>
<p>   Interest expense	    (473)    (434)    (832)    (880)</p>
<p>   Other income		     90	200	238	305</p>
<p>     Total other income	   63	363	785	823</p>
<p>Earnings before income taxes</p>
<p>				    19,531   15,214   36,904   28,705</p>
<p> Income taxes		    7,305    5,639   13,802   10,765</p>
<p> Net earnings		   12,226    9,575   23,102   17,940</p>
<p>Net earnings per common share</p>
<p>					0.39     0.31     0.74     0.58</p>
<p>Weighted average shares</p>
<p>  outstanding		   31,370   31,148   31,340   31,090</p>
<p>((--Chicago newsdesk, 312-408-8787))</p>
</text>
<copyright>(c) Reuters Limited 1997</copyright>
<metadata>
<codes class="bip:countries:1.0">
  <code code="USA">
    <editdetail attribution="Reuters BIP Coding Group" action="confirmed" date="1997-07-30"/>
  </code>
</codes>
<codes class="bip:industries:1.0">
  <code code="I66100">
    <editdetail attribution="Reuters BIP Coding Group" action="confirmed" date="1997-07-30"/>
  </code>
</codes>
<codes class="bip:topics:1.0">
  <code code="C15">
    <editdetail attribution="Reuters BIP Coding Group" action="confirmed" date="1997-07-30"/>
  </code>
  <code code="C151">
    <editdetail attribution="Reuters BIP Coding Group" action="confirmed" date="1997-07-30"/>
  </code>
  <code code="CCAT">
    <editdetail attribution="Reuters BIP Coding Group" action="confirmed" date="1997-07-30"/>
  </code>
</codes>
<dc element="dc.date.created" value="1997-07-30"/>
<dc element="dc.publisher" value="Reuters Holdings Plc"/>
<dc element="dc.date.published" value="1997-07-30"/>
<dc element="dc.source" value="Reuters"/>
<dc element="dc.creator.location" value="OVERLAND PARK, Kan."/>
<dc element="dc.creator.location.country.name" value="USA"/>
<dc element="dc.source" value="Reuters"/>
</metadata>
</newsitem>
