<?xml version="1.0" encoding="iso-8859-1" ?>
<newsitem itemid="765181" id="root" date="1997-07-30" xml:lang="en">
<title>USA: TABLE-Crown American Realty Q2 results.</title>
<headline>TABLE-Crown American Realty Q2 results.</headline>
<dateline>JOHNSTOWN, Pa. 1997-07-30</dateline>
<text>
<p>CROWN AMERICAN REALTY TRUST</p>
<p>		     Consolidated Statements of Operations</p>
<p>			    (Unaudited)</p>
<p>				 Three Months Ended  Six Months Ended</p>
<p>						June 30	 June 30</p>
<p>				     1997	1996     1997     1996</p>
<p>				(in thousands, except per share data)</p>
<p>Rental operations:</p>
<p>Revenues:</p>
<p>   Minimum rent		$20,076  $20,584  $39,820  $41,542</p>
<p>   Percentage rent	     1,130	998    2,608    2,617</p>
<p>Property operating cost</p>
<p>    recoveries		   7,298    6,711   14,437   14,636</p>
<p>Temporary and promotional</p>
<p>    leasing			1,607    1,393    3,262    2,780</p>
<p>   Net utility income	    681	591    1,413    1,272</p>
<p>Business interruption</p>
<p>    insurance			---	356	---	830</p>
<p>   Miscellaneous income	  194	306	319	679</p>
<p>				    30,986   30,939   61,859   64,356</p>
<p>Property operating costs:</p>
<p>Recoverable operating costs</p>
<p>				     9,318    9,549   18,855   20,277</p>
<p>Property administrative costs</p>
<p>					 447	495    1,024	992</p>
<p>   Other operating costs	 485	693	924    1,327</p>
<p>Depreciation and</p>
<p>    amortization		 9,330    9,160   19,134   16,900</p>
<p>				    11,406   11,042   21,922   24,860</p>
<p>Other expenses:</p>
<p>  General and administrative   894	989    2,049    1,984</p>
<p>  Interest			11,460   11,086   22,820   22,318</p>
<p>				    12,354   12,075   24,869   24,302</p>
<p>				     (948)  (1,033)  (2,947)	558</p>
<p>Property sales, disposals</p>
<p>and adjustments:</p>
<p>Gain on sale of</p>
<p>    outparcel land		 273    1,755	569    2,584</p>
<p>Income (loss) before</p>
<p>extraordinary items</p>
<p>  and minority interest	(675)	722  (2,378)    3,142</p>
<p>Extraordinary loss on early</p>
<p>    extinguishment of debt   (732)    (120)    (732)    (120)</p>
<p>Income (loss) before</p>
<p>  minority interest	  (1,407)	602  (3,110)    3,022</p>
<p>Minority interest in</p>
<p>  Operating Partnership	  359    (151)	793    (767)</p>
<p> Net income (loss)	   (1,048)	451  (2,317)    2,255</p>
<p>Per share data (after</p>
<p>minority interest):</p>
<p>Income (loss) before</p>
<p>    extraordinary item	(0.01)     0.01   (0.06)     0.08</p>
<p>   Extraordinary items	(0.02)	---   (0.02)	---</p>
<p>   Net income (loss)	  (0.03)     0.01   (0.08)     0.08</p>
<p>Weighted average</p>
<p>  shares outstanding	  27,685   27,493   27,657   27,476</p>
</text>
<copyright>(c) Reuters Limited 1997</copyright>
<metadata>
<codes class="bip:countries:1.0">
  <code code="USA">
    <editdetail attribution="Reuters BIP Coding Group" action="confirmed" date="1997-07-30"/>
  </code>
</codes>
<codes class="bip:industries:1.0">
  <code code="I81502">
    <editdetail attribution="Reuters BIP Coding Group" action="confirmed" date="1997-07-30"/>
  </code>
  <code code="I8150206">
    <editdetail attribution="Reuters BIP Coding Group" action="confirmed" date="1997-07-30"/>
  </code>
</codes>
<codes class="bip:topics:1.0">
  <code code="C15">
    <editdetail attribution="Reuters BIP Coding Group" action="confirmed" date="1997-07-30"/>
  </code>
  <code code="C151">
    <editdetail attribution="Reuters BIP Coding Group" action="confirmed" date="1997-07-30"/>
  </code>
  <code code="CCAT">
    <editdetail attribution="Reuters BIP Coding Group" action="confirmed" date="1997-07-30"/>
  </code>
</codes>
<dc element="dc.date.created" value="1997-07-30"/>
<dc element="dc.publisher" value="Reuters Holdings Plc"/>
<dc element="dc.date.published" value="1997-07-30"/>
<dc element="dc.source" value="Reuters"/>
<dc element="dc.creator.location" value="JOHNSTOWN, Pa."/>
<dc element="dc.creator.location.country.name" value="USA"/>
<dc element="dc.source" value="Reuters"/>
</metadata>
</newsitem>
