<?xml version="1.0" encoding="iso-8859-1" ?>
<newsitem itemid="765105" id="root" date="1997-07-30" xml:lang="en">
<title>USA: USData Corp names Merry president, CEO.</title>
<headline>USData Corp names Merry president, CEO.</headline>
<dateline>RICHARDSON, Texas 1997-07-30</dateline>
<text>
<p>USDATA Corp said Wednesday that it had named Robert Merry as its new president and chief executive officer.</p>
<p>Merry will succeed Bill Newell, who was named acting president and chief executive in March of 1997 to replace William Moore Jr, who resigned then to return to his consulting practice.</p>
<p>USDATA said Merry has served as president, process manufacturing strategic business unit, for Electronic Data Systems since 1995. In that position he was responsible for the company's $150 million process manufacturing business.</p>
<p>USDATA Corp is a global supplier of real-time application development tools, distribution management software, automatic identification equipment and related consulting and integration services.</p>
</text>
<copyright>(c) Reuters Limited 1997</copyright>
<metadata>
<codes class="bip:countries:1.0">
  <code code="USA">
    <editdetail attribution="Reuters BIP Coding Group" action="confirmed" date="1997-07-30"/>
  </code>
</codes>
<codes class="bip:topics:1.0">
  <code code="C41">
    <editdetail attribution="Reuters BIP Coding Group" action="confirmed" date="1997-07-30"/>
  </code>
  <code code="C411">
    <editdetail attribution="Reuters BIP Coding Group" action="confirmed" date="1997-07-30"/>
  </code>
  <code code="CCAT">
    <editdetail attribution="Reuters BIP Coding Group" action="confirmed" date="1997-07-30"/>
  </code>
</codes>
<dc element="dc.date.created" value="1997-07-30"/>
<dc element="dc.publisher" value="Reuters Holdings Plc"/>
<dc element="dc.date.published" value="1997-07-30"/>
<dc element="dc.source" value="Reuters"/>
<dc element="dc.creator.location" value="RICHARDSON, Texas"/>
<dc element="dc.creator.location.country.name" value="USA"/>
<dc element="dc.source" value="Reuters"/>
</metadata>
</newsitem>
