<?xml version="1.0" encoding="iso-8859-1" ?>
<newsitem itemid="765124" id="root" date="1997-07-30" xml:lang="en">
<title>USA: TABLE - BEC Group Inc Q2 shr shrinks.</title>
<headline>TABLE - BEC Group Inc Q2 shr shrinks.</headline>
<dateline>RYE, N.Y. 1997-07-30</dateline>
<text>
<p>1997			1996</p>
<p> Oper shr		   $0.08		    $0.13</p>
<p> Net shr		     0.08		     0.18</p>
<p> Net			  1,426		    3,185</p>
<p> Revs			17,620		   18,559</p>
<p> Avg shrs		  17,671		   17,718</p>
<p>	  6  MONTHS</p>
<p> Oper shr		   $0.12		    $0.18</p>
<p> Net shr		     0.12		     6.04</p>
<p> Net			  2,049		  106,659</p>
<p> Revs			33,642		   35,548</p>
<p> Avg shrs		  17,613		   17,659</p>
<p>(All data above 000s except per share numbers)</p>
<p>NOTE - Q2 1996 and the six-month period of 1996 include, respectively, income from discontinued operations of $0.05 and $5.86 per share.</p>
<p>((-- New York Newsdesk 212-859-1610))</p>
</text>
<copyright>(c) Reuters Limited 1997</copyright>
<metadata>
<codes class="bip:countries:1.0">
  <code code="USA">
    <editdetail attribution="Reuters BIP Coding Group" action="confirmed" date="1997-07-30"/>
  </code>
</codes>
<codes class="bip:topics:1.0">
  <code code="C15">
    <editdetail attribution="Reuters BIP Coding Group" action="confirmed" date="1997-07-30"/>
  </code>
  <code code="C151">
    <editdetail attribution="Reuters BIP Coding Group" action="confirmed" date="1997-07-30"/>
  </code>
  <code code="CCAT">
    <editdetail attribution="Reuters BIP Coding Group" action="confirmed" date="1997-07-30"/>
  </code>
</codes>
<dc element="dc.date.created" value="1997-07-30"/>
<dc element="dc.publisher" value="Reuters Holdings Plc"/>
<dc element="dc.date.published" value="1997-07-30"/>
<dc element="dc.source" value="Reuters"/>
<dc element="dc.creator.location" value="RYE, N.Y."/>
<dc element="dc.creator.location.country.name" value="USA"/>
<dc element="dc.source" value="Reuters"/>
</metadata>
</newsitem>
