<?xml version="1.0" encoding="iso-8859-1" ?>
<newsitem itemid="765137" id="root" date="1997-07-30" xml:lang="en">
<title>USA: TABLE - 3DO Co Q1 results.</title>
<headline>TABLE - 3DO Co Q1 results.</headline>
<dateline>REDWOOD CITY, Calif. 1997-07-30</dateline>
<text>
<p>The 3DO Company</p>
<p>	    Consolidated Condensed Statements of Operations</p>
<p>		 (In thousands, except per share amounts)</p>
<p>					    Three Months ended June 30,</p>
<p>							  (unaudited)</p>
<p>						 1997		    1996</p>
<p> Revenues			    $   14,363	    $   15,329</p>
<p> Cost of revenues			 1,064		   1,132</p>
<p>   Gross profit			  13,299		  14,197</p>
<p>Operating expenses:</p>
<p>   Research and development	   6,503		   9,290</p>
<p>   Sales and marketing		  1,077		   1,144</p>
<p>   General and administrative	 2,638		   2,780</p>
<p>   In-process R&amp;D			    --		   7,700</p>
<p>     Total operating expenses	10,218		  20,914</p>
<p>     Operating profit (loss)	  3,081		 (6,717)</p>
<p>Gain from sale of the</p>
<p>  Systems business		     18,032			--</p>
<p> Net interest and other income	  189		     326</p>
<p>Profit (loss) before provision</p>
<p>for income and foreign withholding</p>
<p>   taxes				   21,302		 (6,391)</p>
<p>Provision for income and</p>
<p>  foreign withholding taxes		73		   4,000</p>
<p>   Net profit (loss)		   21,229		(10,391)</p>
<p> Net profit (loss) per share	   0.70		  (0.39)</p>
<p>Common and common</p>
<p>  equivalent shares		    30,538		  26,618</p>
</text>
<copyright>(c) Reuters Limited 1997</copyright>
<metadata>
<codes class="bip:countries:1.0">
  <code code="USA">
    <editdetail attribution="Reuters BIP Coding Group" action="confirmed" date="1997-07-30"/>
  </code>
</codes>
<codes class="bip:industries:1.0">
  <code code="I34540">
    <editdetail attribution="Reuters BIP Coding Group" action="confirmed" date="1997-07-30"/>
  </code>
</codes>
<codes class="bip:topics:1.0">
  <code code="C15">
    <editdetail attribution="Reuters BIP Coding Group" action="confirmed" date="1997-07-30"/>
  </code>
  <code code="C151">
    <editdetail attribution="Reuters BIP Coding Group" action="confirmed" date="1997-07-30"/>
  </code>
  <code code="CCAT">
    <editdetail attribution="Reuters BIP Coding Group" action="confirmed" date="1997-07-30"/>
  </code>
</codes>
<dc element="dc.date.created" value="1997-07-30"/>
<dc element="dc.publisher" value="Reuters Holdings Plc"/>
<dc element="dc.date.published" value="1997-07-30"/>
<dc element="dc.source" value="Reuters"/>
<dc element="dc.creator.location" value="REDWOOD CITY, Calif."/>
<dc element="dc.creator.location.country.name" value="USA"/>
<dc element="dc.source" value="Reuters"/>
</metadata>
</newsitem>
