<?xml version="1.0" encoding="iso-8859-1" ?>
<newsitem itemid="765102" id="root" date="1997-07-30" xml:lang="en">
<title>USA: Concord International buys remaining Maxnet stake.</title>
<headline>Concord International buys remaining Maxnet stake.</headline>
<dateline>HUNTINGDON VALLEY, Pa. 1997-07-30</dateline>
<text>
<p>Concord International Group Inc has acquired the remaining 95 percent of Maxnet Inc for $10 million in stock, Maxnet said on Wednesday.</p>
<p>In addition, Concord changed its name to Maxnet, appointed a new board of directors, and approved a reverse 50-to-1 stock split, the company said in a statement.</p>
<p>Concord acquired five percent of Maxnet last year.</p>
<p>Maxnet said it has two subsidiaries, S.E.G. Technologies Inc, a computer peripherals wholesaler, and Savemart.com Inc, which specializes in Internet sales.</p>
</text>
<copyright>(c) Reuters Limited 1997</copyright>
<metadata>
<codes class="bip:countries:1.0">
  <code code="USA">
    <editdetail attribution="Reuters BIP Coding Group" action="confirmed" date="1997-07-30"/>
  </code>
</codes>
<codes class="bip:industries:1.0">
  <code code="I83800">
    <editdetail attribution="Reuters BIP Coding Group" action="confirmed" date="1997-07-30"/>
  </code>
</codes>
<codes class="bip:topics:1.0">
  <code code="C18">
    <editdetail attribution="Reuters BIP Coding Group" action="confirmed" date="1997-07-30"/>
  </code>
  <code code="C181">
    <editdetail attribution="Reuters BIP Coding Group" action="confirmed" date="1997-07-30"/>
  </code>
  <code code="CCAT">
    <editdetail attribution="Reuters BIP Coding Group" action="confirmed" date="1997-07-30"/>
  </code>
</codes>
<dc element="dc.date.created" value="1997-07-30"/>
<dc element="dc.publisher" value="Reuters Holdings Plc"/>
<dc element="dc.date.published" value="1997-07-30"/>
<dc element="dc.source" value="Reuters"/>
<dc element="dc.creator.location" value="HUNTINGDON VALLEY, Pa."/>
<dc element="dc.creator.location.country.name" value="USA"/>
<dc element="dc.source" value="Reuters"/>
</metadata>
</newsitem>
