<?xml version="1.0" encoding="iso-8859-1" ?>
<newsitem itemid="765180" id="root" date="1997-07-30" xml:lang="en">
<title>USA: U.S. stock index futures finish strongly higher.</title>
<headline>U.S. stock index futures finish strongly higher.</headline>
<dateline>CHICAGO 1997-07-30</dateline>
<text>
<p>U.S. stock index futures ended strongly higher, buoyed by technical bullishness and spillover Treasury bond strength.</p>
<p>September Standard &amp; Poor's 500 futures posted a fresh record high at 960.30, wiping out the old all-time peak set Friday at 951.75.</p>
<p>&quot;Stay long and you'll be OK in the end, just stay with it,&quot; an S&amp;P 500 futures trader said during the session. &quot;It just keeps rallying -- it's pretty technically bullish.&quot; He said the market's near-term uptrend remains healthy even if September pulls back to 951.00.  </p>
<p>Traders said the market could turn a bit edgy heading into significant data later this week, but until a surprise shakes things loose, the upward trend should continue, they said.</p>
<p>Any dips will likely attract buyers, they added.</p>
<p>Second-quarter gross-domestic product is due Thursday and July jobs data on Friday.</p>
<p>A Reuters poll of economists showed an average estimated for GDP at 1.9 percent. July jobs were forecast up 193,000, versus a 217,000 June gain.</p>
<p>The jobless rate was seen at 4.9 percent, down from 5.0 in the previous report.</p>
</text>
<copyright>(c) Reuters Limited 1997</copyright>
<metadata>
<codes class="bip:countries:1.0">
  <code code="USA">
    <editdetail attribution="Reuters BIP Coding Group" action="confirmed" date="1997-07-30"/>
  </code>
</codes>
<codes class="bip:topics:1.0">
  <code code="M11">
    <editdetail attribution="Reuters BIP Coding Group" action="confirmed" date="1997-07-30"/>
  </code>
  <code code="M12">
    <editdetail attribution="Reuters BIP Coding Group" action="confirmed" date="1997-07-30"/>
  </code>
  <code code="MCAT">
    <editdetail attribution="Reuters BIP Coding Group" action="confirmed" date="1997-07-30"/>
  </code>
</codes>
<dc element="dc.date.created" value="1997-07-30"/>
<dc element="dc.publisher" value="Reuters Holdings Plc"/>
<dc element="dc.date.published" value="1997-07-30"/>
<dc element="dc.source" value="Reuters"/>
<dc element="dc.creator.location" value="CHICAGO"/>
<dc element="dc.creator.location.country.name" value="USA"/>
<dc element="dc.source" value="Reuters"/>
</metadata>
</newsitem>
