<?xml version="1.0" encoding="iso-8859-1" ?>
<newsitem itemid="765128" id="root" date="1997-07-30" xml:lang="en">
<title>USA: Pioneer Rail, IC, Grain Systems in pact.</title>
<headline>Pioneer Rail, IC, Grain Systems in pact.</headline>
<dateline>PEORIA, Ill. 1997-07-30</dateline>
<text>
<p>Pioneer Railcorp said Wednesday it reached a marketing pact with Illinois Central Corp and Grain Systems Inc that will expand its freight shipping capabilities to major U.S. and Canadian ports.</p>
<p>The agreement will boost revenues and carloads shipped through Poineer's Decatur Junction Railway operation, the company said. Financial terms of the agreement were not disclosed.</p>
<p>Initially Decatur Junction will ship Grain Systems containers from Assumption, Ill., to various Gulf of Mexico ports, including the Port of New Orleans, and to Canada, including the Port of Montreal. From there the commodities will be transported by container ships worldwide.</p>
<p>&quot;The transaction is a major opportunity for Decatur Junction to provide intermodal service to North American ports for the first time ever,&quot; said Guy Brenkman, Pioneer's chairman and chief executive.</p>
<p>	 -- ((Reuters Chicago Newsdesk 312-408-8787))</p>
</text>
<copyright>(c) Reuters Limited 1997</copyright>
<metadata>
<codes class="bip:countries:1.0">
  <code code="CANA">
    <editdetail attribution="Reuters BIP Coding Group" action="confirmed" date="1997-07-30"/>
  </code>
  <code code="USA">
    <editdetail attribution="Reuters BIP Coding Group" action="confirmed" date="1997-07-30"/>
  </code>
</codes>
<codes class="bip:industries:1.0">
  <code code="I71000">
    <editdetail attribution="Reuters BIP Coding Group" action="confirmed" date="1997-07-30"/>
  </code>
</codes>
<codes class="bip:topics:1.0">
  <code code="C31">
    <editdetail attribution="Reuters BIP Coding Group" action="confirmed" date="1997-07-30"/>
  </code>
  <code code="C33">
    <editdetail attribution="Reuters BIP Coding Group" action="confirmed" date="1997-07-30"/>
  </code>
  <code code="CCAT">
    <editdetail attribution="Reuters BIP Coding Group" action="confirmed" date="1997-07-30"/>
  </code>
</codes>
<dc element="dc.date.created" value="1997-07-30"/>
<dc element="dc.publisher" value="Reuters Holdings Plc"/>
<dc element="dc.date.published" value="1997-07-30"/>
<dc element="dc.source" value="Reuters"/>
<dc element="dc.creator.location" value="PEORIA, Ill."/>
<dc element="dc.creator.location.country.name" value="USA"/>
<dc element="dc.source" value="Reuters"/>
</metadata>
</newsitem>
