<?xml version="1.0" encoding="iso-8859-1" ?>
<newsitem itemid="765133" id="root" date="1997-07-30" xml:lang="en">
<title>USA: Alpharma optimistic about second half of '97.</title>
<headline>Alpharma optimistic about second half of '97.</headline>
<dateline>FORT LEE, N.J. 1997-07-30</dateline>
<text>
<p>Alpharma Inc said today it sees stronger results in the second half of the year, thanks to the development of new product lines, an expanding market presence in the Far East and Latin America and the completion of a major restructuring of its U.S. operations.</p>
<p>&quot;We anticipate that both sales and earnings will accelerate during the second half of 1997, establishing a new profitable base upon which to build future growth,&quot; said Einar Sissener, chairman, in a statement accompanying the release of second quarter earnings.  </p>
<p>The company also based its optimism for the last half of the year on a strengthened balance sheet.</p>
<p>During the second quarter, Alpharma said it completed a $180 million revolving bank credit facility and received more than $20 million from the sale of about 1.3 million new shares of Class B common stock.</p>
<p>The company reported earnings of $0.16 per share, or $3.5 million in the quarter ended June 30, versus a loss of $0.20 per share, or $4.5 million in the year-earlier period, which included $12.5 million in pre-tax restructuring charges.</p>
<p>Alpharma is a multinational pharmaceutical company that makes and sells specialty generic and proprietary human pharmaceutical and animal health products.</p>
</text>
<copyright>(c) Reuters Limited 1997</copyright>
<metadata>
<codes class="bip:countries:1.0">
  <code code="USA">
    <editdetail attribution="Reuters BIP Coding Group" action="confirmed" date="1997-07-30"/>
  </code>
</codes>
<codes class="bip:industries:1.0">
  <code code="I25700">
    <editdetail attribution="Reuters BIP Coding Group" action="confirmed" date="1997-07-30"/>
  </code>
</codes>
<codes class="bip:topics:1.0">
  <code code="C15">
    <editdetail attribution="Reuters BIP Coding Group" action="confirmed" date="1997-07-30"/>
  </code>
  <code code="C152">
    <editdetail attribution="Reuters BIP Coding Group" action="confirmed" date="1997-07-30"/>
  </code>
  <code code="CCAT">
    <editdetail attribution="Reuters BIP Coding Group" action="confirmed" date="1997-07-30"/>
  </code>
</codes>
<dc element="dc.date.created" value="1997-07-30"/>
<dc element="dc.publisher" value="Reuters Holdings Plc"/>
<dc element="dc.date.published" value="1997-07-30"/>
<dc element="dc.source" value="Reuters"/>
<dc element="dc.creator.location" value="FORT LEE, N.J."/>
<dc element="dc.creator.location.country.name" value="USA"/>
<dc element="dc.source" value="Reuters"/>
</metadata>
</newsitem>
