<?xml version="1.0" encoding="iso-8859-1" ?>
<newsitem itemid="765143" id="root" date="1997-07-30" xml:lang="en">
<title>USA: TABLE - American Business Q2 shr rises.</title>
<headline>TABLE - American Business Q2 shr rises.</headline>
<dateline>ATLANTA 1997-07-30</dateline>
<text>
<p>(Dollars in thousands, except share data)</p>
<p>					     Three Months Ended June 30</p>
<p>						   1997		 1996</p>
<p> Net sales				  $128,068	   $157,394</p>
<p> Cost of goods sold			 90,585	    110,809</p>
<p> Selling and administrative expenses  27,938	     35,571</p>
<p> Restructuring and other charges	   ---		  643</p>
<p> Total					 118,523	    147,023</p>
<p> Operating income			    9,545	     10,371</p>
<p>Other income (expense)</p>
<p>   Interest expense			(1,541)	    (1,762)</p>
<p>   Miscellaneous - net		     1,948		1,154</p>
<p> Income before income taxes		9,952		9,763</p>
<p> Provision for income taxes		3,882		3,868</p>
<p> Net income				    6,070		5,895</p>
<p> Earnings per common share		   .37		  .36</p>
<p>Average number of common shares</p>
<p>   outstanding			  16,413,429	 16,393,480</p>
<p>						 Six Months Ended June 30</p>
<p>						   1997		 1996</p>
<p> Net sales				  $255,116	   $314,401</p>
<p> Cost of goods sold			180,392	    222,176</p>
<p> Selling and administrative expenses  56,341	     70,345</p>
<p> Restructuring and other charges	   ---		4,301</p>
<p> Total					 236,733	    296,822</p>
<p> Operating income			   18,383	     17,579</p>
<p>Other income (expense)</p>
<p>   Interest expense			(3,266)	    (3,678)</p>
<p>   Miscellaneous - net		     6,654		2,034</p>
<p> Income before income taxes	     21,771	     15,935</p>
<p> Provision for income taxes		8,326		6,141</p>
<p> Net income				   13,445		9,794</p>
<p> Earnings per common share		   .82		  .60</p>
<p>Average number of common shares</p>
<p>   outstanding			  16,411,456	 16,389,416</p>
<p>NOTE - American Business Products Inc</p>
<p>((-- New York Newsdesk 212-859-1610))</p>
</text>
<copyright>(c) Reuters Limited 1997</copyright>
<metadata>
<codes class="bip:countries:1.0">
  <code code="USA">
    <editdetail attribution="Reuters BIP Coding Group" action="confirmed" date="1997-07-30"/>
  </code>
</codes>
<codes class="bip:industries:1.0">
  <code code="I47500">
    <editdetail attribution="Reuters BIP Coding Group" action="confirmed" date="1997-07-30"/>
  </code>
</codes>
<codes class="bip:topics:1.0">
  <code code="C15">
    <editdetail attribution="Reuters BIP Coding Group" action="confirmed" date="1997-07-30"/>
  </code>
  <code code="C151">
    <editdetail attribution="Reuters BIP Coding Group" action="confirmed" date="1997-07-30"/>
  </code>
  <code code="CCAT">
    <editdetail attribution="Reuters BIP Coding Group" action="confirmed" date="1997-07-30"/>
  </code>
</codes>
<dc element="dc.date.created" value="1997-07-30"/>
<dc element="dc.publisher" value="Reuters Holdings Plc"/>
<dc element="dc.date.published" value="1997-07-30"/>
<dc element="dc.source" value="Reuters"/>
<dc element="dc.creator.location" value="ATLANTA"/>
<dc element="dc.creator.location.country.name" value="USA"/>
<dc element="dc.source" value="Reuters"/>
</metadata>
</newsitem>
