<?xml version="1.0" encoding="iso-8859-1" ?>
<newsitem itemid="765182" id="root" date="1997-07-30" xml:lang="en">
<title>USA: TABLE-Penn Engineering Q2 net income falls.</title>
<headline>TABLE-Penn Engineering Q2 net income falls.</headline>
<dateline>DANBORO, Pa. 1997-07-30</dateline>
<text>
<p>Penn Engineering &amp; Manufacturing Corp</p>
<p>			  Three Months Ended	  Six Months Ended</p>
<p>		     June 30,     June 30,    June 30,    June 30,</p>
<p>			 1997	   1996	  1997	  1996</p>
<p>    Net Sales     $41,974	$41,482     $80,990     $80,511</p>
<p>Operating Earnings</p>
<p>			$5,437	 $6,214	$9,915     $10,717</p>
<p>    Net Income    $3,560	 $3,931	$6,535	$6,839</p>
<p>Earnings Per Share</p>
<p>			$0.41	  $0.58	 $0.75	 $1.00</p>
<p>Weighted Average Shares Outstanding</p>
<p>			8,689	  6,828	 8,684	 6,828</p>
<p>		     Amounts in Thousands, Except Per Share Data</p>
<p>NOTE: -- Today the Board of Directors increased the quarterly cash dividend to 11 cents per share, a ten percent increase, and declared a dividend payable October 7, 1997, to shareholders of record, September 15, 1997.</p>
</text>
<copyright>(c) Reuters Limited 1997</copyright>
<metadata>
<codes class="bip:countries:1.0">
  <code code="USA">
    <editdetail attribution="Reuters BIP Coding Group" action="confirmed" date="1997-07-30"/>
  </code>
</codes>
<codes class="bip:topics:1.0">
  <code code="C15">
    <editdetail attribution="Reuters BIP Coding Group" action="confirmed" date="1997-07-30"/>
  </code>
  <code code="C151">
    <editdetail attribution="Reuters BIP Coding Group" action="confirmed" date="1997-07-30"/>
  </code>
  <code code="CCAT">
    <editdetail attribution="Reuters BIP Coding Group" action="confirmed" date="1997-07-30"/>
  </code>
</codes>
<dc element="dc.date.created" value="1997-07-30"/>
<dc element="dc.publisher" value="Reuters Holdings Plc"/>
<dc element="dc.date.published" value="1997-07-30"/>
<dc element="dc.source" value="Reuters"/>
<dc element="dc.creator.location" value="DANBORO, Pa."/>
<dc element="dc.creator.location.country.name" value="USA"/>
<dc element="dc.source" value="Reuters"/>
</metadata>
</newsitem>
