<?xml version="1.0" encoding="iso-8859-1" ?>
<newsitem itemid="765127" id="root" date="1997-07-30" xml:lang="en">
<title>USA: TABLE - AmWest Q2 results.</title>
<headline>TABLE - AmWest Q2 results.</headline>
<dateline>WOODLAND HILLS, Calif. 1997-07-30</dateline>
<text>
<p>AMWEST INSURANCE GROUP INC. AND SUBSIDIARIES</p>
<p>		    Consolidated Statements of Operations</p>
<p>		    (In thousands, except per-share data)</p>
<p>			 Three months ended  Six months ended</p>
<p>				   June 30,		June 30,</p>
<p>			     1997	 1996	 1997	 1996</p>
<p> Premiums written    $28,175    $25,749    $49,784    $48,957</p>
<p> Net premiums earned  21,781     21,535     43,227     43,370</p>
<p>Losses and loss-adjustment</p>
<p>  expenses		 7,983     11,830     15,050     21,901</p>
<p>Policy acquisition costs</p>
<p>			    10,151	9,069     20,973     18,556</p>
<p>General operating costs</p>
<p>			     3,269	3,287	6,172	7,115</p>
<p>Total underwriting expenses</p>
<p>			    21,403     24,186     42,195     47,572</p>
<p>Underwriting income (loss)</p>
<p>				 378    (2,651)	1,032    (4,202)</p>
<p> Interest expense	(242)	(307)	(389)	(545)</p>
<p>Collateral interest expense</p>
<p>			     (236)	(291)	(490)	(647)</p>
<p> Merger expense	     --	   --	   --	(710)</p>
<p> Lease-termination cost   --    (1,300)	   --    (1,300)</p>
<p>Net investment income</p>
<p>			     1,605	1,679	3,286	3,486</p>
<p>Net realized investment</p>
<p>  gains			348	  516	  985	1,541</p>
<p> Commissions and fees	5	   80	    5	  223</p>
<p>Income (loss) before income</p>
<p>  taxes		    1,858    (2,274)	4,429    (2,154)</p>
<p>Provision (benefit) for</p>
<p>  income taxes	     544	(963)	1,330	(929)</p>
<p> Net income (loss)     1,314    (1,311)	3,099    (1,225)</p>
<p>Earnings per common share:</p>
<p>Operating income (loss)</p>
<p>			   32 cts    (49 cts)    73 cts    (67 cts)</p>
<p>Net realized investment</p>
<p>   gains		   7 cts     10 cts     19 cts     30 cts</p>
<p>Net income (loss)</p>
<p>			   39 cts    (39 cts)    92 cts    (37 cts)</p>
<p>Weighted average shares</p>
<p>  outstanding	    3,395	3,353	3,376	3,348</p>
</text>
<copyright>(c) Reuters Limited 1997</copyright>
<metadata>
<codes class="bip:countries:1.0">
  <code code="USA">
    <editdetail attribution="Reuters BIP Coding Group" action="confirmed" date="1997-07-30"/>
  </code>
</codes>
<codes class="bip:industries:1.0">
  <code code="I82003">
    <editdetail attribution="Reuters BIP Coding Group" action="confirmed" date="1997-07-30"/>
  </code>
</codes>
<codes class="bip:topics:1.0">
  <code code="C15">
    <editdetail attribution="Reuters BIP Coding Group" action="confirmed" date="1997-07-30"/>
  </code>
  <code code="C151">
    <editdetail attribution="Reuters BIP Coding Group" action="confirmed" date="1997-07-30"/>
  </code>
  <code code="CCAT">
    <editdetail attribution="Reuters BIP Coding Group" action="confirmed" date="1997-07-30"/>
  </code>
</codes>
<dc element="dc.date.created" value="1997-07-30"/>
<dc element="dc.publisher" value="Reuters Holdings Plc"/>
<dc element="dc.date.published" value="1997-07-30"/>
<dc element="dc.source" value="Reuters"/>
<dc element="dc.creator.location" value="WOODLAND HILLS, Calif."/>
<dc element="dc.creator.location.country.name" value="USA"/>
<dc element="dc.source" value="Reuters"/>
</metadata>
</newsitem>
