<?xml version="1.0" encoding="iso-8859-1" ?>
<newsitem itemid="765130" id="root" date="1997-07-30" xml:lang="en">
<title>USA: Micrion adopts shareholder rights plan.</title>
<headline>Micrion adopts shareholder rights plan.</headline>
<dateline>PEABODY, Mass. 1997-07-30</dateline>
<text>
<p>Micrion Corp said Wednesday it has adopted a shareholder rights plan that would be triggered if any group or individual acquired at least 15 percent of its stock.</p>
<p>Under the plan, the company has declared a dividend of one preferred share purchase right for each share of Micrion's common stock outstanding as of the close of business on August 4.</p>
<p>Each right will entitle shareholders to purchase from Micrion one one-thousandth of a share of Series A Junior Preferred Stock at an exercise price of $90.  </p>
<p>Micrion said the adoption of the rights plan was not a response &quot;to any takeover offer, either real or anticipated.&quot;</p>
<p>Initially, the rights will trade together with Micrion's common stock and will not be exercisable. The rights will become exercisable following the 10th business day after the announcement that a person or group has acquired 15 percent or more of Micrion's common stock, or following the 10th business day after the announcement of a tender or exchange offer.</p>
<p>The rights expire July 30, 2007, unless redeemed earlier by Micrion's board of directors.</p>
<p>If the rights become exercisable, each right not owned by a person or group holding 15 percent or more of Micrion's common stock will entitle its owner to purchase, at the right's then-current exercise price, that number of shares of Micrion common stock having a market value at that time equal to twice the right's then-current exercise price.</p>
<p>((-- New York Newsdesk 212-859-1610))</p>
</text>
<copyright>(c) Reuters Limited 1997</copyright>
<metadata>
<codes class="bip:countries:1.0">
  <code code="USA">
    <editdetail attribution="Reuters BIP Coding Group" action="confirmed" date="1997-07-30"/>
  </code>
</codes>
<codes class="bip:industries:1.0">
  <code code="I34531">
    <editdetail attribution="Reuters BIP Coding Group" action="confirmed" date="1997-07-30"/>
  </code>
</codes>
<codes class="bip:topics:1.0">
  <code code="C11">
    <editdetail attribution="Reuters BIP Coding Group" action="confirmed" date="1997-07-30"/>
  </code>
  <code code="C17">
    <editdetail attribution="Reuters BIP Coding Group" action="confirmed" date="1997-07-30"/>
  </code>
  <code code="C171">
    <editdetail attribution="Reuters BIP Coding Group" action="confirmed" date="1997-07-30"/>
  </code>
  <code code="CCAT">
    <editdetail attribution="Reuters BIP Coding Group" action="confirmed" date="1997-07-30"/>
  </code>
</codes>
<dc element="dc.date.created" value="1997-07-30"/>
<dc element="dc.publisher" value="Reuters Holdings Plc"/>
<dc element="dc.date.published" value="1997-07-30"/>
<dc element="dc.source" value="Reuters"/>
<dc element="dc.creator.location" value="PEABODY, Mass."/>
<dc element="dc.creator.location.country.name" value="USA"/>
<dc element="dc.source" value="Reuters"/>
</metadata>
</newsitem>
