<?xml version="1.0" encoding="iso-8859-1" ?>
<newsitem itemid="765183" id="root" date="1997-07-30" xml:lang="en">
<title>USA: TABLE-Taubman Centers Inc Q2 FFO, net rise.</title>
<headline>TABLE-Taubman Centers Inc Q2 FFO, net rise.</headline>
<dateline>BLOOMFIELD HILLS, Mich. 1997-07-30</dateline>
<text>
<p>Three months ended</p>
<p> TAUBMAN CENTERS, INC.				   June 30</p>
<p>							  1997	  1996</p>
<p>	     (in thousands of dollars, except as indicated)</p>
<p> Equity in TRG's net income		     6,088	 4,583</p>
<p> Other (net)					  (174)	 (185)</p>
<p> Net income					   5,914	 4,398</p>
<p> Net income per share				0.12	  0.10</p>
<p> Funds from Operations(a)			12,508	10,110</p>
<p> Funds from Operations per share		 0.25	  0.23</p>
<p>Weighted average number of shares</p>
<p>  outstanding				  50,724,665  44,098,113</p>
<p>							 Six Months Ended</p>
<p>								 June 30</p>
<p>							  1997	  1996</p>
<p>	    (in thousands of dollars, except as indicated)</p>
<p> Equity in TRG's net income		    12,694	 9,997</p>
<p> Other (net)					  (355)	 (355)</p>
<p> Net income					  12,339	 9,642</p>
<p> Net income per share				0.24	  0.22</p>
<p> Funds from Operations(a)			25,489	21,003</p>
<p> Funds from Operations per share		 0.50	  0.48</p>
<p>Weighted average number of shares</p>
<p>  outstanding				  50,722,523  44,104,672</p>
<p>NOTE: Taubman Centers, a real estate investment trust, is the managing general partner of the Taubman Realty Group LP.</p>
<p>	  ((--Chicago newsdesk, 312-408-8787))</p>
</text>
<copyright>(c) Reuters Limited 1997</copyright>
<metadata>
<codes class="bip:countries:1.0">
  <code code="USA">
    <editdetail attribution="Reuters BIP Coding Group" action="confirmed" date="1997-07-30"/>
  </code>
</codes>
<codes class="bip:industries:1.0">
  <code code="I85000">
    <editdetail attribution="Reuters BIP Coding Group" action="confirmed" date="1997-07-30"/>
  </code>
  <code code="I8500029">
    <editdetail attribution="Reuters BIP Coding Group" action="confirmed" date="1997-07-30"/>
  </code>
</codes>
<codes class="bip:topics:1.0">
  <code code="C15">
    <editdetail attribution="Reuters BIP Coding Group" action="confirmed" date="1997-07-30"/>
  </code>
  <code code="C151">
    <editdetail attribution="Reuters BIP Coding Group" action="confirmed" date="1997-07-30"/>
  </code>
  <code code="CCAT">
    <editdetail attribution="Reuters BIP Coding Group" action="confirmed" date="1997-07-30"/>
  </code>
</codes>
<dc element="dc.date.created" value="1997-07-30"/>
<dc element="dc.publisher" value="Reuters Holdings Plc"/>
<dc element="dc.date.published" value="1997-07-30"/>
<dc element="dc.source" value="Reuters"/>
<dc element="dc.creator.location" value="BLOOMFIELD HILLS, Mich."/>
<dc element="dc.creator.location.country.name" value="USA"/>
<dc element="dc.source" value="Reuters"/>
</metadata>
</newsitem>
