<?xml version="1.0" encoding="iso-8859-1" ?>
<newsitem itemid="765178" id="root" date="1997-07-30" xml:lang="en">
<title>USA: TABLE - Xetel Corp Q1 net drops.</title>
<headline>TABLE - Xetel Corp Q1 net drops.</headline>
<dateline>AUSTIN, Texas 1997-07-30</dateline>
<text>
<p>XETEL CORPORATION</p>
<p>				 STATEMENT OF OPERATIONS</p>
<p>		    (in thousands, except per share amounts)</p>
<p>						     Three Months Ended</p>
<p>							   Jun 28,  Jun 29,</p>
<p>								1997     1996</p>
<p> Net sales					    $ 24,467 $ 28,262</p>
<p> Cost of sales					  22,171   25,356</p>
<p> Gross profit					    2,296    2,906</p>
<p> Selling, general and administrative expenses  1,624    1,602</p>
<p> Income from operations				  672    1,304</p>
<p> Interest income (expense), net			 61	 51</p>
<p> Income before income taxes			    733    1,355</p>
<p> Provision for income taxes			    278	509</p>
<p> Net income						  455	846</p>
<p> Net income per share				   0.05     0.09</p>
<p> Weighted average shares outstanding	     9,638    9,503</p>
<p>				    XETEL CORPORATION</p>
<p>				BALANCE SHEET</p>
<p>			  (in thousands, except share data)</p>
<p>ASSETS</p>
<p>						     Jun 28,	Mar 29,</p>
<p>							  1997	   1997</p>
<p>Current assets:</p>
<p>   Cash and cash equivalents		$  6,294     $  7,032</p>
<p>Trade accounts receivable, net</p>
<p>of allowance for doubtful</p>
<p>accounts of $240 and $240,</p>
<p>     respectively				 14,287	 13,886</p>
<p>   Inventories				    12,166	 10,499</p>
<p>   Prepaid expenses and other		  1,107	  1,836</p>
<p>     Total current assets		     33,854	 33,253</p>
<p> Property and equipment, net		   7,710	  5,599</p>
<p> Goodwill						897	    950</p>
<p>     Total assets				 42,461	 39,802</p>
<p>LIABILITIES AND STOCKHOLDERS' EQUITY</p>
<p>Current liabilities:</p>
<p>   Trade accounts payable		     10,383	  9,940</p>
<p>Accrued expenses and</p>
<p>     other liabilities			   3,319	  2,929</p>
<p>     Total current liabilities		13,702	 12,869</p>
<p> Deferred income taxes			     230	    230</p>
<p> Long term debt				    1,380	     42</p>
<p>Commitments</p>
<p>Stockholders' equity:</p>
<p>Common stock, $0.0001 par value,</p>
<p>25,000,000 shares authorized, 8,838,185</p>
<p>and 8,816,085 shares issued and</p>
<p>8,817,689 and 8,795,589 shares</p>
<p>     outstanding, respectively		21,027	 20,998</p>
<p> Retained earnings				 6,451	  5,996</p>
<p> Deferred compensation			   (329)	  (333)</p>
<p>     Total stockholders' equity	     27,149	 26,661</p>
<p>Total liabilities and</p>
<p>	 stockholders' equity		   42,461	 39,802</p>
<p>-- New York Newsdesk 212 859-1610</p>
</text>
<copyright>(c) Reuters Limited 1997</copyright>
<metadata>
<codes class="bip:countries:1.0">
  <code code="USA">
    <editdetail attribution="Reuters BIP Coding Group" action="confirmed" date="1997-07-30"/>
  </code>
</codes>
<codes class="bip:industries:1.0">
  <code code="I34350">
    <editdetail attribution="Reuters BIP Coding Group" action="confirmed" date="1997-07-30"/>
  </code>
</codes>
<codes class="bip:topics:1.0">
  <code code="C15">
    <editdetail attribution="Reuters BIP Coding Group" action="confirmed" date="1997-07-30"/>
  </code>
  <code code="C151">
    <editdetail attribution="Reuters BIP Coding Group" action="confirmed" date="1997-07-30"/>
  </code>
  <code code="CCAT">
    <editdetail attribution="Reuters BIP Coding Group" action="confirmed" date="1997-07-30"/>
  </code>
</codes>
<dc element="dc.date.created" value="1997-07-30"/>
<dc element="dc.publisher" value="Reuters Holdings Plc"/>
<dc element="dc.date.published" value="1997-07-30"/>
<dc element="dc.source" value="Reuters"/>
<dc element="dc.creator.location" value="AUSTIN, Texas"/>
<dc element="dc.creator.location.country.name" value="USA"/>
<dc element="dc.source" value="Reuters"/>
</metadata>
</newsitem>
