<?xml version="1.0" encoding="iso-8859-1" ?>
<newsitem itemid="765103" id="root" date="1997-07-30" xml:lang="en">
<title>USA: TABLE - Riverview Savings Q1 results.</title>
<headline>TABLE - Riverview Savings Q1 results.</headline>
<dateline>CAMAS, Wash. 1997-07-30</dateline>
<text>
<p>SUMMARY INCOME STATEMENT</p>
<p>			THREE MONTHS ENDED JUNE 30, 1997 &amp; 1996</p>
<p>					  (Unaudited)</p>
<p>					   Three Months Ended</p>
<p>						  June 30</p>
<p>						  1997	    1996</p>
<p> Total Interest Income	    $ 4,623,000   $ 4,212,000</p>
<p> Total Interest Expense	   (2,250,000)   (2,166,000)</p>
<p>     Net Interest Income	    2,373,000     2,046,000</p>
<p> Non-Interest Income		    469,000	 437,000</p>
<p> Non-interest Expense	     (1,662,000)   (1,473,000)</p>
<p> Provision for loan losses	   (45,000)	(45,000)</p>
<p> Federal Income Taxes		 (390,000)     (330,000)</p>
<p>     Net Income			   745,000	 635,000</p>
<p>     Earnings Per Share		    0.31	    0.27</p>
<p>Weighted average number</p>
<p>  of shares outstanding	     2,383,698     2,370,889</p>
</text>
<copyright>(c) Reuters Limited 1997</copyright>
<metadata>
<codes class="bip:countries:1.0">
  <code code="USA">
    <editdetail attribution="Reuters BIP Coding Group" action="confirmed" date="1997-07-30"/>
  </code>
</codes>
<codes class="bip:industries:1.0">
  <code code="I81402">
    <editdetail attribution="Reuters BIP Coding Group" action="confirmed" date="1997-07-30"/>
  </code>
</codes>
<codes class="bip:topics:1.0">
  <code code="C15">
    <editdetail attribution="Reuters BIP Coding Group" action="confirmed" date="1997-07-30"/>
  </code>
  <code code="C151">
    <editdetail attribution="Reuters BIP Coding Group" action="confirmed" date="1997-07-30"/>
  </code>
  <code code="CCAT">
    <editdetail attribution="Reuters BIP Coding Group" action="confirmed" date="1997-07-30"/>
  </code>
</codes>
<dc element="dc.date.created" value="1997-07-30"/>
<dc element="dc.publisher" value="Reuters Holdings Plc"/>
<dc element="dc.date.published" value="1997-07-30"/>
<dc element="dc.source" value="Reuters"/>
<dc element="dc.creator.location" value="CAMAS, Wash."/>
<dc element="dc.creator.location.country.name" value="USA"/>
<dc element="dc.source" value="Reuters"/>
</metadata>
</newsitem>
