<?xml version="1.0" encoding="iso-8859-1" ?>
<newsitem itemid="765173" id="root" date="1997-07-30" xml:lang="en">
<title>USA: TABLE - InVision Q2 results.</title>
<headline>TABLE - InVision Q2 results.</headline>
<dateline>FOSTER CITY, Calif. 1997-07-30</dateline>
<text>
<p>Technologies, Inc.</p>
<p>			 Condensed Statements of Operations</p>
<p>		    (in thousands, except per share amounts)</p>
<p>				     (Unaudited)</p>
<p>							 Three months ended</p>
<p>								 June 30,</p>
<p>							  1997	   1996</p>
<p> Revenues					  $ 13,408    $  3,555</p>
<p> Cost of revenues				   6,693	 2,188</p>
<p>	    Gross Profit			    6,715	 1,367</p>
<p>Operating expenses:</p>
<p>	    Research and development	    2,241	   481</p>
<p>	    Sales and marketing		   1,459	   638</p>
<p>	    General and administrative	  1,220	   674</p>
<p>	    Total operating expenses	    4,920	 1,793</p>
<p> Income (loss) from operations		  1,795	 (426)</p>
<p> Interest expense				    (41)	 (455)</p>
<p> Other income, net				    163	    51</p>
<p>	    Income before taxes		   1,917	 (830)</p>
<p> Provision for income taxes			 343	    --</p>
<p>	    Net income (loss)		     1,574	 (830)</p>
<p> Net income (loss) per share		     0.14	(0.11)</p>
<p> Weighted average shares outstanding(a)    11,188	 7,816</p>
<p>							  Six months ended</p>
<p>								June 30,</p>
<p>							   1997	  1996</p>
<p> Revenues					  $ 22,785    $  7,477</p>
<p> Cost of revenues				  11,401	 4,641</p>
<p>	    Gross Profit			   11,384	 2,836</p>
<p>Operating expenses:</p>
<p>	    Research and development	    3,574	 1,066</p>
<p>	    Sales and marketing		   2,692	 1,235</p>
<p>	    General and administrative	  2,563	 1,146</p>
<p>	    Total operating expenses	    8,829	 3,447</p>
<p> Income (loss) from operations		  2,555	 (611)</p>
<p> Interest expense				    (51)     (1,495)</p>
<p> Other income, net				    186	    61</p>
<p>	    Income before taxes		   2,690     (2,045)</p>
<p> Provision for income taxes			 474	    --</p>
<p>	    Net income (loss)		     2,216     (2,045)</p>
<p> Net income (loss) per share		     0.21	(0.28)</p>
<p> Weighted average shares outstanding(a)    10,730	 7,499</p>
<p>(a) Shares outstanding reflect the 2-for-1 stock split effective as of February 7, 1997</p>
</text>
<copyright>(c) Reuters Limited 1997</copyright>
<metadata>
<codes class="bip:countries:1.0">
  <code code="USA">
    <editdetail attribution="Reuters BIP Coding Group" action="confirmed" date="1997-07-30"/>
  </code>
</codes>
<codes class="bip:industries:1.0">
  <code code="I34420">
    <editdetail attribution="Reuters BIP Coding Group" action="confirmed" date="1997-07-30"/>
  </code>
</codes>
<codes class="bip:topics:1.0">
  <code code="C15">
    <editdetail attribution="Reuters BIP Coding Group" action="confirmed" date="1997-07-30"/>
  </code>
  <code code="C151">
    <editdetail attribution="Reuters BIP Coding Group" action="confirmed" date="1997-07-30"/>
  </code>
  <code code="CCAT">
    <editdetail attribution="Reuters BIP Coding Group" action="confirmed" date="1997-07-30"/>
  </code>
</codes>
<dc element="dc.date.created" value="1997-07-30"/>
<dc element="dc.publisher" value="Reuters Holdings Plc"/>
<dc element="dc.date.published" value="1997-07-30"/>
<dc element="dc.source" value="Reuters"/>
<dc element="dc.creator.location" value="FOSTER CITY, Calif."/>
<dc element="dc.creator.location.country.name" value="USA"/>
<dc element="dc.source" value="Reuters"/>
</metadata>
</newsitem>
