<?xml version="1.0" encoding="iso-8859-1" ?>
<newsitem itemid="765123" id="root" date="1997-07-30" xml:lang="en">
<title>USA: A.M. Best upgrades Ace Ltd's rating to A+.</title>
<headline>A.M. Best upgrades Ace Ltd's rating to A+.</headline>
<dateline>OLDWICK, N.J. 1997-07-30</dateline>
<text>
<p>A.M. Best Co said Wednesday it has upgraded ACE Ltd and its group members to A-plus (Superior) from A (Excellent), effective immediately.</p>
<p>A.M. Best said the A-plus rating reflects the group's strong market position as a lead provider of large program limits to Fortune 1000 companies, global market position and product diversity. It also reflects the group's strong management team, superior underwriting results and strong balance sheet, A.M. Best said.</p>
<p>AM Best said that over the past five years, the group has averaged an annual premium growth rate of 19.6 percent and retained 90.0 percent of its insureds.</p>
<p>In 1996, it generated superior underwriting results with a combined ratio of 94.8 percent, it said.</p>
<p>The group had a strong balance sheet with $2.2 billion in shareholder's equity supporting $602.7 million in premium writings, and $1.8 billion in reserves as of September 30, 1996, the company said.</p>
</text>
<copyright>(c) Reuters Limited 1997</copyright>
<metadata>
<codes class="bip:countries:1.0">
  <code code="USA">
    <editdetail attribution="Reuters BIP Coding Group" action="confirmed" date="1997-07-30"/>
  </code>
</codes>
<codes class="bip:industries:1.0">
  <code code="I82000">
    <editdetail attribution="Reuters BIP Coding Group" action="confirmed" date="1997-07-30"/>
  </code>
</codes>
<codes class="bip:topics:1.0">
  <code code="C17">
    <editdetail attribution="Reuters BIP Coding Group" action="confirmed" date="1997-07-30"/>
  </code>
  <code code="C174">
    <editdetail attribution="Reuters BIP Coding Group" action="confirmed" date="1997-07-30"/>
  </code>
  <code code="CCAT">
    <editdetail attribution="Reuters BIP Coding Group" action="confirmed" date="1997-07-30"/>
  </code>
</codes>
<dc element="dc.date.created" value="1997-07-30"/>
<dc element="dc.publisher" value="Reuters Holdings Plc"/>
<dc element="dc.date.published" value="1997-07-30"/>
<dc element="dc.source" value="Reuters"/>
<dc element="dc.creator.location" value="OLDWICK, N.J."/>
<dc element="dc.creator.location.country.name" value="USA"/>
<dc element="dc.source" value="Reuters"/>
</metadata>
</newsitem>
