<?xml version="1.0" encoding="iso-8859-1" ?>
<newsitem itemid="765129" id="root" date="1997-07-30" xml:lang="en">
<title>USA: General Semiconductor Q2 net loss narrows.</title>
<headline>General Semiconductor Q2 net loss narrows.</headline>
<dateline>MELVILLE, N.Y. 1997-07-30</dateline>
<text>
<p>General Semiconductor Inc</p>
<p>			    Three Months Ended    Three Months Ended</p>
<p>				   June 30,		  June 30,</p>
<p>				1997	1996	 1997	 1996</p>
<p>NET SALES	     $  95,511 $ 100,002  $ 95,511   $ 100,002</p>
<p>OPERATING INCOME (LOSS)</p>
<p>			  $(7,599)   27,296    (7,599) (B) 27,296</p>
<p>INCOME (LOSS) FROM CONTINUING</p>
<p>   OPERATIONS	 $(9,416)   14,601  $(11,068) (B) $13,259</p>
<p>DISCONTINUED OPERATIONS - NET</p>
<p>			  $1,234   (72,690)</p>
<p>NET LOSS		$ (8,182) $(58,089)</p>
<p>Weighted Average Shares</p>
<p> Outstanding (C)    34,433    32,102   36,908  (A)  36,984 (A)</p>
<p>Primary earnings (loss)</p>
<p>per share:</p>
<p>Continuing operations</p>
<p>			   $(0.27)  $0.45    $(0.30) (B)  $ 0.36</p>
<p>Discontinued operations</p>
<p>			   $0.03    $(2.26)</p>
<p>			   (0.24)    (1.81)</p>
<p>Fully diluted earnings (loss)</p>
<p>per share (D):</p>
<p>Continuing operations</p>
<p>			   $  (0.27) $   0.42</p>
<p>NOTE: Company issued pro forma results to reflect the spin-off of NextLevel Systems Inc and CommScope Inc from the General Instrument Co on July 28.  General Instrument then changed its name to General Semiconductor.</p>
<p>(A) - Pro forma information assumes the conversion of the convertible notes and a net debt level of $275.0 million at the beginning of all periods presented.</p>
<p>(B) - Excluding the $26.4 million ($19.8 million net of tax) of charges related to the restructuring (primarily employee costs related to the separation of the Company's Taiwan operations and costs directly related to the spin-off), pro forma operating income and income from continuing operations would have been $18.8 million and $8.7 million ($0.24 per share), respectively, for the three months ended June 30, 1997.  These costs include $25.4 million charged to cost of sales and $1.0 million charged to selling, general and administrative expense.</p>
<p>(C) - All share information has been retroactively restated to reflect the 1 for 4 reverse stock split effected at the time of the spin-off.</p>
<p>(D) - Fully diluted earnings (loss) per share for discontinued operations and net loss per share are anti-dilutive and therefore are not presented.</p>
<p>							Historical</p>
<p>						  Six Months Ended</p>
<p>						     June 30,</p>
<p>						1997	     1996</p>
<p>NET SALES				 $ 180,880    $ 197,904</p>
<p>OPERATING INCOME (LOSS)		  (2,057)	50,452</p>
<p>INCOME (LOSS) FROM CONTINUING</p>
<p> OPERATIONS BEFORE INCOME TAXES	(7,386)	45,225</p>
<p>INCOME (LOSS) FROM CONTINUING</p>
<p> OPERATIONS				  (8,709)	26,818</p>
<p>DISCONTINUED OPERATIONS - NET	  18,210	(53,742)</p>
<p>NET INCOME (LOSS)		     $   9,501    $ (26,924)</p>
<p>Weighted Average Shares</p>
<p> Outstanding (C)			   34,394	 31,849</p>
<p>Primary earnings (loss)</p>
<p>per share:</p>
<p> Continuing operations		$   (0.25)   $    0.84</p>
<p> Discontinued operations		   0.53	  (1.69)</p>
<p>					    $    0.28    $   (0.85)</p>
<p>Fully diluted earnings</p>
<p>(loss) per share (D):</p>
<p> Continuing operations		$   (0.25)   $    0.77</p>
<p>						     Pro Forma (A)</p>
<p>						    Six Months Ended</p>
<p>								 June 30,</p>
<p>						   1997	    1996</p>
<p>NET SALES				 $ 180,880	 $197,904</p>
<p>OPERATING INCOME (LOSS)		  (2,057)(B)     50,452</p>
<p>INCOME (LOSS) FROM CONTINUING</p>
<p>INCOME (LOSS) FROM CONTINUING</p>
<p> OPERATIONS			     $(11,519)(B)    $24,013</p>
<p>NET INCOME (LOSS)</p>
<p>Weighted Average Shares</p>
<p> Outstanding (C)			36,886(A)	 36,938(A)</p>
<p>Primary earnings (loss)</p>
<p>per share:</p>
<p> Continuing operations		$(0.31)(B)	 $0.65</p>
<p>Discontinued operations</p>
<p>Fully diluted earnings</p>
<p>(loss) per share (D):</p>
<p>Continuing operations</p>
<p>(A) - Pro forma information assumes the conversion of the convertible notes and a net debt level of $275.0 million at the beginning of all periods presented.</p>
<p>(B) - Excluding the $33.8 million ($25.3 million net of tax) of charges related to the restructuring (primarily employee costs related to the separation of the Company's Taiwan operations and costs directly related to the spin-off), pro forma operating income and pro forma income from continuing operations would have been $31.7 million and $13.8 million ($0.37 per share), respectively, for the six months ended June 30, 1997. These costs include $32.7 million charged to cost of sales and $1.1 million charged to selling, general and administrative expense.</p>
<p>(C) - All share information has been retroactively restated to reflect the 1 for 4 reverse stock split effected at the time of the spin-off.</p>
<p>(D) - Fully diluted earnings (loss) per share for discontinued operations and net income (loss) per share are anti-dilutive and therefore are not presented.</p>
<p>(Unaudited - In Thousands, Except Per Share Information)</p>
<p>((--New York Newsdesk 212-859-1700))</p>
</text>
<copyright>(c) Reuters Limited 1997</copyright>
<metadata>
<codes class="bip:countries:1.0">
  <code code="USA">
    <editdetail attribution="Reuters BIP Coding Group" action="confirmed" date="1997-07-30"/>
  </code>
</codes>
<codes class="bip:topics:1.0">
  <code code="C15">
    <editdetail attribution="Reuters BIP Coding Group" action="confirmed" date="1997-07-30"/>
  </code>
  <code code="C151">
    <editdetail attribution="Reuters BIP Coding Group" action="confirmed" date="1997-07-30"/>
  </code>
  <code code="CCAT">
    <editdetail attribution="Reuters BIP Coding Group" action="confirmed" date="1997-07-30"/>
  </code>
</codes>
<dc element="dc.date.created" value="1997-07-30"/>
<dc element="dc.publisher" value="Reuters Holdings Plc"/>
<dc element="dc.date.published" value="1997-07-30"/>
<dc element="dc.source" value="Reuters"/>
<dc element="dc.creator.location" value="MELVILLE, N.Y."/>
<dc element="dc.creator.location.country.name" value="USA"/>
<dc element="dc.source" value="Reuters"/>
</metadata>
</newsitem>
