<?xml version="1.0" encoding="iso-8859-1" ?>
<newsitem itemid="765196" id="root" date="1997-07-30" xml:lang="en">
<title>USA: TABLE - American Pacific Corp Q3 results.</title>
<headline>TABLE - American Pacific Corp Q3 results.</headline>
<dateline>LAS VEGAS 1997-07-30</dateline>
<text>
<p>AMERICAN PACIFIC CORPORATION</p>
<p>		Condensed Consolidated Statements of Operations</p>
<p>			 For the three-months  For the nine-months</p>
<p>			    ended June 30,	  ended June 30,</p>
<p>			   1997	 1996	   1997	 1996</p>
<p>Sales and Operating</p>
<p>  Revenues    $12,767,000 $10,617,000  $30,545,000$31,373,000</p>
<p>Cost of Sales</p>
<p>		   10,434,000   8,293,000   25,542,000 24,346,000</p>
<p>Gross Profit</p>
<p>		    2,333,000   2,324,000    5,003,000  7,027,000</p>
<p>Operating Expenses</p>
<p>		    2,304,000   2,035,000    6,936,000  6,941,000</p>
<p>Equity in Earnings of</p>
<p>  Real Estate Venture  --     600,000	100,000    600,000</p>
<p>Operating Income (Loss)</p>
<p>			 29,000     889,000  (1,833,000)    686,000</p>
<p>Net Interest and Other</p>
<p>  Expense	   202,000     357,000	735,000  1,215,000</p>
<p>Income (Loss) Before Provision</p>
<p>(Credit) for Income Taxes (173,000)</p>
<p>					532,000  (2,568,000)  (529,000)</p>
<p>Provision (Credit) for</p>
<p>  Income Taxes   (59,000)     181,000    (875,000)  (180,000)</p>
<p>Net Income (Loss)</p>
<p>		    (114,000)     351,000  (1,693,000)  (349,000)</p>
<p>Net Income (Loss) Per</p>
<p>  Common Share	(.02)	   .04	  (.21)	(.04)</p>
<p>Weighted Average Common</p>
<p>and Common Equivalent</p>
<p>Shares Outstanding</p>
<p>		    8,098,000   8,142,000    8,098,000  8,105,000</p>
</text>
<copyright>(c) Reuters Limited 1997</copyright>
<metadata>
<codes class="bip:countries:1.0">
  <code code="USA">
    <editdetail attribution="Reuters BIP Coding Group" action="confirmed" date="1997-07-30"/>
  </code>
</codes>
<codes class="bip:industries:1.0">
  <code code="I25000">
    <editdetail attribution="Reuters BIP Coding Group" action="confirmed" date="1997-07-30"/>
  </code>
</codes>
<codes class="bip:topics:1.0">
  <code code="C15">
    <editdetail attribution="Reuters BIP Coding Group" action="confirmed" date="1997-07-30"/>
  </code>
  <code code="C151">
    <editdetail attribution="Reuters BIP Coding Group" action="confirmed" date="1997-07-30"/>
  </code>
  <code code="CCAT">
    <editdetail attribution="Reuters BIP Coding Group" action="confirmed" date="1997-07-30"/>
  </code>
</codes>
<dc element="dc.date.created" value="1997-07-30"/>
<dc element="dc.publisher" value="Reuters Holdings Plc"/>
<dc element="dc.date.published" value="1997-07-30"/>
<dc element="dc.source" value="Reuters"/>
<dc element="dc.creator.location" value="LAS VEGAS"/>
<dc element="dc.creator.location.country.name" value="USA"/>
<dc element="dc.source" value="Reuters"/>
</metadata>
</newsitem>
