<?xml version="1.0" encoding="iso-8859-1" ?>
<newsitem itemid="765112" id="root" date="1997-07-30" xml:lang="en">
<title>USA: TABLE - Resource Bancshares Q2 rises.</title>
<headline>TABLE - Resource Bancshares Q2 rises.</headline>
<dateline>COLUMBIA, S.C. 1997-07-30</dateline>
<text>
<p>($ IN THOUSANDS EXCEPT SHARE AMOUNTS)</p>
<p>				SIX MONTHS ENDED    QUARTER ENDED</p>
<p>				    JUNE 30,	     JUNE 30,</p>
<p>				1997	1996	 1997	 1996</p>
<p>REVENUES</p>
<p> INTEREST INCOME     $31,688    $35,301    $18,233    $16,856</p>
<p> INTEREST EXPENSE   (22,231)   (27,021)   (12,511)   (11,819)</p>
<p> NET INTEREST INCOME   9,457	8,280	5,722	5,037</p>
<p>NET GAIN ON SALE OF MORTGAGE</p>
<p>  LOANS		   42,250     40,036     25,223     21,503</p>
<p>GAIN ON SALE OF MORTGAGE</p>
<p> SERVICING RIGHTS	2,711	  189	1,220	  123</p>
<p> LOAN SERVICING FEES  15,338     13,859	7,803	6,729</p>
<p> OTHER INCOME		620	  298	  351	  220</p>
<p>	     TOTAL REVENUES  70,376  62,662   40,319     33,612</p>
<p>EXPENSES</p>
<p>SALARY AND EMPLOYEE BENEFITS</p>
<p>			    27,144     25,515     14,880     12,849</p>
<p> OCCUPANCY EXPENSE     3,442	2,640	1,850	1,364</p>
<p>AMORTIZATION OF MORTGAGE</p>
<p> SERVICING RIGHTS	8,833	7,316	4,725	3,646</p>
<p>GENERAL AND ADMINISTRATIVE</p>
<p> EXPENSES		 11,743	9,750	6,868	5,563</p>
<p>	     TOTAL EXPENSES  51,162  45,221   28,323     23,422</p>
<p>INCOME BEFORE INCOME TAXES</p>
<p>			    19,214     17,441     11,996     10,190</p>
<p> INCOME TAX EXPENSE  (7,373)    (6,714)    (4,625)    (3,923)</p>
<p>	     NET INCOME  11,841    10,727	7,371	6,267</p>
<p>WEIGHTED AVERAGE SHARES *</p>
<p>			19,831,581 17,534,817 20,108,839 19,058,888</p>
<p> EARNINGS PER SHARE     0.60	 0.61	 0.37	 0.33</p>
<p>NOTE - * The provisions of Accounting Principles Board</p>
<p>Opinion No. 15, &quot;Earnings per Share&quot; required that the</p>
<p>Company, effective for the first quarter of 1997, prospectively commence to report net income per common share on a primary earnings per share basis.</p>
<p>Accordingly, the weighted average shares outstanding for the second quarter of 1997 and the six months ended June 30, 1997 includes common stock equivalents while such equivalents are excluded for the comparable period of the prior year.</p>
<p>NOTE - Total assets at June 30, 1997 was $1.23 billion versus $1.03 billion at December 31, 1996.</p>
<p>Full company name is Resource Bancshares Mortgage Group Inc.</p>
<p>((-- New York Newsdesk 212-859-1610))</p>
</text>
<copyright>(c) Reuters Limited 1997</copyright>
<metadata>
<codes class="bip:countries:1.0">
  <code code="USA">
    <editdetail attribution="Reuters BIP Coding Group" action="confirmed" date="1997-07-30"/>
  </code>
</codes>
<codes class="bip:industries:1.0">
  <code code="I81501">
    <editdetail attribution="Reuters BIP Coding Group" action="confirmed" date="1997-07-30"/>
  </code>
</codes>
<codes class="bip:topics:1.0">
  <code code="C15">
    <editdetail attribution="Reuters BIP Coding Group" action="confirmed" date="1997-07-30"/>
  </code>
  <code code="C151">
    <editdetail attribution="Reuters BIP Coding Group" action="confirmed" date="1997-07-30"/>
  </code>
  <code code="CCAT">
    <editdetail attribution="Reuters BIP Coding Group" action="confirmed" date="1997-07-30"/>
  </code>
</codes>
<dc element="dc.date.created" value="1997-07-30"/>
<dc element="dc.publisher" value="Reuters Holdings Plc"/>
<dc element="dc.date.published" value="1997-07-30"/>
<dc element="dc.source" value="Reuters"/>
<dc element="dc.creator.location" value="COLUMBIA, S.C."/>
<dc element="dc.creator.location.country.name" value="USA"/>
<dc element="dc.source" value="Reuters"/>
</metadata>
</newsitem>
