<?xml version="1.0" encoding="iso-8859-1" ?>
<newsitem itemid="765172" id="root" date="1997-07-30" xml:lang="en">
<title>USA: TABLE-Consolidated Cigar Q2 net income rises.</title>
<headline>TABLE-Consolidated Cigar Q2 net income rises.</headline>
<dateline>FT. LAUDERDALE, Fla. 1997-07-30</dateline>
<text>
<p>Consolidated Cigar Holdings Inc</p>
<p>						  Second Quarter Ended</p>
<p>						 June 28,	 June 29,</p>
<p>						   1997	     1996</p>
<p>						---------	----------</p>
<p>Net sales				  $    76,377   $    51,975</p>
<p>Net income					13,204	   6,843</p>
<p>Net income</p>
<p>  per common share				0.43	    0.28</p>
<p>Weighted average common</p>
<p>  shares outstanding		    30,675,000    24,600,000</p>
<p>Pro forma net income</p>
<p>  per share (1)			  $	0.43   $	0.22</p>
<p>Pro forma weighted average</p>
<p>  common shares outstanding (1)     30,675,000    30,675,000</p>
<p>						     Six Months Ended</p>
<p>						   June 28,     June 29,</p>
<p>						     1997	   1996</p>
<p>						  ----------   ----------</p>
<p>Net sales				   $   132,265   $    92,200</p>
<p>Net income					 21,599	  11,177</p>
<p>Net income per common share		    0.70	    0.45</p>
<p>Weighted average common</p>
<p>  shares outstanding		     30,675,000    24,600,000</p>
<p>Pro forma net income</p>
<p>  per share (1)			   $	0.70   $	0.36</p>
<p>Pro forma weighted average</p>
<p>  common shares outstanding (1)	30,675,000    30,675,000</p>
<p>(1) Reflects Initial Public Offering as if it occurred on</p>
<p>January 1, 1996</p>
<p>	     (Dollars in thousands, except per share data)</p>
</text>
<copyright>(c) Reuters Limited 1997</copyright>
<metadata>
<codes class="bip:countries:1.0">
  <code code="USA">
    <editdetail attribution="Reuters BIP Coding Group" action="confirmed" date="1997-07-30"/>
  </code>
</codes>
<codes class="bip:industries:1.0">
  <code code="I42900">
    <editdetail attribution="Reuters BIP Coding Group" action="confirmed" date="1997-07-30"/>
  </code>
</codes>
<codes class="bip:topics:1.0">
  <code code="C15">
    <editdetail attribution="Reuters BIP Coding Group" action="confirmed" date="1997-07-30"/>
  </code>
  <code code="C151">
    <editdetail attribution="Reuters BIP Coding Group" action="confirmed" date="1997-07-30"/>
  </code>
  <code code="CCAT">
    <editdetail attribution="Reuters BIP Coding Group" action="confirmed" date="1997-07-30"/>
  </code>
</codes>
<dc element="dc.date.created" value="1997-07-30"/>
<dc element="dc.publisher" value="Reuters Holdings Plc"/>
<dc element="dc.date.published" value="1997-07-30"/>
<dc element="dc.source" value="Reuters"/>
<dc element="dc.creator.location" value="FT. LAUDERDALE, Fla."/>
<dc element="dc.creator.location.country.name" value="USA"/>
<dc element="dc.source" value="Reuters"/>
</metadata>
</newsitem>
