<?xml version="1.0" encoding="iso-8859-1" ?>
<newsitem itemid="765106" id="root" date="1997-07-30" xml:lang="en">
<title>USA: Chaparral board OKs merger offer.</title>
<headline>Chaparral board OKs merger offer.</headline>
<dateline>MIDLOTHIAN, Texas 1997-07-30</dateline>
<text>
<p>Chaparral Steel Co said Wednesday that its board of directors has approved an offer to merge with Texas Industries Inc.</p>
<p>The approval was based on the recommendation of the board-appointed Special Committee, it said.</p>
<p>Under the terms of the offer, holders of the publicly traded shares of Chaparral will, subject to a shareholder vote adopting the merger, receive cash consideration of $15.50 per share.</p>
<p>Texas Industries, which owns an 85 percent stake in Chaparral, put forth its unsolicited offer in mid-May.</p>
<p>Chaparral makes structural bar products from recycled steel. Texas Industries produces steel, cement, aggregates and concrete products.</p>
<p>((-- New York Newsdesk 212-859-1610))</p>
</text>
<copyright>(c) Reuters Limited 1997</copyright>
<metadata>
<codes class="bip:countries:1.0">
  <code code="USA">
    <editdetail attribution="Reuters BIP Coding Group" action="confirmed" date="1997-07-30"/>
  </code>
</codes>
<codes class="bip:industries:1.0">
  <code code="I22100">
    <editdetail attribution="Reuters BIP Coding Group" action="confirmed" date="1997-07-30"/>
  </code>
  <code code="I24000">
    <editdetail attribution="Reuters BIP Coding Group" action="confirmed" date="1997-07-30"/>
  </code>
</codes>
<codes class="bip:topics:1.0">
  <code code="C18">
    <editdetail attribution="Reuters BIP Coding Group" action="confirmed" date="1997-07-30"/>
  </code>
  <code code="C181">
    <editdetail attribution="Reuters BIP Coding Group" action="confirmed" date="1997-07-30"/>
  </code>
  <code code="CCAT">
    <editdetail attribution="Reuters BIP Coding Group" action="confirmed" date="1997-07-30"/>
  </code>
</codes>
<dc element="dc.date.created" value="1997-07-30"/>
<dc element="dc.publisher" value="Reuters Holdings Plc"/>
<dc element="dc.date.published" value="1997-07-30"/>
<dc element="dc.source" value="Reuters"/>
<dc element="dc.creator.location" value="MIDLOTHIAN, Texas"/>
<dc element="dc.creator.location.country.name" value="USA"/>
<dc element="dc.source" value="Reuters"/>
</metadata>
</newsitem>
