<?xml version="1.0" encoding="iso-8859-1" ?>
<newsitem itemid="765189" id="root" date="1997-07-30" xml:lang="en">
<title>USA: DePuy Inc Q2 full results.</title>
<headline>DePuy Inc Q2 full results.</headline>
<dateline>WARSAW, Ind. 1997-07-30</dateline>
<text>
<p>(Unaudited, in thousands, except per share data)</p>
<p>				 Three Months Ended  Six Months Ended</p>
<p>						   June 30,  June 30,</p>
<p>					1997     1996     1997     1996</p>
<p> Net sales		    $204,744 $175,935 $392,586 $349,014</p>
<p> Cost of sales		  67,439   53,098  123,440  106,516</p>
<p>   Gross profit		137,305  122,837  269,146  242,498</p>
<p>Selling, general and</p>
<p>   administrative expenses  76,634   64,971  146,165  128,228</p>
<p>Research and development</p>
<p>   expenses			7,809    4,969   13,641   10,004</p>
<p> Goodwill amortization	 4,412    3,537    7,591    6,592</p>
<p> Special items, net	    7,551	 --    8,459	 --</p>
<p>   Operating income	   40,899   49,360   93,290   97,674</p>
<p> Interest expense, affiliate   236    1,303	884    2,473</p>
<p> Interest expense, other     1,346	420    2,090	976</p>
</text>
<copyright>(c) Reuters Limited 1997</copyright>
<metadata>
<codes class="bip:countries:1.0">
  <code code="USA">
    <editdetail attribution="Reuters BIP Coding Group" action="confirmed" date="1997-07-30"/>
  </code>
</codes>
<codes class="bip:topics:1.0">
  <code code="C15">
    <editdetail attribution="Reuters BIP Coding Group" action="confirmed" date="1997-07-30"/>
  </code>
  <code code="C151">
    <editdetail attribution="Reuters BIP Coding Group" action="confirmed" date="1997-07-30"/>
  </code>
  <code code="CCAT">
    <editdetail attribution="Reuters BIP Coding Group" action="confirmed" date="1997-07-30"/>
  </code>
</codes>
<dc element="dc.date.created" value="1997-07-30"/>
<dc element="dc.publisher" value="Reuters Holdings Plc"/>
<dc element="dc.date.published" value="1997-07-30"/>
<dc element="dc.source" value="Reuters"/>
<dc element="dc.creator.location" value="WARSAW, Ind."/>
<dc element="dc.creator.location.country.name" value="USA"/>
<dc element="dc.source" value="Reuters"/>
</metadata>
</newsitem>
