<?xml version="1.0" encoding="iso-8859-1" ?>
<newsitem itemid="765191" id="root" date="1997-07-30" xml:lang="en">
<title>USA: TABLE-Optical Sensors Inc Q2 loss widens.</title>
<headline>TABLE-Optical Sensors Inc Q2 loss widens.</headline>
<dateline>MINNEAPOLIS 1997-07-30</dateline>
<text>
<p>Three Months Ended	Six Months ended</p>
<p>			    June 30,		   June 30,</p>
<p>			1997	  1996	   1997	   1996</p>
<p> Net sales $    27,796   $   32,016  $    80,566  $    46,921</p>
<p>Cost of goods sold</p>
<p>		   487,089	334,536	921,622	656,250</p>
<p>Gross margin</p>
<p>		 (459,293)    (302,520)    (841,056)    (609,329)</p>
<p>Operating expenses:</p>
<p>Research</p>
<p>and development</p>
<p>		 1,740,267    1,868,266    2,859,181    3,134,049</p>
<p>Selling, general</p>
<p>and admin.</p>
<p>		 1,386,491	918,505    2,957,178    1,607,102</p>
<p>Operating loss</p>
<p>	     (3,586,051)  (3,089,291)  (6,657,415)  (5,350,480)</p>
<p>Interest</p>
<p>  income, net  338,887	488,029	709,364	682,524</p>
<p>Net loss    (3,247,164)  (2,601,262)  (5,948,051)  (4,667,956)</p>
<p>Net loss per</p>
<p>  common share  (0.39)	 (0.31)	 (0.71)	 (0.77)</p>
<p>Shares used in</p>
<p>calculation of</p>
<p>net loss</p>
<p>  per share  8,374,632    8,265,021    8,362,507    6,090,307</p>
<p>NOTE: Optical Sensors is a development-stage company.</p>
<p>	  ((--Chicago newsdesk, 312-408-8787))</p>
</text>
<copyright>(c) Reuters Limited 1997</copyright>
<metadata>
<codes class="bip:countries:1.0">
  <code code="USA">
    <editdetail attribution="Reuters BIP Coding Group" action="confirmed" date="1997-07-30"/>
  </code>
</codes>
<codes class="bip:industries:1.0">
  <code code="I37200">
    <editdetail attribution="Reuters BIP Coding Group" action="confirmed" date="1997-07-30"/>
  </code>
</codes>
<codes class="bip:topics:1.0">
  <code code="C15">
    <editdetail attribution="Reuters BIP Coding Group" action="confirmed" date="1997-07-30"/>
  </code>
  <code code="C151">
    <editdetail attribution="Reuters BIP Coding Group" action="confirmed" date="1997-07-30"/>
  </code>
  <code code="CCAT">
    <editdetail attribution="Reuters BIP Coding Group" action="confirmed" date="1997-07-30"/>
  </code>
</codes>
<dc element="dc.date.created" value="1997-07-30"/>
<dc element="dc.publisher" value="Reuters Holdings Plc"/>
<dc element="dc.date.published" value="1997-07-30"/>
<dc element="dc.source" value="Reuters"/>
<dc element="dc.creator.location" value="MINNEAPOLIS"/>
<dc element="dc.creator.location.country.name" value="USA"/>
<dc element="dc.source" value="Reuters"/>
</metadata>
</newsitem>
