<?xml version="1.0" encoding="iso-8859-1" ?>
<newsitem itemid="765162" id="root" date="1997-07-30" xml:lang="en">
<title>USA: New scandal embarrasses Miami.</title>
<headline>New scandal embarrasses Miami.</headline>
<byline>Angus MacSwan</byline>
<dateline>MIAMI 1997-07-30</dateline>
<text>
<p>The sight of a municipal official handcuffed and under police escort is growing familiar in Miami, a city which seems to thrive on scandal and sensation.</p>
<p>Commissioner Humberto Hernandez, a 35-year-old lawyer with a controversial reputation, was indicted Tuesday on mortgage fraud and money-laundering charges just nine months after he took over the seat from a man now behind bars for a corruption conviction.</p>
<p>&quot;Obviously this is another embarrassment for the city of Miami. It's another tragedy,&quot; Mayor Joe Carollo said.</p>
<p>Hernandez, who sat on the five-member City of Miami Commission, fell into disgrace in a city still shaken by the July 15 murder of fashion designer Gianni Versace in Miami Beach and the subsequent hunt for and suicide of his suspected killer Andrew Cunanan.</p>
<p>While Hernandez's case will not echo around the world in the way that Versace's did, it adds to a litany of woes including a bankruptcy threat, City Hall corruption and a scandal at the port.</p>
<p>&quot;I think in a weird kind of way, with the Versace murder case, it adds to the image of this as a Wild West town where normal rules are suspended, a place with more sensation and more scandal,&quot; Dario Moreno, political scientist professor at the Florida International University, told Reuters.</p>
<p>And there are serious implications beyond just red faces, he said.</p>
<p>The City of Miami, separate to Miami Beach but linked in the Greater Miami metropolis, faces a referendum in September called by abolitionists who want to do away with it. Complaining of incompetent management, they want the City of Miami folded into Dade County.</p>
<p>Last September City Hall was rocked when federal Operation Greenpalm snared city manager Cesar Odio and other top officials in a bribery and corruption scam.</p>
<p>Odio is awaiting sentencing after pleading guilty to obstruction of justice charges. Other charges were dropped. Former finance manager Manohar Surana, who agreed to carry a wire-tap for the FBI to trap his colleagues, is also waiting to hear his fate.</p>
<p>In May, the long-serving director of the Port of Miami, Carmen Lunetta, abruptly resigned as chief of the world's &quot;cruise ship capital&quot; when details of mispending and indebtedness came to light.</p>
<p>In June, sacked commissioner Miller Dawkins, Hernandez's predecessor, began a 27-month jail sentence for bribery stemming from Operation Greenpalm.</p>
<p>Hernandez succeeded Dawkins, who is black, in an election fraught with racial tension. A Cuban American, he won the seat with the support of Miami's Hispanic majority, leaving blacks with no representation on the city commission for the first time in three decades.</p>
<p>He had brushed aside appeals from some prominent Cuban Americans to stand down in favor of black candidate Richard Dunn in the interests of racial harmony.</p>
<p>The son of a Bay of Pigs veteran, he is no stranger to controversy. He was dismissed as an assistant city attorney in 1994 for taking on private work from his office.</p>
<p>After the crash of a ValuJet plane in the Florida Everglades in May 1996, he was censured for &quot;ambulance chasing.&quot; The state supreme court issued a restraining order to stop him soliciting business from victim's families. Hernandez is one of 13 people accused in two indictments that say they sold luxury condominiums in smart Miami neighborhoods to each other at inflated prices while presenting false documents and statements to financial institutions to secure huge loans.</p>
<p>At least $8 million was raised, with money being laundered in Israel and Curacao, the U.S. Attorney's office said.</p>
<p>&quot;What is bad about this is that it was expected. He was under a cloud when he was elected,&quot; Moreno said. &quot;The implication is how the ethnic polarization of the city affects its politics in a direct and tragic way.&quot;</p>
<p>Hernandez was released on $500,000 personal surety after appearing in the dock on Tuesday afternoon.</p>
<p>Afterwards on the courthouse steps, he said: &quot;I will continue to fight for the city of Miami and its survival for the next 100 years. I was born and raised here and I care about this city and hope to be part of it.&quot;</p>
</text>
<copyright>(c) Reuters Limited 1997</copyright>
<metadata>
<codes class="bip:countries:1.0">
  <code code="USA">
    <editdetail attribution="Reuters BIP Coding Group" action="confirmed" date="1997-07-30"/>
  </code>
</codes>
<codes class="bip:topics:1.0">
  <code code="GCAT">
    <editdetail attribution="Reuters BIP Coding Group" action="confirmed" date="1997-07-30"/>
  </code>
  <code code="GCRIM">
    <editdetail attribution="Reuters BIP Coding Group" action="confirmed" date="1997-07-30"/>
  </code>
  <code code="GPOL">
    <editdetail attribution="Reuters BIP Coding Group" action="confirmed" date="1997-07-30"/>
  </code>
</codes>
<dc element="dc.date.created" value="1997-07-30"/>
<dc element="dc.publisher" value="Reuters Holdings Plc"/>
<dc element="dc.date.published" value="1997-07-30"/>
<dc element="dc.source" value="Reuters"/>
<dc element="dc.creator.location" value="MIAMI"/>
<dc element="dc.creator.location.country.name" value="USA"/>
<dc element="dc.source" value="Reuters"/>
</metadata>
</newsitem>
