<?xml version="1.0" encoding="iso-8859-1" ?>
<newsitem itemid="765121" id="root" date="1997-07-30" xml:lang="en">
<title>USA: TABLE - Affiliated Computer Q2 shr rises.</title>
<headline>TABLE - Affiliated Computer Q2 shr rises.</headline>
<dateline>DALLAS 1997-07-30</dateline>
<text>
<p>(in thousands except per share amounts)</p>
<p>					 Three Months Ended  Year Ended</p>
<p>						June 30,     June 30,</p>
<p>					1997     1996     1997     1996</p>
<p> Revenues		    $ 173,807$ 116,801$ 624,533$ 396,509</p>
<p>Expenses:</p>
<p>   Wages and benefits	 64,485   47,847  237,538  158,619</p>
<p>   Services and supplies    45,490   29,312  147,933  100,625</p>
<p>Rent, lease and maintenance</p>
<p>				    31,992   21,150  127,042   76,412</p>
<p>Depreciation and</p>
<p>    amortization		 8,352    4,286   31,266   15,031</p>
<p>   Other operating expenses  3,212    1,727    9,345    5,070</p>
<p>Total operating expenses</p>
<p>				   153,531  104,322  553,124  355,757</p>
<p>   Operating income	   20,276   12,479   71,409   40,752</p>
<p>Interest and other</p>
<p>  expenses, net		  2,035	219    6,414	833</p>
<p>   Pretax profit		18,241   12,260   64,995   39,919</p>
<p> Income tax expense	    7,432    4,972   26,485   16,163</p>
<p>   Net income		   10,809    7,288   38,510   23,756</p>
<p> Earnings per common share     .29	.22     1.05	.82</p>
<p>Weighted average shares</p>
<p>  outstanding		   36,899   32,458   36,567   28,880</p>
<p>NOTE - Full company name is Affiliated Computer Services</p>
<p>Inc</p>
<p>((-- New York Newsdesk 212-859-1610))</p>
</text>
<copyright>(c) Reuters Limited 1997</copyright>
<metadata>
<codes class="bip:countries:1.0">
  <code code="USA">
    <editdetail attribution="Reuters BIP Coding Group" action="confirmed" date="1997-07-30"/>
  </code>
</codes>
<codes class="bip:industries:1.0">
  <code code="I33030">
    <editdetail attribution="Reuters BIP Coding Group" action="confirmed" date="1997-07-30"/>
  </code>
</codes>
<codes class="bip:topics:1.0">
  <code code="C15">
    <editdetail attribution="Reuters BIP Coding Group" action="confirmed" date="1997-07-30"/>
  </code>
  <code code="C151">
    <editdetail attribution="Reuters BIP Coding Group" action="confirmed" date="1997-07-30"/>
  </code>
  <code code="CCAT">
    <editdetail attribution="Reuters BIP Coding Group" action="confirmed" date="1997-07-30"/>
  </code>
</codes>
<dc element="dc.date.created" value="1997-07-30"/>
<dc element="dc.publisher" value="Reuters Holdings Plc"/>
<dc element="dc.date.published" value="1997-07-30"/>
<dc element="dc.source" value="Reuters"/>
<dc element="dc.creator.location" value="DALLAS"/>
<dc element="dc.creator.location.country.name" value="USA"/>
<dc element="dc.source" value="Reuters"/>
</metadata>
</newsitem>
