<?xml version="1.0" encoding="iso-8859-1" ?>
<newsitem itemid="765170" id="root" date="1997-07-30" xml:lang="en">
<title>USA: TABLE - Macromedia Q1 results.</title>
<headline>TABLE - Macromedia Q1 results.</headline>
<dateline>SAN FRANCISCO 1997-07-30</dateline>
<text>
<p>(In thousands, except per share data)</p>
<p>					    Three months ended June 30,</p>
<p>							  (unaudited)</p>
<p> Revenues				     1997		   1996</p>
<p> Cost of revenues			 $27,329	     $35,010</p>
<p>						  4,568		 5,434</p>
<p>	Gross profit			 22,761		29,576</p>
<p>Operating expenses:</p>
<p>  Sales and Marketing		    14,340		12,186</p>
<p>  Research and development		8,701		 6,912</p>
<p>  General and administrative	    2,610		 1,525</p>
<p>    Total operating expenses	   25,651		20,623</p>
<p>    Operating income (loss)	   (2,890)		 8,953</p>
<p> Other income, net			  1,094		 1,366</p>
<p>Income (loss) before income taxes</p>
<p>						(1,796)		10,319</p>
<p> Provision (benefit) for income taxes   557	     (3,199)</p>
<p>    Net income (loss)		   (1,239)		 7,120</p>
<p> Net income (loss) per share	   (0.03)		  0.18</p>
<p>Shares used in computing</p>
<p>   net income per share		  37,866		40,572</p>
</text>
<copyright>(c) Reuters Limited 1997</copyright>
<metadata>
<codes class="bip:countries:1.0">
  <code code="USA">
    <editdetail attribution="Reuters BIP Coding Group" action="confirmed" date="1997-07-30"/>
  </code>
</codes>
<codes class="bip:industries:1.0">
  <code code="I33020">
    <editdetail attribution="Reuters BIP Coding Group" action="confirmed" date="1997-07-30"/>
  </code>
  <code code="I3302021">
    <editdetail attribution="Reuters BIP Coding Group" action="confirmed" date="1997-07-30"/>
  </code>
</codes>
<codes class="bip:topics:1.0">
  <code code="C15">
    <editdetail attribution="Reuters BIP Coding Group" action="confirmed" date="1997-07-30"/>
  </code>
  <code code="C151">
    <editdetail attribution="Reuters BIP Coding Group" action="confirmed" date="1997-07-30"/>
  </code>
  <code code="CCAT">
    <editdetail attribution="Reuters BIP Coding Group" action="confirmed" date="1997-07-30"/>
  </code>
</codes>
<dc element="dc.date.created" value="1997-07-30"/>
<dc element="dc.publisher" value="Reuters Holdings Plc"/>
<dc element="dc.date.published" value="1997-07-30"/>
<dc element="dc.source" value="Reuters"/>
<dc element="dc.creator.location" value="SAN FRANCISCO"/>
<dc element="dc.creator.location.country.name" value="USA"/>
<dc element="dc.source" value="Reuters"/>
</metadata>
</newsitem>
