<?xml version="1.0" encoding="iso-8859-1" ?>
<newsitem itemid="765187" id="root" date="1997-07-30" xml:lang="en">
<title>USA: Lafarge unaware of reason stock soaring.</title>
<headline>Lafarge unaware of reason stock soaring.</headline>
<dateline>RESTON, Va. 1997-07-30</dateline>
<text>
<p>Lafarge Corp said Wednesday it was unaware of any reason behind the 14 percent price jump of its share price Wednesday.</p>
<p>The building material company's stock soared 4-1/16 to a new 52-week high of 32-3/8 Wednesday. The stock started its rise July 22 when it closed at 26.</p>
<p>Lafarge said the New York Stock Exchange contacted it regarding the recent price increase.</p>
</text>
<copyright>(c) Reuters Limited 1997</copyright>
<metadata>
<codes class="bip:countries:1.0">
  <code code="USA">
    <editdetail attribution="Reuters BIP Coding Group" action="confirmed" date="1997-07-30"/>
  </code>
</codes>
<codes class="bip:industries:1.0">
  <code code="I24000">
    <editdetail attribution="Reuters BIP Coding Group" action="confirmed" date="1997-07-30"/>
  </code>
</codes>
<codes class="bip:topics:1.0">
  <code code="C15">
    <editdetail attribution="Reuters BIP Coding Group" action="confirmed" date="1997-07-30"/>
  </code>
  <code code="C152">
    <editdetail attribution="Reuters BIP Coding Group" action="confirmed" date="1997-07-30"/>
  </code>
  <code code="CCAT">
    <editdetail attribution="Reuters BIP Coding Group" action="confirmed" date="1997-07-30"/>
  </code>
</codes>
<dc element="dc.date.created" value="1997-07-30"/>
<dc element="dc.publisher" value="Reuters Holdings Plc"/>
<dc element="dc.date.published" value="1997-07-30"/>
<dc element="dc.source" value="Reuters"/>
<dc element="dc.creator.location" value="RESTON, Va."/>
<dc element="dc.creator.location.country.name" value="USA"/>
<dc element="dc.source" value="Reuters"/>
</metadata>
</newsitem>
