<?xml version="1.0" encoding="iso-8859-1" ?>
<newsitem itemid="765156" id="root" date="1997-07-30" xml:lang="en">
<title>USA: Innovo says investor group to take 7.5 pct stake.</title>
<headline>Innovo says investor group to take 7.5 pct stake.</headline>
<dateline>SPRINGFIELD, Tenn. 1997-07-30</dateline>
<text>
<p>Innovo Group Inc said Wednesday an outside investor group has signed a letter of intent to take a 7.5 percent stake in the company.</p>
<p>The group led by investor L.E. Smith intends to infuse capital and its members will join the Innovo management and board, the company said.</p>
<p>Terms of the proposed investment by the group were not disclosed.  </p>
<p>Innovo, a maker of fashion utility totes and bags, said that when the deal goes through, Smith will become chairman of the board and chief executive officer.</p>
<p>It said Patricia Anderson-Lasko, the current CEO, will remain president and will be in charge of domestic and international sales and marketing.</p>
<p>Two other members of the investor group, Dan Page and Erick Hendrickson, will also take up senior executive positions, it said.</p>
<p>Page will become vice president and chief operating oficer directly responsible for manufacturing while Hendrickson will become vice president and treasurer, it said.</p>
<p>Innovo said that among the first priorities of the group is initiating asset-based financing that aims to reduce financial-related expenses and improve operating results.</p>
</text>
<copyright>(c) Reuters Limited 1997</copyright>
<metadata>
<codes class="bip:countries:1.0">
  <code code="USA">
    <editdetail attribution="Reuters BIP Coding Group" action="confirmed" date="1997-07-30"/>
  </code>
</codes>
<codes class="bip:industries:1.0">
  <code code="I49420">
    <editdetail attribution="Reuters BIP Coding Group" action="confirmed" date="1997-07-30"/>
  </code>
</codes>
<codes class="bip:topics:1.0">
  <code code="C18">
    <editdetail attribution="Reuters BIP Coding Group" action="confirmed" date="1997-07-30"/>
  </code>
  <code code="C181">
    <editdetail attribution="Reuters BIP Coding Group" action="confirmed" date="1997-07-30"/>
  </code>
  <code code="C41">
    <editdetail attribution="Reuters BIP Coding Group" action="confirmed" date="1997-07-30"/>
  </code>
  <code code="CCAT">
    <editdetail attribution="Reuters BIP Coding Group" action="confirmed" date="1997-07-30"/>
  </code>
</codes>
<dc element="dc.date.created" value="1997-07-30"/>
<dc element="dc.publisher" value="Reuters Holdings Plc"/>
<dc element="dc.date.published" value="1997-07-30"/>
<dc element="dc.source" value="Reuters"/>
<dc element="dc.creator.location" value="SPRINGFIELD, Tenn."/>
<dc element="dc.creator.location.country.name" value="USA"/>
<dc element="dc.source" value="Reuters"/>
</metadata>
</newsitem>
