<?xml version="1.0" encoding="iso-8859-1" ?>
<newsitem itemid="765185" id="root" date="1997-07-30" xml:lang="en">
<title>USA: TABLE - Science Dynamics Q2 profit.</title>
<headline>TABLE - Science Dynamics Q2 profit.</headline>
<dateline>CHERRY HILL, N.J. 1997-07-30</dateline>
<text>
<p>SCIENCE DYNAMICS CORP.</p>
<p>				Statement of Operations</p>
<p>				 (Unaudited)</p>
<p>							   Quarter ended</p>
<p>								  June 30,</p>
<p>							   1997	 1996</p>
<p> Net sales				     $1,702,032    $628,461</p>
<p>Operating costs and expenses:</p>
<p>  Cost of sales				   799,352     435,400</p>
<p>  Research and development		    207,207     164,696</p>
<p>  Selling, general and administrative     603,273     534,967</p>
<p>						    1,609,832   1,135,063</p>
<p> Operating income (loss)			 92,200   (506,602)</p>
<p>Other income (expenses):</p>
<p>  Interest and other investment income	7,780	    --</p>
<p>  Interest expense				(7,292)    (16,815)</p>
<p> Net income (loss)				 92,689  ( 523,417)</p>
<p> Net income (loss) per common share	    0.01     ( 0.07)</p>
<p>							   Six months ended</p>
<p>								  June 30,</p>
<p>							  1997	  1996</p>
<p> Net sales				     $2,818,512  $1,176,942</p>
<p>Operating costs and expenses:</p>
<p>  Cost of sales				 1,323,038     948,042</p>
<p>  Research and development		    404,394     344,641</p>
<p>  Selling, general and administrative   1,189,993   1,222,623</p>
<p>						    2,917,424   2,515,306</p>
<p> Operating income (loss)		     (98,912) (1,338,364)</p>
<p>Other income (expenses):</p>
<p>  Interest and other investment income     11,774	    --</p>
<p>  Interest expense			     (29,401)    (26,998)</p>
<p> Net income (loss)			   ( 116,539)($1,365,362)</p>
<p> Net income (loss) per common share	 ( 0.01)     ( 0.17)</p>
<p>				 SCIENCE DYNAMICS CORP.</p>
<p>				Condensed Balance Sheet</p>
<p>							Jun 30,    Dec. 31,</p>
<p>							  1997	  1996</p>
<p>						  (Unaudited)   (Audited)</p>
<p>Assets:</p>
<p>Current assets:</p>
<p>   Cash and cash equivalents	     $  505,208  $  830,229</p>
<p>   Accounts receivable			  790,758     287,726</p>
<p>   Inventories				    456,222     581,277</p>
<p>   Other					     25,467	42,095</p>
<p>   Total current assets		     1,777,655   1,741,327</p>
<p>  Property and equipment, net		 220,662     208,376</p>
<p>  Software development costs, net	   296,409     347,489</p>
<p>  Deferred income taxes			 308,000     308,000</p>
<p>  Intangible assets, net		    1,350,000   1,500,000</p>
<p>  Other						41,295	41,295</p>
<p>  Total assets				  3,994,021   4,146,487</p>
<p>Liabilities and shareholders' equity:</p>
<p>Current liabilities:</p>
<p>   Accounts payable			     374,992     372,913</p>
<p>   Accrued expenses				69,403     184,702</p>
<p>   Total current liabilities		  444,395     557,615</p>
<p>  Long-term debt					 --     500,000</p>
<p>  Total liabilities			     444,395   1,057,615</p>
<p>  Total shareholders' equity		3,549,626   3,088,871</p>
<p>Total liabilities and shareholders' equity</p>
<p>						    3,994,021   4,146,487</p>
<p> Shares outstanding			  14,535,649  11,930,061</p>
</text>
<copyright>(c) Reuters Limited 1997</copyright>
<metadata>
<codes class="bip:countries:1.0">
  <code code="USA">
    <editdetail attribution="Reuters BIP Coding Group" action="confirmed" date="1997-07-30"/>
  </code>
</codes>
<codes class="bip:industries:1.0">
  <code code="I34400">
    <editdetail attribution="Reuters BIP Coding Group" action="confirmed" date="1997-07-30"/>
  </code>
</codes>
<codes class="bip:topics:1.0">
  <code code="C15">
    <editdetail attribution="Reuters BIP Coding Group" action="confirmed" date="1997-07-30"/>
  </code>
  <code code="C151">
    <editdetail attribution="Reuters BIP Coding Group" action="confirmed" date="1997-07-30"/>
  </code>
  <code code="CCAT">
    <editdetail attribution="Reuters BIP Coding Group" action="confirmed" date="1997-07-30"/>
  </code>
</codes>
<dc element="dc.date.created" value="1997-07-30"/>
<dc element="dc.publisher" value="Reuters Holdings Plc"/>
<dc element="dc.date.published" value="1997-07-30"/>
<dc element="dc.source" value="Reuters"/>
<dc element="dc.creator.location" value="CHERRY HILL, N.J."/>
<dc element="dc.creator.location.country.name" value="USA"/>
<dc element="dc.source" value="Reuters"/>
</metadata>
</newsitem>
