<?xml version="1.0" encoding="iso-8859-1" ?>
<newsitem itemid="765175" id="root" date="1997-07-30" xml:lang="en">
<title>USA: TABLE - Bioject Medical Q1 results.</title>
<headline>TABLE - Bioject Medical Q1 results.</headline>
<dateline>PORTLAND, Ore. 1997-07-30</dateline>
<text>
<p>(in thousands, except per share data):</p>
<p>							Three months ended</p>
<p>							     June 30,</p>
<p>						    1997		 1996</p>
<p>Results of operations:</p>
<p>Revenue -</p>
<p>  Net sales of products		   $   342	   $   177</p>
<p>  Licensing/technology fees		   125		 315</p>
<p>							467		 492</p>
<p>Expenses -</p>
<p>  Manufacturing				   556		 582</p>
<p>  R&amp;D						 155		 408</p>
<p>  Selling, general and administrative     755		 747</p>
<p>  Other (income), net			   (7)		(21)</p>
<p>						    1,459	     1,716</p>
<p> Net loss					 (992)	   (1,224)</p>
<p> Net loss per share			  (0.05)	    (0.08)</p>
<p>  Weighted shares outstanding	    19,790	    15,585</p>
</text>
<copyright>(c) Reuters Limited 1997</copyright>
<metadata>
<codes class="bip:countries:1.0">
  <code code="USA">
    <editdetail attribution="Reuters BIP Coding Group" action="confirmed" date="1997-07-30"/>
  </code>
</codes>
<codes class="bip:industries:1.0">
  <code code="I37200">
    <editdetail attribution="Reuters BIP Coding Group" action="confirmed" date="1997-07-30"/>
  </code>
</codes>
<codes class="bip:topics:1.0">
  <code code="C15">
    <editdetail attribution="Reuters BIP Coding Group" action="confirmed" date="1997-07-30"/>
  </code>
  <code code="C151">
    <editdetail attribution="Reuters BIP Coding Group" action="confirmed" date="1997-07-30"/>
  </code>
  <code code="CCAT">
    <editdetail attribution="Reuters BIP Coding Group" action="confirmed" date="1997-07-30"/>
  </code>
</codes>
<dc element="dc.date.created" value="1997-07-30"/>
<dc element="dc.publisher" value="Reuters Holdings Plc"/>
<dc element="dc.date.published" value="1997-07-30"/>
<dc element="dc.source" value="Reuters"/>
<dc element="dc.creator.location" value="PORTLAND, Ore."/>
<dc element="dc.creator.location.country.name" value="USA"/>
<dc element="dc.source" value="Reuters"/>
</metadata>
</newsitem>
