<?xml version="1.0" encoding="iso-8859-1" ?>
<newsitem itemid="765116" id="root" date="1997-07-30" xml:lang="en">
<title>USA: TABLE - National Fuel Q3 net rises.</title>
<headline>TABLE - National Fuel Q3 net rises.</headline>
<dateline>BUFFALO, N.Y. 1997-07-30</dateline>
<text>
<p>(Unaudited)</p>
<p>						     1997	     1996</p>
<p>						 Quarter Ended June 30</p>
<p> Operating Revenues		   $246,051,000   $239,330,000</p>
<p>Net Income Available for Common Stock</p>
<p>						18,905,000     17,310,000</p>
<p> Earnings Per Common Share		    0.50	     0.46</p>
<p>   Weighted Average Shares	    38,141,019     37,674,241</p>
<p>					    Nine Months Ended June 30</p>
<p> Operating Revenues		  1,108,247,000  1,048,034,000</p>
<p>Net Income Available for Common Stock</p>
<p>					     114,605,000    105,394,000</p>
<p> Earnings Per Common Share		    3.01	     2.81</p>
<p> Weighted Average Shares		38,060,709     37,555,248</p>
<p>					   Twelve Months Ended June 30</p>
<p> Operating Revenues		 $1,268,231,000 $1,171,974,000</p>
<p>Net Income Available for Common Stock</p>
<p>					     113,882,000     98,428,000</p>
<p> Earnings Per Common Share		    3.00	     2.62</p>
<p> Weighted Average Shares		37,991,518     37,524,074</p>
<p>((-- New York Newsdesk 212 859-1610))</p>
</text>
<copyright>(c) Reuters Limited 1997</copyright>
<metadata>
<codes class="bip:countries:1.0">
  <code code="USA">
    <editdetail attribution="Reuters BIP Coding Group" action="confirmed" date="1997-07-30"/>
  </code>
</codes>
<codes class="bip:industries:1.0">
  <code code="I16200">
    <editdetail attribution="Reuters BIP Coding Group" action="confirmed" date="1997-07-30"/>
  </code>
</codes>
<codes class="bip:topics:1.0">
  <code code="C15">
    <editdetail attribution="Reuters BIP Coding Group" action="confirmed" date="1997-07-30"/>
  </code>
  <code code="C151">
    <editdetail attribution="Reuters BIP Coding Group" action="confirmed" date="1997-07-30"/>
  </code>
  <code code="CCAT">
    <editdetail attribution="Reuters BIP Coding Group" action="confirmed" date="1997-07-30"/>
  </code>
</codes>
<dc element="dc.date.created" value="1997-07-30"/>
<dc element="dc.publisher" value="Reuters Holdings Plc"/>
<dc element="dc.date.published" value="1997-07-30"/>
<dc element="dc.source" value="Reuters"/>
<dc element="dc.creator.location" value="BUFFALO, N.Y."/>
<dc element="dc.creator.location.country.name" value="USA"/>
<dc element="dc.source" value="Reuters"/>
</metadata>
</newsitem>
