<?xml version="1.0" encoding="iso-8859-1" ?>
<newsitem itemid="765141" id="root" date="1997-07-30" xml:lang="en">
<title>USA: Cardinal Realty sets annual meeting date.</title>
<headline>Cardinal Realty sets annual meeting date.</headline>
<dateline>COLUMBUS, Ohio 1997-07-30</dateline>
<text>
<p>Cardinal Realty Services Inc said Wednesday its annual meeting of shareholders is scheduled for October 7.</p>
<p>The record date for shareholders entitled to receive notice of and vote at the meeting is August 26.</p>
<p>At the annual meeting, shareholders will be asked to consider and approve proposals to change the company's name to Lexford Inc and adopt its 1997 Equity Performance Plan.</p>
<p>Cardinal said the equity performance plan will provide for equity awards of common stock to its executives and directors if stock price or financial performance targets are met.</p>
</text>
<copyright>(c) Reuters Limited 1997</copyright>
<metadata>
<codes class="bip:countries:1.0">
  <code code="USA">
    <editdetail attribution="Reuters BIP Coding Group" action="confirmed" date="1997-07-30"/>
  </code>
</codes>
<codes class="bip:industries:1.0">
  <code code="I85000">
    <editdetail attribution="Reuters BIP Coding Group" action="confirmed" date="1997-07-30"/>
  </code>
</codes>
<codes class="bip:topics:1.0">
  <code code="CCAT">
    <editdetail attribution="Reuters BIP Coding Group" action="confirmed" date="1997-07-30"/>
  </code>
</codes>
<dc element="dc.date.created" value="1997-07-30"/>
<dc element="dc.publisher" value="Reuters Holdings Plc"/>
<dc element="dc.date.published" value="1997-07-30"/>
<dc element="dc.source" value="Reuters"/>
<dc element="dc.creator.location" value="COLUMBUS, Ohio"/>
<dc element="dc.creator.location.country.name" value="USA"/>
<dc element="dc.source" value="Reuters"/>
</metadata>
</newsitem>
