<?xml version="1.0" encoding="iso-8859-1" ?>
<newsitem itemid="765159" id="root" date="1997-07-30" xml:lang="en">
<title>USA: Cons Cigar says expects premium cigar growth.</title>
<headline>Cons Cigar says expects premium cigar growth.</headline>
<dateline>FT. LAUDERDALE, Fla. 1997-07-30</dateline>
<text>
<p>Consolidated Cigar Holdings Inc, Wednesday, said its premium cigars were behind the growth in sales in the second quarter and expects the trend to continue.</p>
<p>The company said in a statement that it expects 50 percent of its total 1997 sales to be made up from its line of premium cigars.</p>
<p>The company added that operating margins are also expected to continue their growth as premium cigar demand expands.</p>
<p>Consolidated Cigar said it has committed significant capital funds to increase the capacity of each of its premium manufacturing facilities for fiscal 1998 and beyond.</p>
</text>
<copyright>(c) Reuters Limited 1997</copyright>
<metadata>
<codes class="bip:countries:1.0">
  <code code="USA">
    <editdetail attribution="Reuters BIP Coding Group" action="confirmed" date="1997-07-30"/>
  </code>
</codes>
<codes class="bip:industries:1.0">
  <code code="I42900">
    <editdetail attribution="Reuters BIP Coding Group" action="confirmed" date="1997-07-30"/>
  </code>
</codes>
<codes class="bip:topics:1.0">
  <code code="C15">
    <editdetail attribution="Reuters BIP Coding Group" action="confirmed" date="1997-07-30"/>
  </code>
  <code code="C152">
    <editdetail attribution="Reuters BIP Coding Group" action="confirmed" date="1997-07-30"/>
  </code>
  <code code="C31">
    <editdetail attribution="Reuters BIP Coding Group" action="confirmed" date="1997-07-30"/>
  </code>
  <code code="CCAT">
    <editdetail attribution="Reuters BIP Coding Group" action="confirmed" date="1997-07-30"/>
  </code>
</codes>
<dc element="dc.date.created" value="1997-07-30"/>
<dc element="dc.publisher" value="Reuters Holdings Plc"/>
<dc element="dc.date.published" value="1997-07-30"/>
<dc element="dc.source" value="Reuters"/>
<dc element="dc.creator.location" value="FT. LAUDERDALE, Fla."/>
<dc element="dc.creator.location.country.name" value="USA"/>
<dc element="dc.source" value="Reuters"/>
</metadata>
</newsitem>
