<?xml version="1.0" encoding="iso-8859-1" ?>
<newsitem itemid="765171" id="root" date="1997-07-30" xml:lang="en">
<title>USA: Claremont sees weak Q4 results.</title>
<headline>Claremont sees weak Q4 results.</headline>
<dateline>BEAVERTON, Ore. 1997-07-30</dateline>
<text>
<p>Claremont Technology Group Inc said Wednesday it expects to report net income of $528,000, or $0.05 a share, after charges for its fourth quarter.</p>
<p>The company said in a statement it expects to post revenues for the quarter, ended June 30, of about $18.6 million. It said operating profits are expected to be $819,000 after one time charges of $665,000.</p>
<p>Analysts had predicted Claremont would post fourth quarter earnings of $0.17 a share, according to First Call.</p>
<p>Comparative year ago figures were not immediately available.</p>
<p>Claremont said the weaker than expected results reflect the delay in one manufacturing and three communications engagements and the decision of one communications customer to proceed with an alternative solution.</p>
<p>&quot;While delays are typical in our industry, it is highly unusual for four large engagements to experience such delays simultaneously,&quot; said Chairman and Chief Executive Paul Cosgrave.</p>
<p>Cosgrave said that despite the weak fourth quarter results he expects Claremont will continue on an aggressive growth path.</p>
<p>Fourth quarter charges included acquisition related write-offs of $495,000 and a charge of $170,000 for expenses incurred for a proposed secondary offering that was cancelled due to market conditions in the third quarter.</p>
</text>
<copyright>(c) Reuters Limited 1997</copyright>
<metadata>
<codes class="bip:countries:1.0">
  <code code="USA">
    <editdetail attribution="Reuters BIP Coding Group" action="confirmed" date="1997-07-30"/>
  </code>
</codes>
<codes class="bip:industries:1.0">
  <code code="I83940">
    <editdetail attribution="Reuters BIP Coding Group" action="confirmed" date="1997-07-30"/>
  </code>
</codes>
<codes class="bip:topics:1.0">
  <code code="C15">
    <editdetail attribution="Reuters BIP Coding Group" action="confirmed" date="1997-07-30"/>
  </code>
  <code code="C152">
    <editdetail attribution="Reuters BIP Coding Group" action="confirmed" date="1997-07-30"/>
  </code>
  <code code="CCAT">
    <editdetail attribution="Reuters BIP Coding Group" action="confirmed" date="1997-07-30"/>
  </code>
</codes>
<dc element="dc.date.created" value="1997-07-30"/>
<dc element="dc.publisher" value="Reuters Holdings Plc"/>
<dc element="dc.date.published" value="1997-07-30"/>
<dc element="dc.source" value="Reuters"/>
<dc element="dc.creator.location" value="BEAVERTON, Ore."/>
<dc element="dc.creator.location.country.name" value="USA"/>
<dc element="dc.source" value="Reuters"/>
</metadata>
</newsitem>
