<?xml version="1.0" encoding="iso-8859-1" ?>
<newsitem itemid="765114" id="root" date="1997-07-30" xml:lang="en">
<title>USA: TABLE-Insurance Auto Auctions Inc Q2 net.</title>
<headline>TABLE-Insurance Auto Auctions Inc Q2 net.</headline>
<dateline>SCHAUMBURG, Ill. 1997-07-30</dateline>
<text>
<p>(Unaudited)</p>
<p>							Three Month Periods</p>
<p>							Ended June 30,</p>
<p>						     1997	     1996</p>
<p>Net sales:</p>
<p>    Vehicle sales		    $  44,990,000  $  55,556,000</p>
<p>    Fee income			    20,988,000     20,486,000</p>
<p>						65,978,000     76,042,000</p>
<p>Cost and expenses:</p>
<p>    Cost of sales			 49,682,000     59,678,000</p>
<p>    Direct operating expenses	 11,506,000     12,235,000</p>
<p>    Amortization of acquisition costs  945,000	  938,000</p>
<p>    Special charge			   750,000		 --</p>
<p>	  Earnings from operations     3,095,000	3,191,000</p>
<p>Other (income) expense:</p>
<p>    Interest expense			 669,000	  768,000</p>
<p>    Interest income			(241,000)	(246,000)</p>
<p>	  Earnings before income taxes</p>
<p>						 2,667,000	2,669,000</p>
<p> Income taxes				1,147,000	1,148,000</p>
<p>	  Net earnings		     1,520,000	1,521,000</p>
<p>Net earnings per common and common</p>
<p>    equivalent shares outstanding	    .13		.13</p>
<p>Weighted average common and common</p>
<p>    equivalent shares outstanding   11,299,000     11,369,000</p>
<p>							  Six Month Periods</p>
<p>							Ended June 30,</p>
<p>							1997	    1996</p>
<p>Net sales:</p>
<p>    Vehicle sales		    $  90,146,000  $ 108,215,000</p>
<p>    Fee income			    43,717,000     40,643,000</p>
<p>					     133,863,000    148,858,000</p>
<p>Cost and expenses:</p>
<p>    Cost of sales			103,736,000    117,627,000</p>
<p>    Direct operating expenses	 22,879,000     24,190,000</p>
<p>Amortization of acquisition costs</p>
<p>						 1,895,000	1,865,000</p>
<p>    Special charge			   750,000		 --</p>
<p>	  Earnings from operations     4,603,000	5,176,000</p>
<p>Other (income) expense:</p>
<p>    Interest expense		     1,405,000	1,576,000</p>
<p>    Interest income			(399,000)	(400,000)</p>
<p>	  Earnings before income taxes</p>
<p>						 3,597,000	4,000,000</p>
<p> Income taxes				1,547,000	1,720,000</p>
<p>	  Net earnings		     2,050,000	2,280,000</p>
<p>Net earnings per common and common</p>
<p>    equivalent shares outstanding	    .18		.20</p>
<p>Weighted average common and common</p>
<p>    equivalent shares outstanding   11,306,000     11,355,000</p>
<p>	 ((--Chicago newsdesk, 312-408-8787))</p>
</text>
<copyright>(c) Reuters Limited 1997</copyright>
<metadata>
<codes class="bip:countries:1.0">
  <code code="USA">
    <editdetail attribution="Reuters BIP Coding Group" action="confirmed" date="1997-07-30"/>
  </code>
</codes>
<codes class="bip:industries:1.0">
  <code code="I65100">
    <editdetail attribution="Reuters BIP Coding Group" action="confirmed" date="1997-07-30"/>
  </code>
</codes>
<codes class="bip:topics:1.0">
  <code code="C15">
    <editdetail attribution="Reuters BIP Coding Group" action="confirmed" date="1997-07-30"/>
  </code>
  <code code="C151">
    <editdetail attribution="Reuters BIP Coding Group" action="confirmed" date="1997-07-30"/>
  </code>
  <code code="CCAT">
    <editdetail attribution="Reuters BIP Coding Group" action="confirmed" date="1997-07-30"/>
  </code>
</codes>
<dc element="dc.date.created" value="1997-07-30"/>
<dc element="dc.publisher" value="Reuters Holdings Plc"/>
<dc element="dc.date.published" value="1997-07-30"/>
<dc element="dc.source" value="Reuters"/>
<dc element="dc.creator.location" value="SCHAUMBURG, Ill."/>
<dc element="dc.creator.location.country.name" value="USA"/>
<dc element="dc.source" value="Reuters"/>
</metadata>
</newsitem>
