<?xml version="1.0" encoding="iso-8859-1" ?>
<newsitem itemid="765176" id="root" date="1997-07-30" xml:lang="en">
<title>USA: TABLE - Plc Systems Inc Q2 loss widens.</title>
<headline>TABLE - Plc Systems Inc Q2 loss widens.</headline>
<dateline>FRANKLIN, Mass. 1997-07-30</dateline>
<text>
<p>PLC SYSTEMS INC.</p>
<p>		     CONSOLIDATED STATEMENTS OF OPERATIONS</p>
<p>		     (In thousands, except per share data)</p>
<p>			  Three Months Ended	 Six Months Ended</p>
<p>					  June 30,	   June 30,</p>
<p>				1997	 1996	 1997	 1996</p>
<p>Revenues:</p>
<p> Product sales	   $2,525	 $769    $3,296     $4,966</p>
<p>Placement and service fees</p>
<p>				  897	  662     1,714	1,294</p>
<p> Total revenues	   3,422	1,431     5,010	6,260</p>
<p>Cost of revenues:</p>
<p> Product sales		905	  174     1,241	1,260</p>
<p>Placement and service fees</p>
<p>				  565	  202     1,059	  506</p>
<p>Total cost of revenues</p>
<p>				1,470	  376     2,300	1,766</p>
<p> Gross profit	     1,952	1,055     2,710	4,494</p>
<p>Operating expenses:</p>
<p>Selling, general</p>
<p>  and administrative    3,518	1,591     6,335	3,042</p>
<p>Research and development</p>
<p>				1,146	  559     2,217	1,318</p>
<p>Total operating expenses</p>
<p>				4,664	2,150     8,552	4,360</p>
<p>Income(loss) from</p>
<p>  operations	    (2,712)    (1,095)   (5,842)	  134</p>
<p>Other income:</p>
<p> Interest income, net	42	  161	 133	  299</p>
<p>Gain(loss) from</p>
<p>  foreign currency, net  (27)	   16	(10)	 (55)</p>
<p>				   15	  177	 123	  244</p>
<p>Income (loss) before</p>
<p>  income taxes	  (2,697)	(918)   (5,719)	  378</p>
<p>Provision for income taxes ---</p>
<p>						(15)	 ---	    4</p>
<p> Net income (loss)    (2,697)	(903)   (5,719)	  374</p>
<p>Net income (loss)</p>
<p>  per share		(0.16)     (0.05)    (0.36)	 0.02</p>
<p>Shares used to compute</p>
<p>net income(loss)</p>
<p>  per share		16,632     16,441    16,021     17,214</p>
<p>				CONDENSED BALANCE SHEET</p>
<p>						Jun 30,	     Dec 31,</p>
<p>						  1997		   1996</p>
<p>Cash, cash equivalents and short term investments</p>
<p>						 $1,680		$8,509</p>
<p> Total current assets		     9,107		14,168</p>
<p> Total assets				18,527		19,417</p>
<p> Total current liabilities		3,717		 2,923</p>
<p> Shareholders' equity		    14,789		16,467</p>
<p>((-- New York Newsdesk 212 859-1610))</p>
</text>
<copyright>(c) Reuters Limited 1997</copyright>
<metadata>
<codes class="bip:countries:1.0">
  <code code="USA">
    <editdetail attribution="Reuters BIP Coding Group" action="confirmed" date="1997-07-30"/>
  </code>
</codes>
<codes class="bip:industries:1.0">
  <code code="I34400">
    <editdetail attribution="Reuters BIP Coding Group" action="confirmed" date="1997-07-30"/>
  </code>
</codes>
<codes class="bip:topics:1.0">
  <code code="C15">
    <editdetail attribution="Reuters BIP Coding Group" action="confirmed" date="1997-07-30"/>
  </code>
  <code code="C151">
    <editdetail attribution="Reuters BIP Coding Group" action="confirmed" date="1997-07-30"/>
  </code>
  <code code="CCAT">
    <editdetail attribution="Reuters BIP Coding Group" action="confirmed" date="1997-07-30"/>
  </code>
</codes>
<dc element="dc.date.created" value="1997-07-30"/>
<dc element="dc.publisher" value="Reuters Holdings Plc"/>
<dc element="dc.date.published" value="1997-07-30"/>
<dc element="dc.source" value="Reuters"/>
<dc element="dc.creator.location" value="FRANKLIN, Mass."/>
<dc element="dc.creator.location.country.name" value="USA"/>
<dc element="dc.source" value="Reuters"/>
</metadata>
</newsitem>
