<?xml version="1.0" encoding="iso-8859-1" ?>
<newsitem itemid="765188" id="root" date="1997-07-30" xml:lang="en">
<title>USA: TABLE - AMEDISYS Q2 net rises, shr $0.14.</title>
<headline>TABLE - AMEDISYS Q2 net rises, shr $0.14.</headline>
<dateline>BATON ROUGE, La. 1997-07-30</dateline>
<text>
<p>AMEDISYS, INC.</p>
<p>					Financial Summary</p>
<p>					   (unaudited)</p>
<p>		     Three Months Ended	    Six Months Ended</p>
<p>			    June 30			  June 30</p>
<p>		   1997	    1996	   1997	    1996</p>
<p>Net Service</p>
<p>  Revenues $13,879,721   $11,769,253  $27,264,438  $21,885,452</p>
<p>Operating</p>
<p> Income	 $746,600	$478,727   $1,361,315     $839,000</p>
<p>Net Income    $372,975	$252,187     $673,515     $446,356</p>
<p>Earnings per</p>
<p> Common Share    $0.14	   $0.10	  $0.26	  $0.17</p>
<p>Weighted Average</p>
<p>Number of Common</p>
<p>  Shares     2,696,637     2,584,549    2,638,593    2,584,549</p>
</text>
<copyright>(c) Reuters Limited 1997</copyright>
<metadata>
<codes class="bip:countries:1.0">
  <code code="USA">
    <editdetail attribution="Reuters BIP Coding Group" action="confirmed" date="1997-07-30"/>
  </code>
</codes>
<codes class="bip:topics:1.0">
  <code code="C15">
    <editdetail attribution="Reuters BIP Coding Group" action="confirmed" date="1997-07-30"/>
  </code>
  <code code="C151">
    <editdetail attribution="Reuters BIP Coding Group" action="confirmed" date="1997-07-30"/>
  </code>
  <code code="CCAT">
    <editdetail attribution="Reuters BIP Coding Group" action="confirmed" date="1997-07-30"/>
  </code>
</codes>
<dc element="dc.date.created" value="1997-07-30"/>
<dc element="dc.publisher" value="Reuters Holdings Plc"/>
<dc element="dc.date.published" value="1997-07-30"/>
<dc element="dc.source" value="Reuters"/>
<dc element="dc.creator.location" value="BATON ROUGE, La."/>
<dc element="dc.creator.location.country.name" value="USA"/>
<dc element="dc.source" value="Reuters"/>
</metadata>
</newsitem>
