<?xml version="1.0" encoding="iso-8859-1" ?>
<newsitem itemid="765145" id="root" date="1997-07-30" xml:lang="en">
<title>USA: TABLE - Newpark Resources Q2 shr $0.26.</title>
<headline>TABLE - Newpark Resources Q2 shr $0.26.</headline>
<dateline>METAIRIE, La. 1997-07-30</dateline>
<text>
<p>(In thousands except per share amounts)</p>
<p>		 For the quarter ended	For the six mos. ended</p>
<p>	    Jun 30, 1997 Jun 30, 1996  Jun 30, 1997 June 30, 1996</p>
<p> Revenues    $47,959     $29,091	 $90,873	 $57,464</p>
<p> Net Income    8,269	 3,973	  15,384	   7,290</p>
<p>Net Earnings</p>
<p>  Per Share	.26	   .17	     .48	     .31</p>
<p>Weighted average number</p>
<p>of common and common</p>
<p>equivalent shares</p>
<p>  outstanding 32,229	23,840	  32,007	  23,694</p>
<p>NOTE: Results for the 1996 quarter and first half have been restated to give effect to the two-for-one stock split distributed to shareholders as of June 20, 1997 and to reflect the effect of recent acquisitions accounted for as pooling of interests.</p>
<p>Full company name is Newpark Resources Inc.</p>
<p>--((New York Newsdesk 212 859-1610))</p>
</text>
<copyright>(c) Reuters Limited 1997</copyright>
<metadata>
<codes class="bip:countries:1.0">
  <code code="USA">
    <editdetail attribution="Reuters BIP Coding Group" action="confirmed" date="1997-07-30"/>
  </code>
</codes>
<codes class="bip:industries:1.0">
  <code code="I92110">
    <editdetail attribution="Reuters BIP Coding Group" action="confirmed" date="1997-07-30"/>
  </code>
</codes>
<codes class="bip:topics:1.0">
  <code code="C15">
    <editdetail attribution="Reuters BIP Coding Group" action="confirmed" date="1997-07-30"/>
  </code>
  <code code="C151">
    <editdetail attribution="Reuters BIP Coding Group" action="confirmed" date="1997-07-30"/>
  </code>
  <code code="CCAT">
    <editdetail attribution="Reuters BIP Coding Group" action="confirmed" date="1997-07-30"/>
  </code>
</codes>
<dc element="dc.date.created" value="1997-07-30"/>
<dc element="dc.publisher" value="Reuters Holdings Plc"/>
<dc element="dc.date.published" value="1997-07-30"/>
<dc element="dc.source" value="Reuters"/>
<dc element="dc.creator.location" value="METAIRIE, La."/>
<dc element="dc.creator.location.country.name" value="USA"/>
<dc element="dc.source" value="Reuters"/>
</metadata>
</newsitem>
