<?xml version="1.0" encoding="iso-8859-1" ?>
<newsitem itemid="765138" id="root" date="1997-07-30" xml:lang="en">
<title>USA: SBC seeks to resolve telecomm act challenge.</title>
<headline>SBC seeks to resolve telecomm act challenge.</headline>
<dateline>SAN ANTONIO, Texas 1997-07-30</dateline>
<text>
<p>SBC Communications said Wednesday it took action to resolve its challenge of the Telecommunications Act of 1996 by sighting irreparable harm, including denial of business opportunities, loss of customer goodwill and infringement of First Amendment rights.</p>
<p>The company said it moved for a summary judgement by the U.S. District Court, Northern District of Texas, Wichita Falls District, who is hearing the case.</p>
<p>On July 2, the company sued to declare a portion of the act unconstitutional on the grounds it discriminates against itself and the five remaining Bell Operating companies.</p>
<p>SBC said the Act prohibits it and the other companies from competing for long distance and other services that local exchange companies are free to provide.</p>
<p>The company said the restrictions are referred to in the Act as &quot;Special Provisions Concerning Bell Operating Companies.&quot;</p>
</text>
<copyright>(c) Reuters Limited 1997</copyright>
<metadata>
<codes class="bip:countries:1.0">
  <code code="USA">
    <editdetail attribution="Reuters BIP Coding Group" action="confirmed" date="1997-07-30"/>
  </code>
</codes>
<codes class="bip:industries:1.0">
  <code code="I79020">
    <editdetail attribution="Reuters BIP Coding Group" action="confirmed" date="1997-07-30"/>
  </code>
</codes>
<codes class="bip:topics:1.0">
  <code code="C12">
    <editdetail attribution="Reuters BIP Coding Group" action="confirmed" date="1997-07-30"/>
  </code>
  <code code="C13">
    <editdetail attribution="Reuters BIP Coding Group" action="confirmed" date="1997-07-30"/>
  </code>
  <code code="C34">
    <editdetail attribution="Reuters BIP Coding Group" action="confirmed" date="1997-07-30"/>
  </code>
  <code code="CCAT">
    <editdetail attribution="Reuters BIP Coding Group" action="confirmed" date="1997-07-30"/>
  </code>
  <code code="GCAT">
    <editdetail attribution="Reuters BIP Coding Group" action="confirmed" date="1997-07-30"/>
  </code>
  <code code="GCRIM">
    <editdetail attribution="Reuters BIP Coding Group" action="confirmed" date="1997-07-30"/>
  </code>
</codes>
<dc element="dc.date.created" value="1997-07-30"/>
<dc element="dc.publisher" value="Reuters Holdings Plc"/>
<dc element="dc.date.published" value="1997-07-30"/>
<dc element="dc.source" value="Reuters"/>
<dc element="dc.creator.location" value="SAN ANTONIO, Texas"/>
<dc element="dc.creator.location.country.name" value="USA"/>
<dc element="dc.source" value="Reuters"/>
</metadata>
</newsitem>
