<?xml version="1.0" encoding="iso-8859-1" ?>
<newsitem itemid="765125" id="root" date="1997-07-30" xml:lang="en">
<title>USA: TABLE - A.H. Belo Corp Q2 shr falls.</title>
<headline>TABLE - A.H. Belo Corp Q2 shr falls.</headline>
<dateline>DALLAS 1997-07-30</dateline>
<text>
<p>REPORTED			   AS ADJUSTED (a)</p>
<p>		   Three months ended	    Three months ended</p>
<p>				June 30,			   June 30,</p>
<p>	 1997	 1996  % Change     1997	 1996 % Change</p>
<p>Net operating</p>
<p>revenues</p>
<p>Broadcasting</p>
<p>	     $152,194 $ 90,385   68.4% $148,444 $140,835   5.4%</p>
<p>Newspaper</p>
<p>publishing</p>
<p>		171,358  121,682   40.8%  171,358  158,274   8.3%</p>
<p>   Other	8,265	752     ---    8,265    5,311  55.6%</p>
<p>Segment</p>
<p>revenues</p>
<p>		331,817  212,819   55.9%  328,067  304,420   7.8%</p>
<p>Operating cash flow</p>
<p>Broadcasting</p>
<p>		 68,072   37,459   81.7%   67,943   62,769   8.2%</p>
<p>Newspaper</p>
<p>publishing</p>
<p>		 53,038   32,029   65.6%   53,038   38,823  36.6%</p>
<p>   Other    (5,052)	 52    ----  (5,052)  (5,533)   8.7%</p>
<p>Segment</p>
<p>operating</p>
<p>cash flow</p>
<p>		116,058   69,540   66.9%  115,929   96,059  20.7%</p>
<p>After-tax cash</p>
<p>flow per share</p>
<p>		   1.00	.99    1.0%	N/A	N/A    N/A</p>
<p>Earnings Per share</p>
<p>		    .42	.60 (30.0%)	N/A	N/A    N/A</p>
<p>(a)  As adjusted results for 1996 exclude KIRO and include KMOV, The Providence Journal Company (acquired February 28, 1997) and The Gleaner (acquired March 31, 1997).</p>
<p>CONSOLIDATED STATEMENTS OF EARNINGS</p>
<p>A. H. Belo Corporation and Subsidiaries</p>
<p>				 Three months ended  Six months ended</p>
<p>					  June 30,	 June 30,</p>
<p> In thousands, except	1997     1996     1997	 1996</p>
<p>per share amounts (unaudited)</p>
<p>Net Operating Revenues</p>
<p>   Broadcasting	  $152,194 $ 90,385  $244,196   $160,992</p>
<p>Newspaper publishing</p>
<p>				171,358  121,682   308,537    237,553</p>
<p>   Other			8,265	752    11,786	1,518</p>
<p>Total net operating</p>
<p>	revenues	    331,817  212,819   564,519    400,063</p>
<p>Total operating</p>
<p>costs and expenses</p>
<p>				261,103  164,766   446,354    326,099</p>
<p>Earnings from operations</p>
<p>				 70,714   48,053   118,165     73,964</p>
<p>Other income and expense</p>
<p>   Interest expense    (22,874)  (6,287)  (36,321)   (15,151)</p>
<p>   Other, net (Note 2)    2,354	604     3,603	4,945</p>
<p>Total other income</p>
<p>	and expense	(20,520)  (5,683)  (32,718)   (10,206)</p>
<p>Earnings</p>
<p>Earnings before</p>
<p>    income taxes	   50,194   42,370    85,447     63,758</p>
<p>   Income taxes	    23,881   16,874    41,507     25,538</p>
<p>     Net earnings	  26,313   25,496    43,940     38,220</p>
<p> Net earnings per share    0.42     0.60	0.81	 0.94</p>
<p>Cash dividends</p>
<p>  declared per share	 0.11     0.11	0.22	 0.19</p>
<p>Average shares</p>
<p>  outstanding		62,512   42,556    54,330     40,753</p>
<p>Note 1:  Year-to-date results for 1997 include four months of operations The Providence Journal Company (&quot;PJC&quot;). PJC was acquired on Feb 28, 1997 for approximately $1.8 billion in cash, stock, assumed debt and transaction costs.</p>
<p>Note 2:  Year-to-date other income and expense for 1996  includes a gain of $3,895   (6 cts per share) on the sale of</p>
<p>Maxam Entertainment to CBS.</p>
<p>CONSOLIDATED CONDENSED BALANCE SHEETS</p>
<p>A. H. Belo Corporation and Subsidiaries</p>
<p>						 Jun 30,	    Dec 31,</p>
<p> In thousands				  1997		 1996</p>
<p>Assets</p>
<p>Current assets</p>
<p>Cash and temporary</p>
<p>    cash investments			30,076	     13,829</p>
<p>   Accounts receivable, net	    207,275	    129,976</p>
<p>   Other current assets		   47,387	     28,120</p>
<p> Total current assets		    284,738	    171,925</p>
<p> Property, plant and equipment, net  573,658	    370,780</p>
<p> Intangible assets, net		2,389,937	    582,248</p>
<p> Other assets, at cost		   170,166	     99,119</p>
<p> Total assets			    3,418,499	  1,224,072</p>
<p>Liabilities and Shareholders' Equity</p>
<p>Current liabilities</p>
<p>   Accounts payable			 30,407	     26,239</p>
<p>   Accrued expenses			 90,590	     40,834</p>
<p>   Other current liabilities	    22,582	     22,240</p>
<p> Total current liabilities	     143,579	     89,313</p>
<p> Long-term debt			  1,510,685	    631,857</p>
<p> Deferred income taxes		   443,436	    121,808</p>
<p> Other liabilities			  38,138	     10,611</p>
<p> Total shareholders' equity	  1,282,661	    370,483</p>
<p>Total liabilities and</p>
<p>  shareholders' equity		 3,418,499	  1,224,072</p>
<p>Note 1:  Balances at June 30, 1997 reflect the preliminary purchase price allocation for The Providence Journal Company, acquired on ruary 28, 1997 for approximately $1.8 billion in cash, stock, assumed debt and transaction costs.</p>
<p>(( -- New York Newsdesk 212 859-1610))</p>
</text>
<copyright>(c) Reuters Limited 1997</copyright>
<metadata>
<codes class="bip:countries:1.0">
  <code code="USA">
    <editdetail attribution="Reuters BIP Coding Group" action="confirmed" date="1997-07-30"/>
  </code>
</codes>
<codes class="bip:industries:1.0">
  <code code="I97400">
    <editdetail attribution="Reuters BIP Coding Group" action="confirmed" date="1997-07-30"/>
  </code>
</codes>
<codes class="bip:topics:1.0">
  <code code="C15">
    <editdetail attribution="Reuters BIP Coding Group" action="confirmed" date="1997-07-30"/>
  </code>
  <code code="C151">
    <editdetail attribution="Reuters BIP Coding Group" action="confirmed" date="1997-07-30"/>
  </code>
  <code code="CCAT">
    <editdetail attribution="Reuters BIP Coding Group" action="confirmed" date="1997-07-30"/>
  </code>
</codes>
<dc element="dc.date.created" value="1997-07-30"/>
<dc element="dc.publisher" value="Reuters Holdings Plc"/>
<dc element="dc.date.published" value="1997-07-30"/>
<dc element="dc.source" value="Reuters"/>
<dc element="dc.creator.location" value="DALLAS"/>
<dc element="dc.creator.location.country.name" value="USA"/>
<dc element="dc.source" value="Reuters"/>
</metadata>
</newsitem>
