<?xml version="1.0" encoding="iso-8859-1" ?>
<newsitem itemid="765174" id="root" date="1997-07-30" xml:lang="en">
<title>USA: TABLE - Foodmaker Q3 results.</title>
<headline>TABLE - Foodmaker Q3 results.</headline>
<dateline>SAN DIEGO 1997-07-30</dateline>
<text>
<p>FOODMAKER, INC. AND SUBSIDIARIES</p>
<p>		  UNAUDITED CONSOLIDATED STATEMENTS OF OPERATIONS</p>
<p>			 (In thousands, except per share data)</p>
<p>				Twelve Weeks Ended  Forty Weeks Ended</p>
<p>				    Jul 6,   Jul 7,   Jul 6,   Jul 7,</p>
<p>				     1997	1996     1997     1996</p>
<p>Revenues:</p>
<p>Restaurant sales  . . . . $234,828 $209,043 $749,860 $677,391</p>
<p>   Distribution sales . .    7,129   25,297   41,989  117,219</p>
<p>Franchise rents and</p>
<p>    royalties . . . . . .    8,461    7,927   27,166   25,926</p>
<p>   Other. . . . . . . . .    1,263	880    3,142    3,216</p>
<p>				   251,681  243,147  822,157  823,752</p>
<p>Costs and expenses:</p>
<p>Costs of revenues:</p>
<p>Restaurant costs of</p>
<p>	sales . . . . . . .   77,285   67,401  250,078  221,225</p>
<p>Restaurant operating</p>
<p>costs . . . . . . . . . .  119,494  110,049  385,238  362,527</p>
<p>Costs of distribution</p>
<p>	sales . . . . . . .    6,956   24,849   41,606  115,179</p>
<p>Franchised restaurant</p>
<p>	costs . . . . . . .    6,175    4,704   18,194   15,746</p>
<p>Selling, general and</p>
<p>	administrative. . .   19,652   18,146   62,682   54,408</p>
<p>     Interest expense . .    9,324   10,983   31,342   36,649</p>
<p>				   238,886  236,132  789,140  805,734</p>
<p>Earnings before income</p>
<p>  taxes . . . . . . . . .   12,795    7,015   33,017   18,018</p>
<p> Income taxes . . . . . .    2,800    1,500    7,300    3,800</p>
<p> Net earnings . . . . . .    9,995    5,515   25,717   14,218</p>
<p>Net earnings per share -</p>
<p>  primary and fully diluted.   .25	.14	.65	.36</p>
<p>Weighted average shares</p>
<p>  outstanding . . . . . .   39,871   39,358   39,633   39,260</p>
</text>
<copyright>(c) Reuters Limited 1997</copyright>
<metadata>
<codes class="bip:countries:1.0">
  <code code="USA">
    <editdetail attribution="Reuters BIP Coding Group" action="confirmed" date="1997-07-30"/>
  </code>
</codes>
<codes class="bip:industries:1.0">
  <code code="I66100">
    <editdetail attribution="Reuters BIP Coding Group" action="confirmed" date="1997-07-30"/>
  </code>
</codes>
<codes class="bip:topics:1.0">
  <code code="C15">
    <editdetail attribution="Reuters BIP Coding Group" action="confirmed" date="1997-07-30"/>
  </code>
  <code code="C151">
    <editdetail attribution="Reuters BIP Coding Group" action="confirmed" date="1997-07-30"/>
  </code>
  <code code="CCAT">
    <editdetail attribution="Reuters BIP Coding Group" action="confirmed" date="1997-07-30"/>
  </code>
</codes>
<dc element="dc.date.created" value="1997-07-30"/>
<dc element="dc.publisher" value="Reuters Holdings Plc"/>
<dc element="dc.date.published" value="1997-07-30"/>
<dc element="dc.source" value="Reuters"/>
<dc element="dc.creator.location" value="SAN DIEGO"/>
<dc element="dc.creator.location.country.name" value="USA"/>
<dc element="dc.source" value="Reuters"/>
</metadata>
</newsitem>
