<?xml version="1.0" encoding="iso-8859-1" ?>
<newsitem itemid="765190" id="root" date="1997-07-30" xml:lang="en">
<title>USA: TABLE - CIGNA Q2 oper shr $3.61 vs $3.28.</title>
<headline>TABLE - CIGNA Q2 oper shr $3.61 vs $3.28.</headline>
<dateline>PHILADELPHIA 1997-07-30</dateline>
<text>
<p>CIGNA CORPORATION</p>
<p>		    COMPARATIVE SUMMARY OF FINANCIAL RESULTS</p>
<p>		(Dollars in millions, except per share amounts)</p>
<p>				 Three Months Ended  Six Months Ended</p>
<p>						  June 30,    June 30,</p>
<p>					  1997    1996     1997    1996</p>
<p>REVENUES</p>
<p>  Premiums and fees	     $3,482  $3,499   $6,870  $6,889</p>
<p>  Net investment income	  1,062   1,111    2,115   2,194</p>
<p>  Other revenues		     163     152	323     294</p>
<p>Realized investment gains</p>
<p>   (losses)			     12    (31)	 56     (1)</p>
<p>	Total			  4,719   4,731    9,364   9,376</p>
<p>OPERATING INCOME (LOSS)</p>
<p>BY SEGMENT (A)</p>
<p>Employee Life and Health Benefits:</p>
<p>    Indemnity Operations	    68	69	126     125</p>
<p>    HMO operations		    58	52	117     108</p>
<p>Total Employee Life</p>
<p>	 and Health Benefits	 126     121	243     233</p>
<p>Employee Retirement</p>
<p>    and Savings Benefits	    53	44	107	95</p>
<p>   Individual Financial Services  48	42	 95	74</p>
<p>Property and Casualty:</p>
<p>    International		     36	36	 69	65</p>
<p>    Domestic			    23	20	 46	32</p>
<p>     Ongoing operations	     59	56	115	97</p>
<p>    Run-off operations		--	 3	  1	 4</p>
<p>Total Property and Casualty</p>
<p>					    59	59	116     101</p>
<p>   Other Operations		 (16)    (14)     (31)    (32)</p>
<p>    Total				270     252	530     471</p>
<p>NET INCOME (LOSS) BY SEGMENT</p>
<p>Employee Life and Health Benefits:</p>
<p>   Indemnity operations	     70	65	132     119</p>
<p>   HMO operations		     58	52	117     108</p>
<p>Total Employee Life</p>
<p>	 and Health Benefits	 128     117	249     227</p>
<p>Employee Retirement</p>
<p>   and Savings Benefits	     54	40	116     101</p>
<p>  Individual Financial Services   47	40	102	74</p>
<p>Property and Casualty:</p>
<p>   International			42	39	 83	75</p>
<p>   Domestic			     25	16	 47	33</p>
<p>    Ongoing operations		67	55	130     108</p>
<p>   Run-off operations		(1)     (4)	  1     (7)</p>
<p>Total Property and Casualty</p>
<p>					    66	51	131     101</p>
<p>  Other Operations		  (16)    (17)     (31)    (34)</p>
<p>	Total			    279     231	567     469</p>
<p>WEIGHTED AVERAGE SHARES</p>
<p>  OUTSTANDING (thousands)     74,740  76,821   74,664  76,854</p>
<p>EARNINGS PER SHARE:</p>
<p>  Operating income (A)	    3.61    3.28     7.10    6.13</p>
<p>After-tax realized investment</p>
<p>   gains (losses)		   0.12  (0.28)     0.49  (0.03)</p>
<p>  Net income			  3.73    3.00     7.59    6.10</p>
<p>SHAREHOLDERS' EQUITY at June 30</p>
<p>								7,548   6,885</p>
<p>SHAREHOLDERS' EQUITY PER SHARE at June</p>
<p>					    30	     101.98   90.40</p>
<p>(A) Operating income (loss) is defined as net income (loss) excluding after-tax realized investment results. SOURCE CIGNA Corporation</p>
<p>First Call consensus estimate of operating earnings was $3.44 a share.</p>
<p>-- New York Newsdesk 212 859-1610</p>
</text>
<copyright>(c) Reuters Limited 1997</copyright>
<metadata>
<codes class="bip:countries:1.0">
  <code code="USA">
    <editdetail attribution="Reuters BIP Coding Group" action="confirmed" date="1997-07-30"/>
  </code>
</codes>
<codes class="bip:industries:1.0">
  <code code="I82001">
    <editdetail attribution="Reuters BIP Coding Group" action="confirmed" date="1997-07-30"/>
  </code>
</codes>
<codes class="bip:topics:1.0">
  <code code="C15">
    <editdetail attribution="Reuters BIP Coding Group" action="confirmed" date="1997-07-30"/>
  </code>
  <code code="C151">
    <editdetail attribution="Reuters BIP Coding Group" action="confirmed" date="1997-07-30"/>
  </code>
  <code code="CCAT">
    <editdetail attribution="Reuters BIP Coding Group" action="confirmed" date="1997-07-30"/>
  </code>
</codes>
<dc element="dc.date.created" value="1997-07-30"/>
<dc element="dc.publisher" value="Reuters Holdings Plc"/>
<dc element="dc.date.published" value="1997-07-30"/>
<dc element="dc.source" value="Reuters"/>
<dc element="dc.creator.location" value="PHILADELPHIA"/>
<dc element="dc.creator.location.country.name" value="USA"/>
<dc element="dc.source" value="Reuters"/>
</metadata>
</newsitem>
