<?xml version="1.0" encoding="iso-8859-1" ?>
<newsitem itemid="765113" id="root" date="1997-07-30" xml:lang="en">
<title>USA: Biogen sues Amgen for patent infringement.</title>
<headline>Biogen sues Amgen for patent infringement.</headline>
<dateline>BOSTON 1997-07-30</dateline>
<text>
<p>Biogen Inc filed suit late Wednesday against Amgen Inc, charging the California-based pharmaceutical with patent infringement concerning a drug used to treat Hepatitis C.</p>
<p>Biogen, in its suit filed in the U.S. District Court in Boston, alleges that Amgen's Infergen, a type of interferon that the Food and Drug Administration is expected to approve shortly, uses technology it developed for its interferon product, called Intro A.  </p>
<p>The Cambridge, Mass.-based Biogen licensed Intro A, which is used in the treatment of various cancers as well as Hepatitis C, to Schering Corp, a unit of Schering-Plough Corp. Schering Corp filed a similar suit against Amgen last December in the U.S. District Court in Wilmington, Del.</p>
<p>Amgen spokesman David Kaye said his company's product Infergen is a &quot;non-naturally occurring interferon&quot; and the Thousand Oaks, Calif.-based concern is close to getting approval from the FDA for the drug in the treatment of Hepatitis C.</p>
<p>He estimated that some 250,000 Americans have been diagnosed with Hepatitis C, which he called &quot;very common and widely under-diagnosed...It's thought that the number of sufferers could be well into the millions.&quot;</p>
<p>((--Leslie Gevirtz, 617-367-4142))</p>
</text>
<copyright>(c) Reuters Limited 1997</copyright>
<metadata>
<codes class="bip:countries:1.0">
  <code code="USA">
    <editdetail attribution="Reuters BIP Coding Group" action="confirmed" date="1997-07-30"/>
  </code>
</codes>
<codes class="bip:industries:1.0">
  <code code="I25700">
    <editdetail attribution="Reuters BIP Coding Group" action="confirmed" date="1997-07-30"/>
  </code>
</codes>
<codes class="bip:topics:1.0">
  <code code="C12">
    <editdetail attribution="Reuters BIP Coding Group" action="confirmed" date="1997-07-30"/>
  </code>
  <code code="CCAT">
    <editdetail attribution="Reuters BIP Coding Group" action="confirmed" date="1997-07-30"/>
  </code>
  <code code="GCAT">
    <editdetail attribution="Reuters BIP Coding Group" action="confirmed" date="1997-07-30"/>
  </code>
  <code code="GCRIM">
    <editdetail attribution="Reuters BIP Coding Group" action="confirmed" date="1997-07-30"/>
  </code>
</codes>
<dc element="dc.date.created" value="1997-07-30"/>
<dc element="dc.publisher" value="Reuters Holdings Plc"/>
<dc element="dc.date.published" value="1997-07-30"/>
<dc element="dc.source" value="Reuters"/>
<dc element="dc.creator.location" value="BOSTON"/>
<dc element="dc.creator.location.country.name" value="USA"/>
<dc element="dc.source" value="Reuters"/>
</metadata>
</newsitem>
