<?xml version="1.0" encoding="iso-8859-1" ?>
<newsitem itemid="765118" id="root" date="1997-07-30" xml:lang="en">
<title>USA: Sunair chairman gets offer to buy majority stake.</title>
<headline>Sunair chairman gets offer to buy majority stake.</headline>
<dateline>MIAMI 1997-07-30</dateline>
<text>
<p>Sunair Electronics Inc Chairman Robert Uricho said Wednesday he received an unsolicited offer to purchase his roughly 50.7 percent of the company's outstanding stock at $4.25 per share.</p>
<p>Uricho said the offer has been tentatively accepted contingent upon approval of the board of directors and counsels of both parties.</p>
<p>Company spokesperson was immediately available for comment.</p>
</text>
<copyright>(c) Reuters Limited 1997</copyright>
<metadata>
<codes class="bip:countries:1.0">
  <code code="USA">
    <editdetail attribution="Reuters BIP Coding Group" action="confirmed" date="1997-07-30"/>
  </code>
</codes>
<codes class="bip:industries:1.0">
  <code code="I34400">
    <editdetail attribution="Reuters BIP Coding Group" action="confirmed" date="1997-07-30"/>
  </code>
</codes>
<codes class="bip:topics:1.0">
  <code code="C18">
    <editdetail attribution="Reuters BIP Coding Group" action="confirmed" date="1997-07-30"/>
  </code>
  <code code="C181">
    <editdetail attribution="Reuters BIP Coding Group" action="confirmed" date="1997-07-30"/>
  </code>
  <code code="CCAT">
    <editdetail attribution="Reuters BIP Coding Group" action="confirmed" date="1997-07-30"/>
  </code>
</codes>
<dc element="dc.date.created" value="1997-07-30"/>
<dc element="dc.publisher" value="Reuters Holdings Plc"/>
<dc element="dc.date.published" value="1997-07-30"/>
<dc element="dc.source" value="Reuters"/>
<dc element="dc.creator.location" value="MIAMI"/>
<dc element="dc.creator.location.country.name" value="USA"/>
<dc element="dc.source" value="Reuters"/>
</metadata>
</newsitem>
