<?xml version="1.0" encoding="iso-8859-1" ?>
<newsitem itemid="765169" id="root" date="1997-07-30" xml:lang="en">
<title>USA: TABLE-McLeodUSA Inc Q2 shr loss.</title>
<headline>TABLE-McLeodUSA Inc Q2 shr loss.</headline>
<dateline>CEDAR RAPIDS, Iowa 1997-07-30</dateline>
<text>
<p>(In thousands except for per share data)</p>
<p>				Three Months Ended   Six Months Ended</p>
<p>				     June 30,		June 30,</p>
<p>				    1997     1996     1997	 1996</p>
<p> Revenue		     $46,523  $13,918   $82,270   $26,406</p>
<p>Operating expenses:</p>
<p>  Cost of service	   27,563    9,474    48,763    18,724</p>
<p>Selling, general and</p>
<p>   administrative	   28,398    7,631    52,383    13,976</p>
<p>Depreciation and</p>
<p>   amortization		5,231    1,604     9,353     2,573</p>
<p>  Other			    999     ----     2,607	----</p>
<p>	 Total operating</p>
<p>	  expenses	    62,191   18,709   113,106    35,273</p>
<p>	 Operating loss   (15,668)  (4,791)  (30,836)   (8,867)</p>
<p>Non-operating income</p>
<p>(expense):</p>
<p>    Interest income	  6,199	504    10,452	 505</p>
<p>    Interest (expense)   (7,039)    (256)   (9,486)     (521)</p>
<p>    Other			   12     ----	  19	----</p>
<p>	 Total non-operating</p>
<p>	  income (expense)   (828)	248	 985	(16)</p>
<p>	 Loss before income</p>
<p>	  taxes	     (16,496)  (4,543)  (29,851)   (8,883)</p>
<p> Income Taxes		   ----     ----	----	----</p>
<p>	 Net loss	   (16,496)  (4,543)  (29,851)   (8,883)</p>
<p>Loss per common and</p>
<p>  common equivalent share (0.31)   (0.11)    (0.57)    (0.23)</p>
<p>Weighted average common and</p>
<p>common equivalent shares</p>
<p>    outstanding	     52,583   39,968    52,456    38,512</p>
<p> EBITDA			(9,438)  (3,187)  (18,876)   (6,294)</p>
<p>	 ((--Chicago newsdesk, 312-408-8787))</p>
</text>
<copyright>(c) Reuters Limited 1997</copyright>
<metadata>
<codes class="bip:countries:1.0">
  <code code="USA">
    <editdetail attribution="Reuters BIP Coding Group" action="confirmed" date="1997-07-30"/>
  </code>
</codes>
<codes class="bip:industries:1.0">
  <code code="I79020">
    <editdetail attribution="Reuters BIP Coding Group" action="confirmed" date="1997-07-30"/>
  </code>
</codes>
<codes class="bip:topics:1.0">
  <code code="C15">
    <editdetail attribution="Reuters BIP Coding Group" action="confirmed" date="1997-07-30"/>
  </code>
  <code code="C151">
    <editdetail attribution="Reuters BIP Coding Group" action="confirmed" date="1997-07-30"/>
  </code>
  <code code="CCAT">
    <editdetail attribution="Reuters BIP Coding Group" action="confirmed" date="1997-07-30"/>
  </code>
</codes>
<dc element="dc.date.created" value="1997-07-30"/>
<dc element="dc.publisher" value="Reuters Holdings Plc"/>
<dc element="dc.date.published" value="1997-07-30"/>
<dc element="dc.source" value="Reuters"/>
<dc element="dc.creator.location" value="CEDAR RAPIDS, Iowa"/>
<dc element="dc.creator.location.country.name" value="USA"/>
<dc element="dc.source" value="Reuters"/>
</metadata>
</newsitem>
