<?xml version="1.0" encoding="iso-8859-1" ?>
<newsitem itemid="765165" id="root" date="1997-07-30" xml:lang="en">
<title>USA: TABLE-AmeriGas Partners LP Q3 loss narrows.</title>
<headline>TABLE-AmeriGas Partners LP Q3 loss narrows.</headline>
<dateline>VALLEY FORGE, Pa. 1997-07-30</dateline>
<text>
<p>1997			1996</p>
<p> Unit loss		   $0.36     loss	 $0.53</p>
<p> Net loss		   15,152     loss	22,146</p>
<p>			 9 MONTHS</p>
<p> Unit profit		 $1.74   profit	 $1.11</p>
<p> Net profit		 73,307   profit	46,579</p>
<p>(All Data Above 000s Except Per Share Numbers)</p>
</text>
<copyright>(c) Reuters Limited 1997</copyright>
<metadata>
<codes class="bip:countries:1.0">
  <code code="USA">
    <editdetail attribution="Reuters BIP Coding Group" action="confirmed" date="1997-07-30"/>
  </code>
</codes>
<codes class="bip:topics:1.0">
  <code code="C15">
    <editdetail attribution="Reuters BIP Coding Group" action="confirmed" date="1997-07-30"/>
  </code>
  <code code="C151">
    <editdetail attribution="Reuters BIP Coding Group" action="confirmed" date="1997-07-30"/>
  </code>
  <code code="CCAT">
    <editdetail attribution="Reuters BIP Coding Group" action="confirmed" date="1997-07-30"/>
  </code>
</codes>
<dc element="dc.date.created" value="1997-07-30"/>
<dc element="dc.publisher" value="Reuters Holdings Plc"/>
<dc element="dc.date.published" value="1997-07-30"/>
<dc element="dc.source" value="Reuters"/>
<dc element="dc.creator.location" value="VALLEY FORGE, Pa."/>
<dc element="dc.creator.location.country.name" value="USA"/>
<dc element="dc.source" value="Reuters"/>
</metadata>
</newsitem>
