<?xml version="1.0" encoding="iso-8859-1" ?>
<newsitem itemid="765107" id="root" date="1997-07-30" xml:lang="en">
<title>USA: TABLE-Federal Realty Investment Q2 results.</title>
<headline>TABLE-Federal Realty Investment Q2 results.</headline>
<dateline>ROCKVILLE, Md. 1997-07-30</dateline>
<text>
<p>Financial Highlights</p>
<p>			 (in thousands, except per share data)</p>
<p>				 Three Months Ended  Six Months Ended</p>
<p>					   June 30,	  June 30,</p>
<p> Operating Results	1997	  1996	1997	 1996</p>
<p>Revenues</p>
<p> Rental income	   47061	 39913     90981	80660</p>
<p> Interest		   1448	  1056	2948	 1919</p>
<p> Other income	     2293	  2601	5520	 4763</p>
<p>			     50802	 43570     99449	87342</p>
<p>Expenses</p>
<p> Rental		    10789	  9924     21005	21717</p>
<p> Real estate taxes	4892	  4045	9466	 7969</p>
<p> Interest		  11999	 11139     23988	22288</p>
<p> Administrative	   2493	  2136	4594	 3822</p>
<p>Depreciation</p>
<p>   and amortization    10404	  9344     20528	18676</p>
<p>			     40577	 36588     79581	74472</p>
<p>Operating income before</p>
<p>investors' share of</p>
<p>operations and gain</p>
<p>on sale of real estate</p>
<p>			     10225	  6982     19868	12870</p>
<p>Investors' share</p>
<p>  of operations	  (249)	  (85)     (581)	   53</p>
<p>Income before gain</p>
<p>on sale of real estate</p>
<p>				9976	  6897     19287	12923</p>
<p>Gain on sale</p>
<p>  of real estate	  7034	    --	7034	   --</p>
<p> Net income		17010	  6897     26321	12923</p>
<p> Earnings per share     0.43	  0.21	0.68	 0.40</p>
<p>Funds from Operations</p>
<p> Net income		17010	  6897     26321	12923</p>
<p>Add: depreciation</p>
<p>and amortization</p>
<p>of real estate assets</p>
<p>				9354	  8355     18418	16697</p>
<p>Add: amortization</p>
<p>of initial direct</p>
<p>  costs of leases	  564	   592	1148	 1185</p>
<p>Less: gain on sale</p>
<p>  of real estate     (7,034)	    --   (7,034)	   --</p>
<p>Funds from operations</p>
<p>			     19894	 15844     38853	30805</p>
<p>Funds from operations</p>
<p>  per share		 0.51	  0.48	1.01	 0.94</p>
<p>Weighted average</p>
<p>  shares outstanding   39219	 33066     38633	32666</p>
<p>NOTE: Full name of company is Federal Realty Investment Trust.</p>
</text>
<copyright>(c) Reuters Limited 1997</copyright>
<metadata>
<codes class="bip:countries:1.0">
  <code code="USA">
    <editdetail attribution="Reuters BIP Coding Group" action="confirmed" date="1997-07-30"/>
  </code>
</codes>
<codes class="bip:industries:1.0">
  <code code="I81502">
    <editdetail attribution="Reuters BIP Coding Group" action="confirmed" date="1997-07-30"/>
  </code>
  <code code="I8150206">
    <editdetail attribution="Reuters BIP Coding Group" action="confirmed" date="1997-07-30"/>
  </code>
</codes>
<codes class="bip:topics:1.0">
  <code code="C15">
    <editdetail attribution="Reuters BIP Coding Group" action="confirmed" date="1997-07-30"/>
  </code>
  <code code="C151">
    <editdetail attribution="Reuters BIP Coding Group" action="confirmed" date="1997-07-30"/>
  </code>
  <code code="CCAT">
    <editdetail attribution="Reuters BIP Coding Group" action="confirmed" date="1997-07-30"/>
  </code>
</codes>
<dc element="dc.date.created" value="1997-07-30"/>
<dc element="dc.publisher" value="Reuters Holdings Plc"/>
<dc element="dc.date.published" value="1997-07-30"/>
<dc element="dc.source" value="Reuters"/>
<dc element="dc.creator.location" value="ROCKVILLE, Md."/>
<dc element="dc.creator.location.country.name" value="USA"/>
<dc element="dc.source" value="Reuters"/>
</metadata>
</newsitem>
