<?xml version="1.0" encoding="iso-8859-1" ?>
<newsitem itemid="765126" id="root" date="1997-07-30" xml:lang="en">
<title>USA: Geographics may be delisted by Nasdaq.</title>
<headline>Geographics may be delisted by Nasdaq.</headline>
<dateline>BLAINE, Wash. 1997-07-30</dateline>
<text>
<p>Geographics Inc said Wednesday it had been informed by the Nasdaq stock exchange that it may be delisted because of its failure to file its annual report for the fiscal year ended March 31, 1997 by the July 15, 1997 extended due date.</p>
<p>Geographics said in a statement it expects to file its annual report by the end of August 1997 and believes that this will result in continued listing of its securities by Nasdaq.</p>
<p>Geographics also said class action lawsuits have been filed in the U.S. District Court for the Western District of Washington on behalf of purchasers of Geographics shares between August 6, 1996 and June 12, 1997 charging Geographics and certain of its officers and directors with violations of federal securities laws.</p>
<p>The complaint alleges the company made a series of materially false and misleading statements regarding its financial condition and results of operations. Geographics said it believes the claims are without merit.</p>
</text>
<copyright>(c) Reuters Limited 1997</copyright>
<metadata>
<codes class="bip:countries:1.0">
  <code code="USA">
    <editdetail attribution="Reuters BIP Coding Group" action="confirmed" date="1997-07-30"/>
  </code>
</codes>
<codes class="bip:industries:1.0">
  <code code="I47200">
    <editdetail attribution="Reuters BIP Coding Group" action="confirmed" date="1997-07-30"/>
  </code>
</codes>
<codes class="bip:topics:1.0">
  <code code="C12">
    <editdetail attribution="Reuters BIP Coding Group" action="confirmed" date="1997-07-30"/>
  </code>
  <code code="C14">
    <editdetail attribution="Reuters BIP Coding Group" action="confirmed" date="1997-07-30"/>
  </code>
  <code code="C15">
    <editdetail attribution="Reuters BIP Coding Group" action="confirmed" date="1997-07-30"/>
  </code>
  <code code="C151">
    <editdetail attribution="Reuters BIP Coding Group" action="confirmed" date="1997-07-30"/>
  </code>
  <code code="CCAT">
    <editdetail attribution="Reuters BIP Coding Group" action="confirmed" date="1997-07-30"/>
  </code>
  <code code="GCAT">
    <editdetail attribution="Reuters BIP Coding Group" action="confirmed" date="1997-07-30"/>
  </code>
  <code code="GCRIM">
    <editdetail attribution="Reuters BIP Coding Group" action="confirmed" date="1997-07-30"/>
  </code>
</codes>
<dc element="dc.date.created" value="1997-07-30"/>
<dc element="dc.publisher" value="Reuters Holdings Plc"/>
<dc element="dc.date.published" value="1997-07-30"/>
<dc element="dc.source" value="Reuters"/>
<dc element="dc.creator.location" value="BLAINE, Wash."/>
<dc element="dc.creator.location.country.name" value="USA"/>
<dc element="dc.source" value="Reuters"/>
</metadata>
</newsitem>
