<?xml version="1.0" encoding="iso-8859-1" ?>
<newsitem itemid="765135" id="root" date="1997-07-30" xml:lang="en">
<title>USA: TABLE-John Q. Hammons Hotels Inc Q2 net.</title>
<headline>TABLE-John Q. Hammons Hotels Inc Q2 net.</headline>
<dateline>SPRINGFIELD, Mo. 1997-07-30</dateline>
<text>
<p>1997			1996</p>
<p> Shr			  $0.26		    $0.26</p>
<p> Net			  1,643		    1,638</p>
<p> Revs			76,219		   68,343</p>
<p> Avg shrs		   6,336		    6,336</p>
<p>	  6  MONTHS</p>
<p> Shr			  $0.45		    $0.35</p>
<p> Net			  2,830		    2,237</p>
<p> Revs		     146,761		  132,963</p>
<p> Avg shrs		   6,336		    6,336</p>
<p>(All data above 000s except per share numbers)</p>
<p>((--Chicago newsdesk, 312-408-8787))</p>
</text>
<copyright>(c) Reuters Limited 1997</copyright>
<metadata>
<codes class="bip:countries:1.0">
  <code code="USA">
    <editdetail attribution="Reuters BIP Coding Group" action="confirmed" date="1997-07-30"/>
  </code>
</codes>
<codes class="bip:industries:1.0">
  <code code="I66500">
    <editdetail attribution="Reuters BIP Coding Group" action="confirmed" date="1997-07-30"/>
  </code>
</codes>
<codes class="bip:topics:1.0">
  <code code="C15">
    <editdetail attribution="Reuters BIP Coding Group" action="confirmed" date="1997-07-30"/>
  </code>
  <code code="C151">
    <editdetail attribution="Reuters BIP Coding Group" action="confirmed" date="1997-07-30"/>
  </code>
  <code code="CCAT">
    <editdetail attribution="Reuters BIP Coding Group" action="confirmed" date="1997-07-30"/>
  </code>
</codes>
<dc element="dc.date.created" value="1997-07-30"/>
<dc element="dc.publisher" value="Reuters Holdings Plc"/>
<dc element="dc.date.published" value="1997-07-30"/>
<dc element="dc.source" value="Reuters"/>
<dc element="dc.creator.location" value="SPRINGFIELD, Mo."/>
<dc element="dc.creator.location.country.name" value="USA"/>
<dc element="dc.source" value="Reuters"/>
</metadata>
</newsitem>
