<?xml version="1.0" encoding="iso-8859-1" ?>
<newsitem itemid="765134" id="root" date="1997-07-30" xml:lang="en">
<title>USA: TABLE-Alphanet Solutions Inc Q2 shr rises.</title>
<headline>TABLE-Alphanet Solutions Inc Q2 shr rises.</headline>
<dateline>CEDAR KNOLLS, N.J. 1997-07-30</dateline>
<text>
<p>(In thousands, except per share amounts)</p>
<p>				 Three Months Ended  Six Months Ended</p>
<p>					  June 30,	   June 30,</p>
<p>			     1997	   1996	1997	 1996</p>
<p>Net sales:</p>
<p> Product sales	 $31,609     $19,677   $70,377    $34,868</p>
<p>Services and support</p>
<p>			    10,201	 4,568    17,934	8,673</p>
<p> Total		    41,810	24,245    88,311     43,541</p>
<p>Gross profit:</p>
<p> Product sales	   3,606	 2,053     7,881	3,961</p>
<p> Services and support  3,465	 1,482     6,170	2,978</p>
<p> Total		     7,071	 3,535    14,051	6,939</p>
<p>Operating expenses:</p>
<p> Selling expenses	2,943	 1,513     5,861	2,762</p>
<p>General and administrative</p>
<p>  expenses		 2,197	 1,237     4,233	2,413</p>
<p> Total		     5,140	 2,750    10,094	5,175</p>
<p> Operating income	1,931	   785     3,957	1,764</p>
<p>Other income (expense):</p>
<p>Interest and other income</p>
<p>				  18	   103	  21	  120</p>
<p> Interest expense	 (85)	  (20)     (146)	 (55)</p>
<p> Total			(67)	    83     (125)	   65</p>
<p>Income before income</p>
<p>  taxes		    1,864	   868     3,832	1,829</p>
<p>Provision for income</p>
<p>taxes (pro forma for 1996)</p>
<p>				 764	   352     1,571	  741</p>
<p>Net income (pro forma</p>
<p>  for 1996)		1,100	   516     2,261	1,088</p>
<p>Net income per share</p>
<p>  (pro forma for 1996)  0.20	  0.10	0.42	 0.24</p>
<p>Average shares</p>
<p>  outstanding	    5,476	 5,073     5,385	4,558</p>
<p>((-- New York Newsdesk 212-859-1610))</p>
</text>
<copyright>(c) Reuters Limited 1997</copyright>
<metadata>
<codes class="bip:countries:1.0">
  <code code="USA">
    <editdetail attribution="Reuters BIP Coding Group" action="confirmed" date="1997-07-30"/>
  </code>
</codes>
<codes class="bip:topics:1.0">
  <code code="C15">
    <editdetail attribution="Reuters BIP Coding Group" action="confirmed" date="1997-07-30"/>
  </code>
  <code code="C151">
    <editdetail attribution="Reuters BIP Coding Group" action="confirmed" date="1997-07-30"/>
  </code>
  <code code="CCAT">
    <editdetail attribution="Reuters BIP Coding Group" action="confirmed" date="1997-07-30"/>
  </code>
</codes>
<dc element="dc.date.created" value="1997-07-30"/>
<dc element="dc.publisher" value="Reuters Holdings Plc"/>
<dc element="dc.date.published" value="1997-07-30"/>
<dc element="dc.source" value="Reuters"/>
<dc element="dc.creator.location" value="CEDAR KNOLLS, N.J."/>
<dc element="dc.creator.location.country.name" value="USA"/>
<dc element="dc.source" value="Reuters"/>
</metadata>
</newsitem>
