<?xml version="1.0" encoding="iso-8859-1" ?>
<newsitem itemid="765151" id="root" date="1997-07-30" xml:lang="en">
<title>USA: TABLE-Alpharma Inc Q2 shr profit vs loss.</title>
<headline>TABLE-Alpharma Inc Q2 shr profit vs loss.</headline>
<dateline>FORT LEE, N.J. 1997-07-30</dateline>
<text>
<p>ALPHARMA INC.</p>
<p>		Consolidated Statement of Operations (Unaudited)</p>
<p>		     (in thousands, except per share data)</p>
<p>				Three Months Ended  Six Months Ended</p>
<p>				     June 30,	    June 30,</p>
<p>			    1997	1996	   1997	 1996</p>
<p> Total revenue     $118,986    $121,219  $240,410    $249,029</p>
<p> Cost of sales	 67,546	71,462   140,848     144,753</p>
<p> Gross profit	  51,440	49,757    99,562     104,276</p>
<p>Selling, general and</p>
<p>administrative</p>
<p>   expenses	    41,500	52,180    80,748	94,124</p>
<p>Operating income</p>
<p>   (loss)		 9,940     (2,423)    18,814	10,152</p>
<p> Interest expense   (4,490)     (4,964)   (9,332)    (10,010)</p>
<p> Other, net		 130	   128     (167)	   304</p>
<p>Income (loss) before</p>
<p>provision for</p>
<p>   income taxes	 5,580     (7,259)     9,315	   446</p>
<p>Provision for</p>
<p>	 income taxes   2,110     (2,757)     3,585	   171</p>
<p>  Net income (loss)   3,470     (4,502)     5,730	   275</p>
<p>Average common shares</p>
<p>outstanding:</p>
<p>     Primary	   21,868	22,045    21,824	22,232</p>
<p>     Fully diluted   21,882	22,045    21,852	22,232</p>
<p>Earnings (loss) per common</p>
<p>share:</p>
<p>     Primary		.16	 (.20)	 .26	   .01</p>
<p>     Fully diluted	.16	 (.20)	 .26	   .01</p>
<p>NOTE: 1996 Q2 includes pre-tax charges and expenses of about $12.1 million ($7.5 million after-tax or $0.34 loss per share) related to the production rationalization plans for the International Pharmaceuticals Division and the U.S. Pharmaceuticals Division.</p>
<p>Results for the first half of 1996 includes pre-tax charges and expenses of about $14 million ($8.7 million after-tax or $0.39 loss per share) also taken in conjunction with changes at those divisions.</p>
</text>
<copyright>(c) Reuters Limited 1997</copyright>
<metadata>
<codes class="bip:countries:1.0">
  <code code="USA">
    <editdetail attribution="Reuters BIP Coding Group" action="confirmed" date="1997-07-30"/>
  </code>
</codes>
<codes class="bip:industries:1.0">
  <code code="I25700">
    <editdetail attribution="Reuters BIP Coding Group" action="confirmed" date="1997-07-30"/>
  </code>
</codes>
<codes class="bip:topics:1.0">
  <code code="C15">
    <editdetail attribution="Reuters BIP Coding Group" action="confirmed" date="1997-07-30"/>
  </code>
  <code code="C151">
    <editdetail attribution="Reuters BIP Coding Group" action="confirmed" date="1997-07-30"/>
  </code>
  <code code="CCAT">
    <editdetail attribution="Reuters BIP Coding Group" action="confirmed" date="1997-07-30"/>
  </code>
</codes>
<dc element="dc.date.created" value="1997-07-30"/>
<dc element="dc.publisher" value="Reuters Holdings Plc"/>
<dc element="dc.date.published" value="1997-07-30"/>
<dc element="dc.source" value="Reuters"/>
<dc element="dc.creator.location" value="FORT LEE, N.J."/>
<dc element="dc.creator.location.country.name" value="USA"/>
<dc element="dc.source" value="Reuters"/>
</metadata>
</newsitem>
