<?xml version="1.0" encoding="iso-8859-1" ?>
<newsitem itemid="765158" id="root" date="1997-07-30" xml:lang="en">
<title>USA: JLG to restructure, sees lower EPS, revs.</title>
<headline>JLG to restructure, sees lower EPS, revs.</headline>
<dateline>MCCONNELLSBURG, Pa. 1997-07-30</dateline>
<text>
<p>JLG Industries Inc said Wednesday its earnings per share for the fourth quarter, ending July 31, 1997, will be below previous expectations and below last year's fourth quarter earnings of $0.30 per share, due primarily to recent order softness and increasingly competitive market conditions.</p>
<p>The company also announced a restructuring plan, including downsizing, designed to counteract the unfavorable market conditions. Under the restructuring, JLG said it plans cut the workforce in September by 850 employees, or 30 percent.</p>
<p>The plan will involve provisions of about $7 million, of which about $2 million will be taken in the fourth quarter; the remaining one-time costs will be taken against fiscal 1998's first quarter, the company said.</p>
<p>JLG said it expects sales during fiscal 1998 to be below 1997's record level, and closer to 1996 revenues.</p>
<p>In fiscal 1998, earnings per share are expected to reach only the lower end of the current range of analysts' expectations, which is about $0.68 to $1.35 per share, it said.</p>
<p>The company said it expects its performance during fiscal 1998 to improve as the year progresses.</p>
</text>
<copyright>(c) Reuters Limited 1997</copyright>
<metadata>
<codes class="bip:countries:1.0">
  <code code="USA">
    <editdetail attribution="Reuters BIP Coding Group" action="confirmed" date="1997-07-30"/>
  </code>
</codes>
<codes class="bip:industries:1.0">
  <code code="I32550">
    <editdetail attribution="Reuters BIP Coding Group" action="confirmed" date="1997-07-30"/>
  </code>
</codes>
<codes class="bip:topics:1.0">
  <code code="C11">
    <editdetail attribution="Reuters BIP Coding Group" action="confirmed" date="1997-07-30"/>
  </code>
  <code code="C15">
    <editdetail attribution="Reuters BIP Coding Group" action="confirmed" date="1997-07-30"/>
  </code>
  <code code="C152">
    <editdetail attribution="Reuters BIP Coding Group" action="confirmed" date="1997-07-30"/>
  </code>
  <code code="CCAT">
    <editdetail attribution="Reuters BIP Coding Group" action="confirmed" date="1997-07-30"/>
  </code>
  <code code="E41">
    <editdetail attribution="Reuters BIP Coding Group" action="confirmed" date="1997-07-30"/>
  </code>
  <code code="ECAT">
    <editdetail attribution="Reuters BIP Coding Group" action="confirmed" date="1997-07-30"/>
  </code>
  <code code="GCAT">
    <editdetail attribution="Reuters BIP Coding Group" action="confirmed" date="1997-07-30"/>
  </code>
  <code code="GJOB">
    <editdetail attribution="Reuters BIP Coding Group" action="confirmed" date="1997-07-30"/>
  </code>
</codes>
<dc element="dc.date.created" value="1997-07-30"/>
<dc element="dc.publisher" value="Reuters Holdings Plc"/>
<dc element="dc.date.published" value="1997-07-30"/>
<dc element="dc.source" value="Reuters"/>
<dc element="dc.creator.location" value="MCCONNELLSBURG, Pa."/>
<dc element="dc.creator.location.country.name" value="USA"/>
<dc element="dc.source" value="Reuters"/>
</metadata>
</newsitem>
