<?xml version="1.0" encoding="iso-8859-1" ?>
<newsitem itemid="765197" id="root" date="1997-07-30" xml:lang="en">
<title>USA: TABLE-LSB Financial Corp Q2 net.</title>
<headline>TABLE-LSB Financial Corp Q2 net.</headline>
<dateline>LAFAYETTE, Ind. 1997-07-30</dateline>
<text>
<p>(Dollars in thousands, except per share data)</p>
<p>				Three months ended  Six months ended</p>
<p>						  June 30	 June 30</p>
<p>					1997	  1996    1997   1996</p>
<p> Total Interest Income	 $3,753     $3,218  $7,294 $6,342</p>
<p> Total Interest Expense	 2,147	1,840   4,149  3,547</p>
<p> Net Interest Income	    1,606	1,378   3,145  2,795</p>
<p> Provision for Loan Losses	 24	  800	48    800</p>
<p>Net Interest Income after</p>
<p>   provision			1,582	  578   3,097  1,995</p>
<p>Deposit Account Service Charges</p>
<p>					  108	   94     188    164</p>
<p>Gain(loss) on Sale of Securities</p>
<p>					    0	    0	 0	9</p>
<p>Gain(loss) on Mortgage Loans</p>
<p>   Originated for Sale	     37	    5     105     37</p>
<p> Other Non-interest Income	 55	   43     106     86</p>
<p> Total Non-interest Income	200	  142     399    296</p>
<p> Total Non-interest Expense   1,188	  987   2,314  2,005</p>
<p>Income/(loss) before Income Taxes</p>
<p>					  594	(267)   1,182    286</p>
<p> Income Tax Expense		 233	(111)     463     99</p>
<p> Net Income/(loss)		  361     ( 156)     719    187</p>
<p> Earnings per Share		0.41    ( 0.17)    0.82   0.21</p>
<p>((--Chicago newsdesk, 312-408-8787))</p>
</text>
<copyright>(c) Reuters Limited 1997</copyright>
<metadata>
<codes class="bip:countries:1.0">
  <code code="USA">
    <editdetail attribution="Reuters BIP Coding Group" action="confirmed" date="1997-07-30"/>
  </code>
</codes>
<codes class="bip:topics:1.0">
  <code code="C15">
    <editdetail attribution="Reuters BIP Coding Group" action="confirmed" date="1997-07-30"/>
  </code>
  <code code="C151">
    <editdetail attribution="Reuters BIP Coding Group" action="confirmed" date="1997-07-30"/>
  </code>
  <code code="CCAT">
    <editdetail attribution="Reuters BIP Coding Group" action="confirmed" date="1997-07-30"/>
  </code>
</codes>
<dc element="dc.date.created" value="1997-07-30"/>
<dc element="dc.publisher" value="Reuters Holdings Plc"/>
<dc element="dc.date.published" value="1997-07-30"/>
<dc element="dc.source" value="Reuters"/>
<dc element="dc.creator.location" value="LAFAYETTE, Ind."/>
<dc element="dc.creator.location.country.name" value="USA"/>
<dc element="dc.source" value="Reuters"/>
</metadata>
</newsitem>
