<?xml version="1.0" encoding="iso-8859-1" ?>
<newsitem itemid="765184" id="root" date="1997-07-30" xml:lang="en">
<title>USA: TABLE-Comshare Inc Q4 June 30 loss.</title>
<headline>TABLE-Comshare Inc Q4 June 30 loss.</headline>
<dateline>ANN ARBOR, Mich. 1997-07-30</dateline>
<text>
<p>(in thousands, except per share data)</p>
<p>				    Three Months	 Twelve Months</p>
<p>					Ended		    Ended</p>
<p>					June 30,	     June 30,</p>
<p>				    1997	1996     1997	1996</p>
<p>Revenue</p>
<p>  Software licenses	 $ 8,588  $10,975   $36,455  $57,715</p>
<p>  Software maintenance	8,697    9,601    35,983   37,095</p>
<p>Implementation, consulting</p>
<p>   and other services	 5,322    6,038    20,393   24,174</p>
<p> Total revenue		 22,607   26,614    92,831  118,984</p>
<p>Costs and expenses</p>
<p>  Selling and marketing    12,190   13,149    53,552   51,354</p>
<p>Cost of revenue and</p>
<p>   support			7,457    9,281    30,594   31,814</p>
<p>Internal research and</p>
<p>   product development	3,471    3,589    15,556   15,977</p>
<p>Internally capitalized</p>
<p>   software		   (1,947)  (1,589)   (6,966)  (6,153)</p>
<p>  Software amortization     1,971    1,601     7,129    6,535</p>
<p>General and administrative</p>
<p>				    3,357    3,783    12,693   13,082</p>
<p>  Unusual charge		    -	  -	   -   23,167</p>
<p>Restructuring related</p>
<p>   costs				-	  -     6,245	  -</p>
<p> Total costs and expenses  26,499   29,814   118,803  135,776</p>
<p>Income (loss) from</p>
<p>  operations		  (3,892)  (3,200)  (25,972) (16,792)</p>
<p>Other income (expense)</p>
<p>  Interest income (expense)   117	314	 494	492</p>
<p>  Exchange gain (loss)	   11	 31     (310)     (50)</p>
<p>Total other income (expense)</p>
<p>					128	345	 184	442</p>
<p>Income (loss) before taxes</p>
<p>				  (3,764)  (2,855)  (25,788) (16,350)</p>
<p>Provision (benefit) for</p>
<p>  income taxes		(1,263)  (2,280)   (8,671)  (6,459)</p>
<p> Net income (loss)	  (2,501)    (575)  (17,117)  (9,891)</p>
<p>Weighted average number of</p>
<p>common and dilutive common</p>
<p> equivalent shares	    9,839    9,666     9,770    9,048</p>
<p>Net income (loss) per</p>
<p> common  share		 (0.25)   (0.06)    (1.75)   (1.09)</p>
<p>((--Chicago newsdesk, 312-408-8787))</p>
</text>
<copyright>(c) Reuters Limited 1997</copyright>
<metadata>
<codes class="bip:countries:1.0">
  <code code="USA">
    <editdetail attribution="Reuters BIP Coding Group" action="confirmed" date="1997-07-30"/>
  </code>
</codes>
<codes class="bip:industries:1.0">
  <code code="I33020">
    <editdetail attribution="Reuters BIP Coding Group" action="confirmed" date="1997-07-30"/>
  </code>
  <code code="I3302021">
    <editdetail attribution="Reuters BIP Coding Group" action="confirmed" date="1997-07-30"/>
  </code>
</codes>
<codes class="bip:topics:1.0">
  <code code="C15">
    <editdetail attribution="Reuters BIP Coding Group" action="confirmed" date="1997-07-30"/>
  </code>
  <code code="C151">
    <editdetail attribution="Reuters BIP Coding Group" action="confirmed" date="1997-07-30"/>
  </code>
  <code code="C1511">
    <editdetail attribution="Reuters BIP Coding Group" action="confirmed" date="1997-07-30"/>
  </code>
  <code code="CCAT">
    <editdetail attribution="Reuters BIP Coding Group" action="confirmed" date="1997-07-30"/>
  </code>
</codes>
<dc element="dc.date.created" value="1997-07-30"/>
<dc element="dc.publisher" value="Reuters Holdings Plc"/>
<dc element="dc.date.published" value="1997-07-30"/>
<dc element="dc.source" value="Reuters"/>
<dc element="dc.creator.location" value="ANN ARBOR, Mich."/>
<dc element="dc.creator.location.country.name" value="USA"/>
<dc element="dc.source" value="Reuters"/>
</metadata>
</newsitem>
