<?xml version="1.0" encoding="iso-8859-1" ?>
<newsitem itemid="765199" id="root" date="1997-07-30" xml:lang="en">
<title>USA: TABLE - Premenos Technology Q2 results.</title>
<headline>TABLE - Premenos Technology Q2 results.</headline>
<dateline>CONCORD, Calif 1997-07-30</dateline>
<text>
<p>(In thousands, except per share data)</p>
<p>				     (Unaudited)</p>
<p>					Three Months Ended  Six Months Ended</p>
<p>						June 30,	     June 30,</p>
<p>					  1997	1996	1997	1996</p>
<p>Revenues:</p>
<p> Software licenses		 $ 5,889  $  5,179   $10,625  $ 9,103</p>
<p> Services				3,819     2,830     7,378    5,460</p>
<p>  Total revenues		     9,708     8,009    18,003   14,563</p>
<p>Cost of revenues:</p>
<p> Software licenses		   1,248	 754     2,437    1,461</p>
<p> Services				1,754     1,210     3,500    2,360</p>
<p>  Total cost of revenues	   3,002     1,964     5,937    3,821</p>
<p>Gross margin			   6,706     6,045    12,066   10,742</p>
<p>Operating expenses:</p>
<p> Product development		 2,301     2,046     5,116    3,843</p>
<p> Sales and marketing		 3,334     2,705     6,383    5,054</p>
<p> General and administrative	  966	 914     2,000    1,760</p>
<p> Acquisition-related costs	    --     2,216	  --    2,216</p>
<p>   Total operating expenses	6,601     7,881    13,499   12,873</p>
<p>Income (loss) from operations	105    (1,836)   (1,433)  (2,131)</p>
<p>Other income (expense), net	  716	 714     1,260    1,471</p>
<p>Income (loss) before provision</p>
<p>(credit) for income taxes and</p>
<p> minority interest		     821    (1,122)     (173)    (660)</p>
<p>Provision (credit) for income</p>
<p>  taxes				    292	 456	 (66)     641</p>
<p>Minority interest			  3	   1	  (2)	(1)</p>
<p>  Net income (loss)		$   526  $ (1,579)  $  (105) $(1,300)</p>
<p>Net income (loss) per share	$0.04    ($0.15)   ($0.01)  ($0.12)</p>
<p>Weighted average number of</p>
<p>common and common equivalent</p>
<p> shares outstanding		 11,871    10,789    11,689   10,684</p>
</text>
<copyright>(c) Reuters Limited 1997</copyright>
<metadata>
<codes class="bip:countries:1.0">
  <code code="USA">
    <editdetail attribution="Reuters BIP Coding Group" action="confirmed" date="1997-07-30"/>
  </code>
</codes>
<codes class="bip:industries:1.0">
  <code code="I33020">
    <editdetail attribution="Reuters BIP Coding Group" action="confirmed" date="1997-07-30"/>
  </code>
  <code code="I3302021">
    <editdetail attribution="Reuters BIP Coding Group" action="confirmed" date="1997-07-30"/>
  </code>
</codes>
<codes class="bip:topics:1.0">
  <code code="C15">
    <editdetail attribution="Reuters BIP Coding Group" action="confirmed" date="1997-07-30"/>
  </code>
  <code code="C151">
    <editdetail attribution="Reuters BIP Coding Group" action="confirmed" date="1997-07-30"/>
  </code>
  <code code="CCAT">
    <editdetail attribution="Reuters BIP Coding Group" action="confirmed" date="1997-07-30"/>
  </code>
</codes>
<dc element="dc.date.created" value="1997-07-30"/>
<dc element="dc.publisher" value="Reuters Holdings Plc"/>
<dc element="dc.date.published" value="1997-07-30"/>
<dc element="dc.source" value="Reuters"/>
<dc element="dc.creator.location" value="CONCORD, Calif"/>
<dc element="dc.creator.location.country.name" value="USA"/>
<dc element="dc.source" value="Reuters"/>
</metadata>
</newsitem>
