<?xml version="1.0" encoding="iso-8859-1" ?>
<newsitem itemid="765108" id="root" date="1997-07-30" xml:lang="en">
<title>USA: TABLE-Speedway Motor Sports sells $125 mln debt.</title>
<headline>TABLE-Speedway Motor Sports sells $125 mln debt.</headline>
<dateline>NEW YORK 1997-07-30</dateline>
<text>
<p>The following 144a private placement of debt from Speedway Motor Sports Inc was priced on Wednesday via NationsBanc Capital Markets Inc, according to market sources.</p>
<p>The company owns and operates motor speedways in the U.S. including the Atlanta Motor Speedway, Bristol Motor Speedway, Charlotte Motor Speedway and Texas Motor Speedway.</p>
<p>BORROWER SPEEDWAY MOTORSPORTS INC</p>
<p>AMT $125 MLN	 COUPON 8.50 PCT   MATURITY 8/15/07</p>
<p>TYPE SNR SUB NOTES ISS PRICE 99.728  FIRST PAY DATE 2/1/98</p>
<p>LAST MOODY'S BA3   YIELD 8.54 PCT    PAY FREQ SEMI-ANNUAL</p>
<p>LAST S&amp;P B-PLUS    SPREAD +250 BPS   CALLABLE NON CALL FIVE</p>
<p>(U.S. Corporate Bond Unit, 212-859-1662))</p>
</text>
<copyright>(c) Reuters Limited 1997</copyright>
<metadata>
<codes class="bip:countries:1.0">
  <code code="USA">
    <editdetail attribution="Reuters BIP Coding Group" action="confirmed" date="1997-07-30"/>
  </code>
</codes>
<codes class="bip:topics:1.0">
  <code code="C17">
    <editdetail attribution="Reuters BIP Coding Group" action="confirmed" date="1997-07-30"/>
  </code>
  <code code="C172">
    <editdetail attribution="Reuters BIP Coding Group" action="confirmed" date="1997-07-30"/>
  </code>
  <code code="CCAT">
    <editdetail attribution="Reuters BIP Coding Group" action="confirmed" date="1997-07-30"/>
  </code>
</codes>
<dc element="dc.date.created" value="1997-07-30"/>
<dc element="dc.publisher" value="Reuters Holdings Plc"/>
<dc element="dc.date.published" value="1997-07-30"/>
<dc element="dc.source" value="Reuters"/>
<dc element="dc.creator.location" value="NEW YORK"/>
<dc element="dc.creator.location.country.name" value="USA"/>
<dc element="dc.source" value="Reuters"/>
</metadata>
</newsitem>
