<?xml version="1.0" encoding="iso-8859-1" ?>
<newsitem itemid="765109" id="root" date="1997-07-30" xml:lang="en">
<title>USA: TABLE - Greenfield Industries Q2 shr down.</title>
<headline>TABLE - Greenfield Industries Q2 shr down.</headline>
<dateline>AUGUSTA, Ga. 1997-07-30</dateline>
<text>
<p>(In thousands, except per share data)</p>
<p>							Three months ended</p>
<p>								 June 30,</p>
<p>							  1997	   1996</p>
<p> Net sales					 $149,275    $130,021</p>
<p> Cost of sales				    103,917	88,336</p>
<p> Gross profit					45,358	41,685</p>
<p>Selling, general &amp; administrative</p>
<p>   expenses					  26,751	23,696</p>
<p> Operating income				  18,607	17,989</p>
<p> Interest expense				   3,363	 2,649</p>
<p>Dividends on company-obligated, mandatorily</p>
<p>redeemable convertible preferred</p>
<p>securities of subsidiary Greenfield</p>
<p>   Capital Trust at 6% per annum		1,725	 1,284</p>
<p> Income before provision for income taxes  13,519	14,056</p>
<p> Provision for income taxes		     5,612	 5,699</p>
<p> Net income					   7,907	 8,357</p>
<p>Earnings per share:</p>
<p>   Primary					     0.48	  0.51</p>
<p>   Fully diluted				     0.47	  0.50</p>
<p>Weighted average common and common</p>
<p>equivalent shares outstanding:</p>
<p>   Primary					   16,402	16,308</p>
<p>   Fully diluted				   19,190	18,391</p>
<p>							  Six months ended</p>
<p>								 June 30,</p>
<p>							  1997	   1996</p>
<p> Net sales					 $279,644    $262,719</p>
<p> Cost of sales				    196,394     180,464</p>
<p> Gross profit					83,250	82,255</p>
<p>Selling, general &amp; administrative</p>
<p>   expenses					  50,745	46,322</p>
<p> Operating income				  32,505	35,933</p>
<p> Interest expense				   6,029	 6,162</p>
<p>Dividends on company-obligated, mandatorily</p>
<p>redeemable convertible preferred</p>
<p>securities of subsidiary Greenfield</p>
<p>   Capital Trust at 6% per annum		3,450	 1,284</p>
<p> Income before provision for income taxes  23,026	28,487</p>
<p> Provision for income taxes		     9,462	11,561</p>
<p> Net income					  13,564	16,926</p>
<p>Earnings per share:</p>
<p>   Primary					     0.83	  1.04</p>
<p>   Fully diluted				     0.82	  1.02</p>
<p>Weighted average common and common</p>
<p>equivalent shares outstanding:</p>
<p>   Primary					   16,394	16,290</p>
<p>   Fully diluted				   19,182	17,332</p>
<p>NOTE - Full company name is Greenfield Industries Inc</p>
<p>((-- New York Newsdesk 212-859-1610))</p>
</text>
<copyright>(c) Reuters Limited 1997</copyright>
<metadata>
<codes class="bip:countries:1.0">
  <code code="USA">
    <editdetail attribution="Reuters BIP Coding Group" action="confirmed" date="1997-07-30"/>
  </code>
</codes>
<codes class="bip:industries:1.0">
  <code code="I32200">
    <editdetail attribution="Reuters BIP Coding Group" action="confirmed" date="1997-07-30"/>
  </code>
</codes>
<codes class="bip:topics:1.0">
  <code code="C15">
    <editdetail attribution="Reuters BIP Coding Group" action="confirmed" date="1997-07-30"/>
  </code>
  <code code="C151">
    <editdetail attribution="Reuters BIP Coding Group" action="confirmed" date="1997-07-30"/>
  </code>
  <code code="CCAT">
    <editdetail attribution="Reuters BIP Coding Group" action="confirmed" date="1997-07-30"/>
  </code>
</codes>
<dc element="dc.date.created" value="1997-07-30"/>
<dc element="dc.publisher" value="Reuters Holdings Plc"/>
<dc element="dc.date.published" value="1997-07-30"/>
<dc element="dc.source" value="Reuters"/>
<dc element="dc.creator.location" value="AUGUSTA, Ga."/>
<dc element="dc.creator.location.country.name" value="USA"/>
<dc element="dc.source" value="Reuters"/>
</metadata>
</newsitem>
