<?xml version="1.0" encoding="iso-8859-1" ?>
<newsitem itemid="765120" id="root" date="1997-07-30" xml:lang="en">
<title>USA: TABLE-Wisconsin Energy Corp Q2 loss.</title>
<headline>TABLE-Wisconsin Energy Corp Q2 loss.</headline>
<dateline>MILWAUKEE 1997-07-30</dateline>
<text>
<p>3 mos. ended 6/30/97    3 mos. ended 6/30/96</p>
<p> Operating revenues	     $403,214,000	 $401,686,000</p>
<p> Net income		     ( 10,632,000)*	   45,554,000</p>
<p> Average shares outstanding    112,577,000	  110,819,000</p>
<p> Earnings per share		    ( 0.09)		   0.41</p>
<p>* Includes merger-related expenses of approximately $30.7 million ($18.8 million net of tax) and $0.17 per share.</p>
</text>
<copyright>(c) Reuters Limited 1997</copyright>
<metadata>
<codes class="bip:countries:1.0">
  <code code="USA">
    <editdetail attribution="Reuters BIP Coding Group" action="confirmed" date="1997-07-30"/>
  </code>
</codes>
<codes class="bip:industries:1.0">
  <code code="I16000">
    <editdetail attribution="Reuters BIP Coding Group" action="confirmed" date="1997-07-30"/>
  </code>
</codes>
<codes class="bip:topics:1.0">
  <code code="C15">
    <editdetail attribution="Reuters BIP Coding Group" action="confirmed" date="1997-07-30"/>
  </code>
  <code code="C151">
    <editdetail attribution="Reuters BIP Coding Group" action="confirmed" date="1997-07-30"/>
  </code>
  <code code="CCAT">
    <editdetail attribution="Reuters BIP Coding Group" action="confirmed" date="1997-07-30"/>
  </code>
</codes>
<dc element="dc.date.created" value="1997-07-30"/>
<dc element="dc.publisher" value="Reuters Holdings Plc"/>
<dc element="dc.date.published" value="1997-07-30"/>
<dc element="dc.source" value="Reuters"/>
<dc element="dc.creator.location" value="MILWAUKEE"/>
<dc element="dc.creator.location.country.name" value="USA"/>
<dc element="dc.source" value="Reuters"/>
</metadata>
</newsitem>
