<?xml version="1.0" encoding="iso-8859-1" ?>
<newsitem itemid="765160" id="root" date="1997-07-30" xml:lang="en">
<title>USA: PLC Systems to submit heart laser data.</title>
<headline>PLC Systems to submit heart laser data.</headline>
<dateline>FRANKLIN, Mass. 1997-07-30</dateline>
<text>
<p>PLC Systems Inc said on Wednesday the Food and Drug Administration panel's decision not to recommend approval of PLC's heart laser is a &quot;temporary setback&quot; and that the company will submit data to the agency as soon as possible.</p>
<p>&quot;The Company had expected to ship approximately 50 Heart Laser Systems in 1997,&quot; chairman Dr. Robert Rudko said in a statement. &quot;The recent FDA decision will impact Heart Laser shipments and will likely delay a number of shipments into future quarters.&quot;</p>
<p>The shipments were contingent upon FDA approval, the company said.</p>
<p>The company said a recent $20 million financing commitment completed through Smith Barney, of which $10 million has been received by the Company, should assist in the company's pursuit of clinicians accepting use of the laser.</p>
<p>The heart laser intends to treat patient with chronic chest pain who do not respond to angioplasty or coronary artery bypass surgery.</p>
</text>
<copyright>(c) Reuters Limited 1997</copyright>
<metadata>
<codes class="bip:countries:1.0">
  <code code="USA">
    <editdetail attribution="Reuters BIP Coding Group" action="confirmed" date="1997-07-30"/>
  </code>
</codes>
<codes class="bip:industries:1.0">
  <code code="I34400">
    <editdetail attribution="Reuters BIP Coding Group" action="confirmed" date="1997-07-30"/>
  </code>
</codes>
<codes class="bip:topics:1.0">
  <code code="C13">
    <editdetail attribution="Reuters BIP Coding Group" action="confirmed" date="1997-07-30"/>
  </code>
  <code code="C22">
    <editdetail attribution="Reuters BIP Coding Group" action="confirmed" date="1997-07-30"/>
  </code>
  <code code="CCAT">
    <editdetail attribution="Reuters BIP Coding Group" action="confirmed" date="1997-07-30"/>
  </code>
</codes>
<dc element="dc.date.created" value="1997-07-30"/>
<dc element="dc.publisher" value="Reuters Holdings Plc"/>
<dc element="dc.date.published" value="1997-07-30"/>
<dc element="dc.source" value="Reuters"/>
<dc element="dc.creator.location" value="FRANKLIN, Mass."/>
<dc element="dc.creator.location.country.name" value="USA"/>
<dc element="dc.source" value="Reuters"/>
</metadata>
</newsitem>
