<?xml version="1.0" encoding="iso-8859-1" ?>
<newsitem itemid="765207" id="root" date="1997-07-30" xml:lang="en">
<title>USA: U.S. debt futures end pit trade higher, off peaks.</title>
<headline>U.S. debt futures end pit trade higher, off peaks.</headline>
<dateline>CHICAGO 1997-07-30</dateline>
<text>
<p>U.S. debt futures ended higher, but most units closed just below day's price peaks.</p>
<p>Traders said action wound down during the afternoon, after the market showed little response to the Treasury's announcement of its quarterly refunding package.</p>
<p>Treasury next week will sell $38.0 billion of securities, comprised of $10.0 billion in 30-year bonds, $12.0 billion of 10-year notes and $16.0 billion in three-year notes.</p>
<p>Floor brokers said the news had no effect, although consensus estimates had pegged the total refunding package at $40.0 billion, including $14.0 billion in 10-year notes.  </p>
<p>&quot;There was absolutely zero reaction,&quot; said one floor broker of bond futures.</p>
<p>&quot;It was as-expected,&quot; agreed another broker.</p>
<p>Instead, September T-bond futures rose to 116-19/32 after midday, hitting its highest price since early February 1996, partly on technical buying and ideas that U.S. economic fundamentals thus far show few solid signs of inflation to cause the Federal Reserve to tighten credit.</p>
<p>Traders still waited for Friday's July U.S. employment report and said the market could prove vulnerable to long profittaking, given its lofty price levels.  </p>
<p>But they also said few were willing to step in and sell the contract without strong provocation.</p>
<p>&quot;We are getting a little expensive up here, a little overbought, but no one, no one, is willing to sell it,&quot; said the first floor broker.</p>
<p>He pegged the next resistance for September T-bonds at the 116-23/32 to 28/32 area, with another objective at about 117-10/32-12/32, roughly 6.25-percent cash equivalent yield.</p>
<p>Brokers reported all-around buying Wednesday, including from dealers, banks, and funds. They also saw more mortgage- backed-related buying in the long- and intermediate- sectors.  </p>
<p>September T-bonds ended up 14/32 at 116-12/32, 10-year notes rose 8/32 to 110-24/32, munis gained 16/32 to 122-02/32, Dec T-bills added 0.030 to 94.875, and Eurodollars gained 0.030 to 94.185. -Derivatives desk (312)408-8750/E-Mail:derivatives@reuters.com</p>
</text>
<copyright>(c) Reuters Limited 1997</copyright>
<metadata>
<codes class="bip:countries:1.0">
  <code code="USA">
    <editdetail attribution="Reuters BIP Coding Group" action="confirmed" date="1997-07-30"/>
  </code>
</codes>
<codes class="bip:topics:1.0">
  <code code="M12">
    <editdetail attribution="Reuters BIP Coding Group" action="confirmed" date="1997-07-30"/>
  </code>
  <code code="MCAT">
    <editdetail attribution="Reuters BIP Coding Group" action="confirmed" date="1997-07-30"/>
  </code>
</codes>
<dc element="dc.date.created" value="1997-07-30"/>
<dc element="dc.publisher" value="Reuters Holdings Plc"/>
<dc element="dc.date.published" value="1997-07-30"/>
<dc element="dc.source" value="Reuters"/>
<dc element="dc.creator.location" value="CHICAGO"/>
<dc element="dc.creator.location.country.name" value="USA"/>
<dc element="dc.source" value="Reuters"/>
</metadata>
</newsitem>
