<?xml version="1.0" encoding="iso-8859-1" ?>
<newsitem itemid="765200" id="root" date="1997-07-30" xml:lang="en">
<title>USA: Columbia says to cooperate with government.</title>
<headline>Columbia says to cooperate with government.</headline>
<dateline>NASHVILLE, Tenn. 1997-07-30</dateline>
<text>
<p>Columbia/HCA Healthcare Corp said Wednesday it intends to cooperate fully with the government and takes very seriously allegations made against three of its employees.</p>
<p>The company said it understands that attorneys for the employees, indicted on charges of fraud Wednesday, will meet with the government to discuss the indictments.</p>
<p>&quot;I can assure you that we take these allegations very seriously and will cooperate fully with the government,&quot; said Dr. Thomas Frist, chairman and chief executive of Columbia, in a statement.  </p>
<p>Columbia said it has learned that the U.S. District Court for the Middle District of Florida, in Fort Myers, issued an indictment against three Columbia employees.</p>
<p>&quot;The indictment relates to Medicare and CHAMPUS reimbursement issues since 1986 at Columbia Fawcett Memorial Hospital, a Port Charlotte, Fla. hospital acquired by Columbia in 1992,&quot; the company said.</p>
<p>&quot;The specific allegations relate to alleged false characterization of interest payments on certain debt resulting in overpayments to the hospital by Medicare and CHAMPUS,&quot; the company said.  </p>
<p>CHAMPUS, or the Civilian Health and Medical Program of the Uniformed Services, is the U.S. military's equivalent of the Medicare program.</p>
<p>((--Chicago Newsdesk 312-408-8787))</p>
</text>
<copyright>(c) Reuters Limited 1997</copyright>
<metadata>
<codes class="bip:countries:1.0">
  <code code="USA">
    <editdetail attribution="Reuters BIP Coding Group" action="confirmed" date="1997-07-30"/>
  </code>
</codes>
<codes class="bip:industries:1.0">
  <code code="I95100">
    <editdetail attribution="Reuters BIP Coding Group" action="confirmed" date="1997-07-30"/>
  </code>
</codes>
<codes class="bip:topics:1.0">
  <code code="C12">
    <editdetail attribution="Reuters BIP Coding Group" action="confirmed" date="1997-07-30"/>
  </code>
  <code code="C13">
    <editdetail attribution="Reuters BIP Coding Group" action="confirmed" date="1997-07-30"/>
  </code>
  <code code="CCAT">
    <editdetail attribution="Reuters BIP Coding Group" action="confirmed" date="1997-07-30"/>
  </code>
  <code code="GCAT">
    <editdetail attribution="Reuters BIP Coding Group" action="confirmed" date="1997-07-30"/>
  </code>
  <code code="GCRIM">
    <editdetail attribution="Reuters BIP Coding Group" action="confirmed" date="1997-07-30"/>
  </code>
</codes>
<dc element="dc.date.created" value="1997-07-30"/>
<dc element="dc.publisher" value="Reuters Holdings Plc"/>
<dc element="dc.date.published" value="1997-07-30"/>
<dc element="dc.source" value="Reuters"/>
<dc element="dc.creator.location" value="NASHVILLE, Tenn."/>
<dc element="dc.creator.location.country.name" value="USA"/>
<dc element="dc.source" value="Reuters"/>
</metadata>
</newsitem>
