<?xml version="1.0" encoding="iso-8859-1" ?>
<newsitem itemid="765229" id="root" date="1997-07-30" xml:lang="en">
<title>USA: TABLE - Cade Industries Inc Q2 net rises.</title>
<headline>TABLE - Cade Industries Inc Q2 net rises.</headline>
<dateline>LANSING, Mich. 1997-07-30</dateline>
<text>
<p>SECOND QUARTER	    SIX MONTHS</p>
<p>				 JUNE 30		   JUNE 30</p>
<p>			 1997	   1996	  1997	  1996</p>
<p> Sales	 $12,952,885   $7,618,176 $25,308,442 $14,782,454</p>
<p>Operating expenses</p>
<p>Cost of sales</p>
<p>		   9,826,307    5,672,530  19,202,420  10,935,773</p>
<p>Selling, general</p>
<p>and administrative</p>
<p>   expenses    2,149,744    1,503,155   4,253,579   3,006,709</p>
<p>		  11,976,051    7,175,685  23,455,999  13,942,482</p>
<p>Income From</p>
<p>    Operations   976,834	442,491   1,852,443     839,972</p>
<p>Interest expense - net</p>
<p>		     190,891	185,594     376,057     350,645</p>
<p>Income Before</p>
<p>Income Taxes</p>
<p>		     785,943	256,897   1,476,386     489,327</p>
<p>Income tax expense</p>
<p>		     248,000	 53,000     467,000	99,000</p>
<p>    Net Income   537,943	203,897   1,009,386     390,327</p>
<p>Net Income Per Share</p>
<p>			  0.02	   0.01	  0.05	  0.02</p>
<p>		   ((Chicago newsdesk 312 408 8787))</p>
</text>
<copyright>(c) Reuters Limited 1997</copyright>
<metadata>
<codes class="bip:countries:1.0">
  <code code="USA">
    <editdetail attribution="Reuters BIP Coding Group" action="confirmed" date="1997-07-30"/>
  </code>
</codes>
<codes class="bip:industries:1.0">
  <code code="I36400">
    <editdetail attribution="Reuters BIP Coding Group" action="confirmed" date="1997-07-30"/>
  </code>
  <code code="I3640007">
    <editdetail attribution="Reuters BIP Coding Group" action="confirmed" date="1997-07-30"/>
  </code>
</codes>
<codes class="bip:topics:1.0">
  <code code="C15">
    <editdetail attribution="Reuters BIP Coding Group" action="confirmed" date="1997-07-30"/>
  </code>
  <code code="C151">
    <editdetail attribution="Reuters BIP Coding Group" action="confirmed" date="1997-07-30"/>
  </code>
  <code code="CCAT">
    <editdetail attribution="Reuters BIP Coding Group" action="confirmed" date="1997-07-30"/>
  </code>
</codes>
<dc element="dc.date.created" value="1997-07-30"/>
<dc element="dc.publisher" value="Reuters Holdings Plc"/>
<dc element="dc.date.published" value="1997-07-30"/>
<dc element="dc.source" value="Reuters"/>
<dc element="dc.creator.location" value="LANSING, Mich."/>
<dc element="dc.creator.location.country.name" value="USA"/>
<dc element="dc.source" value="Reuters"/>
</metadata>
</newsitem>
