<?xml version="1.0" encoding="iso-8859-1" ?>
<newsitem itemid="765202" id="root" date="1997-07-30" xml:lang="en">
<title>USA: Bank, financial stocks soar with bond market.</title>
<headline>Bank, financial stocks soar with bond market.</headline>
<dateline>NEW YORK 1997-07-30</dateline>
<text>
<p>Interest-rate-sensitive bank and finacial stocks soared on Wednesday, spurred by a sharp drop in interest rates in the bond market.</p>
<p>With the yield on the 30-year Treasury bond at its lowest level since February 1996, the Philadelpha Stock Exchange's bank index jumped 16 points, or 2.4 percent, to 710.</p>
<p>Among active issues, Fannie Mae rose 2-7/16 to 45-15/16, Banc One Corp gained 3-3/16 to 56-1/2, Citicorp was up 3-15/16 to to 134-1/2, Chase Manhattan Corp gained 3-9/16 to 112-7/16 and J.P. Morgan &amp; Co Inc rose 1-7/16 to 115-11/16.  </p>
<p>&quot;It appears that monetary policy will be benign in coming months, with interest rates more likely to fall or be unchanged than to rise,&quot; George Salem, banking industry analyst at Gerard Klauer Mattison, said in a report.</p>
<p>&quot;Consequently, banks, the quintessential interest-sensitive equities, have a favorable environment for performance,&quot; he added. &quot;We believe the group should be overweighted.&quot;</p>
<p>The long bond was up 26/32, its yield at 6.33 percent, its lowest level since the February 16, 1996 close.</p>
<p>The American Stock Exchange's broker-dealer index rose seven points, or one percent, to 724.</p>
<p>In late trading, Salomon Inc was up 1-4/16 to 59-15/16, A.G. Edwards Inc gained 1-3/16 to 41-1/8, Alex. Brown Inc rose 2-3/98 to 84-1/2, while Morgan Stanley Dean Witter Discover &amp; Co gained 1-1/16 to 49-11/16.</p>
<p>Bucking the trend were Donaldson Lufkin &amp; Jenrette, off 1-9/16 to 67-1/8 and Merrill Lynch and Co Inc, off one to 68-1/8.</p>
<p>((--Wall St Desk, 212-859-1730))</p>
</text>
<copyright>(c) Reuters Limited 1997</copyright>
<metadata>
<codes class="bip:countries:1.0">
  <code code="USA">
    <editdetail attribution="Reuters BIP Coding Group" action="confirmed" date="1997-07-30"/>
  </code>
</codes>
<codes class="bip:industries:1.0">
  <code code="I83100">
    <editdetail attribution="Reuters BIP Coding Group" action="confirmed" date="1997-07-30"/>
  </code>
</codes>
<codes class="bip:topics:1.0">
  <code code="C15">
    <editdetail attribution="Reuters BIP Coding Group" action="confirmed" date="1997-07-30"/>
  </code>
  <code code="C152">
    <editdetail attribution="Reuters BIP Coding Group" action="confirmed" date="1997-07-30"/>
  </code>
  <code code="CCAT">
    <editdetail attribution="Reuters BIP Coding Group" action="confirmed" date="1997-07-30"/>
  </code>
</codes>
<dc element="dc.date.created" value="1997-07-30"/>
<dc element="dc.publisher" value="Reuters Holdings Plc"/>
<dc element="dc.date.published" value="1997-07-30"/>
<dc element="dc.source" value="Reuters"/>
<dc element="dc.creator.location" value="NEW YORK"/>
<dc element="dc.creator.location.country.name" value="USA"/>
<dc element="dc.source" value="Reuters"/>
</metadata>
</newsitem>
