<?xml version="1.0" encoding="iso-8859-1" ?>
<newsitem itemid="765215" id="root" date="1997-07-30" xml:lang="en">
<title>USA: IMM currencies close mixed, marks and Swiss higher.</title>
<headline>IMM currencies close mixed, marks and Swiss higher.</headline>
<dateline>CHICAGO 1997-07-30</dateline>
<text>
<p>IMM currency futures closed mixed, after key contracts recovered from support levels.</p>
<p>September Swiss francs and marks ended in positive territory after edging up from recent contract lows. Swiss made a fresh low early at $0.6584 and marks made their most recent contract low Monday.</p>
<p>September yen recovered from early lows as dollar resistance at 119 held back dollar/yen gains.</p>
<p>But some traders said the dollar bull trend remains intact and currency gains were only a minor correction in the overall downtrend.  </p>
<p>&quot;My tone is still bullish dollars and these are opportunities to sell (currencies),&quot; a currency analyst said.</p>
<p>As for the extent of currencies' gains: &quot;It's not too impressive and has not been some sort of big correction of any type,&quot; he said.</p>
<p>&quot;It's been a little bit of a strange day,&quot; he added. &quot;Look at the stock market, and they're actually selling dollars,&quot; he said. &quot;I tend to think it's squaring ahead of all these numbers.&quot;</p>
<p>Currencies began firming before the release of June new home sales and continued to build gains after the report.  </p>
<p>September yen futures saw fund buying and buy stops on their initial rally. Traders noted stops around $0.008500. Traders and technicians pegged support at $0.008388, $0.008400 and $0.008450.</p>
<p>June home sales rose 6.1 percent to a 819,000 annual unit rate from a downwardly revised 772,000 rate in May.</p>
<p>Many traders were said to be looking ahead to second-quarter gross domestic product and Friday's July jobs report.</p>
<p>Until then, one futures analyst said marks and Swiss may eke out more gains.  </p>
<p>&quot;Given the levels where we are, we've settled above critical support in marks at $0.5545 for two days in a row,&quot; the analyst said. He said a September Swiss move above $0.6680 would secure even more gains for the contract.</p>
<p>He said a more significant dollar pullback was needed to restore the health of the bullish dollar uptrend.</p>
<p>At the close, yen was off $0.000005 at $0.008493, marks rose $0.0002 to $0.5463, Swiss francs rose $0.0018 to $0.6641, sterling was flat at $1.6252, Canadian dollar rose $0.0024 to $0.7261, Aussie dollar lost $0.0016 to $0.7451, and Mexican peso rose $0.000025 to $0.126100.</p>
<p>((DerivativesDesk(312)408-8750))</p>
<p>E-mail:derivatives@reuters.com</p>
</text>
<copyright>(c) Reuters Limited 1997</copyright>
<metadata>
<codes class="bip:countries:1.0">
  <code code="USA">
    <editdetail attribution="Reuters BIP Coding Group" action="confirmed" date="1997-07-30"/>
  </code>
</codes>
<codes class="bip:topics:1.0">
  <code code="M13">
    <editdetail attribution="Reuters BIP Coding Group" action="confirmed" date="1997-07-30"/>
  </code>
  <code code="M132">
    <editdetail attribution="Reuters BIP Coding Group" action="confirmed" date="1997-07-30"/>
  </code>
  <code code="MCAT">
    <editdetail attribution="Reuters BIP Coding Group" action="confirmed" date="1997-07-30"/>
  </code>
</codes>
<dc element="dc.date.created" value="1997-07-30"/>
<dc element="dc.publisher" value="Reuters Holdings Plc"/>
<dc element="dc.date.published" value="1997-07-30"/>
<dc element="dc.source" value="Reuters"/>
<dc element="dc.creator.location" value="CHICAGO"/>
<dc element="dc.creator.location.country.name" value="USA"/>
<dc element="dc.source" value="Reuters"/>
</metadata>
</newsitem>
