<?xml version="1.0" encoding="iso-8859-1" ?>
<newsitem itemid="765265" id="root" date="1997-07-30" xml:lang="en">
<title>USA: Western Resources, Protection One in pact.</title>
<headline>Western Resources, Protection One in pact.</headline>
<dateline>NEW YORK 1997-07-30</dateline>
<text>
<p>Western Resources Inc and Protection One Inc said Wednesday they would combine their security services businesses in a deal that will result in Western Resources owning 80.1 percent of Protection One's shares.</p>
<p>The combined security services businesses will be a $1 billion company that will rank No. 2 in the industry in the U.S., the companies said.</p>
<p>Western Resources will contribute its security operations and $320 million in exchange for 80.1 percent of Protection One's shares, they said.  </p>
<p>Protection One shareholders of record at the closing date will receive a special dividend of $7 a share and will continue to own a 19.9 percent stake in the company.</p>
<p>Protection One said it expects to make a conversion price adjustment on the 6-3/4 percent convertible senior subordinated notes related to the special dividend.</p>
<p>The companies said they expect to complete the deal this fall.</p>
<p>The combined entity will be called Protection One.</p>
<p>James Mackenzie Jr, chief executive and president of Protection One, will head the new company. It will be headquartered in Culver City, Calif., and Irving, Texas. Its shares will continue to trade on Nasdaq under the symbol ALRM.</p>
</text>
<copyright>(c) Reuters Limited 1997</copyright>
<metadata>
<codes class="bip:countries:1.0">
  <code code="USA">
    <editdetail attribution="Reuters BIP Coding Group" action="confirmed" date="1997-07-30"/>
  </code>
</codes>
<codes class="bip:industries:1.0">
  <code code="I16100">
    <editdetail attribution="Reuters BIP Coding Group" action="confirmed" date="1997-07-30"/>
  </code>
  <code code="I34330">
    <editdetail attribution="Reuters BIP Coding Group" action="confirmed" date="1997-07-30"/>
  </code>
</codes>
<codes class="bip:topics:1.0">
  <code code="C18">
    <editdetail attribution="Reuters BIP Coding Group" action="confirmed" date="1997-07-30"/>
  </code>
  <code code="C181">
    <editdetail attribution="Reuters BIP Coding Group" action="confirmed" date="1997-07-30"/>
  </code>
  <code code="CCAT">
    <editdetail attribution="Reuters BIP Coding Group" action="confirmed" date="1997-07-30"/>
  </code>
</codes>
<dc element="dc.date.created" value="1997-07-30"/>
<dc element="dc.publisher" value="Reuters Holdings Plc"/>
<dc element="dc.date.published" value="1997-07-30"/>
<dc element="dc.source" value="Reuters"/>
<dc element="dc.creator.location" value="NEW YORK"/>
<dc element="dc.creator.location.country.name" value="USA"/>
<dc element="dc.source" value="Reuters"/>
</metadata>
</newsitem>
