<?xml version="1.0" encoding="iso-8859-1" ?>
<newsitem itemid="765268" id="root" date="1997-07-30" xml:lang="en">
<title>USA: San Diego to sell solid waste system for $184 mln.</title>
<headline>San Diego to sell solid waste system for $184 mln.</headline>
<dateline>SAN DIEGO, Calif. 1997-07-30</dateline>
<text>
<p>San Diego County's chief administrator recommended on Wednesday that the county sell its solid waste system to Allied Waste Industries Inc for $184 million.</p>
<p>Chief Administrative Officer Lawrence Prior tapped Allied Waste's bid over competing offers by USA Waste Services Inc and Waste Management Inc, county spokeswoman Carol Conner said.  </p>
<p>The county Board of Supervisors is scheduled to vote on the contract on August 12. Once approved by the board, the sale should close in November, Conner said.</p>
<p>Under the contract, Allied Waste will take over the county's solid waste system, which includes four landfills, a transfer station, a recycling plant and all county-owned and leased waste bin and container sites.</p>
<p>The company also would assume the system's future environmental liabilities.</p>
<p>The privatization of a municipal asset of this size is unprecedented in California.</p>
<p>The money will be used by San Diego County to establish an environmental trust fund for the maintenance of inactive landfills and to build up the county budget reserve.</p>
<p>((-- Adam Entous, 415-677-2511))</p>
</text>
<copyright>(c) Reuters Limited 1997</copyright>
<metadata>
<codes class="bip:countries:1.0">
  <code code="USA">
    <editdetail attribution="Reuters BIP Coding Group" action="confirmed" date="1997-07-30"/>
  </code>
</codes>
<codes class="bip:industries:1.0">
  <code code="I92110">
    <editdetail attribution="Reuters BIP Coding Group" action="confirmed" date="1997-07-30"/>
  </code>
</codes>
<codes class="bip:topics:1.0">
  <code code="C18">
    <editdetail attribution="Reuters BIP Coding Group" action="confirmed" date="1997-07-30"/>
  </code>
  <code code="C182">
    <editdetail attribution="Reuters BIP Coding Group" action="confirmed" date="1997-07-30"/>
  </code>
  <code code="CCAT">
    <editdetail attribution="Reuters BIP Coding Group" action="confirmed" date="1997-07-30"/>
  </code>
</codes>
<dc element="dc.date.created" value="1997-07-30"/>
<dc element="dc.publisher" value="Reuters Holdings Plc"/>
<dc element="dc.date.published" value="1997-07-30"/>
<dc element="dc.source" value="Reuters"/>
<dc element="dc.creator.location" value="SAN DIEGO, Calif."/>
<dc element="dc.creator.location.country.name" value="USA"/>
<dc element="dc.source" value="Reuters"/>
</metadata>
</newsitem>
