<?xml version="1.0" encoding="iso-8859-1" ?>
<newsitem itemid="765238" id="root" date="1997-07-30" xml:lang="en">
<title>USA: U.S. Treasury to revise SLGS rules very soon.</title>
<headline>U.S. Treasury to revise SLGS rules very soon.</headline>
<dateline>WASHINGTON 1997-07-30</dateline>
<text>
<p>The Treasury will revise &quot;very soon&quot; its rules for the State and Local Government Series securities, or SLGS program, to prevent their use as a speculative tool, an official said on Wednesday.</p>
<p>&quot;The use of SLGS, particularly SLG subscriptions, as a cost-free hedge for speculating in open-market Treasuries is not an appropriate use of the SLGS,&quot; Deputy Assistant Treasury Secretary Roger Anderson told reporters.</p>
<p>&quot;We are probably going to revise the SLGS rules very soon to clarify that position,&quot; he added.  </p>
<p>Treasury last October issued final regulations designed to make the SLGS program easier and less costly for state and local governments that want to refinance and invest proceeds from tax-exempt bonds.</p>
<p>Recently, munincipal market participants warned Treasury that a loophole in the revised program could lead to abuses.</p>
<p>-- Washington newsroom, ((202-898-8300))</p>
</text>
<copyright>(c) Reuters Limited 1997</copyright>
<metadata>
<codes class="bip:countries:1.0">
  <code code="USA">
    <editdetail attribution="Reuters BIP Coding Group" action="confirmed" date="1997-07-30"/>
  </code>
</codes>
<codes class="bip:industries:1.0">
  <code code="I83100">
    <editdetail attribution="Reuters BIP Coding Group" action="confirmed" date="1997-07-30"/>
  </code>
</codes>
<codes class="bip:topics:1.0">
  <code code="C13">
    <editdetail attribution="Reuters BIP Coding Group" action="confirmed" date="1997-07-30"/>
  </code>
  <code code="CCAT">
    <editdetail attribution="Reuters BIP Coding Group" action="confirmed" date="1997-07-30"/>
  </code>
  <code code="E21">
    <editdetail attribution="Reuters BIP Coding Group" action="confirmed" date="1997-07-30"/>
  </code>
  <code code="E212">
    <editdetail attribution="Reuters BIP Coding Group" action="confirmed" date="1997-07-30"/>
  </code>
  <code code="ECAT">
    <editdetail attribution="Reuters BIP Coding Group" action="confirmed" date="1997-07-30"/>
  </code>
</codes>
<dc element="dc.date.created" value="1997-07-30"/>
<dc element="dc.publisher" value="Reuters Holdings Plc"/>
<dc element="dc.date.published" value="1997-07-30"/>
<dc element="dc.source" value="Reuters"/>
<dc element="dc.creator.location" value="WASHINGTON"/>
<dc element="dc.creator.location.country.name" value="USA"/>
<dc element="dc.source" value="Reuters"/>
</metadata>
</newsitem>
