<?xml version="1.0" encoding="iso-8859-1" ?>
<newsitem itemid="765219" id="root" date="1997-07-30" xml:lang="en">
<title>USA: 3Com shares dip on restatement of 1997 EPS.</title>
<headline>3Com shares dip on restatement of 1997 EPS.</headline>
<dateline>NEW YORK 1997-07-30</dateline>
<text>
<p>Shares of 3Com Corp stock fell on Wednesday after the company told analysts that it had restated its fiscal 1997 earnings and that its current operating margins were at the lower end of a targeted range.</p>
<p>Shares of 3Com fell 2-1/4 to 55-7/8 in active afternoon trade.</p>
<p>Including the operations of recently-acquired U.S. Robotics Corp, 3Com earned $1.81 a share in the fiscal 1997 year, which ended in May, 3Com executives told analysts late Tuesday.</p>
<p>Many analysts had calculated the companies' combined earnings at $1.85 per share for the year.  </p>
<p>The company said differences in accounting methods between the merging companies likely accounted for the shortfall.</p>
<p>3Com also said that its operating margins are currently running near the lower end of a predicted range of 16 to 20 percent, they said.</p>
<p>Some analysts, however, shrugged off the news, noting that the lower-than-expected figure did not reflect a change in the company's performance but rather was just a change in fiscal policy.</p>
<p>&quot;It's a non-event,&quot; said Bill Rabin, an analyst at J.P. Morgan Securities. &quot;(The figures) have nothing to do with the operations of the company.  It's simply an accounting policy.&quot;</p>
<p>He suggested that the stock's slump today may be just profittaking after recent gains.  Shares of 3Com were trading at about $50 a share in the first week of July and were at about $30 early in May.</p>
<p>((Franklin Paul, New York Newsdesk, 212-859-1893))</p>
</text>
<copyright>(c) Reuters Limited 1997</copyright>
<metadata>
<codes class="bip:countries:1.0">
  <code code="USA">
    <editdetail attribution="Reuters BIP Coding Group" action="confirmed" date="1997-07-30"/>
  </code>
</codes>
<codes class="bip:industries:1.0">
  <code code="I33020">
    <editdetail attribution="Reuters BIP Coding Group" action="confirmed" date="1997-07-30"/>
  </code>
  <code code="I3302003">
    <editdetail attribution="Reuters BIP Coding Group" action="confirmed" date="1997-07-30"/>
  </code>
</codes>
<codes class="bip:topics:1.0">
  <code code="C15">
    <editdetail attribution="Reuters BIP Coding Group" action="confirmed" date="1997-07-30"/>
  </code>
  <code code="C151">
    <editdetail attribution="Reuters BIP Coding Group" action="confirmed" date="1997-07-30"/>
  </code>
  <code code="C152">
    <editdetail attribution="Reuters BIP Coding Group" action="confirmed" date="1997-07-30"/>
  </code>
  <code code="CCAT">
    <editdetail attribution="Reuters BIP Coding Group" action="confirmed" date="1997-07-30"/>
  </code>
</codes>
<dc element="dc.date.created" value="1997-07-30"/>
<dc element="dc.publisher" value="Reuters Holdings Plc"/>
<dc element="dc.date.published" value="1997-07-30"/>
<dc element="dc.source" value="Reuters"/>
<dc element="dc.creator.location" value="NEW YORK"/>
<dc element="dc.creator.location.country.name" value="USA"/>
<dc element="dc.source" value="Reuters"/>
</metadata>
</newsitem>
