<?xml version="1.0" encoding="iso-8859-1" ?>
<newsitem itemid="765286" id="root" date="1997-07-30" xml:lang="en">
<title>USA: RESEARCH ALERT - Brinker estimates raised.</title>
<headline>RESEARCH ALERT - Brinker estimates raised.</headline>
<dateline>LOS ANGELES 1997-07-30</dateline>
<text>
<p>Robertson, Stephens &amp; Co said it raised its estimates on restaurant operator Brinker International Inc following the company's report of fiscal fourth quarter earnings that beat expectations.</p>
<p>-- raised fiscal 1998 forecast to $1.00 a share from $0.95 and said it believes &quot;our assumptions are still conservative.&quot;</p>
<p>-- Brinker reported fiscal fourth quarter, ended June 25, earnings of $0.29 a share versus Hambrecht's $0.25 a share. For fiscal 1997, company reported earnings per share of $0.81.</p>
<p>-- company owns and franchises over 600 restaurants in many countries.</p>
</text>
<copyright>(c) Reuters Limited 1997</copyright>
<metadata>
<codes class="bip:countries:1.0">
  <code code="USA">
    <editdetail attribution="Reuters BIP Coding Group" action="confirmed" date="1997-07-30"/>
  </code>
</codes>
<codes class="bip:industries:1.0">
  <code code="I66100">
    <editdetail attribution="Reuters BIP Coding Group" action="confirmed" date="1997-07-30"/>
  </code>
</codes>
<codes class="bip:topics:1.0">
  <code code="C15">
    <editdetail attribution="Reuters BIP Coding Group" action="confirmed" date="1997-07-30"/>
  </code>
  <code code="C152">
    <editdetail attribution="Reuters BIP Coding Group" action="confirmed" date="1997-07-30"/>
  </code>
  <code code="CCAT">
    <editdetail attribution="Reuters BIP Coding Group" action="confirmed" date="1997-07-30"/>
  </code>
</codes>
<dc element="dc.date.created" value="1997-07-30"/>
<dc element="dc.publisher" value="Reuters Holdings Plc"/>
<dc element="dc.date.published" value="1997-07-30"/>
<dc element="dc.source" value="Reuters"/>
<dc element="dc.creator.location" value="LOS ANGELES"/>
<dc element="dc.creator.location.country.name" value="USA"/>
<dc element="dc.source" value="Reuters"/>
</metadata>
</newsitem>
