<?xml version="1.0" encoding="iso-8859-1" ?>
<newsitem itemid="765230" id="root" date="1997-07-30" xml:lang="en">
<title>USA: Chile's Maderas y Sinteticos Q2 net rises.</title>
<headline>Chile's Maderas y Sinteticos Q2 net rises.</headline>
<dateline>NEW YORK 1997-07-30</dateline>
<text>
<p>Maderas y Sintticos SA (Masisa) on Wednesday reported second quarter net income of $4.8 million, or $0.19 per American Depositary Share, on operating revenues of $53.8 million.</p>
<p>The net income figure was up four percent from the same period a year ago in terms of Chilean pesos, and up eight percent in U.S. dollar terms, the company said in a news release made available in the United States.</p>
<p>Revenues for the quarter were up 34 percent in peso terms and 39 percent in dollar terms.</p>
<p>Operating income for the quarter was $9.7 million, up 153 percent in pesos and 163 percent in dollars.</p>
<p>For the first six months of 1997, net income was $12.2 million, or $0.50 per ADS, on operating revenues of $102.6 million.</p>
<p>Net income for the period was up 2.5 percent in pesos and seven percent in dollar terms, while revenues for the six months were up 35 percent in pesos and 40 percent in dollars.</p>
<p>Operating income for the six-month period was $18.1 million, up 114 percent in pesos and 122 percent in dollar terms.</p>
</text>
<copyright>(c) Reuters Limited 1997</copyright>
<metadata>
<codes class="bip:countries:1.0">
  <code code="CHIL">
    <editdetail attribution="Reuters BIP Coding Group" action="confirmed" date="1997-07-30"/>
  </code>
  <code code="USA">
    <editdetail attribution="Reuters BIP Coding Group" action="confirmed" date="1997-07-30"/>
  </code>
</codes>
<codes class="bip:industries:1.0">
  <code code="I46000">
    <editdetail attribution="Reuters BIP Coding Group" action="confirmed" date="1997-07-30"/>
  </code>
</codes>
<codes class="bip:topics:1.0">
  <code code="C15">
    <editdetail attribution="Reuters BIP Coding Group" action="confirmed" date="1997-07-30"/>
  </code>
  <code code="C151">
    <editdetail attribution="Reuters BIP Coding Group" action="confirmed" date="1997-07-30"/>
  </code>
  <code code="CCAT">
    <editdetail attribution="Reuters BIP Coding Group" action="confirmed" date="1997-07-30"/>
  </code>
</codes>
<dc element="dc.date.created" value="1997-07-30"/>
<dc element="dc.publisher" value="Reuters Holdings Plc"/>
<dc element="dc.date.published" value="1997-07-30"/>
<dc element="dc.source" value="Reuters"/>
<dc element="dc.creator.location" value="NEW YORK"/>
<dc element="dc.creator.location.country.name" value="USA"/>
<dc element="dc.source" value="Reuters"/>
</metadata>
</newsitem>
