<?xml version="1.0" encoding="iso-8859-1" ?>
<newsitem itemid="765254" id="root" date="1997-07-30" xml:lang="en">
<title>USA: Raytheon wins $512 mln U.S. Army contract.</title>
<headline>Raytheon wins $512 mln U.S. Army contract.</headline>
<dateline>LEXINGTON, Mass. 1997-07-30</dateline>
<text>
<p>Raytheon Co said Wednesday it won a $512 million contract from the U.S. Army to build and operate a chemical weapons destruction plant in Pine Bluff, Ark.</p>
<p>Raytheon said its engineering and construction firm Raytheon Engineers and Constructors will provide the project's overall management, construction, equipment procurement, start-up, operations and maintenance, and ultimately closure of the facility.</p>
<p>The company said the Pine Bluff arsenal, set up in 1941, covers nearly 15,000 acres and stores 12 percent of the 30,500 tons U.S. chemical weapons stockpile.</p>
<p>Rayteon in February received a $567 million U.S. Army contract to build and operate a similar facility in Umatilla, Ore. It added it received a $500 million contract in September 1996 to keep on operating the army's Johnston Atoll Chemical Agent Destruction System facility in the Pacific.</p>
<p>The company's stock traded at 56-1/8 Wednesday afternoon, up 7/16 and close to its 52-week high of 56-9/16.</p>
</text>
<copyright>(c) Reuters Limited 1997</copyright>
<metadata>
<codes class="bip:countries:1.0">
  <code code="USA">
    <editdetail attribution="Reuters BIP Coding Group" action="confirmed" date="1997-07-30"/>
  </code>
</codes>
<codes class="bip:industries:1.0">
  <code code="I34430">
    <editdetail attribution="Reuters BIP Coding Group" action="confirmed" date="1997-07-30"/>
  </code>
</codes>
<codes class="bip:topics:1.0">
  <code code="C33">
    <editdetail attribution="Reuters BIP Coding Group" action="confirmed" date="1997-07-30"/>
  </code>
  <code code="C331">
    <editdetail attribution="Reuters BIP Coding Group" action="confirmed" date="1997-07-30"/>
  </code>
  <code code="CCAT">
    <editdetail attribution="Reuters BIP Coding Group" action="confirmed" date="1997-07-30"/>
  </code>
</codes>
<dc element="dc.date.created" value="1997-07-30"/>
<dc element="dc.publisher" value="Reuters Holdings Plc"/>
<dc element="dc.date.published" value="1997-07-30"/>
<dc element="dc.source" value="Reuters"/>
<dc element="dc.creator.location" value="LEXINGTON, Mass."/>
<dc element="dc.creator.location.country.name" value="USA"/>
<dc element="dc.source" value="Reuters"/>
</metadata>
</newsitem>
