<?xml version="1.0" encoding="iso-8859-1" ?>
<newsitem itemid="765249" id="root" date="1997-07-30" xml:lang="en">
<title>USA: TABLE - Wendy's Q2 dil shr $0.42 vs $0.38.</title>
<headline>TABLE - Wendy's Q2 dil shr $0.42 vs $0.38.</headline>
<dateline>DUBLIN, Ohio 1997-07-30</dateline>
<text>
<p>Second quarter ended</p>
<p>		     June 29 1997		 June 30 1996</p>
<p> Shr			  $0.42		    $0.38</p>
<p> Net			 56,996		   49,304</p>
<p> Revs		     540,215		  491,911</p>
<p> Avg shrs		 140,706		  131,109</p>
<p>Year-to-date</p>
<p> Shr			  $0.60		    $0.54</p>
<p> Net			 81,633		   68,758</p>
<p> Revs		     999,099		  901,794</p>
<p> Avg			140,398		  131,188</p>
<p>(All data above 000s except per share numbers)</p>
<p>NOTE: Wendy's International Inc's per share earnings and outstanding shares figures are fully-diluted.</p>
</text>
<copyright>(c) Reuters Limited 1997</copyright>
<metadata>
<codes class="bip:countries:1.0">
  <code code="USA">
    <editdetail attribution="Reuters BIP Coding Group" action="confirmed" date="1997-07-30"/>
  </code>
</codes>
<codes class="bip:industries:1.0">
  <code code="I66100">
    <editdetail attribution="Reuters BIP Coding Group" action="confirmed" date="1997-07-30"/>
  </code>
</codes>
<codes class="bip:topics:1.0">
  <code code="C15">
    <editdetail attribution="Reuters BIP Coding Group" action="confirmed" date="1997-07-30"/>
  </code>
  <code code="C151">
    <editdetail attribution="Reuters BIP Coding Group" action="confirmed" date="1997-07-30"/>
  </code>
  <code code="CCAT">
    <editdetail attribution="Reuters BIP Coding Group" action="confirmed" date="1997-07-30"/>
  </code>
</codes>
<dc element="dc.date.created" value="1997-07-30"/>
<dc element="dc.publisher" value="Reuters Holdings Plc"/>
<dc element="dc.date.published" value="1997-07-30"/>
<dc element="dc.source" value="Reuters"/>
<dc element="dc.creator.location" value="DUBLIN, Ohio"/>
<dc element="dc.creator.location.country.name" value="USA"/>
<dc element="dc.source" value="Reuters"/>
</metadata>
</newsitem>
