<?xml version="1.0" encoding="iso-8859-1" ?>
<newsitem itemid="765223" id="root" date="1997-07-30" xml:lang="en">
<title>USA: TABLE - Weyerhaeuser Co sells debentures.</title>
<headline>TABLE - Weyerhaeuser Co sells debentures.</headline>
<dateline>NEW YORK 1997-07-30</dateline>
<text>
<p>The following debt issue from Weyerhaeuser Co was priced on Wedenesday, according to lead Morgan Stanley, Dean Witter, Discover &amp; Co.</p>
<p>Weyerhaeuser is a forest product company.</p>
<p>BORROWER WEYERHAEUSER COMPANY</p>
<p>AMT $300 MLN	 COUPON 6.95 PCT   MATURITY 8/1/2017</p>
<p>TYPE DEBENTURES    ISS PRICE 99.508  FIRST PAY DATE 2/1/998</p>
<p>LAST MOODY'S A2    YIELD 6.996 PCT   PAY FREQ SEMI-ANNUAL</p>
<p>LAST S&amp;P SINGLE-A  SPREAD +63.5 BPS  CALLABLE NO ((U.S. Corporate Bond Unit, 212-859-1678))</p>
</text>
<copyright>(c) Reuters Limited 1997</copyright>
<metadata>
<codes class="bip:countries:1.0">
  <code code="USA">
    <editdetail attribution="Reuters BIP Coding Group" action="confirmed" date="1997-07-30"/>
  </code>
</codes>
<codes class="bip:industries:1.0">
  <code code="I46000">
    <editdetail attribution="Reuters BIP Coding Group" action="confirmed" date="1997-07-30"/>
  </code>
</codes>
<codes class="bip:topics:1.0">
  <code code="C17">
    <editdetail attribution="Reuters BIP Coding Group" action="confirmed" date="1997-07-30"/>
  </code>
  <code code="C172">
    <editdetail attribution="Reuters BIP Coding Group" action="confirmed" date="1997-07-30"/>
  </code>
  <code code="CCAT">
    <editdetail attribution="Reuters BIP Coding Group" action="confirmed" date="1997-07-30"/>
  </code>
</codes>
<dc element="dc.date.created" value="1997-07-30"/>
<dc element="dc.publisher" value="Reuters Holdings Plc"/>
<dc element="dc.date.published" value="1997-07-30"/>
<dc element="dc.source" value="Reuters"/>
<dc element="dc.creator.location" value="NEW YORK"/>
<dc element="dc.creator.location.country.name" value="USA"/>
<dc element="dc.source" value="Reuters"/>
</metadata>
</newsitem>
