<?xml version="1.0" encoding="iso-8859-1" ?>
<newsitem itemid="765297" id="root" date="1997-07-30" xml:lang="en">
<title>USA: Stokely expects to violate debt pacts.</title>
<headline>Stokely expects to violate debt pacts.</headline>
<dateline>OCONOMOWOC, Wis. 1997-07-30</dateline>
<text>
<p>Stokely USA Inc said Wednesday that by the end of its fiscal second quarter in September it expects to be violation of certain financial covenants contained in its long-term debt agreements.</p>
<p>Stokely, which produces canned and frozen vegetables, said it would seek to obtain waivers.</p>
<p>It said it was in compliance with all debt covenants as of June 30.  </p>
<p>Stokely said that despite progress it has made to restructure its business, it is unable to operate profitably under current market conditions.</p>
<p>&quot;We believe the historically low selling prices that currently exist are primarily due to excess inventories,&quot; Stephen Theobald, president, said in a statement.</p>
<p>He said the U.S. Agriculture Department reported on July 10 that planted acres of corn and green beans for canned vegetable processors were down 10 percent from a year earlier.  </p>
<p>&quot;It is uncertain when reductions of that magnitude might lead to an improved pricing environment; however, we expect continuation of the significant margin pressure that currently exists at least through the second quarter,&quot; Theobald said.  </p>
<p>Stokely today reported a net loss for the first quarter ended June 30 of $0.24 a share, compared with a year-ago loss of $0.38.</p>
<p>Sales fell to $36.3 million from $42.3 million.</p>
<p>Sales dropped primarily due to an $11.3 million decrease in frozen vegetable sales, partially offset by a $5.3 million, or 17 percent, increase in canned vegetable sales.</p>
<p>((--Chicago Newsdesk (312) 408-8787))</p>
</text>
<copyright>(c) Reuters Limited 1997</copyright>
<metadata>
<codes class="bip:countries:1.0">
  <code code="USA">
    <editdetail attribution="Reuters BIP Coding Group" action="confirmed" date="1997-07-30"/>
  </code>
</codes>
<codes class="bip:industries:1.0">
  <code code="I41000">
    <editdetail attribution="Reuters BIP Coding Group" action="confirmed" date="1997-07-30"/>
  </code>
</codes>
<codes class="bip:topics:1.0">
  <code code="C17">
    <editdetail attribution="Reuters BIP Coding Group" action="confirmed" date="1997-07-30"/>
  </code>
  <code code="CCAT">
    <editdetail attribution="Reuters BIP Coding Group" action="confirmed" date="1997-07-30"/>
  </code>
</codes>
<dc element="dc.date.created" value="1997-07-30"/>
<dc element="dc.publisher" value="Reuters Holdings Plc"/>
<dc element="dc.date.published" value="1997-07-30"/>
<dc element="dc.source" value="Reuters"/>
<dc element="dc.creator.location" value="OCONOMOWOC, Wis."/>
<dc element="dc.creator.location.country.name" value="USA"/>
<dc element="dc.source" value="Reuters"/>
</metadata>
</newsitem>
