<?xml version="1.0" encoding="iso-8859-1" ?>
<newsitem itemid="765285" id="root" date="1997-07-30" xml:lang="en">
<title>USA: Immunomedics licenses Repligen technology.</title>
<headline>Immunomedics licenses Repligen technology.</headline>
<dateline>MORRIS PLAINS, N.J. 1997-07-30</dateline>
<text>
<p>Immunomedics Inc said Wednesday that it has licensed technology from Repligen Corp for the production of LymphoCide, a humanized LL2 antibody product currently in Phase I/II clinical trials for non-Hodgkin's B-cell lymphoma therapy.</p>
<p>The licensed technology relates to the enhanced production of recombinant proteins in mammalian cells, which is the basis of manufacture for Immunomedics' humanized lymphoma antibody.</p>
<p>In a press release, the company said it paid Repligen an upfront licensing fee and will pay royalties on the worldwide sales of LymphoCide, if and when the product receives regulatory approval.</p>
<p>Immunomedics said it is currently in a clinical evaluation of the safety and efficacy of its humanized lymphoma antibody.</p>
</text>
<copyright>(c) Reuters Limited 1997</copyright>
<metadata>
<codes class="bip:countries:1.0">
  <code code="USA">
    <editdetail attribution="Reuters BIP Coding Group" action="confirmed" date="1997-07-30"/>
  </code>
</codes>
<codes class="bip:industries:1.0">
  <code code="I25700">
    <editdetail attribution="Reuters BIP Coding Group" action="confirmed" date="1997-07-30"/>
  </code>
</codes>
<codes class="bip:topics:1.0">
  <code code="C23">
    <editdetail attribution="Reuters BIP Coding Group" action="confirmed" date="1997-07-30"/>
  </code>
  <code code="C33">
    <editdetail attribution="Reuters BIP Coding Group" action="confirmed" date="1997-07-30"/>
  </code>
  <code code="CCAT">
    <editdetail attribution="Reuters BIP Coding Group" action="confirmed" date="1997-07-30"/>
  </code>
</codes>
<dc element="dc.date.created" value="1997-07-30"/>
<dc element="dc.publisher" value="Reuters Holdings Plc"/>
<dc element="dc.date.published" value="1997-07-30"/>
<dc element="dc.source" value="Reuters"/>
<dc element="dc.creator.location" value="MORRIS PLAINS, N.J."/>
<dc element="dc.creator.location.country.name" value="USA"/>
<dc element="dc.source" value="Reuters"/>
</metadata>
</newsitem>
