<?xml version="1.0" encoding="iso-8859-1" ?>
<newsitem itemid="765225" id="root" date="1997-07-30" xml:lang="en">
<title>USA: CSCE world sugar ends lower, Oct ends over support.</title>
<headline>CSCE world sugar ends lower, Oct ends over support.</headline>
<dateline>NEW YORK 1997-07-30</dateline>
<text>
<p>CSCE world October sugar futures ended lower on the day but the benchmark October contract managed to settle over its downside target despite an early breach of support.</p>
<p>The front month closed down 0.08 cent at 11.58 cents a lb, having ranged from 11.68 to 11.55 cents. The back months settled 0.03 to 0.11 cent weaker.</p>
<p>Floor sources said the funds were early sellers in an attempt to erode support at 11.57 in October, where sell stops were thought to be resting.</p>
<p>Steady selling below 11.60 cents in October pressured the contract to the day's low of 11.55 cents. Failing to fall further, the contract climbed off the lows amid light short-covering.</p>
<p>The October contract is expected to test 11.55 cents again on Thursday and climb back toward the recent high if it maintains support. A move below 11.55 cents is likely to attract substantial fund selling, traders said.</p>
<p>&quot;If we get through it's a whole new area,&quot; a floor source said. &quot;We could see 11.40-11.20 cents.&quot;</p>
<p>Open interest in October rose by 1,394 lots to 112,984 lots as of early Tuesday.</p>
<p>An estimated 14,924 lots changed hands compared with Tuesday's official 19,510 lots.</p>
<p>Mexico's Agroindustry Sugar Committee weekly harvest update put the 1996/97 crop (November-July) at 4,543,851 tonnes with a yield of 10.77 percent.</p>
<p>Output in the previous season reached 4,377,453 tonnes with a yield of 10.89 percent.</p>
<p>((Suzanne Rostler, New York Commodities Desk 212 859 1640))</p>
</text>
<copyright>(c) Reuters Limited 1997</copyright>
<metadata>
<codes class="bip:countries:1.0">
  <code code="USA">
    <editdetail attribution="Reuters BIP Coding Group" action="confirmed" date="1997-07-30"/>
  </code>
</codes>
<codes class="bip:topics:1.0">
  <code code="M14">
    <editdetail attribution="Reuters BIP Coding Group" action="confirmed" date="1997-07-30"/>
  </code>
  <code code="M141">
    <editdetail attribution="Reuters BIP Coding Group" action="confirmed" date="1997-07-30"/>
  </code>
  <code code="MCAT">
    <editdetail attribution="Reuters BIP Coding Group" action="confirmed" date="1997-07-30"/>
  </code>
</codes>
<dc element="dc.date.created" value="1997-07-30"/>
<dc element="dc.publisher" value="Reuters Holdings Plc"/>
<dc element="dc.date.published" value="1997-07-30"/>
<dc element="dc.source" value="Reuters"/>
<dc element="dc.creator.location" value="NEW YORK"/>
<dc element="dc.creator.location.country.name" value="USA"/>
<dc element="dc.source" value="Reuters"/>
</metadata>
</newsitem>
