<?xml version="1.0" encoding="iso-8859-1" ?>
<newsitem itemid="765296" id="root" date="1997-07-30" xml:lang="en">
<title>USA: TABLE - Rose's Stores July same-store sales.</title>
<headline>TABLE - Rose's Stores July same-store sales.</headline>
<dateline>HENDERSON, N.C. 1997-07-30</dateline>
<text>
<p>Percent change</p>
<p>		    1997	 1996	  Total     Same-Store</p>
<p>Month	    $49.7	$51.9	  - 4.0     - 4.3</p>
<p>Year-to-date   $293.9     $320.3	 - 8.2     - 7.7</p>
<p>NOTE: Figures in millions except percentage.</p>
<p>Month is four weeks ended July 26, 1997.</p>
<p>Full company name is Rose's Stores Inc.</p>
<p>Year-to-date period is 26 weeks.</p>
</text>
<copyright>(c) Reuters Limited 1997</copyright>
<metadata>
<codes class="bip:countries:1.0">
  <code code="USA">
    <editdetail attribution="Reuters BIP Coding Group" action="confirmed" date="1997-07-30"/>
  </code>
</codes>
<codes class="bip:industries:1.0">
  <code code="I65600">
    <editdetail attribution="Reuters BIP Coding Group" action="confirmed" date="1997-07-30"/>
  </code>
</codes>
<codes class="bip:topics:1.0">
  <code code="C31">
    <editdetail attribution="Reuters BIP Coding Group" action="confirmed" date="1997-07-30"/>
  </code>
  <code code="CCAT">
    <editdetail attribution="Reuters BIP Coding Group" action="confirmed" date="1997-07-30"/>
  </code>
</codes>
<dc element="dc.date.created" value="1997-07-30"/>
<dc element="dc.publisher" value="Reuters Holdings Plc"/>
<dc element="dc.date.published" value="1997-07-30"/>
<dc element="dc.source" value="Reuters"/>
<dc element="dc.creator.location" value="HENDERSON, N.C."/>
<dc element="dc.creator.location.country.name" value="USA"/>
<dc element="dc.source" value="Reuters"/>
</metadata>
</newsitem>
