<?xml version="1.0" encoding="iso-8859-1" ?>
<newsitem itemid="765251" id="root" date="1997-07-30" xml:lang="en">
<title>USA: Wall Street shares hold strong gains.</title>
<headline>Wall Street shares hold strong gains.</headline>
<dateline>NEW YORK 1997-07-30</dateline>
<text>
<p>U.S. stocks held fast to strong gains in afternoon trade on Wednesday, taking heart from a robust bond market, a benign inflation outlook and positive sentiment surrounding the balanced budget pact.</p>
<p>The Dow Jones Industrial average was up 55 points or 0.67 percent at 8229, after pushing to record levels around midday.</p>
<p>The Nasdaq composite gained 14 points at 1586.</p>
<p>The long bond extended its up 26/32 to yield 6.36 percent.</p>
<p>((Wall Street desk 212-859-1730))</p>
</text>
<copyright>(c) Reuters Limited 1997</copyright>
<metadata>
<codes class="bip:countries:1.0">
  <code code="USA">
    <editdetail attribution="Reuters BIP Coding Group" action="confirmed" date="1997-07-30"/>
  </code>
</codes>
<codes class="bip:topics:1.0">
  <code code="M11">
    <editdetail attribution="Reuters BIP Coding Group" action="confirmed" date="1997-07-30"/>
  </code>
  <code code="MCAT">
    <editdetail attribution="Reuters BIP Coding Group" action="confirmed" date="1997-07-30"/>
  </code>
</codes>
<dc element="dc.date.created" value="1997-07-30"/>
<dc element="dc.publisher" value="Reuters Holdings Plc"/>
<dc element="dc.date.published" value="1997-07-30"/>
<dc element="dc.source" value="Reuters"/>
<dc element="dc.creator.location" value="NEW YORK"/>
<dc element="dc.creator.location.country.name" value="USA"/>
<dc element="dc.source" value="Reuters"/>
</metadata>
</newsitem>
