<?xml version="1.0" encoding="iso-8859-1" ?>
<newsitem itemid="765237" id="root" date="1997-07-30" xml:lang="en">
<title>USA: Columbia excecutive Jarrell goes before magistrate.</title>
<headline>Columbia excecutive Jarrell goes before magistrate.</headline>
<dateline>FORT MYERS, Fla. 1997-07-30</dateline>
<text>
<p>A Florida executive with Columbia/HCA Healthcare Corp, Jay Jarrell, appeared before a federal magistrate in Fort Myers Wednesday to face conspiracy and fraud charges, a court clerk said.</p>
<p>Jarrell appeared before U.S. Magistrate George Swartz in hearing that began at 1400 EDT/1800 GMT.  Court Clerk Al Alayon described the hearing as an &quot;initial appearance&quot; in which the charges were read.  An arraignment and bond hearing will be scheduled later, Alayon said.</p>
<p>Jarrell was one of three Columbia/HCA executives charged with conspiracy and fraud in an indictment unsealed Wednesday.</p>
<p>((--Miami Bureau, 305-374-5013))</p>
</text>
<copyright>(c) Reuters Limited 1997</copyright>
<metadata>
<codes class="bip:countries:1.0">
  <code code="USA">
    <editdetail attribution="Reuters BIP Coding Group" action="confirmed" date="1997-07-30"/>
  </code>
</codes>
<codes class="bip:industries:1.0">
  <code code="I95100">
    <editdetail attribution="Reuters BIP Coding Group" action="confirmed" date="1997-07-30"/>
  </code>
</codes>
<codes class="bip:topics:1.0">
  <code code="C12">
    <editdetail attribution="Reuters BIP Coding Group" action="confirmed" date="1997-07-30"/>
  </code>
  <code code="CCAT">
    <editdetail attribution="Reuters BIP Coding Group" action="confirmed" date="1997-07-30"/>
  </code>
  <code code="GCAT">
    <editdetail attribution="Reuters BIP Coding Group" action="confirmed" date="1997-07-30"/>
  </code>
  <code code="GCRIM">
    <editdetail attribution="Reuters BIP Coding Group" action="confirmed" date="1997-07-30"/>
  </code>
</codes>
<dc element="dc.date.created" value="1997-07-30"/>
<dc element="dc.publisher" value="Reuters Holdings Plc"/>
<dc element="dc.date.published" value="1997-07-30"/>
<dc element="dc.source" value="Reuters"/>
<dc element="dc.creator.location" value="FORT MYERS, Fla."/>
<dc element="dc.creator.location.country.name" value="USA"/>
<dc element="dc.source" value="Reuters"/>
</metadata>
</newsitem>
