<?xml version="1.0" encoding="iso-8859-1" ?>
<newsitem itemid="765255" id="root" date="1997-07-30" xml:lang="en">
<title>USA: Invacare to keep Healthdyne options open.</title>
<headline>Invacare to keep Healthdyne options open.</headline>
<dateline>MARIETTA, Ga. 1997-07-30</dateline>
<text>
<p>Invacare Corp chief executive officer Malachi Mixon said Wednesday he has not given up the fight to take over Healthdyne Technologies Inc despite having apparently lost a bid to control Healthdyne's board.</p>
<p>&quot;I want to keep all of my options open,&quot; he said, adding Invacare has not yet determined if it will extend its tender offer for Healthdyne, set to expire August 1.</p>
<p>Mixon also said Invacare has sold 350,000 of its 600,000 Healthdyne shares. The company had previously said it would likely sell some shares in order to take advantage of a recent run-up in Healthdyne's stock price.</p>
<p>Invacare in January launched a hostile takeover of Healthdyne that is now valued at $200 million, or $15 per share.</p>
<p>((--New York Equities, 212-859-1700))</p>
</text>
<copyright>(c) Reuters Limited 1997</copyright>
<metadata>
<codes class="bip:countries:1.0">
  <code code="USA">
    <editdetail attribution="Reuters BIP Coding Group" action="confirmed" date="1997-07-30"/>
  </code>
</codes>
<codes class="bip:industries:1.0">
  <code code="I37200">
    <editdetail attribution="Reuters BIP Coding Group" action="confirmed" date="1997-07-30"/>
  </code>
</codes>
<codes class="bip:topics:1.0">
  <code code="C18">
    <editdetail attribution="Reuters BIP Coding Group" action="confirmed" date="1997-07-30"/>
  </code>
  <code code="C181">
    <editdetail attribution="Reuters BIP Coding Group" action="confirmed" date="1997-07-30"/>
  </code>
  <code code="CCAT">
    <editdetail attribution="Reuters BIP Coding Group" action="confirmed" date="1997-07-30"/>
  </code>
</codes>
<dc element="dc.date.created" value="1997-07-30"/>
<dc element="dc.publisher" value="Reuters Holdings Plc"/>
<dc element="dc.date.published" value="1997-07-30"/>
<dc element="dc.source" value="Reuters"/>
<dc element="dc.creator.location" value="MARIETTA, Ga."/>
<dc element="dc.creator.location.country.name" value="USA"/>
<dc element="dc.source" value="Reuters"/>
</metadata>
</newsitem>
