<?xml version="1.0" encoding="iso-8859-1" ?>
<newsitem itemid="765262" id="root" date="1997-07-30" xml:lang="en">
<title>USA: Chateau Communities recent merger tax-free.</title>
<headline>Chateau Communities recent merger tax-free.</headline>
<dateline>ENGLEWOOD, Colo. 1997-07-30</dateline>
<text>
<p>Chateau Communities Inc said Wednesday the recent merger between Chateau Properties Inc and ROC Communities Inc was a tax free exchange.</p>
<p>Chateau also said it was substantially tax free to the limited partners of CP LP who participated in the transaction.</p>
<p>Chateau said it received a private letter ruling from the Internal Revenue Service on the issue.</p>
<p>The $365 million merger created the nation's largest mobile home park operator.</p>
<p>Chateau is a real estate investment trust.</p>
</text>
<copyright>(c) Reuters Limited 1997</copyright>
<metadata>
<codes class="bip:countries:1.0">
  <code code="USA">
    <editdetail attribution="Reuters BIP Coding Group" action="confirmed" date="1997-07-30"/>
  </code>
</codes>
<codes class="bip:industries:1.0">
  <code code="I81502">
    <editdetail attribution="Reuters BIP Coding Group" action="confirmed" date="1997-07-30"/>
  </code>
  <code code="I8150206">
    <editdetail attribution="Reuters BIP Coding Group" action="confirmed" date="1997-07-30"/>
  </code>
  <code code="I85000">
    <editdetail attribution="Reuters BIP Coding Group" action="confirmed" date="1997-07-30"/>
  </code>
</codes>
<codes class="bip:topics:1.0">
  <code code="C18">
    <editdetail attribution="Reuters BIP Coding Group" action="confirmed" date="1997-07-30"/>
  </code>
  <code code="C181">
    <editdetail attribution="Reuters BIP Coding Group" action="confirmed" date="1997-07-30"/>
  </code>
  <code code="CCAT">
    <editdetail attribution="Reuters BIP Coding Group" action="confirmed" date="1997-07-30"/>
  </code>
</codes>
<dc element="dc.date.created" value="1997-07-30"/>
<dc element="dc.publisher" value="Reuters Holdings Plc"/>
<dc element="dc.date.published" value="1997-07-30"/>
<dc element="dc.source" value="Reuters"/>
<dc element="dc.creator.location" value="ENGLEWOOD, Colo."/>
<dc element="dc.creator.location.country.name" value="USA"/>
<dc element="dc.source" value="Reuters"/>
</metadata>
</newsitem>
