<?xml version="1.0" encoding="iso-8859-1" ?>
<newsitem itemid="765221" id="root" date="1997-07-30" xml:lang="en">
<title>USA: Ares-Serono gets US injunction vs generic.</title>
<headline>Ares-Serono gets US injunction vs generic.</headline>
<dateline>NORWELL, Mass. 1997-07-30</dateline>
<text>
<p>Ares-Serono Group's Serono Laboratories Inc said Wednesday a U.S. District Court issued a preliminary injunction barring the marketing in the U.S. of Repronex, the generic version of its infertility drug.</p>
<p>Serono said the U.S. District Court for the District of Columbia concluded that Repronex does not contain the same ingredients as its drug, called Pergonal, and therefore should not have been approved under an abbreviated new drug application that does not require clinical testing.</p>
<p>Repronex, which is distributed by Ferring Laboratories, was approved by the U.S. Food and Drug Administration in January 1997 as a generic version of Pergonal.</p>
<p>On May 30, Serono Laboratories challenged the FDA's approval of that application.</p>
<p>The company said the court indicated it had questions about the safety of Repronex, and it said the &quot;record does not show that Repronex is a safe and effective equivalent of Pergonal.&quot;</p>
<p>Serono Laboratories is the U.S. member of Ares-Serono Group, a Swiss developer and marketer of pharmaceutical products.</p>
</text>
<copyright>(c) Reuters Limited 1997</copyright>
<metadata>
<codes class="bip:countries:1.0">
  <code code="USA">
    <editdetail attribution="Reuters BIP Coding Group" action="confirmed" date="1997-07-30"/>
  </code>
</codes>
<codes class="bip:industries:1.0">
  <code code="I25700">
    <editdetail attribution="Reuters BIP Coding Group" action="confirmed" date="1997-07-30"/>
  </code>
</codes>
<codes class="bip:topics:1.0">
  <code code="C12">
    <editdetail attribution="Reuters BIP Coding Group" action="confirmed" date="1997-07-30"/>
  </code>
  <code code="C13">
    <editdetail attribution="Reuters BIP Coding Group" action="confirmed" date="1997-07-30"/>
  </code>
  <code code="CCAT">
    <editdetail attribution="Reuters BIP Coding Group" action="confirmed" date="1997-07-30"/>
  </code>
  <code code="GCAT">
    <editdetail attribution="Reuters BIP Coding Group" action="confirmed" date="1997-07-30"/>
  </code>
  <code code="GCRIM">
    <editdetail attribution="Reuters BIP Coding Group" action="confirmed" date="1997-07-30"/>
  </code>
</codes>
<dc element="dc.date.created" value="1997-07-30"/>
<dc element="dc.publisher" value="Reuters Holdings Plc"/>
<dc element="dc.date.published" value="1997-07-30"/>
<dc element="dc.source" value="Reuters"/>
<dc element="dc.creator.location" value="NORWELL, Mass."/>
<dc element="dc.creator.location.country.name" value="USA"/>
<dc element="dc.source" value="Reuters"/>
</metadata>
</newsitem>
