<?xml version="1.0" encoding="iso-8859-1" ?>
<newsitem itemid="765263" id="root" date="1997-07-30" xml:lang="en">
<title>USA: Falling gold prices force Echo Bay review.</title>
<headline>Falling gold prices force Echo Bay review.</headline>
<dateline>ENGLEWOOD, Col. 1997-07-30</dateline>
<text>
<p>Echo Bay Mines Ltd said Wednesday it is conducting a major review of its gold mines and development projects to determine the carrying values of its assets, in light of both short-term and long-term views of precious metals prices.</p>
<p>The review is expected to be finished in the third quarter.</p>
<p>The average gold price realized by Echo Bay fell by $42 per ounce of gold sold in the second quarter, ended June 30, to $350 per ounce, from $392 a year ago, the company said, but realized prices by the company exceeded world spot prices due to the company's hedging programs.  </p>
<p>The company reported a net loss today of $20.7 million, or $0.17 per share in the second quarter, versus a loss of $14.6 million, or $0.11 a share in the year-earlier period, largely because of sharply lower gold prices and the higher costs of processing lower grades of ore.</p>
<p>The company also blamed the drop in gold prices on the the possible deferral of final construction of the Paredones Amarillos gold mine in Mexico, a joint venture with Viceroy Resources Corp, and its New Aquarius mine in Ontario.</p>
<p>Such a deferral would reduce Echo Bay's total 1997 capital spending at the Mexican mine to $10 million, from $44 million, and to $39 million, from $70 million at the Canadian mine.</p>
<p>Echo Bay also said that in July it implemented the final steps of a corporate office downsizing that it expects to produce cost savings of $4 million in expenses in 1998.</p>
</text>
<copyright>(c) Reuters Limited 1997</copyright>
<metadata>
<codes class="bip:countries:1.0">
  <code code="USA">
    <editdetail attribution="Reuters BIP Coding Group" action="confirmed" date="1997-07-30"/>
  </code>
</codes>
<codes class="bip:industries:1.0">
  <code code="I21000">
    <editdetail attribution="Reuters BIP Coding Group" action="confirmed" date="1997-07-30"/>
  </code>
</codes>
<codes class="bip:topics:1.0">
  <code code="C15">
    <editdetail attribution="Reuters BIP Coding Group" action="confirmed" date="1997-07-30"/>
  </code>
  <code code="C151">
    <editdetail attribution="Reuters BIP Coding Group" action="confirmed" date="1997-07-30"/>
  </code>
  <code code="C24">
    <editdetail attribution="Reuters BIP Coding Group" action="confirmed" date="1997-07-30"/>
  </code>
  <code code="CCAT">
    <editdetail attribution="Reuters BIP Coding Group" action="confirmed" date="1997-07-30"/>
  </code>
  <code code="M14">
    <editdetail attribution="Reuters BIP Coding Group" action="confirmed" date="1997-07-30"/>
  </code>
  <code code="M142">
    <editdetail attribution="Reuters BIP Coding Group" action="confirmed" date="1997-07-30"/>
  </code>
  <code code="MCAT">
    <editdetail attribution="Reuters BIP Coding Group" action="confirmed" date="1997-07-30"/>
  </code>
</codes>
<dc element="dc.date.created" value="1997-07-30"/>
<dc element="dc.publisher" value="Reuters Holdings Plc"/>
<dc element="dc.date.published" value="1997-07-30"/>
<dc element="dc.source" value="Reuters"/>
<dc element="dc.creator.location" value="ENGLEWOOD, Col."/>
<dc element="dc.creator.location.country.name" value="USA"/>
<dc element="dc.source" value="Reuters"/>
</metadata>
</newsitem>
