<?xml version="1.0" encoding="iso-8859-1" ?>
<newsitem itemid="765232" id="root" date="1997-07-30" xml:lang="en">
<title>USA: TABLE - Newmont Q2 loss after merger charge.</title>
<headline>TABLE - Newmont Q2 loss after merger charge.</headline>
<dateline>DENVER 1997-07-30</dateline>
<text>
<p>Newmont Mining Corp and Newmont Gold Co and subsidiaries</p>
<p>			 Statements of consolidated income</p>
<p>			  (In millions, except per share)</p>
<p>			     (Unaudited)</p>
<p>				 Three months ended  Six months ended</p>
<p>						 June 30,    June 30,</p>
<p>					1997    1996   1997	  1996</p>
<p>Sales and other income</p>
<p> Sales			     $421.8 $261.4 $776.8	$498.0</p>
<p> Dividends, interest and other  5.7    8.2   39.9	  16.1</p>
<p>					427.5  269.6  816.7	 514.1</p>
<p>Costs and expenses</p>
<p> Costs applicable to sales    211.7  157.0  395.7	 297.3</p>
<p>Depreciation,</p>
<p>  depletion and amortization   66.1   48.6  126.6	  96.5</p>
<p> Exploration and research	26.3   19.3   48.4	  36.6</p>
<p> General and administrative    17.7   16.4   34.4	  32.9</p>
<p>Interest, net of</p>
<p>  capitalized interest	   19.7   13.0   38.9	  26.3</p>
<p>Merger expenses and</p>
<p>  related write-offs	    157.7     --  157.7	    --</p>
<p> Other				  6.3    3.3    8.2	   7.1</p>
<p>					505.5  257.6  809.9	 496.7</p>
<p>Income (loss)</p>
<p>before equity income</p>
<p>  (loss) and income taxes    (78.0)   12.0    6.8	  17.4</p>
<p>Equity in income (loss)</p>
<p>  of affiliated companies     (3.0)   11.0  (4.5)	  22.6</p>
<p> Pre-tax income (loss)	 (81.0)   23.0    2.3	  40.0</p>
<p> Income tax benefit		28.8    2.7   15.4	   2.1</p>
<p>Minority interest in</p>
<p>  Minera Yanacocha	     (16.8)     --  (32.0)	   --</p>
<p>Newmont Gold net income (loss)</p>
<p>				     (69.0)   25.7  (14.3)	 42.1</p>
<p>Minority interest</p>
<p>in income (loss)</p>
<p>  of Newmont Gold Company	 4.4  (1.6)    0.9	 (2.7)</p>
<p>Newmont Mining net income</p>
<p>  (loss)			   (64.6)   24.1 (13.4)	  39.4</p>
<p>Net income (loss)</p>
<p>  per common share	     (0.41)   0.15 (0.09)	  0.25</p>
<p>Weighted average number</p>
<p>of shares of common</p>
<p>stock and common stock</p>
<p>equivalents outstanding:</p>
<p>   Newmont Gold		   166.5  166.8  166.5	 166.0</p>
<p>   Newmont Mining		 156.1  156.4  156.1	 155.6</p>
<p>Cash dividends declared</p>
<p>  per common share		 0.12   0.12   0.24	  0.24</p>
<p>NOTE: Excluding merger and non-recurring items, Newmont Gold's net income for the three months and six months ended June 30 1997 was $47.5 million ($0.29 per share) and $86.9 million ($0.52 per share), respectively.</p>
<p>Newmont Mining Corp's sole asset is a 94 percent ownership of Newmont Gold Co.</p>
<p>Source:  Newmont Mining Corp</p>
<p>-- New York Newsdesk 212 859-1610</p>
</text>
<copyright>(c) Reuters Limited 1997</copyright>
<metadata>
<codes class="bip:countries:1.0">
  <code code="USA">
    <editdetail attribution="Reuters BIP Coding Group" action="confirmed" date="1997-07-30"/>
  </code>
</codes>
<codes class="bip:industries:1.0">
  <code code="I21000">
    <editdetail attribution="Reuters BIP Coding Group" action="confirmed" date="1997-07-30"/>
  </code>
</codes>
<codes class="bip:topics:1.0">
  <code code="C15">
    <editdetail attribution="Reuters BIP Coding Group" action="confirmed" date="1997-07-30"/>
  </code>
  <code code="C151">
    <editdetail attribution="Reuters BIP Coding Group" action="confirmed" date="1997-07-30"/>
  </code>
  <code code="CCAT">
    <editdetail attribution="Reuters BIP Coding Group" action="confirmed" date="1997-07-30"/>
  </code>
</codes>
<dc element="dc.date.created" value="1997-07-30"/>
<dc element="dc.publisher" value="Reuters Holdings Plc"/>
<dc element="dc.date.published" value="1997-07-30"/>
<dc element="dc.source" value="Reuters"/>
<dc element="dc.creator.location" value="DENVER"/>
<dc element="dc.creator.location.country.name" value="USA"/>
<dc element="dc.source" value="Reuters"/>
</metadata>
</newsitem>
