<?xml version="1.0" encoding="iso-8859-1" ?>
<newsitem itemid="765259" id="root" date="1997-07-30" xml:lang="en">
<title>USA: TABLE - Judge Group Inc Q2 net rises.</title>
<headline>TABLE - Judge Group Inc Q2 net rises.</headline>
<dateline>BALA CYNWYD, Pa. 1997-07-30</dateline>
<text>
<p>6 Mos ended		 3 Mos ended</p>
<p>			   June 30,		    June 30,</p>
<p>			1997	   1996	 1997	   1996</p>
<p> Net Revs     $49,540,975 $37,327,166 $26,062,572 $20,892,186</p>
<p>Income From Opers</p>
<p>		    1,368,141     527,483   1,487,142     672,573</p>
<p>Minority Interest in Net</p>
<p>Loss of Consolidated</p>
<p>  Subsidiary	     --     229,000	    --     130,600</p>
<p> Net Income	 641,414     181,544     907,867     425,577</p>
<p> Primary shr	    .05	   .02	   .07	   .05</p>
<p> Avg shrs	12,164,486   8,587,739  13,347,969   8,587,739</p>
<p> Diluted shr	     .05	   .02	   .07	   .05</p>
<p> Avg shrs	12,295,260   9,113,739  13,347,969   9,113,739</p>
</text>
<copyright>(c) Reuters Limited 1997</copyright>
<metadata>
<codes class="bip:countries:1.0">
  <code code="USA">
    <editdetail attribution="Reuters BIP Coding Group" action="confirmed" date="1997-07-30"/>
  </code>
</codes>
<codes class="bip:industries:1.0">
  <code code="I83700">
    <editdetail attribution="Reuters BIP Coding Group" action="confirmed" date="1997-07-30"/>
  </code>
</codes>
<codes class="bip:topics:1.0">
  <code code="C15">
    <editdetail attribution="Reuters BIP Coding Group" action="confirmed" date="1997-07-30"/>
  </code>
  <code code="C151">
    <editdetail attribution="Reuters BIP Coding Group" action="confirmed" date="1997-07-30"/>
  </code>
  <code code="CCAT">
    <editdetail attribution="Reuters BIP Coding Group" action="confirmed" date="1997-07-30"/>
  </code>
</codes>
<dc element="dc.date.created" value="1997-07-30"/>
<dc element="dc.publisher" value="Reuters Holdings Plc"/>
<dc element="dc.date.published" value="1997-07-30"/>
<dc element="dc.source" value="Reuters"/>
<dc element="dc.creator.location" value="BALA CYNWYD, Pa."/>
<dc element="dc.creator.location.country.name" value="USA"/>
<dc element="dc.source" value="Reuters"/>
</metadata>
</newsitem>
