<?xml version="1.0" encoding="iso-8859-1" ?>
<newsitem itemid="765271" id="root" date="1997-07-30" xml:lang="en">
<title>USA: Compaq unveils new Armada 7300 computers.</title>
<headline>Compaq unveils new Armada 7300 computers.</headline>
<dateline>HOUSTON 1997-07-30</dateline>
<text>
<p>Compaq Computer Corp said Wednesday it unveiled a new Armada 7300 line of mobile notebook computers.</p>
<p>The Armada 7300 models should be available in August, the company said, at prices ranging from $4,399 to $4,899.</p>
<p>The standard features on the 7300 models include Pentium processors with MMX technology at speeds of up to 166-MHz, 2.1 Gigabyte (GB) hard drives, up to 32 Megabytes (MB) of random access memory (RAM) standard and video/graphics performance, the company said.</p>
<p>The new model, part of the Armada 7700 family, is about 1.5-inches thin and weighs about six pounds.</p>
</text>
<copyright>(c) Reuters Limited 1997</copyright>
<metadata>
<codes class="bip:countries:1.0">
  <code code="USA">
    <editdetail attribution="Reuters BIP Coding Group" action="confirmed" date="1997-07-30"/>
  </code>
</codes>
<codes class="bip:industries:1.0">
  <code code="I33020">
    <editdetail attribution="Reuters BIP Coding Group" action="confirmed" date="1997-07-30"/>
  </code>
  <code code="I3302003">
    <editdetail attribution="Reuters BIP Coding Group" action="confirmed" date="1997-07-30"/>
  </code>
</codes>
<codes class="bip:topics:1.0">
  <code code="C22">
    <editdetail attribution="Reuters BIP Coding Group" action="confirmed" date="1997-07-30"/>
  </code>
  <code code="CCAT">
    <editdetail attribution="Reuters BIP Coding Group" action="confirmed" date="1997-07-30"/>
  </code>
</codes>
<dc element="dc.date.created" value="1997-07-30"/>
<dc element="dc.publisher" value="Reuters Holdings Plc"/>
<dc element="dc.date.published" value="1997-07-30"/>
<dc element="dc.source" value="Reuters"/>
<dc element="dc.creator.location" value="HOUSTON"/>
<dc element="dc.creator.location.country.name" value="USA"/>
<dc element="dc.source" value="Reuters"/>
</metadata>
</newsitem>
