<?xml version="1.0" encoding="iso-8859-1" ?>
<newsitem itemid="765278" id="root" date="1997-07-30" xml:lang="en">
<title>USA: TABLE - American Mobile Satellite Q2 loss.</title>
<headline>TABLE - American Mobile Satellite Q2 loss.</headline>
<dateline>RESTON, Va. 1997-07-30</dateline>
<text>
<p>(in thousands, except per share amounts)</p>
<p>			    (unaudited)</p>
<p>				 Three Months Ended  Six Months Ended</p>
<p>						 June 30	June 30</p>
<p>				     1997	1996     1997     1996</p>
<p> Total Revenues		$10,753   $6,749  $19,438  $11,118</p>
<p> Service Revenues		4,979    1,798    9,132    3,591</p>
<p>Revenue from Equipment Sales</p>
<p>				     5,774    4,951   10,306    7,527</p>
<p> Net loss		     (26,842) (43,509) (53,923) (73,386)</p>
<p> Net Loss Per Share	   (1.07)   (1.74)   (2.15)   (2.94)</p>
<p> EBITDA			 (10,584) (27,268) (23,428) (43,126)</p>
<p>Weighted Average</p>
<p>	 Shares Outstanding   25,120   25,012   25,115   25,003</p>
<p>((-- New York Newsdesk 212 859-1610))</p>
</text>
<copyright>(c) Reuters Limited 1997</copyright>
<metadata>
<codes class="bip:countries:1.0">
  <code code="USA">
    <editdetail attribution="Reuters BIP Coding Group" action="confirmed" date="1997-07-30"/>
  </code>
</codes>
<codes class="bip:topics:1.0">
  <code code="C15">
    <editdetail attribution="Reuters BIP Coding Group" action="confirmed" date="1997-07-30"/>
  </code>
  <code code="C151">
    <editdetail attribution="Reuters BIP Coding Group" action="confirmed" date="1997-07-30"/>
  </code>
  <code code="CCAT">
    <editdetail attribution="Reuters BIP Coding Group" action="confirmed" date="1997-07-30"/>
  </code>
</codes>
<dc element="dc.date.created" value="1997-07-30"/>
<dc element="dc.publisher" value="Reuters Holdings Plc"/>
<dc element="dc.date.published" value="1997-07-30"/>
<dc element="dc.source" value="Reuters"/>
<dc element="dc.creator.location" value="RESTON, Va."/>
<dc element="dc.creator.location.country.name" value="USA"/>
<dc element="dc.source" value="Reuters"/>
</metadata>
</newsitem>
