<?xml version="1.0" encoding="iso-8859-1" ?>
<newsitem itemid="765270" id="root" date="1997-07-30" xml:lang="en">
<title>USA: US OPTIONS FOCUS/Going long Morris, protecting MCI.</title>
<headline>US OPTIONS FOCUS/Going long Morris, protecting MCI.</headline>
<dateline>CHICAGO 1997-07-30</dateline>
<text>
<p>An investor used long term options known as LEAPS (long term equity anticipation securities) to go synthetically long shares of Philip Morris Cos Inc while other investors were buying puts on MCI Communications Corp to protect long stock positions, traders said Wednesday.</p>
<p>The Philip Morris January 2000 40 puts traded 7,500 contracts and the January 2000 45 calls traded about 7,700.</p>
<p>Andrew Schwarz, senior partner at AGS Specialist Partners, said an institutional customer bought the calls and sold the puts.  </p>
<p>Traders did not think the transaction was done in conjunction with the stock or related to a dividend, but possibly from an investor bullish on Philip Morris stock.</p>
<p>The stock was up 1-1/16 at 46-3/16 on more than 4.5 million shares by about 1220 CDT/1720 GMT.</p>
<p>&quot;He sold the put and bought the call so he has synthetic long stock,&quot; said Harrison Roth, a first vice president at Cowen &amp; Co, referring to the investor who did the LEAPS transaction.</p>
<p>In other activity, MCI options were fairly busy after the company reported a drop in its second quarter profits.  </p>
<p>MCI reported second quarter earnings of $0.40 a share, down seven percent from the 1996 second quarter, amid slower revenue growth in long distance and delays in entering local markets.</p>
<p>The number, however, matched Wall Street analysts' consensus estimate according to First Call.</p>
<p>&quot;The earnings were right in line,&quot; said a trader in MCI options, adding that investors were mostly buying puts to protect long stock positions.</p>
<p>&quot;There's some rolling August to September puts,&quot; he said. &quot;People are just still protecting long stock.&quot;  </p>
<p>The traders said volatilities in MCI options were generally coming down, which typically happens once news is released, but he added that the puts remained well bid.</p>
<p>Among the options, the most actives were the August 35 call, which traded about 2,915 contracts and the October 40 call, which traded about 2,565.</p>
<p>The trader said an institution bought the spread and market makers sold it.</p>
<p>&quot;The October 40 is cheap protection on the upside and the Aug 35s look like they're just decaying,&quot; he said. August options expire in two weeks.  </p>
<p>The most active MCI put was the September 30, which traded about 2,340 contracts. The August 32-1/2 put traded 1,215 and the September 32-1/2 traded an even 1,000.</p>
<p>The MCI options trader said the options have been busy recently as investors adjusted positions and bought puts after the stock tumbled on the company's mid-July warning that losses from entering local phone markets could exceed $800 million, double its prior estimate.</p>
<p>((Gregory Crawford, 312 408 8750))</p>
<p>E-mail: derivatives@reuters.com</p>
</text>
<copyright>(c) Reuters Limited 1997</copyright>
<metadata>
<codes class="bip:countries:1.0">
  <code code="USA">
    <editdetail attribution="Reuters BIP Coding Group" action="confirmed" date="1997-07-30"/>
  </code>
</codes>
<codes class="bip:industries:1.0">
  <code code="I42900">
    <editdetail attribution="Reuters BIP Coding Group" action="confirmed" date="1997-07-30"/>
  </code>
  <code code="I79020">
    <editdetail attribution="Reuters BIP Coding Group" action="confirmed" date="1997-07-30"/>
  </code>
</codes>
<codes class="bip:topics:1.0">
  <code code="C15">
    <editdetail attribution="Reuters BIP Coding Group" action="confirmed" date="1997-07-30"/>
  </code>
  <code code="C152">
    <editdetail attribution="Reuters BIP Coding Group" action="confirmed" date="1997-07-30"/>
  </code>
  <code code="CCAT">
    <editdetail attribution="Reuters BIP Coding Group" action="confirmed" date="1997-07-30"/>
  </code>
</codes>
<dc element="dc.date.created" value="1997-07-30"/>
<dc element="dc.publisher" value="Reuters Holdings Plc"/>
<dc element="dc.date.published" value="1997-07-30"/>
<dc element="dc.source" value="Reuters"/>
<dc element="dc.creator.location" value="CHICAGO"/>
<dc element="dc.creator.location.country.name" value="USA"/>
<dc element="dc.source" value="Reuters"/>
</metadata>
</newsitem>
