<?xml version="1.0" encoding="iso-8859-1" ?>
<newsitem itemid="765298" id="root" date="1997-07-30" xml:lang="en">
<title>USA: TABLE - Echo Bay Mines Ltd Q2 results.</title>
<headline>TABLE - Echo Bay Mines Ltd Q2 results.</headline>
<dateline>NEW YORK 1997-07-30</dateline>
<text>
<p>Earnings Summary</p>
<p>							1997		1996</p>
<p>THREE MONTHS ENDED JUNE 30:</p>
<p>    Revenue				$75,815,000     $95,086,000</p>
<p>    Net loss			   $(20,732,000)   $(14,603,000)</p>
<p>    Loss per share			   $(0.17)	   $(0.11)</p>
<p>Weighted average common</p>
<p>     shares outstanding		139,370,031     130,513,930</p>
<p>SIX MONTHS ENDED JUNE 30:</p>
<p>    Revenue			     $149,653,000    $162,836,000</p>
<p>    Net loss			   $(37,493,000)   $(30,759,000)</p>
<p>    Loss per share			   $(0.29)	   $(0.24)</p>
<p>Weighted average common</p>
<p>	shares outstanding	     139,363,557     130,390,503</p>
</text>
<copyright>(c) Reuters Limited 1997</copyright>
<metadata>
<codes class="bip:countries:1.0">
  <code code="USA">
    <editdetail attribution="Reuters BIP Coding Group" action="confirmed" date="1997-07-30"/>
  </code>
</codes>
<codes class="bip:industries:1.0">
  <code code="I21000">
    <editdetail attribution="Reuters BIP Coding Group" action="confirmed" date="1997-07-30"/>
  </code>
</codes>
<codes class="bip:topics:1.0">
  <code code="C15">
    <editdetail attribution="Reuters BIP Coding Group" action="confirmed" date="1997-07-30"/>
  </code>
  <code code="C151">
    <editdetail attribution="Reuters BIP Coding Group" action="confirmed" date="1997-07-30"/>
  </code>
  <code code="CCAT">
    <editdetail attribution="Reuters BIP Coding Group" action="confirmed" date="1997-07-30"/>
  </code>
</codes>
<dc element="dc.date.created" value="1997-07-30"/>
<dc element="dc.publisher" value="Reuters Holdings Plc"/>
<dc element="dc.date.published" value="1997-07-30"/>
<dc element="dc.source" value="Reuters"/>
<dc element="dc.creator.location" value="NEW YORK"/>
<dc element="dc.creator.location.country.name" value="USA"/>
<dc element="dc.source" value="Reuters"/>
</metadata>
</newsitem>
