<?xml version="1.0" encoding="iso-8859-1" ?>
<newsitem itemid="765276" id="root" date="1997-07-30" xml:lang="en">
<title>USA: TABLE - Star Multi Care Q4 net rises.</title>
<headline>TABLE - Star Multi Care Q4 net rises.</headline>
<dateline>HICKSVILLE, N.Y. 1997-07-30</dateline>
<text>
<p>Financial Highlights</p>
<p>					     For the Three Months Ended</p>
<p>					5/31/97		     5/31/96</p>
<p> Net Revenues		 $13,799,286		 $13,699,342</p>
<p> Operating expenses	  13,025,652		  13,316,675</p>
<p> Income from operations	 773,634		     382,667</p>
<p> Interest expense (net)	(56,453)		    (45,917)</p>
<p> Earnings before income tax   717,181		     336,750</p>
<p>Income tax provision (benefit)</p>
<p>					294,000		    (40,111)</p>
<p> Net earnings		     423,181		     376,861</p>
<p>Net earnings per share of</p>
<p>   common stock			0.10			  0.09</p>
<p>Weighted average number of</p>
<p>common shares outstanding-</p>
<p>   fully diluted		4,216,985		   4,212,078</p>
<p>					     For the Year Ended</p>
<p>				     5/31/97			5/31/96</p>
<p> Net Revenues		 $52,963,265		 $49,162,934</p>
<p> Operating expenses	  49,783,312		  47,330,647</p>
<p> Income from operations     3,179,953		   1,832,287</p>
<p>Other charges:</p>
<p>Non-recurring merger</p>
<p>   transaction costs (a)  (2,808,223)			    --</p>
<p> Interest expense (net)     (159,110)		   (120,240)</p>
<p> Earnings before income tax   212,620		   1,712,047</p>
<p> Income tax provision	    87,000		     568,844</p>
<p> Net earnings		     125,620		   1,143,203</p>
<p>Net earnings per share of</p>
<p>   common stock			0.03			  0.27</p>
<p>Weighted average number of</p>
<p>common shares outstanding-</p>
<p>   fully diluted		4,216,985		   4,212,078</p>
<p>(a) Represents a one-time charge for acquisition costs, legal fees and restructuring costs associated with the acquisition of Amserv Healthcare, Inc. in August of 1996.</p>
<p>-- New York Newsdesk 212 859-1610</p>
</text>
<copyright>(c) Reuters Limited 1997</copyright>
<metadata>
<codes class="bip:countries:1.0">
  <code code="USA">
    <editdetail attribution="Reuters BIP Coding Group" action="confirmed" date="1997-07-30"/>
  </code>
</codes>
<codes class="bip:industries:1.0">
  <code code="I95100">
    <editdetail attribution="Reuters BIP Coding Group" action="confirmed" date="1997-07-30"/>
  </code>
</codes>
<codes class="bip:topics:1.0">
  <code code="C15">
    <editdetail attribution="Reuters BIP Coding Group" action="confirmed" date="1997-07-30"/>
  </code>
  <code code="C151">
    <editdetail attribution="Reuters BIP Coding Group" action="confirmed" date="1997-07-30"/>
  </code>
  <code code="CCAT">
    <editdetail attribution="Reuters BIP Coding Group" action="confirmed" date="1997-07-30"/>
  </code>
</codes>
<dc element="dc.date.created" value="1997-07-30"/>
<dc element="dc.publisher" value="Reuters Holdings Plc"/>
<dc element="dc.date.published" value="1997-07-30"/>
<dc element="dc.source" value="Reuters"/>
<dc element="dc.creator.location" value="HICKSVILLE, N.Y."/>
<dc element="dc.creator.location.country.name" value="USA"/>
<dc element="dc.source" value="Reuters"/>
</metadata>
</newsitem>
