<?xml version="1.0" encoding="iso-8859-1" ?>
<newsitem itemid="765273" id="root" date="1997-07-30" xml:lang="en">
<title>USA: TABLE - ForeFront Group Q2 loss widens.</title>
<headline>TABLE - ForeFront Group Q2 loss widens.</headline>
<dateline>HOUSTON 1997-07-30</dateline>
<text>
<p>(Unaudited)</p>
<p>		 For the Quarters Ended  For the Six Months Ended</p>
<p>			     June 30,		  June 30,</p>
<p>			1996	  1997	   1996	   1997</p>
<p> Licenses   $3,071,629   $4,149,468   $5,807,504   $8,283,315</p>
<p>Maintenance and</p>
<p>  services	38,992	 17,279	 56,280	 35,339</p>
<p>Total revenues</p>
<p>		 3,110,621    4,166,747    5,863,784    8,318,654</p>
<p>Cost of product</p>
<p>  licenses     565,241	823,427    1,071,328    1,706,711</p>
<p>Gross profit</p>
<p>		 2,545,380    3,343,320    4,792,456    6,611,943</p>
<p>Research and</p>
<p>  development  624,184	503,956	986,160    1,191,578</p>
<p>Selling and</p>
<p>  marketing  1,883,080    3,079,367    3,318,450    6,471,772</p>
<p>General and</p>
<p>administrative</p>
<p>		   525,159    1,778,773	962,126    2,420,202</p>
<p>Acquired research and</p>
<p>development costs</p>
<p>		 2,358,723	447,251    2,798,604	447,251</p>
<p> Total	 5,391,146    5,809,347    8,065,340   10,530,803</p>
<p>Operating loss</p>
<p>	     (2,845,766)  (2,466,027)  (3,272,884)  (3,918,860)</p>
<p>Interest income</p>
<p>		   155,915	 58,246	320,632	126,457</p>
<p>Net loss  (2,689,851)  (2,407,781)  (2,952,252)  (3,792,403) Net loss per share</p>
<p>		    (0.45)	 (0.38)	 (0.50)	 (0.61)</p>
<p>Shares used in</p>
<p>computing net loss</p>
<p>  per share  5,927,509    6,317,153    5,857,083    6,260,162</p>
<p>Net loss excluding</p>
<p>one-time restructuring</p>
<p>charges and acquired</p>
<p>research and</p>
<p>development</p>
<p>		 (331,128)    (816,670)    (153,648)  (2,201,292)</p>
<p>Net loss per share</p>
<p>excluding one-time</p>
<p>  charges	 (0.06)	 (0.13)	 (0.03)	 (0.35)</p>
<p>((-- New York Newsdesk 212 859-1610))</p>
</text>
<copyright>(c) Reuters Limited 1997</copyright>
<metadata>
<codes class="bip:countries:1.0">
  <code code="USA">
    <editdetail attribution="Reuters BIP Coding Group" action="confirmed" date="1997-07-30"/>
  </code>
</codes>
<codes class="bip:industries:1.0">
  <code code="I33020">
    <editdetail attribution="Reuters BIP Coding Group" action="confirmed" date="1997-07-30"/>
  </code>
  <code code="I3302021">
    <editdetail attribution="Reuters BIP Coding Group" action="confirmed" date="1997-07-30"/>
  </code>
</codes>
<codes class="bip:topics:1.0">
  <code code="C15">
    <editdetail attribution="Reuters BIP Coding Group" action="confirmed" date="1997-07-30"/>
  </code>
  <code code="C151">
    <editdetail attribution="Reuters BIP Coding Group" action="confirmed" date="1997-07-30"/>
  </code>
  <code code="CCAT">
    <editdetail attribution="Reuters BIP Coding Group" action="confirmed" date="1997-07-30"/>
  </code>
</codes>
<dc element="dc.date.created" value="1997-07-30"/>
<dc element="dc.publisher" value="Reuters Holdings Plc"/>
<dc element="dc.date.published" value="1997-07-30"/>
<dc element="dc.source" value="Reuters"/>
<dc element="dc.creator.location" value="HOUSTON"/>
<dc element="dc.creator.location.country.name" value="USA"/>
<dc element="dc.source" value="Reuters"/>
</metadata>
</newsitem>
