<?xml version="1.0" encoding="iso-8859-1" ?>
<newsitem itemid="765217" id="root" date="1997-07-30" xml:lang="en">
<title>USA: Rio Hotel shrs climb on positive sentiment.</title>
<headline>Rio Hotel shrs climb on positive sentiment.</headline>
<dateline>LOS ANGELES 1997-07-30</dateline>
<text>
<p>Shares of Las Vegas hotel/casino operator Rio Hotels Inc rose one to 17-1/8 by late Wednesday amid positive sentiment that has sent the stock rising 17 percent since it announced second quarter results.</p>
<p>On July 17, Rio reported second quarter earnings of $0.31 a share, beating the financial analysts' consensus of $0.28 a share. The day before its report, Rio shares closed at 14-1/2.</p>
<p>&quot;A lot of investors are becoming more interested in the company, given their success in beating analysts' estimates,&quot; said Andrew Zarnett, analyst at Ladenburg, Thalmann.</p>
<p>As important, the company also announced on July 17 that it has completed the Rio Hotel's expansion with a new hotel tower, new casino, retail space and other amenities meant to add tourist traffic to Rio's core market of local customers.</p>
<p>Rio owns about 40 acres adjacent to the Las Vegas hotel, which it expects to develop at some point in the future.</p>
<p>Rio shares currently trade near their year high price of 18 back in February.</p>
<p>Company officials were not immediately availble to comment about the recent stock activity.</p>
</text>
<copyright>(c) Reuters Limited 1997</copyright>
<metadata>
<codes class="bip:countries:1.0">
  <code code="USA">
    <editdetail attribution="Reuters BIP Coding Group" action="confirmed" date="1997-07-30"/>
  </code>
</codes>
<codes class="bip:industries:1.0">
  <code code="I85000">
    <editdetail attribution="Reuters BIP Coding Group" action="confirmed" date="1997-07-30"/>
  </code>
</codes>
<codes class="bip:topics:1.0">
  <code code="C15">
    <editdetail attribution="Reuters BIP Coding Group" action="confirmed" date="1997-07-30"/>
  </code>
  <code code="C152">
    <editdetail attribution="Reuters BIP Coding Group" action="confirmed" date="1997-07-30"/>
  </code>
  <code code="CCAT">
    <editdetail attribution="Reuters BIP Coding Group" action="confirmed" date="1997-07-30"/>
  </code>
</codes>
<dc element="dc.date.created" value="1997-07-30"/>
<dc element="dc.publisher" value="Reuters Holdings Plc"/>
<dc element="dc.date.published" value="1997-07-30"/>
<dc element="dc.source" value="Reuters"/>
<dc element="dc.creator.location" value="LOS ANGELES"/>
<dc element="dc.creator.location.country.name" value="USA"/>
<dc element="dc.source" value="Reuters"/>
</metadata>
</newsitem>
