<?xml version="1.0" encoding="iso-8859-1" ?>
<newsitem itemid="765218" id="root" date="1997-07-30" xml:lang="en">
<title>USA: Ametek holders okay Culligan merger, spinoff.</title>
<headline>Ametek holders okay Culligan merger, spinoff.</headline>
<dateline>PHILADELPHIA 1997-07-30</dateline>
<text>
<p>AMETEK Inc said that its shareholders on Wednesday voted overwhelming approval of a spinoff of its non-water filtration businesses and the merger of its water filtration business with Culligan Water Technologies Inc.</p>
<p>The spinoff is expected to be consummated on Thursday, to be followed immediately by the merger of AMETEK's water filtration business with Culligan, the company said.  </p>
<p>The spinoff entity will be renamed AMETEK Inc and retain the AMETEK ticker symbol and listing on the New York and Pacific stock exchanges.  Common shares of the entity spun off are expected to begin trading August 1 on a when-issued basis.</p>
<p>Ametek said its shareholders of record on July 31 will receive about 3.5 million Culligan common shares or about 0.11 Culligan share for each share of AMETEK held.</p>
<p>The transaction also includes Culligan assuming $25 million of AMETEK debt.</p>
<p>Walter E. Blankley, AMETEK chairman and chief executive officer, said that with the transaction, AMETEK shareholders will have the opportunity to participate in the rapidly growing water purification and treatment market through ownership of Culligan shares and synergies from merging the water filtration business into Culligan.</p>
<p>&quot;This transaction moves AMETEK in a direction better suited to our core competencies and allows us to take full advantage of the emerging opportunities in our worldwide electric motor and electronic instruments markets.&quot;</p>
<p>He said AMETEK is refocusing its businesses by shifting from three to two operating groups comprising electromechanical and electronic instruments products.</p>
</text>
<copyright>(c) Reuters Limited 1997</copyright>
<metadata>
<codes class="bip:countries:1.0">
  <code code="USA">
    <editdetail attribution="Reuters BIP Coding Group" action="confirmed" date="1997-07-30"/>
  </code>
</codes>
<codes class="bip:industries:1.0">
  <code code="I37000">
    <editdetail attribution="Reuters BIP Coding Group" action="confirmed" date="1997-07-30"/>
  </code>
</codes>
<codes class="bip:topics:1.0">
  <code code="C18">
    <editdetail attribution="Reuters BIP Coding Group" action="confirmed" date="1997-07-30"/>
  </code>
  <code code="C181">
    <editdetail attribution="Reuters BIP Coding Group" action="confirmed" date="1997-07-30"/>
  </code>
  <code code="CCAT">
    <editdetail attribution="Reuters BIP Coding Group" action="confirmed" date="1997-07-30"/>
  </code>
</codes>
<dc element="dc.date.created" value="1997-07-30"/>
<dc element="dc.publisher" value="Reuters Holdings Plc"/>
<dc element="dc.date.published" value="1997-07-30"/>
<dc element="dc.source" value="Reuters"/>
<dc element="dc.creator.location" value="PHILADELPHIA"/>
<dc element="dc.creator.location.country.name" value="USA"/>
<dc element="dc.source" value="Reuters"/>
</metadata>
</newsitem>
