<?xml version="1.0" encoding="iso-8859-1" ?>
<newsitem itemid="765216" id="root" date="1997-07-30" xml:lang="en">
<title>USA: INTERVIEW -- Western says to sell Tyco shrs.</title>
<headline>INTERVIEW -- Western says to sell Tyco shrs.</headline>
<byline>Brendan Intindola</byline>
<dateline>NEW YORK 1997-07-30</dateline>
<text>
<p>Western Resources Inc chairman John Hayes said the company intends to sell its 13.5 million Tyco International Ltd shares &quot;as soon as we can do so on an orderly basis.&quot;</p>
<p>&quot;We have an arrangement with Tyco for an orderly exit,&quot; Hayes said in an interview with Reuters, adding Tyco has indicated a willingness to participate in a &quot;road show&quot; to promote the sale of the shares, if the companies so choose.  </p>
<p>Western came to hold a large Tyco position through the ownership of equity in ADT Ltd, which was acquired by Tyco, effective July 2.</p>
<p>Western's ADT position converted into about 18.4 million Tyco shares.</p>
<p>Western has sold five million Tyco shares for $387 million. It now holds about 13.5 million shares of Tyco currently valued at about $1.1 billion, based on Tyco's share price as of July 28.</p>
<p>Western's original investment cost about $590 million.  </p>
<p>Earlier Wednesday, Western announced a $320 million deal to acquire 80.1 percent of Protection One Inc and the transfer of its security assets to the company.</p>
<p>The deal is expected to close this fall, pending Protection One shareholder approval, and would create the second largest monitored security company in the United States, behind Tyco's top spot arrived at with the ADT deal.</p>
<p>Of the $320 million, $250 million in cash would go to pay down Protection One debt and $117 million in cash would be used for a one-time $7 a share dividend to existing Protection One shareholders, Hayes said in a telephone interview.  </p>
<p>Protection One also will assume &quot;$47 million in obligations associated with our recent Westinghouse (Security Systems) trasnsction,&quot; Hayes said.</p>
<p>Last December, Western announced the acquisition of Westinghouse Electric Corp's monitored security services business for about $470 million.</p>
<p>In explaining the structure of the Protection One transaction, Hayes said, &quot;It gives us the opportunity to establish a market multiple for our security interests&quot; separate from Western's primary business of electric and gas utilities.  </p>
<p>Almost 20 percent of Protection One's outstanding shares will continue to be publicly traded on Nasdaq, Hayes said.</p>
<p>Western is based on Topeka, Kan., and Protection One's headquarters is in Culver City, Calif.</p>
<p>In a media conference call after the interview, Western's chief financial officer Steven Kitchen said the Protection One transaction is expected to be dilutive to Western earnings in the first two years after closure and accretive in the third year.</p>
<p>The magnitude of both the initial diliution and subsequent accretion is expected to be in the single-digit percentage range, the CFO said in response to a question.</p>
<p>According to First Call, Wall Street's 1997 consensus earnings expectation for Western is $2.64 per share.</p>
<p>((--New York Equties, 212-859-1734))</p>
</text>
<copyright>(c) Reuters Limited 1997</copyright>
<metadata>
<codes class="bip:countries:1.0">
  <code code="USA">
    <editdetail attribution="Reuters BIP Coding Group" action="confirmed" date="1997-07-30"/>
  </code>
</codes>
<codes class="bip:industries:1.0">
  <code code="I16100">
    <editdetail attribution="Reuters BIP Coding Group" action="confirmed" date="1997-07-30"/>
  </code>
  <code code="I34000">
    <editdetail attribution="Reuters BIP Coding Group" action="confirmed" date="1997-07-30"/>
  </code>
  <code code="I34330">
    <editdetail attribution="Reuters BIP Coding Group" action="confirmed" date="1997-07-30"/>
  </code>
</codes>
<codes class="bip:topics:1.0">
  <code code="C18">
    <editdetail attribution="Reuters BIP Coding Group" action="confirmed" date="1997-07-30"/>
  </code>
  <code code="C181">
    <editdetail attribution="Reuters BIP Coding Group" action="confirmed" date="1997-07-30"/>
  </code>
  <code code="CCAT">
    <editdetail attribution="Reuters BIP Coding Group" action="confirmed" date="1997-07-30"/>
  </code>
</codes>
<dc element="dc.date.created" value="1997-07-30"/>
<dc element="dc.publisher" value="Reuters Holdings Plc"/>
<dc element="dc.date.published" value="1997-07-30"/>
<dc element="dc.source" value="Reuters"/>
<dc element="dc.creator.location" value="NEW YORK"/>
<dc element="dc.creator.location.country.name" value="USA"/>
<dc element="dc.source" value="Reuters"/>
</metadata>
</newsitem>
