<?xml version="1.0" encoding="iso-8859-1" ?>
<newsitem itemid="765248" id="root" date="1997-07-30" xml:lang="en">
<title>USA: Columbia executive in Florida court - FBI.</title>
<headline>Columbia executive in Florida court - FBI.</headline>
<dateline>TAMPA, Fla. 1997-07-30</dateline>
<text>
<p>At least one executive of Columbia/HCA Healthcare Corp has surrendered on federal charges and appeared before a judge in Fort Myers, Fla., the FBI said.</p>
<p>&quot;I think one of the defendants is in court in Fort Myers as we speak,&quot; Bob Chiaradio, asstistant agent in charge of the Tampa FBI office, said. He declind to identify the defendant or the charges.</p>
<p>Earlier, the U.S. Justice Department said a federal grand jury had indicted three Columbia/HCA executives on charges of conspiring to submit false cost reports under Medicare and the U.S. military's Civilian Health and Medical Program on behalf of Fawcett Memorial Hospital in Port Charlotte, Fla., from 1986 until June 1997.</p>
<p>((--Miami Bureau, 305-374-5013))</p>
</text>
<copyright>(c) Reuters Limited 1997</copyright>
<metadata>
<codes class="bip:countries:1.0">
  <code code="USA">
    <editdetail attribution="Reuters BIP Coding Group" action="confirmed" date="1997-07-30"/>
  </code>
</codes>
<codes class="bip:industries:1.0">
  <code code="I95100">
    <editdetail attribution="Reuters BIP Coding Group" action="confirmed" date="1997-07-30"/>
  </code>
</codes>
<codes class="bip:topics:1.0">
  <code code="C12">
    <editdetail attribution="Reuters BIP Coding Group" action="confirmed" date="1997-07-30"/>
  </code>
  <code code="C41">
    <editdetail attribution="Reuters BIP Coding Group" action="confirmed" date="1997-07-30"/>
  </code>
  <code code="CCAT">
    <editdetail attribution="Reuters BIP Coding Group" action="confirmed" date="1997-07-30"/>
  </code>
  <code code="GCAT">
    <editdetail attribution="Reuters BIP Coding Group" action="confirmed" date="1997-07-30"/>
  </code>
  <code code="GCRIM">
    <editdetail attribution="Reuters BIP Coding Group" action="confirmed" date="1997-07-30"/>
  </code>
</codes>
<dc element="dc.date.created" value="1997-07-30"/>
<dc element="dc.publisher" value="Reuters Holdings Plc"/>
<dc element="dc.date.published" value="1997-07-30"/>
<dc element="dc.source" value="Reuters"/>
<dc element="dc.creator.location" value="TAMPA, Fla."/>
<dc element="dc.creator.location.country.name" value="USA"/>
<dc element="dc.source" value="Reuters"/>
</metadata>
</newsitem>
