<?xml version="1.0" encoding="iso-8859-1" ?>
<newsitem itemid="765247" id="root" date="1997-07-30" xml:lang="en">
<title>USA: Amnex says savings increasing.</title>
<headline>Amnex says savings increasing.</headline>
<dateline>LAKE SUCCESS, N.Y. 1997-07-30</dateline>
<text>
<p>Amnex Inc, Wednesday, said actions taken in the last three months have contributed to increases in savings in its fiscal third quarter.</p>
<p>The pay telephone company said in a statement that implementation of operating efficiencies during its fiscal third quarter are expected to provide annual savings of $3.6 million.</p>
<p>In addition, the company said it has agreements with preferred stock holders, which, when consummated, will strengthen the balance sheet.</p>
<p>Amnex said a new working capital financial agreement with CIT Group/Credit Finance Inc, which, upon closing will add $3.5 million in liquidity.</p>
<p>The company said the expected result of these actions will result in continued profit increases.  Operating income, the company said rose 283 percent in the first six months of this year.</p>
</text>
<copyright>(c) Reuters Limited 1997</copyright>
<metadata>
<codes class="bip:countries:1.0">
  <code code="USA">
    <editdetail attribution="Reuters BIP Coding Group" action="confirmed" date="1997-07-30"/>
  </code>
</codes>
<codes class="bip:industries:1.0">
  <code code="I83940">
    <editdetail attribution="Reuters BIP Coding Group" action="confirmed" date="1997-07-30"/>
  </code>
</codes>
<codes class="bip:topics:1.0">
  <code code="C11">
    <editdetail attribution="Reuters BIP Coding Group" action="confirmed" date="1997-07-30"/>
  </code>
  <code code="C15">
    <editdetail attribution="Reuters BIP Coding Group" action="confirmed" date="1997-07-30"/>
  </code>
  <code code="C152">
    <editdetail attribution="Reuters BIP Coding Group" action="confirmed" date="1997-07-30"/>
  </code>
  <code code="CCAT">
    <editdetail attribution="Reuters BIP Coding Group" action="confirmed" date="1997-07-30"/>
  </code>
</codes>
<dc element="dc.date.created" value="1997-07-30"/>
<dc element="dc.publisher" value="Reuters Holdings Plc"/>
<dc element="dc.date.published" value="1997-07-30"/>
<dc element="dc.source" value="Reuters"/>
<dc element="dc.creator.location" value="LAKE SUCCESS, N.Y."/>
<dc element="dc.creator.location.country.name" value="USA"/>
<dc element="dc.source" value="Reuters"/>
</metadata>
</newsitem>
