<?xml version="1.0" encoding="iso-8859-1" ?>
<newsitem itemid="765235" id="root" date="1997-07-30" xml:lang="en">
<title>USA: CalEnergy remains committed to NYSEG merger.</title>
<headline>CalEnergy remains committed to NYSEG merger.</headline>
<dateline>NEW YORK 1997-07-30</dateline>
<text>
<p>CalEnergy Co Inc said Wednesday it remains committed to its plan to acquire New York State Electric &amp; Gas Corp despite the NYSEG board's rejection of CalEnergy's unsolicited offer.</p>
<p>&quot;We intend to pursue this transaction in spite of the board's decision, complete our 9.9 percent tender offer and move forward aggressively on our NYSEG acquisition plan,&quot; CalEnergy chairman and chief executive David Sokol said in a press release.  </p>
<p>NYSEG said earlier Wednesday its board had rejected CalEnergy's cash tender offer for more than 6.5 million NYSEG shares at a price of $24.50.  The company also said it would not pursue cash merger negotiations with CalEnergy at $27.50 per share.</p>
<p>NYSEG said it concluded the proposal was not in the best interests of the company or its shareholders, customers, employees and other constituencies.</p>
</text>
<copyright>(c) Reuters Limited 1997</copyright>
<metadata>
<codes class="bip:countries:1.0">
  <code code="USA">
    <editdetail attribution="Reuters BIP Coding Group" action="confirmed" date="1997-07-30"/>
  </code>
</codes>
<codes class="bip:industries:1.0">
  <code code="I16000">
    <editdetail attribution="Reuters BIP Coding Group" action="confirmed" date="1997-07-30"/>
  </code>
  <code code="I16300">
    <editdetail attribution="Reuters BIP Coding Group" action="confirmed" date="1997-07-30"/>
  </code>
</codes>
<codes class="bip:topics:1.0">
  <code code="C18">
    <editdetail attribution="Reuters BIP Coding Group" action="confirmed" date="1997-07-30"/>
  </code>
  <code code="C181">
    <editdetail attribution="Reuters BIP Coding Group" action="confirmed" date="1997-07-30"/>
  </code>
  <code code="CCAT">
    <editdetail attribution="Reuters BIP Coding Group" action="confirmed" date="1997-07-30"/>
  </code>
</codes>
<dc element="dc.date.created" value="1997-07-30"/>
<dc element="dc.publisher" value="Reuters Holdings Plc"/>
<dc element="dc.date.published" value="1997-07-30"/>
<dc element="dc.source" value="Reuters"/>
<dc element="dc.creator.location" value="NEW YORK"/>
<dc element="dc.creator.location.country.name" value="USA"/>
<dc element="dc.source" value="Reuters"/>
</metadata>
</newsitem>
