<?xml version="1.0" encoding="iso-8859-1" ?>
<newsitem itemid="765222" id="root" date="1997-07-30" xml:lang="en">
<title>USA: NYCE cotton ends firm and near highs, trade light.</title>
<headline>NYCE cotton ends firm and near highs, trade light.</headline>
<dateline>NEW YORK 1997-07-30</dateline>
<text>
<p>NYCE cotton closed slightly down in dull trade ahead of the weekly export and sales data.</p>
<p>Trading sources said the report is not expected to nudge the market out of its current range as many players remain on the sidelines before the U.S. Department of Agriculture's monthly crop report.</p>
<p>An estimated 5,500 lots changed hands compared with Tuesday's official 4,817 lots.</p>
<p>The December contract closed 0.05 cent lower at 75.36 cents a lb, having ranged from 75.60 to 75.10 cents. The rest of the board ended 0.03 cent higher to 0.17 cent lower.</p>
<p>The October contract closed at a 0.10 cent premium to December compared with a 0.02 cent on Tuesday.</p>
<p>((Suzanne Rostler, New York Commodity Desk, 212-859-1640))</p>
</text>
<copyright>(c) Reuters Limited 1997</copyright>
<metadata>
<codes class="bip:countries:1.0">
  <code code="USA">
    <editdetail attribution="Reuters BIP Coding Group" action="confirmed" date="1997-07-30"/>
  </code>
</codes>
<codes class="bip:topics:1.0">
  <code code="M14">
    <editdetail attribution="Reuters BIP Coding Group" action="confirmed" date="1997-07-30"/>
  </code>
  <code code="M141">
    <editdetail attribution="Reuters BIP Coding Group" action="confirmed" date="1997-07-30"/>
  </code>
  <code code="MCAT">
    <editdetail attribution="Reuters BIP Coding Group" action="confirmed" date="1997-07-30"/>
  </code>
</codes>
<dc element="dc.date.created" value="1997-07-30"/>
<dc element="dc.publisher" value="Reuters Holdings Plc"/>
<dc element="dc.date.published" value="1997-07-30"/>
<dc element="dc.source" value="Reuters"/>
<dc element="dc.creator.location" value="NEW YORK"/>
<dc element="dc.creator.location.country.name" value="USA"/>
<dc element="dc.source" value="Reuters"/>
</metadata>
</newsitem>
