<?xml version="1.0" encoding="iso-8859-1" ?>
<newsitem itemid="765233" id="root" date="1997-07-30" xml:lang="en">
<title>USA: Monterey Pasta names Hewitt CEO.</title>
<headline>Monterey Pasta names Hewitt CEO.</headline>
<dateline>SALINAS, Calif. 1997-07-30</dateline>
<text>
<p>Monterey Pasta Co Wednesday said it has named Lance Hewitt, the company's current president and chief operating officer, to the additional position of chief executive officer.</p>
<p>He will replace Kenneth Steel, effective August 1. Steel will remain a director and a member of the audit committee.</p>
<p>&quot;The return to profitability marks the successful completion of the company's most recent turnaround plan,&quot; Steel said in a statement. &quot;Lance Hewitt's primary charter will be to enhance shareholder value through execution of profitable growth in future periods.&quot;</p>
<p>In addition to naming Hewitt CEO, Monterey Pasta also boosted its sales agreement with Sam's Club, a division of Wal-Mart Stores Inc.</p>
<p>Monterey Pasta has received commitments to supply an average of 10 additional products to up to 75 more stores in regional division in Atlanta, Chicago, Dallas and Seattle.</p>
<p>Monterey Pasta currently supplies an average of 11 different products to 100 Sam's Club stores in five regional divisions in Atlanta, Bentonville, Dallas, Los Angeles and Phoenix.</p>
</text>
<copyright>(c) Reuters Limited 1997</copyright>
<metadata>
<codes class="bip:countries:1.0">
  <code code="USA">
    <editdetail attribution="Reuters BIP Coding Group" action="confirmed" date="1997-07-30"/>
  </code>
</codes>
<codes class="bip:industries:1.0">
  <code code="I41600">
    <editdetail attribution="Reuters BIP Coding Group" action="confirmed" date="1997-07-30"/>
  </code>
  <code code="I65600">
    <editdetail attribution="Reuters BIP Coding Group" action="confirmed" date="1997-07-30"/>
  </code>
</codes>
<codes class="bip:topics:1.0">
  <code code="C33">
    <editdetail attribution="Reuters BIP Coding Group" action="confirmed" date="1997-07-30"/>
  </code>
  <code code="C41">
    <editdetail attribution="Reuters BIP Coding Group" action="confirmed" date="1997-07-30"/>
  </code>
  <code code="C411">
    <editdetail attribution="Reuters BIP Coding Group" action="confirmed" date="1997-07-30"/>
  </code>
  <code code="CCAT">
    <editdetail attribution="Reuters BIP Coding Group" action="confirmed" date="1997-07-30"/>
  </code>
</codes>
<dc element="dc.date.created" value="1997-07-30"/>
<dc element="dc.publisher" value="Reuters Holdings Plc"/>
<dc element="dc.date.published" value="1997-07-30"/>
<dc element="dc.source" value="Reuters"/>
<dc element="dc.creator.location" value="SALINAS, Calif."/>
<dc element="dc.creator.location.country.name" value="USA"/>
<dc element="dc.source" value="Reuters"/>
</metadata>
</newsitem>
