<?xml version="1.0" encoding="iso-8859-1" ?>
<newsitem itemid="765289" id="root" date="1997-07-30" xml:lang="en">
<title>USA: TABLE - BOATRACS Inc Q2 results.</title>
<headline>TABLE - BOATRACS Inc Q2 results.</headline>
<dateline>SAN DIEGO 1997-07-30</dateline>
<text>
<p>BOATRACS INC.</p>
<p>					RESULTS FROM OPERATIONS</p>
<p>					     (Unaudited)</p>
<p>				   Three Months Ended June 30,</p>
<p>					  1997		   1996</p>
<p>REVENUES:</p>
<p> Communications systems     $635,524		$413,533</p>
<p>Data transmission &amp;</p>
<p>  messaging			646,015		 490,160</p>
<p>    TOTAL REVENUES:	  1,281,539		 903,693</p>
<p>COSTS AND EXPENSES:</p>
<p> Communications systems	419,569		 271,953</p>
<p>Data transmission &amp;</p>
<p>  messaging			336,403		 262,237</p>
<p>Selling, general &amp;</p>
<p>  administrative		 596,443		 634,903</p>
<p>TOTAL COSTS AND</p>
<p>	 EXPENSES:	     1,352,415	     1,169,093</p>
<p> LOSS FROM OPERATIONS	 (70,876)	     (265,400)</p>
<p> Interest Expense			0		   (968)</p>
<p> Interest Income		   2,525		  18,989</p>
<p> NET LOSS			( 68,351)	    ( 247,379)</p>
<p> NET LOSS PER SHARE	     ( .01)		  ( .02)</p>
<p>WEIGHTED AVERAGE NUMBER</p>
<p>  OF SHARES OUTSTANDING   12,602,310	    12,602,310</p>
<p>				   Six Months Ended June 30,</p>
<p>					  1997		   1996</p>
<p>REVENUES:</p>
<p> Communications systems   $1,135,348		$874,506</p>
<p>Data transmission &amp;</p>
<p>  messaging		    1,277,434		 933,792</p>
<p>    TOTAL REVENUES:	  2,412,782	     1,808,298</p>
<p>COSTS AND EXPENSES:</p>
<p> Communications systems	755,383		 576,039</p>
<p>Data transmission &amp;</p>
<p>  messaging			646,780		 516,010</p>
<p>Selling, general &amp;</p>
<p>  administrative	     1,200,360	     1,167,131</p>
<p>TOTAL COSTS AND</p>
<p>	 EXPENSES:	     2,602,523	     2,259,180</p>
<p> LOSS FROM OPERATIONS	(189,741)	     (450,882)</p>
<p> Interest Expense		(2,060)		 (2,163)</p>
<p> Interest Income		   6,193		  36,350</p>
<p> NET LOSS		     ( 185,608)	    ( 416,695)</p>
<p> NET LOSS PER SHARE	     ( .01)		  ( .03)</p>
<p>WEIGHTED AVERAGE NUMBER</p>
<p>  OF SHARES OUTSTANDING   12,602,310	    12,592,578</p>
</text>
<copyright>(c) Reuters Limited 1997</copyright>
<metadata>
<codes class="bip:countries:1.0">
  <code code="USA">
    <editdetail attribution="Reuters BIP Coding Group" action="confirmed" date="1997-07-30"/>
  </code>
</codes>
<codes class="bip:topics:1.0">
  <code code="C15">
    <editdetail attribution="Reuters BIP Coding Group" action="confirmed" date="1997-07-30"/>
  </code>
  <code code="C151">
    <editdetail attribution="Reuters BIP Coding Group" action="confirmed" date="1997-07-30"/>
  </code>
  <code code="CCAT">
    <editdetail attribution="Reuters BIP Coding Group" action="confirmed" date="1997-07-30"/>
  </code>
</codes>
<dc element="dc.date.created" value="1997-07-30"/>
<dc element="dc.publisher" value="Reuters Holdings Plc"/>
<dc element="dc.date.published" value="1997-07-30"/>
<dc element="dc.source" value="Reuters"/>
<dc element="dc.creator.location" value="SAN DIEGO"/>
<dc element="dc.creator.location.country.name" value="USA"/>
<dc element="dc.source" value="Reuters"/>
</metadata>
</newsitem>
