<?xml version="1.0" encoding="iso-8859-1" ?>
<newsitem itemid="765209" id="root" date="1997-07-30" xml:lang="en">
<title>USA: Ametek sees record results continuing.</title>
<headline>Ametek sees record results continuing.</headline>
<dateline>PHILADELPHIA 1997-07-30</dateline>
<text>
<p>AMETEK Inc said Wednesday the &quot;positive momentum&quot; it experienced in the second quarter of 1997 will continue through the remainder of the year.</p>
<p>Walter Blankley, chairman and chief executive officer, said this will lead to the company's fourth consecutive year of record results from continuing operations in 1997.</p>
<p>Blankley made the forecast after shareholders overwhelmingly approved the spinoff of AMETEK's non-water filtration businesss and the merger of its water filtration business with Culligan Water Technologies Inc.</p>
<p>Blankley said the transaction moves AMETEK in a direction better suited to its core competencies and allows it to take full advantage of the emerging opportunities in its worldwide electric motor and electronic instruments markets.</p>
<p>He noted that  AMETEK is refocusing its businesses, shifting from three to two operating groups consisting of electromechanical and electronic instruments groups.  This new organizational structure builds on our focus and operating strengths.&quot;</p>
<p>AMETEK is a global manufacturer of electrical and electromechanical products and materials engineered for niche markets. Operations are in the United States, Europe, Asia, and Mexico with about one-third of sales to markets outside the U.S.</p>
</text>
<copyright>(c) Reuters Limited 1997</copyright>
<metadata>
<codes class="bip:countries:1.0">
  <code code="USA">
    <editdetail attribution="Reuters BIP Coding Group" action="confirmed" date="1997-07-30"/>
  </code>
</codes>
<codes class="bip:industries:1.0">
  <code code="I37000">
    <editdetail attribution="Reuters BIP Coding Group" action="confirmed" date="1997-07-30"/>
  </code>
</codes>
<codes class="bip:topics:1.0">
  <code code="C15">
    <editdetail attribution="Reuters BIP Coding Group" action="confirmed" date="1997-07-30"/>
  </code>
  <code code="C152">
    <editdetail attribution="Reuters BIP Coding Group" action="confirmed" date="1997-07-30"/>
  </code>
  <code code="C18">
    <editdetail attribution="Reuters BIP Coding Group" action="confirmed" date="1997-07-30"/>
  </code>
  <code code="C181">
    <editdetail attribution="Reuters BIP Coding Group" action="confirmed" date="1997-07-30"/>
  </code>
  <code code="CCAT">
    <editdetail attribution="Reuters BIP Coding Group" action="confirmed" date="1997-07-30"/>
  </code>
</codes>
<dc element="dc.date.created" value="1997-07-30"/>
<dc element="dc.publisher" value="Reuters Holdings Plc"/>
<dc element="dc.date.published" value="1997-07-30"/>
<dc element="dc.source" value="Reuters"/>
<dc element="dc.creator.location" value="PHILADELPHIA"/>
<dc element="dc.creator.location.country.name" value="USA"/>
<dc element="dc.source" value="Reuters"/>
</metadata>
</newsitem>
