<?xml version="1.0" encoding="iso-8859-1" ?>
<newsitem itemid="765208" id="root" date="1997-07-30" xml:lang="en">
<title>USA: US OPTIONS FOCUS/Pros grow cautious, not investors.</title>
<headline>US OPTIONS FOCUS/Pros grow cautious, not investors.</headline>
<dateline>CHICAGO 1997-07-30</dateline>
<text>
<p>Some professional options dealers are growing increasingly cautious on the stock market as it continues to rally, but investors appear undaunted by the dazzling runup in stock prices.</p>
<p>&quot;I don't see anybody coming in and doing too much protection,&quot; said one options dealer in Chicago. &quot;We don't have a lot of people asking about that.&quot;</p>
<p>But he said personally he was recommending investors buy some index put options.</p>
<p>&quot;All I can think of is buy puts,&quot; he said. &quot;I have to go with the scenario that enough is enough.&quot;  </p>
<p>The dealer said he expected the market to begin correcting early next week if a pullback does not begin after Friday's U.S. employment report for July is released.</p>
<p>He said he expected the blue chip Dow industrial average, which was up 87 points at about 8,262 in late trade Wednesday, to drop below 8,000 over the near term.</p>
<p>An index options trader at the Chicago Mercantile Exchange said many professionals were expecting a selloff soon and that even an in-line jobless report could touch it off.  </p>
<p>&quot;They're all looking to take this market and turn it around and sell it off,&quot; he said. &quot;Everybody is looking at the downside right now.&quot;</p>
<p>Economists on average expect payroll employment to be up 193,000 in July compared to a 217,000 rate in June. The unemployment rate is expected to dip to 4.9 percent from 5.0 percent and average hourly earnings are forecast to rise 0.2 percent against at 0.3 percent climb in June.</p>
<p>The trader at the CME said implied volatilities in S&amp;P 500 index futures options held firm, with August climbing about half a percentage point to 20.3 percent.  </p>
<p>But in the S&amp;P 100 index, volatilities were down on the day. The volatility index, which is calculated off certain front-month OEX options, was off 0.77, or 3.20 percent, at 23.27 in late trade.</p>
<p>The trader at the CME said most futures-options activity was from a British bank that was rolling some short calls to the 960 strike from the 950 strike. It was also actively trading several call spreads in both August and September.</p>
<p>&quot;It's an active day with the unemployment report Friday,&quot; he said. &quot;Everybody's getting jittery, especially at the highs here. It makes for a nice trading market.&quot;  </p>
<p>But the options dealer said activity in the OEX and S&amp;P 500 index was on the thin side.</p>
<p>&quot;I haven't seen a lot of big orders,&quot; he said. &quot;It seems like volume's down, but yet it hasn't been that bad.&quot;</p>
<p>At 1430 CDT/1930 GMT, overall OEX volume totaled 55,551 and SPX volume totaled 59,795 contracts.</p>
<p>((Gregory Crawford, 312 408 8750))</p>
<p>E-mail: derivatives@reuters.com</p>
</text>
<copyright>(c) Reuters Limited 1997</copyright>
<metadata>
<codes class="bip:countries:1.0">
  <code code="USA">
    <editdetail attribution="Reuters BIP Coding Group" action="confirmed" date="1997-07-30"/>
  </code>
</codes>
<codes class="bip:topics:1.0">
  <code code="M11">
    <editdetail attribution="Reuters BIP Coding Group" action="confirmed" date="1997-07-30"/>
  </code>
  <code code="MCAT">
    <editdetail attribution="Reuters BIP Coding Group" action="confirmed" date="1997-07-30"/>
  </code>
</codes>
<dc element="dc.date.created" value="1997-07-30"/>
<dc element="dc.publisher" value="Reuters Holdings Plc"/>
<dc element="dc.date.published" value="1997-07-30"/>
<dc element="dc.source" value="Reuters"/>
<dc element="dc.creator.location" value="CHICAGO"/>
<dc element="dc.creator.location.country.name" value="USA"/>
<dc element="dc.source" value="Reuters"/>
</metadata>
</newsitem>
