<?xml version="1.0" encoding="iso-8859-1" ?>
<newsitem itemid="765210" id="root" date="1997-07-30" xml:lang="en">
<title>USA: Air Products raises alcohol prices.</title>
<headline>Air Products raises alcohol prices.</headline>
<dateline>LEHIGH VALLEY, Pa. 1997-07-30</dateline>
<text>
<p>Air Products and Chemicals Inc said Wednesday it will increase prices for its Airvol polyvinyl alcohol, effective September 1, in order to compensate for higher costs for the raw materials.</p>
<p>The company said in a statement it will raise by $0.05 per pound the price for the U.S. adhesives and textile markets, and $100 per metric tonne for Latin America.  It said it will also increase by 10 percent the price for Airvol polyvinyl alcohol in Europe.  &quot;These increases are necessitated by higher costs for raw materials, principally vinyl acetate monomer, incurred since April,&quot; it said.</p>
</text>
<copyright>(c) Reuters Limited 1997</copyright>
<metadata>
<codes class="bip:countries:1.0">
  <code code="USA">
    <editdetail attribution="Reuters BIP Coding Group" action="confirmed" date="1997-07-30"/>
  </code>
</codes>
<codes class="bip:industries:1.0">
  <code code="I25670">
    <editdetail attribution="Reuters BIP Coding Group" action="confirmed" date="1997-07-30"/>
  </code>
</codes>
<codes class="bip:topics:1.0">
  <code code="C31">
    <editdetail attribution="Reuters BIP Coding Group" action="confirmed" date="1997-07-30"/>
  </code>
  <code code="CCAT">
    <editdetail attribution="Reuters BIP Coding Group" action="confirmed" date="1997-07-30"/>
  </code>
</codes>
<dc element="dc.date.created" value="1997-07-30"/>
<dc element="dc.publisher" value="Reuters Holdings Plc"/>
<dc element="dc.date.published" value="1997-07-30"/>
<dc element="dc.source" value="Reuters"/>
<dc element="dc.creator.location" value="LEHIGH VALLEY, Pa."/>
<dc element="dc.creator.location.country.name" value="USA"/>
<dc element="dc.source" value="Reuters"/>
</metadata>
</newsitem>
