<?xml version="1.0" encoding="iso-8859-1" ?>
<newsitem itemid="765293" id="root" date="1997-07-30" xml:lang="en">
<title>USA: TABLE - First State Bancorp sets qtly div.</title>
<headline>TABLE - First State Bancorp sets qtly div.</headline>
<dateline>ALBUQUERQUE 1997-07-30</dateline>
<text>
<p>Quarterly</p>
<p>		   Latest		    Prior</p>
<p> Amount		  $0.05		     $0.05</p>
<p> Pay		   Sept 24</p>
<p> Record		 Aug 20</p>
</text>
<copyright>(c) Reuters Limited 1997</copyright>
<metadata>
<codes class="bip:countries:1.0">
  <code code="USA">
    <editdetail attribution="Reuters BIP Coding Group" action="confirmed" date="1997-07-30"/>
  </code>
</codes>
<codes class="bip:industries:1.0">
  <code code="I81402">
    <editdetail attribution="Reuters BIP Coding Group" action="confirmed" date="1997-07-30"/>
  </code>
</codes>
<codes class="bip:topics:1.0">
  <code code="C15">
    <editdetail attribution="Reuters BIP Coding Group" action="confirmed" date="1997-07-30"/>
  </code>
  <code code="C151">
    <editdetail attribution="Reuters BIP Coding Group" action="confirmed" date="1997-07-30"/>
  </code>
  <code code="CCAT">
    <editdetail attribution="Reuters BIP Coding Group" action="confirmed" date="1997-07-30"/>
  </code>
</codes>
<dc element="dc.date.created" value="1997-07-30"/>
<dc element="dc.publisher" value="Reuters Holdings Plc"/>
<dc element="dc.date.published" value="1997-07-30"/>
<dc element="dc.source" value="Reuters"/>
<dc element="dc.creator.location" value="ALBUQUERQUE"/>
<dc element="dc.creator.location.country.name" value="USA"/>
<dc element="dc.source" value="Reuters"/>
</metadata>
</newsitem>
