<?xml version="1.0" encoding="iso-8859-1" ?>
<newsitem itemid="765284" id="root" date="1997-07-30" xml:lang="en">
<title>USA: TABLE - General Surgical Q4 results.</title>
<headline>TABLE - General Surgical Q4 results.</headline>
<dateline>CUPERTINO, Calif. 1997-07-30</dateline>
<text>
<p>GENERAL SURGICAL INNOVATIONS, INC. AND SUBSIDIARY</p>
<p>		Condensed, Consolidated Statements of Operations</p>
<p>		    (In thousands, except per share amounts)</p>
<p>			     Three Months Ended	 Year Ended</p>
<p>				  June 30,		   June 30,</p>
<p>			    1997	 1996	  1997	 1996</p>
<p>			(Unaudited) (Unaudited)</p>
<p> Sales		$     566  $   2,744   $   4,090  $   6,165</p>
<p> Guaranteed Payments  1,916	   --	 4,896	   --</p>
<p>			    2,482	2,744	 8,986	6,165</p>
<p> Cost of Sales	    636	1,118	 2,385	2,772</p>
<p>  Gross Profit	  1,846	1,626	 6,601	3,393</p>
<p>Operating Expenses:</p>
<p>Research and development</p>
<p>				704	  442	 2,231	1,306</p>
<p>Sales and marketing</p>
<p>			    1,487	1,031	 4,906	3,609</p>
<p>General and administrative</p>
<p>			    1,281	  475	 3,878	1,595</p>
<p>Write-off of acquired</p>
<p>in-process research and</p>
<p>   development	     --	   --	    --	2,791</p>
<p>Total operating expenses</p>
<p>			    3,472	1,948	11,015	9,301</p>
<p>   Operating loss   (1,626)	(322)     (4,414)    (5,908)</p>
<p>Interest and other income</p>
<p>  (expense)		 655	  292	 2,538	  443</p>
<p>   Net loss	     (971)	 (30)     (1,876)    (5,465)</p>
<p> Net loss per share  (0.07)     (0.00)	(0.14)     (0.74)</p>
<p>Shares used in computing</p>
<p>net loss per share</p>
<p>		     13,246,839  9,977,893  13,197,114  7,411,099</p>
</text>
<copyright>(c) Reuters Limited 1997</copyright>
<metadata>
<codes class="bip:countries:1.0">
  <code code="USA">
    <editdetail attribution="Reuters BIP Coding Group" action="confirmed" date="1997-07-30"/>
  </code>
</codes>
<codes class="bip:industries:1.0">
  <code code="I37200">
    <editdetail attribution="Reuters BIP Coding Group" action="confirmed" date="1997-07-30"/>
  </code>
</codes>
<codes class="bip:topics:1.0">
  <code code="C15">
    <editdetail attribution="Reuters BIP Coding Group" action="confirmed" date="1997-07-30"/>
  </code>
  <code code="C151">
    <editdetail attribution="Reuters BIP Coding Group" action="confirmed" date="1997-07-30"/>
  </code>
  <code code="C1511">
    <editdetail attribution="Reuters BIP Coding Group" action="confirmed" date="1997-07-30"/>
  </code>
  <code code="CCAT">
    <editdetail attribution="Reuters BIP Coding Group" action="confirmed" date="1997-07-30"/>
  </code>
</codes>
<dc element="dc.date.created" value="1997-07-30"/>
<dc element="dc.publisher" value="Reuters Holdings Plc"/>
<dc element="dc.date.published" value="1997-07-30"/>
<dc element="dc.source" value="Reuters"/>
<dc element="dc.creator.location" value="CUPERTINO, Calif."/>
<dc element="dc.creator.location.country.name" value="USA"/>
<dc element="dc.source" value="Reuters"/>
</metadata>
</newsitem>
