<?xml version="1.0" encoding="iso-8859-1" ?>
<newsitem itemid="765290" id="root" date="1997-07-30" xml:lang="en">
<title>USA: TABLE - Clorox Co Q4 results.</title>
<headline>TABLE - Clorox Co Q4 results.</headline>
<dateline>OAKLAND, Calif. 1997-07-30</dateline>
<text>
<p>THE CLOROX COMPANY</p>
<p>			   STATEMENTS OF CONSOLIDATED EARNINGS</p>
<p>		(In thousands, except earnings per-share amounts)</p>
<p>			     Three Months Ended     Year Ended</p>
<p>				    June 30		 June 30</p>
<p>				 1997	1996	1997	 1996</p>
<p> Net Sales		$762,454 $672,477 $2,532,651 $2,217,843</p>
<p>Cost and Expenses</p>
<p>Cost of products</p>
<p>  sold		     342,610  307,126  1,123,459  1,007,200</p>
<p>Selling, delivery</p>
<p>  and administration   171,416  149,047    543,804    464,767</p>
<p> Advertising		94,094   78,362    348,521    285,015</p>
<p>Research and</p>
<p>  development	     16,424   13,311     50,489     45,821</p>
<p> Interest expense	 16,376   12,175     55,623     38,288</p>
<p>Other (income)</p>
<p>  expense, net	   (2,904)    4,304    (5,260)	6,365</p>
<p>Total Costs</p>
<p>  and Expenses	   638,016  564,325  2,116,636  1,847,456</p>
<p>Earnings before</p>
<p>  Income Taxes	   124,438  108,152    416,015    370,387</p>
<p> Income Taxes	     50,041   42,349    166,573    148,295</p>
<p> Net Earnings	     74,397   65,803    249,442    222,092</p>
<p>Earnings per</p>
<p>  Common Share		1.44     1.28	 4.83	 4.28</p>
<p>Weighted Average</p>
<p>  Shares Outstanding    51,613   51,528     51,646     51,935</p>
</text>
<copyright>(c) Reuters Limited 1997</copyright>
<metadata>
<codes class="bip:countries:1.0">
  <code code="USA">
    <editdetail attribution="Reuters BIP Coding Group" action="confirmed" date="1997-07-30"/>
  </code>
</codes>
<codes class="bip:industries:1.0">
  <code code="I25800">
    <editdetail attribution="Reuters BIP Coding Group" action="confirmed" date="1997-07-30"/>
  </code>
</codes>
<codes class="bip:topics:1.0">
  <code code="C15">
    <editdetail attribution="Reuters BIP Coding Group" action="confirmed" date="1997-07-30"/>
  </code>
  <code code="C151">
    <editdetail attribution="Reuters BIP Coding Group" action="confirmed" date="1997-07-30"/>
  </code>
  <code code="C1511">
    <editdetail attribution="Reuters BIP Coding Group" action="confirmed" date="1997-07-30"/>
  </code>
  <code code="CCAT">
    <editdetail attribution="Reuters BIP Coding Group" action="confirmed" date="1997-07-30"/>
  </code>
</codes>
<dc element="dc.date.created" value="1997-07-30"/>
<dc element="dc.publisher" value="Reuters Holdings Plc"/>
<dc element="dc.date.published" value="1997-07-30"/>
<dc element="dc.source" value="Reuters"/>
<dc element="dc.creator.location" value="OAKLAND, Calif."/>
<dc element="dc.creator.location.country.name" value="USA"/>
<dc element="dc.source" value="Reuters"/>
</metadata>
</newsitem>
