<?xml version="1.0" encoding="iso-8859-1" ?>
<newsitem itemid="765228" id="root" date="1997-07-30" xml:lang="en">
<title>USA: US stocks flirt with highs as rate picture elates.</title>
<headline>US stocks flirt with highs as rate picture elates.</headline>
<dateline>NEW YORK 1997-07-30</dateline>
<text>
<p>Wall Street stocks approached session highs in mid-afternoon on Wednesday, as investors basked in the steadily improving interest rate environment.</p>
<p>The Dow Jones Industrial average was up 72 points at 8247, near their day's high of 8263.  The long bond held steady at its sharply higher levels, rising 25/32 to yield 6.33 percent.</p>
<p>&quot;This is purely rate-driven,&quot; said Richard Cripps, chief market strategist at Legg Mason Wood Walker.  &quot;What justifies this market is lower interest rates.&quot;</p>
<p>The Nasdaq Composite gained 15 points to 1587.</p>
<p>((Wall Street desk 212-859-1730))</p>
</text>
<copyright>(c) Reuters Limited 1997</copyright>
<metadata>
<codes class="bip:countries:1.0">
  <code code="USA">
    <editdetail attribution="Reuters BIP Coding Group" action="confirmed" date="1997-07-30"/>
  </code>
</codes>
<codes class="bip:topics:1.0">
  <code code="M11">
    <editdetail attribution="Reuters BIP Coding Group" action="confirmed" date="1997-07-30"/>
  </code>
  <code code="MCAT">
    <editdetail attribution="Reuters BIP Coding Group" action="confirmed" date="1997-07-30"/>
  </code>
</codes>
<dc element="dc.date.created" value="1997-07-30"/>
<dc element="dc.publisher" value="Reuters Holdings Plc"/>
<dc element="dc.date.published" value="1997-07-30"/>
<dc element="dc.source" value="Reuters"/>
<dc element="dc.creator.location" value="NEW YORK"/>
<dc element="dc.creator.location.country.name" value="USA"/>
<dc element="dc.source" value="Reuters"/>
</metadata>
</newsitem>
