<?xml version="1.0" encoding="iso-8859-1" ?>
<newsitem itemid="765252" id="root" date="1997-07-30" xml:lang="en">
<title>USA: TABLE - Logal Educational Q2 net loss widens.</title>
<headline>TABLE - Logal Educational Q2 net loss widens.</headline>
<dateline>NEW YORK 1997-07-30</dateline>
<text>
<p>3 Months Ended     6 Months Ended</p>
<p>					 June 30		June 30</p>
<p>					1997     1996     1997     1996</p>
<p> Total			     1,613    2,056     2,970   3,548</p>
<p> Less royalty bearing grants     -	  -	 270	 -</p>
<p> Net income (loss)	   (1,283)    (248)   (2,148)   (854)</p>
<p>Net income (loss) per share</p>
<p>				    (0.22)   (0.04)    (0.38)  (0.18)</p>
<p>Weighted average number of</p>
<p>    shares outstanding	 5,726    5,700     5,721   4,803</p>
<p>	 (U.S. Dollars in thousands except per share data)</p>
<p>NOTE:  Full name of company is Logal Educational Software &amp; Systems Ltd.</p>
</text>
<copyright>(c) Reuters Limited 1997</copyright>
<metadata>
<codes class="bip:countries:1.0">
  <code code="USA">
    <editdetail attribution="Reuters BIP Coding Group" action="confirmed" date="1997-07-30"/>
  </code>
</codes>
<codes class="bip:industries:1.0">
  <code code="I33020">
    <editdetail attribution="Reuters BIP Coding Group" action="confirmed" date="1997-07-30"/>
  </code>
  <code code="I3302021">
    <editdetail attribution="Reuters BIP Coding Group" action="confirmed" date="1997-07-30"/>
  </code>
</codes>
<codes class="bip:topics:1.0">
  <code code="C15">
    <editdetail attribution="Reuters BIP Coding Group" action="confirmed" date="1997-07-30"/>
  </code>
  <code code="C151">
    <editdetail attribution="Reuters BIP Coding Group" action="confirmed" date="1997-07-30"/>
  </code>
  <code code="CCAT">
    <editdetail attribution="Reuters BIP Coding Group" action="confirmed" date="1997-07-30"/>
  </code>
</codes>
<dc element="dc.date.created" value="1997-07-30"/>
<dc element="dc.publisher" value="Reuters Holdings Plc"/>
<dc element="dc.date.published" value="1997-07-30"/>
<dc element="dc.source" value="Reuters"/>
<dc element="dc.creator.location" value="NEW YORK"/>
<dc element="dc.creator.location.country.name" value="USA"/>
<dc element="dc.source" value="Reuters"/>
</metadata>
</newsitem>
