<?xml version="1.0" encoding="iso-8859-1" ?>
<newsitem itemid="765281" id="root" date="1997-07-30" xml:lang="en">
<title>USA: TABLE-Barbers Hairstyling Q3 June 26 net.</title>
<headline>TABLE-Barbers Hairstyling Q3 June 26 net.</headline>
<dateline>MINNEAPOLIS 1997-07-30</dateline>
<text>
<p>(In thousands, except per share data and salon numbers)</p>
<p>				Three months ended  Nine months ended</p>
<p>				   Jun 26, Jun 27,    Jun 26, Jun 27,</p>
<p>					1997   1996	  1997    1996</p>
<p> Revenues			$ 5,598  4,913    $ 16,025$ 13,764</p>
<p> Operating expenses	    4,989  4,435	14,496  12,609</p>
<p> Operating income		  609    478	 1,529   1,155</p>
<p> Other income		     (25)     15	     4	93</p>
<p> Income before income taxes    584    493	 1,533   1,248</p>
<p> Income taxes			244    207	   643     524</p>
<p> Net income			  340    286	   890     724</p>
<p> Net income per share	    .12    .10	   .32     .26</p>
<p>Weighted average shares</p>
<p>    outstanding		  2,820  2,759	 2,811   2,735</p>
<p>Number of salons open</p>
<p>    at end of period					947     768</p>
<p>NOTE: Full company name is Barbers Hairstyling for Man &amp; Woman Inc.</p>
<p>((--Chicago newsdesk, 312-408-8787))</p>
</text>
<copyright>(c) Reuters Limited 1997</copyright>
<metadata>
<codes class="bip:countries:1.0">
  <code code="USA">
    <editdetail attribution="Reuters BIP Coding Group" action="confirmed" date="1997-07-30"/>
  </code>
</codes>
<codes class="bip:topics:1.0">
  <code code="C15">
    <editdetail attribution="Reuters BIP Coding Group" action="confirmed" date="1997-07-30"/>
  </code>
  <code code="C151">
    <editdetail attribution="Reuters BIP Coding Group" action="confirmed" date="1997-07-30"/>
  </code>
  <code code="CCAT">
    <editdetail attribution="Reuters BIP Coding Group" action="confirmed" date="1997-07-30"/>
  </code>
</codes>
<dc element="dc.date.created" value="1997-07-30"/>
<dc element="dc.publisher" value="Reuters Holdings Plc"/>
<dc element="dc.date.published" value="1997-07-30"/>
<dc element="dc.source" value="Reuters"/>
<dc element="dc.creator.location" value="MINNEAPOLIS"/>
<dc element="dc.creator.location.country.name" value="USA"/>
<dc element="dc.source" value="Reuters"/>
</metadata>
</newsitem>
