<?xml version="1.0" encoding="iso-8859-1" ?>
<newsitem itemid="765267" id="root" date="1997-07-30" xml:lang="en">
<title>USA: TABLE - Shopsmith Q1 net rises slightly.</title>
<headline>TABLE - Shopsmith Q1 net rises slightly.</headline>
<dateline>DAYTON, Ohio 1997-07-30</dateline>
<text>
<p>Three months ended			Jul 5,	     Jun 29,</p>
<p>						  1997		  1996</p>
<p> Net sales			     $3,718,000	  $3,376,000</p>
<p> Gross profit			   2,124,000	   1,879,000</p>
<p> Income before income taxes	   129,000	     127,000</p>
<p> Net income				 129,000	     127,000</p>
<p> Net income per share			0.05		  0.05</p>
<p> Average shares outstanding	 2,788,818	   2,677,826</p>
<p>((-- New York Newsdesk 212 859-1610))</p>
</text>
<copyright>(c) Reuters Limited 1997</copyright>
<metadata>
<codes class="bip:countries:1.0">
  <code code="USA">
    <editdetail attribution="Reuters BIP Coding Group" action="confirmed" date="1997-07-30"/>
  </code>
</codes>
<codes class="bip:industries:1.0">
  <code code="I32852">
    <editdetail attribution="Reuters BIP Coding Group" action="confirmed" date="1997-07-30"/>
  </code>
</codes>
<codes class="bip:topics:1.0">
  <code code="C15">
    <editdetail attribution="Reuters BIP Coding Group" action="confirmed" date="1997-07-30"/>
  </code>
  <code code="C151">
    <editdetail attribution="Reuters BIP Coding Group" action="confirmed" date="1997-07-30"/>
  </code>
  <code code="CCAT">
    <editdetail attribution="Reuters BIP Coding Group" action="confirmed" date="1997-07-30"/>
  </code>
</codes>
<dc element="dc.date.created" value="1997-07-30"/>
<dc element="dc.publisher" value="Reuters Holdings Plc"/>
<dc element="dc.date.published" value="1997-07-30"/>
<dc element="dc.source" value="Reuters"/>
<dc element="dc.creator.location" value="DAYTON, Ohio"/>
<dc element="dc.creator.location.country.name" value="USA"/>
<dc element="dc.source" value="Reuters"/>
</metadata>
</newsitem>
