<?xml version="1.0" encoding="iso-8859-1" ?>
<newsitem itemid="765291" id="root" date="1997-07-30" xml:lang="en">
<title>USA: TABLE - UGI Corp cuts Q3 June 30 loss.</title>
<headline>TABLE - UGI Corp cuts Q3 June 30 loss.</headline>
<dateline>VALLEY FORGE, Pa. 1997-07-30</dateline>
<text>
<p>1997			1996</p>
<p> Shr loss		   $0.04     loss	 $0.11</p>
<p> Net loss		   1,200     loss	 3,700</p>
<p> Revs		     284,100		  283,900</p>
<p> Avg shrs		  33,000		   33,100</p>
<p>			9 MONTHS</p>
<p> Shr profit		 $1.88   profit	 $1.57</p>
<p> Net profit		62,500   profit	52,100</p>
<p> Revs		   1,390,100		1,293,400</p>
<p> Avg shrs primary	33,200		   33,100</p>
<p>			12 MONTHS</p>
<p> Shr profit		 $1.50   profit	 $1.26</p>
<p> Net profit		49,900   profit	41,500</p>
<p> Revs		   1,654,300		1,511,700</p>
<p> Avg shrs		  33,200		   33,100</p>
<p>(All data above 000s except per share numbers)</p>
</text>
<copyright>(c) Reuters Limited 1997</copyright>
<metadata>
<codes class="bip:countries:1.0">
  <code code="USA">
    <editdetail attribution="Reuters BIP Coding Group" action="confirmed" date="1997-07-30"/>
  </code>
</codes>
<codes class="bip:industries:1.0">
  <code code="I16000">
    <editdetail attribution="Reuters BIP Coding Group" action="confirmed" date="1997-07-30"/>
  </code>
</codes>
<codes class="bip:topics:1.0">
  <code code="C15">
    <editdetail attribution="Reuters BIP Coding Group" action="confirmed" date="1997-07-30"/>
  </code>
  <code code="C151">
    <editdetail attribution="Reuters BIP Coding Group" action="confirmed" date="1997-07-30"/>
  </code>
  <code code="CCAT">
    <editdetail attribution="Reuters BIP Coding Group" action="confirmed" date="1997-07-30"/>
  </code>
</codes>
<dc element="dc.date.created" value="1997-07-30"/>
<dc element="dc.publisher" value="Reuters Holdings Plc"/>
<dc element="dc.date.published" value="1997-07-30"/>
<dc element="dc.source" value="Reuters"/>
<dc element="dc.creator.location" value="VALLEY FORGE, Pa."/>
<dc element="dc.creator.location.country.name" value="USA"/>
<dc element="dc.source" value="Reuters"/>
</metadata>
</newsitem>
