<?xml version="1.0" encoding="iso-8859-1" ?>
<newsitem itemid="765274" id="root" date="1997-07-30" xml:lang="en">
<title>USA: TABLE - AFC Enterprises Inc Q2 profit vs loss.</title>
<headline>TABLE - AFC Enterprises Inc Q2 profit vs loss.</headline>
<dateline>ATLANTA 1997-07-30</dateline>
<text>
<p>1997			1996</p>
<p> Shr profit		 $0.16     loss	 $0.41</p>
<p> Net profit		   6.4     loss	   2.4</p>
<p> Sales			374.6		    333.4</p>
<p> Avg shrs		    34.4		     29.1</p>
<p>			  6 MONTHS</p>
<p> Shr profit		 $0.19     loss	 $0.49</p>
<p> Net profit		   8.3     loss	   2.9</p>
<p> Sales			  720			643</p>
<p> Avg shrs		    34.1		     29.1</p>
<p>(All data above in millions except per share numbers)</p>
<p>NOTE: 1997 Q2 net income includes net gain of $3.2 million from the sale of 100 Churchs Chicken restaurants, partially offset by $1.0 million of non-cash asset write-downs.</p>
<p>The company said the 1996 Q2 net loss was primarily the result of a $4.5 million non-cash write-off related to the refinancing of its bank debt.</p>
<p>The company said that during the 1997 Q2 it completed the acquisition of Chesapeake Bagel Bakery as well as a two-part $350 million refinancing.</p>
<p>The company said it reported system-wide sales instead of revenues because sales are more reflective of its results after the sale of the 100 Churchs restaurants.</p>
<p>Net income for the 1996 six months includes extraordinary charge of $4.5 million for the early extinguishment of debt, an $800,000 write-off for the accretion of preferred stock, a write-off of preferred stock discounts of $7.7 million, and preferred stock dividends of $1.2 million.</p>
<p>AFC Enterprises is the parent company of Churchs Chicken, Popeyes Chicken &amp; Biscuits and Chesapeake Bagel Bakery.</p>
</text>
<copyright>(c) Reuters Limited 1997</copyright>
<metadata>
<codes class="bip:countries:1.0">
  <code code="USA">
    <editdetail attribution="Reuters BIP Coding Group" action="confirmed" date="1997-07-30"/>
  </code>
</codes>
<codes class="bip:topics:1.0">
  <code code="C15">
    <editdetail attribution="Reuters BIP Coding Group" action="confirmed" date="1997-07-30"/>
  </code>
  <code code="C151">
    <editdetail attribution="Reuters BIP Coding Group" action="confirmed" date="1997-07-30"/>
  </code>
  <code code="CCAT">
    <editdetail attribution="Reuters BIP Coding Group" action="confirmed" date="1997-07-30"/>
  </code>
</codes>
<dc element="dc.date.created" value="1997-07-30"/>
<dc element="dc.publisher" value="Reuters Holdings Plc"/>
<dc element="dc.date.published" value="1997-07-30"/>
<dc element="dc.source" value="Reuters"/>
<dc element="dc.creator.location" value="ATLANTA"/>
<dc element="dc.creator.location.country.name" value="USA"/>
<dc element="dc.source" value="Reuters"/>
</metadata>
</newsitem>
