<?xml version="1.0" encoding="iso-8859-1" ?>
<newsitem itemid="765246" id="root" date="1997-07-30" xml:lang="en">
<title>USA: TABLE - ErgoBilt Q2 results.</title>
<headline>TABLE - ErgoBilt Q2 results.</headline>
<dateline>DALLAS 1997-07-30</dateline>
<text>
<p>For the Second Quarter ended June 30, 1997 and 1996</p>
<p>			     (unaudited)</p>
<p>(Dollars In Thousands)</p>
<p>				Three Months Ended  Six Months Ended</p>
<p>				     June 30,	    June 30,</p>
<p>			    Actual  Pro forma  Pro forma  Pro forma</p>
<p>			     1997	 1996	 1997	 1996</p>
<p> Sales		    $5,964     $3,850    $10,636     $7,432</p>
<p> Cost of Sales	   3,346	2,054	5,831	4,082</p>
<p> Gross Profit	    2,618	1,795	4,805	3,350</p>
<p>Selling, general and</p>
<p>administrative expenses</p>
<p>			     1,589	1,319	3,148	2,816</p>
<p> Operating Income	1,029	  476	1,657	  535</p>
<p>Interest and Other</p>
<p>Expense (Income), net</p>
<p>				(14)	   28	 (11)	   66</p>
<p>Income before income taxes</p>
<p>			     1,043	  448	1,668	  469</p>
<p>Income tax expense (benefit)</p>
<p>				 386	  174	  626	  173</p>
<p> Net Income		  657	  274	1,042	  296</p>
<p> Net Income Per Share   0.11	 0.05	 0.17	 0.05</p>
<p>Weighted average common</p>
<p>and common equivalent</p>
<p>shares outstanding</p>
<p>			 6,061,398  5,534,000  6,018,271  5,534,000</p>
<p>Pro forma results for three periods represented were calculated as if BodyBilt were a subsidiary of Ergobilt during the 1996 second quarter and six months, and for the full six months of 1997.  Pro forma results are used for comparison purposes  as the acquisition of Bodybilt by Ergobilt did not actually take place until February 1997.</p>
<p>((-- New York Newsdesk 212 859-1610))</p>
</text>
<copyright>(c) Reuters Limited 1997</copyright>
<metadata>
<codes class="bip:countries:1.0">
  <code code="USA">
    <editdetail attribution="Reuters BIP Coding Group" action="confirmed" date="1997-07-30"/>
  </code>
</codes>
<codes class="bip:industries:1.0">
  <code code="I46700">
    <editdetail attribution="Reuters BIP Coding Group" action="confirmed" date="1997-07-30"/>
  </code>
</codes>
<codes class="bip:topics:1.0">
  <code code="C15">
    <editdetail attribution="Reuters BIP Coding Group" action="confirmed" date="1997-07-30"/>
  </code>
  <code code="C151">
    <editdetail attribution="Reuters BIP Coding Group" action="confirmed" date="1997-07-30"/>
  </code>
  <code code="CCAT">
    <editdetail attribution="Reuters BIP Coding Group" action="confirmed" date="1997-07-30"/>
  </code>
</codes>
<dc element="dc.date.created" value="1997-07-30"/>
<dc element="dc.publisher" value="Reuters Holdings Plc"/>
<dc element="dc.date.published" value="1997-07-30"/>
<dc element="dc.source" value="Reuters"/>
<dc element="dc.creator.location" value="DALLAS"/>
<dc element="dc.creator.location.country.name" value="USA"/>
<dc element="dc.source" value="Reuters"/>
</metadata>
</newsitem>
