<?xml version="1.0" encoding="iso-8859-1" ?>
<newsitem itemid="765226" id="root" date="1997-07-30" xml:lang="en">
<title>USA: Goody's CEO, officers offer 2 mln shares.</title>
<headline>Goody's CEO, officers offer 2 mln shares.</headline>
<dateline>KNOXVILLE, Tenn. 1997-07-30</dateline>
<text>
<p>Goody's Family Clothing Inc said Wednesday it had filed for a public offering of 2,054,500 common shares, to be offered by Chairman and Chief Executive Robert Goodfriend and certain other company officers.</p>
<p>Goody's said in a news release that it will not receive any proceeds from the offering.</p>
<p>Robinson-Humphrey Co Inc and J.C. Bradford &amp; Co were to manage the underwriting group for the offering.</p>
<p>Goody's is a retailer of moderately priced fashion apparel. Its shares were down 2-1/8 to 36-1/8 in afternoon Nasdaq trading.</p>
</text>
<copyright>(c) Reuters Limited 1997</copyright>
<metadata>
<codes class="bip:countries:1.0">
  <code code="USA">
    <editdetail attribution="Reuters BIP Coding Group" action="confirmed" date="1997-07-30"/>
  </code>
</codes>
<codes class="bip:industries:1.0">
  <code code="I64500">
    <editdetail attribution="Reuters BIP Coding Group" action="confirmed" date="1997-07-30"/>
  </code>
</codes>
<codes class="bip:topics:1.0">
  <code code="C17">
    <editdetail attribution="Reuters BIP Coding Group" action="confirmed" date="1997-07-30"/>
  </code>
  <code code="C171">
    <editdetail attribution="Reuters BIP Coding Group" action="confirmed" date="1997-07-30"/>
  </code>
  <code code="CCAT">
    <editdetail attribution="Reuters BIP Coding Group" action="confirmed" date="1997-07-30"/>
  </code>
</codes>
<dc element="dc.date.created" value="1997-07-30"/>
<dc element="dc.publisher" value="Reuters Holdings Plc"/>
<dc element="dc.date.published" value="1997-07-30"/>
<dc element="dc.source" value="Reuters"/>
<dc element="dc.creator.location" value="KNOXVILLE, Tenn."/>
<dc element="dc.creator.location.country.name" value="USA"/>
<dc element="dc.source" value="Reuters"/>
</metadata>
</newsitem>
