<?xml version="1.0" encoding="iso-8859-1" ?>
<newsitem itemid="765283" id="root" date="1997-07-30" xml:lang="en">
<title>USA: Healthdyne sees some Invacare ideas OK'd.</title>
<headline>Healthdyne sees some Invacare ideas OK'd.</headline>
<dateline>MARIETTA, Ga. 1997-07-30</dateline>
<text>
<p>Healthdyne Technologies Inc said preliminary results indicate that shareholders at the annual meeting here Wednesday voted to adopt certain proposals submitted by Invacare Corp, the hostile bidder for Healthdyne.</p>
<p>The proposals include fixing the number of Healthdyne directors at seven and setting a 10-percent threshold for the number of shareholders needed to call a special meeting.</p>
<p>Earlier, Healthdyne's chairman expressed confidence that shareholders had re-elected the Healthdyne board, blocking Invacare's attempt to install a majority of directors.</p>
<p>Invacare, a medical device maker that has bid $200 million, or $15 per share, for Healthdyne, had nominated a four-person slate to take control of the Healthdyne board.</p>
<p>Healthdyne specializes in devices for respiratory and sleep disorders.</p>
<p>((--New York Equities, 212-859-1700))</p>
</text>
<copyright>(c) Reuters Limited 1997</copyright>
<metadata>
<codes class="bip:countries:1.0">
  <code code="USA">
    <editdetail attribution="Reuters BIP Coding Group" action="confirmed" date="1997-07-30"/>
  </code>
</codes>
<codes class="bip:industries:1.0">
  <code code="I37200">
    <editdetail attribution="Reuters BIP Coding Group" action="confirmed" date="1997-07-30"/>
  </code>
</codes>
<codes class="bip:topics:1.0">
  <code code="C18">
    <editdetail attribution="Reuters BIP Coding Group" action="confirmed" date="1997-07-30"/>
  </code>
  <code code="C181">
    <editdetail attribution="Reuters BIP Coding Group" action="confirmed" date="1997-07-30"/>
  </code>
  <code code="C41">
    <editdetail attribution="Reuters BIP Coding Group" action="confirmed" date="1997-07-30"/>
  </code>
  <code code="C411">
    <editdetail attribution="Reuters BIP Coding Group" action="confirmed" date="1997-07-30"/>
  </code>
  <code code="CCAT">
    <editdetail attribution="Reuters BIP Coding Group" action="confirmed" date="1997-07-30"/>
  </code>
</codes>
<dc element="dc.date.created" value="1997-07-30"/>
<dc element="dc.publisher" value="Reuters Holdings Plc"/>
<dc element="dc.date.published" value="1997-07-30"/>
<dc element="dc.source" value="Reuters"/>
<dc element="dc.creator.location" value="MARIETTA, Ga."/>
<dc element="dc.creator.location.country.name" value="USA"/>
<dc element="dc.source" value="Reuters"/>
</metadata>
</newsitem>
