<?xml version="1.0" encoding="iso-8859-1" ?>
<newsitem itemid="765257" id="root" date="1997-07-30" xml:lang="en">
<title>USA: U.S. to sell $38 bln of securities next week. [CORRECTED 19:20 GMT]</title>
<headline>U.S. to sell $38 bln of securities next week. [CORRECTED 19:20 GMT]</headline>
<dateline>WASHINGTON 1997-07-30</dateline>
<text>
<p>The Treasury Department on Wednesday announced a $38-billion quarterly refunding to be held next week.</p>
<p>Treasury said next week's auctions will refund $26.8 billion of maturing securities and raise $11.2 billion of new cash.</p>
<p>The auctions will consist of $16 billion of three-year notes, $12 billion of 10-year notes and $10 billion of 30-year bonds.  </p>
<p>Ahead of the refunding annoucement, there was speculation in financial markets that Treasury might eliminate some issues because of the steep and unexpected decline in the government's budget deficit and borrowing needs.</p>
<p>However, Deputy Assistant Treasury Secretary Roger Anderson said at a news conference that the department was not now considering eliminating any issues.</p>
<p>&quot;We are not currently contemplating any further cycle changes,&quot; Anderson said in response to questions.  </p>
<p>Asked if that meant that Treasury would make no further changes in its auction cycle this year, Anderson replied, &quot;We like to announce changes ahead of time. We're not thinking of any now.&quot;</p>
<p>In its recommendations to the department, the private-sector Treasury Borrowing Advisory Committee said it would be better to reduce the size of future offerings rather than to eliminate some maturities.</p>
<p>&quot;The committee members felt that existing note offerings, particularly out to five years, as well as existing bill offerings could be adjusted,&quot; the panel's report said.  </p>
<p>The panel, however, warned that there were &quot;practical limitations&quot; to how far the weekly bill offerings could be reduced without hurting the market's liquidity. But it added that this was not a &quot;current concern&quot; given recent increases in the weekly bill auctions.</p>
<p>The panel also suggested that Treasury make all fixed-rate notes eligible for stripping. Currently, only securities with a maturity of 10 years or more can be sold with the coupons stripped from the principal of the security.</p>
<p>&quot;We are in the process of evaluating this proposal and its potential value to market participants,&quot; Anderson said.  </p>
<p>Anderson repeated Treasury's commitment to development of the inflation-indexed securities market and said the department was pleased at the reception of the last auction of five-year notes.</p>
<p>Anderson said that Treasury plans to reopen the five-year note in October and sell a new 10-year indexed security in January. It also plans a 30-year indexed bond next year but the exact timing has not yet been set.</p>
<p>After a strong start, sales of the indexed securities have slowed as inflation fears have ebbed.  </p>
<p>Anderson said that Treasury will issue final rules soon to implement half-decimal bidding for bill auctions and to reduce the threshhold for reporting net long bill positions to $1 billion from $2 billion.</p>
<p>He said Treasury will give market participants adequate time to prepare for the changes.</p>
<p>At next week's quarterly refunding, Treasury will offer three-year notes on Tuesday, 10-year notes on Wednesday and 30-year bonds on Thursday.</p>
<p>After next week's refunding auctions, Treasury will need to pay down $2 billion in market borrowings during the rest of the third quarter. That can be done through regular sales of three- and six-month and one-year bills, and two- and five-year notes in August and September.</p>
<p>&quot;Another cash management bill, in addition to the one announced (on Tuesday), may be needed to cover the low point in the cash balance in early September,&quot; Anderson said.</p>
<p>Treasury said on Tuesday it will sell $18 billion of 48-day cash management bills on July 31. (Corrects date from Aug 1 to July 31.)</p>
<p>As previously reported, the Treasury estimates its net market borrowing requirement in the October-December fourth quarter will be $45-50 billion, assuming a $30-billion cash balance on Dec 31.</p>
<p>-- Washington newsroom, ((202-898-8300))</p>
</text>
<copyright>(c) Reuters Limited 1997</copyright>
<metadata>
<codes class="bip:countries:1.0">
  <code code="USA">
    <editdetail attribution="Reuters BIP Coding Group" action="confirmed" date="1997-07-30"/>
  </code>
</codes>
<codes class="bip:topics:1.0">
  <code code="E21">
    <editdetail attribution="Reuters BIP Coding Group" action="confirmed" date="1997-07-30"/>
  </code>
  <code code="E212">
    <editdetail attribution="Reuters BIP Coding Group" action="confirmed" date="1997-07-30"/>
  </code>
  <code code="ECAT">
    <editdetail attribution="Reuters BIP Coding Group" action="confirmed" date="1997-07-30"/>
  </code>
  <code code="M12">
    <editdetail attribution="Reuters BIP Coding Group" action="confirmed" date="1997-07-30"/>
  </code>
  <code code="MCAT">
    <editdetail attribution="Reuters BIP Coding Group" action="confirmed" date="1997-07-30"/>
  </code>
</codes>
<dc element="dc.date.created" value="1997-07-30"/>
<dc element="dc.publisher" value="Reuters Holdings Plc"/>
<dc element="dc.date.published" value="1997-07-30"/>
<dc element="dc.source" value="Reuters"/>
<dc element="dc.creator.location" value="WASHINGTON"/>
<dc element="dc.creator.location.country.name" value="USA"/>
<dc element="dc.source" value="Reuters"/>
</metadata>
</newsitem>
