<?xml version="1.0" encoding="iso-8859-1" ?>
<newsitem itemid="765239" id="root" date="1997-07-30" xml:lang="en">
<title>USA: U.S. stock funds see $16.59 bln June inflow-ICI.</title>
<headline>U.S. stock funds see $16.59 bln June inflow-ICI.</headline>
<dateline>WASHINGTON 1997-07-30</dateline>
<text>
<p>Net flows to stock mutual funds were $16.59 billion in June, compared to inflows of $20.54 billion in May, a mutual fund trade group said Wednesday.</p>
<p>The Investment Company Institutes's June stock fund figure was below the $18 billion it had estimated for the month in a report issued July 10.  </p>
<p>For the first six months of the year, flows into stock funds have totalled $110.18 billion, compared with $138.11 billion for the corresponding period in 1996, ICI said.</p>
<p>Bond and income funds in June saw net inflows of $2.11 billion, dows slightly from inflows of $2.75 billion in May.</p>
<p>So far this year, bond and income funds have seen inflows of $9.47 billion, up from $8.52 billion in the same period a year ago.  </p>
<p>ICI said money market funds had a net inflow of $1.21 billion in June, compared with $10.24 billion inflows in May.</p>
<p>In additional details, it said inflows to stock funds averaged $18.37 billion a month in the first half of 1997, against $23.02 billion during the same period in 1996.</p>
</text>
<copyright>(c) Reuters Limited 1997</copyright>
<metadata>
<codes class="bip:countries:1.0">
  <code code="USA">
    <editdetail attribution="Reuters BIP Coding Group" action="confirmed" date="1997-07-30"/>
  </code>
</codes>
<codes class="bip:industries:1.0">
  <code code="I81502">
    <editdetail attribution="Reuters BIP Coding Group" action="confirmed" date="1997-07-30"/>
  </code>
  <code code="I8150211">
    <editdetail attribution="Reuters BIP Coding Group" action="confirmed" date="1997-07-30"/>
  </code>
</codes>
<codes class="bip:topics:1.0">
  <code code="C15">
    <editdetail attribution="Reuters BIP Coding Group" action="confirmed" date="1997-07-30"/>
  </code>
  <code code="C151">
    <editdetail attribution="Reuters BIP Coding Group" action="confirmed" date="1997-07-30"/>
  </code>
  <code code="CCAT">
    <editdetail attribution="Reuters BIP Coding Group" action="confirmed" date="1997-07-30"/>
  </code>
  <code code="M11">
    <editdetail attribution="Reuters BIP Coding Group" action="confirmed" date="1997-07-30"/>
  </code>
  <code code="MCAT">
    <editdetail attribution="Reuters BIP Coding Group" action="confirmed" date="1997-07-30"/>
  </code>
</codes>
<dc element="dc.date.created" value="1997-07-30"/>
<dc element="dc.publisher" value="Reuters Holdings Plc"/>
<dc element="dc.date.published" value="1997-07-30"/>
<dc element="dc.source" value="Reuters"/>
<dc element="dc.creator.location" value="WASHINGTON"/>
<dc element="dc.creator.location.country.name" value="USA"/>
<dc element="dc.source" value="Reuters"/>
</metadata>
</newsitem>
