<?xml version="1.0" encoding="iso-8859-1" ?>
<newsitem itemid="765288" id="root" date="1997-07-30" xml:lang="en">
<title>USA: Hibernia Foods sees revs up on merger.</title>
<headline>Hibernia Foods sees revs up on merger.</headline>
<dateline>NEW YORK 1997-07-30</dateline>
<text>
<p>Dublin-based Hibernia Foods Plc said on Wednesday that it expected annual revenues on a pro forma basis to exceed $84 million with the addition of Majestic Food Group Ltd, an independent frozen dessert manufacturer based in the United Kingdom.</p>
<p>The $84 million figure represents nearly a tripling of the company's current annual revenues.</p>
<p>Hibernia acquired Majestic in a stock and cash transaction valued at roughly $2.3 million. In addition, Hibernia, a beef producer, said it was making an immediate working capital investment of about $4.4 million.</p>
<p>As a result of the acquisition, there are now about 6.6 million ordinary shares outstanding in Hibernia, the company said in a statement.</p>
<p>Majestic's two principal shareholders, Derek Hollins and Derek Cooper, have joined the Hibernia management team, Hibernia added.</p>
</text>
<copyright>(c) Reuters Limited 1997</copyright>
<metadata>
<codes class="bip:countries:1.0">
  <code code="IRE">
    <editdetail attribution="Reuters BIP Coding Group" action="confirmed" date="1997-07-30"/>
  </code>
  <code code="UK">
    <editdetail attribution="Reuters BIP Coding Group" action="confirmed" date="1997-07-30"/>
  </code>
  <code code="USA">
    <editdetail attribution="Reuters BIP Coding Group" action="confirmed" date="1997-07-30"/>
  </code>
</codes>
<codes class="bip:industries:1.0">
  <code code="I41000">
    <editdetail attribution="Reuters BIP Coding Group" action="confirmed" date="1997-07-30"/>
  </code>
</codes>
<codes class="bip:topics:1.0">
  <code code="C15">
    <editdetail attribution="Reuters BIP Coding Group" action="confirmed" date="1997-07-30"/>
  </code>
  <code code="C152">
    <editdetail attribution="Reuters BIP Coding Group" action="confirmed" date="1997-07-30"/>
  </code>
  <code code="C18">
    <editdetail attribution="Reuters BIP Coding Group" action="confirmed" date="1997-07-30"/>
  </code>
  <code code="C181">
    <editdetail attribution="Reuters BIP Coding Group" action="confirmed" date="1997-07-30"/>
  </code>
  <code code="CCAT">
    <editdetail attribution="Reuters BIP Coding Group" action="confirmed" date="1997-07-30"/>
  </code>
</codes>
<dc element="dc.date.created" value="1997-07-30"/>
<dc element="dc.publisher" value="Reuters Holdings Plc"/>
<dc element="dc.date.published" value="1997-07-30"/>
<dc element="dc.source" value="Reuters"/>
<dc element="dc.creator.location" value="NEW YORK"/>
<dc element="dc.creator.location.country.name" value="USA"/>
<dc element="dc.source" value="Reuters"/>
</metadata>
</newsitem>
