<?xml version="1.0" encoding="iso-8859-1" ?>
<newsitem itemid="765299" id="root" date="1997-07-30" xml:lang="en">
<title>USA: Sybron acquires Ivax chemical, garment units.</title>
<headline>Sybron acquires Ivax chemical, garment units.</headline>
<dateline>BIRMINGHAM, N.J. 1997-07-30</dateline>
<text>
<p>Sybron Chemicals Inc said on Wednesday that it had acquired the garment processing and textile chemicals segments of Ivax Industries, a subsidiary of IVAX Corp, for about $13.8 million in cash.</p>
<p>Sybron, an international producer of specialty chemicals, said revenues of the acquired businesses for the latest twelve-months period were in the range of $19 million.</p>
<p>In a statement, Sybron also said it expected the acquisition to be accretive to earnings in the first year.</p>
<p>&quot;After a brief transitionary period, Sybron Chemicals will manufacture the products currently being produced by Ivax in Sybron's own facilities,&quot; Sybron said.</p>
</text>
<copyright>(c) Reuters Limited 1997</copyright>
<metadata>
<codes class="bip:countries:1.0">
  <code code="USA">
    <editdetail attribution="Reuters BIP Coding Group" action="confirmed" date="1997-07-30"/>
  </code>
</codes>
<codes class="bip:industries:1.0">
  <code code="I25000">
    <editdetail attribution="Reuters BIP Coding Group" action="confirmed" date="1997-07-30"/>
  </code>
  <code code="I25700">
    <editdetail attribution="Reuters BIP Coding Group" action="confirmed" date="1997-07-30"/>
  </code>
</codes>
<codes class="bip:topics:1.0">
  <code code="C18">
    <editdetail attribution="Reuters BIP Coding Group" action="confirmed" date="1997-07-30"/>
  </code>
  <code code="C181">
    <editdetail attribution="Reuters BIP Coding Group" action="confirmed" date="1997-07-30"/>
  </code>
  <code code="CCAT">
    <editdetail attribution="Reuters BIP Coding Group" action="confirmed" date="1997-07-30"/>
  </code>
</codes>
<dc element="dc.date.created" value="1997-07-30"/>
<dc element="dc.publisher" value="Reuters Holdings Plc"/>
<dc element="dc.date.published" value="1997-07-30"/>
<dc element="dc.source" value="Reuters"/>
<dc element="dc.creator.location" value="BIRMINGHAM, N.J."/>
<dc element="dc.creator.location.country.name" value="USA"/>
<dc element="dc.source" value="Reuters"/>
</metadata>
</newsitem>
