<?xml version="1.0" encoding="iso-8859-1" ?>
<newsitem itemid="765203" id="root" date="1997-07-30" xml:lang="en">
<title>USA: Smithfield Cos Q1 June 30 net rises.</title>
<headline>Smithfield Cos Q1 June 30 net rises.</headline>
<dateline>PORTSMOUTH, Va. 1997-07-30</dateline>
<text>
<p>1997			  1996</p>
<p> Shr			  $0.16		    $0.13</p>
<p> Net			    198			182</p>
<p> Revs			 4,487		    3,447</p>
<p> Avg shrs		   1,203		    1,384</p>
<p>(All Data Above 000s Except Per Share Numbers)</p>
<p>NOTE: Full name is The Smithfield Cos Inc.</p>
</text>
<copyright>(c) Reuters Limited 1997</copyright>
<metadata>
<codes class="bip:countries:1.0">
  <code code="USA">
    <editdetail attribution="Reuters BIP Coding Group" action="confirmed" date="1997-07-30"/>
  </code>
</codes>
<codes class="bip:industries:1.0">
  <code code="I41000">
    <editdetail attribution="Reuters BIP Coding Group" action="confirmed" date="1997-07-30"/>
  </code>
</codes>
<codes class="bip:topics:1.0">
  <code code="C15">
    <editdetail attribution="Reuters BIP Coding Group" action="confirmed" date="1997-07-30"/>
  </code>
  <code code="C151">
    <editdetail attribution="Reuters BIP Coding Group" action="confirmed" date="1997-07-30"/>
  </code>
  <code code="CCAT">
    <editdetail attribution="Reuters BIP Coding Group" action="confirmed" date="1997-07-30"/>
  </code>
</codes>
<dc element="dc.date.created" value="1997-07-30"/>
<dc element="dc.publisher" value="Reuters Holdings Plc"/>
<dc element="dc.date.published" value="1997-07-30"/>
<dc element="dc.source" value="Reuters"/>
<dc element="dc.creator.location" value="PORTSMOUTH, Va."/>
<dc element="dc.creator.location.country.name" value="USA"/>
<dc element="dc.source" value="Reuters"/>
</metadata>
</newsitem>
