<?xml version="1.0" encoding="iso-8859-1" ?>
<newsitem itemid="765236" id="root" date="1997-07-30" xml:lang="en">
<title>USA: TABLE - Horseshoe Gaming LLC Q2 results.</title>
<headline>TABLE - Horseshoe Gaming LLC Q2 results.</headline>
<dateline>LAS VEGAS 1997-07-30</dateline>
<text>
<p>(in thousands)</p>
<p>					   (Unaudited)</p>
<p>		     Three Months Ended June 30,	  Six Months Ended June 30,</p>
<p>			    1997	  1996		     1997		1996</p>
<p>REVENUES:</p>
<p>    Casino	  $76,760     $80,221	    $156,716	  $163,893</p>
<p>    Hotel	     1,679	 2,057		 3,328	     4,028</p>
<p>Food</p>
<p>     and Beverage   6,967	 6,830		13,858	    13,541</p>
<p>    Other	     1,048	 1,133		 2,064	     2,383</p>
<p>    Gross Revenues 86,454	90,241	     175,966	   183,845</p>
<p>Less: Promotional</p>
<p>    Allowances	6,474	 6,309		12,926	    12,563</p>
<p>    Net Revenues   79,980	83,932	     163,040	   171,282</p>
<p>EXPENSES:</p>
<p>    Casino	   41,093	42,019		83,452	    84,071</p>
<p>    Hotel	     2,498	 2,051		 3,669	     3,692</p>
<p>Food and</p>
<p>     Beverage	 2,507	 2,663		 5,088	     5,411</p>
<p>    Other		 344	   351		   599		 729</p>
<p>General and</p>
<p>    Administrative 13,303	13,317		26,224	    27,506</p>
<p>Depreciation and</p>
<p>    Amortization    4,442	 4,009		 8,741	     7,732</p>
<p>Development</p>
<p>     Expenses	   506	 3,026		   734	     3,909</p>
<p>    Total Expenses 64,693	67,436	     128,507	   133,050</p>
<p>    EBIT	     15,287	16,496		34,533	    38,232</p>
<p>    Interest Expense(4,596)   (7,639)	     (9,845)	  (14,254)</p>
<p>    Interest Income 1,164	 1,423		 2,648	     2,555</p>
<p>	Net Interest(3,432)     (6,216)	     (7,197)	  (11,699)</p>
<p>    Other	     (347)	   291		 (411)		 236</p>
<p>Minority</p>
<p>     Interest	 (201)	 (522)		 (583)	   (1,025)</p>
<p>Income Before Extraordinary Loss on</p>
<p>Early Retirement</p>
<p>	of Debt	11,307	10,049		26,342	    26,744</p>
<p>Extraordinary Loss</p>
<p>on Early Retirement</p>
<p>    of Debt	 (5,243)	   ---	     (5,243)		 ---</p>
<p>    NET INCOME     $6,064     $10,049	     $21,099	   $25,744</p>
<p>    EBITDA	  $19,729     $20,505	     $43,274	   $45,964</p>
<p>								At June 30,	 At December</p>
<p>								  1997		  31, 1996</p>
</text>
<copyright>(c) Reuters Limited 1997</copyright>
<metadata>
<codes class="bip:countries:1.0">
  <code code="USA">
    <editdetail attribution="Reuters BIP Coding Group" action="confirmed" date="1997-07-30"/>
  </code>
</codes>
<codes class="bip:industries:1.0">
  <code code="I97912">
    <editdetail attribution="Reuters BIP Coding Group" action="confirmed" date="1997-07-30"/>
  </code>
</codes>
<codes class="bip:topics:1.0">
  <code code="C15">
    <editdetail attribution="Reuters BIP Coding Group" action="confirmed" date="1997-07-30"/>
  </code>
  <code code="C151">
    <editdetail attribution="Reuters BIP Coding Group" action="confirmed" date="1997-07-30"/>
  </code>
  <code code="CCAT">
    <editdetail attribution="Reuters BIP Coding Group" action="confirmed" date="1997-07-30"/>
  </code>
</codes>
<dc element="dc.date.created" value="1997-07-30"/>
<dc element="dc.publisher" value="Reuters Holdings Plc"/>
<dc element="dc.date.published" value="1997-07-30"/>
<dc element="dc.source" value="Reuters"/>
<dc element="dc.creator.location" value="LAS VEGAS"/>
<dc element="dc.creator.location.country.name" value="USA"/>
<dc element="dc.source" value="Reuters"/>
</metadata>
</newsitem>
