<?xml version="1.0" encoding="iso-8859-1" ?>
<newsitem itemid="765206" id="root" date="1997-07-30" xml:lang="en">
<title>USA: US CREDIT MKT OUTLOOK - Bullish feeling perseveres.</title>
<headline>US CREDIT MKT OUTLOOK - Bullish feeling perseveres.</headline>
<byline>Jose Paulo Vicente</byline>
<dateline>NEW YORK 1996-07-31</dateline>
<text>
<p>U.S. credit markets will likely keep rolling on Thursday as a pleasant combination of bullish technicals and encouraging fundamentals continue to lure players into fixed-income assets, analysts said.</p>
<p>&quot;There are several technical factors sort of feeding the bullish psychology ... and there is the fundamental backdrop of a very stable expansion,&quot; said Lee Youngdahl, bond market analyst and economist at Aubrey G. Lanston and Co Inc.  </p>
<p>Analysts said the slew of fresh economic data to be released on Thursday was unlikely to alter the market's underlying bullish sentiment.</p>
<p>&quot;We don't see any big barriers on Thursday ... it seems that I can't go wrong calling for more gains tomorrow,&quot; said James Padinha, economist at consulting firm Briefing.com.</p>
<p>Players will start the day with the long-awaited release of the first official estimate for the Gross Domestic Product (GDP) for the second quarter.  </p>
<p>The report is due out at 0830 EDT/1230 GMT and Wall Street pundits expect it to show the economy expanded by 1.9 percent in the second three months of the year against a neck-breaking 5.9 percent growth in the first quarter.</p>
<p>The market will also take in the jobless claims report for the week ended July 26. Players see claims rising to 306,000 against 299,000 in the previous week.</p>
<p>Players will as well learn the outcome of the Purchasing Management Association of Chicago July manufacturing survey. Experts see the Chicagoland Business Barometer sliding briefly to 59.8 from 61.5 in June.  </p>
<p>A batch of second-tier data, including the APICS business outlook survey for July, is also slated to be announced during Thursday's trading session.</p>
<p>Analysts said fundamentals are likely to continue to underpin the market as long as consumer demand remains on hold and inflation continues to slumber.</p>
<p>&quot;There are two reasons why (recent rises) in production don't affect people. The first one is that demand hasn't shown a concerted rebound yet, and the second reason is there is no inflation,&quot; Padinha said.  </p>
<p>A large majority of market players believe the Federal Reserve will likely keep monetary policy on hold in the near future. Federal funds are currently targeted at 5.50 percent by the central bank.</p>
<p>Looking at the technical side, analysts said the market has entered a positive cycle. They said money, fund and portfolio managers have been tapping the market in an effort to keep profitability and meet performance targets.</p>
<p>Also, a flood of money has been flowing in from operations involving the selling of mortgage backed securities and the purchase of mid-curve Treasury assets.  </p>
<p>&quot;There is a bevy of market participants that have found themselves ... forced to jump on the bandwagon,&quot; said a money trader at a major investment bank here.</p>
<p>&quot;There is just a certain performance that has to be met by fund managers, money managers, portfolio managers so the market continues to rise. They have to keep up with the market's performance,&quot; the trader added.</p>
<p>In late Wednesday trading, the 6.625-percent benchmark 30-year U.S. Treasury bond was quoted up 29/32 at 104-1/32 to yield 6.32 percent, the lowest level since February 16.</p>
<p>The federal funds rate is expected to open at 5.75 percent on Thursday, well above the Fed's target.</p>
<p>(( -- N.A. Treasury Desk, 212-859-1676 ))</p>
</text>
<copyright>(c) Reuters Limited 1997</copyright>
<metadata>
<codes class="bip:countries:1.0">
  <code code="USA">
    <editdetail attribution="Reuters BIP Coding Group" action="confirmed" date="1997-07-30"/>
  </code>
</codes>
<codes class="bip:topics:1.0">
  <code code="M12">
    <editdetail attribution="Reuters BIP Coding Group" action="confirmed" date="1997-07-30"/>
  </code>
  <code code="MCAT">
    <editdetail attribution="Reuters BIP Coding Group" action="confirmed" date="1997-07-30"/>
  </code>
</codes>
<dc element="dc.date.created" value="1996-07-31"/>
<dc element="dc.publisher" value="Reuters Holdings Plc"/>
<dc element="dc.date.published" value="1997-07-30"/>
<dc element="dc.source" value="Reuters"/>
<dc element="dc.creator.location" value="NEW YORK"/>
<dc element="dc.creator.location.country.name" value="USA"/>
<dc element="dc.source" value="Reuters"/>
</metadata>
</newsitem>
