<?xml version="1.0" encoding="iso-8859-1" ?>
<newsitem itemid="765277" id="root" date="1997-07-30" xml:lang="en">
<title>USA: TABLE - Washington Gas Q3 June 30 loss.</title>
<headline>TABLE - Washington Gas Q3 June 30 loss.</headline>
<dateline>WASHINGTON 1997-07-30</dateline>
<text>
<p>Q3	     Nine Months	    12 Months</p>
<p>	 1997     1996     1997	1996	 1997	1996</p>
<p>	     (Thousands, except per share data)</p>
<p>Operating</p>
<p>Revenues</p>
<p>$171,942 $157,760  $948,365  $863,912 $1,054,231  $964,179</p>
<p>Cost of Gas</p>
<p>     87,578   76,008   521,740   424,660    567,006   466,990</p>
<p>Net Revenues</p>
<p>     84,364   81,752   426,625   439,252    487,225   497,189</p>
<p>Other Operating Expenses</p>
<p>Operation</p>
<p>     39,822   47,451   127,728   139,799    175,747   178,984</p>
<p>Maintenance</p>
<p>	9,211    8,571    26,191    23,675     35,620    31,662</p>
<p>Depreciation and</p>
<p>amortization</p>
<p>     12,949   11,900    38,348    35,737     50,498    47,465</p>
<p>General taxes</p>
<p>     15,564   15,217    59,364    56,093     71,875    66,989</p>
<p>Income taxes</p>
<p>	(200)  (2,974)    54,960    59,882     44,454    53,025</p>
<p>     77,346   80,165   306,591   315,186    378,194   378,125</p>
<p>Operating Income</p>
<p>	7,018    1,587   120,034   124,066    109,031   119,064</p>
<p>Other Income (Loss)</p>
<p>  -Net  609	210     2,266   (1,355)	2,747   (1,497)</p>
<p>Income Before Interest</p>
<p>Expense</p>
<p>	7,627    1,797   122,300   122,711    111,778   117,567</p>
<p>Interest Expense</p>
<p>	7,992    7,218    26,097    22,883     33,812    30,552</p>
<p>Net Income (Loss)</p>
<p>	(365)  (5,421)    96,203    99,828     77,966    87,015</p>
<p>Dividends on Pre-</p>
<p>ferred Stock</p>
<p>	  333	333	 999	 999	1,332     1,333</p>
<p>Net Income (Loss)</p>
<p>Applicable to</p>
<p>Common Stock</p>
<p>	(698)  (5,754)    95,204    98,829     76,634    85,682</p>
<p>Average Common Shares</p>
<p>Outstanding</p>
<p>     43,704   43,472    43,708    43,272     43,684    43,167</p>
<p>Earnings (Loss) per</p>
<p>Average Share</p>
<p>of Common Stock</p>
<p>     (0.02)   (0.13)	2.18	2.28	 1.75	1.98</p>
<p>NOTE: The company attributed the smaller 1997 Q3 loss to lower &quot;other operating expenses,&quot; saying last year's Q3 results reflected non-recurring, employee-related costs associated with the redesign of its organization.</p>
<p>Full co name is Washington Gas Light Co</p>
</text>
<copyright>(c) Reuters Limited 1997</copyright>
<metadata>
<codes class="bip:countries:1.0">
  <code code="USA">
    <editdetail attribution="Reuters BIP Coding Group" action="confirmed" date="1997-07-30"/>
  </code>
</codes>
<codes class="bip:industries:1.0">
  <code code="I16200">
    <editdetail attribution="Reuters BIP Coding Group" action="confirmed" date="1997-07-30"/>
  </code>
</codes>
<codes class="bip:topics:1.0">
  <code code="C15">
    <editdetail attribution="Reuters BIP Coding Group" action="confirmed" date="1997-07-30"/>
  </code>
  <code code="C151">
    <editdetail attribution="Reuters BIP Coding Group" action="confirmed" date="1997-07-30"/>
  </code>
  <code code="CCAT">
    <editdetail attribution="Reuters BIP Coding Group" action="confirmed" date="1997-07-30"/>
  </code>
</codes>
<dc element="dc.date.created" value="1997-07-30"/>
<dc element="dc.publisher" value="Reuters Holdings Plc"/>
<dc element="dc.date.published" value="1997-07-30"/>
<dc element="dc.source" value="Reuters"/>
<dc element="dc.creator.location" value="WASHINGTON"/>
<dc element="dc.creator.location.country.name" value="USA"/>
<dc element="dc.source" value="Reuters"/>
</metadata>
</newsitem>
