<?xml version="1.0" encoding="iso-8859-1" ?>
<newsitem itemid="765242" id="root" date="1997-07-30" xml:lang="en">
<title>USA: Clinton vows to veto private school vouchers.</title>
<headline>Clinton vows to veto private school vouchers.</headline>
<dateline>WASHINGTON 1997-07-30</dateline>
<text>
<p>President Clinton would veto tax cut legislation if it included a special tax break aimed at parents of children enrolled in private elementary and high schools, the White House said on Wednesday.</p>
<p>Spokesman Mike McCurry said Clinton leveled the veto threat at a proposal sponsored by Sen. Paul Coverdell, a Georgia Republican, in a letter to congressional leaders.</p>
<p>The leaders said on Wednesday Coverdell's plan was dead. It would have allowed parents to contribute $2,000 a year after-tax to an education account. The interest earned would be tax-free if used for the child's education.</p>
</text>
<copyright>(c) Reuters Limited 1997</copyright>
<metadata>
<codes class="bip:countries:1.0">
  <code code="USA">
    <editdetail attribution="Reuters BIP Coding Group" action="confirmed" date="1997-07-30"/>
  </code>
</codes>
<codes class="bip:topics:1.0">
  <code code="E21">
    <editdetail attribution="Reuters BIP Coding Group" action="confirmed" date="1997-07-30"/>
  </code>
  <code code="E211">
    <editdetail attribution="Reuters BIP Coding Group" action="confirmed" date="1997-07-30"/>
  </code>
  <code code="ECAT">
    <editdetail attribution="Reuters BIP Coding Group" action="confirmed" date="1997-07-30"/>
  </code>
  <code code="GCAT">
    <editdetail attribution="Reuters BIP Coding Group" action="confirmed" date="1997-07-30"/>
  </code>
  <code code="GPOL">
    <editdetail attribution="Reuters BIP Coding Group" action="confirmed" date="1997-07-30"/>
  </code>
</codes>
<dc element="dc.date.created" value="1997-07-30"/>
<dc element="dc.publisher" value="Reuters Holdings Plc"/>
<dc element="dc.date.published" value="1997-07-30"/>
<dc element="dc.source" value="Reuters"/>
<dc element="dc.creator.location" value="WASHINGTON"/>
<dc element="dc.creator.location.country.name" value="USA"/>
<dc element="dc.source" value="Reuters"/>
</metadata>
</newsitem>
