<?xml version="1.0" encoding="iso-8859-1" ?>
<newsitem itemid="765201" id="root" date="1997-07-30" xml:lang="en">
<title>USA: Columbia/HCA officer to appear in Nashville court.</title>
<headline>Columbia/HCA officer to appear in Nashville court.</headline>
<dateline>NASHVILLE, Tenn. 1997-07-30</dateline>
<text>
<p>A third Columbia/HCA Healthcare Corp executive, Robert Whiteside, is expected to appear Wednesday before a federal magistrate to face charges of conspiracy and fraud, according to an FBI agent here.</p>
<p>Whiteside is director of reimbursemnet at Columbia/HCA's headaquarters here.</p>
<p>Derek McGraw, special agent for the FBI in Nashville, said Whiteside will be fingerprinted and processed and then will appear before one of two federal magistrates in Nashville.  </p>
<p>Earlier today, a federal grand jury in Florida indicted three Columbia/HCA executives on five counts alleging conspirary to submit false cost reports under U.S. health care programs, Medicare fraud and making false statements.</p>
<p>In addition to Whiteside, Jay Jarrell, chief executive of Columbia's southwest Florida division, and Michael Neeb, chief financial officer of Columbia's northern Florida division, were indicted, the Justice Department said.</p>
<p>Each defendant faces up to 25 years in prison and fines up to $1.25 million if convicted.</p>
<p>			 ((Chicago newsdesk 312 408 8787))</p>
</text>
<copyright>(c) Reuters Limited 1997</copyright>
<metadata>
<codes class="bip:countries:1.0">
  <code code="USA">
    <editdetail attribution="Reuters BIP Coding Group" action="confirmed" date="1997-07-30"/>
  </code>
</codes>
<codes class="bip:industries:1.0">
  <code code="I95100">
    <editdetail attribution="Reuters BIP Coding Group" action="confirmed" date="1997-07-30"/>
  </code>
</codes>
<codes class="bip:topics:1.0">
  <code code="C12">
    <editdetail attribution="Reuters BIP Coding Group" action="confirmed" date="1997-07-30"/>
  </code>
  <code code="CCAT">
    <editdetail attribution="Reuters BIP Coding Group" action="confirmed" date="1997-07-30"/>
  </code>
  <code code="GCAT">
    <editdetail attribution="Reuters BIP Coding Group" action="confirmed" date="1997-07-30"/>
  </code>
  <code code="GCRIM">
    <editdetail attribution="Reuters BIP Coding Group" action="confirmed" date="1997-07-30"/>
  </code>
</codes>
<dc element="dc.date.created" value="1997-07-30"/>
<dc element="dc.publisher" value="Reuters Holdings Plc"/>
<dc element="dc.date.published" value="1997-07-30"/>
<dc element="dc.source" value="Reuters"/>
<dc element="dc.creator.location" value="NASHVILLE, Tenn."/>
<dc element="dc.creator.location.country.name" value="USA"/>
<dc element="dc.source" value="Reuters"/>
</metadata>
</newsitem>
