<?xml version="1.0" encoding="iso-8859-1" ?>
<newsitem itemid="765205" id="root" date="1997-07-30" xml:lang="en">
<title>USA: PSINet deploys Ascend switches.</title>
<headline>PSINet deploys Ascend switches.</headline>
<dateline>ALAMEDA, Calif. 1997-07-30</dateline>
<text>
<p>Ascend Communications Inc said Wednesday PSINet Inc has agreed to a &quot;major deployment&quot; of MAX TNT wide-area-network (WAN) access switches.</p>
<p>PSINet, an Internet service provider, will use the switches to expand its capacity by 40,000 ports. It will use the multiprotocol MAX TNTs for both analog and ISDN access applications, the company said in a press release.</p>
<p>Terms of the deal were not disclosed.</p>
</text>
<copyright>(c) Reuters Limited 1997</copyright>
<metadata>
<codes class="bip:countries:1.0">
  <code code="USA">
    <editdetail attribution="Reuters BIP Coding Group" action="confirmed" date="1997-07-30"/>
  </code>
</codes>
<codes class="bip:industries:1.0">
  <code code="I33020">
    <editdetail attribution="Reuters BIP Coding Group" action="confirmed" date="1997-07-30"/>
  </code>
  <code code="I3302021">
    <editdetail attribution="Reuters BIP Coding Group" action="confirmed" date="1997-07-30"/>
  </code>
  <code code="I79020">
    <editdetail attribution="Reuters BIP Coding Group" action="confirmed" date="1997-07-30"/>
  </code>
</codes>
<codes class="bip:topics:1.0">
  <code code="C33">
    <editdetail attribution="Reuters BIP Coding Group" action="confirmed" date="1997-07-30"/>
  </code>
  <code code="CCAT">
    <editdetail attribution="Reuters BIP Coding Group" action="confirmed" date="1997-07-30"/>
  </code>
</codes>
<dc element="dc.date.created" value="1997-07-30"/>
<dc element="dc.publisher" value="Reuters Holdings Plc"/>
<dc element="dc.date.published" value="1997-07-30"/>
<dc element="dc.source" value="Reuters"/>
<dc element="dc.creator.location" value="ALAMEDA, Calif."/>
<dc element="dc.creator.location.country.name" value="USA"/>
<dc element="dc.source" value="Reuters"/>
</metadata>
</newsitem>
