<?xml version="1.0" encoding="iso-8859-1" ?>
<newsitem itemid="765282" id="root" date="1997-07-30" xml:lang="en">
<title>USA: TABLE - Isis Pharmaceuticals Q2 results.</title>
<headline>TABLE - Isis Pharmaceuticals Q2 results.</headline>
<dateline>CARLSBAD, Calif. 1997-07-30</dateline>
<text>
<p>ISIS PHARMACEUTICALS</p>
<p>			   SELECTED FINANCIAL INFORMATION</p>
<p>		    (in thousands, except per share amounts)</p>
<p>			 Condensed Statements of Operations</p>
<p>			     Three months ended    Six months ended</p>
<p>				     June 30,		June 30,</p>
<p>				  1997     1996	 1997	1996</p>
<p> Revenues:		     (Unaudited)	    (Unaudited)</p>
<p>   Contract revenue     $5,793    $4,719    $10,419   $10,078</p>
<p>Interest and other income</p>
<p>				   766     1,011	1,713     2,061</p>
<p>    Total revenues	 6,559     5,730     12,132    12,139</p>
<p>Expenses:</p>
<p>Research and development</p>
<p>				13,374    11,212     25,160    21,028</p>
<p>General and administrative</p>
<p>				 2,054     1,601	3,761     2,999</p>
<p>   Interest expense	  557	 238	1,191	 486</p>
<p>    Total expenses	15,985    13,051     30,112    24,513</p>
<p> Net loss		 ( 9,426)  ( 7,321)  ( 17,980) ( 12,374)</p>
<p> Net loss per share    ( 0.36)   ( 0.29)    ( 0.68)   ( 0.49)</p>
<p>Weighted average common shares</p>
<p>				26,381    25,459     26,330    25,404</p>
</text>
<copyright>(c) Reuters Limited 1997</copyright>
<metadata>
<codes class="bip:countries:1.0">
  <code code="USA">
    <editdetail attribution="Reuters BIP Coding Group" action="confirmed" date="1997-07-30"/>
  </code>
</codes>
<codes class="bip:industries:1.0">
  <code code="I25700">
    <editdetail attribution="Reuters BIP Coding Group" action="confirmed" date="1997-07-30"/>
  </code>
</codes>
<codes class="bip:topics:1.0">
  <code code="C15">
    <editdetail attribution="Reuters BIP Coding Group" action="confirmed" date="1997-07-30"/>
  </code>
  <code code="C151">
    <editdetail attribution="Reuters BIP Coding Group" action="confirmed" date="1997-07-30"/>
  </code>
  <code code="CCAT">
    <editdetail attribution="Reuters BIP Coding Group" action="confirmed" date="1997-07-30"/>
  </code>
</codes>
<dc element="dc.date.created" value="1997-07-30"/>
<dc element="dc.publisher" value="Reuters Holdings Plc"/>
<dc element="dc.date.published" value="1997-07-30"/>
<dc element="dc.source" value="Reuters"/>
<dc element="dc.creator.location" value="CARLSBAD, Calif."/>
<dc element="dc.creator.location.country.name" value="USA"/>
<dc element="dc.source" value="Reuters"/>
</metadata>
</newsitem>
