<?xml version="1.0" encoding="iso-8859-1" ?>
<newsitem itemid="765240" id="root" date="1997-07-30" xml:lang="en">
<title>USA: TABLE-Darling International Inc Q2 net up.</title>
<headline>TABLE-Darling International Inc Q2 net up.</headline>
<dateline>IRVING, Texas 1997-07-30</dateline>
<text>
<p>1997			1996</p>
<p> Shr			   $0.70		    $0.65</p>
<p> Net			   3,812		    3,613</p>
<p> Revs			128,796		  114,253</p>
<p>			6  MONTHS</p>
<p> Shr			   $0.77		    $1.36</p>
<p> Net			   4,199		    7,545</p>
<p> Revs			254,605		  223,994</p>
<p>(All Data Above 000s Except Per Share Numbers)</p>
<p>NOTE: Six month 1997 net excluding $1.7 million expense for purchase of stock options held by former president of $5.2 million, or $0.95/shr.</p>
</text>
<copyright>(c) Reuters Limited 1997</copyright>
<metadata>
<codes class="bip:countries:1.0">
  <code code="USA">
    <editdetail attribution="Reuters BIP Coding Group" action="confirmed" date="1997-07-30"/>
  </code>
</codes>
<codes class="bip:topics:1.0">
  <code code="C15">
    <editdetail attribution="Reuters BIP Coding Group" action="confirmed" date="1997-07-30"/>
  </code>
  <code code="C151">
    <editdetail attribution="Reuters BIP Coding Group" action="confirmed" date="1997-07-30"/>
  </code>
  <code code="CCAT">
    <editdetail attribution="Reuters BIP Coding Group" action="confirmed" date="1997-07-30"/>
  </code>
</codes>
<dc element="dc.date.created" value="1997-07-30"/>
<dc element="dc.publisher" value="Reuters Holdings Plc"/>
<dc element="dc.date.published" value="1997-07-30"/>
<dc element="dc.source" value="Reuters"/>
<dc element="dc.creator.location" value="IRVING, Texas"/>
<dc element="dc.creator.location.country.name" value="USA"/>
<dc element="dc.source" value="Reuters"/>
</metadata>
</newsitem>
