<?xml version="1.0" encoding="iso-8859-1" ?>
<newsitem itemid="765253" id="root" date="1997-07-30" xml:lang="en">
<title>USA: Triple P NV Names Baud CEO.</title>
<headline>Triple P NV Names Baud CEO.</headline>
<dateline>NEW YORK 1997-07-30</dateline>
<text>
<p>Triple P NV said Wednesday that it has named Jan Willem Baud, currently chief operating officer, to the added position of president and chief executive officer effective July 30.</p>
<p>Baud succeeds Fezi Khaleghi Yazdi.</p>
</text>
<copyright>(c) Reuters Limited 1997</copyright>
<metadata>
<codes class="bip:countries:1.0">
  <code code="USA">
    <editdetail attribution="Reuters BIP Coding Group" action="confirmed" date="1997-07-30"/>
  </code>
</codes>
<codes class="bip:topics:1.0">
  <code code="C41">
    <editdetail attribution="Reuters BIP Coding Group" action="confirmed" date="1997-07-30"/>
  </code>
  <code code="C411">
    <editdetail attribution="Reuters BIP Coding Group" action="confirmed" date="1997-07-30"/>
  </code>
  <code code="CCAT">
    <editdetail attribution="Reuters BIP Coding Group" action="confirmed" date="1997-07-30"/>
  </code>
</codes>
<dc element="dc.date.created" value="1997-07-30"/>
<dc element="dc.publisher" value="Reuters Holdings Plc"/>
<dc element="dc.date.published" value="1997-07-30"/>
<dc element="dc.source" value="Reuters"/>
<dc element="dc.creator.location" value="NEW YORK"/>
<dc element="dc.creator.location.country.name" value="USA"/>
<dc element="dc.source" value="Reuters"/>
</metadata>
</newsitem>
