<?xml version="1.0" encoding="iso-8859-1" ?>
<newsitem itemid="765258" id="root" date="1997-07-30" xml:lang="en">
<title>USA: Valley Forge, BEI in pact.</title>
<headline>Valley Forge, BEI in pact.</headline>
<dateline>OAKS, Pa. 1997-07-30</dateline>
<text>
<p>Valley Forge Scientific Corp said Wednesday that it signed an exclusive, five-year worldwide distribution agreement for the BEI Medical Systems subsidiary of BEI Electronics Inc to distribute a newly developed Valley Forge electrosurgical system.</p>
<p>Valley Forge said the proprietary system is for cutting, coagulating and ablating tissue during gynecological and laparascopic abdominal surgery and offers an alternative to hysterectomies.</p>
<p>The company said the agreement between it and BEI is the first in what is expected to be a series of strategic alliances of the two companies in gynecology and other specialty surgical disciplines.</p>
</text>
<copyright>(c) Reuters Limited 1997</copyright>
<metadata>
<codes class="bip:countries:1.0">
  <code code="USA">
    <editdetail attribution="Reuters BIP Coding Group" action="confirmed" date="1997-07-30"/>
  </code>
</codes>
<codes class="bip:industries:1.0">
  <code code="I34400">
    <editdetail attribution="Reuters BIP Coding Group" action="confirmed" date="1997-07-30"/>
  </code>
  <code code="I37200">
    <editdetail attribution="Reuters BIP Coding Group" action="confirmed" date="1997-07-30"/>
  </code>
</codes>
<codes class="bip:topics:1.0">
  <code code="C33">
    <editdetail attribution="Reuters BIP Coding Group" action="confirmed" date="1997-07-30"/>
  </code>
  <code code="CCAT">
    <editdetail attribution="Reuters BIP Coding Group" action="confirmed" date="1997-07-30"/>
  </code>
</codes>
<dc element="dc.date.created" value="1997-07-30"/>
<dc element="dc.publisher" value="Reuters Holdings Plc"/>
<dc element="dc.date.published" value="1997-07-30"/>
<dc element="dc.source" value="Reuters"/>
<dc element="dc.creator.location" value="OAKS, Pa."/>
<dc element="dc.creator.location.country.name" value="USA"/>
<dc element="dc.source" value="Reuters"/>
</metadata>
</newsitem>
