<?xml version="1.0" encoding="iso-8859-1" ?>
<newsitem itemid="765269" id="root" date="1997-07-30" xml:lang="en">
<title>USA: GM, NBC, U.S. Olympic Committee in deal.</title>
<headline>GM, NBC, U.S. Olympic Committee in deal.</headline>
<dateline>NEW YORK 1997-07-30</dateline>
<text>
<p>General Motors Corp, NBC Inc and the U.S. Olympic Committee said Wednesday the automaker had agreed to a landmark media and sponsorship agreement.</p>
<p>Terms of the deal were not disclosed, but the three parties said in a statement that the pact represents a &quot;multimillion-dollar investment&quot; by GM.</p>
<p>The agreement, which designates GM as the official domestic car and truck of the U.S. Olympic team, runs through the 2008 Olympic Games.</p>
<p>NBC, a unit of General Electric Co, has the broadcast rights to the Games from 2000 through to 2008.  </p>
<p>The GM deal does not designate GM as the sole automotive sponsor for the USOC, said John Krimsky, USOC deputy secretary general. He said the USOC would have one other car sponsor.</p>
<p>During a news conference with Krimsky, Philip Guarascio, GM vice president and general manager of North American operations, marketing and advertising, and Dick Ebersol, president of NBC Sports, all declined to say what the value of the sponsorship and the TV advertising would be.</p>
<p>However, speaking to reporters after the news conference, Krimsky said that reports putting the value between $500 million and $1 billion were &quot;very much in the ballpark.&quot;  </p>
<p>A GM official who declined to be identified said the total could come close to $1 billion. He said it would depend on such factors as how much advertising GM finally bought and the value of the cars that were used during the Olympics.</p>
<p>Ebersol said NBC would announce three or four more significant agreements in the fourth quarter.</p>
<p>Krimsky said negotiations with AT&amp;T Corp were pretty far along.  AT&amp;T said Tuesday it was in discussions on a multi-year deal.  </p>
<p>Ebersol said planning for the 2000 Summer Games in Sydney, Australia, were in full swing and that NBC planned to offer 320 hours of Olympic programming on NBC Television as well as its cable networks.</p>
<p>Guarascio said GM had decided on a multi-year deal because it offered the most &quot;cost effective&quot; way to market its various car brands.</p>
<p>With GM currently planning for new models for future years, Guarascio said the future Olympics would provide a good forum for advertising the vehicles.  </p>
<p>&quot;It's a perfect fit for us, and you can take that to the bank,&quot; Guarascio said.</p>
<p>While NBC will only begin airing the Olympics with the 2000 Games, Krimsky said the agreement with GM is effective immediately.</p>
<p>The news conference was held in NBC's &quot;Today Show&quot; studio at New York's Rockefeller Center, with the network trying to create some pre-Olympic excitement.</p>
<p>Two Olympians, Dan O'Brien, who competed in the Decathlon in Atlanta last year, and Dominique Dawes, who won a gold in gymnastics last year, trotted onto the stage to deliver Olympic torches to Guarascio and Ebersol.</p>
<p>About a dozen other Olympians stood outside the studios in Rockefeller Center during the news conference.</p>
</text>
<copyright>(c) Reuters Limited 1997</copyright>
<metadata>
<codes class="bip:countries:1.0">
  <code code="USA">
    <editdetail attribution="Reuters BIP Coding Group" action="confirmed" date="1997-07-30"/>
  </code>
</codes>
<codes class="bip:industries:1.0">
  <code code="I34000">
    <editdetail attribution="Reuters BIP Coding Group" action="confirmed" date="1997-07-30"/>
  </code>
  <code code="I35101">
    <editdetail attribution="Reuters BIP Coding Group" action="confirmed" date="1997-07-30"/>
  </code>
  <code code="I79020">
    <editdetail attribution="Reuters BIP Coding Group" action="confirmed" date="1997-07-30"/>
  </code>
  <code code="I9741102">
    <editdetail attribution="Reuters BIP Coding Group" action="confirmed" date="1997-07-30"/>
  </code>
</codes>
<codes class="bip:topics:1.0">
  <code code="C32">
    <editdetail attribution="Reuters BIP Coding Group" action="confirmed" date="1997-07-30"/>
  </code>
  <code code="CCAT">
    <editdetail attribution="Reuters BIP Coding Group" action="confirmed" date="1997-07-30"/>
  </code>
  <code code="GCAT">
    <editdetail attribution="Reuters BIP Coding Group" action="confirmed" date="1997-07-30"/>
  </code>
  <code code="GSPO">
    <editdetail attribution="Reuters BIP Coding Group" action="confirmed" date="1997-07-30"/>
  </code>
</codes>
<dc element="dc.date.created" value="1997-07-30"/>
<dc element="dc.publisher" value="Reuters Holdings Plc"/>
<dc element="dc.date.published" value="1997-07-30"/>
<dc element="dc.source" value="Reuters"/>
<dc element="dc.creator.location" value="NEW YORK"/>
<dc element="dc.creator.location.country.name" value="USA"/>
<dc element="dc.source" value="Reuters"/>
</metadata>
</newsitem>
