<?xml version="1.0" encoding="iso-8859-1" ?>
<newsitem itemid="765287" id="root" date="1997-07-30" xml:lang="en">
<title>USA: TABLE - AmeriGas Q3 net loss narrows.</title>
<headline>TABLE - AmeriGas Q3 net loss narrows.</headline>
<dateline>VALLEY FORGE, Pa. 1997-07-30</dateline>
<text>
<p>1997			1996</p>
<p> Unit shr loss	    $0.36     loss	 $0.53</p>
<p> Net loss		  15,152     loss	22,146</p>
<p> Revs		     177,666		  175,552</p>
<p> Avg unit shrs	   41,842		   41,731</p>
<p>	  SIX MONTHS</p>
<p> Unit shr profit	  $1.74   profit	 $1.11</p>
<p> Net profit		73,307   profit	46,579</p>
<p> Revs		     908,931		  836,116</p>
<p> Avg unit shr	    41,784		   41,729</p>
<p>(All data above 000s except per share numbers)</p>
<p>NOTE: Current third quarter ended June 30.</p>
<p>Full name is AmeriGas Propane Inc.</p>
</text>
<copyright>(c) Reuters Limited 1997</copyright>
<metadata>
<codes class="bip:countries:1.0">
  <code code="USA">
    <editdetail attribution="Reuters BIP Coding Group" action="confirmed" date="1997-07-30"/>
  </code>
</codes>
<codes class="bip:topics:1.0">
  <code code="C15">
    <editdetail attribution="Reuters BIP Coding Group" action="confirmed" date="1997-07-30"/>
  </code>
  <code code="C151">
    <editdetail attribution="Reuters BIP Coding Group" action="confirmed" date="1997-07-30"/>
  </code>
  <code code="CCAT">
    <editdetail attribution="Reuters BIP Coding Group" action="confirmed" date="1997-07-30"/>
  </code>
</codes>
<dc element="dc.date.created" value="1997-07-30"/>
<dc element="dc.publisher" value="Reuters Holdings Plc"/>
<dc element="dc.date.published" value="1997-07-30"/>
<dc element="dc.source" value="Reuters"/>
<dc element="dc.creator.location" value="VALLEY FORGE, Pa."/>
<dc element="dc.creator.location.country.name" value="USA"/>
<dc element="dc.source" value="Reuters"/>
</metadata>
</newsitem>
