<?xml version="1.0" encoding="iso-8859-1" ?>
<newsitem itemid="765256" id="root" date="1997-07-30" xml:lang="en">
<title>USA: INTERVIEW - SeaChange to spend heavily on R&amp;D - CFO.</title>
<headline>INTERVIEW - SeaChange to spend heavily on R&amp;D - CFO.</headline>
<dateline>NEW YORK 1997-07-30</dateline>
<text>
<p>SeaChange International Inc's chief financial officer told Wall Street analysts it plans to spend a million dollars more in each upcoming quarter this year than analysts forecasted on research and development, which would cut into upcoming earnings.</p>
<p>Joseph Tibbetts said SeaChange plans to spend roughly $3.4 million in each of the third quarter and the fourth quarters, while Wall Street analysts' had expected spending of about $2.4 million.  That will hurt earnings by about $0.05 a share in each of the quarters, he said.  </p>
<p>&quot;There's an awful lot of opportunity, and we think it's a good investment. But it means some analysts had to cut their short-term models and reduce earnings estimates,&quot; Tibbetts told Reuters in a telephone interview.</p>
<p>The company first told analysts of the increased R&amp;D expenditures in a conference call after the release of its second quarter earnings, prompting some analysts to downgrade the stock's rating despite its strong quarterly results. Net income was $2.4 million or $0.18 a share, up from $1.4 million or $0.12 last year.</p>
<p>The stock dropped sharply, losing about 30 percent of its value. Shares were off 8-1/2 to 19-3/8 in afternoon trading.  </p>
<p>SeaChange topped the list of net losing stocks on the Nasdaq on a percent basis.</p>
<p>SeaChange provides software that allows cable operators and television broadcasters to digitally store videos like advertisements and news updates and insert them quickly into TV network streams.</p>
<p>This allows cable operators, who have often survived on subscription revenues, to generate ad revenues. He said SeaChange is also working on technology that allows cable systems to insert ads into interactive systems such as pay-per-view and video-on-demand services.  </p>
<p>&quot;We think we have an 83 percent market share in the United States in terms of digital ad insertion. The industry is moving very rapidly from tape-based systems to digital, and ... we want to stay well ahead technically and move more into the interactive services,&quot; Tibbetts said.</p>
<p>Alex. Brown &amp; Sons Inc analysts Philip Rueppel and Michael Carboy said in a report that he was cutting the stock's investment rating to &quot;market performer&quot; due to its high valuation, 44 times 1998 earnings per share, and because it has performed so strongly.</p>
<p>SeaChange went public in November for $15 each and was nearly double that, closing Tuesday at at $27-7/8, before the stock's dramatic fall today. The stock has been as high as 39-1/2.</p>
<p>Analysts said a slight deterioration of the balance sheet and softer-than-expected international sales also muted the strong revenue growth in the fiscal second quarter and contributed to the downgrade on a near-term basis. On a longer-term, they said they would look for signs that the company's new products were gaining acceptance.</p>
<p>((Jennifer Westhoven, Wall Street Desk 212 859 1881))</p>
</text>
<copyright>(c) Reuters Limited 1997</copyright>
<metadata>
<codes class="bip:countries:1.0">
  <code code="USA">
    <editdetail attribution="Reuters BIP Coding Group" action="confirmed" date="1997-07-30"/>
  </code>
</codes>
<codes class="bip:industries:1.0">
  <code code="I33020">
    <editdetail attribution="Reuters BIP Coding Group" action="confirmed" date="1997-07-30"/>
  </code>
</codes>
<codes class="bip:topics:1.0">
  <code code="C15">
    <editdetail attribution="Reuters BIP Coding Group" action="confirmed" date="1997-07-30"/>
  </code>
  <code code="C152">
    <editdetail attribution="Reuters BIP Coding Group" action="confirmed" date="1997-07-30"/>
  </code>
  <code code="C23">
    <editdetail attribution="Reuters BIP Coding Group" action="confirmed" date="1997-07-30"/>
  </code>
  <code code="CCAT">
    <editdetail attribution="Reuters BIP Coding Group" action="confirmed" date="1997-07-30"/>
  </code>
</codes>
<dc element="dc.date.created" value="1997-07-30"/>
<dc element="dc.publisher" value="Reuters Holdings Plc"/>
<dc element="dc.date.published" value="1997-07-30"/>
<dc element="dc.source" value="Reuters"/>
<dc element="dc.creator.location" value="NEW YORK"/>
<dc element="dc.creator.location.country.name" value="USA"/>
<dc element="dc.source" value="Reuters"/>
</metadata>
</newsitem>
