<?xml version="1.0" encoding="iso-8859-1" ?>
<newsitem itemid="765231" id="root" date="1997-07-30" xml:lang="en">
<title>USA: TABLE - Kimco Realty Corp Q2 net rises.</title>
<headline>TABLE - Kimco Realty Corp Q2 net rises.</headline>
<dateline>NEW HYDE PARK, N.Y. 1997-07-30</dateline>
<text>
<p>Three Months Ended</p>
<p>						     June 30,</p>
<p>					  1997		     1996</p>
<p>				   Amount     Per	Amount     Per</p>
<p>				(000's)  Share(a)   (000's)  Share(a)</p>
<p>Revenues from</p>
<p>  Rental Property	    $45,276		 $42,444</p>
<p> Net Income		    21,045  .45(b)	18,438  .39(b)</p>
<p>Depreciation and</p>
<p>  Amortization		   7,061    .20	  6,865    .19</p>
<p> Other Adjustements(b)     (4,553)     --	(4,150)    .01</p>
<p>Funds from</p>
<p>  Operations		    23,553    .65	 21,153    .59</p>
<p>						 Six Months Ended</p>
<p>						     June 30,</p>
<p>					    1997		    1996</p>
<p>				    Amount     Per	Amount    Per</p>
<p>				(000's)  Share(a)   (000's)  Share(a)</p>
<p>Revenues from</p>
<p>  Rental Property	     $90,472		 $84,106</p>
<p> Net Income		    41,649  .89(b)	34,366  .77(b)</p>
<p>Depreciation and</p>
<p>  Amortization		   13,961    .39	 13,314   .37</p>
<p> Other Adjustements(b)	(8,913)    .01	(6,416)   .02</p>
<p>Funds from</p>
<p>  Operations		     46,697   1.29	 41,264  1.16</p>
<p>NOTE: (a) Avg shrs 36.3 million and 36.2 million for the three and six months ended June 30, 1997 and 36.1 million and 35.6 million for the three and six months ended June 30, 1996, respectively.</p>
<p>(b) Dollar amount of Other Adjustments is net of preferred stock dividends.</p>
</text>
<copyright>(c) Reuters Limited 1997</copyright>
<metadata>
<codes class="bip:countries:1.0">
  <code code="USA">
    <editdetail attribution="Reuters BIP Coding Group" action="confirmed" date="1997-07-30"/>
  </code>
</codes>
<codes class="bip:industries:1.0">
  <code code="I85000">
    <editdetail attribution="Reuters BIP Coding Group" action="confirmed" date="1997-07-30"/>
  </code>
  <code code="I8500021">
    <editdetail attribution="Reuters BIP Coding Group" action="confirmed" date="1997-07-30"/>
  </code>
</codes>
<codes class="bip:topics:1.0">
  <code code="C15">
    <editdetail attribution="Reuters BIP Coding Group" action="confirmed" date="1997-07-30"/>
  </code>
  <code code="C151">
    <editdetail attribution="Reuters BIP Coding Group" action="confirmed" date="1997-07-30"/>
  </code>
  <code code="CCAT">
    <editdetail attribution="Reuters BIP Coding Group" action="confirmed" date="1997-07-30"/>
  </code>
</codes>
<dc element="dc.date.created" value="1997-07-30"/>
<dc element="dc.publisher" value="Reuters Holdings Plc"/>
<dc element="dc.date.published" value="1997-07-30"/>
<dc element="dc.source" value="Reuters"/>
<dc element="dc.creator.location" value="NEW HYDE PARK, N.Y."/>
<dc element="dc.creator.location.country.name" value="USA"/>
<dc element="dc.source" value="Reuters"/>
</metadata>
</newsitem>
