<?xml version="1.0" encoding="iso-8859-1" ?>
<newsitem itemid="765280" id="root" date="1997-07-30" xml:lang="en">
<title>USA: TABLE - Palomar Medical Q2 loss widens.</title>
<headline>TABLE - Palomar Medical Q2 loss widens.</headline>
<dateline>BEVERLY, Mass. 1997-07-30</dateline>
<text>
<p>PALOMAR MEDICAL TECHNOLOGIES, INC.</p>
<p>(Amounts in thousands, except per share data; unaudited)</p>
<p>				 Three Months Ended  Six Months Ended</p>
<p>			    Jun 30,   Jun 30,    Jun 30,    Jun 30,</p>
<p>				1997	1996	 1997	 1996</p>
<p> Total Revenue	  $24,774   $17,538    $44,900    $24,463</p>
<p> Cost of Revenues	23,198    14,821     43,204     22,105</p>
<p> Gross Profit	     1,576     2,717	1,696	2,358</p>
<p>Research &amp; Development</p>
<p>				3,076     2,374	5,924	4,091</p>
<p> SG&amp;			 10,379     7,160     18,958     12,384</p>
<p> Net Loss	     ( 14,813)  ( 7,894)  ( 30,178)  ( 15,264)</p>
<p> Net Loss Per Share   ( 0.49)   ( 0.32)    ( 1.01)    ( 0.66)</p>
<p> Weighted Average	32,700    25,634     31,529     23,892</p>
<p>Number of Shares</p>
</text>
<copyright>(c) Reuters Limited 1997</copyright>
<metadata>
<codes class="bip:countries:1.0">
  <code code="USA">
    <editdetail attribution="Reuters BIP Coding Group" action="confirmed" date="1997-07-30"/>
  </code>
</codes>
<codes class="bip:industries:1.0">
  <code code="I37200">
    <editdetail attribution="Reuters BIP Coding Group" action="confirmed" date="1997-07-30"/>
  </code>
</codes>
<codes class="bip:topics:1.0">
  <code code="C15">
    <editdetail attribution="Reuters BIP Coding Group" action="confirmed" date="1997-07-30"/>
  </code>
  <code code="C151">
    <editdetail attribution="Reuters BIP Coding Group" action="confirmed" date="1997-07-30"/>
  </code>
  <code code="CCAT">
    <editdetail attribution="Reuters BIP Coding Group" action="confirmed" date="1997-07-30"/>
  </code>
</codes>
<dc element="dc.date.created" value="1997-07-30"/>
<dc element="dc.publisher" value="Reuters Holdings Plc"/>
<dc element="dc.date.published" value="1997-07-30"/>
<dc element="dc.source" value="Reuters"/>
<dc element="dc.creator.location" value="BEVERLY, Mass."/>
<dc element="dc.creator.location.country.name" value="USA"/>
<dc element="dc.source" value="Reuters"/>
</metadata>
</newsitem>
