<?xml version="1.0" encoding="iso-8859-1" ?>
<newsitem itemid="765394" id="root" date="1997-07-30" xml:lang="en">
<title>USA: U.S. June single-family home sales rose 6.1 pct.</title>
<headline>U.S. June single-family home sales rose 6.1 pct.</headline>
<dateline>WASHINGTON 1997-07-30</dateline>
<text>
<p>U.S. Commerce Department reported sales of new single-family homes, seasonally adjusted, with percent changes from prior month (numbers in 1,000s).</p>
<p> -		 Pct--June   May-(Prev)    Apr-(Prev)</p>
<p> Total Units   6.1  819    772   825     764   770</p>
<p> -By Region:   Pct--June   May-(Prev)    Apr-(Prev)</p>
<p> - Northeast -21.1   71     90   107	87    93</p>
<p> - Midwest     7.0  153    143   166     131   134</p>
<p> - South	 9.2  369    338   357     334   339</p>
<p> - West	 12.4  226    201   195     212   204</p>
<p>Total June sales of single-family homes rose 11.9 percent from an annualized rate of 732,000 units a year ago.</p>
<p>    In 1,000s:	June    May--(Prev)    Apr--(Prev)</p>
<p> Actual Units Sold   74	72     78	70     71</p>
<p>Sales Prices:</p>
<p> --Mean	     176.4   168.5  166.9   179.1  179.7</p>
<p> --Median	   142.9   140.0  139.9   150.0  150.0</p>
<p>Note-Actual number of new single-family units sold is not seasonally adjusted.</p>
<p>Wall Street economists forecast June single-family home sales at a seasonally adjusted annual rate of 818,000 units.  </p>
<p>The department also revised monthly percent changes of total sales, seasonally adjusted, from prior months as follows:</p>
<p>    -	     May-(Prev)   Apr-(Prev)   Mar--(Prev)</p>
<p> Total Units    1.0   7.1   -7.4  -8.1   -0.1    1.5</p>
<p>The annualized sales rate for March was revised to 825,000 units from 838,000.</p>
<p> Number of Months:     June   May-(Prev)   Apr-(Prev)</p>
<p> -Supply of Homes	4.2    4.4   4.1    4.6   4.5</p>
<p> 1,000 Units:	    June   May-(Prev)   Apr-(Prev)</p>
<p> -End-Month Inventory  282    283   280    287   285</p>
<p>The supply of homes for sale dipped to 4.2 months' worth in June, its lowest reading since 4.1 months' worth in July 1971, the department said.</p>
<p>The end-of-month inventory of homes declined to 282,000 units in June, its lowest level since 278,000 in July 1993.</p>
</text>
<copyright>(c) Reuters Limited 1997</copyright>
<metadata>
<codes class="bip:countries:1.0">
  <code code="USA">
    <editdetail attribution="Reuters BIP Coding Group" action="confirmed" date="1997-07-30"/>
  </code>
</codes>
<codes class="bip:industries:1.0">
  <code code="I50100">
    <editdetail attribution="Reuters BIP Coding Group" action="confirmed" date="1997-07-30"/>
  </code>
  <code code="I5010022">
    <editdetail attribution="Reuters BIP Coding Group" action="confirmed" date="1997-07-30"/>
  </code>
</codes>
<codes class="bip:topics:1.0">
  <code code="C31">
    <editdetail attribution="Reuters BIP Coding Group" action="confirmed" date="1997-07-30"/>
  </code>
  <code code="CCAT">
    <editdetail attribution="Reuters BIP Coding Group" action="confirmed" date="1997-07-30"/>
  </code>
</codes>
<dc element="dc.date.created" value="1997-07-30"/>
<dc element="dc.publisher" value="Reuters Holdings Plc"/>
<dc element="dc.date.published" value="1997-07-30"/>
<dc element="dc.source" value="Reuters"/>
<dc element="dc.creator.location" value="WASHINGTON"/>
<dc element="dc.creator.location.country.name" value="USA"/>
<dc element="dc.source" value="Reuters"/>
</metadata>
</newsitem>
