<?xml version="1.0" encoding="iso-8859-1" ?>
<newsitem itemid="765315" id="root" date="1997-07-30" xml:lang="en">
<title>USA: RESEARCH ALERT - Ultramar cut.</title>
<headline>RESEARCH ALERT - Ultramar cut.</headline>
<dateline>LOS ANGELES 1997-07-30</dateline>
<text>
<p>Jefferies &amp; Co Inc cut Ultramar Diamond Shamrock Corp shares to accumulate from buy and lowered earnings estimates.</p>
<p>-- reduced 1997 estimate to $2.25 a share from $2.45, on a pro forma basis for the pending purchase of Total Petroleum, based on July margins that are below Jefferies' Q3 estimates.</p>
<p>-- cut 1998 estimate to $3.45 from $3.75, on a pro forma basis for the pending purchase of Total Petroleum, based on expected pressure on Southwest refining margins in 1998.</p>
<p>-- revised the 12-month stock price downward to a range $36 to $39 a share from a previous $38 to $41 a share.</p>
<p>-- shares were trading up 7/16 at 34-3/16.</p>
</text>
<copyright>(c) Reuters Limited 1997</copyright>
<metadata>
<codes class="bip:countries:1.0">
  <code code="USA">
    <editdetail attribution="Reuters BIP Coding Group" action="confirmed" date="1997-07-30"/>
  </code>
</codes>
<codes class="bip:industries:1.0">
  <code code="I14000">
    <editdetail attribution="Reuters BIP Coding Group" action="confirmed" date="1997-07-30"/>
  </code>
</codes>
<codes class="bip:topics:1.0">
  <code code="C15">
    <editdetail attribution="Reuters BIP Coding Group" action="confirmed" date="1997-07-30"/>
  </code>
  <code code="C152">
    <editdetail attribution="Reuters BIP Coding Group" action="confirmed" date="1997-07-30"/>
  </code>
  <code code="CCAT">
    <editdetail attribution="Reuters BIP Coding Group" action="confirmed" date="1997-07-30"/>
  </code>
</codes>
<dc element="dc.date.created" value="1997-07-30"/>
<dc element="dc.publisher" value="Reuters Holdings Plc"/>
<dc element="dc.date.published" value="1997-07-30"/>
<dc element="dc.source" value="Reuters"/>
<dc element="dc.creator.location" value="LOS ANGELES"/>
<dc element="dc.creator.location.country.name" value="USA"/>
<dc element="dc.source" value="Reuters"/>
</metadata>
</newsitem>
