<?xml version="1.0" encoding="iso-8859-1" ?>
<newsitem itemid="765340" id="root" date="1997-07-30" xml:lang="en">
<title>USA: RESEARCH ALERT - Lehman upgrades aluminum stocks.</title>
<headline>RESEARCH ALERT - Lehman upgrades aluminum stocks.</headline>
<dateline>NEW YORK 1997-07-30</dateline>
<text>
<p>Lehman Brothers said analyst Richard Aldrich upgraded several aluminum stocks.</p>
<p>-- raised Alcan Aluminium Ltd, Aluminum Co of America, Kaiser Aluminum Corp and Reynolds Metals Co to outperform from neutral.</p>
<p>-- maintained buy on Alumax Inc.</p>
<p>-- said in summary report the aluminum ingot price is beginning to break out on the London Metals Exchange, as demand continues to grow in most regions and inventories continue to fall.  </p>
<p>-- maintained 1997 aluminum ingot price forecast of $0.75 a pound and 1998 forecast at $0.83.</p>
</text>
<copyright>(c) Reuters Limited 1997</copyright>
<metadata>
<codes class="bip:countries:1.0">
  <code code="USA">
    <editdetail attribution="Reuters BIP Coding Group" action="confirmed" date="1997-07-30"/>
  </code>
</codes>
<codes class="bip:industries:1.0">
  <code code="I21000">
    <editdetail attribution="Reuters BIP Coding Group" action="confirmed" date="1997-07-30"/>
  </code>
  <code code="I22450">
    <editdetail attribution="Reuters BIP Coding Group" action="confirmed" date="1997-07-30"/>
  </code>
</codes>
<codes class="bip:topics:1.0">
  <code code="C15">
    <editdetail attribution="Reuters BIP Coding Group" action="confirmed" date="1997-07-30"/>
  </code>
  <code code="C152">
    <editdetail attribution="Reuters BIP Coding Group" action="confirmed" date="1997-07-30"/>
  </code>
  <code code="CCAT">
    <editdetail attribution="Reuters BIP Coding Group" action="confirmed" date="1997-07-30"/>
  </code>
</codes>
<dc element="dc.date.created" value="1997-07-30"/>
<dc element="dc.publisher" value="Reuters Holdings Plc"/>
<dc element="dc.date.published" value="1997-07-30"/>
<dc element="dc.source" value="Reuters"/>
<dc element="dc.creator.location" value="NEW YORK"/>
<dc element="dc.creator.location.country.name" value="USA"/>
<dc element="dc.source" value="Reuters"/>
</metadata>
</newsitem>
