<?xml version="1.0" encoding="iso-8859-1" ?>
<newsitem itemid="765347" id="root" date="1997-07-30" xml:lang="en">
<title>USA: Sysco says well postured for growth in FY98.</title>
<headline>Sysco says well postured for growth in FY98.</headline>
<dateline>HOUSTON 1997-07-30</dateline>
<text>
<p>Sysco Corp said Wednesday it is well-postured for future growth for the coming year and beyond, and sales and earnings growth in its &quot;fold-out&quot; program at three centers is exceeding its expectations.</p>
<p>The company said its strong balance sheet, the breadth of its products and its customer service focus is what makes it &quot;well-postured&quot; for future growth.</p>
<p>Sysco's &quot;fold-out&quot; program refers to its plan of adding new distribution centers in poular markets.</p>
<p>Capital expenditures for building the new centers and for expanding and modernizing existing facilities, as well as purchases of fleet and equipment, was $211 million for the fiscal year.</p>
<p>It said its sales and earnings growth in the fold-out program is exceeding its expecations at centers in Connecticut, Florida and Wisconsin opened in 1995 and 1996.</p>
<p>Three additional new centers are in various stages of progress.</p>
<p>The company reported earnings per share for the quarter of $0.52 compared to $0.46, and earnings per share for the year of $1.71 compared to $1.52.</p>
</text>
<copyright>(c) Reuters Limited 1997</copyright>
<metadata>
<codes class="bip:countries:1.0">
  <code code="USA">
    <editdetail attribution="Reuters BIP Coding Group" action="confirmed" date="1997-07-30"/>
  </code>
</codes>
<codes class="bip:industries:1.0">
  <code code="I61000">
    <editdetail attribution="Reuters BIP Coding Group" action="confirmed" date="1997-07-30"/>
  </code>
</codes>
<codes class="bip:topics:1.0">
  <code code="C15">
    <editdetail attribution="Reuters BIP Coding Group" action="confirmed" date="1997-07-30"/>
  </code>
  <code code="C152">
    <editdetail attribution="Reuters BIP Coding Group" action="confirmed" date="1997-07-30"/>
  </code>
  <code code="CCAT">
    <editdetail attribution="Reuters BIP Coding Group" action="confirmed" date="1997-07-30"/>
  </code>
</codes>
<dc element="dc.date.created" value="1997-07-30"/>
<dc element="dc.publisher" value="Reuters Holdings Plc"/>
<dc element="dc.date.published" value="1997-07-30"/>
<dc element="dc.source" value="Reuters"/>
<dc element="dc.creator.location" value="HOUSTON"/>
<dc element="dc.creator.location.country.name" value="USA"/>
<dc element="dc.source" value="Reuters"/>
</metadata>
</newsitem>
