<?xml version="1.0" encoding="iso-8859-1" ?>
<newsitem itemid="765385" id="root" date="1997-07-30" xml:lang="en">
<title>USA: Duramed wants drug label declared deficient.</title>
<headline>Duramed wants drug label declared deficient.</headline>
<dateline>CINCINNATI 1997-07-30</dateline>
<text>
<p>Duramed Pharmaceuticals Inc said Wednesday it has asked the U.S. Food and Drug Administration to declare the labeling deficient on Wyeth Ayerst Laboratories' conjugated estrogens tablets, Premarin.</p>
<p>Duramed said it wants Wyeth, a unit of American Home Products Corp, to be required to list all active ingredients on the Premarin label.</p>
<p>Duramed also said it has asked FDA to withhold approval of any new applications involving Premarin until &quot;the drug is adequately characterized.&quot;  </p>
<p>Duramed's petition follows a determination in May by the FDA's Center for Drug Evaluation and Research to deny Duramed's application to market a generic form of conjugated estrogens tablets that would have competed directly with Premarin.</p>
<p>Duramed said the FDA panel concluded it could not grant its application because Premarin is not adequately characterized and therefore its active ingredients cannot be definitively identified.</p>
<p>&quot;Until the active ingredients are sufficiently defined, a synthetic generic form of Premarin cannot be approved,&quot; Duramed quoted the FDA panel as saying.</p>
</text>
<copyright>(c) Reuters Limited 1997</copyright>
<metadata>
<codes class="bip:countries:1.0">
  <code code="USA">
    <editdetail attribution="Reuters BIP Coding Group" action="confirmed" date="1997-07-30"/>
  </code>
</codes>
<codes class="bip:industries:1.0">
  <code code="I25700">
    <editdetail attribution="Reuters BIP Coding Group" action="confirmed" date="1997-07-30"/>
  </code>
</codes>
<codes class="bip:topics:1.0">
  <code code="C13">
    <editdetail attribution="Reuters BIP Coding Group" action="confirmed" date="1997-07-30"/>
  </code>
  <code code="C21">
    <editdetail attribution="Reuters BIP Coding Group" action="confirmed" date="1997-07-30"/>
  </code>
  <code code="CCAT">
    <editdetail attribution="Reuters BIP Coding Group" action="confirmed" date="1997-07-30"/>
  </code>
</codes>
<dc element="dc.date.created" value="1997-07-30"/>
<dc element="dc.publisher" value="Reuters Holdings Plc"/>
<dc element="dc.date.published" value="1997-07-30"/>
<dc element="dc.source" value="Reuters"/>
<dc element="dc.creator.location" value="CINCINNATI"/>
<dc element="dc.creator.location.country.name" value="USA"/>
<dc element="dc.source" value="Reuters"/>
</metadata>
</newsitem>
