<?xml version="1.0" encoding="iso-8859-1" ?>
<newsitem itemid="765349" id="root" date="1997-07-30" xml:lang="en">
<title>USA: TABLE - Starwood Lodging Q2 shr $0.38.</title>
<headline>TABLE - Starwood Lodging Q2 shr $0.38.</headline>
<dateline>PHOENIX 1997-07-30</dateline>
<text>
<p>(In thousands except per-share amounts)</p>
<p>					Three months ended June 30,</p>
<p>					--------------------------</p>
<p>					     1997	  1996</p>
<p>					  ----------  ----------</p>
<p>REVENUE</p>
<p>Rooms				   $ 142,258    $ 52,002</p>
<p>Food and beverage			57,356	13,821</p>
<p>Other					15,004	 6,844</p>
<p>					  ------------ ------------</p>
<p>  Total hotel revenue		 214,618	72,667</p>
<p>Gaming					3,807	 6,914</p>
<p>Interest from mortgage</p>
<p>  and other notes			 3,127	 2,236</p>
<p>Rents from leased hotel</p>
<p>properties and income from</p>
<p>  investments				 243	   282</p>
<p>Management fees</p>
<p>  and other income			1,858	   913</p>
<p>Gain (loss) on sales</p>
<p>  of real estate investments	   (504)	 (347)</p>
<p>					  ------------ ------------</p>
<p>					    223,149	82,665</p>
<p>					  ------------ ------------</p>
<p>EXPENSES</p>
<p>Rooms					33,630	12,874</p>
<p>Food and beverage			41,799	10,673</p>
<p>Other					67,323	25,032</p>
<p>					  ------------ ------------</p>
<p>  Total hotel expenses		142,752	48,579</p>
<p>Gaming					4,159	 6,357</p>
<p>Interest				   12,820	 5,549</p>
<p>Depreciation and amortization	29,827	 6,130</p>
<p>Administrative and general	    7,733	 2,992</p>
<p>					  ------------ ------------</p>
<p>					    197,291	69,607</p>
<p>					  ------------ ------------</p>
<p>Income before minority interest    25,858	13,058</p>
<p>Minority interest			 7,723	 4,537</p>
<p>					  ------------ ------------</p>
<p>Income before extraordinary item   18,135	 8,521</p>
<p>Extraordinary item due to</p>
<p>early extinguishment of debt</p>
<p>(net of $413,000</p>
<p>   minority interest)			--	 1,077</p>
<p>					  ============ ============</p>
<p>  NET INCOME			   $ 18,135     $ 9,598</p>
<p>					  ============ ============</p>
<p>EARNINGS PER PAIRED SHARE</p>
<p>Income before extraordinary item $   0.38     $  0.36</p>
<p>Extraordinary item			   --	  0.05</p>
<p>					  ============ ============</p>
<p>  NET INCOME PER PAIRED SHARE    $   0.38     $  0.41</p>
<p>					  ============ ============</p>
<p>Weighted Average Number</p>
<p>  of Paired Shares		     47,764	23,335</p>
<p>					  ============ ============</p>
<p>					     Six months ended June 30,</p>
<p>					   -----------------------------</p>
<p>						  1997		1996</p>
<p>					     ----------	---------</p>
<p>REVENUE</p>
<p>Rooms					$ 249,231	 $ 89,128</p>
<p>Food and beverage			  100,894	   23,648</p>
<p>Other					   26,670	   10,193</p>
<p>					    -------------    -------------</p>
<p>  Total hotel revenue		    376,795	  122,969</p>
<p>Gaming					   7,727	   13,743</p>
<p>Interest from mortgage</p>
<p>  and other notes			    7,213	    4,761</p>
<p>Rents from leased hotel</p>
<p>properties and income from</p>
<p>  investments				    441		465</p>
<p>Management fees</p>
<p>  and other income			   4,196	    1,653</p>
<p>Gain (loss) on sales</p>
<p>  of real estate investments		(504)	    (347)</p>
<p>					 -------------   --------------</p>
<p>					     395,868	  143,244</p>
<p>					 -------------   --------------</p>
<p>EXPENSES</p>
<p>Rooms					   60,619	   22,027</p>
<p>Food and beverage			   75,481	   18,512</p>
<p>Other					  124,374	   43,622</p>
<p>					 -------------   --------------</p>
<p>  Total hotel expenses		   260,474	   84,161</p>
<p>Gaming					   8,248	   12,192</p>
<p>Interest					23,311	    8,772</p>
<p>Depreciation and amortization	   54,387	   13,790</p>
<p>Administrative and general		13,548	    5,365</p>
<p>					 -------------   --------------</p>
<p>						 359,968	  124,280</p>
<p>					 -------------   --------------</p>
<p>Income before minority interest	 35,900	   18,964</p>
<p>Minority interest			    9,891	    6,353</p>
<p>					 -------------   --------------</p>
<p>Income before extraordinary item	26,009	   12,611</p>
<p>Extraordinary item due</p>
<p>to early extinguishment of debt</p>
<p>(net of $413,000</p>
<p>   minority interest)			   --	    1,077</p>
<p>				     =============   ==============</p>
<p>  NET INCOME				$ 26,009	$  13,688</p>
<p>				     =============   ==============</p>
<p>EARNINGS PER PAIRED SHARE</p>
<p>Income before extraordinary item    $   0.56	$    0.57</p>
<p>Extraordinary item				--	     0.05</p>
<p>				     =============   ==============</p>
<p>  NET INCOME PER PAIRED SHARE	 $   0.56	$    0.62</p>
<p>				     =============   ==============</p>
<p>Weighted Average Number</p>
<p>  of Paired Shares			  46,063	   22,016</p>
</text>
<copyright>(c) Reuters Limited 1997</copyright>
<metadata>
<codes class="bip:countries:1.0">
  <code code="USA">
    <editdetail attribution="Reuters BIP Coding Group" action="confirmed" date="1997-07-30"/>
  </code>
</codes>
<codes class="bip:industries:1.0">
  <code code="I81502">
    <editdetail attribution="Reuters BIP Coding Group" action="confirmed" date="1997-07-30"/>
  </code>
  <code code="I8150206">
    <editdetail attribution="Reuters BIP Coding Group" action="confirmed" date="1997-07-30"/>
  </code>
</codes>
<codes class="bip:topics:1.0">
  <code code="C15">
    <editdetail attribution="Reuters BIP Coding Group" action="confirmed" date="1997-07-30"/>
  </code>
  <code code="C151">
    <editdetail attribution="Reuters BIP Coding Group" action="confirmed" date="1997-07-30"/>
  </code>
  <code code="CCAT">
    <editdetail attribution="Reuters BIP Coding Group" action="confirmed" date="1997-07-30"/>
  </code>
</codes>
<dc element="dc.date.created" value="1997-07-30"/>
<dc element="dc.publisher" value="Reuters Holdings Plc"/>
<dc element="dc.date.published" value="1997-07-30"/>
<dc element="dc.source" value="Reuters"/>
<dc element="dc.creator.location" value="PHOENIX"/>
<dc element="dc.creator.location.country.name" value="USA"/>
<dc element="dc.source" value="Reuters"/>
</metadata>
</newsitem>
