<?xml version="1.0" encoding="iso-8859-1" ?>
<newsitem itemid="765330" id="root" date="1997-07-30" xml:lang="en">
<title>USA: TABLE - STM Wireless Inc Q2 results.</title>
<headline>TABLE - STM Wireless Inc Q2 results.</headline>
<dateline>IRVINE, Calif. 1997-07-30</dateline>
<text>
<p>STM WIRELESS, INC.</p>
<p>		     CONSOLIDATED STATEMENTS OF OPERATIONS</p>
<p>		     (in thousands, except per share data)</p>
<p>				  (unaudited)</p>
<p>			   For the three months  For the six months</p>
<p>				  ended June 30,	 ended June 30,</p>
<p>				  1997	  1996	1997     1996</p>
<p>Revenues</p>
<p>  Products		$ 14,044    $  9,079  $ 20,919 $ 15,617</p>
<p>  Services		     304	   757	 921    1,686</p>
<p>   Total revenues	 14,348	 9,836    21,840   17,303</p>
<p>Cost of revenues</p>
<p>  Products		   9,879	 5,928    14,366    9,886</p>
<p>  Services		     279	   388	 616	652</p>
<p>Total cost of revenues</p>
<p>				10,158	 6,316    14,982   10,538</p>
<p> Gross profit		4,190	 3,520     6,858    6,765</p>
<p>Operating costs</p>
<p>Selling, general &amp;</p>
<p>administrative</p>
<p>   expenses		  1,900	 1,402     3,073    2,873</p>
<p>Research and</p>
<p>   development costs     1,482	 1,377     2,782    2,966</p>
<p>Total operating</p>
<p>     costs		   3,382	 2,779     5,855    5,839</p>
<p> Operating income	    808	   741     1,003	926</p>
<p> Other income		   49	  (72)	  66     (72)</p>
<p> Interest income	     175	   177	 325	558</p>
<p> Interest expense	  (249)	 (188)     (390)    (332)</p>
<p>Income from continuing</p>
<p>operations, before</p>
<p>minority interest and</p>
<p>  income taxes		 783	   658     1,004    1,080</p>
<p> Income tax expense	(108)	 (221)     (140)    (372)</p>
<p>Income from continuing</p>
<p>operations before</p>
<p>  minority interest	  675	   437	 864	708</p>
<p>Minority interest in</p>
<p>net loss of</p>
<p>consolidated</p>
<p>  subsidiary		    45	    32	  72	 81</p>
<p>Income from continuing</p>
<p>  operations		   720	   469	 936	789</p>
<p>Income from and gain on</p>
<p>sale of discontinued</p>
<p>  operations		     -	     -	   -	 84</p>
<p> Net income		    720	   469	 936	873</p>
<p>Net income per share:</p>
<p>Continuing</p>
<p>   operations		 0.12	  0.08	0.16     0.13</p>
<p>Discontinued</p>
<p>   operations		    -	     -	   -     0.02</p>
<p>Total net income</p>
<p>  per share:		  0.12	  0.08	0.16     0.15</p>
<p>Weighted average</p>
<p>  shares outstanding     5,983	 5,998     5,981    5,998</p>
</text>
<copyright>(c) Reuters Limited 1997</copyright>
<metadata>
<codes class="bip:countries:1.0">
  <code code="USA">
    <editdetail attribution="Reuters BIP Coding Group" action="confirmed" date="1997-07-30"/>
  </code>
</codes>
<codes class="bip:industries:1.0">
  <code code="I34400">
    <editdetail attribution="Reuters BIP Coding Group" action="confirmed" date="1997-07-30"/>
  </code>
</codes>
<codes class="bip:topics:1.0">
  <code code="C15">
    <editdetail attribution="Reuters BIP Coding Group" action="confirmed" date="1997-07-30"/>
  </code>
  <code code="C151">
    <editdetail attribution="Reuters BIP Coding Group" action="confirmed" date="1997-07-30"/>
  </code>
  <code code="CCAT">
    <editdetail attribution="Reuters BIP Coding Group" action="confirmed" date="1997-07-30"/>
  </code>
</codes>
<dc element="dc.date.created" value="1997-07-30"/>
<dc element="dc.publisher" value="Reuters Holdings Plc"/>
<dc element="dc.date.published" value="1997-07-30"/>
<dc element="dc.source" value="Reuters"/>
<dc element="dc.creator.location" value="IRVINE, Calif."/>
<dc element="dc.creator.location.country.name" value="USA"/>
<dc element="dc.source" value="Reuters"/>
</metadata>
</newsitem>
