<?xml version="1.0" encoding="iso-8859-1" ?>
<newsitem itemid="765350" id="root" date="1997-07-30" xml:lang="en">
<title>USA: TABLE - LanOptics Q2 shr loss $0.27.</title>
<headline>TABLE - LanOptics Q2 shr loss $0.27.</headline>
<dateline>NEW YORK 1997-07-30</dateline>
<text>
<p>(U.S. dollars in thousands, except share data)</p>
<p>			  Three Months Ended	Six Months Ended</p>
<p>				  June 30		    June 30</p>
<p>			     1997	 1996	  1997	1996</p>
<p> Sales		     5,666	5,073	11,440     9,878</p>
<p> Cost of Sales	   2,721	2,376	 5,362     4,600</p>
<p> Gross Profit	    2,945	2,697	 6,078     5,277</p>
<p>Research &amp; Development</p>
<p>  Cost		     1,918	1,243	 3,719     2,639</p>
<p>Less Royalty-Bearing</p>
<p>  Grant			591	  481	 1,229	 978</p>
<p>			     1,327	  762	 2,491     1,661</p>
<p>Less Capitalization</p>
<p>of Computer</p>
<p>  Software costs	   498	  314	   959	 687</p>
<p>				 829	  448	 1,531	 974</p>
<p>Selling, General &amp;</p>
<p>  Administration	 4,114	2,493	 7,592     4,493</p>
<p> Operating Loss	(1,998)	(245)     (3,045)     (189)</p>
<p> Financial Income (net)  386	  261	   462	 483</p>
<p>			   (1,612)	   16     (2,583)	 294</p>
<p>Minority Share of</p>
<p>  Profit of Subsidiaries (32)		     (59)</p>
<p> Net Income/(Loss)   (1,644)	   16     (2,643)	 294</p>
<p>Earnings per Share</p>
<p>			    (0.27)	 0.00	(0.43)	0.05</p>
<p>Weighted Average Number of</p>
<p>Shares Outstanding</p>
<p>During the Period</p>
<p>			6,115,690  6,202,920   6,125,474  6,199,143</p>
<p>(a) Note: R&amp;D royalties reclassified for 1996 from selling expense into cost of sales.</p>
<p>Full company name is LanOptics Ltd. The company is based in Migdal Ha'emek, Israel.</p>
<p>--((New York Newsdesk 212 859 1610))</p>
</text>
<copyright>(c) Reuters Limited 1997</copyright>
<metadata>
<codes class="bip:countries:1.0">
  <code code="USA">
    <editdetail attribution="Reuters BIP Coding Group" action="confirmed" date="1997-07-30"/>
  </code>
</codes>
<codes class="bip:industries:1.0">
  <code code="I33030">
    <editdetail attribution="Reuters BIP Coding Group" action="confirmed" date="1997-07-30"/>
  </code>
</codes>
<codes class="bip:topics:1.0">
  <code code="C15">
    <editdetail attribution="Reuters BIP Coding Group" action="confirmed" date="1997-07-30"/>
  </code>
  <code code="C151">
    <editdetail attribution="Reuters BIP Coding Group" action="confirmed" date="1997-07-30"/>
  </code>
  <code code="CCAT">
    <editdetail attribution="Reuters BIP Coding Group" action="confirmed" date="1997-07-30"/>
  </code>
</codes>
<dc element="dc.date.created" value="1997-07-30"/>
<dc element="dc.publisher" value="Reuters Holdings Plc"/>
<dc element="dc.date.published" value="1997-07-30"/>
<dc element="dc.source" value="Reuters"/>
<dc element="dc.creator.location" value="NEW YORK"/>
<dc element="dc.creator.location.country.name" value="USA"/>
<dc element="dc.source" value="Reuters"/>
</metadata>
</newsitem>
