<?xml version="1.0" encoding="iso-8859-1" ?>
<newsitem itemid="765310" id="root" date="1997-07-30" xml:lang="en">
<title>USA: RESEARCH ALERT - ACT Networks cut.</title>
<headline>RESEARCH ALERT - ACT Networks cut.</headline>
<dateline>LOS ANGELES 1997-07-30</dateline>
<text>
<p>Hambrecht &amp; Quist said it cut its rating on shares of ACT Networks Inc to hold from buy after ACT's report of &quot;very disappointing&quot; fiscal Q4 results.</p>
<p>-- ACT earned $0.01 a share on $13.4 million in sales versus a forecast of $0.18 a share on sales of $15.6 million.</p>
<p>-- Hambrecht attributed the shortfall to higher than expected operating costs, problems integrating acquisitions and lack of sales and marketing leadership.</p>
<p>-- said ACT's management &quot;has not demonstrated that it can execute its business plan.&quot;</p>
<p>-- ACT shares were off 1-7/8 at 12-1/8 by midday.</p>
</text>
<copyright>(c) Reuters Limited 1997</copyright>
<metadata>
<codes class="bip:countries:1.0">
  <code code="USA">
    <editdetail attribution="Reuters BIP Coding Group" action="confirmed" date="1997-07-30"/>
  </code>
</codes>
<codes class="bip:industries:1.0">
  <code code="I34531">
    <editdetail attribution="Reuters BIP Coding Group" action="confirmed" date="1997-07-30"/>
  </code>
</codes>
<codes class="bip:topics:1.0">
  <code code="C15">
    <editdetail attribution="Reuters BIP Coding Group" action="confirmed" date="1997-07-30"/>
  </code>
  <code code="C152">
    <editdetail attribution="Reuters BIP Coding Group" action="confirmed" date="1997-07-30"/>
  </code>
  <code code="CCAT">
    <editdetail attribution="Reuters BIP Coding Group" action="confirmed" date="1997-07-30"/>
  </code>
</codes>
<dc element="dc.date.created" value="1997-07-30"/>
<dc element="dc.publisher" value="Reuters Holdings Plc"/>
<dc element="dc.date.published" value="1997-07-30"/>
<dc element="dc.source" value="Reuters"/>
<dc element="dc.creator.location" value="LOS ANGELES"/>
<dc element="dc.creator.location.country.name" value="USA"/>
<dc element="dc.source" value="Reuters"/>
</metadata>
</newsitem>
