<?xml version="1.0" encoding="iso-8859-1" ?>
<newsitem itemid="765372" id="root" date="1997-07-30" xml:lang="en">
<title>USA: RESEARCH ALERT - Foster Wheeler raised.</title>
<headline>RESEARCH ALERT - Foster Wheeler raised.</headline>
<dateline>NEW YORK 1997-07-30</dateline>
<text>
<p>Lehman Brothers said analyst Robert Cornell upgraded Foster Wheeler Corp to buy from outperform.</p>
<p>-- cited in summary report company's above-consensus second quarter earnings per share.</p>
<p>-- said bookings were up 17 percent year-over-year, pushing backlog to record level.</p>
<p>-- said &quot;Foster Wheeler now positioned for sustained growth.&quot;</p>
<p>-- stock rose 1-3/16 to 45.</p>
</text>
<copyright>(c) Reuters Limited 1997</copyright>
<metadata>
<codes class="bip:countries:1.0">
  <code code="USA">
    <editdetail attribution="Reuters BIP Coding Group" action="confirmed" date="1997-07-30"/>
  </code>
</codes>
<codes class="bip:industries:1.0">
  <code code="I32000">
    <editdetail attribution="Reuters BIP Coding Group" action="confirmed" date="1997-07-30"/>
  </code>
</codes>
<codes class="bip:topics:1.0">
  <code code="C15">
    <editdetail attribution="Reuters BIP Coding Group" action="confirmed" date="1997-07-30"/>
  </code>
  <code code="C152">
    <editdetail attribution="Reuters BIP Coding Group" action="confirmed" date="1997-07-30"/>
  </code>
  <code code="CCAT">
    <editdetail attribution="Reuters BIP Coding Group" action="confirmed" date="1997-07-30"/>
  </code>
</codes>
<dc element="dc.date.created" value="1997-07-30"/>
<dc element="dc.publisher" value="Reuters Holdings Plc"/>
<dc element="dc.date.published" value="1997-07-30"/>
<dc element="dc.source" value="Reuters"/>
<dc element="dc.creator.location" value="NEW YORK"/>
<dc element="dc.creator.location.country.name" value="USA"/>
<dc element="dc.source" value="Reuters"/>
</metadata>
</newsitem>
