<?xml version="1.0" encoding="iso-8859-1" ?>
<newsitem itemid="765389" id="root" date="1997-07-30" xml:lang="en">
<title>USA: Witco says capitol plan behind schedule.</title>
<headline>Witco says capitol plan behind schedule.</headline>
<dateline>GREENWICH, Conn. 1997-07-30</dateline>
<text>
<p>Witco Corp said Wednesday its restructuring program is beginning to show benefits to earnings, but its capital plan is somewhat behind schedule.</p>
<p>The company said the capital plan had fallen behind as a result of an increased emphasis on proper scope definition and enhanced up-front planning.</p>
<p>&quot;This better-defined capital plan, coupled with our results so far, increases our confidence that we will achieve the goals of our three-year restructuring plan,&quot; said E. Gary Cook, Witom chairman, president and chief executive.</p>
<p>The company today said income from continuing operations in the second quarter rose to $23.6 million, or $0.41 a share, from $18.5 million, or $0.33 a share, a year earlier.</p>
</text>
<copyright>(c) Reuters Limited 1997</copyright>
<metadata>
<codes class="bip:countries:1.0">
  <code code="USA">
    <editdetail attribution="Reuters BIP Coding Group" action="confirmed" date="1997-07-30"/>
  </code>
</codes>
<codes class="bip:industries:1.0">
  <code code="I14000">
    <editdetail attribution="Reuters BIP Coding Group" action="confirmed" date="1997-07-30"/>
  </code>
</codes>
<codes class="bip:topics:1.0">
  <code code="C11">
    <editdetail attribution="Reuters BIP Coding Group" action="confirmed" date="1997-07-30"/>
  </code>
  <code code="C17">
    <editdetail attribution="Reuters BIP Coding Group" action="confirmed" date="1997-07-30"/>
  </code>
  <code code="C171">
    <editdetail attribution="Reuters BIP Coding Group" action="confirmed" date="1997-07-30"/>
  </code>
  <code code="CCAT">
    <editdetail attribution="Reuters BIP Coding Group" action="confirmed" date="1997-07-30"/>
  </code>
</codes>
<dc element="dc.date.created" value="1997-07-30"/>
<dc element="dc.publisher" value="Reuters Holdings Plc"/>
<dc element="dc.date.published" value="1997-07-30"/>
<dc element="dc.source" value="Reuters"/>
<dc element="dc.creator.location" value="GREENWICH, Conn."/>
<dc element="dc.creator.location.country.name" value="USA"/>
<dc element="dc.source" value="Reuters"/>
</metadata>
</newsitem>
