<?xml version="1.0" encoding="iso-8859-1" ?>
<newsitem itemid="765311" id="root" date="1997-07-30" xml:lang="en">
<title>USA: FERC OKs NGPL, Northern Border midwest pipelines.</title>
<headline>FERC OKs NGPL, Northern Border midwest pipelines.</headline>
<dateline>WASHINGTON 1997-07-30</dateline>
<text>
<p>The U.S. FERC on Wednesday approved competing plans by Natural Gas Pipeline Co of America (NGPL) and Northern Border Pipeline Co to expand and build pipelines between Harper, Iowa, and Chicago.</p>
<p>At the same time, the commission gave preliminary approval to Alliance Pipeline, which plans to ship natural gas to Chicago from northeastern British Columbia.</p>
<p>The NGPL and Northern Border pipelines were designed to transport growing volumes of Canadian gas that will be coming into Harper on an expanded pipeline owned by Northern Border.  </p>
<p>NGPL proposed to expand its existing Iowa-to-Chicago line while Northern Border proposed to build a new pipeline within a few miles of NGPL's pipes.</p>
<p>NGPL is a subsidiary of Midcon Corp, a unit of Occidental Petroleum Corp. Northern Border is 70 percent owned by Enron Corp and 30 percent owned by TransCanada PipeLines Ltd.  </p>
<p>The commission last year encouraged the two companies to merge their proposals in order to limit the potential environmental damage of building a new pipeline, but Northern Border refused an offer from NGPL to give it exclusive rights to use NGPL's expanded pipeline.</p>
<p>The $3.6 billion Alliance pipeline, which would have a capacity of 1.3 billion cubic feet a day, is backed by natural gas producers looking to ship gas directly to Chicago from northeastern British Columbia.</p>
</text>
<copyright>(c) Reuters Limited 1997</copyright>
<metadata>
<codes class="bip:countries:1.0">
  <code code="CANA">
    <editdetail attribution="Reuters BIP Coding Group" action="confirmed" date="1997-07-30"/>
  </code>
  <code code="USA">
    <editdetail attribution="Reuters BIP Coding Group" action="confirmed" date="1997-07-30"/>
  </code>
</codes>
<codes class="bip:industries:1.0">
  <code code="I13000">
    <editdetail attribution="Reuters BIP Coding Group" action="confirmed" date="1997-07-30"/>
  </code>
  <code code="I14000">
    <editdetail attribution="Reuters BIP Coding Group" action="confirmed" date="1997-07-30"/>
  </code>
  <code code="I16200">
    <editdetail attribution="Reuters BIP Coding Group" action="confirmed" date="1997-07-30"/>
  </code>
  <code code="I50200">
    <editdetail attribution="Reuters BIP Coding Group" action="confirmed" date="1997-07-30"/>
  </code>
  <code code="I5020043">
    <editdetail attribution="Reuters BIP Coding Group" action="confirmed" date="1997-07-30"/>
  </code>
</codes>
<codes class="bip:topics:1.0">
  <code code="C13">
    <editdetail attribution="Reuters BIP Coding Group" action="confirmed" date="1997-07-30"/>
  </code>
  <code code="C24">
    <editdetail attribution="Reuters BIP Coding Group" action="confirmed" date="1997-07-30"/>
  </code>
  <code code="CCAT">
    <editdetail attribution="Reuters BIP Coding Group" action="confirmed" date="1997-07-30"/>
  </code>
</codes>
<dc element="dc.date.created" value="1997-07-30"/>
<dc element="dc.publisher" value="Reuters Holdings Plc"/>
<dc element="dc.date.published" value="1997-07-30"/>
<dc element="dc.source" value="Reuters"/>
<dc element="dc.creator.location" value="WASHINGTON"/>
<dc element="dc.creator.location.country.name" value="USA"/>
<dc element="dc.source" value="Reuters"/>
</metadata>
</newsitem>
