<?xml version="1.0" encoding="iso-8859-1" ?>
<newsitem itemid="765306" id="root" date="1997-07-30" xml:lang="en">
<title>USA: Faroudja Inc files IPO.</title>
<headline>Faroudja Inc files IPO.</headline>
<dateline>WASHINGTON 1997-07-30</dateline>
<text>
<p>Faroudja Inc filed with the Securities and Exchange Commission on Wednesday for an initial public stock offering to raise $34.5 million.</p>
<p>The Sunnyvale, Calif.-based video equipment maker did not disclose how many shares it planned to offer.</p>
<p>It said net proceeds will be used for research and development and general corporate purposes, including working capital.</p>
<p>The company has applied for the stock symbol &quot;FDJA&quot; on the Nasdaq stock exchange.</p>
<p>The underwriters are Robertson, Stephens &amp; Co and Volpe Brown Whelan &amp; Co.</p>
</text>
<copyright>(c) Reuters Limited 1997</copyright>
<metadata>
<codes class="bip:countries:1.0">
  <code code="USA">
    <editdetail attribution="Reuters BIP Coding Group" action="confirmed" date="1997-07-30"/>
  </code>
</codes>
<codes class="bip:topics:1.0">
  <code code="C17">
    <editdetail attribution="Reuters BIP Coding Group" action="confirmed" date="1997-07-30"/>
  </code>
  <code code="C171">
    <editdetail attribution="Reuters BIP Coding Group" action="confirmed" date="1997-07-30"/>
  </code>
  <code code="CCAT">
    <editdetail attribution="Reuters BIP Coding Group" action="confirmed" date="1997-07-30"/>
  </code>
</codes>
<dc element="dc.date.created" value="1997-07-30"/>
<dc element="dc.publisher" value="Reuters Holdings Plc"/>
<dc element="dc.date.published" value="1997-07-30"/>
<dc element="dc.source" value="Reuters"/>
<dc element="dc.creator.location" value="WASHINGTON"/>
<dc element="dc.creator.location.country.name" value="USA"/>
<dc element="dc.source" value="Reuters"/>
</metadata>
</newsitem>
