<?xml version="1.0" encoding="iso-8859-1" ?>
<newsitem itemid="765353" id="root" date="1997-07-30" xml:lang="en">
<title>USA: McDonald sets 2-for-1 stock split, ups div.</title>
<headline>McDonald sets 2-for-1 stock split, ups div.</headline>
<dateline>CLEVELAND 1997-07-30</dateline>
<text>
<p>McDonald &amp; Investments Inc said Wednesday its board approved a two-for-one stock split, which will be distributed on September 15 to shareholders of record on August 25.</p>
<p>McDonald said it raised its quarterly dividend to $0.125 per share from $0.09375 per share and is payable August 22 to shareholders of record as of August 13.</p>
<p>After the record date, the post-split cash dividend will be $0.625 per share, the company said.</p>
</text>
<copyright>(c) Reuters Limited 1997</copyright>
<metadata>
<codes class="bip:countries:1.0">
  <code code="USA">
    <editdetail attribution="Reuters BIP Coding Group" action="confirmed" date="1997-07-30"/>
  </code>
</codes>
<codes class="bip:industries:1.0">
  <code code="I83100">
    <editdetail attribution="Reuters BIP Coding Group" action="confirmed" date="1997-07-30"/>
  </code>
</codes>
<codes class="bip:topics:1.0">
  <code code="C15">
    <editdetail attribution="Reuters BIP Coding Group" action="confirmed" date="1997-07-30"/>
  </code>
  <code code="C151">
    <editdetail attribution="Reuters BIP Coding Group" action="confirmed" date="1997-07-30"/>
  </code>
  <code code="C17">
    <editdetail attribution="Reuters BIP Coding Group" action="confirmed" date="1997-07-30"/>
  </code>
  <code code="C171">
    <editdetail attribution="Reuters BIP Coding Group" action="confirmed" date="1997-07-30"/>
  </code>
  <code code="CCAT">
    <editdetail attribution="Reuters BIP Coding Group" action="confirmed" date="1997-07-30"/>
  </code>
</codes>
<dc element="dc.date.created" value="1997-07-30"/>
<dc element="dc.publisher" value="Reuters Holdings Plc"/>
<dc element="dc.date.published" value="1997-07-30"/>
<dc element="dc.source" value="Reuters"/>
<dc element="dc.creator.location" value="CLEVELAND"/>
<dc element="dc.creator.location.country.name" value="USA"/>
<dc element="dc.source" value="Reuters"/>
</metadata>
</newsitem>
