<?xml version="1.0" encoding="iso-8859-1" ?>
<newsitem itemid="765367" id="root" date="1997-07-30" xml:lang="en">
<title>USA: TABLE - Shurgard Storage Centers Q2 results.</title>
<headline>TABLE - Shurgard Storage Centers Q2 results.</headline>
<dateline>SEATTLE, Wash. 1997-07-30</dateline>
<text>
<p>SHURGARD STORAGE CENTERS, INC.</p>
<p>	    QUARTERLY AND YEAR-TO-DATE OPERATING RESULTS</p>
<p>	  Consolidated Statements of Net Income (unaudited)</p>
<p>		 (Amounts in thousands, except per share data)</p>
<p>		   For the 3 months ended  For the 6 months ended</p>
<p>			Jun 30,     Jun 30,     Jun 30,     Jun 30,</p>
<p>			  1997	  1996	  1997	  1996</p>
<p> Rental revenue   $33,234     $24,982     $64,266     $48,513</p>
<p>Revenue from other</p>
<p>real estate investments</p>
<p>			  (139)	   461	   144	   895</p>
<p>Property management</p>
<p>  revenue		 604	   880	 1,023	 1,734</p>
<p> Total revenue     33,699	26,323	65,433	51,142</p>
<p> Operating expense  9,155	 7,266	18,131	14,192</p>
<p>Depreciation and</p>
<p>  amortization	6,670	 5,314	13,033	10,399</p>
<p> Real estate taxes  2,524	 2,109	 5,301	 4,190</p>
<p>General and</p>
<p>  administrative    1,023	 1,162	 2,086	 2,244</p>
<p> Total expenses    19,372	15,851	38,551	31,025</p>
<p>Income from operations</p>
<p>			 14,327	10,472	26,882	20,117</p>
<p>Interest and</p>
<p>  other income	  769	   150	 1,306	   245</p>
<p>Interest expense</p>
<p>			(4,237)     (2,821)     (8,131)     (5,248)</p>
<p>Total other income</p>
<p>  (expense)	 (3,468)     (2,671)     (6,825)     (5,003)</p>
<p> Net income	  10,859	 7,801	20,057	15,114</p>
<p>Net income per share</p>
<p>			   0.36	  0.34	  0.69	  0.65</p>
<p>FFO RECONCILIATION:</p>
<p> Net Income	  10,859	 7,801	20,057	15,114</p>
<p>Preferred dividend</p>
<p>			  (860)	    --	 (860)	    --</p>
<p>Depreciation/amortization</p>
<p>			  6,670	 5,314	13,033	10,399</p>
<p>Adjustment for</p>
<p>depreciation/amortization</p>
<p>from unconsolidated</p>
<p>joint ventures</p>
<p>  and subsidiaries     25	    47	  (59)	   125</p>
<p>Deferred financing costs</p>
<p>			  (265)	 (280)	 (545)	 (560)</p>
<p>Funds from Operations</p>
<p>  (FFO)		16,429	12,882	31,626	25,078</p>
<p>SELECTED ADDITIONAL INFORMATION:</p>
<p> FFO per share	 0.59	  0.56	  1.15	  1.08</p>
<p>Net Operating Income</p>
<p>  (NOI)(a)	   23,721	17,145	44,672	33,023</p>
<p> Cash Dividends	0.48	  0.47	  0.96	  0.94</p>
<p>Weighted Average</p>
<p>Shares outstanding</p>
<p>		   27,877,452  23,201,187  27,633,731  23,199,023</p>
<p>(a) NOI is defined as rental revenue less direct property operating expenses and real estate taxes.</p>
</text>
<copyright>(c) Reuters Limited 1997</copyright>
<metadata>
<codes class="bip:countries:1.0">
  <code code="USA">
    <editdetail attribution="Reuters BIP Coding Group" action="confirmed" date="1997-07-30"/>
  </code>
</codes>
<codes class="bip:industries:1.0">
  <code code="I81502">
    <editdetail attribution="Reuters BIP Coding Group" action="confirmed" date="1997-07-30"/>
  </code>
  <code code="I8150206">
    <editdetail attribution="Reuters BIP Coding Group" action="confirmed" date="1997-07-30"/>
  </code>
</codes>
<codes class="bip:topics:1.0">
  <code code="C15">
    <editdetail attribution="Reuters BIP Coding Group" action="confirmed" date="1997-07-30"/>
  </code>
  <code code="C151">
    <editdetail attribution="Reuters BIP Coding Group" action="confirmed" date="1997-07-30"/>
  </code>
  <code code="CCAT">
    <editdetail attribution="Reuters BIP Coding Group" action="confirmed" date="1997-07-30"/>
  </code>
</codes>
<dc element="dc.date.created" value="1997-07-30"/>
<dc element="dc.publisher" value="Reuters Holdings Plc"/>
<dc element="dc.date.published" value="1997-07-30"/>
<dc element="dc.source" value="Reuters"/>
<dc element="dc.creator.location" value="SEATTLE, Wash."/>
<dc element="dc.creator.location.country.name" value="USA"/>
<dc element="dc.source" value="Reuters"/>
</metadata>
</newsitem>
