<?xml version="1.0" encoding="iso-8859-1" ?>
<newsitem itemid="765393" id="root" date="1997-07-30" xml:lang="en">
<title>USA: Apple plans to name Jobs chairman-report.</title>
<headline>Apple plans to name Jobs chairman-report.</headline>
<dateline>NEW YORK 1997-07-30</dateline>
<text>
<p>Apple Computer Inc is planning to name company co-founder Steven Jobs as its next chairman, the San Francisco Chronicle reported on Wednesday.</p>
<p>According to the story, Apple intends to announce Jobs as successor to former chairman and chief executive Gilbert Amelio at the Macworld Expo trade show in Boston next week.</p>
<p>Amelio was forced out of both posts earlier this month by Apple's board. Apple has hired an executive search firm to locate a chief executive.</p>
<p>The Chronicle story, which quotes Apple and Silicon Valley &quot;insiders,&quot; said Jobs' assignment is not assured, and that the company may opt for another candidate as chairman.</p>
<p>The Chronicle said Apple declined comment.</p>
<p>((-- New York Newsdesk, 212-859-1610))</p>
</text>
<copyright>(c) Reuters Limited 1997</copyright>
<metadata>
<codes class="bip:countries:1.0">
  <code code="USA">
    <editdetail attribution="Reuters BIP Coding Group" action="confirmed" date="1997-07-30"/>
  </code>
</codes>
<codes class="bip:industries:1.0">
  <code code="I33020">
    <editdetail attribution="Reuters BIP Coding Group" action="confirmed" date="1997-07-30"/>
  </code>
  <code code="I3302003">
    <editdetail attribution="Reuters BIP Coding Group" action="confirmed" date="1997-07-30"/>
  </code>
</codes>
<codes class="bip:topics:1.0">
  <code code="C41">
    <editdetail attribution="Reuters BIP Coding Group" action="confirmed" date="1997-07-30"/>
  </code>
  <code code="C411">
    <editdetail attribution="Reuters BIP Coding Group" action="confirmed" date="1997-07-30"/>
  </code>
  <code code="C42">
    <editdetail attribution="Reuters BIP Coding Group" action="confirmed" date="1997-07-30"/>
  </code>
  <code code="CCAT">
    <editdetail attribution="Reuters BIP Coding Group" action="confirmed" date="1997-07-30"/>
  </code>
  <code code="E41">
    <editdetail attribution="Reuters BIP Coding Group" action="confirmed" date="1997-07-30"/>
  </code>
  <code code="ECAT">
    <editdetail attribution="Reuters BIP Coding Group" action="confirmed" date="1997-07-30"/>
  </code>
  <code code="GCAT">
    <editdetail attribution="Reuters BIP Coding Group" action="confirmed" date="1997-07-30"/>
  </code>
  <code code="GJOB">
    <editdetail attribution="Reuters BIP Coding Group" action="confirmed" date="1997-07-30"/>
  </code>
</codes>
<dc element="dc.date.created" value="1997-07-30"/>
<dc element="dc.publisher" value="Reuters Holdings Plc"/>
<dc element="dc.date.published" value="1997-07-30"/>
<dc element="dc.source" value="Reuters"/>
<dc element="dc.creator.location" value="NEW YORK"/>
<dc element="dc.creator.location.country.name" value="USA"/>
<dc element="dc.source" value="Reuters"/>
</metadata>
</newsitem>
