<?xml version="1.0" encoding="iso-8859-1" ?>
<newsitem itemid="765373" id="root" date="1997-07-30" xml:lang="en">
<title>USA: Roberds says July sales showing improvement.</title>
<headline>Roberds says July sales showing improvement.</headline>
<dateline>DAYTON, Ohio 1997-07-30</dateline>
<text>
<p>Roberds Inc said Wednesday its outlook for the second half of 1997 is positive, assuming the retailing environment picks up.</p>
<p>Kenneth Fletcher, chairman, president and chief executive officer of Roberds said in a statement, &quot;We are cautiously optomistic about the prospects for our business for the remainder of 1997.&quot;</p>
<p>He added, &quot;Assuming the retail environment improves, we expect better financial results as we move through 1997.&quot;</p>
<p>The retailer reported a wider loss in the second quarter compared to last year, however, Fletcher said the early indications show the company's same store sales for the month of July begining to show improvement.</p>
<p>For the quarter, Roberds said it lost $1.3 million or $0.22 a share compared to a loss of $719,000 or $0.12 a share in the second quarter of 1996.</p>
</text>
<copyright>(c) Reuters Limited 1997</copyright>
<metadata>
<codes class="bip:countries:1.0">
  <code code="USA">
    <editdetail attribution="Reuters BIP Coding Group" action="confirmed" date="1997-07-30"/>
  </code>
</codes>
<codes class="bip:industries:1.0">
  <code code="I64700">
    <editdetail attribution="Reuters BIP Coding Group" action="confirmed" date="1997-07-30"/>
  </code>
</codes>
<codes class="bip:topics:1.0">
  <code code="C15">
    <editdetail attribution="Reuters BIP Coding Group" action="confirmed" date="1997-07-30"/>
  </code>
  <code code="C152">
    <editdetail attribution="Reuters BIP Coding Group" action="confirmed" date="1997-07-30"/>
  </code>
  <code code="CCAT">
    <editdetail attribution="Reuters BIP Coding Group" action="confirmed" date="1997-07-30"/>
  </code>
</codes>
<dc element="dc.date.created" value="1997-07-30"/>
<dc element="dc.publisher" value="Reuters Holdings Plc"/>
<dc element="dc.date.published" value="1997-07-30"/>
<dc element="dc.source" value="Reuters"/>
<dc element="dc.creator.location" value="DAYTON, Ohio"/>
<dc element="dc.creator.location.country.name" value="USA"/>
<dc element="dc.source" value="Reuters"/>
</metadata>
</newsitem>
