<?xml version="1.0" encoding="iso-8859-1" ?>
<newsitem itemid="765319" id="root" date="1997-07-30" xml:lang="en">
<title>USA: TABLE - Fremont General Q2 results.</title>
<headline>TABLE - Fremont General Q2 results.</headline>
<dateline>SANTA MONICA, Calif. 1997-07-30</dateline>
<text>
<p>Fremont General Corporation Selected Financial Data</p>
<p>		(Thousands of dollars, except per share data)</p>
<p>				Three Months Ended  Six Months Ended</p>
<p>				  June 30,		 June 30,</p>
<p>			    1997	  1996	 1997	 1996</p>
<p>Income Statement Data:</p>
<p>Property and casualty</p>
<p>premiums earned</p>
<p>			 $120,802     $125,561  $236,030   $252,238</p>
<p>Net investment income</p>
<p>			   31,268	 31,292    61,045     65,069</p>
<p>Loan interest income</p>
<p>			   47,319	 39,018    91,496     77,054</p>
<p>Realized investment</p>
<p>    losses		(498)	  (863)   (1,029)    (1,524)</p>
<p>  Other revenue	 7,264	  4,700    13,348     10,504</p>
<p>    Total revenues  206,155	199,708   400,890    403,341</p>
<p>Property and</p>
<p>    casualty income  32,689	 30,442    65,098     55,405</p>
<p>Financial services</p>
<p>    income	     10,482	  8,873    20,961     16,388</p>
<p>Other interest and</p>
<p>	  corporate</p>
<p>	  expense     (7,029)	(6,002)  (14,095)   (11,249)</p>
<p>  Income before tax  36,142	 33,313    71,964     60,544</p>
<p>Income tax</p>
<p>	    (expense)(11,204)     (10,887)  (22,667)   (19,601)</p>
<p>  Net income	   24,938	 22,426    49,297     40,943</p>
<p>Per Share Data:</p>
<p>Net income</p>
<p>    Primary		0.83	   0.85	1.70	 1.57</p>
<p>    Fully diluted	0.75	   0.71	1.50	 1.30</p>
<p>Cash dividends declared</p>
<p>			     0.15	   0.15	0.30	 0.30</p>
<p>Stockholders' equity:</p>
<p>Including FASB 115</p>
<p>			    21.11	  17.94     21.11	17.94</p>
<p>Excluding FASB 115</p>
<p>			    20.69	  18.67     20.69	18.67</p>
<p>Weighted Average Shares Used to Calculate Per Share Data:</p>
<p> Primary		 29,990	 26,266    29,039     26,034</p>
<p> Fully diluted	 34,366	 33,495    34,123     33,242</p>
</text>
<copyright>(c) Reuters Limited 1997</copyright>
<metadata>
<codes class="bip:countries:1.0">
  <code code="USA">
    <editdetail attribution="Reuters BIP Coding Group" action="confirmed" date="1997-07-30"/>
  </code>
</codes>
<codes class="bip:industries:1.0">
  <code code="I83200">
    <editdetail attribution="Reuters BIP Coding Group" action="confirmed" date="1997-07-30"/>
  </code>
</codes>
<codes class="bip:topics:1.0">
  <code code="C15">
    <editdetail attribution="Reuters BIP Coding Group" action="confirmed" date="1997-07-30"/>
  </code>
  <code code="C151">
    <editdetail attribution="Reuters BIP Coding Group" action="confirmed" date="1997-07-30"/>
  </code>
  <code code="CCAT">
    <editdetail attribution="Reuters BIP Coding Group" action="confirmed" date="1997-07-30"/>
  </code>
</codes>
<dc element="dc.date.created" value="1997-07-30"/>
<dc element="dc.publisher" value="Reuters Holdings Plc"/>
<dc element="dc.date.published" value="1997-07-30"/>
<dc element="dc.source" value="Reuters"/>
<dc element="dc.creator.location" value="SANTA MONICA, Calif."/>
<dc element="dc.creator.location.country.name" value="USA"/>
<dc element="dc.source" value="Reuters"/>
</metadata>
</newsitem>
