<?xml version="1.0" encoding="iso-8859-1" ?>
<newsitem itemid="765365" id="root" date="1997-07-30" xml:lang="en">
<title>USA: TABLE - PennFed Financial Q4 net rises.</title>
<headline>TABLE - PennFed Financial Q4 net rises.</headline>
<dateline>WEST ORANGE, N.J. 1997-07-30</dateline>
<text>
<p>(dollars in thousands, except per share amounts)</p>
<p>	    For three months ended	     For the year ended</p>
<p>			   June 30,				June 30,</p>
<p>	    1997	 1996		  1997		  1996</p>
<p>					   With SAIF(A) Without SAIF(B)</p>
<p> Interest     $22,705   $18,638   $85,401    $85,401  $68,123</p>
<p>and</p>
<p>dividend</p>
<p>income</p>
<p> Interest	14,575    10,876    53,073     53,073   39,121</p>
<p>expense</p>
<p>  Net interest  8,130     7,762    32,328     32,328   29,002</p>
<p>and dividend</p>
<p>income</p>
<p> Provision for    154	 200	 635	  635	610</p>
<p>loan losses</p>
<p> Net interest   7,976     7,562    31,693     31,693   28,392</p>
<p>and dividend</p>
<p>income after</p>
<p>provision for</p>
<p>loan losses</p>
<p>  Total non-	500	 547     1,783	1,783    2,202</p>
<p>interest income</p>
<p> Non-interest   4,366     4,357    22,385     17,572   17,642</p>
<p>expenses</p>
<p> Income before  4,110     3,752    11,091     15,904   12,952</p>
<p>income taxes</p>
<p> Income tax     1,479     1,495     4,205	5,965    5,111</p>
<p>expense</p>
<p> Net income     2,631     2,257     6,886	9,939    7,841</p>
<p>Earnings per</p>
<p>share(f)</p>
<p>  Primary	  0.55	0.47	1.46	 2.11     1.55</p>
<p>  Fully-diluted  0.55	0.47	1.44	 2.09     1.55</p>
<p>NOTE: The company said net income for Q4 1997 was reduced $0.01 per share due to the write-off of loan originations software.</p>
<p>(A)  Includes one-time Savings Association Insurance Fund (SAIF) assessment for recapitalization of the SAIF ($4,813,000 pretax or $3,053,000 net of taxes).</p>
<p>(B)  Does not include above mentioned one-time SAIF assessment.</p>
</text>
<copyright>(c) Reuters Limited 1997</copyright>
<metadata>
<codes class="bip:countries:1.0">
  <code code="USA">
    <editdetail attribution="Reuters BIP Coding Group" action="confirmed" date="1997-07-30"/>
  </code>
</codes>
<codes class="bip:industries:1.0">
  <code code="I83100">
    <editdetail attribution="Reuters BIP Coding Group" action="confirmed" date="1997-07-30"/>
  </code>
</codes>
<codes class="bip:topics:1.0">
  <code code="C15">
    <editdetail attribution="Reuters BIP Coding Group" action="confirmed" date="1997-07-30"/>
  </code>
  <code code="C151">
    <editdetail attribution="Reuters BIP Coding Group" action="confirmed" date="1997-07-30"/>
  </code>
  <code code="CCAT">
    <editdetail attribution="Reuters BIP Coding Group" action="confirmed" date="1997-07-30"/>
  </code>
</codes>
<dc element="dc.date.created" value="1997-07-30"/>
<dc element="dc.publisher" value="Reuters Holdings Plc"/>
<dc element="dc.date.published" value="1997-07-30"/>
<dc element="dc.source" value="Reuters"/>
<dc element="dc.creator.location" value="WEST ORANGE, N.J."/>
<dc element="dc.creator.location.country.name" value="USA"/>
<dc element="dc.source" value="Reuters"/>
</metadata>
</newsitem>
