<?xml version="1.0" encoding="iso-8859-1" ?>
<newsitem itemid="765381" id="root" date="1997-07-30" xml:lang="en">
<title>USA: Cross-Continent Auto sees margins declining.</title>
<headline>Cross-Continent Auto sees margins declining.</headline>
<dateline>AMARILLO, Texas 1997-07-30</dateline>
<text>
<p>Cross-Continent Auto Retailers Inc said Wednesday it expected its margins to decline amid fewer sales in the near future.</p>
<p>&quot;Market conditions so far this quarter have weakened in the areas where we have operations,&quot; the automobile retail dealer said in a statement.</p>
<p>&quot;Currently, we see no trends developing to reverse the softening of vehicle sales,&quot; it said. &quot;As a result, we also expect margins per vehicle to decline in the near term.&quot; Cross-Continent, which owns and operates a group of franchised automobile retail dealerships in Texas, Oklahoma, Nevada and Colorado, said it was nevertheless optimistic for the long term.</p>
<p>It reported second-quarter net income of $1,866,000 on revenues of $135.4 million, versus a loss of $570,000 on revenues of $70.0 million.</p>
</text>
<copyright>(c) Reuters Limited 1997</copyright>
<metadata>
<codes class="bip:countries:1.0">
  <code code="USA">
    <editdetail attribution="Reuters BIP Coding Group" action="confirmed" date="1997-07-30"/>
  </code>
</codes>
<codes class="bip:industries:1.0">
  <code code="I65100">
    <editdetail attribution="Reuters BIP Coding Group" action="confirmed" date="1997-07-30"/>
  </code>
</codes>
<codes class="bip:topics:1.0">
  <code code="C15">
    <editdetail attribution="Reuters BIP Coding Group" action="confirmed" date="1997-07-30"/>
  </code>
  <code code="C152">
    <editdetail attribution="Reuters BIP Coding Group" action="confirmed" date="1997-07-30"/>
  </code>
  <code code="CCAT">
    <editdetail attribution="Reuters BIP Coding Group" action="confirmed" date="1997-07-30"/>
  </code>
</codes>
<dc element="dc.date.created" value="1997-07-30"/>
<dc element="dc.publisher" value="Reuters Holdings Plc"/>
<dc element="dc.date.published" value="1997-07-30"/>
<dc element="dc.source" value="Reuters"/>
<dc element="dc.creator.location" value="AMARILLO, Texas"/>
<dc element="dc.creator.location.country.name" value="USA"/>
<dc element="dc.source" value="Reuters"/>
</metadata>
</newsitem>
