<?xml version="1.0" encoding="iso-8859-1" ?>
<newsitem itemid="765304" id="root" date="1997-07-30" xml:lang="en">
<title>USA: TABLE - Chase Manhattan issues debt.</title>
<headline>TABLE - Chase Manhattan issues debt.</headline>
<dateline>NEW YORK, Date</dateline>
<text>
<p>The following debt issue from Chase Manhattan Bank was priced on Wednesday via underwriter Chase Securities Inc, dealers said.</p>
<p>BORROWER CHASE MANHATTAN BANK</p>
<p>AMT $250 MLN	 COUPON 5.875	MATURITY 8/4/99</p>
<p>TYPE BANK NOTES    ISS PRICE 99.768  FIRST PAY DATE NA</p>
<p>LAST MOODY'S AA2   YIELD  6.00	 PAY FREQ  NA</p>
<p>LAST S&amp;P  A-PLUS   SPREAD +25 BPS    CALLABLE  NO</p>
<p>((U.S. Corporate Bond Unit, 212-859-1675))</p>
</text>
<copyright>(c) Reuters Limited 1997</copyright>
<metadata>
<codes class="bip:countries:1.0">
  <code code="USA">
    <editdetail attribution="Reuters BIP Coding Group" action="confirmed" date="1997-07-30"/>
  </code>
</codes>
<codes class="bip:industries:1.0">
  <code code="I81402">
    <editdetail attribution="Reuters BIP Coding Group" action="confirmed" date="1997-07-30"/>
  </code>
</codes>
<codes class="bip:topics:1.0">
  <code code="C17">
    <editdetail attribution="Reuters BIP Coding Group" action="confirmed" date="1997-07-30"/>
  </code>
  <code code="C172">
    <editdetail attribution="Reuters BIP Coding Group" action="confirmed" date="1997-07-30"/>
  </code>
  <code code="CCAT">
    <editdetail attribution="Reuters BIP Coding Group" action="confirmed" date="1997-07-30"/>
  </code>
</codes>
<dc element="dc.publisher" value="Reuters Holdings Plc"/>
<dc element="dc.date.published" value="1997-07-30"/>
<dc element="dc.source" value="Reuters"/>
<dc element="dc.creator.location" value="NEW YORK, Date"/>
<dc element="dc.creator.location.country.name" value="USA"/>
<dc element="dc.source" value="Reuters"/>
</metadata>
</newsitem>
