<?xml version="1.0" encoding="iso-8859-1" ?>
<newsitem itemid="765359" id="root" date="1997-07-30" xml:lang="en">
<title>USA: Superior in $325 mln deal with Sprint unit.</title>
<headline>Superior in $325 mln deal with Sprint unit.</headline>
<dateline>NEW YORK 1997-07-30</dateline>
<text>
<p>Superior TeleCom Inc said Wednesday that it has signed an estimated $325 million five year agreement for the sale of copper telephone cable to Sprint North Supply, a unit of Sprint Corp.</p>
<p>The agreement, said the company, provides that Superior will supply Sprint North Supply's requirements for telephone cable over the next five years.</p>
<p>The contract, said the companies, formalizes long-standing ties between them.</p>
<p>Superior TeleCom makes telecommunications cable and wire products for regional Bell operating companies, independent telephone companies, distributors and systems integrators.</p>
<p>Sprint North Supply distributes cable and other telecommunications products.</p>
</text>
<copyright>(c) Reuters Limited 1997</copyright>
<metadata>
<codes class="bip:countries:1.0">
  <code code="USA">
    <editdetail attribution="Reuters BIP Coding Group" action="confirmed" date="1997-07-30"/>
  </code>
</codes>
<codes class="bip:industries:1.0">
  <code code="I79020">
    <editdetail attribution="Reuters BIP Coding Group" action="confirmed" date="1997-07-30"/>
  </code>
</codes>
<codes class="bip:topics:1.0">
  <code code="C33">
    <editdetail attribution="Reuters BIP Coding Group" action="confirmed" date="1997-07-30"/>
  </code>
  <code code="CCAT">
    <editdetail attribution="Reuters BIP Coding Group" action="confirmed" date="1997-07-30"/>
  </code>
</codes>
<dc element="dc.date.created" value="1997-07-30"/>
<dc element="dc.publisher" value="Reuters Holdings Plc"/>
<dc element="dc.date.published" value="1997-07-30"/>
<dc element="dc.source" value="Reuters"/>
<dc element="dc.creator.location" value="NEW YORK"/>
<dc element="dc.creator.location.country.name" value="USA"/>
<dc element="dc.source" value="Reuters"/>
</metadata>
</newsitem>
