<?xml version="1.0" encoding="iso-8859-1" ?>
<newsitem itemid="765380" id="root" date="1997-07-30" xml:lang="en">
<title>USA: NYCE cotton called to open mostly unchanged.</title>
<headline>NYCE cotton called to open mostly unchanged.</headline>
<dateline>NEW YORK 1997-07-30</dateline>
<text>
<p>NYCE cotton futures were called to open mostly unchanged Wednesday based on market orders at 1017 EDT, traders said.</p>
<p>Tuesday, December cotton closed 0.39 cent higher at 75.41 cents a lb after trading from 75.45 to 74.75 cents. The rest ended up 0.25 to 0.47.</p>
<p>The October contract closed at a 0.02 cent premium to December compared with a 0.05 cent premium in December the previous day.</p>
<p>An estimated 5,100 lots changed hands on the day.</p>
<p>Analysts expect trade to remain thin ahead of the U.S. Department of Agriculture's monthly supply and demand estimates, released August 12.</p>
<p>The weather across much of the cotton belt, meantime, is mostly favorable for crop development. Bolls are beginning to open in the south of Texas while steady growth has been noted in California and Arizona, Weather Services Corp said.</p>
<p>In the Delta, the crop is developing closer to average after heavy rains set the cotton off to a slow start earlier in the season.</p>
<p>((Suzanne Rostler, New York Commodity Desk, 212-859-1640))</p>
</text>
<copyright>(c) Reuters Limited 1997</copyright>
<metadata>
<codes class="bip:countries:1.0">
  <code code="USA">
    <editdetail attribution="Reuters BIP Coding Group" action="confirmed" date="1997-07-30"/>
  </code>
</codes>
<codes class="bip:topics:1.0">
  <code code="M14">
    <editdetail attribution="Reuters BIP Coding Group" action="confirmed" date="1997-07-30"/>
  </code>
  <code code="M141">
    <editdetail attribution="Reuters BIP Coding Group" action="confirmed" date="1997-07-30"/>
  </code>
  <code code="MCAT">
    <editdetail attribution="Reuters BIP Coding Group" action="confirmed" date="1997-07-30"/>
  </code>
</codes>
<dc element="dc.date.created" value="1997-07-30"/>
<dc element="dc.publisher" value="Reuters Holdings Plc"/>
<dc element="dc.date.published" value="1997-07-30"/>
<dc element="dc.source" value="Reuters"/>
<dc element="dc.creator.location" value="NEW YORK"/>
<dc element="dc.creator.location.country.name" value="USA"/>
<dc element="dc.source" value="Reuters"/>
</metadata>
</newsitem>
