<?xml version="1.0" encoding="iso-8859-1" ?>
<newsitem itemid="765361" id="root" date="1997-07-30" xml:lang="en">
<title>USA: Cayman Water holder gets okay to up stake.</title>
<headline>Cayman Water holder gets okay to up stake.</headline>
<dateline>WASHINGTON 1997-07-30</dateline>
<text>
<p>Argyle Partners Ltd said on Wednesday it received approval from the Cayman Islands government to acquire up to a 50 percent stake in Cayman Water Co.</p>
<p>In a filing with the U.S. Securities and Exchange Commission, the Texas limited partnership said it got the okay on July 22. It currently holds a 9.65 percent stake, or 283,570 common shares, in the water company.  </p>
<p>In the SEC filing, Argyle said that if it elects to proceed with its efforts to acquire up to a 50 percent stake in Cayman Water, it will seek to remove the current chairman and chief executive officer and replace him with a suitable person from the Cayman Islands as chairman and an Argyle partner as chief executive.</p>
<p>Argyle also said it would seek to remove all the current directors except four and hire new accountants, legal counsel and bankers.</p>
<p>It also said it would apply to list the company's common shares on the Cayman Stock Exchange.</p>
</text>
<copyright>(c) Reuters Limited 1997</copyright>
<metadata>
<codes class="bip:countries:1.0">
  <code code="CAYI">
    <editdetail attribution="Reuters BIP Coding Group" action="confirmed" date="1997-07-30"/>
  </code>
  <code code="USA">
    <editdetail attribution="Reuters BIP Coding Group" action="confirmed" date="1997-07-30"/>
  </code>
</codes>
<codes class="bip:topics:1.0">
  <code code="C18">
    <editdetail attribution="Reuters BIP Coding Group" action="confirmed" date="1997-07-30"/>
  </code>
  <code code="C181">
    <editdetail attribution="Reuters BIP Coding Group" action="confirmed" date="1997-07-30"/>
  </code>
  <code code="CCAT">
    <editdetail attribution="Reuters BIP Coding Group" action="confirmed" date="1997-07-30"/>
  </code>
</codes>
<dc element="dc.date.created" value="1997-07-30"/>
<dc element="dc.publisher" value="Reuters Holdings Plc"/>
<dc element="dc.date.published" value="1997-07-30"/>
<dc element="dc.source" value="Reuters"/>
<dc element="dc.creator.location" value="WASHINGTON"/>
<dc element="dc.creator.location.country.name" value="USA"/>
<dc element="dc.source" value="Reuters"/>
</metadata>
</newsitem>
