<?xml version="1.0" encoding="iso-8859-1" ?>
<newsitem itemid="765326" id="root" date="1997-07-30" xml:lang="en">
<title>USA: TABLE - Silverleaf Resorts Q2 net increases.</title>
<headline>TABLE - Silverleaf Resorts Q2 net increases.</headline>
<dateline>DALLAS 1997-07-30</dateline>
<text>
<p>For the three months ended June 30</p>
<p>				 1997	1997     1996	  1996</p>
<p>			     Actual  Pro forma   Actual   Pro forma</p>
<p> Total revenues	  $19,482  $19,386   $13,140     $13,047</p>
<p>Net income from</p>
<p>continuing operations</p>
<p>				 3,304    4,219     1,481	 1,988</p>
<p>Net loss from</p>
<p>   discontinued operations   -	  -	(13)	     -</p>
<p> Net income		  3,304    4,219     1,468	 1,988</p>
<p>Income (loss) per share from:</p>
<p>   Continuing operations  0.38     0.37	0.19	  0.20</p>
<p>   Discontinued operations   -	  -	   -	     -</p>
<p> Net income per share     0.38     0.37	0.19	  0.20</p>
<p>Weighted average</p>
<p>number of shares</p>
<p>		     8,678,550  11,311,517  7,711,517  10,157,398</p>
<p>				  For the six months ended June 30,</p>
<p>				1997	1997	 1996	 1996</p>
<p>			   Actual   Pro forma     Actual  Pro forma</p>
<p> Total revenues	$34,827    $34,623    $25,180    $24,959</p>
<p>Net income from</p>
<p>continuing operations</p>
<p>			     5,958	7,727	3,425	4,382</p>
<p>Net loss from</p>
<p>discontinued operations</p>
<p>				   -	    -	(107)	    -</p>
<p> Net income		5,958	7,727	3,318	4,382</p>
<p>Income (loss) per share from:</p>
<p>Continuing operations</p>
<p>				0.73	 0.69	 0.44	 0.44</p>
<p>Discontinued operations</p>
<p>				   -	    -     (0.01)	    -</p>
<p> Net income per share   0.73	 0.69	 0.43	 0.44</p>
<p>Weighted average</p>
<p>number of shares</p>
<p>			 8,197,705 11,271,680  7,711,517 10,015,910</p>
<p>NOTE:  Silverleaf Resorts Inc said it reported proforma results because of its initial public offering in June.</p>
</text>
<copyright>(c) Reuters Limited 1997</copyright>
<metadata>
<codes class="bip:countries:1.0">
  <code code="USA">
    <editdetail attribution="Reuters BIP Coding Group" action="confirmed" date="1997-07-30"/>
  </code>
</codes>
<codes class="bip:industries:1.0">
  <code code="I85000">
    <editdetail attribution="Reuters BIP Coding Group" action="confirmed" date="1997-07-30"/>
  </code>
</codes>
<codes class="bip:topics:1.0">
  <code code="C15">
    <editdetail attribution="Reuters BIP Coding Group" action="confirmed" date="1997-07-30"/>
  </code>
  <code code="C151">
    <editdetail attribution="Reuters BIP Coding Group" action="confirmed" date="1997-07-30"/>
  </code>
  <code code="CCAT">
    <editdetail attribution="Reuters BIP Coding Group" action="confirmed" date="1997-07-30"/>
  </code>
</codes>
<dc element="dc.date.created" value="1997-07-30"/>
<dc element="dc.publisher" value="Reuters Holdings Plc"/>
<dc element="dc.date.published" value="1997-07-30"/>
<dc element="dc.source" value="Reuters"/>
<dc element="dc.creator.location" value="DALLAS"/>
<dc element="dc.creator.location.country.name" value="USA"/>
<dc element="dc.source" value="Reuters"/>
</metadata>
</newsitem>
