<?xml version="1.0" encoding="iso-8859-1" ?>
<newsitem itemid="765327" id="root" date="1997-07-30" xml:lang="en">
<title>USA: TABLE - Salient 3 Q2 loss $1.01.</title>
<headline>TABLE - Salient 3 Q2 loss $1.01.</headline>
<dateline>READING, Pa. 1997-07-30</dateline>
<text>
<p>Financial Summary Table</p>
<p>			  Three Months Ended    Six Months Ended</p>
<p>			7/4/97     6/28/96	7/4/97	6/28/96</p>
<p> Revenues    $24,560,000 $20,472,000  $49,377,000 $40,640,000</p>
<p>Net Income (Loss) From Continuing Operations and Before Non-</p>
<p>Recurring Charges</p>
<p>		 (1,965,000)    (49,000)  (2,579,000)	 1,000</p>
<p>Net Income (Loss) from continuing Operations</p>
<p>		 (8,115,000)    (49,000)  (8,729,000)	91,000</p>
<p>Income (Loss)/Share from Continuing Operations</p>
<p>and Before Non-Recurring</p>
<p>  Charges	   (0.31)	(0.01)	 (0.41)	  0.01</p>
<p>Net Income (Loss)/Share from Continuing</p>
<p>  Operations	(1.28)	(0.01)	 (1.38)	  0.01</p>
<p>Total Net Income (Loss)</p>
<p>		 (6,385,000)   1,194,000  (6,130,000)   2,240,000</p>
<p>Total Net Income</p>
<p>  (Loss)/Share    (1.01)	  0.19	 (0.97)	  0.36</p>
<p>Average Shares</p>
<p>  Outstanding  6,307,880   6,289,030    6,312,166   6,287,406</p>
</text>
<copyright>(c) Reuters Limited 1997</copyright>
<metadata>
<codes class="bip:countries:1.0">
  <code code="USA">
    <editdetail attribution="Reuters BIP Coding Group" action="confirmed" date="1997-07-30"/>
  </code>
</codes>
<codes class="bip:industries:1.0">
  <code code="I32000">
    <editdetail attribution="Reuters BIP Coding Group" action="confirmed" date="1997-07-30"/>
  </code>
</codes>
<codes class="bip:topics:1.0">
  <code code="C15">
    <editdetail attribution="Reuters BIP Coding Group" action="confirmed" date="1997-07-30"/>
  </code>
  <code code="C151">
    <editdetail attribution="Reuters BIP Coding Group" action="confirmed" date="1997-07-30"/>
  </code>
  <code code="CCAT">
    <editdetail attribution="Reuters BIP Coding Group" action="confirmed" date="1997-07-30"/>
  </code>
</codes>
<dc element="dc.date.created" value="1997-07-30"/>
<dc element="dc.publisher" value="Reuters Holdings Plc"/>
<dc element="dc.date.published" value="1997-07-30"/>
<dc element="dc.source" value="Reuters"/>
<dc element="dc.creator.location" value="READING, Pa."/>
<dc element="dc.creator.location.country.name" value="USA"/>
<dc element="dc.source" value="Reuters"/>
</metadata>
</newsitem>
