<?xml version="1.0" encoding="iso-8859-1" ?>
<newsitem itemid="765307" id="root" date="1997-07-30" xml:lang="en">
<title>USA: TABLE - Commercial Credit Co issues $250 mln notes.</title>
<headline>TABLE - Commercial Credit Co issues $250 mln notes.</headline>
<dateline>NEW YORK 1997-07-30</dateline>
<text>
<p>The following debt issue from Commercial Credit Co was priced on Wednesday via Smith Barney, dealers said.</p>
<p>BORROWER: COMMERCIAL CREDIT CO</p>
<p>AMT $250 MLN	 COUPON 6.50 PCT   MATURITY 8/1/2004</p>
<p>TYPE NOTES	   ISS PRICE 99.945  FIRST PAY DATE 2/1/1998</p>
<p>LAST MOODY'S A1    YIELD  6.51 PCT   PAY FREQ  SEMI-ANNUAL</p>
<p>LAST S&amp;P  A-PLUS   SPREAD +44 BPS    CALLABLE  NO</p>
<p>((--U.S. Corporate Bond Unit, 212-859-1675))</p>
</text>
<copyright>(c) Reuters Limited 1997</copyright>
<metadata>
<codes class="bip:countries:1.0">
  <code code="USA">
    <editdetail attribution="Reuters BIP Coding Group" action="confirmed" date="1997-07-30"/>
  </code>
</codes>
<codes class="bip:industries:1.0">
  <code code="I83100">
    <editdetail attribution="Reuters BIP Coding Group" action="confirmed" date="1997-07-30"/>
  </code>
</codes>
<codes class="bip:topics:1.0">
  <code code="C17">
    <editdetail attribution="Reuters BIP Coding Group" action="confirmed" date="1997-07-30"/>
  </code>
  <code code="C172">
    <editdetail attribution="Reuters BIP Coding Group" action="confirmed" date="1997-07-30"/>
  </code>
  <code code="CCAT">
    <editdetail attribution="Reuters BIP Coding Group" action="confirmed" date="1997-07-30"/>
  </code>
</codes>
<dc element="dc.date.created" value="1997-07-30"/>
<dc element="dc.publisher" value="Reuters Holdings Plc"/>
<dc element="dc.date.published" value="1997-07-30"/>
<dc element="dc.source" value="Reuters"/>
<dc element="dc.creator.location" value="NEW YORK"/>
<dc element="dc.creator.location.country.name" value="USA"/>
<dc element="dc.source" value="Reuters"/>
</metadata>
</newsitem>
