<?xml version="1.0" encoding="iso-8859-1" ?>
<newsitem itemid="765305" id="root" date="1997-07-30" xml:lang="en">
<title>USA: ADR REPORT - Copel launch well received.</title>
<headline>ADR REPORT - Copel launch well received.</headline>
<dateline>NEW YORK 1997-07-30</dateline>
<text>
<p>Brazilian state-owned electric company Companhia Paranaense de Energia (Copel) saw its American Depositary Shares (ADS) become the third most active stock on the New York Stock Exchange during its first day of trading Wednesday, dealers said.</p>
<p>&quot;It's a hot deal,&quot; said one trader, adding that the offer was oversubscribed. &quot;It's a high-growth area. There's a lot of untapped market down there, tied with a fairly solid company.&quot;</p>
<p>At midday Copel shares were trading at 19, a full point above their opening price.  </p>
<p>Copel launched its Level Three ADS as part of a combined local and foreign offering of Preferred B shares to raise money for its 1997 and 1998 investment programs.</p>
<p>Dresdner Kleinwort Benson and Lehman Brothers were the joint global coordinators and bookrunners of the launch.</p>
<p>One dealer said the launch of an ADR or ADS was usually very active during the first few days of trading. (There is no technical difference between an ADS and an ADR.)  </p>
<p>&quot;It's normal,&quot; he said, adding that trading in Copel would likely settle down once the euphoria had subsided.</p>
<p>Brazil's telephone holding company Telebras SA was up 1-3/8 at 152-5/8 following a market rise in Brazil on news of Gustavo Franco's nomination as the new central bank chief.</p>
<p>&quot;The market likes him,&quot; said a dealer. Franco is the former international affairs director of the central bank.</p>
<p>Among European ADRs, Royal Dutch Petroleum Co was up 8/16 at 55-9/16 a day after news about its plans to enter Japan's competitive gasoline retail market.  </p>
<p>Akzo Nobel NV was one point lower at 72-1/2 amid apparent investor worry that its earnings -- to be released Thursday -- might not be as good as expected. Concern arose after Dutch chemical group DSM NV reported earnings at the lower end of expectations.</p>
<p>Creative Technology Ltd was down 1-5/16 at 20-1/4, Saville System Plc was up 6-1/4 at 63, while Telefonos de Mexico was up 1-1/2 at 54-1/8.</p>
<p>Advancers led decliners 295 to 198 among 814 ADRs. The ADR group was up 0.73 percent on volume of 47.9 million ADRs.</p>
</text>
<copyright>(c) Reuters Limited 1997</copyright>
<metadata>
<codes class="bip:countries:1.0">
  <code code="USA">
    <editdetail attribution="Reuters BIP Coding Group" action="confirmed" date="1997-07-30"/>
  </code>
</codes>
<codes class="bip:topics:1.0">
  <code code="M12">
    <editdetail attribution="Reuters BIP Coding Group" action="confirmed" date="1997-07-30"/>
  </code>
  <code code="MCAT">
    <editdetail attribution="Reuters BIP Coding Group" action="confirmed" date="1997-07-30"/>
  </code>
</codes>
<dc element="dc.date.created" value="1997-07-30"/>
<dc element="dc.publisher" value="Reuters Holdings Plc"/>
<dc element="dc.date.published" value="1997-07-30"/>
<dc element="dc.source" value="Reuters"/>
<dc element="dc.creator.location" value="NEW YORK"/>
<dc element="dc.creator.location.country.name" value="USA"/>
<dc element="dc.source" value="Reuters"/>
</metadata>
</newsitem>
