<?xml version="1.0" encoding="iso-8859-1" ?>
<newsitem itemid="765370" id="root" date="1997-07-30" xml:lang="en">
<title>USA: Exxon Texas cat cracker unit still down.</title>
<headline>Exxon Texas cat cracker unit still down.</headline>
<dateline>NEW YORK 1997-07-30</dateline>
<text>
<p>Exxon Corp's 110,000-barrel-per-day (bpd) fluid catalytic cracking unit that was downed by lightning Monday night remained out of service Wednesday morning but should be operational soon, the company said.</p>
<p>Exxon did not elaborate, except to say it would announce when it does restore the cat cracker to productivity.</p>
<p>Cat crackers are run on so-called intermediate feedstocks that are lighter than crude oil and churn out lighter refined products, particularly gasoline.</p>
<p>The huge refinery can process a total of 411,000 bpd of crude oil.</p>
<p>-- New York Oil  Desk +1 212 859 1633</p>
</text>
<copyright>(c) Reuters Limited 1997</copyright>
<metadata>
<codes class="bip:countries:1.0">
  <code code="USA">
    <editdetail attribution="Reuters BIP Coding Group" action="confirmed" date="1997-07-30"/>
  </code>
</codes>
<codes class="bip:industries:1.0">
  <code code="I13000">
    <editdetail attribution="Reuters BIP Coding Group" action="confirmed" date="1997-07-30"/>
  </code>
  <code code="I1300003">
    <editdetail attribution="Reuters BIP Coding Group" action="confirmed" date="1997-07-30"/>
  </code>
</codes>
<codes class="bip:topics:1.0">
  <code code="C24">
    <editdetail attribution="Reuters BIP Coding Group" action="confirmed" date="1997-07-30"/>
  </code>
  <code code="CCAT">
    <editdetail attribution="Reuters BIP Coding Group" action="confirmed" date="1997-07-30"/>
  </code>
</codes>
<dc element="dc.date.created" value="1997-07-30"/>
<dc element="dc.publisher" value="Reuters Holdings Plc"/>
<dc element="dc.date.published" value="1997-07-30"/>
<dc element="dc.source" value="Reuters"/>
<dc element="dc.creator.location" value="NEW YORK"/>
<dc element="dc.creator.location.country.name" value="USA"/>
<dc element="dc.source" value="Reuters"/>
</metadata>
</newsitem>
