<?xml version="1.0" encoding="iso-8859-1" ?>
<newsitem itemid="765379" id="root" date="1997-07-30" xml:lang="en">
<title>USA: U.S. stocks gain after data, NYSE sets curbs.</title>
<headline>U.S. stocks gain after data, NYSE sets curbs.</headline>
<dateline>NEW YORK 1997-07-30</dateline>
<text>
<p>U.S. stocks drove higher in morning trading on Wednesday, tracking the bond market up after the release of data showing a 6.1 percent rise in new home sales for June, which was seen as stable for the economy.</p>
<p>The Dow Jones Industrial average gained 54 points, or 0.67 percent, to 8230. Its speedy climb prompted the New York Stock Exchange to set curbs on index-arbitrage trading at 1010 EDT/1410 GMT.</p>
<p>The Nasdaq composite rose eight points to 1580.</p>
<p>The long bond was robust, up 22/32 to a 6.34 percent yield after the data.  </p>
<p>&quot;The data was as expected or slightly weaker,&quot; Pierre Ellis, senior economist at Primark Decision Economics, said. &quot;The run rate is sort of on the soft side without being catastrophically weak...The bond market just wants to go up.&quot;</p>
<p>The U.S. Commerce Department reported sales of new single-family homes, seasonally adjusted, rose 6.1 percent to a 819,000 unit annual rate.  May new home sales were revised down to a one percent increase from a 7.1 percent gain.</p>
<p>&quot;There was a huge revision to last month,&quot; Ellis said.</p>
<p>This week, markets will also face the July employment report, due on Friday.</p>
<p>((Wall Street desk 212-859-1730))</p>
</text>
<copyright>(c) Reuters Limited 1997</copyright>
<metadata>
<codes class="bip:countries:1.0">
  <code code="USA">
    <editdetail attribution="Reuters BIP Coding Group" action="confirmed" date="1997-07-30"/>
  </code>
</codes>
<codes class="bip:topics:1.0">
  <code code="M11">
    <editdetail attribution="Reuters BIP Coding Group" action="confirmed" date="1997-07-30"/>
  </code>
  <code code="MCAT">
    <editdetail attribution="Reuters BIP Coding Group" action="confirmed" date="1997-07-30"/>
  </code>
</codes>
<dc element="dc.date.created" value="1997-07-30"/>
<dc element="dc.publisher" value="Reuters Holdings Plc"/>
<dc element="dc.date.published" value="1997-07-30"/>
<dc element="dc.source" value="Reuters"/>
<dc element="dc.creator.location" value="NEW YORK"/>
<dc element="dc.creator.location.country.name" value="USA"/>
<dc element="dc.source" value="Reuters"/>
</metadata>
</newsitem>
