<?xml version="1.0" encoding="iso-8859-1" ?>
<newsitem itemid="765395" id="root" date="1997-07-30" xml:lang="en">
<title>USA: TABLE - Rentrak Corp Q1 results.</title>
<headline>TABLE - Rentrak Corp Q1 results.</headline>
<dateline>PORTLAND, Ore. 1997-07-30</dateline>
<text>
<p>RENTRAK CORPORATION</p>
<p>				STATEMENT OF INCOME</p>
<p>				   (unaudited)</p>
<p>			  Three Months Ended June 30,</p>
<p>						 1997		 1996</p>
<p>Revenues:</p>
<p>  PPT				   $ 29,011,516     $ 22,648,696</p>
<p>  Other				    1,603,035	  1,114,414</p>
<p>					    30,614,551	 23,763,110</p>
<p>Operating Costs &amp; Expenses:</p>
<p>  Cost of Sales			 25,038,640	 19,454,334</p>
<p>  Selling &amp; Administrative	   3,419,737	  3,622,828</p>
<p>					    28,458,377	 23,077,162</p>
<p> Income From Operations		2,156,174	    685,948</p>
<p>Other Income (Expense):</p>
<p>  Interest Income			  122,851	    173,621</p>
<p>  Interest Expense		     (  5,000)	  (119,915)</p>
<p>  Other					  --0--	    208,875</p>
<p>						 117,851	    262,581</p>
<p> Income Before Taxes		   2,274,025	    948,529</p>
<p> Income Tax Provision		  (962,891)	  (372,233)</p>
<p> Net Income				1,311,134	    576,296</p>
<p> Fully Diluted Earnings Per Share	 0.10		 0.05</p>
<p> Shares Used in Calculation	 15,757,068	 12,243,069</p>
</text>
<copyright>(c) Reuters Limited 1997</copyright>
<metadata>
<codes class="bip:countries:1.0">
  <code code="USA">
    <editdetail attribution="Reuters BIP Coding Group" action="confirmed" date="1997-07-30"/>
  </code>
</codes>
<codes class="bip:topics:1.0">
  <code code="C15">
    <editdetail attribution="Reuters BIP Coding Group" action="confirmed" date="1997-07-30"/>
  </code>
  <code code="C151">
    <editdetail attribution="Reuters BIP Coding Group" action="confirmed" date="1997-07-30"/>
  </code>
  <code code="CCAT">
    <editdetail attribution="Reuters BIP Coding Group" action="confirmed" date="1997-07-30"/>
  </code>
</codes>
<dc element="dc.date.created" value="1997-07-30"/>
<dc element="dc.publisher" value="Reuters Holdings Plc"/>
<dc element="dc.date.published" value="1997-07-30"/>
<dc element="dc.source" value="Reuters"/>
<dc element="dc.creator.location" value="PORTLAND, Ore."/>
<dc element="dc.creator.location.country.name" value="USA"/>
<dc element="dc.source" value="Reuters"/>
</metadata>
</newsitem>
