<?xml version="1.0" encoding="iso-8859-1" ?>
<newsitem itemid="765301" id="root" date="1997-07-30" xml:lang="en">
<title>USA: RESEARCH ALERT - DataStream raised.</title>
<headline>RESEARCH ALERT - DataStream raised.</headline>
<dateline>LOS ANGELES 1997-07-30</dateline>
<text>
<p>Hambrecht &amp; Quist said it raised its rating on shares of DataStream Systems Inc to strong buy following the company's report of &quot;excellent&quot; Q2 results.</p>
<p>-- said high gross margins and low operating costs led to earnings of $0.28 a share, beating analysts' consensus estimate of $0.26 a share and Hambrecht's $0.27 a share.</p>
<p>-- said in Q2 client/server sales were up almost 100 percent sequentially, and the company is winning about 85 percent of the deals for which it competes.</p>
<p>-- said DataStream is fast becoming the dominant vendor in the computer-aided maintenance management software business.</p>
</text>
<copyright>(c) Reuters Limited 1997</copyright>
<metadata>
<codes class="bip:countries:1.0">
  <code code="USA">
    <editdetail attribution="Reuters BIP Coding Group" action="confirmed" date="1997-07-30"/>
  </code>
</codes>
<codes class="bip:industries:1.0">
  <code code="I33020">
    <editdetail attribution="Reuters BIP Coding Group" action="confirmed" date="1997-07-30"/>
  </code>
  <code code="I3302021">
    <editdetail attribution="Reuters BIP Coding Group" action="confirmed" date="1997-07-30"/>
  </code>
</codes>
<codes class="bip:topics:1.0">
  <code code="C15">
    <editdetail attribution="Reuters BIP Coding Group" action="confirmed" date="1997-07-30"/>
  </code>
  <code code="C152">
    <editdetail attribution="Reuters BIP Coding Group" action="confirmed" date="1997-07-30"/>
  </code>
  <code code="CCAT">
    <editdetail attribution="Reuters BIP Coding Group" action="confirmed" date="1997-07-30"/>
  </code>
</codes>
<dc element="dc.date.created" value="1997-07-30"/>
<dc element="dc.publisher" value="Reuters Holdings Plc"/>
<dc element="dc.date.published" value="1997-07-30"/>
<dc element="dc.source" value="Reuters"/>
<dc element="dc.creator.location" value="LOS ANGELES"/>
<dc element="dc.creator.location.country.name" value="USA"/>
<dc element="dc.source" value="Reuters"/>
</metadata>
</newsitem>
