<?xml version="1.0" encoding="iso-8859-1" ?>
<newsitem itemid="765360" id="root" date="1997-07-30" xml:lang="en">
<title>USA: Duramed sees product approvals in 2nd half.</title>
<headline>Duramed sees product approvals in 2nd half.</headline>
<dateline>CINCINNATI 1997-07-30</dateline>
<text>
<p>Generic drug maker Duramed Pharaceuticals Inc said Wednesday it expects to receive U.S. Food and Drug Administration approvals during the second half on several product petitions it has pending.</p>
<p>&quot;Duramed is working to return to profitability and expects several product approvals in the second half of this year,&quot; company chairman and chief executive officer Thomas Arington said in a press release.</p>
<p>&quot;The previously announced private placement provided Duramed with additional capital to maintain its steady pace of new product development,&quot; Arington said.</p>
<p>In May Duramed reported a widened first quarter loss of $6.8 million, or $0.46 per share, on revenues of $10.74 million versus a 1996 first quarter loss of $2.2 million, or $0.28 per share, on revenues of $10.70 million.</p>
</text>
<copyright>(c) Reuters Limited 1997</copyright>
<metadata>
<codes class="bip:countries:1.0">
  <code code="USA">
    <editdetail attribution="Reuters BIP Coding Group" action="confirmed" date="1997-07-30"/>
  </code>
</codes>
<codes class="bip:industries:1.0">
  <code code="I25700">
    <editdetail attribution="Reuters BIP Coding Group" action="confirmed" date="1997-07-30"/>
  </code>
</codes>
<codes class="bip:topics:1.0">
  <code code="C13">
    <editdetail attribution="Reuters BIP Coding Group" action="confirmed" date="1997-07-30"/>
  </code>
  <code code="C22">
    <editdetail attribution="Reuters BIP Coding Group" action="confirmed" date="1997-07-30"/>
  </code>
  <code code="CCAT">
    <editdetail attribution="Reuters BIP Coding Group" action="confirmed" date="1997-07-30"/>
  </code>
</codes>
<dc element="dc.date.created" value="1997-07-30"/>
<dc element="dc.publisher" value="Reuters Holdings Plc"/>
<dc element="dc.date.published" value="1997-07-30"/>
<dc element="dc.source" value="Reuters"/>
<dc element="dc.creator.location" value="CINCINNATI"/>
<dc element="dc.creator.location.country.name" value="USA"/>
<dc element="dc.source" value="Reuters"/>
</metadata>
</newsitem>
