<?xml version="1.0" encoding="iso-8859-1" ?>
<newsitem itemid="765375" id="root" date="1997-07-30" xml:lang="en">
<title>USA: TABLE-Genesis Energy Q2 shr $0.15.</title>
<headline>TABLE-Genesis Energy Q2 shr $0.15.</headline>
<dateline>HOUSTON 1997-07-30</dateline>
<text>
<p>(In thousands except per unit amounts)</p>
<p>					     Three Mos	  Six Mos</p>
<p>						 Ended	     Ended</p>
<p>					    Jun 30, 1997   Jun 30, 1997</p>
<p> Revenues				 $    890,686   $  1,837,168</p>
<p> Cost of Sales				 885,747	1,825,195</p>
<p> Gross Margin				    4,939	   11,973</p>
<p> General &amp; Administrative Expenses	 2,180	    4,313</p>
<p> Depreciation and Amortization Expense   1,567	    3,132</p>
<p> Operating Income				1,192	    4,528</p>
<p> Interest and Other, Net			 410		504</p>
<p> Income Before Minority Interests	  1,602	    5,032</p>
<p> Minority Interests				320	    1,006</p>
<p> Net Income					1,282	    4,026</p>
<p> Net Income per Common Unit		   0.15	     0.46</p>
<p>Full company name is Genesis Energy LP.  Genesis formed in December 1996.</p>
<p>--((New York Newsdesk 212 859-1610))</p>
</text>
<copyright>(c) Reuters Limited 1997</copyright>
<metadata>
<codes class="bip:countries:1.0">
  <code code="USA">
    <editdetail attribution="Reuters BIP Coding Group" action="confirmed" date="1997-07-30"/>
  </code>
</codes>
<codes class="bip:industries:1.0">
  <code code="I13000">
    <editdetail attribution="Reuters BIP Coding Group" action="confirmed" date="1997-07-30"/>
  </code>
  <code code="I1300003">
    <editdetail attribution="Reuters BIP Coding Group" action="confirmed" date="1997-07-30"/>
  </code>
</codes>
<codes class="bip:topics:1.0">
  <code code="C15">
    <editdetail attribution="Reuters BIP Coding Group" action="confirmed" date="1997-07-30"/>
  </code>
  <code code="C151">
    <editdetail attribution="Reuters BIP Coding Group" action="confirmed" date="1997-07-30"/>
  </code>
  <code code="CCAT">
    <editdetail attribution="Reuters BIP Coding Group" action="confirmed" date="1997-07-30"/>
  </code>
</codes>
<dc element="dc.date.created" value="1997-07-30"/>
<dc element="dc.publisher" value="Reuters Holdings Plc"/>
<dc element="dc.date.published" value="1997-07-30"/>
<dc element="dc.source" value="Reuters"/>
<dc element="dc.creator.location" value="HOUSTON"/>
<dc element="dc.creator.location.country.name" value="USA"/>
<dc element="dc.source" value="Reuters"/>
</metadata>
</newsitem>
