<?xml version="1.0" encoding="iso-8859-1" ?>
<newsitem itemid="765390" id="root" date="1997-07-30" xml:lang="en">
<title>USA: Sequus gets approval of DOXIL in Australia.</title>
<headline>Sequus gets approval of DOXIL in Australia.</headline>
<dateline>MENLO PARK, Calif. 1997-07-30</dateline>
<text>
<p>Sequus Pharmaceuticals Inc said Wednesday the regulatory authorities in Australia and New Zealand have granted marketing clearance for its proprietary anticancer drug, DOXIL.</p>
<p>Sequus said in a press release that the drug will be marketed in these countries by Schering-Plough Corp, its marketing partner, under the trade name CAELYX.</p>
<p>CAELYX is marketed in the United States under the trade name DOXIL for the treatment of Kaposi's sarcoma in people with AIDS whose disease has progressed on prior combination chemotherapy or those who are intolerant to such therapy.  </p>
<p>Schering-Plough is currently launching CAELYX in the European Union countries, where it is available in the United Kingdom, Germany, Sweden, Austria, Denmark, Finland and the Netherlands.</p>
<p>Aron Stein, Sequus' Vice President for Regulatory Affairs, said, &quot;Our regulatory people have been working very successfully with the Schering-Plough regulatory personnel to rapidly obtain marketing approval throughout the Schering territory.&quot;</p>
<p>Sequus is engaged in the development of proprietary liposome and lipid based products to treat life threatening illnesses.</p>
</text>
<copyright>(c) Reuters Limited 1997</copyright>
<metadata>
<codes class="bip:countries:1.0">
  <code code="AUSTR">
    <editdetail attribution="Reuters BIP Coding Group" action="confirmed" date="1997-07-30"/>
  </code>
  <code code="NZ">
    <editdetail attribution="Reuters BIP Coding Group" action="confirmed" date="1997-07-30"/>
  </code>
  <code code="USA">
    <editdetail attribution="Reuters BIP Coding Group" action="confirmed" date="1997-07-30"/>
  </code>
</codes>
<codes class="bip:industries:1.0">
  <code code="I25700">
    <editdetail attribution="Reuters BIP Coding Group" action="confirmed" date="1997-07-30"/>
  </code>
</codes>
<codes class="bip:topics:1.0">
  <code code="C13">
    <editdetail attribution="Reuters BIP Coding Group" action="confirmed" date="1997-07-30"/>
  </code>
  <code code="C22">
    <editdetail attribution="Reuters BIP Coding Group" action="confirmed" date="1997-07-30"/>
  </code>
  <code code="CCAT">
    <editdetail attribution="Reuters BIP Coding Group" action="confirmed" date="1997-07-30"/>
  </code>
</codes>
<dc element="dc.date.created" value="1997-07-30"/>
<dc element="dc.publisher" value="Reuters Holdings Plc"/>
<dc element="dc.date.published" value="1997-07-30"/>
<dc element="dc.source" value="Reuters"/>
<dc element="dc.creator.location" value="MENLO PARK, Calif."/>
<dc element="dc.creator.location.country.name" value="USA"/>
<dc element="dc.source" value="Reuters"/>
</metadata>
</newsitem>
