<?xml version="1.0" encoding="iso-8859-1" ?>
<newsitem itemid="765336" id="root" date="1997-07-30" xml:lang="en">
<title>USA: TABLE - Impact Systems Inc Q1 results.</title>
<headline>TABLE - Impact Systems Inc Q1 results.</headline>
<dateline>LOS GATOS, Calif. 1997-07-30</dateline>
<text>
<p>(In Thousands Except Per Share)</p>
<p>				    Three Months Ended</p>
<p>					  June 30</p>
<p>				   1997		 1996</p>
<p> Net Sales		    $4,347	    $5,215</p>
<p> Gross Margin		  2,243	     2,404</p>
<p> Operating Expenses	  2,139	     2,105</p>
<p> Net Income			180		 403</p>
<p> Per Share			 .02		 .04</p>
<p> Average Common Shares    10,558	    11,092</p>
<p>Kenneth P. Ostrow, president and CEO, stated: &quot;As indicated in last quarter's release, we have been adding additional resources to the organization.  Therefore, spending is up on a year to year basis as opposed to a slight decrease one might expect on lower revenues.  This has negatively affected profits somewhat on a comparison basis.</p>
<p>&quot;Based on the opportunities that we see in the marketplace, we are continuing to recruit and hire additional resources in our sales and technical areas, which will continue to have a slight effect on short term earnings. &quot;If we can continue to hire additional key resources and our other machine start-ups scheduled for this summer are as successful as the Consolidated start-up, we will be in an excellent position for renewed growth when the market turns up, which is anticipated to be by the end of this calendar year.&quot;</p>
</text>
<copyright>(c) Reuters Limited 1997</copyright>
<metadata>
<codes class="bip:countries:1.0">
  <code code="USA">
    <editdetail attribution="Reuters BIP Coding Group" action="confirmed" date="1997-07-30"/>
  </code>
</codes>
<codes class="bip:industries:1.0">
  <code code="I34420">
    <editdetail attribution="Reuters BIP Coding Group" action="confirmed" date="1997-07-30"/>
  </code>
</codes>
<codes class="bip:topics:1.0">
  <code code="C15">
    <editdetail attribution="Reuters BIP Coding Group" action="confirmed" date="1997-07-30"/>
  </code>
  <code code="C151">
    <editdetail attribution="Reuters BIP Coding Group" action="confirmed" date="1997-07-30"/>
  </code>
  <code code="CCAT">
    <editdetail attribution="Reuters BIP Coding Group" action="confirmed" date="1997-07-30"/>
  </code>
</codes>
<dc element="dc.date.created" value="1997-07-30"/>
<dc element="dc.publisher" value="Reuters Holdings Plc"/>
<dc element="dc.date.published" value="1997-07-30"/>
<dc element="dc.source" value="Reuters"/>
<dc element="dc.creator.location" value="LOS GATOS, Calif."/>
<dc element="dc.creator.location.country.name" value="USA"/>
<dc element="dc.source" value="Reuters"/>
</metadata>
</newsitem>
