<?xml version="1.0" encoding="iso-8859-1" ?>
<newsitem itemid="765346" id="root" date="1997-07-30" xml:lang="en">
<title>USA: Amoco to build Miss. gas plant with Shell.</title>
<headline>Amoco to build Miss. gas plant with Shell.</headline>
<dateline>HOUSTON 1997-07-30</dateline>
<text>
<p>Amoco Corp said Wednesday it plans to build a cryogenic natural gas processing plant near Pascagoula, Miss., with Royal Dutch/Shell Group.</p>
<p>The cost of the proposed project was not disclosed.</p>
<p>Amoco said it will own 60 percent, and Shell 40 percent, of the plant, which will have processing capacity of one billion cubic feet of gas per day.</p>
<p>The plant will be connected to the Destin Pipeline, an offshore pipeline to be jointly owned by Amoco, Shell and Sonat Inc, the energy giant said.  </p>
<p>&quot;This is a major milestone for the industry,&quot; said Wayne Heth, vice president of Chicago-based Amoco's natural gas liquids business unit.</p>
<p>&quot;This signals a major new transportation and processing system to accommodate the significant new natural gas resources discovered in the eastern portion of the deepwater Gulf of Mexico,&quot; he said.</p>
<p>Bechtel Corp will design and build the plant, with construction expected to begin in the fourth quarter, Amoco said.</p>
<p>((--Chicago Newsdesk 312-408-8787))</p>
</text>
<copyright>(c) Reuters Limited 1997</copyright>
<metadata>
<codes class="bip:countries:1.0">
  <code code="USA">
    <editdetail attribution="Reuters BIP Coding Group" action="confirmed" date="1997-07-30"/>
  </code>
</codes>
<codes class="bip:industries:1.0">
  <code code="I13000">
    <editdetail attribution="Reuters BIP Coding Group" action="confirmed" date="1997-07-30"/>
  </code>
  <code code="I1300003">
    <editdetail attribution="Reuters BIP Coding Group" action="confirmed" date="1997-07-30"/>
  </code>
  <code code="I14000">
    <editdetail attribution="Reuters BIP Coding Group" action="confirmed" date="1997-07-30"/>
  </code>
  <code code="I16200">
    <editdetail attribution="Reuters BIP Coding Group" action="confirmed" date="1997-07-30"/>
  </code>
</codes>
<codes class="bip:topics:1.0">
  <code code="C24">
    <editdetail attribution="Reuters BIP Coding Group" action="confirmed" date="1997-07-30"/>
  </code>
  <code code="CCAT">
    <editdetail attribution="Reuters BIP Coding Group" action="confirmed" date="1997-07-30"/>
  </code>
</codes>
<dc element="dc.date.created" value="1997-07-30"/>
<dc element="dc.publisher" value="Reuters Holdings Plc"/>
<dc element="dc.date.published" value="1997-07-30"/>
<dc element="dc.source" value="Reuters"/>
<dc element="dc.creator.location" value="HOUSTON"/>
<dc element="dc.creator.location.country.name" value="USA"/>
<dc element="dc.source" value="Reuters"/>
</metadata>
</newsitem>
