<?xml version="1.0" encoding="iso-8859-1" ?>
<newsitem itemid="765328" id="root" date="1997-07-30" xml:lang="en">
<title>USA: TABLE - Western Resources Inc Q2 net off.</title>
<headline>TABLE - Western Resources Inc Q2 net off.</headline>
<dateline>TOPEKA, Kan. 1997-07-30</dateline>
<text>
<p>1997			1996</p>
<p> Shr			  $0.36		    $0.40</p>
<p> Net			 24,335		   28,746</p>
<p> Revs		     454,003		  436,121</p>
<p> Avg shrs		  65,045		   63,466</p>
<p>(All Data Above 000s Except Per Share Numbers)</p>
<p>NOTE: Q2 1997 earnings applicable to common stock $23.1 million vs $25.4 million.</p>
<p>Six-month results were not given.</p>
<p>Q2 1997 net lower due to decreased sales as result of cooler weather patterns across its regulated electric and natural gas service territories. Revenues also lower due to reductions in regulated rates for electricity and extended outage at La Cygne Generating Station.</p>
<p>Q2 1997 also included pretax gain of about $11.5 million from sale of Hanover Compressor Co stock. Western sold about 2.1 million of its 5.2 million shares for $19.50 a share, generating net proceeds of $37.7 million.</p>
<p>((Reuters Chicago Newsdesk (312) 408-8787))</p>
</text>
<copyright>(c) Reuters Limited 1997</copyright>
<metadata>
<codes class="bip:countries:1.0">
  <code code="USA">
    <editdetail attribution="Reuters BIP Coding Group" action="confirmed" date="1997-07-30"/>
  </code>
</codes>
<codes class="bip:industries:1.0">
  <code code="I16100">
    <editdetail attribution="Reuters BIP Coding Group" action="confirmed" date="1997-07-30"/>
  </code>
</codes>
<codes class="bip:topics:1.0">
  <code code="C15">
    <editdetail attribution="Reuters BIP Coding Group" action="confirmed" date="1997-07-30"/>
  </code>
  <code code="C151">
    <editdetail attribution="Reuters BIP Coding Group" action="confirmed" date="1997-07-30"/>
  </code>
  <code code="CCAT">
    <editdetail attribution="Reuters BIP Coding Group" action="confirmed" date="1997-07-30"/>
  </code>
</codes>
<dc element="dc.date.created" value="1997-07-30"/>
<dc element="dc.publisher" value="Reuters Holdings Plc"/>
<dc element="dc.date.published" value="1997-07-30"/>
<dc element="dc.source" value="Reuters"/>
<dc element="dc.creator.location" value="TOPEKA, Kan."/>
<dc element="dc.creator.location.country.name" value="USA"/>
<dc element="dc.source" value="Reuters"/>
</metadata>
</newsitem>
