<?xml version="1.0" encoding="iso-8859-1" ?>
<newsitem itemid="765300" id="root" date="1997-07-30" xml:lang="en">
<title>USA: TABLE - Stokely USA Inc Q1 June 30 loss.</title>
<headline>TABLE - Stokely USA Inc Q1 June 30 loss.</headline>
<dateline>OCONOMOWOC, Wis. 1997-07-30</dateline>
<text>
<p>1997			1996</p>
<p> Shr	 loss	   $0.24     loss	 $0.38</p>
<p> Net	 loss	   2,756     loss	 4,264</p>
<p> Revs			36,325		   42,342</p>
<p> Avg shrs		  11,378		   11,332</p>
<p>(All Data Above 000s Except Per Share Numbers)</p>
<p>NOTE: Year-ago Q1 includes non-recurring charge of $433,000 related to write-off of deferred debt issuance costs from replacement of revolving credit facility.</p>
<p>((--Chicago Newsdesk (312) 408-8787))</p>
</text>
<copyright>(c) Reuters Limited 1997</copyright>
<metadata>
<codes class="bip:countries:1.0">
  <code code="USA">
    <editdetail attribution="Reuters BIP Coding Group" action="confirmed" date="1997-07-30"/>
  </code>
</codes>
<codes class="bip:industries:1.0">
  <code code="I41000">
    <editdetail attribution="Reuters BIP Coding Group" action="confirmed" date="1997-07-30"/>
  </code>
</codes>
<codes class="bip:topics:1.0">
  <code code="C15">
    <editdetail attribution="Reuters BIP Coding Group" action="confirmed" date="1997-07-30"/>
  </code>
  <code code="C151">
    <editdetail attribution="Reuters BIP Coding Group" action="confirmed" date="1997-07-30"/>
  </code>
  <code code="CCAT">
    <editdetail attribution="Reuters BIP Coding Group" action="confirmed" date="1997-07-30"/>
  </code>
</codes>
<dc element="dc.date.created" value="1997-07-30"/>
<dc element="dc.publisher" value="Reuters Holdings Plc"/>
<dc element="dc.date.published" value="1997-07-30"/>
<dc element="dc.source" value="Reuters"/>
<dc element="dc.creator.location" value="OCONOMOWOC, Wis."/>
<dc element="dc.creator.location.country.name" value="USA"/>
<dc element="dc.source" value="Reuters"/>
</metadata>
</newsitem>
