<?xml version="1.0" encoding="iso-8859-1" ?>
<newsitem itemid="765343" id="root" date="1997-07-30" xml:lang="en">
<title>USA: Frontier Insurance buys stake in American Country.</title>
<headline>Frontier Insurance buys stake in American Country.</headline>
<dateline>ROCK HILL, N.Y. 1997-07-30</dateline>
<text>
<p>Frontier Insurance Group Inc said Wednesday it had acquired a 25 percent stake in American Country Holdings Inc, formerly known as Western Systems Corp.</p>
<p>Terms were not disclosed.</p>
<p>American Country Insurance Co, headquartered in Chicago, has been writing insurance coverage for taxis and limousines for over 20 years and is rated A- by AM Best, Frontier said.</p>
<p>Frontier is an insurance holding company. Through its insurance subsidiaries, it is a national underwriter and creator of specialty insurance products.</p>
<p>Western Systems's trading symbols, WTSM and WTSMW, are being changed to ACHI and ACHIW, Frontier said.</p>
</text>
<copyright>(c) Reuters Limited 1997</copyright>
<metadata>
<codes class="bip:countries:1.0">
  <code code="USA">
    <editdetail attribution="Reuters BIP Coding Group" action="confirmed" date="1997-07-30"/>
  </code>
</codes>
<codes class="bip:industries:1.0">
  <code code="I81501">
    <editdetail attribution="Reuters BIP Coding Group" action="confirmed" date="1997-07-30"/>
  </code>
  <code code="I82002">
    <editdetail attribution="Reuters BIP Coding Group" action="confirmed" date="1997-07-30"/>
  </code>
</codes>
<codes class="bip:topics:1.0">
  <code code="C18">
    <editdetail attribution="Reuters BIP Coding Group" action="confirmed" date="1997-07-30"/>
  </code>
  <code code="C181">
    <editdetail attribution="Reuters BIP Coding Group" action="confirmed" date="1997-07-30"/>
  </code>
  <code code="CCAT">
    <editdetail attribution="Reuters BIP Coding Group" action="confirmed" date="1997-07-30"/>
  </code>
</codes>
<dc element="dc.date.created" value="1997-07-30"/>
<dc element="dc.publisher" value="Reuters Holdings Plc"/>
<dc element="dc.date.published" value="1997-07-30"/>
<dc element="dc.source" value="Reuters"/>
<dc element="dc.creator.location" value="ROCK HILL, N.Y."/>
<dc element="dc.creator.location.country.name" value="USA"/>
<dc element="dc.source" value="Reuters"/>
</metadata>
</newsitem>
