<?xml version="1.0" encoding="iso-8859-1" ?>
<newsitem itemid="765377" id="root" date="1997-07-30" xml:lang="en">
<title>USA: TABLE - FPA Medical Q2 results.</title>
<headline>TABLE - FPA Medical Q2 results.</headline>
<dateline>SAN DIEGO, Calif. 1997-07-30</dateline>
<text>
<p>1997	  Q2	  1996</p>
<p> Shr     profit	   $0.24   loss	   $0.16</p>
<p> Net     profit	   8,080   loss	   4,644</p>
<p> Revs		     244,557		  127,189</p>
<p> Avg shrs		  34,259		   28,317</p>
<p>					 6  MONTHS</p>
<p> Shr     profit	   $0.32   loss	   $0.13</p>
<p> Net     profit	  11,005   loss	   3,609</p>
<p> Revs		     475,568		  237,201</p>
<p> Avg shrs		  34,510		   27,660</p>
<p>(All data above 000s except per share numbers)</p>
<p>NOTE: Q2 1997 excludes $5.4 million one-time charge for costs associated with the merger of HealthCap Inc.</p>
<p>Shr figures reflect a one-for-one stock dividend effective Apri 3, 1995</p>
</text>
<copyright>(c) Reuters Limited 1997</copyright>
<metadata>
<codes class="bip:countries:1.0">
  <code code="USA">
    <editdetail attribution="Reuters BIP Coding Group" action="confirmed" date="1997-07-30"/>
  </code>
</codes>
<codes class="bip:industries:1.0">
  <code code="I95100">
    <editdetail attribution="Reuters BIP Coding Group" action="confirmed" date="1997-07-30"/>
  </code>
</codes>
<codes class="bip:topics:1.0">
  <code code="C15">
    <editdetail attribution="Reuters BIP Coding Group" action="confirmed" date="1997-07-30"/>
  </code>
  <code code="C151">
    <editdetail attribution="Reuters BIP Coding Group" action="confirmed" date="1997-07-30"/>
  </code>
  <code code="CCAT">
    <editdetail attribution="Reuters BIP Coding Group" action="confirmed" date="1997-07-30"/>
  </code>
</codes>
<dc element="dc.date.created" value="1997-07-30"/>
<dc element="dc.publisher" value="Reuters Holdings Plc"/>
<dc element="dc.date.published" value="1997-07-30"/>
<dc element="dc.source" value="Reuters"/>
<dc element="dc.creator.location" value="SAN DIEGO, Calif."/>
<dc element="dc.creator.location.country.name" value="USA"/>
<dc element="dc.source" value="Reuters"/>
</metadata>
</newsitem>
