<?xml version="1.0" encoding="iso-8859-1" ?>
<newsitem itemid="765396" id="root" date="1997-07-30" xml:lang="en">
<title>USA: TABLE- Cross-Continent Auto Q2 net shr $0.13.</title>
<headline>TABLE- Cross-Continent Auto Q2 net shr $0.13.</headline>
<dateline>AMARILLO, Texas 1997-07-30</dateline>
<text>
<p>CROSS-CONTINENT AUTO RETAILERS, INC.</p>
<p>		     ($ 000 except per share and unit data)</p>
<p>				   Unaudited</p>
<p>				 Three months ended  Six months ended</p>
<p>					     June 30,	 June 30,</p>
<p>					 1997    1996     1997     1996</p>
<p> New vehicle revenue	   63,412  31,493    98,290  66,142</p>
<p>Used vehicle retail revenue</p>
<p>				     44,770  20,884    78,445  42,065</p>
<p> Used vehicle W/S revenue    11,230   9,514    20,231  17,694</p>
<p> Other operating revenue     15,976   8,121    27,444  15,340</p>
<p>     Total revenue	   135,388  70,012   224,410  141,241</p>
<p> Cost of sales		 111,857  60,025   185,696  119,921</p>
<p> Gross Profit		    23,531   9,987    38,714  21,320</p>
<p> SGA				 17,742   8,158    28,643  15,695</p>
<p> Depreciation &amp; amortization    617     279	 998     549</p>
<p>Loss on sale of dealerships,</p>
<p>   net				  347	 0	 347	 0</p>
<p> Employee stock compensation	0   1,099	   0   1,099</p>
<p>   Operating Income	     4,825     451     8,726   3,977</p>
<p> Interest expense (net)	 1,639     749     2,114   1,724</p>
<p> Income before income taxes   3,186   (298)     6,612   2,253</p>
<p> Income taxes		     1,320     272     2,600   1,224</p>
<p> Net Income			 1,866  ( 570)     4,012   1,029</p>
<p>Weighted average shares</p>
<p>   outstanding		   14,049     (1)    13,925     (1)</p>
<p> EPS				   0.13     (1)	0.29     (1)</p>
<p>Unit Sales</p>
<p>   New				2,903   1,479     4,502   3,130</p>
<p>   Used - Retail		  3,779   1,558     6,576   3,241</p>
<p>   Wholesale			2,523   1,776     4,364   3,490</p>
<p>Average Selling Price:</p>
<p>   New			     21,844  21,293    21,833  21,132</p>
<p>   Used - Retail		 11,847  13,404    11,929  12,979</p>
<p>   Wholesale			4,451   5,357     4,636   5,070</p>
<p>NOTE: (1) Historical EPS in not presented for periods to September 1996, as the historical capital structure prior to the reorganization and Initial Public Offering is not comparable to the capital structure after such transactions.</p>
</text>
<copyright>(c) Reuters Limited 1997</copyright>
<metadata>
<codes class="bip:countries:1.0">
  <code code="USA">
    <editdetail attribution="Reuters BIP Coding Group" action="confirmed" date="1997-07-30"/>
  </code>
</codes>
<codes class="bip:industries:1.0">
  <code code="I65100">
    <editdetail attribution="Reuters BIP Coding Group" action="confirmed" date="1997-07-30"/>
  </code>
</codes>
<codes class="bip:topics:1.0">
  <code code="C15">
    <editdetail attribution="Reuters BIP Coding Group" action="confirmed" date="1997-07-30"/>
  </code>
  <code code="C151">
    <editdetail attribution="Reuters BIP Coding Group" action="confirmed" date="1997-07-30"/>
  </code>
  <code code="CCAT">
    <editdetail attribution="Reuters BIP Coding Group" action="confirmed" date="1997-07-30"/>
  </code>
</codes>
<dc element="dc.date.created" value="1997-07-30"/>
<dc element="dc.publisher" value="Reuters Holdings Plc"/>
<dc element="dc.date.published" value="1997-07-30"/>
<dc element="dc.source" value="Reuters"/>
<dc element="dc.creator.location" value="AMARILLO, Texas"/>
<dc element="dc.creator.location.country.name" value="USA"/>
<dc element="dc.source" value="Reuters"/>
</metadata>
</newsitem>
