<?xml version="1.0" encoding="iso-8859-1" ?>
<newsitem itemid="765316" id="root" date="1997-07-30" xml:lang="en">
<title>USA: TABLE - Outboard Marine Corp Q3 June 30 loss.</title>
<headline>TABLE - Outboard Marine Corp Q3 June 30 loss.</headline>
<dateline>WAUKEGAN, Ill. 1997-07-30</dateline>
<text>
<p>(in millions except amounts per share)</p>
<p>				    3 Months Ended     9 Months Ended</p>
<p>					  June 30		  June 30</p>
<p>					  1997     1996    1997    1996</p>
<p> Net sales			  $275.8   $291.0  $709.9  $808.6</p>
<p> Gross earnings		     54.8     59.6   114.0   160.3</p>
<p> Restructuring charges		--     11.9	--    11.9</p>
<p>Earnings (loss) from</p>
<p>     operations		    (5.0)    (3.8)  (37.7)   (3.3)</p>
<p> Earnings (loss) before taxes  (4.7)    (5.4)  (24.5)  (13.9)</p>
<p> Provision (credit) for taxes    0.4    (1.8)     2.2     1.0</p>
<p> Net earnings (loss)	     (5.1)    (3.6)  (26.7)  (14.9)</p>
<p>Net earnings (loss) per share:</p>
<p>     Primary			(0.25)   (0.18)  (1.32)  (0.74)</p>
<p>     Fully diluted		(0.25)   (0.18)  (1.32)  (0.74)</p>
<p> Average Shares outstanding    20.2     20.1    20.2    20.1</p>
<p>((Reuters Chicago Newsdesk (312) 408-8787))</p>
</text>
<copyright>(c) Reuters Limited 1997</copyright>
<metadata>
<codes class="bip:countries:1.0">
  <code code="USA">
    <editdetail attribution="Reuters BIP Coding Group" action="confirmed" date="1997-07-30"/>
  </code>
</codes>
<codes class="bip:industries:1.0">
  <code code="I36102">
    <editdetail attribution="Reuters BIP Coding Group" action="confirmed" date="1997-07-30"/>
  </code>
</codes>
<codes class="bip:topics:1.0">
  <code code="C15">
    <editdetail attribution="Reuters BIP Coding Group" action="confirmed" date="1997-07-30"/>
  </code>
  <code code="C151">
    <editdetail attribution="Reuters BIP Coding Group" action="confirmed" date="1997-07-30"/>
  </code>
  <code code="CCAT">
    <editdetail attribution="Reuters BIP Coding Group" action="confirmed" date="1997-07-30"/>
  </code>
</codes>
<dc element="dc.date.created" value="1997-07-30"/>
<dc element="dc.publisher" value="Reuters Holdings Plc"/>
<dc element="dc.date.published" value="1997-07-30"/>
<dc element="dc.source" value="Reuters"/>
<dc element="dc.creator.location" value="WAUKEGAN, Ill."/>
<dc element="dc.creator.location.country.name" value="USA"/>
<dc element="dc.source" value="Reuters"/>
</metadata>
</newsitem>
