<?xml version="1.0" encoding="iso-8859-1" ?>
<newsitem itemid="765333" id="root" date="1997-07-30" xml:lang="en">
<title>USA: Salant hires new CFO as president/COO leaves.</title>
<headline>Salant hires new CFO as president/COO leaves.</headline>
<dateline>NEW YORK 1997-07-30</dateline>
<text>
<p>Salant Corp said Wednesday that it has named Philip Franzel executive vice-president and chief financial officer.</p>
<p>He replaces Richard Randall, who left the company earlier this year to pursue other opportunities, Salant said.</p>
<p>Franzel was formerly executive vice-president and CFO at Ermenegildo Zegna Corp.</p>
<p>The company also said that Michael Lubin, president and chief operating officer, will be leaving the company on July 31.</p>
<p>His merchandising duties, said the company, have been shifted to chairman and chief executive Jerry Politzer, and his operational responsibilities will be handled by Franzel.</p>
<p>Since April, the company has installed a new chairman and chief executive, a new chief financial officer, and a new president of its menswear division. It also incurred restructuring expenses of $11.7 million in 1996.</p>
<p>Salant markets men's apparel under the Perry Ellis, Manhattan and John Henry labels.  It also sells children's sleepwear, underwear and sportswear.</p>
</text>
<copyright>(c) Reuters Limited 1997</copyright>
<metadata>
<codes class="bip:countries:1.0">
  <code code="USA">
    <editdetail attribution="Reuters BIP Coding Group" action="confirmed" date="1997-07-30"/>
  </code>
</codes>
<codes class="bip:industries:1.0">
  <code code="I45300">
    <editdetail attribution="Reuters BIP Coding Group" action="confirmed" date="1997-07-30"/>
  </code>
</codes>
<codes class="bip:topics:1.0">
  <code code="C41">
    <editdetail attribution="Reuters BIP Coding Group" action="confirmed" date="1997-07-30"/>
  </code>
  <code code="C411">
    <editdetail attribution="Reuters BIP Coding Group" action="confirmed" date="1997-07-30"/>
  </code>
  <code code="CCAT">
    <editdetail attribution="Reuters BIP Coding Group" action="confirmed" date="1997-07-30"/>
  </code>
</codes>
<dc element="dc.date.created" value="1997-07-30"/>
<dc element="dc.publisher" value="Reuters Holdings Plc"/>
<dc element="dc.date.published" value="1997-07-30"/>
<dc element="dc.source" value="Reuters"/>
<dc element="dc.creator.location" value="NEW YORK"/>
<dc element="dc.creator.location.country.name" value="USA"/>
<dc element="dc.source" value="Reuters"/>
</metadata>
</newsitem>
