<?xml version="1.0" encoding="iso-8859-1" ?>
<newsitem itemid="765335" id="root" date="1997-07-30" xml:lang="en">
<title>USA: U.S. stocks power higher, boosted by bonds.</title>
<headline>U.S. stocks power higher, boosted by bonds.</headline>
<dateline>NEW YORK 1997-07-30</dateline>
<text>
<p>U.S. stocks scrambled higher on Wednesday, driven by a robust bond market, optimism about the inflation and interest rate outlook and some residual benefit from the proposed U.S. balanced budget deal.</p>
<p>The Dow Jones Industrial average rallied 85 points, or about one percent, to 8259, after the New York Stock Exchange set curbs on index-arbitrage trading.</p>
<p>The Nasdaq composite rose 12 points to 1584 and the long bond soared 27/32 to yield 6.33 percent.  </p>
<p>Stocks and bonds got an early lift from new home sales data for June and May, analysts said.</p>
<p>The U.S. Commerce Department reported sales of new single-family homes, seasonally adjusted, rose 6.1 percent to a 819,000 annual rate. But analysts pointed to a more striking downward revision to the May data, which was now showed sales rose one percent instead of the previous 7.1 percent gain.</p>
<p>&quot;That is a big revision,&quot; said Peter Cardillo, director of research at Westfalia Investments. He said financial markets were also boosted by the budget deal, lower rates, a strong dollar and a dwindling supply of government debt offerings.</p>
<p>((Wall Street desk 212-859-1730))</p>
</text>
<copyright>(c) Reuters Limited 1997</copyright>
<metadata>
<codes class="bip:countries:1.0">
  <code code="USA">
    <editdetail attribution="Reuters BIP Coding Group" action="confirmed" date="1997-07-30"/>
  </code>
</codes>
<codes class="bip:topics:1.0">
  <code code="M11">
    <editdetail attribution="Reuters BIP Coding Group" action="confirmed" date="1997-07-30"/>
  </code>
  <code code="MCAT">
    <editdetail attribution="Reuters BIP Coding Group" action="confirmed" date="1997-07-30"/>
  </code>
</codes>
<dc element="dc.date.created" value="1997-07-30"/>
<dc element="dc.publisher" value="Reuters Holdings Plc"/>
<dc element="dc.date.published" value="1997-07-30"/>
<dc element="dc.source" value="Reuters"/>
<dc element="dc.creator.location" value="NEW YORK"/>
<dc element="dc.creator.location.country.name" value="USA"/>
<dc element="dc.source" value="Reuters"/>
</metadata>
</newsitem>
