<?xml version="1.0" encoding="iso-8859-1" ?>
<newsitem itemid="765308" id="root" date="1997-07-30" xml:lang="en">
<title>USA: Healthdyne confident on shareholder vote.</title>
<headline>Healthdyne confident on shareholder vote.</headline>
<dateline>MARIETTA, Ga. 1997-07-30</dateline>
<text>
<p>Healthdyne Technologies Inc Chairman Parker Petit expressed confidence that shareholder re-elected Healthdyne's board by a &quot;landslide&quot; at the annual meeting here Wednesday, defeating Invacare Corp's attempt to install directors backing its hostile bid for Healthdyne.</p>
<p>Final results of the vote were not immediately available.</p>
<p>Invacare, which is offering $200 million, or $15 per share, for Healthdyne, submitted a four-person director slate to a shareholder vote. If elected, the four would give Invacare a majority on the seven-member board.  </p>
<p>Healthdyne shares were off 1/16 to 16-5/8 and Invacare was down 3/4 to 22-5/8 in midday Nasdaq trade.</p>
<p>((--New York Equities Desk, 212-859-1700))</p>
</text>
<copyright>(c) Reuters Limited 1997</copyright>
<metadata>
<codes class="bip:countries:1.0">
  <code code="USA">
    <editdetail attribution="Reuters BIP Coding Group" action="confirmed" date="1997-07-30"/>
  </code>
</codes>
<codes class="bip:industries:1.0">
  <code code="I37200">
    <editdetail attribution="Reuters BIP Coding Group" action="confirmed" date="1997-07-30"/>
  </code>
</codes>
<codes class="bip:topics:1.0">
  <code code="C18">
    <editdetail attribution="Reuters BIP Coding Group" action="confirmed" date="1997-07-30"/>
  </code>
  <code code="C181">
    <editdetail attribution="Reuters BIP Coding Group" action="confirmed" date="1997-07-30"/>
  </code>
  <code code="C41">
    <editdetail attribution="Reuters BIP Coding Group" action="confirmed" date="1997-07-30"/>
  </code>
  <code code="C411">
    <editdetail attribution="Reuters BIP Coding Group" action="confirmed" date="1997-07-30"/>
  </code>
  <code code="CCAT">
    <editdetail attribution="Reuters BIP Coding Group" action="confirmed" date="1997-07-30"/>
  </code>
</codes>
<dc element="dc.date.created" value="1997-07-30"/>
<dc element="dc.publisher" value="Reuters Holdings Plc"/>
<dc element="dc.date.published" value="1997-07-30"/>
<dc element="dc.source" value="Reuters"/>
<dc element="dc.creator.location" value="MARIETTA, Ga."/>
<dc element="dc.creator.location.country.name" value="USA"/>
<dc element="dc.source" value="Reuters"/>
</metadata>
</newsitem>
