<?xml version="1.0" encoding="iso-8859-1" ?>
<newsitem itemid="765313" id="root" date="1997-07-30" xml:lang="en">
<title>USA: Chase Manhattan acquires Mellon Bank unit.</title>
<headline>Chase Manhattan acquires Mellon Bank unit.</headline>
<dateline>NEW YORK 1997-07-30</dateline>
<text>
<p>The Chase Manhattan Bank said Wednesday that it has signed a definitive agreement to purchase the corporate trustee and agency business of Mellon Bank for its Global Trust unit, which provides transaction processing and trust services for corporate and institutional customers.</p>
<p>The Mellon unit consists primarily of 6,600 corporate and municipal bond customers. The sale, said Chase, does not affect Mellon's substantial non-corporate trustee fiduciary business.</p>
<p>Terms of the transaction were not disclosed, but the bank said it expected to complete the sale in the fourth quarter.</p>
<p>Chase has said that its strategy is to grow its corporate trust business nationwide.  </p>
<p>Chase said that the deal would add about $70 billion of securities under mangement to Global Trust, which has about $1.4 trillion in assets currently under administration.</p>
</text>
<copyright>(c) Reuters Limited 1997</copyright>
<metadata>
<codes class="bip:countries:1.0">
  <code code="USA">
    <editdetail attribution="Reuters BIP Coding Group" action="confirmed" date="1997-07-30"/>
  </code>
</codes>
<codes class="bip:industries:1.0">
  <code code="I81402">
    <editdetail attribution="Reuters BIP Coding Group" action="confirmed" date="1997-07-30"/>
  </code>
</codes>
<codes class="bip:topics:1.0">
  <code code="C18">
    <editdetail attribution="Reuters BIP Coding Group" action="confirmed" date="1997-07-30"/>
  </code>
  <code code="C181">
    <editdetail attribution="Reuters BIP Coding Group" action="confirmed" date="1997-07-30"/>
  </code>
  <code code="CCAT">
    <editdetail attribution="Reuters BIP Coding Group" action="confirmed" date="1997-07-30"/>
  </code>
</codes>
<dc element="dc.date.created" value="1997-07-30"/>
<dc element="dc.publisher" value="Reuters Holdings Plc"/>
<dc element="dc.date.published" value="1997-07-30"/>
<dc element="dc.source" value="Reuters"/>
<dc element="dc.creator.location" value="NEW YORK"/>
<dc element="dc.creator.location.country.name" value="USA"/>
<dc element="dc.source" value="Reuters"/>
</metadata>
</newsitem>
