<?xml version="1.0" encoding="iso-8859-1" ?>
<newsitem itemid="765391" id="root" date="1997-07-30" xml:lang="en">
<title>USA: Roberds Inc Q2 loss widens.</title>
<headline>Roberds Inc Q2 loss widens.</headline>
<dateline>DAYTON, Ohio 1997-07-29</dateline>
<text>
<p>3 Months</p>
<p>				1997			1996</p>
<p> Shr loss		    $0.22     loss	 $0.12</p>
<p> Net loss		   $1,313     loss	  $719</p>
<p> Revs			$80,235		  $73,205</p>
<p> Avg shrs		    5,965		    5,927</p>
<p>	  6 Months</p>
<p> Shr loss		   $0.24     loss	 $0.16</p>
<p> Net loss		  $2,238     loss	$1,451</p>
<p> Revs		    $163,387		 $143,869</p>
<p> Avg shrs		   5,962		   $5,924</p>
<p>(In thousands, except per share numbers)</p>
</text>
<copyright>(c) Reuters Limited 1997</copyright>
<metadata>
<codes class="bip:countries:1.0">
  <code code="USA">
    <editdetail attribution="Reuters BIP Coding Group" action="confirmed" date="1997-07-30"/>
  </code>
</codes>
<codes class="bip:industries:1.0">
  <code code="I64700">
    <editdetail attribution="Reuters BIP Coding Group" action="confirmed" date="1997-07-30"/>
  </code>
</codes>
<codes class="bip:topics:1.0">
  <code code="C15">
    <editdetail attribution="Reuters BIP Coding Group" action="confirmed" date="1997-07-30"/>
  </code>
  <code code="C151">
    <editdetail attribution="Reuters BIP Coding Group" action="confirmed" date="1997-07-30"/>
  </code>
  <code code="CCAT">
    <editdetail attribution="Reuters BIP Coding Group" action="confirmed" date="1997-07-30"/>
  </code>
</codes>
<dc element="dc.date.created" value="1997-07-29"/>
<dc element="dc.publisher" value="Reuters Holdings Plc"/>
<dc element="dc.date.published" value="1997-07-30"/>
<dc element="dc.source" value="Reuters"/>
<dc element="dc.creator.location" value="DAYTON, Ohio"/>
<dc element="dc.creator.location.country.name" value="USA"/>
<dc element="dc.source" value="Reuters"/>
</metadata>
</newsitem>
