<?xml version="1.0" encoding="iso-8859-1" ?>
<newsitem itemid="765387" id="root" date="1997-07-30" xml:lang="en">
<title>USA: Time Warner to redeem $457 mln notes.</title>
<headline>Time Warner to redeem $457 mln notes.</headline>
<dateline>NEW YORK 1997-07-30</dateline>
<text>
<p>Time Warner Inc said Wednesday it will redeem all $457 million outstanding principal amount of floating rate notes due 2000.</p>
<p>A spokesman said the notes were issued by its Time Warner Cos Inc division.</p>
<p>The redemption date is August 15, and the redemption price per $1,000 principal amount will be $1,000.</p>
<p>The company said interest due on the notes on August 15 will be paid in the usual manner to holders of record of the notes on August 1.</p>
<p>Chase Manhattan Bank, trustee for the floating rate notes, will act as paying agent.</p>
</text>
<copyright>(c) Reuters Limited 1997</copyright>
<metadata>
<codes class="bip:countries:1.0">
  <code code="USA">
    <editdetail attribution="Reuters BIP Coding Group" action="confirmed" date="1997-07-30"/>
  </code>
</codes>
<codes class="bip:industries:1.0">
  <code code="I83960">
    <editdetail attribution="Reuters BIP Coding Group" action="confirmed" date="1997-07-30"/>
  </code>
</codes>
<codes class="bip:topics:1.0">
  <code code="C17">
    <editdetail attribution="Reuters BIP Coding Group" action="confirmed" date="1997-07-30"/>
  </code>
  <code code="C172">
    <editdetail attribution="Reuters BIP Coding Group" action="confirmed" date="1997-07-30"/>
  </code>
  <code code="CCAT">
    <editdetail attribution="Reuters BIP Coding Group" action="confirmed" date="1997-07-30"/>
  </code>
</codes>
<dc element="dc.date.created" value="1997-07-30"/>
<dc element="dc.publisher" value="Reuters Holdings Plc"/>
<dc element="dc.date.published" value="1997-07-30"/>
<dc element="dc.source" value="Reuters"/>
<dc element="dc.creator.location" value="NEW YORK"/>
<dc element="dc.creator.location.country.name" value="USA"/>
<dc element="dc.source" value="Reuters"/>
</metadata>
</newsitem>
