<?xml version="1.0" encoding="iso-8859-1" ?>
<newsitem itemid="765357" id="root" date="1997-07-30" xml:lang="en">
<title>USA: TABLE - Jameson Inns Inc Q2 results.</title>
<headline>TABLE - Jameson Inns Inc Q2 results.</headline>
<dateline>ATLANTA 1997-07-30</dateline>
<text>
<p>JAMESON INNS, INC.</p>
<p>    Three Months Ended June 30		 1997	   1996</p>
<p> Revenues				     $3,242,524   $2,427,100</p>
<p> Net Income Before Extraordinary Item  1,889,061    1,166,651</p>
<p>Net Income Before Extraordinary Item</p>
<p>   Per Share					   .19	    .18</p>
<p> Net Income				    1,889,061	177,275</p>
<p> Net Income Per Share				.19	    .03</p>
<p> Funds From Operations		     2,865,821    1,806,935</p>
<p> Funds From Operations/Share		     .30	    .28</p>
<p>    Six Months Ended June 30		   1997	   1996</p>
<p> Revenues				     $5,978,067   $4,342,690</p>
<p> Net Income Before Extraordinary Item  3,099,930    1,505,155</p>
<p>Net Income Before Extraordinary Item</p>
<p>   Per Share					   .35	    .29</p>
<p> Net Income				    2,410,388	515,779</p>
<p> Net Income Per Share				.27	    .10</p>
<p> Funds From Operations		     4,962,442    2,755,828</p>
<p> Funds From Operations Per Share		 .56	    .53</p>
<p>NOTE:  The extraordinary item in both 1996 periods relates to the write-off of deferred finance costs in conjunction with the repayment of debt following the company's secondary common stock offering in April 1996.</p>
</text>
<copyright>(c) Reuters Limited 1997</copyright>
<metadata>
<codes class="bip:countries:1.0">
  <code code="USA">
    <editdetail attribution="Reuters BIP Coding Group" action="confirmed" date="1997-07-30"/>
  </code>
</codes>
<codes class="bip:industries:1.0">
  <code code="I66500">
    <editdetail attribution="Reuters BIP Coding Group" action="confirmed" date="1997-07-30"/>
  </code>
</codes>
<codes class="bip:topics:1.0">
  <code code="C15">
    <editdetail attribution="Reuters BIP Coding Group" action="confirmed" date="1997-07-30"/>
  </code>
  <code code="C151">
    <editdetail attribution="Reuters BIP Coding Group" action="confirmed" date="1997-07-30"/>
  </code>
  <code code="CCAT">
    <editdetail attribution="Reuters BIP Coding Group" action="confirmed" date="1997-07-30"/>
  </code>
</codes>
<dc element="dc.date.created" value="1997-07-30"/>
<dc element="dc.publisher" value="Reuters Holdings Plc"/>
<dc element="dc.date.published" value="1997-07-30"/>
<dc element="dc.source" value="Reuters"/>
<dc element="dc.creator.location" value="ATLANTA"/>
<dc element="dc.creator.location.country.name" value="USA"/>
<dc element="dc.source" value="Reuters"/>
</metadata>
</newsitem>
