<?xml version="1.0" encoding="iso-8859-1" ?>
<newsitem itemid="765356" id="root" date="1997-07-30" xml:lang="en">
<title>USA: CNA names chief financial officer.</title>
<headline>CNA names chief financial officer.</headline>
<dateline>CHICAGO 1997-07-30</dateline>
<text>
<p>CNA Fiancial Corp said Wednesday it named W. James MacGinnitie as chief financial officer and senior vice president.</p>
<p>He replaces Peter Jokiel, who was promoted to president of its CNA Life subsidiary in April, 1997.</p>
<p>MacGinnitie comes to CNA from Ernst &amp; Young LLP where he has been a partner and national director of actuarial services since 1994.  </p>
<p>CNA said MacGinnitie plans to begin acquainting himself immediately with CNA while completing client assignments at Ernst &amp; Young LLP. He will assume his new position on a full time basis on October 1.</p>
<p>CNA, an insurance company, had 1996 revenues of $17.0 billion.</p>
<p>((Reuters Chicago Newsdesk (312) 408-8787))</p>
</text>
<copyright>(c) Reuters Limited 1997</copyright>
<metadata>
<codes class="bip:countries:1.0">
  <code code="USA">
    <editdetail attribution="Reuters BIP Coding Group" action="confirmed" date="1997-07-30"/>
  </code>
</codes>
<codes class="bip:industries:1.0">
  <code code="I82001">
    <editdetail attribution="Reuters BIP Coding Group" action="confirmed" date="1997-07-30"/>
  </code>
</codes>
<codes class="bip:topics:1.0">
  <code code="C41">
    <editdetail attribution="Reuters BIP Coding Group" action="confirmed" date="1997-07-30"/>
  </code>
  <code code="C411">
    <editdetail attribution="Reuters BIP Coding Group" action="confirmed" date="1997-07-30"/>
  </code>
  <code code="CCAT">
    <editdetail attribution="Reuters BIP Coding Group" action="confirmed" date="1997-07-30"/>
  </code>
</codes>
<dc element="dc.date.created" value="1997-07-30"/>
<dc element="dc.publisher" value="Reuters Holdings Plc"/>
<dc element="dc.date.published" value="1997-07-30"/>
<dc element="dc.source" value="Reuters"/>
<dc element="dc.creator.location" value="CHICAGO"/>
<dc element="dc.creator.location.country.name" value="USA"/>
<dc element="dc.source" value="Reuters"/>
</metadata>
</newsitem>
