<?xml version="1.0" encoding="iso-8859-1" ?>
<newsitem itemid="765355" id="root" date="1997-07-30" xml:lang="en">
<title>USA: Fed adds reserves via overnight system repos.</title>
<headline>Fed adds reserves via overnight system repos.</headline>
<dateline>NEW YORK 1997-07-30</dateline>
<text>
<p>The Federal Reserve injected temporary reserves into the banking system on Wednesday via overnight system repurchase agreements, a New York Fed spokeswoman said.</p>
<p>At 1030 EDT/1430 GMT, the time when the Fed usually intervenes in the market, federal funds were quoted at 5-13/16 percent, well above the central bank's 5.50 percent target for the rate.</p>
<p>(( -- N.A. Treasury Desk, 212-859-1660 ))</p>
</text>
<copyright>(c) Reuters Limited 1997</copyright>
<metadata>
<codes class="bip:countries:1.0">
  <code code="USA">
    <editdetail attribution="Reuters BIP Coding Group" action="confirmed" date="1997-07-30"/>
  </code>
</codes>
<codes class="bip:topics:1.0">
  <code code="M13">
    <editdetail attribution="Reuters BIP Coding Group" action="confirmed" date="1997-07-30"/>
  </code>
  <code code="M131">
    <editdetail attribution="Reuters BIP Coding Group" action="confirmed" date="1997-07-30"/>
  </code>
  <code code="MCAT">
    <editdetail attribution="Reuters BIP Coding Group" action="confirmed" date="1997-07-30"/>
  </code>
</codes>
<dc element="dc.date.created" value="1997-07-30"/>
<dc element="dc.publisher" value="Reuters Holdings Plc"/>
<dc element="dc.date.published" value="1997-07-30"/>
<dc element="dc.source" value="Reuters"/>
<dc element="dc.creator.location" value="NEW YORK"/>
<dc element="dc.creator.location.country.name" value="USA"/>
<dc element="dc.source" value="Reuters"/>
</metadata>
</newsitem>
