<?xml version="1.0" encoding="iso-8859-1" ?>
<newsitem itemid="765371" id="root" date="1997-07-30" xml:lang="en">
<title>USA: TABLE -- Lilco Q2 net income rises.</title>
<headline>TABLE -- Lilco Q2 net income rises.</headline>
<dateline>HICKSVILLE, N.Y. 1997-07-30</dateline>
<text>
<p>Long Island Lighting Co</p>
<p>					     Three Months Ended</p>
<p>						     June 30</p>
<p>					     1997		1996</p>
<p>Revenues			    $  664,488	$  694,602</p>
<p>Operating Income		  $  144,079	$  141,065</p>
<p>Net Income			  $   45,161	$   40,524</p>
<p>Earnings for Common Stock     $   32,193	$   27,453</p>
<p>Average Common Shares</p>
<p>  Outstanding			  121,184	   120,221</p>
<p>Earnings Per Common Share	    $ .26	     $ .23</p>
<p>Dividends Declared Per Common</p>
<p>  Share				   $ .445	    $ .445</p>
<p>						 Six Months Ended</p>
<p>						     June 30</p>
<p>					     1997		1996</p>
<p>Revenues			    $1,515,669	$1,558,817</p>
<p>Operating Income		  $  334,079	$  331,490</p>
<p>Net Income			  $  132,858	$  122,281</p>
<p>Earnings for Common Stock     $  106,921	$   96,138</p>
<p>Average Common Shares</p>
<p>  Outstanding			  121,089	   120,082</p>
<p>Earnings Per Common Share	    $ .88	     $ .80</p>
<p>Dividends Declared Per Common</p>
<p>  Share				    $ .89	     $ .89</p>
<p>		  (In thousands, except per share amounts)</p>
</text>
<copyright>(c) Reuters Limited 1997</copyright>
<metadata>
<codes class="bip:countries:1.0">
  <code code="USA">
    <editdetail attribution="Reuters BIP Coding Group" action="confirmed" date="1997-07-30"/>
  </code>
</codes>
<codes class="bip:industries:1.0">
  <code code="I16100">
    <editdetail attribution="Reuters BIP Coding Group" action="confirmed" date="1997-07-30"/>
  </code>
</codes>
<codes class="bip:topics:1.0">
  <code code="C15">
    <editdetail attribution="Reuters BIP Coding Group" action="confirmed" date="1997-07-30"/>
  </code>
  <code code="C151">
    <editdetail attribution="Reuters BIP Coding Group" action="confirmed" date="1997-07-30"/>
  </code>
  <code code="CCAT">
    <editdetail attribution="Reuters BIP Coding Group" action="confirmed" date="1997-07-30"/>
  </code>
</codes>
<dc element="dc.date.created" value="1997-07-30"/>
<dc element="dc.publisher" value="Reuters Holdings Plc"/>
<dc element="dc.date.published" value="1997-07-30"/>
<dc element="dc.source" value="Reuters"/>
<dc element="dc.creator.location" value="HICKSVILLE, N.Y."/>
<dc element="dc.creator.location.country.name" value="USA"/>
<dc element="dc.source" value="Reuters"/>
</metadata>
</newsitem>
