<?xml version="1.0" encoding="iso-8859-1" ?>
<newsitem itemid="765368" id="root" date="1997-07-30" xml:lang="en">
<title>USA: ThermoQuest Corp Q2 net rises.</title>
<headline>ThermoQuest Corp Q2 net rises.</headline>
<dateline>WALTHAM, Mass. 1997-07-30</dateline>
<text>
<p>(in 000s except for per share data)</p>
<p>		Three Months Ended  Six Months Ended</p>
<p>		 June 28,  June 29,   June 28,    June 29,</p>
<p>		     1997     1996	 1997	  1996</p>
<p>Revenues     $116,542   $81,692     $205,895    $148,991</p>
<p>Net Income     10,633     6,687	 19,516	12,529</p>
<p>EPS		   .21	 .14	    .40	   .27</p>
<p>Weighted Average Shares</p>
<p>		   50,219    48,410	 49,403	46,903</p>
</text>
<copyright>(c) Reuters Limited 1997</copyright>
<metadata>
<codes class="bip:countries:1.0">
  <code code="USA">
    <editdetail attribution="Reuters BIP Coding Group" action="confirmed" date="1997-07-30"/>
  </code>
</codes>
<codes class="bip:topics:1.0">
  <code code="C15">
    <editdetail attribution="Reuters BIP Coding Group" action="confirmed" date="1997-07-30"/>
  </code>
  <code code="C151">
    <editdetail attribution="Reuters BIP Coding Group" action="confirmed" date="1997-07-30"/>
  </code>
  <code code="CCAT">
    <editdetail attribution="Reuters BIP Coding Group" action="confirmed" date="1997-07-30"/>
  </code>
</codes>
<dc element="dc.date.created" value="1997-07-30"/>
<dc element="dc.publisher" value="Reuters Holdings Plc"/>
<dc element="dc.date.published" value="1997-07-30"/>
<dc element="dc.source" value="Reuters"/>
<dc element="dc.creator.location" value="WALTHAM, Mass."/>
<dc element="dc.creator.location.country.name" value="USA"/>
<dc element="dc.source" value="Reuters"/>
</metadata>
</newsitem>
