<?xml version="1.0" encoding="iso-8859-1" ?>
<newsitem itemid="765329" id="root" date="1997-07-30" xml:lang="en">
<title>USA: SoftNet names chairman, chief executive.</title>
<headline>SoftNet names chairman, chief executive.</headline>
<dateline>LAKE FOREST, Ill. 1997-07-30</dateline>
<text>
<p>SoftNet Systems Inc said Wednesday its board of directors named Ronald Simon as chairman and Johann Oosthuizen as chief executive.</p>
<p>Simon has been a board member since 1995. He is vice president and chief financial officer of Western Water Co and president of Ronald I. Simon Inc, a financial consulting firm.</p>
<p>Oosthuizen is also president and chief operating officer of SoftNet, and will continue in those positions.  </p>
<p>John McDonough previously served as chairman and chief executive of SoftNet. He resigned to pursue other business commitments and fund raising activities for the Juvenile Diabetes Foundation International.</p>
<p>SoftNet provides electronic information and document management systems.</p>
<p>((--Chicago newsdesk, 312-408-8787))</p>
</text>
<copyright>(c) Reuters Limited 1997</copyright>
<metadata>
<codes class="bip:countries:1.0">
  <code code="USA">
    <editdetail attribution="Reuters BIP Coding Group" action="confirmed" date="1997-07-30"/>
  </code>
</codes>
<codes class="bip:industries:1.0">
  <code code="I17000">
    <editdetail attribution="Reuters BIP Coding Group" action="confirmed" date="1997-07-30"/>
  </code>
  <code code="I83600">
    <editdetail attribution="Reuters BIP Coding Group" action="confirmed" date="1997-07-30"/>
  </code>
</codes>
<codes class="bip:topics:1.0">
  <code code="C41">
    <editdetail attribution="Reuters BIP Coding Group" action="confirmed" date="1997-07-30"/>
  </code>
  <code code="C411">
    <editdetail attribution="Reuters BIP Coding Group" action="confirmed" date="1997-07-30"/>
  </code>
  <code code="CCAT">
    <editdetail attribution="Reuters BIP Coding Group" action="confirmed" date="1997-07-30"/>
  </code>
</codes>
<dc element="dc.date.created" value="1997-07-30"/>
<dc element="dc.publisher" value="Reuters Holdings Plc"/>
<dc element="dc.date.published" value="1997-07-30"/>
<dc element="dc.source" value="Reuters"/>
<dc element="dc.creator.location" value="LAKE FOREST, Ill."/>
<dc element="dc.creator.location.country.name" value="USA"/>
<dc element="dc.source" value="Reuters"/>
</metadata>
</newsitem>
