<?xml version="1.0" encoding="iso-8859-1" ?>
<newsitem itemid="765338" id="root" date="1997-07-30" xml:lang="en">
<title>USA: TABLE-TNP Enterprises Q2 shr $0.56 vs $0.71.</title>
<headline>TABLE-TNP Enterprises Q2 shr $0.56 vs $0.71.</headline>
<dateline>FORT WORTH, Texas 1997-07-30</dateline>
<text>
<p>TNP ENTERPRISES INC AND SUBSIDIARIES</p>
<p>				    Three Months    Twelve Months</p>
<p>					  Ended		Ended</p>
<p>					June 30,	   June 30,</p>
<p>					1997     1996     1997     1996</p>
<p>	     (Unaudited, in thousands except per share amounts)</p>
<p>Operating revenues:</p>
<p>   Regulated -- TNMP	$132,361 $122,020 $539,474 $480,786</p>
<p>Nonregulated -- Facility</p>
<p>    Works			  3,665	 --    8,765	 --</p>
<p>Total operating revenues  136,026  122,020  548,239  480,786 Operating expenses directly passed through to customers</p>
<p>				    67,229   53,798  285,848  216,173</p>
<p>Total other operating</p>
<p>	expenses		  47,179   42,895  175,270  167,049</p>
<p> Net operating income	 21,618   25,327   87,121   97,564</p>
<p>Other income:</p>
<p>Gain on sale of Panhandle</p>
<p>    properties			--	 --	 --   14,583</p>
<p>Other income and deductions, net</p>
<p>					 246    (261)    1,855	668</p>
<p> Net income			7,431    7,831   26,200   37,643</p>
<p> Dividends on preferred stock   40	 42	162	371</p>
<p>Income applicable to common</p>
<p>  stock			    7,391    7,789   26,038   37,272</p>
<p>Weighted average common shares</p>
<p>  outstanding		   13,161   11,028   12,595   10,967</p>
<p>Earnings per share of common</p>
<p>  stock			     0.56     0.71     2.07     3.40</p>
<p>Dividends per share of common</p>
<p>  stock			    0.245     0.22     0.98     0.86</p>
<p>Note: The company said mild weather during the quarter reduced kWh sales to residential and commercial customers at TNP's principal subsidiary, Texas-New Mexico Power Co.</p>
<p>In addition, earnings per share were diluted by the issuance of two million shares of common stock in October 1996.</p>
<p>The company said that despite the mild weather, earnings at TNMP increased to $9.4 million during the quarter compared to $8.0 million for the same period a year ago.</p>
<p>The increase in earnings at TNMP was offset by net operating losses of $1.4 million at Facility Works, the company's wholly-owned, non-regulated subsidiary.</p>
</text>
<copyright>(c) Reuters Limited 1997</copyright>
<metadata>
<codes class="bip:countries:1.0">
  <code code="USA">
    <editdetail attribution="Reuters BIP Coding Group" action="confirmed" date="1997-07-30"/>
  </code>
</codes>
<codes class="bip:industries:1.0">
  <code code="I16100">
    <editdetail attribution="Reuters BIP Coding Group" action="confirmed" date="1997-07-30"/>
  </code>
</codes>
<codes class="bip:topics:1.0">
  <code code="C15">
    <editdetail attribution="Reuters BIP Coding Group" action="confirmed" date="1997-07-30"/>
  </code>
  <code code="C151">
    <editdetail attribution="Reuters BIP Coding Group" action="confirmed" date="1997-07-30"/>
  </code>
  <code code="CCAT">
    <editdetail attribution="Reuters BIP Coding Group" action="confirmed" date="1997-07-30"/>
  </code>
</codes>
<dc element="dc.date.created" value="1997-07-30"/>
<dc element="dc.publisher" value="Reuters Holdings Plc"/>
<dc element="dc.date.published" value="1997-07-30"/>
<dc element="dc.source" value="Reuters"/>
<dc element="dc.creator.location" value="FORT WORTH, Texas"/>
<dc element="dc.creator.location.country.name" value="USA"/>
<dc element="dc.source" value="Reuters"/>
</metadata>
</newsitem>
