<?xml version="1.0" encoding="iso-8859-1" ?>
<newsitem itemid="765342" id="root" date="1997-07-30" xml:lang="en">
<title>USA: RESEARCH ALERT - SeaChange downgraded.</title>
<headline>RESEARCH ALERT - SeaChange downgraded.</headline>
<dateline>NEW YORK 1997-07-30</dateline>
<text>
<p>Morgan Stanley said on Wednesday it cut its rating on the shares of SeaChange International Inc to neutral from outperform.</p>
<p>-- Further details were not available.</p>
<p>-- The company reported second quarter earnings of $0.18 per share compared with $0.12 per share in the year-ago second quarter.</p>
<p>-- The stock tumbled eight points to 19-7/8.</p>
<p>-- Further details were not immediately available.</p>
<p>((Wall Street desk 212-859-1730))</p>
</text>
<copyright>(c) Reuters Limited 1997</copyright>
<metadata>
<codes class="bip:countries:1.0">
  <code code="USA">
    <editdetail attribution="Reuters BIP Coding Group" action="confirmed" date="1997-07-30"/>
  </code>
</codes>
<codes class="bip:industries:1.0">
  <code code="I33020">
    <editdetail attribution="Reuters BIP Coding Group" action="confirmed" date="1997-07-30"/>
  </code>
</codes>
<codes class="bip:topics:1.0">
  <code code="C15">
    <editdetail attribution="Reuters BIP Coding Group" action="confirmed" date="1997-07-30"/>
  </code>
  <code code="C152">
    <editdetail attribution="Reuters BIP Coding Group" action="confirmed" date="1997-07-30"/>
  </code>
  <code code="CCAT">
    <editdetail attribution="Reuters BIP Coding Group" action="confirmed" date="1997-07-30"/>
  </code>
</codes>
<dc element="dc.date.created" value="1997-07-30"/>
<dc element="dc.publisher" value="Reuters Holdings Plc"/>
<dc element="dc.date.published" value="1997-07-30"/>
<dc element="dc.source" value="Reuters"/>
<dc element="dc.creator.location" value="NEW YORK"/>
<dc element="dc.creator.location.country.name" value="USA"/>
<dc element="dc.source" value="Reuters"/>
</metadata>
</newsitem>
