<?xml version="1.0" encoding="iso-8859-1" ?>
<newsitem itemid="765339" id="root" date="1997-07-30" xml:lang="en">
<title>USA: MAPICS offers 6 mln shrs at $9/shr.</title>
<headline>MAPICS offers 6 mln shrs at $9/shr.</headline>
<dateline>ATLANTA 1997-07-30</dateline>
<text>
<p>MAPICS Inc, formerly Marcam Corp, said Wednesday it has started a public offering of up to 6.0 million common shares at $9.00 a share.</p>
<p>MAPICS, a provider of enterprise resource planning software, said net proceeds will be used to repay debt.</p>
<p>It said the offering's managing underwritrers are Donaldson, Lufkin &amp; Jenrette Securities Corp, Lazard Freres &amp; Co LLC and Dain Bosworth Inc.  </p>
<p>MAPICS said that Marcam Corp's spinoff to its stockholders of its business related to the PRISM, Protean and Avantis product line has been completed.</p>
<p>The company spunoff, now known as Marcam Solutions, began trading today on the Nasdaq under the symbol MRCM.O, it said.</p>
</text>
<copyright>(c) Reuters Limited 1997</copyright>
<metadata>
<codes class="bip:countries:1.0">
  <code code="USA">
    <editdetail attribution="Reuters BIP Coding Group" action="confirmed" date="1997-07-30"/>
  </code>
</codes>
<codes class="bip:industries:1.0">
  <code code="I33020">
    <editdetail attribution="Reuters BIP Coding Group" action="confirmed" date="1997-07-30"/>
  </code>
  <code code="I3302021">
    <editdetail attribution="Reuters BIP Coding Group" action="confirmed" date="1997-07-30"/>
  </code>
</codes>
<codes class="bip:topics:1.0">
  <code code="C17">
    <editdetail attribution="Reuters BIP Coding Group" action="confirmed" date="1997-07-30"/>
  </code>
  <code code="C171">
    <editdetail attribution="Reuters BIP Coding Group" action="confirmed" date="1997-07-30"/>
  </code>
  <code code="CCAT">
    <editdetail attribution="Reuters BIP Coding Group" action="confirmed" date="1997-07-30"/>
  </code>
</codes>
<dc element="dc.date.created" value="1997-07-30"/>
<dc element="dc.publisher" value="Reuters Holdings Plc"/>
<dc element="dc.date.published" value="1997-07-30"/>
<dc element="dc.source" value="Reuters"/>
<dc element="dc.creator.location" value="ATLANTA"/>
<dc element="dc.creator.location.country.name" value="USA"/>
<dc element="dc.source" value="Reuters"/>
</metadata>
</newsitem>
