<?xml version="1.0" encoding="iso-8859-1" ?>
<newsitem itemid="765384" id="root" date="1997-07-30" xml:lang="en">
<title>USA: Boole &amp; Babbage sets 500,000 shr buyback.</title>
<headline>Boole &amp; Babbage sets 500,000 shr buyback.</headline>
<dateline>SAN JOSE, Calif. 1997-07-30</dateline>
<text>
<p>Boole &amp; Babbage Inc said Wednesday its board had approved a 500,000-share repurchase program.</p>
<p>Shares will be purchased in the open market from time to time and will be used to help offset the impact of employee stock option and stock purchase plans, it said.</p>
<p>The company said its previous stock repurchase plan was rescinded to comply with Securities and Exchange Commission regulations in connection with the acquisition of MAXM Systems Corp in January 1997.</p>
<p>Boole &amp; Babbage develops enterprise automation software for distributed computer systems.</p>
</text>
<copyright>(c) Reuters Limited 1997</copyright>
<metadata>
<codes class="bip:countries:1.0">
  <code code="USA">
    <editdetail attribution="Reuters BIP Coding Group" action="confirmed" date="1997-07-30"/>
  </code>
</codes>
<codes class="bip:industries:1.0">
  <code code="I33020">
    <editdetail attribution="Reuters BIP Coding Group" action="confirmed" date="1997-07-30"/>
  </code>
  <code code="I3302021">
    <editdetail attribution="Reuters BIP Coding Group" action="confirmed" date="1997-07-30"/>
  </code>
</codes>
<codes class="bip:topics:1.0">
  <code code="C17">
    <editdetail attribution="Reuters BIP Coding Group" action="confirmed" date="1997-07-30"/>
  </code>
  <code code="C171">
    <editdetail attribution="Reuters BIP Coding Group" action="confirmed" date="1997-07-30"/>
  </code>
  <code code="C18">
    <editdetail attribution="Reuters BIP Coding Group" action="confirmed" date="1997-07-30"/>
  </code>
  <code code="C181">
    <editdetail attribution="Reuters BIP Coding Group" action="confirmed" date="1997-07-30"/>
  </code>
  <code code="CCAT">
    <editdetail attribution="Reuters BIP Coding Group" action="confirmed" date="1997-07-30"/>
  </code>
</codes>
<dc element="dc.date.created" value="1997-07-30"/>
<dc element="dc.publisher" value="Reuters Holdings Plc"/>
<dc element="dc.date.published" value="1997-07-30"/>
<dc element="dc.source" value="Reuters"/>
<dc element="dc.creator.location" value="SAN JOSE, Calif."/>
<dc element="dc.creator.location.country.name" value="USA"/>
<dc element="dc.source" value="Reuters"/>
</metadata>
</newsitem>
