<?xml version="1.0" encoding="iso-8859-1" ?>
<newsitem itemid="765366" id="root" date="1997-07-30" xml:lang="en">
<title>USA: TABLE - Sysco Corp Q4 June 28 shr rises.</title>
<headline>TABLE - Sysco Corp Q4 June 28 shr rises.</headline>
<dateline>HOUSTON 1997-07-30</dateline>
<text>
<p>1997			1996</p>
<p> Shr			  $0.52		    $0.46</p>
<p> Net			 91,079		   83,729</p>
<p> Total sales	  3,694,684		3,544,525</p>
<p> Avg shrs		 173,940		  181,440</p>
<p>	   yearended June 28</p>
<p> Shr			  $1.71		    $1.52</p>
<p> Net			302,533		  276,905</p>
<p> Total sales	 14,454,589	     13,395,130</p>
<p> Avg shrs		 177,235		  182,599</p>
<p>(All data above 000s except per share numbers)</p>
<p>Note: The company reported earings per share for the quarter of $0.52 and $1.71 for the year, according to First Call.</p>
</text>
<copyright>(c) Reuters Limited 1997</copyright>
<metadata>
<codes class="bip:countries:1.0">
  <code code="USA">
    <editdetail attribution="Reuters BIP Coding Group" action="confirmed" date="1997-07-30"/>
  </code>
</codes>
<codes class="bip:industries:1.0">
  <code code="I61000">
    <editdetail attribution="Reuters BIP Coding Group" action="confirmed" date="1997-07-30"/>
  </code>
</codes>
<codes class="bip:topics:1.0">
  <code code="C15">
    <editdetail attribution="Reuters BIP Coding Group" action="confirmed" date="1997-07-30"/>
  </code>
  <code code="C151">
    <editdetail attribution="Reuters BIP Coding Group" action="confirmed" date="1997-07-30"/>
  </code>
  <code code="C1511">
    <editdetail attribution="Reuters BIP Coding Group" action="confirmed" date="1997-07-30"/>
  </code>
  <code code="CCAT">
    <editdetail attribution="Reuters BIP Coding Group" action="confirmed" date="1997-07-30"/>
  </code>
</codes>
<dc element="dc.date.created" value="1997-07-30"/>
<dc element="dc.publisher" value="Reuters Holdings Plc"/>
<dc element="dc.date.published" value="1997-07-30"/>
<dc element="dc.source" value="Reuters"/>
<dc element="dc.creator.location" value="HOUSTON"/>
<dc element="dc.creator.location.country.name" value="USA"/>
<dc element="dc.source" value="Reuters"/>
</metadata>
</newsitem>
