<?xml version="1.0" encoding="iso-8859-1" ?>
<newsitem itemid="765378" id="root" date="1997-07-30" xml:lang="en">
<title>USA: ValueVision takes 5.1 pct stake in CML.</title>
<headline>ValueVision takes 5.1 pct stake in CML.</headline>
<dateline>MINNEAPOLIS 1997-07-30</dateline>
<text>
<p>ValueVision International Inc said Wednesday it notified the U.S. Securities and Exchange Commission that it and an affiliate own 2,538,000 shares or about 5.1 percent of the shares outstanding of CML Group Inc, as of July 30.</p>
<p>ValueVision is an integrated electronic and print media direct marketing company and the nation's third-largest television home-shopping network.  </p>
<p>ValueVision said it and its affiliate acquired the shares of common stock of CML Group for investment purposes, but it plans to seek discussions with CMl management about various general operational, marketing and financial aspects of CML's business.</p>
<p>ValueVision said it and its affiliate also may seek to have further substantive conversations with CML management to discuss various ways in which the two companies may work together for the mutual benefit of their businesses. This would include, but not be limited to, possible working synergies that may be available in television, direct mail and retail-supportive marketing endeavors.</p>
<p>ValueVision said it and its affiliate may also seek to engage in discussions with other CML stockholders with respect to ways in which the value of the common stock of CML Group may be enhanced.</p>
<p>((Reuters Chicago Newsdesk (312) 408-8787))</p>
</text>
<copyright>(c) Reuters Limited 1997</copyright>
<metadata>
<codes class="bip:countries:1.0">
  <code code="USA">
    <editdetail attribution="Reuters BIP Coding Group" action="confirmed" date="1997-07-30"/>
  </code>
</codes>
<codes class="bip:industries:1.0">
  <code code="I65400">
    <editdetail attribution="Reuters BIP Coding Group" action="confirmed" date="1997-07-30"/>
  </code>
  <code code="I9741102">
    <editdetail attribution="Reuters BIP Coding Group" action="confirmed" date="1997-07-30"/>
  </code>
</codes>
<codes class="bip:topics:1.0">
  <code code="C18">
    <editdetail attribution="Reuters BIP Coding Group" action="confirmed" date="1997-07-30"/>
  </code>
  <code code="C181">
    <editdetail attribution="Reuters BIP Coding Group" action="confirmed" date="1997-07-30"/>
  </code>
  <code code="CCAT">
    <editdetail attribution="Reuters BIP Coding Group" action="confirmed" date="1997-07-30"/>
  </code>
</codes>
<dc element="dc.date.created" value="1997-07-30"/>
<dc element="dc.publisher" value="Reuters Holdings Plc"/>
<dc element="dc.date.published" value="1997-07-30"/>
<dc element="dc.source" value="Reuters"/>
<dc element="dc.creator.location" value="MINNEAPOLIS"/>
<dc element="dc.creator.location.country.name" value="USA"/>
<dc element="dc.source" value="Reuters"/>
</metadata>
</newsitem>
