<?xml version="1.0" encoding="iso-8859-1" ?>
<newsitem itemid="765363" id="root" date="1997-07-30" xml:lang="en">
<title>USA: President Casinos holders OK reverse split.</title>
<headline>President Casinos holders OK reverse split.</headline>
<dateline>ST. LOUIS 1997-07-30</dateline>
<text>
<p>President Casinos Inc said Wednesday that at its annual meeting, stockholders approved a one-for-six reverse stock split, and an increase in the par value of the company's common stock from $0.01 to $0.06 per share.</p>
<p>The reverse stock split, which will become effective on August 8, 1997, will reduce the number of issued and outstanding shares of common stock to 5,032,450 shares from 30,194,700 shares.</p>
</text>
<copyright>(c) Reuters Limited 1997</copyright>
<metadata>
<codes class="bip:countries:1.0">
  <code code="USA">
    <editdetail attribution="Reuters BIP Coding Group" action="confirmed" date="1997-07-30"/>
  </code>
</codes>
<codes class="bip:industries:1.0">
  <code code="I97912">
    <editdetail attribution="Reuters BIP Coding Group" action="confirmed" date="1997-07-30"/>
  </code>
</codes>
<codes class="bip:topics:1.0">
  <code code="C17">
    <editdetail attribution="Reuters BIP Coding Group" action="confirmed" date="1997-07-30"/>
  </code>
  <code code="C171">
    <editdetail attribution="Reuters BIP Coding Group" action="confirmed" date="1997-07-30"/>
  </code>
  <code code="CCAT">
    <editdetail attribution="Reuters BIP Coding Group" action="confirmed" date="1997-07-30"/>
  </code>
</codes>
<dc element="dc.date.created" value="1997-07-30"/>
<dc element="dc.publisher" value="Reuters Holdings Plc"/>
<dc element="dc.date.published" value="1997-07-30"/>
<dc element="dc.source" value="Reuters"/>
<dc element="dc.creator.location" value="ST. LOUIS"/>
<dc element="dc.creator.location.country.name" value="USA"/>
<dc element="dc.source" value="Reuters"/>
</metadata>
</newsitem>
