<?xml version="1.0" encoding="iso-8859-1" ?>
<newsitem itemid="765317" id="root" date="1997-07-30" xml:lang="en">
<title>USA: TABLE - Amnex Q2 net income rises.</title>
<headline>TABLE - Amnex Q2 net income rises.</headline>
<dateline>LAKE SUCCESS, N.Y. 1997-07-30</dateline>
<text>
<p>Quarter Ended</p>
<p>				    Jun 30, 97  Jun 30, 96  Pct Change</p>
<p> Revenue			    $31,023     $26,426	17.4</p>
<p>Net Income Available</p>
<p>  for Common Shares	     $249	  $123	  102.4</p>
<p> Primary Earnings Per Share   $0.01	 $0.01	  48.5</p>
<p>Weighted Average Number</p>
<p>  of Common Shares		29,155	21,371	36.4</p>
<p>		    (in 000's, except per share data)</p>
<p>((-- New York Newsdesk 212 859-1700))</p>
</text>
<copyright>(c) Reuters Limited 1997</copyright>
<metadata>
<codes class="bip:countries:1.0">
  <code code="USA">
    <editdetail attribution="Reuters BIP Coding Group" action="confirmed" date="1997-07-30"/>
  </code>
</codes>
<codes class="bip:industries:1.0">
  <code code="I83940">
    <editdetail attribution="Reuters BIP Coding Group" action="confirmed" date="1997-07-30"/>
  </code>
</codes>
<codes class="bip:topics:1.0">
  <code code="C15">
    <editdetail attribution="Reuters BIP Coding Group" action="confirmed" date="1997-07-30"/>
  </code>
  <code code="C151">
    <editdetail attribution="Reuters BIP Coding Group" action="confirmed" date="1997-07-30"/>
  </code>
  <code code="CCAT">
    <editdetail attribution="Reuters BIP Coding Group" action="confirmed" date="1997-07-30"/>
  </code>
</codes>
<dc element="dc.date.created" value="1997-07-30"/>
<dc element="dc.publisher" value="Reuters Holdings Plc"/>
<dc element="dc.date.published" value="1997-07-30"/>
<dc element="dc.source" value="Reuters"/>
<dc element="dc.creator.location" value="LAKE SUCCESS, N.Y."/>
<dc element="dc.creator.location.country.name" value="USA"/>
<dc element="dc.source" value="Reuters"/>
</metadata>
</newsitem>
