<?xml version="1.0" encoding="iso-8859-1" ?>
<newsitem itemid="765322" id="root" date="1997-07-30" xml:lang="en">
<title>USA: TABLE - ModaCAD Inc Q2 results.</title>
<headline>TABLE - ModaCAD Inc Q2 results.</headline>
<dateline>LOS ANGELES 1997-07-30</dateline>
<text>
<p>ModaCAD Inc.</p>
<p>			     Financial Highlights</p>
<p>			     Three Months Ended	Six Months Ended</p>
<p>				    June 30		     June 30</p>
<p>			     1997	  1996	   1997	1996</p>
<p>Net sales	    $1,132,522   $554,512   $1,728,412   $893,475</p>
<p>Net income (loss)    $36,859     32,040   ($145,734)  ($109,663)</p>
<p>Net income (loss)</p>
<p> per share		 $0.01	$0.01	($0.03)     ($0.04)</p>
<p>Weighted average</p>
<p>common shares</p>
<p> outstanding	  5,065,435  3,830,433    5,621,867  2,623,393</p>
</text>
<copyright>(c) Reuters Limited 1997</copyright>
<metadata>
<codes class="bip:countries:1.0">
  <code code="USA">
    <editdetail attribution="Reuters BIP Coding Group" action="confirmed" date="1997-07-30"/>
  </code>
</codes>
<codes class="bip:industries:1.0">
  <code code="I83954">
    <editdetail attribution="Reuters BIP Coding Group" action="confirmed" date="1997-07-30"/>
  </code>
  <code code="I8395449">
    <editdetail attribution="Reuters BIP Coding Group" action="confirmed" date="1997-07-30"/>
  </code>
</codes>
<codes class="bip:topics:1.0">
  <code code="C15">
    <editdetail attribution="Reuters BIP Coding Group" action="confirmed" date="1997-07-30"/>
  </code>
  <code code="C151">
    <editdetail attribution="Reuters BIP Coding Group" action="confirmed" date="1997-07-30"/>
  </code>
  <code code="CCAT">
    <editdetail attribution="Reuters BIP Coding Group" action="confirmed" date="1997-07-30"/>
  </code>
</codes>
<dc element="dc.date.created" value="1997-07-30"/>
<dc element="dc.publisher" value="Reuters Holdings Plc"/>
<dc element="dc.date.published" value="1997-07-30"/>
<dc element="dc.source" value="Reuters"/>
<dc element="dc.creator.location" value="LOS ANGELES"/>
<dc element="dc.creator.location.country.name" value="USA"/>
<dc element="dc.source" value="Reuters"/>
</metadata>
</newsitem>
