<?xml version="1.0" encoding="iso-8859-1" ?>
<newsitem itemid="765312" id="root" date="1997-07-30" xml:lang="en">
<title>USA: U.S. home sales seen healthy, but data volatile.</title>
<headline>U.S. home sales seen healthy, but data volatile.</headline>
<byline>Aleksandrs Rozens</byline>
<dateline>NEW YORK 1997-07-30</dateline>
<text>
<p>Robust home sales data in June indicated a healthy U.S. housing market but a sharp downward revision in May sales numbers pointed to the volatile nature of housing data, U.S. economists said Wednesday.</p>
<p>Earlier, the Commerce Department reported June single -family home sales rose 6.1 percent, but revised May data showed a one percent rise instead of a 7.1 percent jump.</p>
<p>The U.S. Treasury market built on recent gains after the data's release.  </p>
<p>Dan Seto, economist at Nikko Securities, said the Commerce Department basically shifted a lot of the recovery from May to June. The data for June showed a seasonally adjusted annual rate of 819,000. May's annual rate, previously reported at 825,000, was revised to 772,000.</p>
<p>&quot;These numbers really illustrate that the fundamentals are strong and are paving the way for new activity in housing,&quot; said Anthony Chan, Banc One Investment Advisors chief economist. Chan added that the firm tone in June data suggested the housing market would be a positive contributing factor to the U.S. economy in the third quarter.  </p>
<p>Analysts cautioned that substantial revisions to May data illustrated the volatile nature of the data.</p>
<p>&quot;I think the housing market likely will stay strong with the rate of home sales over 800,000,&quot; said Lynn Reaser, chief economist at Barnett Banks Inc.</p>
<p>Reaser pointed out that in 1996, the level of annual home sales was 757,000. In the nine years prior to 1996, she added, the annual sales level ranged between 500,000 and 700,000.</p>
<p>But, Reaser cautioned, &quot;there appears to be a lot of volatility.&quot;  </p>
<p>The Barnett Bank chief economist said that the June level of 819,000 appeared more realistic and more in line with economic conditions in the second quarter. Reaser added that if sales held at a level higher than 800,000, the potential for further upside was limited.</p>
<p>The June number reflected lower borrowing costs and a more upbeat consumer, economists said.</p>
<p>&quot;Tight labor markets and consumer confidence overall are higher and mortgage rates are declining,&quot; said Chan. He predicted that as long as supply of homes for sale remained below six months, the housing sector would continue to expand.  </p>
<p>As reported, the supply of homes for sale declined to 4.2 months's worth in June, its lowest reading since 4.1 months' worth in July 1971.</p>
<p>The benchmark 30-year Treasury bond was up 15/32 as the report was released, but rallied 29/32 higher to yield 6.32 percent just after 1100 EDT/1500 GMT.</p>
<p>The effect of these numbers on Treasuries was negligible, said Kevin Flanagan, economist at Dean Witter Reynolds Inc.</p>
<p>((N.A. Mortgage Unit 212-859-1668))</p>
</text>
<copyright>(c) Reuters Limited 1997</copyright>
<metadata>
<codes class="bip:countries:1.0">
  <code code="USA">
    <editdetail attribution="Reuters BIP Coding Group" action="confirmed" date="1997-07-30"/>
  </code>
</codes>
<codes class="bip:industries:1.0">
  <code code="I85000">
    <editdetail attribution="Reuters BIP Coding Group" action="confirmed" date="1997-07-30"/>
  </code>
  <code code="I8500031">
    <editdetail attribution="Reuters BIP Coding Group" action="confirmed" date="1997-07-30"/>
  </code>
</codes>
<codes class="bip:topics:1.0">
  <code code="C31">
    <editdetail attribution="Reuters BIP Coding Group" action="confirmed" date="1997-07-30"/>
  </code>
  <code code="CCAT">
    <editdetail attribution="Reuters BIP Coding Group" action="confirmed" date="1997-07-30"/>
  </code>
</codes>
<dc element="dc.date.created" value="1997-07-30"/>
<dc element="dc.publisher" value="Reuters Holdings Plc"/>
<dc element="dc.date.published" value="1997-07-30"/>
<dc element="dc.source" value="Reuters"/>
<dc element="dc.creator.location" value="NEW YORK"/>
<dc element="dc.creator.location.country.name" value="USA"/>
<dc element="dc.source" value="Reuters"/>
</metadata>
</newsitem>
