<?xml version="1.0" encoding="iso-8859-1" ?>
<newsitem itemid="765309" id="root" date="1997-07-30" xml:lang="en">
<title>USA: TABLE - Cholestech Corp Q1 full results.</title>
<headline>TABLE - Cholestech Corp Q1 full results.</headline>
<dateline>HAYWARD, Calif. 1997-07-30</dateline>
<text>
<p>CONDENSED STATEMENTS OF OPERATIONS</p>
<p>	    (In thousands, except share and per share data)</p>
<p>				 (unaudited)</p>
<p>						   Thirteen weeks ended</p>
<p>				   Jun 27, 1997	    Jun 28, 1996</p>
<p>Net sales</p>
<p>    Domestic			   $3,808		    $2,473</p>
<p>    International			 395			 287</p>
<p>					    4,203		     2,760</p>
<p> Cost of product sales		1,995		     1,643</p>
<p> Gross profit			   2,208		     1,117</p>
<p>Operating expenses</p>
<p>    Research and development	  475			 184</p>
<p>    Sales and marketing	     1,176			 906</p>
<p>    General and administrative	553			 415</p>
<p> Total operating expenses	   2,204		     1,505</p>
<p> Income/(loss)from operations	   4		     (388)</p>
<p> Interest income/(expense), net     118			(23)</p>
<p> Income/(loss) before taxes	   122		     (411)</p>
<p> Income tax provision		     3			   -</p>
<p> Net income/(loss)			119		     (411)</p>
<p> Net income/(loss) per share	  .01		    (0.05)</p>
<p>Weighted average common</p>
<p>stock and equivalents</p>
<p>   outstanding		   11,545,752		 8,161,721</p>
</text>
<copyright>(c) Reuters Limited 1997</copyright>
<metadata>
<codes class="bip:countries:1.0">
  <code code="USA">
    <editdetail attribution="Reuters BIP Coding Group" action="confirmed" date="1997-07-30"/>
  </code>
</codes>
<codes class="bip:industries:1.0">
  <code code="I25700">
    <editdetail attribution="Reuters BIP Coding Group" action="confirmed" date="1997-07-30"/>
  </code>
</codes>
<codes class="bip:topics:1.0">
  <code code="C15">
    <editdetail attribution="Reuters BIP Coding Group" action="confirmed" date="1997-07-30"/>
  </code>
  <code code="C151">
    <editdetail attribution="Reuters BIP Coding Group" action="confirmed" date="1997-07-30"/>
  </code>
  <code code="CCAT">
    <editdetail attribution="Reuters BIP Coding Group" action="confirmed" date="1997-07-30"/>
  </code>
</codes>
<dc element="dc.date.created" value="1997-07-30"/>
<dc element="dc.publisher" value="Reuters Holdings Plc"/>
<dc element="dc.date.published" value="1997-07-30"/>
<dc element="dc.source" value="Reuters"/>
<dc element="dc.creator.location" value="HAYWARD, Calif."/>
<dc element="dc.creator.location.country.name" value="USA"/>
<dc element="dc.source" value="Reuters"/>
</metadata>
</newsitem>
