<?xml version="1.0" encoding="iso-8859-1" ?>
<newsitem itemid="765383" id="root" date="1997-07-30" xml:lang="en">
<title>USA: NYSEG reaches restructuring agreement.</title>
<headline>NYSEG reaches restructuring agreement.</headline>
<dateline>BINGHAMTON, N.Y. 1997-07-30</dateline>
<text>
<p>New York State Electric &amp; Gas Corp said Wednesday it has reached an agreement with the New York Public Service Commission Staff on the principles to govern a settlement of the utility's restructuring proceeding.</p>
<p>Among other things, the company said, it would forego previously approved rate increases totaling six percent that were scheduled to become effective in August of 1996 and 1997.</p>
<p>Participants in NYSEG's talks with the staff and other interested parties said it was the utility's demand that it get the 1996 increase that put the case into litigation.  </p>
<p>In addition to foregoing the approved residential and commercial rate increases, NYSEG said, the agreement freezes these prices through July 31, 2002.</p>
<p>Rates for large-use industrial and commercial customers would be reduced by five percent each year for the next five years, it said.</p>
<p>In addition, the utility said, there is the potential to reduce prices another nine percent, since the company intends to pass back to customers savings from renegotiation of non-utility generator contracts and the passage of securitization legislation.  </p>
<p>Furthermore, if the legislature approved the replacement of the gross receipts tax with a &quot;profits-based tax,&quot; electric prices could be reduced another 3.1 percent.  The combined effect of all these actions would be a reduction in average electric prices of about 20 percent from previously authorized levels, it said.</p>
<p>According to the agreement, NYSEG said in a statement, &quot;The settlement meets all of the PSC's rate goals.  It encourages economic development and freezes prices under a hard five-year price cap.  The aggregate value of the revenue concessions is nearly $600 million.&quot;  </p>
<p>The utility said the agreement would govern a settlement of its proceeding to establish the terms on which competition will be promoted in its service territory.</p>
<p>&quot;This is an important milestone in our transition to competition.  It presents the most aggressive plan in the state for implementing 'customer choice' and reinforces our commitment to competition,&quot; chief executive Wes von Schack said.</p>
<p>Later he told Reuters &quot;This is something that we have been working on for some time.  We have been working with the Public Service Commission for months, totally independent of CalEnergy's (Co Inc's acquisition) bid.&quot;  </p>
<p>&quot;It is an extemely comeprehensive, complex agreement that we finally finished off,&quot; he said in a telephone interview.</p>
<p>However, the company's statement gave few details on how the settlement would restructure the company for competition. And commission spokesman Ed Collins said nothing has been filed with the commission.  He said a filing is expected later Wednesday.</p>
<p>NYSEG's statement did say a retail choice program would proceed, under which all customers would be permitted to buy electricity in a competitive marketplace by August 1, 1999; and the company would separate its fossil fuel generation into an unregulated subsidiary.</p>
<p>It said the fossil generating units would be subject to an auction process in which the company could participate.  Value achieved from the auction process would also benefit customers.</p>
<p>It also said the agreement would extend the current natural gas settlement through July 31, 2002, adding this would freeze prices.</p>
<p>NYSEG said &quot;The real price of electricity could be reduced by 35 percent over the next five years when inflation is factored into our plans.&quot;</p>
<p>((-- Jim Brumm 212-859-1710.))</p>
</text>
<copyright>(c) Reuters Limited 1997</copyright>
<metadata>
<codes class="bip:countries:1.0">
  <code code="USA">
    <editdetail attribution="Reuters BIP Coding Group" action="confirmed" date="1997-07-30"/>
  </code>
</codes>
<codes class="bip:industries:1.0">
  <code code="I16000">
    <editdetail attribution="Reuters BIP Coding Group" action="confirmed" date="1997-07-30"/>
  </code>
  <code code="I16300">
    <editdetail attribution="Reuters BIP Coding Group" action="confirmed" date="1997-07-30"/>
  </code>
</codes>
<codes class="bip:topics:1.0">
  <code code="C11">
    <editdetail attribution="Reuters BIP Coding Group" action="confirmed" date="1997-07-30"/>
  </code>
  <code code="C13">
    <editdetail attribution="Reuters BIP Coding Group" action="confirmed" date="1997-07-30"/>
  </code>
  <code code="CCAT">
    <editdetail attribution="Reuters BIP Coding Group" action="confirmed" date="1997-07-30"/>
  </code>
</codes>
<dc element="dc.date.created" value="1997-07-30"/>
<dc element="dc.publisher" value="Reuters Holdings Plc"/>
<dc element="dc.date.published" value="1997-07-30"/>
<dc element="dc.source" value="Reuters"/>
<dc element="dc.creator.location" value="BINGHAMTON, N.Y."/>
<dc element="dc.creator.location.country.name" value="USA"/>
<dc element="dc.source" value="Reuters"/>
</metadata>
</newsitem>
