<?xml version="1.0" encoding="iso-8859-1" ?>
<newsitem itemid="765351" id="root" date="1997-07-30" xml:lang="en">
<title>USA: Kentucky Electric Steel net income falls.</title>
<headline>Kentucky Electric Steel net income falls.</headline>
<dateline>ASHLAND, Ky. 1997-07-30</dateline>
<text>
<p>Kentucky Electric Steel Inc</p>
<p>			  Three Months Ended     Nine Months Ended</p>
<p>			   Jun 28,    Jun 29,    Jun 28,    Jun 29,</p>
<p>				1997	1996	 1997	 1996</p>
<p> Net sales	    $ 22,724   $ 26,483   $ 69,265   $ 74,796</p>
<p>Operating income (loss)</p>
<p>				 609	  850    (3,244)	1,886</p>
<p> Net income (loss)	  45	  319    (2,998)	  724</p>
<p>Net income (loss) per</p>
<p>  common share	     .01	  .07	(.65)	  .15</p>
<p>Weighted average shares</p>
<p>  outstanding	4,622,062  4,790,885  4,636,370  4,831,054</p>
<p>	 (Dollars in Thousands, Except Per Share Data)</p>
<p>((--New York Newsdesk 212-859-1700))</p>
</text>
<copyright>(c) Reuters Limited 1997</copyright>
<metadata>
<codes class="bip:countries:1.0">
  <code code="USA">
    <editdetail attribution="Reuters BIP Coding Group" action="confirmed" date="1997-07-30"/>
  </code>
</codes>
<codes class="bip:industries:1.0">
  <code code="I22300">
    <editdetail attribution="Reuters BIP Coding Group" action="confirmed" date="1997-07-30"/>
  </code>
</codes>
<codes class="bip:topics:1.0">
  <code code="C15">
    <editdetail attribution="Reuters BIP Coding Group" action="confirmed" date="1997-07-30"/>
  </code>
  <code code="C151">
    <editdetail attribution="Reuters BIP Coding Group" action="confirmed" date="1997-07-30"/>
  </code>
  <code code="CCAT">
    <editdetail attribution="Reuters BIP Coding Group" action="confirmed" date="1997-07-30"/>
  </code>
</codes>
<dc element="dc.date.created" value="1997-07-30"/>
<dc element="dc.publisher" value="Reuters Holdings Plc"/>
<dc element="dc.date.published" value="1997-07-30"/>
<dc element="dc.source" value="Reuters"/>
<dc element="dc.creator.location" value="ASHLAND, Ky."/>
<dc element="dc.creator.location.country.name" value="USA"/>
<dc element="dc.source" value="Reuters"/>
</metadata>
</newsitem>
