<?xml version="1.0" encoding="iso-8859-1" ?>
<newsitem itemid="765399" id="root" date="1997-07-30" xml:lang="en">
<title>USA: TABLE - Travis Boats Q3 net riese.</title>
<headline>TABLE - Travis Boats Q3 net riese.</headline>
<dateline>AUSTIN, Texas 1997-07-30</dateline>
<text>
<p>Travis Boats &amp; Motors Inc</p>
<p>(In thousands, except earnings per share, outstanding</p>
<p>				 shares &amp; store data)</p>
<p>				Three months ended  Nine months ended</p>
<p>				     June 30,	    June 30,</p>
<p>			     1997	 1996	 1997	 1996</p>
<p> Net sales	     $37,348    $26,445    $67,072    $48,462</p>
<p> Operating income	3,873	2,705	5,419	3,712</p>
<p> Net Income		2,172	1,416	2,748	1,659</p>
<p>Net Income per common share</p>
<p>				0.53	 0.52	 0.66	 0.61</p>
<p>Weighted average common</p>
<p>shares outstanding</p>
<p>			 4,136,506  2,741,193  4,136,506  2,702,661</p>
<p>Stores open at end of period</p>
<p>				  16	   12	   16	   12</p>
</text>
<copyright>(c) Reuters Limited 1997</copyright>
<metadata>
<codes class="bip:countries:1.0">
  <code code="USA">
    <editdetail attribution="Reuters BIP Coding Group" action="confirmed" date="1997-07-30"/>
  </code>
</codes>
<codes class="bip:industries:1.0">
  <code code="I65400">
    <editdetail attribution="Reuters BIP Coding Group" action="confirmed" date="1997-07-30"/>
  </code>
</codes>
<codes class="bip:topics:1.0">
  <code code="C15">
    <editdetail attribution="Reuters BIP Coding Group" action="confirmed" date="1997-07-30"/>
  </code>
  <code code="C151">
    <editdetail attribution="Reuters BIP Coding Group" action="confirmed" date="1997-07-30"/>
  </code>
  <code code="CCAT">
    <editdetail attribution="Reuters BIP Coding Group" action="confirmed" date="1997-07-30"/>
  </code>
</codes>
<dc element="dc.date.created" value="1997-07-30"/>
<dc element="dc.publisher" value="Reuters Holdings Plc"/>
<dc element="dc.date.published" value="1997-07-30"/>
<dc element="dc.source" value="Reuters"/>
<dc element="dc.creator.location" value="AUSTIN, Texas"/>
<dc element="dc.creator.location.country.name" value="USA"/>
<dc element="dc.source" value="Reuters"/>
</metadata>
</newsitem>
