<?xml version="1.0" encoding="iso-8859-1" ?>
<newsitem itemid="765392" id="root" date="1997-07-30" xml:lang="en">
<title>USA: TABLE - Davco Restaurants Q3 net rises.</title>
<headline>TABLE - Davco Restaurants Q3 net rises.</headline>
<dateline>CROFTON, Md. 1997-07-30</dateline>
<text>
<p>13 Weeks Ended  39 Weeks Ended</p>
<p>				    Jun 28, Jun 29,  Jun 28,  Jun 29,</p>
<p>					1997     1996     1997     1996</p>
<p>(in 000's except share data)</p>
<p> Restaurant sales	     $60,706 $54,491 $163,185 $148,701</p>
<p> Net income			 2,949   2,238    4,735    3,156</p>
<p> Earnings per share		0.42    0.32     0.68     0.45</p>
<p> Average shares outstanding   6,976   7,054    6,974    7,085</p>
<p>NOTE: Full name is Davco Restaurants Inc.</p>
</text>
<copyright>(c) Reuters Limited 1997</copyright>
<metadata>
<codes class="bip:countries:1.0">
  <code code="USA">
    <editdetail attribution="Reuters BIP Coding Group" action="confirmed" date="1997-07-30"/>
  </code>
</codes>
<codes class="bip:industries:1.0">
  <code code="I66100">
    <editdetail attribution="Reuters BIP Coding Group" action="confirmed" date="1997-07-30"/>
  </code>
</codes>
<codes class="bip:topics:1.0">
  <code code="C15">
    <editdetail attribution="Reuters BIP Coding Group" action="confirmed" date="1997-07-30"/>
  </code>
  <code code="C151">
    <editdetail attribution="Reuters BIP Coding Group" action="confirmed" date="1997-07-30"/>
  </code>
  <code code="CCAT">
    <editdetail attribution="Reuters BIP Coding Group" action="confirmed" date="1997-07-30"/>
  </code>
</codes>
<dc element="dc.date.created" value="1997-07-30"/>
<dc element="dc.publisher" value="Reuters Holdings Plc"/>
<dc element="dc.date.published" value="1997-07-30"/>
<dc element="dc.source" value="Reuters"/>
<dc element="dc.creator.location" value="CROFTON, Md."/>
<dc element="dc.creator.location.country.name" value="USA"/>
<dc element="dc.source" value="Reuters"/>
</metadata>
</newsitem>
