<?xml version="1.0" encoding="iso-8859-1" ?>
<newsitem itemid="765386" id="root" date="1997-07-30" xml:lang="en">
<title>USA: U.S.-SDR rate opener, weekly charge rates.</title>
<headline>U.S.-SDR rate opener, weekly charge rates.</headline>
<dateline>WASHINGTON 1997-07-30</dateline>
<text>
<p>The International Monetary Fund said the opening exchange value of the U.S. dollar against the SDR was 1.35428, versus 1.35938 yesterday.</p>
<p>The IMF said that for the week beginning July 28, the rate of interest and charges on the SDR is 4.11 percent. The rate of remuneration on members' creditor positions is also 4.11 percent. The rate of charge on members' use of fund credit is 4.50 percent.</p>
</text>
<copyright>(c) Reuters Limited 1997</copyright>
<metadata>
<codes class="bip:countries:1.0">
  <code code="USA">
    <editdetail attribution="Reuters BIP Coding Group" action="confirmed" date="1997-07-30"/>
  </code>
</codes>
<codes class="bip:topics:1.0">
  <code code="M13">
    <editdetail attribution="Reuters BIP Coding Group" action="confirmed" date="1997-07-30"/>
  </code>
  <code code="M132">
    <editdetail attribution="Reuters BIP Coding Group" action="confirmed" date="1997-07-30"/>
  </code>
  <code code="MCAT">
    <editdetail attribution="Reuters BIP Coding Group" action="confirmed" date="1997-07-30"/>
  </code>
</codes>
<dc element="dc.date.created" value="1997-07-30"/>
<dc element="dc.publisher" value="Reuters Holdings Plc"/>
<dc element="dc.date.published" value="1997-07-30"/>
<dc element="dc.source" value="Reuters"/>
<dc element="dc.creator.location" value="WASHINGTON"/>
<dc element="dc.creator.location.country.name" value="USA"/>
<dc element="dc.source" value="Reuters"/>
</metadata>
</newsitem>
