<?xml version="1.0" encoding="iso-8859-1" ?>
<newsitem itemid="765345" id="root" date="1997-07-30" xml:lang="en">
<title>USA: TABLE-Mascotech Inc Q2 net profit vs loss.</title>
<headline>TABLE-Mascotech Inc Q2 net profit vs loss.</headline>
<dateline>TAYLOR, Mich. 1997-07-30</dateline>
<text>
<p>Three Months Ended  Six Months Ended</p>
<p>					June 30	     June 30</p>
<p>				1997	1996	 1997	 1996</p>
<p> Net Sales	    $233,040   $345,060   $466,480   $718,980</p>
<p> Cost of Sales     (179,050)  (287,130)  (356,190)  (599,610)</p>
<p>Selling, General</p>
<p>and Administrative</p>
<p>  Expenses	    (22,840)   (33,830)   (45,550)   (71,360)</p>
<p>Charge for Disposition</p>
<p>  of Businesses, Net     ---   (29,520)	  ---   (31,520)</p>
<p>Operating Profit (Loss)</p>
<p>			    31,150    (5,420)     64,740     16,490</p>
<p> Other Income, Net     9,650	5,000     30,140	  980</p>
<p>Income (Loss) Before Income Taxes and</p>
<p>Cumulative Effect of Accounting Change</p>
<p>			    40,800	(420)     94,880     17,470</p>
<p> Income Taxes	   16,150	6,240     37,570     13,390</p>
<p>Income (Loss) Before Cumulative Effect</p>
<p>of Accounting Change</p>
<p>			    24,650    (6,660)     57,310	4,080</p>
<p>Cumulative Effect of</p>
<p>  Accounting Change	---	  ---	  ---     11,700</p>
<p> Net Income (Loss)    24,650    (6,660)     57,310     15,780</p>
<p>Preferred Stock</p>
<p>  Dividends		3,000	3,240	6,240	6,480</p>
<p>Earnings (Loss) Attributable to</p>
<p>  Common Stock	  21,650    (9,900)     51,070	9,300</p>
<p>Earnings (Loss) Per Common Share:</p>
<p>Primary:</p>
<p>Income (Loss) Before</p>
<p>  Accounting Change	.50	(.18)	 1.16	(.04)</p>
<p> Accounting Change	  --	  ---	   --	  .20</p>
<p>Earnings (Loss) Attributable to</p>
<p>  Common Stock	     .50	(.18)	 1.16	  .16</p>
<p>Fully Diluted:</p>
<p>Income (Loss) Before Accounting Change</p>
<p>				 .46	(.18)	 1.04	(.04)</p>
<p> Accounting Change	  --	  ---	   --	  .20</p>
<p>Earnings (Loss) Attributable to</p>
<p>  Common Stock	     .46	(.18)	 1.04	  .16</p>
<p>((Amounts in thousands except per share data))</p>
<p>NOTE: Income in Q2 1996 would have been about $16 million or $0.29 per common share after preferred stock dividends and excluding the losses related to the disposition of MascoTech Stamping Technologies Inc.</p>
<p>NOTE: Q2 1997 results were negatively impacted by work stoppages at certain North American vehicle manufacturers, but offset by gains of about $0.04 a share from the company's marketable securities portfolio.</p>
<p>((--Chicago newsdesk, 312-408-8787))</p>
</text>
<copyright>(c) Reuters Limited 1997</copyright>
<metadata>
<codes class="bip:countries:1.0">
  <code code="USA">
    <editdetail attribution="Reuters BIP Coding Group" action="confirmed" date="1997-07-30"/>
  </code>
</codes>
<codes class="bip:industries:1.0">
  <code code="I32000">
    <editdetail attribution="Reuters BIP Coding Group" action="confirmed" date="1997-07-30"/>
  </code>
</codes>
<codes class="bip:topics:1.0">
  <code code="C15">
    <editdetail attribution="Reuters BIP Coding Group" action="confirmed" date="1997-07-30"/>
  </code>
  <code code="C151">
    <editdetail attribution="Reuters BIP Coding Group" action="confirmed" date="1997-07-30"/>
  </code>
  <code code="CCAT">
    <editdetail attribution="Reuters BIP Coding Group" action="confirmed" date="1997-07-30"/>
  </code>
</codes>
<dc element="dc.date.created" value="1997-07-30"/>
<dc element="dc.publisher" value="Reuters Holdings Plc"/>
<dc element="dc.date.published" value="1997-07-30"/>
<dc element="dc.source" value="Reuters"/>
<dc element="dc.creator.location" value="TAYLOR, Mich."/>
<dc element="dc.creator.location.country.name" value="USA"/>
<dc element="dc.source" value="Reuters"/>
</metadata>
</newsitem>
