<?xml version="1.0" encoding="iso-8859-1" ?>
<newsitem itemid="765388" id="root" date="1997-07-30" xml:lang="en">
<title>USA: Columbia/HCA wont invest in America's Health.</title>
<headline>Columbia/HCA wont invest in America's Health.</headline>
<dateline>NASHVILLE, Tenn. 1997-07-30</dateline>
<text>
<p>Embattled health care services company Columbia/HCA Healthcare Corp said Wednesday it had decided against making a majority interest investment in America's Health Network.</p>
<p>Columbia also said that as of June 30 it had spent $730 million repurchasing 20 million common shares as part of a $1 billion repurchase program started in April.</p>
<p>The announcements came within days of the resignations of chief executive officer Richard Scott and president David Vandewater. Both men departed amid government investigations into possible Medicare and Medicaid fraud by the company. Vice Chairman Thomas Frist has assumed Columbia's top post.</p>
<p>Columbia/HCA announced Tuesday that second quarter earnings rose 13 percent, to $0.62 a share from $0.54 during the same period a year ago.</p>
</text>
<copyright>(c) Reuters Limited 1997</copyright>
<metadata>
<codes class="bip:countries:1.0">
  <code code="USA">
    <editdetail attribution="Reuters BIP Coding Group" action="confirmed" date="1997-07-30"/>
  </code>
</codes>
<codes class="bip:industries:1.0">
  <code code="I95100">
    <editdetail attribution="Reuters BIP Coding Group" action="confirmed" date="1997-07-30"/>
  </code>
  <code code="I9741112">
    <editdetail attribution="Reuters BIP Coding Group" action="confirmed" date="1997-07-30"/>
  </code>
</codes>
<codes class="bip:topics:1.0">
  <code code="C18">
    <editdetail attribution="Reuters BIP Coding Group" action="confirmed" date="1997-07-30"/>
  </code>
  <code code="C181">
    <editdetail attribution="Reuters BIP Coding Group" action="confirmed" date="1997-07-30"/>
  </code>
  <code code="CCAT">
    <editdetail attribution="Reuters BIP Coding Group" action="confirmed" date="1997-07-30"/>
  </code>
</codes>
<dc element="dc.date.created" value="1997-07-30"/>
<dc element="dc.publisher" value="Reuters Holdings Plc"/>
<dc element="dc.date.published" value="1997-07-30"/>
<dc element="dc.source" value="Reuters"/>
<dc element="dc.creator.location" value="NASHVILLE, Tenn."/>
<dc element="dc.creator.location.country.name" value="USA"/>
<dc element="dc.source" value="Reuters"/>
</metadata>
</newsitem>
