<?xml version="1.0" encoding="iso-8859-1" ?>
<newsitem itemid="765320" id="root" date="1997-07-30" xml:lang="en">
<title>USA: Echlin to repay bank debt from unit sale.</title>
<headline>Echlin to repay bank debt from unit sale.</headline>
<dateline>BRANFORD, Conn. 1997-07-30</dateline>
<text>
<p>Echlin Inc, a maker of motor vehicle parts, said it will repay bank debt with the proceeds from the sale of its Preferred Plastic Sheet Division to Spartech Corp.</p>
<p>Echlin said the sale of the division, which has about $75 million in annual sales, reiterates its commitment to its global automotive operations. Financial terms of the deal were not immediately available.</p>
<p>Preferred Plastic Sheet had become part of Echlin in 1994 through the acquisition of Preferred Technical Group, a maker of automobile hoses, Echlin said in a statement.  </p>
<p>The transaction is expected to be completed by August 31, 1997, Echlin said.</p>
<p>It could not be immediately determined whether the company would be posting a gain or a charge from the sale.</p>
</text>
<copyright>(c) Reuters Limited 1997</copyright>
<metadata>
<codes class="bip:countries:1.0">
  <code code="USA">
    <editdetail attribution="Reuters BIP Coding Group" action="confirmed" date="1997-07-30"/>
  </code>
</codes>
<codes class="bip:industries:1.0">
  <code code="I25140">
    <editdetail attribution="Reuters BIP Coding Group" action="confirmed" date="1997-07-30"/>
  </code>
  <code code="I35300">
    <editdetail attribution="Reuters BIP Coding Group" action="confirmed" date="1997-07-30"/>
  </code>
</codes>
<codes class="bip:topics:1.0">
  <code code="C17">
    <editdetail attribution="Reuters BIP Coding Group" action="confirmed" date="1997-07-30"/>
  </code>
  <code code="C173">
    <editdetail attribution="Reuters BIP Coding Group" action="confirmed" date="1997-07-30"/>
  </code>
  <code code="C18">
    <editdetail attribution="Reuters BIP Coding Group" action="confirmed" date="1997-07-30"/>
  </code>
  <code code="C181">
    <editdetail attribution="Reuters BIP Coding Group" action="confirmed" date="1997-07-30"/>
  </code>
  <code code="CCAT">
    <editdetail attribution="Reuters BIP Coding Group" action="confirmed" date="1997-07-30"/>
  </code>
</codes>
<dc element="dc.date.created" value="1997-07-30"/>
<dc element="dc.publisher" value="Reuters Holdings Plc"/>
<dc element="dc.date.published" value="1997-07-30"/>
<dc element="dc.source" value="Reuters"/>
<dc element="dc.creator.location" value="BRANFORD, Conn."/>
<dc element="dc.creator.location.country.name" value="USA"/>
<dc element="dc.source" value="Reuters"/>
</metadata>
</newsitem>
