<?xml version="1.0" encoding="iso-8859-1" ?>
<newsitem itemid="765397" id="root" date="1997-07-30" xml:lang="en">
<title>USA: NYSEG board rejects CalEnergy offer.</title>
<headline>NYSEG board rejects CalEnergy offer.</headline>
<dateline>BINGHAMTON, N.Y. 1997-07-30</dateline>
<text>
<p>New York State Electric &amp; Gas Corp said Wednesday its directors unanimously recommended that shareholders reject CalEnergy Co Inc's unsolicited tender offer to purchase 9.9 percent of NYSEG's common shares for $24.50 per share in cash.</p>
<p>The utility said the board also decided to reject CalEnergy's proposal to commence negotiations for a transaction in which CalEnergy would acquire all of NYSEG at $27.50 per share as not being in the best interests of the company or its shareholders, customers, employees and other constituencies.  </p>
<p>In reaching its decisions, NYSEG said, directors considered a number of factors, including:</p>
<p>-- the board's belief that, for a variety of reasons, especially the uncertain regulatory environment affecting utilities operating in New York State and the ongoing regulatory restructuring proceedings initiated by the New York Public Service Commission, the market price of NYSEG common stock is artificially depressed and the price stated in the invitation to negotiate does not reflect the current or long-term value inherent in NYSEG.  </p>
<p>-- the lack of substance to CalEnergy's invitation to negotiate, including the absence of any regulatory plan, &quot;without which any proposal to take over a public utility is meaningless,&quot; and the absence of detail regarding CalEnergy's proposed financing arrangements.</p>
<p>-- the significant regulatory hurdles associated with effecting a business combination transaction, including obtaining the approval of state regulators, the Federal Energy Regulatory Commission, the Nuclear Regulatory Commission and the Securities and Exchange Commission, as well as the time delays in obtaining those regulatory approvals.  </p>
<p>-- CalEnergy's lack of experience as a manager of electric and natural gas transmission and distribution system.</p>
<p>-- the structure and nature of the 9.9 percent tender offer which, if successful, would result in NYSEG having a large shareholder, CalEnergy, with interests -- through a subsidiary selling power to NYSEG -- different from and conflicting with other shareholders.</p>
<p>-- the opinion of NYSEG's management that the consideration of $27.50 per share stated by CalEnergy in the invitation to negotiate is inadequate.</p>
<p>-- the opinions of the company's financial advisors regarding the $27.50 per share price stated in CalEnergy's invitation to negotiate.  It said Morgan Stanley &amp; Co and Goldman, Sachs and Co found the price to be inadequate.</p>
<p>((-- New York Newsdesk 212 859-1610))</p>
</text>
<copyright>(c) Reuters Limited 1997</copyright>
<metadata>
<codes class="bip:countries:1.0">
  <code code="USA">
    <editdetail attribution="Reuters BIP Coding Group" action="confirmed" date="1997-07-30"/>
  </code>
</codes>
<codes class="bip:industries:1.0">
  <code code="I16000">
    <editdetail attribution="Reuters BIP Coding Group" action="confirmed" date="1997-07-30"/>
  </code>
  <code code="I16300">
    <editdetail attribution="Reuters BIP Coding Group" action="confirmed" date="1997-07-30"/>
  </code>
</codes>
<codes class="bip:topics:1.0">
  <code code="C18">
    <editdetail attribution="Reuters BIP Coding Group" action="confirmed" date="1997-07-30"/>
  </code>
  <code code="C181">
    <editdetail attribution="Reuters BIP Coding Group" action="confirmed" date="1997-07-30"/>
  </code>
  <code code="CCAT">
    <editdetail attribution="Reuters BIP Coding Group" action="confirmed" date="1997-07-30"/>
  </code>
</codes>
<dc element="dc.date.created" value="1997-07-30"/>
<dc element="dc.publisher" value="Reuters Holdings Plc"/>
<dc element="dc.date.published" value="1997-07-30"/>
<dc element="dc.source" value="Reuters"/>
<dc element="dc.creator.location" value="BINGHAMTON, N.Y."/>
<dc element="dc.creator.location.country.name" value="USA"/>
<dc element="dc.source" value="Reuters"/>
</metadata>
</newsitem>
