<?xml version="1.0" encoding="iso-8859-1" ?>
<newsitem itemid="765337" id="root" date="1997-07-30" xml:lang="en">
<title>USA: TABLE - Coded Communications Q2 results.</title>
<headline>TABLE - Coded Communications Q2 results.</headline>
<dateline>CARLSBAD, Calif. 1997-07-30</dateline>
<text>
<p>Financial Highlights</p>
<p>			   (000's except per share data)</p>
<p>					 (Unaudited)</p>
<p>							 Three Months Ended</p>
<p>				 Jun 28, 1997		Jun 29, 1996</p>
<p>Operating data:</p>
<p> Net sales			   $4,028			$2,574</p>
<p> Gross margin			 1,544			 1,242</p>
<p> Operating income		     218			   138</p>
<p>Income (loss) before</p>
<p>   extraordinary gain		 211			  (71)</p>
<p> Extraordinary gain (a)		 3			   163</p>
<p> Net income			     214			    92</p>
<p> Net income per share		  --			   .01</p>
<p> Average shares outstanding (b) 76,976		     14,735</p>
<p>							   Six Months Ended</p>
<p>				 Jun 28, 1997		Jun 29, 1996</p>
<p>Operating data:</p>
<p> Net sales			   $7,017			$5,270</p>
<p> Gross margin			 3,038			 2,324</p>
<p> Operating income		     342			   240</p>
<p>Income (loss) before</p>
<p>   extraordinary gain		 324			 (178)</p>
<p> Extraordinary gain (a)		11			   215</p>
<p> Net income			     335			    37</p>
<p> Net income per share		  --			    --</p>
<p> Average shares outstanding (b) 76,970		     14,712</p>
<p>(a)  Extraordinary gain from settlement of debt.</p>
<p>(b)  Average shares include approximately 66 million shares issued in September 1996 in connection with an investment transaction and the restructuring of debt.</p>
</text>
<copyright>(c) Reuters Limited 1997</copyright>
<metadata>
<codes class="bip:countries:1.0">
  <code code="USA">
    <editdetail attribution="Reuters BIP Coding Group" action="confirmed" date="1997-07-30"/>
  </code>
</codes>
<codes class="bip:industries:1.0">
  <code code="I34400">
    <editdetail attribution="Reuters BIP Coding Group" action="confirmed" date="1997-07-30"/>
  </code>
</codes>
<codes class="bip:topics:1.0">
  <code code="C15">
    <editdetail attribution="Reuters BIP Coding Group" action="confirmed" date="1997-07-30"/>
  </code>
  <code code="C151">
    <editdetail attribution="Reuters BIP Coding Group" action="confirmed" date="1997-07-30"/>
  </code>
  <code code="CCAT">
    <editdetail attribution="Reuters BIP Coding Group" action="confirmed" date="1997-07-30"/>
  </code>
</codes>
<dc element="dc.date.created" value="1997-07-30"/>
<dc element="dc.publisher" value="Reuters Holdings Plc"/>
<dc element="dc.date.published" value="1997-07-30"/>
<dc element="dc.source" value="Reuters"/>
<dc element="dc.creator.location" value="CARLSBAD, Calif."/>
<dc element="dc.creator.location.country.name" value="USA"/>
<dc element="dc.source" value="Reuters"/>
</metadata>
</newsitem>
