<?xml version="1.0" encoding="iso-8859-1" ?>
<newsitem itemid="765398" id="root" date="1997-07-30" xml:lang="en">
<title>USA: TABLE-IMCO Recycling Q2 shr $0.28 vs $0.21.</title>
<headline>TABLE-IMCO Recycling Q2 shr $0.28 vs $0.21.</headline>
<dateline>IRVING, Texas 1997-07-30</dateline>
<text>
<p>(In thousands, except per share data)</p>
<p>			    For the three months  For the six months</p>
<p>				   ended June 30,     ended June 30,</p>
<p>				   1997     1996     1997     1996</p>
<p> REVENUES		   $ 76,600 $ 50,465 $159,127 $101,183</p>
<p>   Cost of sales	    64,460   42,658  136,850   85,486</p>
<p> GROSS PROFIT		 12,140    7,807   22,277   15,697</p>
<p>Selling, general and</p>
<p>   administrative expenses 4,236    2,888    8,799    5,869</p>
<p>Equity in earnings</p>
<p>    of affiliates		 (60)    (116)     (90)    (423)</p>
<p>   Interest expense	    1,943	980    3,659    1,590</p>
<p>   Interest income	     (110)    (238)    (179)    (382)</p>
<p>	  TOTAL		    6,009    3,514   12,189    6,654</p>
<p>INCOME BEFORE PROVISION</p>
<p>FOR INCOME TAXES, MINORITY</p>
<p>INTEREST AND EXTRA-</p>
<p>   ORDINARY ITEM		 6,131    4,293   10,088    9,043</p>
<p>Provision for income taxes</p>
<p>				     2,450    1,695    4,033    3,482</p>
<p>INCOME BEFORE MINORITY INTEREST</p>
<p>  AND EXTRAORDINARY ITEM     3,681    2,598    6,055    5,561</p>
<p>Minority interest, net of</p>
<p>provision for income taxes</p>
<p>					 114	---	208	---</p>
<p>INCOME BEFORE EXTRA-</p>
<p>  ORDINARY ITEM		  3,567    2,598    5,847    5,561</p>
<p> EXTRAORDINARY ITEM		---	---    1,318	---</p>
<p> NET EARNINGS		    3,567    2,598    4,529    5,561</p>
<p>PER COMMON SHARE:</p>
<p>Income before extra-</p>
<p>    ordinary item		 0.28     0.21     0.46     0.45</p>
<p>   Extraordinary item	    ---	---   (0.10)	---</p>
<p>   Net earnings		   0.28     0.21     0.36     0.45</p>
<p>Weighted average</p>
<p>common and common</p>
<p>equivalent shares</p>
<p>  outstanding		   12,844   12,377   12,732   12,387</p>
<p>Supplementary Information</p>
<p>Depreciation</p>
<p>  and amortization	     3,936    2,897    7,773    5,673</p>
<p> Capital spending		7,018    2,224   19,026    4,480</p>
<p> Long-term debt		    ---	---  115,391   49,185</p>
<p> Total assets			---	---  267,421  159,876</p>
<p>Full company name is IMCO Recycling Inc.</p>
<p>--((New York Newsdesk 212 859-1610))</p>
</text>
<copyright>(c) Reuters Limited 1997</copyright>
<metadata>
<codes class="bip:countries:1.0">
  <code code="USA">
    <editdetail attribution="Reuters BIP Coding Group" action="confirmed" date="1997-07-30"/>
  </code>
</codes>
<codes class="bip:industries:1.0">
  <code code="I21000">
    <editdetail attribution="Reuters BIP Coding Group" action="confirmed" date="1997-07-30"/>
  </code>
</codes>
<codes class="bip:topics:1.0">
  <code code="C15">
    <editdetail attribution="Reuters BIP Coding Group" action="confirmed" date="1997-07-30"/>
  </code>
  <code code="C151">
    <editdetail attribution="Reuters BIP Coding Group" action="confirmed" date="1997-07-30"/>
  </code>
  <code code="CCAT">
    <editdetail attribution="Reuters BIP Coding Group" action="confirmed" date="1997-07-30"/>
  </code>
</codes>
<dc element="dc.date.created" value="1997-07-30"/>
<dc element="dc.publisher" value="Reuters Holdings Plc"/>
<dc element="dc.date.published" value="1997-07-30"/>
<dc element="dc.source" value="Reuters"/>
<dc element="dc.creator.location" value="IRVING, Texas"/>
<dc element="dc.creator.location.country.name" value="USA"/>
<dc element="dc.source" value="Reuters"/>
</metadata>
</newsitem>
