<?xml version="1.0" encoding="iso-8859-1" ?>
<newsitem itemid="765321" id="root" date="1997-07-30" xml:lang="en">
<title>USA: IBM latest to arrive in crowded corp debt arena.</title>
<headline>IBM latest to arrive in crowded corp debt arena.</headline>
<dateline>NEW YORK 1997-07-30</dateline>
<text>
<p>The lure of cheaper financing amid a recent drop in long-term U.S. interest rates has drawn International Business Machines Corp into a crowded corporate debt arena, dealer said.</p>
<p>The computer and software maker is expected to issue $500 million in 10-year noncallable debt and $500 million in 30-year debt, putable in the seventh year, dealers said.</p>
<p>Morgan Stanley Dean Witter is expected to underwrite the offering, they said.</p>
<p>IBM is the latest in a string of U.S. corporations to capitalize on falling interest rates to finance debt.  </p>
<p>Price talk on the 10-year issue is seen in the low 40 basis points over Tresuries area and between 18-20 basis points over for the 30-year issue, players said.</p>
<p>&quot;At the current levels, we continue to see more and more surprise deals as issuers take advantage of cheaper financing levels,&quot; said one syndicate source.</p>
<p>Currently, the yield on the benchmark 30-year U.S. Treasury bond remains below the 6.50 percent level, at 6.33 percent; falling to its lowest level since 6.34 percent in March, 1996.</p>
</text>
<copyright>(c) Reuters Limited 1997</copyright>
<metadata>
<codes class="bip:countries:1.0">
  <code code="USA">
    <editdetail attribution="Reuters BIP Coding Group" action="confirmed" date="1997-07-30"/>
  </code>
</codes>
<codes class="bip:industries:1.0">
  <code code="I33020">
    <editdetail attribution="Reuters BIP Coding Group" action="confirmed" date="1997-07-30"/>
  </code>
  <code code="I3302003">
    <editdetail attribution="Reuters BIP Coding Group" action="confirmed" date="1997-07-30"/>
  </code>
</codes>
<codes class="bip:topics:1.0">
  <code code="C17">
    <editdetail attribution="Reuters BIP Coding Group" action="confirmed" date="1997-07-30"/>
  </code>
  <code code="C172">
    <editdetail attribution="Reuters BIP Coding Group" action="confirmed" date="1997-07-30"/>
  </code>
  <code code="CCAT">
    <editdetail attribution="Reuters BIP Coding Group" action="confirmed" date="1997-07-30"/>
  </code>
</codes>
<dc element="dc.date.created" value="1997-07-30"/>
<dc element="dc.publisher" value="Reuters Holdings Plc"/>
<dc element="dc.date.published" value="1997-07-30"/>
<dc element="dc.source" value="Reuters"/>
<dc element="dc.creator.location" value="NEW YORK"/>
<dc element="dc.creator.location.country.name" value="USA"/>
<dc element="dc.source" value="Reuters"/>
</metadata>
</newsitem>
