<?xml version="1.0" encoding="iso-8859-1" ?>
<newsitem itemid="765401" id="root" date="1997-07-30" xml:lang="en">
<title>USA: OfficeMax says to meet or exceed Q2 EPS view.</title>
<headline>OfficeMax says to meet or exceed Q2 EPS view.</headline>
<dateline>CLEVELAND 1997-07-30</dateline>
<text>
<p>OfficeMax Inc said Wednesday it expects to meet or exceed analysts' consensus estimate for the second quarter of $0.01 per share, based on preliminary indications.</p>
<p>The company will report earnings for the quarter and first half on August 13.</p>
<p>In a written statement, the company said several factors led its same-store sales increase for the quarter to be lower than it was for the same period a year ago.</p>
<p>It said same-store sales for the quarter rose five percent on top of 13 percent registered in the prior year.</p>
</text>
<copyright>(c) Reuters Limited 1997</copyright>
<metadata>
<codes class="bip:countries:1.0">
  <code code="USA">
    <editdetail attribution="Reuters BIP Coding Group" action="confirmed" date="1997-07-30"/>
  </code>
</codes>
<codes class="bip:industries:1.0">
  <code code="I65300">
    <editdetail attribution="Reuters BIP Coding Group" action="confirmed" date="1997-07-30"/>
  </code>
</codes>
<codes class="bip:topics:1.0">
  <code code="C15">
    <editdetail attribution="Reuters BIP Coding Group" action="confirmed" date="1997-07-30"/>
  </code>
  <code code="C152">
    <editdetail attribution="Reuters BIP Coding Group" action="confirmed" date="1997-07-30"/>
  </code>
  <code code="CCAT">
    <editdetail attribution="Reuters BIP Coding Group" action="confirmed" date="1997-07-30"/>
  </code>
</codes>
<dc element="dc.date.created" value="1997-07-30"/>
<dc element="dc.publisher" value="Reuters Holdings Plc"/>
<dc element="dc.date.published" value="1997-07-30"/>
<dc element="dc.source" value="Reuters"/>
<dc element="dc.creator.location" value="CLEVELAND"/>
<dc element="dc.creator.location.country.name" value="USA"/>
<dc element="dc.source" value="Reuters"/>
</metadata>
</newsitem>
