<?xml version="1.0" encoding="iso-8859-1" ?>
<newsitem itemid="765405" id="root" date="1997-07-30" xml:lang="en">
<title>USA: TABLE - Shurgard Storage Q2 profit rises.</title>
<headline>TABLE - Shurgard Storage Q2 profit rises.</headline>
<dateline>SEATTLE 1997-07-30</dateline>
<text>
<p>Three months ended June 30</p>
<p>				1997			1996</p>
<p> Shr			  $0.36		    $0.34</p>
<p> Net			 10,859		    7,801</p>
<p> Revs			33,699		   26,323</p>
<p> Avg shrs		  27,877		   23,201</p>
<p>	   6 MONTHS</p>
<p> Shr			  $0.69		    $0.65</p>
<p> Net			 20,057		   15,114</p>
<p> Revs			65,433		   51,142</p>
<p> Avg shrs		  27,634		   23,199</p>
<p>(All data above 000s except per share numbers)</p>
<p>NOTES: Full company name is Shurgard Storage Centers Inc.</p>
</text>
<copyright>(c) Reuters Limited 1997</copyright>
<metadata>
<codes class="bip:countries:1.0">
  <code code="USA">
    <editdetail attribution="Reuters BIP Coding Group" action="confirmed" date="1997-07-30"/>
  </code>
</codes>
<codes class="bip:industries:1.0">
  <code code="I81502">
    <editdetail attribution="Reuters BIP Coding Group" action="confirmed" date="1997-07-30"/>
  </code>
  <code code="I8150206">
    <editdetail attribution="Reuters BIP Coding Group" action="confirmed" date="1997-07-30"/>
  </code>
</codes>
<codes class="bip:topics:1.0">
  <code code="C15">
    <editdetail attribution="Reuters BIP Coding Group" action="confirmed" date="1997-07-30"/>
  </code>
  <code code="C151">
    <editdetail attribution="Reuters BIP Coding Group" action="confirmed" date="1997-07-30"/>
  </code>
  <code code="CCAT">
    <editdetail attribution="Reuters BIP Coding Group" action="confirmed" date="1997-07-30"/>
  </code>
</codes>
<dc element="dc.date.created" value="1997-07-30"/>
<dc element="dc.publisher" value="Reuters Holdings Plc"/>
<dc element="dc.date.published" value="1997-07-30"/>
<dc element="dc.source" value="Reuters"/>
<dc element="dc.creator.location" value="SEATTLE"/>
<dc element="dc.creator.location.country.name" value="USA"/>
<dc element="dc.source" value="Reuters"/>
</metadata>
</newsitem>
