<?xml version="1.0" encoding="iso-8859-1" ?>
<newsitem itemid="765406" id="root" date="1997-07-30" xml:lang="en">
<title>USA: TABLE-Diametrics Medical Inc Q2 net loss.</title>
<headline>TABLE-Diametrics Medical Inc Q2 net loss.</headline>
<dateline>ST. PAUL, Minn. 1997-07-30</dateline>
<text>
<p>Three Months Ended	     Six Months Ended</p>
<p>		     1997	    1996	   1997	    1996</p>
<p>    Net sales  $2,607,679   $583,530   $4,562,645   $1,193,101</p>
<p>Cost of sales</p>
<p>		    2,821,574  2,145,907    5,649,520    4,544,952</p>
<p>Gross profit (loss)</p>
<p>		    (213,895) $(1,562,377) (1,086,875) (3,351,851)</p>
<p>Operating expenses:</p>
<p>Research and development</p>
<p>		   1,772,087    1,804,950   3,561,463   3,192,918</p>
<p>Sales and marketing</p>
<p>		  1, 954,638    1,670,447   3,943,426   3,280,006</p>
<p>General and administrative</p>
<p>		     986,935	772,775   1,938,014   1,507,654</p>
<p>Restructuring and other charges</p>
<p>		     163,204	303,864     163,204     525,301</p>
<p>Total operating</p>
<p>     expenses  4,876,864    4,552,036   9,606,107   8,505,879</p>
<p>Operating loss</p>
<p>		 (5,090,759) (6,114,413) (10 ,692,982)(11,857,730)</p>
<p>Other income (expense), net</p>
<p>		   (163,275)     49,942	(333,065)    245,249</p>
<p>Net loss $(5,254,034) $(6,064,471) $(11,026,047) $(11,612,481)</p>
<p>Net loss per common share</p>
<p>		   $(0.29)	$(0.40)	$(0.66)	 $(0.77)</p>
<p>Weighted average shares</p>
<p>	     18,244,016    15,094,419   16,743,710    15,003,639</p>
<p>NOTE:  Certain amounts for the three and six months ended June 30, 1996 were reclassified from prior reported balances to conform to the 1997 presentation.  The reclassifications had no impact on the net loss or loss per share as reported in 1996.</p>
<p>((--Chicago newsdesk, 312-408-8787))</p>
</text>
<copyright>(c) Reuters Limited 1997</copyright>
<metadata>
<codes class="bip:countries:1.0">
  <code code="USA">
    <editdetail attribution="Reuters BIP Coding Group" action="confirmed" date="1997-07-30"/>
  </code>
</codes>
<codes class="bip:industries:1.0">
  <code code="I37200">
    <editdetail attribution="Reuters BIP Coding Group" action="confirmed" date="1997-07-30"/>
  </code>
</codes>
<codes class="bip:topics:1.0">
  <code code="C15">
    <editdetail attribution="Reuters BIP Coding Group" action="confirmed" date="1997-07-30"/>
  </code>
  <code code="C151">
    <editdetail attribution="Reuters BIP Coding Group" action="confirmed" date="1997-07-30"/>
  </code>
  <code code="CCAT">
    <editdetail attribution="Reuters BIP Coding Group" action="confirmed" date="1997-07-30"/>
  </code>
</codes>
<dc element="dc.date.created" value="1997-07-30"/>
<dc element="dc.publisher" value="Reuters Holdings Plc"/>
<dc element="dc.date.published" value="1997-07-30"/>
<dc element="dc.source" value="Reuters"/>
<dc element="dc.creator.location" value="ST. PAUL, Minn."/>
<dc element="dc.creator.location.country.name" value="USA"/>
<dc element="dc.source" value="Reuters"/>
</metadata>
</newsitem>
