<?xml version="1.0" encoding="iso-8859-1" ?>
<newsitem itemid="765404" id="root" date="1997-07-30" xml:lang="en">
<title>USA: TABLE-World Fuel Services Corp Q1 net rises.</title>
<headline>TABLE-World Fuel Services Corp Q1 net rises.</headline>
<dateline>MIAMI SPRINGS, Fla. 1997-07-30</dateline>
<text>
<p>Quarter Ended</p>
<p>						   6/30/97	 6/30/96</p>
<p> Revenue				  $186,307,000   $170,694,000</p>
<p> Gross Profit			     11,074,000     11,632,000</p>
<p> Income from Operations		  4,394,000	4,337,000</p>
<p> Net Income				  3,803,000	3,104,000</p>
<p> Earnings per Share			     0.46	     0.38</p>
<p>Weighted Average Shares</p>
<p>   Outstanding			     8,249,000	8,184,000</p>
</text>
<copyright>(c) Reuters Limited 1997</copyright>
<metadata>
<codes class="bip:countries:1.0">
  <code code="USA">
    <editdetail attribution="Reuters BIP Coding Group" action="confirmed" date="1997-07-30"/>
  </code>
</codes>
<codes class="bip:industries:1.0">
  <code code="I61000">
    <editdetail attribution="Reuters BIP Coding Group" action="confirmed" date="1997-07-30"/>
  </code>
</codes>
<codes class="bip:topics:1.0">
  <code code="C15">
    <editdetail attribution="Reuters BIP Coding Group" action="confirmed" date="1997-07-30"/>
  </code>
  <code code="C151">
    <editdetail attribution="Reuters BIP Coding Group" action="confirmed" date="1997-07-30"/>
  </code>
  <code code="CCAT">
    <editdetail attribution="Reuters BIP Coding Group" action="confirmed" date="1997-07-30"/>
  </code>
</codes>
<dc element="dc.date.created" value="1997-07-30"/>
<dc element="dc.publisher" value="Reuters Holdings Plc"/>
<dc element="dc.date.published" value="1997-07-30"/>
<dc element="dc.source" value="Reuters"/>
<dc element="dc.creator.location" value="MIAMI SPRINGS, Fla."/>
<dc element="dc.creator.location.country.name" value="USA"/>
<dc element="dc.source" value="Reuters"/>
</metadata>
</newsitem>
