<?xml version="1.0" encoding="iso-8859-1" ?>
<newsitem itemid="765400" id="root" date="1997-07-30" xml:lang="en">
<title>USA: TABLE - Westfield America Q2 FFO/shr $0.38.</title>
<headline>TABLE - Westfield America Q2 FFO/shr $0.38.</headline>
<dateline>LOS ANGELES</dateline>
<text>
<p>(In thousands, except as noted)</p>
<p>					 1997 Q2	   1997 Six Months</p>
<p> Funds from Operations (FFO)   $25,809		    $48,268</p>
<p>Less:  FFO Allocable to</p>
<p>	  Preferred Stock	  (2,507)		    (4,749)</p>
<p>FFO Allocable to Common Shares</p>
<p>					  23,302		     43,519</p>
<p> Weighted Average Common	  62,121		     57,551</p>
<p>Shares Outstanding</p>
<p> FFO, per Share			 0.38			 0.76</p>
<p>June 30, 1997, Selected Balance Sheet Information:</p>
<p> Cash and Cash Equivalents		    $   43,468</p>
<p> Investment in Real Estate, net		1,676,102</p>
<p> Total Assets					1,755,289</p>
<p> Mortgages and Other Notes Payable	     881,911</p>
<p>NOTE: Full company name is Westfield America Inc.</p>
<p>1996 Q2 and six months results not given.</p>
<p>((--New York Newsdesk 212 859-1610))</p>
</text>
<copyright>(c) Reuters Limited 1997</copyright>
<metadata>
<codes class="bip:countries:1.0">
  <code code="USA">
    <editdetail attribution="Reuters BIP Coding Group" action="confirmed" date="1997-07-30"/>
  </code>
</codes>
<codes class="bip:topics:1.0">
  <code code="C15">
    <editdetail attribution="Reuters BIP Coding Group" action="confirmed" date="1997-07-30"/>
  </code>
  <code code="C151">
    <editdetail attribution="Reuters BIP Coding Group" action="confirmed" date="1997-07-30"/>
  </code>
  <code code="CCAT">
    <editdetail attribution="Reuters BIP Coding Group" action="confirmed" date="1997-07-30"/>
  </code>
</codes>
<dc element="dc.publisher" value="Reuters Holdings Plc"/>
<dc element="dc.date.published" value="1997-07-30"/>
<dc element="dc.source" value="Reuters"/>
<dc element="dc.creator.location" value="LOS ANGELES"/>
<dc element="dc.creator.location.country.name" value="USA"/>
<dc element="dc.source" value="Reuters"/>
</metadata>
</newsitem>
