<?xml version="1.0" encoding="iso-8859-1" ?>
<newsitem itemid="765411" id="root" date="1997-07-30" xml:lang="en">
<title>USA: RESEARCH ALERT - Snyder begun as strong buy.</title>
<headline>RESEARCH ALERT - Snyder begun as strong buy.</headline>
<dateline>NEW YORK 1997-07-30</dateline>
<text>
<p>Morgan Stanley said on Wednesday it started coverage of Snyder Communications Inc with a strong buy rating.</p>
<p>-- Further details were not immediately available.</p>
<p>-- The stock closed at 30-2/16.</p>
<p>((Wall Street desk 212-859-1730))</p>
</text>
<copyright>(c) Reuters Limited 1997</copyright>
<metadata>
<codes class="bip:countries:1.0">
  <code code="USA">
    <editdetail attribution="Reuters BIP Coding Group" action="confirmed" date="1997-07-30"/>
  </code>
</codes>
<codes class="bip:topics:1.0">
  <code code="C15">
    <editdetail attribution="Reuters BIP Coding Group" action="confirmed" date="1997-07-30"/>
  </code>
  <code code="C152">
    <editdetail attribution="Reuters BIP Coding Group" action="confirmed" date="1997-07-30"/>
  </code>
  <code code="CCAT">
    <editdetail attribution="Reuters BIP Coding Group" action="confirmed" date="1997-07-30"/>
  </code>
</codes>
<dc element="dc.date.created" value="1997-07-30"/>
<dc element="dc.publisher" value="Reuters Holdings Plc"/>
<dc element="dc.date.published" value="1997-07-30"/>
<dc element="dc.source" value="Reuters"/>
<dc element="dc.creator.location" value="NEW YORK"/>
<dc element="dc.creator.location.country.name" value="USA"/>
<dc element="dc.source" value="Reuters"/>
</metadata>
</newsitem>
