<?xml version="1.0" encoding="iso-8859-1" ?>
<newsitem itemid="765407" id="root" date="1997-07-30" xml:lang="en">
<title>USA: Spartech to buy Echlin unit.</title>
<headline>Spartech to buy Echlin unit.</headline>
<dateline>ST. LOUIS 1997-07-30</dateline>
<text>
<p>Spartech Corp said Wednesday it had agreed to acquire the net assets of the Preferred Plastic Sheet Division of Echlin Inc, a manufacturer of extruded sheet and profile products.</p>
<p>&quot;When completed, the combination of Spartech's current annual sales volume of approximately $500 million and Preferred's recent running rate of $75-$80 million will increase our annual production capacity and total company sales to more than 750 million pounds and $575 million, respectively,&quot; Spartech President and Chief Executive Officer Bradley Buechler said in a statement.  </p>
<p>&quot;Terms of the acquisition, which we anticipate to be accretive to our earnings per share immediately, will be disclosed when the transaction is completed,&quot; Buechler added.</p>
<p>Spartech said the acquisition will provide it with certain new production capabilities and technology for manufacturing polyethylene sheet products. Operating efficiencies should also improve, it said.</p>
<p>Spartech said the deal is scheduled to close, subject to certain approvals, on or before August 31. It will primarily be financed through a new $50 million private placement of debt.</p>
<p>Spartech said it plans to upgrade Preferred's manufacturing equipment and put additional capital into its facilities during the next 12 to 18 months.</p>
<p>Spartech produces engineered thermoplastic materials, polymeric compounds and molded products.</p>
<p>((--Chicago Newsdesk, 312-408-8787))</p>
</text>
<copyright>(c) Reuters Limited 1997</copyright>
<metadata>
<codes class="bip:countries:1.0">
  <code code="USA">
    <editdetail attribution="Reuters BIP Coding Group" action="confirmed" date="1997-07-30"/>
  </code>
</codes>
<codes class="bip:industries:1.0">
  <code code="I25140">
    <editdetail attribution="Reuters BIP Coding Group" action="confirmed" date="1997-07-30"/>
  </code>
  <code code="I35300">
    <editdetail attribution="Reuters BIP Coding Group" action="confirmed" date="1997-07-30"/>
  </code>
</codes>
<codes class="bip:topics:1.0">
  <code code="C18">
    <editdetail attribution="Reuters BIP Coding Group" action="confirmed" date="1997-07-30"/>
  </code>
  <code code="C181">
    <editdetail attribution="Reuters BIP Coding Group" action="confirmed" date="1997-07-30"/>
  </code>
  <code code="CCAT">
    <editdetail attribution="Reuters BIP Coding Group" action="confirmed" date="1997-07-30"/>
  </code>
</codes>
<dc element="dc.date.created" value="1997-07-30"/>
<dc element="dc.publisher" value="Reuters Holdings Plc"/>
<dc element="dc.date.published" value="1997-07-30"/>
<dc element="dc.source" value="Reuters"/>
<dc element="dc.creator.location" value="ST. LOUIS"/>
<dc element="dc.creator.location.country.name" value="USA"/>
<dc element="dc.source" value="Reuters"/>
</metadata>
</newsitem>
