<?xml version="1.0" encoding="iso-8859-1" ?>
<newsitem itemid="765403" id="root" date="1997-07-30" xml:lang="en">
<title>USA: RESEARCH ALERT - Cracker Barrel raised.</title>
<headline>RESEARCH ALERT - Cracker Barrel raised.</headline>
<dateline>NEW YORK 1997-07-30</dateline>
<text>
<p>Bear Stearns confirmed on Wednesday it raised its rating on the shares of Cracker Barrel Old Country Stores Inc to buy from neutral, because of the stock's valuation.</p>
<p>-- Analyst Joseph Buckley said he believed the stock was one of the steadiest performers in the restaurant industry from the fundamental perspective, and he believed its growth rate could reaccelerate to the high-teen percent levels.</p>
<p>-- Buckley said his 12-month target on the stock was $33.</p>
<p>-- The shares gained 1-5/16 to 26-5/8.</p>
<p>((Wall Street desk 212-859-1730))</p>
</text>
<copyright>(c) Reuters Limited 1997</copyright>
<metadata>
<codes class="bip:countries:1.0">
  <code code="USA">
    <editdetail attribution="Reuters BIP Coding Group" action="confirmed" date="1997-07-30"/>
  </code>
</codes>
<codes class="bip:industries:1.0">
  <code code="I66100">
    <editdetail attribution="Reuters BIP Coding Group" action="confirmed" date="1997-07-30"/>
  </code>
</codes>
<codes class="bip:topics:1.0">
  <code code="C15">
    <editdetail attribution="Reuters BIP Coding Group" action="confirmed" date="1997-07-30"/>
  </code>
  <code code="C152">
    <editdetail attribution="Reuters BIP Coding Group" action="confirmed" date="1997-07-30"/>
  </code>
  <code code="CCAT">
    <editdetail attribution="Reuters BIP Coding Group" action="confirmed" date="1997-07-30"/>
  </code>
</codes>
<dc element="dc.date.created" value="1997-07-30"/>
<dc element="dc.publisher" value="Reuters Holdings Plc"/>
<dc element="dc.date.published" value="1997-07-30"/>
<dc element="dc.source" value="Reuters"/>
<dc element="dc.creator.location" value="NEW YORK"/>
<dc element="dc.creator.location.country.name" value="USA"/>
<dc element="dc.source" value="Reuters"/>
</metadata>
</newsitem>
