<?xml version="1.0" encoding="iso-8859-1" ?>
<newsitem itemid="765408" id="root" date="1997-07-30" xml:lang="en">
<title>USA: RESEARCH ALERT - Masco a Merrill Focus One.</title>
<headline>RESEARCH ALERT - Masco a Merrill Focus One.</headline>
<dateline>NEW YORK 1997-07-30</dateline>
<text>
<p>Merrill Lynch analyst Jonathan Goldfarb said he upgraded home improvement and building products maker Masco Corp to a near-term buy from accumulate, keeping it as a long-term buy.</p>
<p>-- named it a Merrill Focus One stock.</p>
<p>-- said company continues to exceed expectations, citing &quot;very strong&quot; second quarter results.</p>
<p>-- said raised 1997 earnings per share estimate to $2.30-$2.35 from $2.25 and boosted 1998 to $2.75 from $2.50.</p>
<p>-- set six-to-12 month price target of $52-1/2 on stock, which closed Tuesday at 42-15/16.</p>
</text>
<copyright>(c) Reuters Limited 1997</copyright>
<metadata>
<codes class="bip:countries:1.0">
  <code code="USA">
    <editdetail attribution="Reuters BIP Coding Group" action="confirmed" date="1997-07-30"/>
  </code>
</codes>
<codes class="bip:industries:1.0">
  <code code="I31000">
    <editdetail attribution="Reuters BIP Coding Group" action="confirmed" date="1997-07-30"/>
  </code>
</codes>
<codes class="bip:topics:1.0">
  <code code="C15">
    <editdetail attribution="Reuters BIP Coding Group" action="confirmed" date="1997-07-30"/>
  </code>
  <code code="C152">
    <editdetail attribution="Reuters BIP Coding Group" action="confirmed" date="1997-07-30"/>
  </code>
  <code code="CCAT">
    <editdetail attribution="Reuters BIP Coding Group" action="confirmed" date="1997-07-30"/>
  </code>
</codes>
<dc element="dc.date.created" value="1997-07-30"/>
<dc element="dc.publisher" value="Reuters Holdings Plc"/>
<dc element="dc.date.published" value="1997-07-30"/>
<dc element="dc.source" value="Reuters"/>
<dc element="dc.creator.location" value="NEW YORK"/>
<dc element="dc.creator.location.country.name" value="USA"/>
<dc element="dc.source" value="Reuters"/>
</metadata>
</newsitem>
