<?xml version="1.0" encoding="iso-8859-1" ?>
<newsitem itemid="508496" id="root" date="1997-04-15" xml:lang="en">
<title>EU:  EC REPORT LONG-TERM DIARY FOR APRIL 21-DEC 31, 1997 (PAGE 1/9 - APRIL 21-23).</title>
<headline>EC REPORT LONG-TERM DIARY FOR APRIL 21-DEC 31, 1997 (PAGE 1/9 - APRIL 21-23).</headline>
<text>
<p>****</p>
<p>HIGHLIGHTS</p>
<p>****</p>
<p>AMSTERDAM - The Netherlands hosts summit of European Union leaders (June 16-17).</p>
<p>MADRID - NATO holds summit to set the course for enlargement (July 8 and 9).</p>
<p>LUXEMBOURG - Luxembourg hosts summit of European Union leaders (December 12-13).</p>
<p>BRUSSELS - Conference of Bosnian donor countries originally scheduled for April has been POSTPONED to an unspecified date before June.</p>
<p>MONDAY, APRIL 21</p>
<p>LUXEMBOURG (EXPANDED ITEM) - Farm Council (To April 22).</p>
<p>Provisional agenda includes:</p>
<p>- Commission proposal to the Council on the fixing of farm prices and certain measures for 1997/1998.</p>
<p>- Note to the Council and EP on the olive and olive oil sector.</p>
<p>- Situation of the veal market.</p>
<p>- Preparation for EU's position on forests during the U.N. general assembly in June 1997.</p>
<p>- (possibly) Council regulation on the stabilisation of Community production of apples, pears, peaches and nectarines.</p>
<p>- State of play of negotiations with third countries for the conclusion of veterinary and plant health equivalency accords - Commission report.</p>
<p>- (possibly) Protection of animals in transit:</p>
<p>a) Proposal for Council decision on minimum requirements on certain opinions;</p>
<p>b) Proposal for Council decision modifying the annex to directive 91/128/EEC on an action plan.</p>
<p>- Adoption in Community languages of Council directive modifying directive 92/117/EEC on protection measures against certain zoonoses and zoonotic agents in animals and animal products to prevent against infection and intoxication due to foodstuffs.</p>
<p>- Coherence of Community legislation on animal food additives and veterinary medicines, such as tylocin and spiramycin.</p>
<p>- &quot;A&quot; points:</p>
<p>- Adoption in Community languages of Council regulation establishing an identification and registration system for beef and beef based products.</p>
<p>- Adoption in Community languages of Council regulation on member state action programmes in the control of EAGGF, guarantee section.</p>
<p>- Adoption in Community languages of Council regulation fixing measures and compensation on reevaluations which affect farm revenues.</p>
<p>BRUSSELS (NEW ITEM) - European Tobacco Industries Grouping and European Food/Catering Workers Union holds joint news conference on &quot;Social dialogue&quot; (1100/0900 GMT). Venue: International Press Centre.</p>
<p>BRUSSELS (NEW ITEM) - African, Caribbean and Pacific (ACP) Group Council of Ministers meets (To April 23). Discussions focus on preparations for the November 6-7 ACP summit in Libreville and November 24-25 ACP-EU ministerial meeting in Luxembourg; reports on bananas, sugar, base products, cooperation in development financing. Venue: ACP House, 451 avenue Georges Henri. Contact: ACP House (322) 743 0600.</p>
<p>BRUSSELS - Uganda President Yoweri Kaguta Museveni addresses Centre for European Policy Studies (CEPS) meeting on &quot;National resistance movement's vision, philosophy and governance of Uganda: experience and the way ahead&quot; (1830/1630 GMT). Venue: CEPS. Contact: CEPS (322) 229 3911.</p>
<p>HELSINKI (NEW ITEM) - Economic and Social Committee holds conference on &quot;A Europe for citizens - The advantages of the internal market and cooperation in the Baltic Sea&quot; (0830/0630 GMT). Topics include consequences of central and eastern European integration; single market and the euro - the advantages; cooperation perspectives in the Baltic Sea region. Contact: ECOSOC (322) 546 9207.</p>
<p>MALTA - European Documentation and Research Centre (EDRC) and University of Malta hold &quot;The State of the European Union Conference 1997&quot;. Discussions focus on the development of EU policies, especially with regard to the EU citizens' ombudsman; the evolution of cooperation on justice and home affairs in Europe; EU social policy; EU initiatives for employment and growth and the EU's SME policy. Contact: Monica Cauchi, EDRC (356) 32 90 20 01.</p>
<p>TUESDAY, APRIL 22</p>
<p>BRUSSELS - EU Monetary Committee meets (1000/0800 GMT).</p>
<p>BRUSSELS - European Commissioner Van Miert address Belgian employers' group FEB on &quot;The European Commission's view on competition policy and public aids&quot; (1215/1015 GMT). Venue: FEB, 4 rue Ravenstein. Contact: Christine Legrand, FEB (322) 515 0826.</p>
<p>BRUSSELS (NEW ITEM) - NATO Military Committee in Chiefs of Defence Session meets.</p>
<p>BRUSSELS (NEW ITEM) - European Institute for Asian Studies holds lunchtime meeting on &quot;The Thai economy in transition&quot; (1230/1030 GMT). Venue: 35 rue des Deux Eglises. Contact: European Institute for Asian Studies (322) 230 8122.</p>
<p>WEDNESDAY, APRIL 23</p>
<p>BRUSSELS (NEW ITEM) - European Commission releases 1997-98 economic forecasts for 15 member states. Covers inflation, budget deficits, debt levels, GDP.</p>
<p>BRUSSELS - European Parliament holds mini session (To April 24).</p>
<p>BRUSSELS (EXPANDED ITEM) - Economic and Social Committee (ECOSOC) holds plenary session (To April 24).</p>
<p>Provisional agenda includes:</p>
<p>- Green paper on future noise policy COM(96)540.</p>
<p>- Community environmental law COM(96)500.</p>
<p>- Quality of petrol and diesel fuels - measures to be taken against emissions from motor vehicle COM(96)248.</p>
<p>- Problems encountered by SMEs in cross-border business relations, including those relating to technical requirements.</p>
<p>- Simpler legislation for the internal market COM(96)204.</p>
<p>- Green paper on living and working in the information soicety COM(96)389.</p>
<p>- Impact and effectiveness of the single market COM(96)520.</p>
<p>- Seventh annual report on the structural funds COM(96)502.</p>
<p>- First economic and social cohesion report - 1996 COM(96)542.</p>
<p>- Charging of heavy goods vehicles COM(96)331.</p>
<p>- White paper on a strategy for revitalising the Community's railways COM(96)421.</p>
<p>- Minimum level of training for seafarers COM(96)470.</p>
<p>- Registration of persons sailing on board passenger ships COM(96) 574.</p>
<p>- Illustrative nuclear programme for the Community COM(96)339.</p>
<p>- Green paper on energy for the future: renewable sources of energy COM(96)576.</p>
<p>- Cooperation around agreed Community energy objectives COM(96)431.</p>
<p>- Action programme to improve awareness of Community law for the legal profession COM(96)580.</p>
<p>- Control of Pseudomonas solanacearum (Smith) COM(97)15.</p>
<p>- Present situation, problems and potential for developing forestry policy in the EU.</p>
<p>- Measures to improve the production and marketing of honey COM(96)596.</p>
<p>- Support system for producers of certain arable crops COM(97)83.</p>
<p>- The EU and the external dimension of human rights policy.</p>
<p>- Development aid, good governance and the role of the socio-economic interest groups.</p>
<p>- 1997 annual economic report COM(97)27.</p>
<p>BRUSSELS (NEW ITEM) - NATO sixth Military Committee in Cooperation Session at chiefs of defence/chiefs of the general staff level meets with representatives of Partnership for Peace countries - followed by a news conference with Chairman of the Military Committee General Klaus Naumann at 1600/1400 GMT.</p>
<p>BRUSSELS (NEW ITEM) - Circolo Palombella holds seminar on &quot;National interest in European integration&quot; (in Italian) (2030/1830 GMT). European Commissioner Bonino attends. Venue: Hotel Europa. Contact: Luciano Boolchi (322) 649 7275.</p>
<p>BRUSSELS (NEW ITEM) - Union of European Railway Industries (UNIFE) holds conference on &quot;Understanding the logistical needs of industrial customers&quot; (0930/0730 GMT). Venue: Sheraton Airport Hotel. Contact: UNIFE by fax (322) 626 1261.</p>
<p>BRUSSELS - Centre for European Policy Studies (CEPS) holds lunchtime seminar on &quot;The inter-governmental conference - The final phase&quot; (1315/1115 GMT). Speaker is MEP Elmar Brok. Venue: CEPS. Contact: CEPS (322) 3911. Reuter EC Report Long-Term Diary (page 2/9 - Apr 24-May 13)</p>
<p>THURSDAY, APRIL 24</p>
<p>LUXEMBOURG - Industry Council.</p>
<p>Provisional agenda includes:</p>
<p>- Shipbuilding:</p>
<p>a) (possibly) Individual cases of state aid;</p>
<p>b) Future of Community policy on state aid in connection with the situation regarding ratifications of the OECD Agreement.</p>
<p>- Competitiveness of the European industry - Report by the Commission.</p>
<p>- State Aid:</p>
<p>- 5th Survey report on state aid by the Commission;</p>
<p>- State of affairs regarding proposals related to art. 94 of the Treaty.</p>
<p>- (possibly) Action programme in the field of the Information Society.</p>
<p>LUXEMBOURG (EXPANDED ITEM) - EU-ACP (African, Caribbean and Pacific countries) Council (To April 25).</p>
<p>Agenda includes:</p>
<p>- South Africa: protocol of accession to the convention.</p>
<p>- Trade cooperation:</p>
<p>- Side agreement on white spirits, liqueurs and other spiritous beverages;</p>
<p>- Bananas;</p>
<p>- Modificatin of the import regime for agricultural products of the import regime for agricultural products and foodstuffs originating in the ACP states.</p>
<p>- ACP declaration on sugar.</p>
<p>- Ministerial Committee on Commodities report.</p>
<p>- Development Finance Cooperation Committee report.</p>
<p>- Progress report on ratification of the agreement amending the fourth ACP-EC Lome convention and of the protocol of accession.</p>
<p>- Somalia.</p>
<p>- ACP-EC joint assembly.</p>
<p>- Headquarters agreement of the ACP secretariat.</p>
<p>- Data and place of the next meeting.</p>
<p>- Exchange of views on conflict prevention and management and the future of ACP-EU relations.</p>
<p>BRUSSELS - Centre for European Policy Studies (CEPS) holds lunchtime seminar on &quot;Lithuania and the EU&quot; (1315/1115 GMT). Speaker is Ambassador of Lithuania to the EU Jonas Cicinskas. Venue: CEPS. Contact: CEPS (322) 3911.</p>
<p>THE HAGUE - Dutch EU presidency hosts conference on &quot;Innovative research and appropriate health care for the people of Europe&quot; (To April 25).</p>
<p>THE HAGUE - Dutch EU presidency hosts conference on &quot;Trafficking in women&quot; (To April 26). The conference aims to produce recommendations for a code of conduct to prevent and combat trafficking in women. It is a follow-up to the fourth world women's conference in Beijing in 1995 and the European conference on trafficking in women held in Vienna in 1996. Discussion topics include the prevention, detection and prosecution of those involved in trafficking in women, and help for the victims. Participants include: European Commissioner Gradin, Austrian Women's Issues Minister Barbara Prammer, Dutch Employment and Social Affairs Minister Ad Melkert, Dutch Justice Minister Winnie Sorgdrager.</p>
<p>SATURDAY, APRIL 26</p>
<p>BRUSSELS - NATO Chief of Defence Staff meets to examine and (possibly) adopt a reform of NATO's command structure.</p>
<p>MONDAY, APRIL 28</p>
<p>BRUSSELS - European Commission hosts &quot;European cohesion forum&quot; (1430/1230 GMT) (To April 30). Speakers include: European Commission President Santer, Dutch Prime Minister Wim Kok, EP President Jose Maria Gil-Robles, Committee of the Regions President Pasquall Maragall, ECOSOC President Tom Jenkins, European Commissioners Wulf-Mathies, Flynn and Fischler. Venue: Palais des Congres. Contact: Mr Scheins (322) 295 1409.</p>
<p>TUESDAY, APRIL 29</p>
<p>LUXEMBOURG - General Affairs Council.</p>
<p>Provisional agenda includes:</p>
<p>- Association Council with Poland: determination of the Union's position.</p>
<p>- Association Council with Hungary: determination of the Union's position.</p>
<p>- Former Yugoslavia.</p>
<p>- Middle East peace process.</p>
<p>- Mediterranean policy:</p>
<p>- Malta: Commission communication;</p>
<p>- State of negotiations with Egypt, Lebanon and Jordan;</p>
<p>- follow up to 2nd Ministerial meeting (Barcelona process).</p>
<p>- (possibly) Association Council with Turkey: determination of the Union's position.</p>
<p>- Relations with Switzerland.</p>
<p>- (possibly) Burma/Myanmar: extension of the common position.</p>
<p>- Zaire: support for the electoral process.</p>
<p>- Anti-personnel landmines.</p>
<p>- Transatlantic relations.</p>
<p>- Trade questions - OECD negotiations on a Multilateral Agreement on Investment: state of play.</p>
<p>- In the margins of the Council:</p>
<p>- Association Council with Poland;</p>
<p>- Association Council with Hungary;</p>
<p>- (possibly) Association Council with Turkey.</p>
<p>BRUSSELS - British Chamber of Commerce in Belgium holds conference on &quot;Vertical restraints green paper: does it meet business needs?&quot; (0900/0700 GMT). Venue: Radisson SAS Hotel.</p>
<p>BRUSSELS - Centre for Economic Policy Research and ECARE (Institut d'Etudes Europeennes, Universite Libre de Bruxelles) hold joint lunchtime meeting on &quot;EMU: getting the end-game right&quot; (1330/1130 GMT). Venue: ECARE, 39 avenue Franklin Roosevelt. Contact: Nancy De Munck, ECARE (322) 650 3075.</p>
<p>BRUSSELS - The Philip Morris Institute (PMI) holds conference on &quot;World trade policy for the 21st century - Delivering the goods after Singapore&quot;. Contact: PMI (322) 732 1156.</p>
<p>THURSDAY, MAY 1</p>
<p>- EU institutions closed for Labour Day.</p>
<p>- British elections.</p>
<p>MONDAY, MAY 5</p>
<p>INNSBRUCK, Austria - Committee of the Regions holds seminar on &quot;Transport policy for sensitive areas&quot;. Contact: Committee of the Regions (322) 282 2155.</p>
<p>THURSDAY, MAY 8</p>
<p>- EU institutions closed for Ascension holiday.</p>
<p>FRIDAY, MAY 9</p>
<p>- EU institutions closed for &quot;Robert Schuman&quot; remembrance day.</p>
<p>SATURDAY, MAY 10</p>
<p>BRUSSELS - European Association of Lawyers for Democracy and World Human Rights (EALDH) holds conference on &quot;Environmental law in Europe&quot; (1300/1100 GMT). Venue: German Land Hessen Representation to the EU.</p>
<p>MONDAY, MAY 12</p>
<p>BRUSSELS - ECOFIN Council.</p>
<p>Provisional agenda includes:</p>
<p>- Preparation of stage 3 of EMU.</p>
<p>- Excessive deficit procedure:</p>
<p>- Assessment of excessive deficits (Article 104 c, paragraph 6);</p>
<p>- Abrogation of excessive deficits (Article 104 c, paragraph 12);</p>
<p>- Assessment of recommendations (Article 104 c, paragraph 7).</p>
<p>- (possibly) Follow-up to the informal meeting of ECOFIN Ministers (Noordwijk, 4-6 April 1997).</p>
<p>- (possibly) Employment.</p>
<p>- Taxation.</p>
<p>- Fight against fraud: transit sector.</p>
<p>BRUSSELS - Farm Council (To May 13). No agenda yet available.</p>
<p>STRASBOURG - European Parliament holds plenary session (To May 16).</p>
<p>LONDON (NEW ITEM) - IBC UK Conferences Ltd. holds conference on &quot;EC competition law&quot; (To May 13). Topics include: the green paper on vertical restraints and exhaustion of intellectual property rights. Venue: The Hyde Park Hotel. Contact: IBC UK Conferences Ltd. (44) 171 453 2711.</p>
<p>MUNICH - European Air Law Association holds seminar on &quot;Liability claims handling in the airlines and aerospace industries&quot; (1915/1715 GMT). Venue: Kempinski Hotel Airport. Contact: European Air Law Association (49) 89 365 061.</p>
<p>TUESDAY, MAY 13</p>
<p>LONDON (NEW ITEM) - The European Regions Airline Association (ERA) holds third annual crisis management conference (To May 14). Discussions will focus on the examination of every element of disaster planning, from the immediate response to longterm considerations. Venue: Ramada Hotel, Heathrow Airport. Contact: ERA (44) 276 856495. Reuter EC Report Long-Term Diary (page 3/9 - May 14-26)</p>
<p>WEDNESDAY, MAY 14</p>
<p>BRUSSELS - Research Council (To May 15).</p>
<p>Provisional agenda includes:</p>
<p>- Preparation for meeting with Central and Eastern European Ministers (Structured dialogue).</p>
<p>- (possibly) Financial supplement to the Fourth RTD Framework Programme.</p>
<p>- 5th RTD Framework Programme.</p>
<p>- First Action Programme on Innovation.</p>
<p>- International cooperation in the RTD field:</p>
<p>- Science and technology cooperation strategy with Mediterranean/Central and Eastern European Countries/emerging economies;</p>
<p>- Bilateral science and technology agreements with certain third countries.</p>
<p>- Evaluation and monitoring of Community RTD activities.</p>
<p>- High Flux Reactor.</p>
<p>- Research and development cooperation.</p>
<p>- (possibly) Fusion Programme and ITER.</p>
<p>- (possibly) SPACE.</p>
<p>FLORENCE, Italy - European Natural Gas Vehicle Association (ENGVA) holds conference on &quot;Creating the climate for NGVs&quot; (To May 16). Contact: ENGVA (31) 20 597 3100.</p>
<p>THURSDAY, MAY 15</p>
<p>BRUSSELS - European Commission hosts round table on practical aspects of the passage to the euro. Participants include representatives of consumer assocations, SMEs, banks, unions, national and local administrations.</p>
<p>AMSTERDAM - Committee of the Regions holds first summit of the regions and cities (1600/1400 GMT) (To May 16). Discussions focus on structural funds, enlargement, employment, inter-governmental conference. Speakers include: Dutch Prime Minister Wim Kok, European Commission President Santer, EP President Jose Maria Gil-Robles, Committee of the Regions President Pasqual Maragall. Opening news conference at 1530/1330 GMT; closing news conference on Friday at 1800/1600 GMT. Contact: Committee of the Regions (322) 282 2155.</p>
<p>SATURDAY, MAY 17</p>
<p>GENEVA - The International Telecommunications Union celebrates World Telecommunications Day - &quot;Telecommunications and humanitarian assistance&quot;, commemorating its founding in Paris 132 years ago. Contact: International Telecommunications Union (41) 22 730 5111.</p>
<p>MONDAY, MAY 19</p>
<p>- EU institutions closed for Whit Monday holiday.</p>
<p>TUESDAY, MAY 20</p>
<p>BRUSSELS - Internal Market Council.</p>
<p>Provisional agenda includes:</p>
<p>- Impact and effectiveness of the internal market.</p>
<p>- Legislative simplification.</p>
<p>- Amended proposal for a directive of the EP and of the Council on the legal protection of designs.</p>
<p>- (possibly) Proposal for a regulation on the Community design.</p>
<p>- Amended proposal for a directive of the EP and Council amending for the 15th time directive 76/769/EEC on the approximation of laws, regulations and administrative provisions of the member states relating to restrictions on the marketing and use of certain dangerous substances and preparations.</p>
<p>- (possibly) Amended proposal for an EP and Council directive amending for the 16th time directive 76/769/EEC on the approximation of laws, regulations and administrative provisions of the Member States relating to restrictions on the marketing and use of certain dangerous substances and preparations.</p>
<p>- Proposal for a directive of the EP and Council on precious metals.</p>
<p>- Proposal for a directive of the EP and Council on in vitro diagnostic equipment.</p>
<p>- (possibly) Proposal for a directive of the EP and Council on the masses and dimensions of certain categories of motor vehicles.</p>
<p>- Proposal for an EP and Council decision establishing an action programme to improve awareness of Community law for the legal professions (Robert Schuman Project).</p>
<p>- Proposal for a directive of the EP and of the Council on the supplementary supervision of insurance undertakings in an insurance group.</p>
<p>- Proposal for a directive of the EP and of the Council to facilitate practice of the profession of lawyer on a permanent basis in a Member State other than that in which the qualification was obtained.</p>
<p>- (possibly) Amended proposal for an EP and Council directive on the approximation of the laws of the Member States concerning foods and food ingredients treated with ionizing radiation.</p>
<p>- (possibly) Proposal on the amendment of directives 95/20, 93/36, 93/37 and 93/38 on public purchasing.</p>
<p>- Accession to the Protocol of Madrid and amendment of regulation relating to the accession to the Protocol of Madrid.</p>
<p>- (possibly) Proposal for an EP and Council directive amending directive 83/189/EEC.</p>
<p>- Proposal for a directive on safety standards of buses and coaches.</p>
<p>- (possibly) Proposal for an EP and Council directive on the approximation of the laws, regulations and administrative provisions of the Member States relating to pressure equipment.</p>
<p>- (possibly) Proposal for an EP and Council directive on certain components and characteristics of two or three-wheel motor vehicles.</p>
<p>- (possibly) Proposal for a directive amending directive 93/16 facilitating the free movement of doctors and the mutual recognition of their diplomas, certificates and other evidence of formal qualifications.</p>
<p>- Proposal for a Council directive relating to certain sugars intended for human consumption.</p>
<p>- Proposal for a Council directive relating to honey.</p>
<p>- Proposal for a Council directive relating to fruit juices and certain similar products intended for human consumption.</p>
<p>- Proposal for an EP and Council directive relating to coffee extracts and chicory extracts.</p>
<p>- Proposal for an EP and Council directive relating to cocoa and chocolate products intended for human consumption.</p>
<p>- Proposal for a Council directive relating to certain partly or wholly dehydrated preserved milk for human consumption.</p>
<p>- Proposal for a Council directive relating to fruit jams, jellies and marmalades and chestnut puree intended for human consumption.</p>
<p>WEDNESDAY, MAY 21</p>
<p>BRUSSELS (NEW ITEM) - World Fuels Conferences holds conference on &quot;Fuel quality and vehicle technology&quot; (To May 23). Venue: Conrad Hotel. Contact: World Fuels Conferences (1) 703 812 0902.</p>
<p>THURSDAY, MAY 22</p>
<p>BRUSSELS (NEW ITEM) - British Chamber of Commerce in Belgium holds conference on &quot;A time for change: the effect of the Euro on new and existing stock exchanges and the presentation of the AIM&quot; (1400/1200 GMT). Venue: Auditorium Societe General, 30 rue Royale. Contact: British Chamber of Commerce in Belgium fax (322) 512 8363.</p>
<p>FRIDAY, MAY 23</p>
<p>(NEW ITEM) - EU member states hold extraordinary summit to give an extra push to efforts to seal a new treaty for the Union (location not yet decided).</p>
<p>BRUSSELS - European Institute of Public Affairs and Lobbying (EIPAL) holds conference on &quot;Practice and legal restrictions on lobbying the European institutions&quot; (1400/1200 GMT). Venue: EP. Contact: Glacomo Scuart, EIPAL (322) 481 7325.</p>
<p>SUNDAY, MAY 25</p>
<p>MIDDELBURG, Netherlands - Informal Farm Council (To May 27). No agenda yet available.</p>
<p>MONDAY, MAY 26</p>
<p>BRUSSELS - Energy Council.</p>
<p>Provisional agenda includes:</p>
<p>- Internal market in gas.</p>
<p>- Community strategy on renewables.</p>
<p>- Altener II programme.</p>
<p>- Climate change and energy policy.</p>
<p>- Energy Charter Treaty.</p>
<p>- Multiannual agreements on a sector level with industry.</p>
<p>- Voluntary agreements on energy efficiency requirements for household appliances.</p>
<p>- Decision in Cooperation around Agreed Community Energy Objectives.</p>
<p>- Euro-Mediterranean Partnership in the Energy Field.</p>
<p>- Co-generation.</p>
<p>- Trans-European Networks, external dimension.</p>
<p>- Review of Community Law.</p>
<p>- Report on operation of hydrocarbons directive. Reuter EC Report Long-Term Diary (page 4/9 - May 27-June 2)</p>
<p>TUESDAY, MAY 27</p>
<p>BRUSSELS - Justice and Home Affairs Council (To May 28).</p>
<p>Provisional agenda includes:</p>
<p>- Fight against organised crime.</p>
<p>- Report of the high level group.</p>
<p>- Report of the Drugs Expert group.</p>
<p>- Drugs and organised crime:</p>
<p>- Trafficking in human beings and sexual exploitation of children, state of work;</p>
<p>- Money laundering;</p>
<p>- Drug cultivation and production;</p>
<p>- Synthetic drugs;</p>
<p>- Alarm system;</p>
<p>- Trafficking routes - Turkish drug traffickers.</p>
<p>- EUROPOL/EDU:</p>
<p>- Regulation on file analysis (adoption);</p>
<p>- Regulation on confidentiality (adoption);</p>
<p>- Protocol on privileges and immunities (adoption);</p>
<p>- Regulation on the staff regulations (adoption);</p>
<p>- EDU: 1996 report, 1997 programme;</p>
<p>- 2nd semester, 1998 draft budget;</p>
<p>- Europol computer system (state of work).</p>
<p>- Customs cooperation:</p>
<p>- Common strategy at external frontiers;</p>
<p>- Joint surveillance operations - Resolution;</p>
<p>- &quot;Customs 2000&quot; programme;</p>
<p>- Resolution on Europol - CIS coordination.</p>
<p>- Combatting terrorism:</p>
<p>- Threat assessment document;</p>
<p>- Report on incidents of racism and xenophobia;</p>
<p>- Implementation of the competences directory;</p>
<p>- &quot;Collective memory&quot;.</p>
<p>- Draft Convention on mutual assistance in criminal matters between the Member States of the EU: report on progress of work.</p>
<p>- Second protocol to the convention on the protection of the European Communities' financial interests (adoption).</p>
<p>- Draft convention on the fight against corruption involving officials of the European Communities or officials of the Member States of the European Union (adoption).</p>
<p>- Draft convention on jurisdiction, recognition and enforcement of judgments in matrimonial matters (Brussels 11 Convention): report on progress of work.</p>
<p>- Convention on the service in the Member States of the European Union of judicial and extrajudicial documents in civil or commercial matters (adoption).</p>
<p>- (possibly) Draft convention on driving disqualifications (political agreement).</p>
<p>- Dublin Convention on asylum seekers (implementation).</p>
<p>- Elaboration of the EURODAC system (convention and technical aspects), state of work.</p>
<p>- Joint position on non-accompanied minors seeking asylum and on other non-accompanied minors.</p>
<p>- Joint position on uniform residence permits (technical specifications).</p>
<p>- Improvement of cooperation on expelling illegal immigrants; problems with regard to readmission.</p>
<p>- Legal situation of third country nationals residing legally in the territory of the member states.</p>
<p>- Regulation 2317/95 on the common list of countries whose nationals must be in possession of visas.</p>
<p>- Examination of the UNHCR repatriation plan for Bosnians.</p>
<p>BRUSSELS (NEW ITEM) - British Chamber of Commerce in Belgium holds conference on &quot;EU climate change targets: the impact on business&quot; (0900/0700 GMT). Venue: Hotel Bristol Stephanie. Contact: British Chamber of Commerce in Belgium fax (322) 512 8363.</p>
<p>BRUSSELS - Centre for European Policy Studies (CEPS) gives Bentick prize award to Former Portuguese President Mario Soares for his role in European integration and his struggle against dictatorship. Contact: CEPS (322) 229 3911.</p>
<p>BRUSSELS - Institute for International Research (IIR) holds conference on &quot;Euro III&quot; (0900/0700 GMT) (To May 28). Venue: Sheraton Brussels Airport. Contact: IIR (322) 776 0400.</p>
<p>WEDNESDAY, MAY 28</p>
<p>BRUSSELS - European Parliament holds mini session (To May 29).</p>
<p>BRUSSELS - Economic and Social Committee (ECOSOC) holds plenary session (To May 29).</p>
<p>THE HAGUE (EXPANDED ITEM) - U.S. President Bill Clinton and EU Dutch Presidency hold bi-annual summit (To May 29). Main discussions focus on European security, the Middle East, situation in former Yugoslavia and Russia; Clinton is also expected to attend commemoration of 50th anniversary of U.S. Marshall plan for post-war reconstruction of Europe.</p>
<p>LISBON (NEW ITEM) - NATO foreign ministers hold informal meeting (To May 29). Discussions focus on NATO enlargement and reform; agreement with Russia and enhanced partnership for peace programme; preparations for NATO summit in June.</p>
<p>SCHEVENINGEN, Netherlands - Dutch EU presidency hosts conference on &quot;Cost/Benefits of health/safety at work&quot; (To May 30).</p>
<p>THURSDAY, MAY 29</p>
<p>BRUSSELS - Telecoms Council.</p>
<p>Provisional agenda includes:</p>
<p>- Proposal for an EP and Council directive amending directive 91/263/EEC relating to telecommunications terminal equipment and satellite earth station equipment including the mutual recognition of their conformity.</p>
<p>- Commission green paper on numbering policy for telecommunications services in Europe.</p>
<p>- Report of the Commission on the ERC.</p>
<p>- (possibly) Proposal for an EP and Council directive in the field of security of information systems, concerning the establishment of a Europe-wide network of Trusted Third Party Services (ETS).</p>
<p>- (possibly) Report of the Commission on the Advanced Television Action Plan and a proposal for extension of the action plan.</p>
<p>- (possibly) Communication of the Commission on mobile phones and its evolution.</p>
<p>THE HAGUE - Dutch EU presidency hosts seminar on &quot;Good governance for Central and Eastern European Countries (To May 30).</p>
<p>PARIS - CICERO Foundation holds conference on &quot;Results of the IGC - Preparing the Amsterdam Treaty&quot;. Main topics discussed - the issue of flexibility: will Britain block &quot;Core Europe&quot;?; the special strategy of the Dutch presidency; reforming Common Foreign and Security Policy (CFSP); the chances for a Mr CFSP; a breakthrough in the third pillar (Justice and Home Affairs)?; institutional arrangements; power struggle or compromise; the IGC seen from Central and Eastern Europe. Contact: CICERO Foundation (33) 1 43 80 18 21.</p>
<p>MONDAY, JUNE 2</p>
<p>LUXEMBOURG - General Affairs Council (To June 3).</p>
<p>Provisional agenda includes:</p>
<p>- Preparation for the Amsterdam European Council.</p>
<p>- Former Yugoslavia.</p>
<p>- Middle East peace process.</p>
<p>- Mediterranean policy:</p>
<p>- Article 16 of the MEDA Regulation;</p>
<p>- Decisions to sign agreements with Egypt, Lebanon and Jordan;</p>
<p>- Algeria: state of negotiations on an association agreement.</p>
<p>- Ukraine: decision to conclude the partnership and cooperation agreement.</p>
<p>- Nigeria extension of the common position.</p>
<p>- Transatlantic relations.</p>
<p>- In the margins of the Council:</p>
<p>- Signature of the agreements with Egypt, Lebanon and Jordan. Reuter EC Report Long-Term Diary (page 5/9 - June 5-12)</p>
<p>***</p>
<p>THURSDAY, JUNE 5</p>
<p>LUXEMBOURG - Health Council.</p>
<p>Provisional agenda includes:</p>
<p>- Draft EP and Council decision adopting a programme of Community action on health monitoring within the framework for action in the field of public health.</p>
<p>- Proposal for an EP and Council decision creating a network for the epidemiological surveillance and control of communicable diseases in the European Community.</p>
<p>- (possibly ) Proposal for an EP and Council decision adopting a programme concerning pollution-related diseases.</p>
<p>- (possibly) Proposal for an EP and Council decision adopting a programme concerning injuries.</p>
<p>- (possibly) Proposal for an EP and Council decision adopting a programme concerning rare diseases.</p>
<p>- Reduction of smoking:</p>
<p>- Commission communication;</p>
<p>- Report by the Commission on the follow-up given to the Council resolution and health ministers of the Member States meeting in the Council concerning the interdiction of smoking in public places.</p>
<p>- Organ transplant.</p>
<p>- Health questions related to free movement of doctors.</p>
<p>- Drug/Drug dependence:</p>
<p>- Report from the European Monitoring Centre for Drugs;</p>
<p>- Report from experts.</p>
<p>- Action Group EU-US Task Force to establish a global early-warning system and response network for communicable diseases.</p>
<p>- Transmissible spongiform encephalopathies (BSE/TSEs - MCJ).</p>
<p>LUXEMBOURG - Development Council.</p>
<p>Provisional agenda includes:</p>
<p>- Future EU relations with ACP countries (Green paper).</p>
<p>- Coherence between the different Community policies: specific issues.</p>
<p>- Human rights/good governance.</p>
<p>- Evaluation.</p>
<p>- Forestry policies in developing countries.</p>
<p>- Research policies in developing countries.</p>
<p>- Report on ALA cooperation from 1991 to 1995.</p>
<p>- Legal basis concerning some development budget lines:</p>
<p>- NG0s</p>
<p>- Decentralised co-operation</p>
<p>- AIDS</p>
<p>- Refugees ALA</p>
<p>- Environment</p>
<p>- Population policies</p>
<p>- Drugs.</p>
<p>THE HAGUE - Dutch EU presidency hosts K4 Committee (consisting of officials from interior ministeries of EU member states) meeting (To June 6). No agenda available yet.</p>
<p>SUNDAY, JUNE 8</p>
<p>NOORDWIJK, The Netherlands - Dutch EU presidency hosts conference on &quot;Regional planning and regional policy&quot; (To June 10).</p>
<p>MONDAY, JUNE 9</p>
<p>LUXEMBOURG - Farm Council (To June 10). No agenda yet available.</p>
<p>LUXEMBOURG - ECOFIN Council.</p>
<p>Provisional agenda includes:</p>
<p>- Preparation of the European Council in Amsterdam.</p>
<p>- Preparation for stage 3 of EMU;</p>
<p>- Implementation of the 1996 broad economic policy guidelines;</p>
<p>- Draft 1997 broad economic policy guidelines;</p>
<p>- Employment.</p>
<p>- SEM 2000.</p>
<p>- Fight against fraud;</p>
<p>- 1996 annual report;</p>
<p>- Programme for 1997-1998.</p>
<p>STRASBOURG - European Parliament holds plenary session (To June 13).</p>
<p>TUESDAY, JUNE 10</p>
<p>BRUSSELS - EU Monetary Committee meets (1000/0800 GMT).</p>
<p>LONDON - Agra Europe holds first European cheese conference (To June 11). Venue: The Waldorf Meridien Hotel. Contact: Agra Europe (44) 1892 511807.</p>
<p>WEDNESDAY, JUNE 11</p>
<p>BRUSSELS - Committee of the Regions holds plenary session (To June 12).</p>
<p>THURSDAY, JUNE 12</p>
<p>LUXEMBOURG - Social Affairs Council.</p>
<p>Provisional agenda includes:</p>
<p>- Interim report on employment.</p>
<p>- Directive modifying directive 90/394/CEE on the protection of workers from the risks related to exposure to carcinogens at work.</p>
<p>- (possibly) Proposal for a directive concerning the minimum requirements for improving the health, safety and health protection of workers potentially at risk from explosive atmospheres.</p>
<p>- Proposal for a directive &quot;Burden of proof in cases of discrimination based on sex&quot;.</p>
<p>- Proposal for a directive amending directive 76/207/EEC on the implementation of the principle of equal treatment for men and women as regards access to employment, vocational training and promotio</p>
<p>n, and working conditions (Kalanke Ruling).</p>
<p>- Report on the conclusions of the Fourth World Conference on Women (Beijing, September 1995).</p>
<p>- Proposal for a regulation concerning the extension of the application of regulations (EEC) 1408/71 and 574/72 to all insured persons - particularly civil servants, non active persons and students (follow-up to the Vougioukas case).</p>
<p>- Communication from the Commission on the development of Social Dialogue at the Community level.</p>
<p>- (possibly) Proposal for a directive concerning the approximation of legislation between Member States on collective redundancies (Codified version).</p>
<p>- Commission proposal on atypical work.</p>
<p>- Green paper on work organisation.</p>
<p>- Commission recommendation on home working.</p>
<p>- Worker information and consultation.</p>
<p>- Modified directive on transfers of undertakings.</p>
<p>ITALY - Euromanagement holds conference on &quot;Managing the future growth of cogeneration in Europe&quot; (To June 13). Contact: Euromanagement (31) 40 2974 944. Reuter EC Report Long-Term Diary (page 6/9 - June 16-25)</p>
<p>MONDAY, JUNE 16</p>
<p>AMSTERDAM - Dutch presidency hosts European Council of heads of state or government (To June 17).</p>
<p>Provisional agenda includes:</p>
<p>- Commission action plan and a timetable covering all measures that must be taken to ensure that the full benefit of the Internal Market is achieved before the beginning of Stage 3 of EMU.</p>
<p>- Completion of the inter-governmental conference (IGC).</p>
<p>TUESDAY, JUNE 17</p>
<p>LUXEMBOURG - Transport Council (To June 18).</p>
<p>Provisional agenda includes:</p>
<p>- Air Transport:</p>
<p>- (possibly) Proposal for a Council directive on the limitation of the impact of noise from air transport.</p>
<p>- Negotiations between the European Community and the United States.</p>
<p>- Negotiations between the European Community and Central and Eastern European Countries.</p>
<p>- Draft recommendation for a Council decision authorising the Commission to start negotiations with a view to establishing Community membership of the European Organisation for the Safety of Air Navigation (Eurocontrol).</p>
<p>- Draft recommendation for a Council decision authorising the Commission to start negotiations with a view to establish a European organisation responsible for civil aviation safety.</p>
<p>- Inland Transport:</p>
<p>- (possibly) Proposal for a Council directive on the charging of heavy goods vehicles for the use of certain infrastructures.</p>
<p>- (possibly) Proposal for a Council regulation amending Council regulation (EEC) No 3821/85 and Council directive 88/599/EEC on recording equipment in road transport.</p>
<p>- (possibly) Proposal for a Council directive on a registration certificate for motor vehicles.</p>
<p>- Negotiations between the European Community and the Central and Eastern European Countries.</p>
<p>- Maritime Transport:</p>
<p>- Proposal for a Council directive amending directive 94/58/EC on the minimum level of training of seafarers.</p>
<p>- Proposal for a Council directive on the registration of persons sailing on board of passenger ships.</p>
<p>- (possibly) Short sea shipping.</p>
<p>- External relations.</p>
<p>- Other measures:</p>
<p>- Negotiations between the European Community and Switzerland.</p>
<p>- Road safety and Community database on road accidents.</p>
<p>- (possibly) Report on global navigation satellite system (GNSS) in bilateral agreements.</p>
<p>- (possibly) Proposal for a Council decision on the promotion of sustainable and safe mobility (legal base).</p>
<p>THURSDAY, JUNE 19</p>
<p>LUXEMBOURG - Environment Council (To June 20).</p>
<p>Provisional agenda includes:</p>
<p>- Community strategy on climate change.</p>
<p>- Future strategy for the control of atmospheric emissions from road transport, taking into account the results of the auto-oil programme:</p>
<p>- Proposal for an EP and Council directive on the quality of petrol and diesel fuels and amending Council directive 93/12/EEC;</p>
<p>- Proposal for an EP and Council directive on measures to be taken against air pollution by emissions from motor vehicles and amending Council Directives 70/156/EEC and 70/220/EEC.</p>
<p>- Proposal for a Council directive concerning the quality of water intended for human consumption.</p>
<p>- Community strategy to combat acidification.</p>
<p>- Community strategy on biological diversity.</p>
<p>- Communication from the Commission to the Council and to the EP on agreements in the environmental field.</p>
<p>- Proposal for a Council directive on landfill of wastes.</p>
<p>- Proposal for a Council regulation establishing common rules and procedures to apply to shipments to certain non-OECD countries of certain types of waste.</p>
<p>- (possibly) Proposal for a Council framework directive on water.</p>
<p>FRIDAY, JUNE 20</p>
<p>DENVER, United States - Group of Seven (Britain, U.S., Canada, France, Germany, Italy and Japan) hold summit (To June 22).</p>
<p>MONDAY, JUNE 23</p>
<p>LUXEMBOURG - Fisheries Council.</p>
<p>Provisional agenda includes:</p>
<p>- (possibly) MAGPs IV, Council decision on Multiannual Guidance Programmes (structural arrangements for 1997-1999).</p>
<p>- Proposal for a Council regulation laying down certain technical measures for the conservation of fisheries resources.</p>
<p>- Proposal for a Council regulation introducing arrangements for the management of fishing effort in the Baltic Sea.</p>
<p>- (possibly) Proposal for a Council regulation fixing management objectives and strategies for certain fisheries or groups of fisheries for the period 1994-1997.</p>
<p>- (possibly) Proposal for a Council regulation amending Council regulation (EEC) No 2115/77 prohibiting fishing for herring for purposes other than human consumption.</p>
<p>- Ratification of UK agreement on straddling stocks.</p>
<p>- Proposal for a Council regulation establishing a list of species to be entered in the logbooks and in the landing declaration.</p>
<p>- Proposal for a Council regulation amending regulation (EEC) No 2847/93 establishing a control system applicable to the Common Fisheries Policy (integrated computer network).</p>
<p>- (possibly) Proposal for a Council regulation on the financing of collection of scientific data.</p>
<p>- (possibly) Commission report on the progress of MAGPs for the fishing fleets (1993-1996).</p>
<p>- (possibly) Proposal for a Council regulation amending Council regulation 2930/986 defining the characteristics of fishing vessels.</p>
<p>LUXEMBOURG - ECOFIN Council.</p>
<p>Provisional agenda includes:</p>
<p>- Follow-up to the European Council in Amsterdam - preparation of stage 3 of EMU.</p>
<p>- Adoption of the 1997 broad economic policy guidelines.</p>
<p>- (possibly) Financial services.</p>
<p>- (possibly) Taxation.</p>
<p>- Preparation of the Luxembourg EU presidency.</p>
<p>HELSINKI - International Union of Railways hold third Pan-European transport conference (To March 25). Contact: International Union of Railways (33) 1 44 49 20 50.</p>
<p>WEDNESDAY, JUNE 25</p>
<p>BRUSSELS - European Parliament holds mini session (To June 26).</p>
<p>AMSTERDAM - The Netherlands Industrial and Agricultural Biotechnology (NIAB) Foundation holds &quot;EuropaBio '97&quot; (To June 27). Speakers include: European Commissioner Brittan, Dutch Economic Affairs Minister Hans Wijers. Venue: RAI Congress Centre. Contact: Lidy Groot Congress Events (31) 20 679 3218. Reuter EC Report Long-Term Diary (page 7/9 - June 26-Oct 6)</p>
<p>THURSDAY, JUNE 26</p>
<p>LUXEMBOURG - General Affairs Council.</p>
<p>Provisional agenda include:</p>
<p>- Follow-up to the Amsterdam European Council.</p>
<p>- Former Yugoslavia.</p>
<p>- Middle East peace process.</p>
<p>- Relations with Andorra: decision to sign the cooperation agreement.</p>
<p>- Mediterranean policy: report on follow-up to Barcelona Conference.</p>
<p>- Relations with Albania: decision to sign the cooperation agreement.</p>
<p>- Relations with Yemen: decision to sign the cooperation agreement.</p>
<p>- Relations with Turkmenistan: decision to sign the partnership and cooperation agreement.</p>
<p>- Relations with Switzerland: conclusion of negotiations.</p>
<p>- EEA Council session: preparation of the Union's position.</p>
<p>- In the margins of the Council:</p>
<p>- EEA Council;</p>
<p>- Signature of the cooperation agreement with Albania;</p>
<p>- Signature of the partnership and cooperation agreement with Turkmenistan;</p>
<p>- Signature of the cooperation agreement with Yemen;</p>
<p>- Signature of the cooperation agreement with Andorra;</p>
<p>- Conference of the Representatives of the Governments of the Member States: appointment of judges and advocates-general to the Court of Justice (period in office begins 7 October 1997).</p>
<p>LUXEMBOURG - Education Council.</p>
<p>Provisional agenda includes:</p>
<p>- White paper on education and training.</p>
<p>- Proposal for a decision concerning the SOCRATES budget.</p>
<p>- Green paper on obstacles to mobility in higher education.</p>
<p>- Commission communication: &quot;Learning in the Information Society&quot;.</p>
<p>- Council recommendation on quality in higher education.</p>
<p>- Commission communication on safety at school.</p>
<p>- (possibly) Voluntary service for young people.</p>
<p>NORROEPING, Sweden - Committee of the Regions holds seminar on &quot;Transport problems in the Baltic area&quot;. Contact: Committee of the Regions (322) 282 2155.</p>
<p>FRIDAY, JUNE 27</p>
<p>AMSTERDAM (NEW ITEM) - EU will brief central and eastern European countries on the outcome of the EU Amsterdam summit.</p>
<p>MONDAY, JUNE 30</p>
<p>LUXEMBOURG - Culture Council.</p>
<p>Provisional agenda includes:</p>
<p>- Directive &quot;Television without frontiers&quot;.</p>
<p>- Cooperation between public broadcast corporations.</p>
<p>- Proposal for a decision on an European Guarantee Fund (audiovisual).</p>
<p>- Proposal for a decision on European Cultural Cities.</p>
<p>- The cultural dimension of the European unification.</p>
<p>- A different set-up of EU cultural programmes.</p>
<p>- (Possibly) Book pricing.</p>
<p>* Dutch EU presidency ends. Luxembourg takes over to December 31, 1997.</p>
<p>TUESDAY, JULY 8</p>
<p>MADRID - NATO holds summit to chart course for enlargement and invite a number of former communist foes to begin membership talks (To July 9).</p>
<p>WEDNESDAY, JULY 9</p>
<p>BRUSSELS - Economic and Social Committee (ECOSOC) holds plenary session (To July 10).</p>
<p>THURSDAY, JULY 10</p>
<p>EDINBURGH (NEW ITEM) - Centre for European Policy Studies (CEPS) holds conference on &quot;Network industries in Europe: preparing for competition&quot; (To July 11). Speakers include: European Commissioner Kinnock. Venue: Balmoral Hotel. Contact: CEPS (322) 229 3911.</p>
<p>SATURDAY, JULY 12</p>
<p>LUXEMBOURG - Informal Social Affairs Council (To July 13). No agenda yet available.</p>
<p>MONDAY, JULY 14</p>
<p>STRASBOURG - European Parliament holds plenary session (to July 18).</p>
<p>WEDNESDAY, JULY 16 - (possibly) European Commission gives opinions on EU membership applications of Eastern European countries.</p>
<p>MONDAY, JULY 21</p>
<p>- EU institutions closed for Belgian Independence Day holiday.</p>
<p>TUESDAY, JULY 22</p>
<p>BRUSSELS - General Affairs Council (To July 23). No agenda yet available.</p>
<p>BRUSSELS - Farm Council. No agenda yet available.</p>
<p>THURSDAY, JULY 24</p>
<p>BRUSSELS - Budget Council. No agenda yet available.</p>
<p>AUGUST</p>
<p>- EU institutions closed for summer holidays.</p>
<p>SUNDAY, SEPTEMBER 7</p>
<p>LUXEMBOURG - Informal Farm Council (To September 9). No agenda yet available.</p>
<p>FRIDAY, SEPTEMBER 12</p>
<p>LUXEMBOURG - Informal ECOFIN Council (To September 14). No agenda yet available.</p>
<p>MONDAY, SEPTEMBER 15</p>
<p>BRUSSELS - General Affairs Council (September 16). No agenda yet available.</p>
<p>STRASBOURG - European Parliament holds plenary session (To September 19).</p>
<p>WEDNESDAY, SEPTEMBER 17</p>
<p>BRUSSELS - Committee of the Regions holds plenary session (To September 18).</p>
<p>MONDAY, SEPTEMBER 22</p>
<p>BRUSSELS - Justice and Home Affairs Council (To September 23). No agenda yet available.</p>
<p>BRUSSELS - Farm Council (To September 23). No agenda yet available.</p>
<p>OCTOBER</p>
<p>LUXEMBOURG - Luxembourg EU Presidency hosts high-level meeting in the framework of preparations for the second Asia-Europe Meeting summit to be held in London in April 1998.</p>
<p>WEDNESDAY, OCTOBER 1</p>
<p>BRUSSELS - European Parliament holds mini session (To October 2).</p>
<p>BRUSSELS - Economic and Social Committee (ECOSOC) holds plenary session (To October 2).</p>
<p>THURSDAY, OCTOBER 2</p>
<p>LUXEMBOURG - Telecoms Council. No agenda yet available.</p>
<p>FRIDAY, OCTOBER 3</p>
<p>LUXEMBOURG - Informal Internal Market Council (To October 4). No agenda yet available.</p>
<p>MONDAY, OCTOBER 6</p>
<p>LUXEMBOURG - General Affairs Council (To October 7). No agenda yet available. Reuter EC Report Long-Term Diary (page 8/9 - Oct 9-Nov 24)</p>
<p>THURSDAY, OCTOBER 9</p>
<p>LUXEMBOURG - Transport Council. No agenda yet available.</p>
<p>BONN - Committee of the Regions holds seminar on &quot;Cross-border and inter-regonal cooperation&quot;. Contact: Committee of the Regions (322) 282 2155.</p>
<p>MONDAY, OCTOBER 13</p>
<p>LUXEMBOURG - ECOFIN Council. No agenda yet available.</p>
<p>TUESDAY, OCTOBER 14</p>
<p>LUXEMBOURG - Social Affairs Council. No agenda yet available.</p>
<p>FRIDAY, OCTOBER 17</p>
<p>LUXEMBOURG - Informal Justice and Home Affairs Council (To October 18). No agenda yet available.</p>
<p>MONDAY, OCTOBER 20</p>
<p>LUXEMBOURG - Farm Council (To October 21). No agenda yet available.</p>
<p>STRASBOURG - European Parliament holds plenary session (To October 24).</p>
<p>WEDNESDAY, OCTOBER 22</p>
<p>AALBORG, Denmark - Euro Communication '97 conference &quot;Electronic government - as a driving force for the information society&quot; (0900/0700 GMT) (To October 24). Venue: Congress and Culture Centre. Contact: Congress and Culture Centre (45) 99 35 5555.</p>
<p>THURSDAY, OCTOBER 23</p>
<p>LUXEMBOURG - Environment Council. No agenda yet available.</p>
<p>ATHENS - Committee of the Regions holds seminar on &quot;Combined transport&quot;. Contact: Committee of the Regions (322) 282 2155.</p>
<p>WEDNESDAY, OCTOBER 29</p>
<p>BRUSSELS - Economic and Social Committee (ECOSOC) holds plenary session (To October 30).</p>
<p>THURSDAY, OCTOBER 30</p>
<p>LUXEMBOURG - Fisheries Council. No agenda yet available.</p>
<p>MONDAY, NOVEMBER 3</p>
<p>BRUSSELS - Consumers Council. No agenda yet available.</p>
<p>WEDNESDAY, NOVEMBER 5</p>
<p>BRUSSELS - European Parliament holds mini session (To November 6).</p>
<p>MONDAY, NOVEMBER 10</p>
<p>BRUSSELS - Research Council. No agenda yet available.</p>
<p>THURSDAY, NOVEMBER 6</p>
<p>LIBREVILLE, Gabon - African, Caribbean, Pacific heads of state and government hold summit (To November 7).</p>
<p>WEDNESDAY, NOVEMBER 12</p>
<p>TOULOUSE, France - European People's Party (EPP) holds congress on &quot;Europe and globalisation&quot; (To November 14). Contact: EPP (322) 285 41 57.</p>
<p>THURSDAY, NOVEMBER 13</p>
<p>BRUSSELS - Industry Council. No agenda yet available.</p>
<p>MONDAY, NOVEMBER 17</p>
<p>BRUSSELS - ECOFIN Council. No agenda yet available.</p>
<p>BRUSSELS - Farm Council (To November 18). No agenda yet available.</p>
<p>STRASBOURG - European Parliament holds plenary session (To November 21).</p>
<p>WEDNESDAY, NOVEMBER 19</p>
<p>BRUSSELS - (possibly) Fisheries Council. No agenda yet available.</p>
<p>BRUSSELS - Committee of the Regions holds plenary session (To November 20).</p>
<p>THURSDAY, NOVEMBER 20</p>
<p>BRUSSELS - Education Council. No agenda yet available.</p>
<p>MILAN - Third European conference for craft/trade and small businesses (To November 22). Contact: UEAPME (322) 230 7599.</p>
<p>FRIDAY, NOVEMBER 21</p>
<p>BRUSSELS - Development Council. No agenda yet available.</p>
<p>MONDAY, NOVEMBER 24</p>
<p>BRUSSELS - General Affairs Council (To November 25). No agenda yet available.</p>
<p>BRUSSELS - Culture Council. No agenda yet available.</p>
<p>LUXEMBOURG - The European Finance Convention and the Euro Week hold 11th annual convention (To November 28). Main topics discussed are the euro's impact on financial markets; European payment systems and implications for bank profitability; an overview of the enlargement programme - benefits and disadvantages of the first wave of entries. Speakers include: European Commission President Santer; Belgian Finance Minister Philippe Maystadt; European Commissioners de Silguy, Monti, Wulf-Mathies, Bonino and van den Broek; MEP Karl Von Wogau; Bank of England Governor Eddie George; Spanish Foreign Minister Abel Matutes; Spanish Economy Minister Rodrigo de Rato; WTO Director General Renato Ruggiero; French Economy Minister Jean Arthuis; EIB President Brian Unwin. Reuter EC Report Long-Term Diary (page 9/9 - Nov 27-Dec 31)</p>
<p>THURSDAY, NOVEMBER 27</p>
<p>BRUSSELS - Internal Market Council. No agenda yet available.</p>
<p>BRUSSELS - Budget Council. No agenda yet available.</p>
<p>MONDAY, DECEMBER 1</p>
<p>BRUSSELS - ECOFIN Council. No agenda yet available.</p>
<p>BRUSSELS - (possibly) Telecoms Council. No agenda yet available.</p>
<p>LONDON - Committee of the Regions holds seminar on &quot;Green paper on the citizens's network&quot;. European Commissioner Kinnock attends. Contact: Committee of the Regions (322) 282 2155.</p>
<p>TUESDAY, DECEMBER 2</p>
<p>BRUSSELS - Social Affairs Council. No agenda yet available.</p>
<p>WEDNESDAY, DECEMBER 3</p>
<p>BRUSSELS - European Parliament holds mini session (To December 4).</p>
<p>THURSDAY, DECEMBER 4</p>
<p>BRUSSELS - Health Council. No agenda yet available.</p>
<p>BRUSSELS - Justice and Home Affairs Council. No agenda yet available.</p>
<p>MONDAY, DECEMBER 8</p>
<p>BRUSSELS - General Affairs Council (To December 9). No agenda yet available.</p>
<p>BRUSSELS - Energy Council. No agenda yet available.</p>
<p>WEDNESDAY, DECEMBER 10</p>
<p>BRUSSELS - Transport Council (To December 11). No agenda yet available.</p>
<p>BRUSSELS - Economic and Social Committee (ECOSOC) holds plenary session (To December 11).</p>
<p>FRIDAY, DECEMBER 12</p>
<p>LUXEMBOURG - Luxembourg presidency hosts European Council of heads of state and government (To December 13).</p>
<p>MONDAY, DECEMBER 15</p>
<p>BRUSSELS - Farm Council (To December 16). No agenda yet available.</p>
<p>BRUSSELS - Environment Council (To December 16). No agenda yet available.</p>
<p>STRASBOURG - European Parliament holds plenary session (To December 19).</p>
<p>THURSDAY, DECEMBER 18</p>
<p>BRUSSELS - Fisheries Council (To December 19). No agenda yet available.</p>
<p>MONDAY, DECEMBER 22</p>
<p>BRUSSELS - (possibly) ECOFIN Council. No agenda yet available.</p>
<p>WEDNESDAY, DECEMBER 24</p>
<p>- EU institutions closed for Christmas holidays until Sunday, January 4 inclusive.</p>
<p>1998</p>
<p>BIRMINGHAM, United Kingdom - Group of Seven (G7) - Britain, U.S., Canada, France, Germany, Italy and Japan - hold summit.</p>
<p>If you have items for inclusion in the Reuter European</p>
<p>Community diary, please contact:</p>
<p>Telephone: Cynthia Simpson (322) 287 6851</p>
<p>Fax: (322) 230 5573</p>
<p>For technical queries regarding</p>
<p>the service, please call (322) 287 6666</p>
<p>- - - - - - - - - - - - - - - - - - - - - - -</p>
<p>EC Report (C)opyright Reuters Limited.</p>
</text>
<copyright>(c) Reuters Limited 1997</copyright>
<metadata>
<codes class="bip:countries:1.0">
  <code code="EEC">
    <editdetail attribution="Reuters BIP Coding Group" action="confirmed" date="1997-04-15"/>
  </code>
</codes>
<codes class="bip:topics:1.0">
  <code code="G15">
    <editdetail attribution="Reuters BIP Coding Group" action="confirmed" date="1997-04-15"/>
  </code>
  <code code="GCAT">
    <editdetail attribution="Reuters BIP Coding Group" action="confirmed" date="1997-04-15"/>
  </code>
</codes>
<dc element="dc.publisher" value="Reuters Holdings Plc"/>
<dc element="dc.date.published" value="1997-04-15"/>
<dc element="dc.source" value="Reuters"/>
<dc element="dc.creator.location.country.name" value="EU"/>
<dc element="dc.source" value="Reuters"/>
</metadata>
</newsitem>
