<?xml version="1.0" encoding="iso-8859-1" ?>
<newsitem itemid="508499" id="root" date="1997-04-15" xml:lang="en">
<title>CANADA: CRTC approves BCE control of ExpressVu.</title>
<headline>CRTC approves BCE control of ExpressVu.</headline>
<dateline>OTTAWA 1997-04-15</dateline>
<text>
<p>The Canadian broadcast regulating agency CRTC gave the green light on Tuesday to BCE Inc to take control of the direct-to-home satellite distribution undertaking ExpressVu Inc.</p>
<p>&quot;With approval of this transaction, BCE will hold 70.67 percent of the voting interest in ExpressVu,&quot; the Canadian Radio-television and Telecommunications Commission said.</p>
<p>&quot;Accordingly, ExpressVu will go from a situation of no clear-cut control to a situation where BCE will have legal and effective control.&quot;  </p>
<p>It said the application for a change in effective control resulted partly from the acquisition by BCE of the ownership interest in ExpressVu previously held by Tee-Comm Electronics Inc, an initial shareholder which now owns another DTH undertaking, AlphaStar Canada.</p>
<p>It also resulted from Expressvu's issuance of additional equity to BCE resulting from BCE's capital injection.</p>
<p>The CRTC statement said several companies had opposed the move, arguing that this would give BCE, and indirectly its telephone company Bell Canada, a head start in the broadcasting distribution business.</p>
</text>
<copyright>(c) Reuters Limited 1997</copyright>
<metadata>
<codes class="bip:countries:1.0">
  <code code="CANA">
    <editdetail attribution="Reuters BIP Coding Group" action="confirmed" date="1997-04-15"/>
  </code>
</codes>
<codes class="bip:industries:1.0">
  <code code="I34430">
    <editdetail attribution="Reuters BIP Coding Group" action="confirmed" date="1997-04-15"/>
  </code>
  <code code="I79020">
    <editdetail attribution="Reuters BIP Coding Group" action="confirmed" date="1997-04-15"/>
  </code>
  <code code="I9741110">
    <editdetail attribution="Reuters BIP Coding Group" action="confirmed" date="1997-04-15"/>
  </code>
</codes>
<codes class="bip:topics:1.0">
  <code code="C13">
    <editdetail attribution="Reuters BIP Coding Group" action="confirmed" date="1997-04-15"/>
  </code>
  <code code="C18">
    <editdetail attribution="Reuters BIP Coding Group" action="confirmed" date="1997-04-15"/>
  </code>
  <code code="C181">
    <editdetail attribution="Reuters BIP Coding Group" action="confirmed" date="1997-04-15"/>
  </code>
  <code code="CCAT">
    <editdetail attribution="Reuters BIP Coding Group" action="confirmed" date="1997-04-15"/>
  </code>
</codes>
<dc element="dc.date.created" value="1997-04-15"/>
<dc element="dc.publisher" value="Reuters Holdings Plc"/>
<dc element="dc.date.published" value="1997-04-15"/>
<dc element="dc.source" value="Reuters"/>
<dc element="dc.creator.location" value="OTTAWA"/>
<dc element="dc.creator.location.country.name" value="CANADA"/>
<dc element="dc.source" value="Reuters"/>
</metadata>
</newsitem>
