<?xml version="1.0" encoding="iso-8859-1" ?>
<newsitem itemid="508507" id="root" date="1997-04-15" xml:lang="en">
<title>CANADA: Canada T-bills open firmer on tame U.S. inflation.</title>
<headline>Canada T-bills open firmer on tame U.S. inflation.</headline>
<dateline>TORONTO 1997-04-15</dateline>
<text>
<p>Canadian T-bills opened stronger in active trade on Tuesday, strengthening in the wake of a report showing the U.S. consumer prices rose less than expected in March, dealers said.</p>
<p>&quot;We're following the U.S.. The data was slightly favorable. We were better bid even prior to that. I think there's probably some short positions in the market that needed to be covered,&quot; said a T-bill dealer with one bank-owned brokerage.</p>
<p>Canada's three-month when-issued T-bill firmed to yield 3.22 percent from 3.27 percent at Monday's close.  </p>
<p>Canadian T-bills strengthened after the U.S. March consumer price index allayed market fears of an acceleration in price growth, sparking a rally in U.S. debt markets and easing the pressure on Federal Reserve policymakers to raise interest rates there.</p>
<p>Investors in Canadian T-bills are now looking ahead to the auction this afternoon of C$4.8 billion in three-month, six-month and one-year T-bills. Results of the auction will be released at 1315 EDT/1715 GMT.</p>
<p>In other prices, the six-month when-issued T-bill firmed to yield 3.44 percent from 3.58 percent on Friday.  </p>
<p>The one-year when-issued T-bill firmed to yield 4.36 percent from 4.46 percent.</p>
<p>The call loan rate traded at 3.0 percent, in the center of the Bank of Canada's 2.75-3.25 percent target range.</p>
<p>((Jeffrey Hodgson (416) 941-8105, e-mail: jeffrey.hodgson@reuters.com))</p>
</text>
<copyright>(c) Reuters Limited 1997</copyright>
<metadata>
<codes class="bip:countries:1.0">
  <code code="CANA">
    <editdetail attribution="Reuters BIP Coding Group" action="confirmed" date="1997-04-15"/>
  </code>
</codes>
<codes class="bip:topics:1.0">
  <code code="M13">
    <editdetail attribution="Reuters BIP Coding Group" action="confirmed" date="1997-04-15"/>
  </code>
  <code code="M131">
    <editdetail attribution="Reuters BIP Coding Group" action="confirmed" date="1997-04-15"/>
  </code>
  <code code="MCAT">
    <editdetail attribution="Reuters BIP Coding Group" action="confirmed" date="1997-04-15"/>
  </code>
</codes>
<dc element="dc.date.created" value="1997-04-15"/>
<dc element="dc.publisher" value="Reuters Holdings Plc"/>
<dc element="dc.date.published" value="1997-04-15"/>
<dc element="dc.source" value="Reuters"/>
<dc element="dc.creator.location" value="TORONTO"/>
<dc element="dc.creator.location.country.name" value="CANADA"/>
<dc element="dc.source" value="Reuters"/>
</metadata>
</newsitem>
