<?xml version="1.0" encoding="iso-8859-1" ?>
<newsitem itemid="508571" id="root" date="1997-04-15" xml:lang="en">
<title>ITALY: SOCCER-ROMA'S MORIERO REPORTED HEADING TO EVERTON.</title>
<headline>SOCCER-ROMA'S MORIERO REPORTED HEADING TO EVERTON.</headline>
<dateline>ROME 1997-04-15</dateline>
<text>
<p>Roma's Italian midfielder Francesco Moriero looks set to join English premier league club Everton as a replacement for Russian Andrei Kanchelskis, the Gazzetta dello Sport newspaper said on Tuesday.</p>
<p>The paper reported that Everton had agreed a deal with Moriero's agent and the player had been given a week to consider terms. His contract with Roma expires at the end of the season.</p>
<p>&quot;Mission accomplished. Francesco Moriero has been virtually signed by Everton,&quot; the newspaper said.</p>
<p>It said his agent Vincenzo d'Ippolito had finalised details over the weekend with Everton officials for a four-year contract worth some 1.4 billion lire ($840,000) a season.</p>
<p>&quot;The decision seems more or less taken. Moriero will therefore leave Roma at the end of the season,&quot; the paper said.</p>
<p>A former Italy under-21 player, Moriero joined Roma in 1994 after two seasons at Cagliari. Before that he had played with his home town Lecce in serie A and B.</p>
<p>Kanchelskis joined Fiorentina, Roma's next league opponents this weekend, from Everton in January.</p>
</text>
<copyright>(c) Reuters Limited 1997</copyright>
<metadata>
<codes class="bip:countries:1.0">
  <code code="ITALY">
    <editdetail attribution="Reuters BIP Coding Group" action="confirmed" date="1997-04-15"/>
  </code>
  <code code="RUSS">
    <editdetail attribution="Reuters BIP Coding Group" action="confirmed" date="1997-04-15"/>
  </code>
  <code code="UK">
    <editdetail attribution="Reuters BIP Coding Group" action="confirmed" date="1997-04-15"/>
  </code>
</codes>
<codes class="bip:topics:1.0">
  <code code="GCAT">
    <editdetail attribution="Reuters BIP Coding Group" action="confirmed" date="1997-04-15"/>
  </code>
  <code code="GSPO">
    <editdetail attribution="Reuters BIP Coding Group" action="confirmed" date="1997-04-15"/>
  </code>
</codes>
<dc element="dc.date.created" value="1997-04-15"/>
<dc element="dc.publisher" value="Reuters Holdings Plc"/>
<dc element="dc.date.published" value="1997-04-15"/>
<dc element="dc.source" value="Reuters"/>
<dc element="dc.creator.location" value="ROME"/>
<dc element="dc.creator.location.country.name" value="ITALY"/>
<dc element="dc.source" value="Reuters"/>
</metadata>
</newsitem>
