<?xml version="1.0" encoding="iso-8859-1" ?>
<newsitem itemid="508554" id="root" date="1997-04-15" xml:lang="en">
<title>SPAIN: SOCCER-RESULT IN THE SPANISH LEAGUE CHAMPIONSHIP.</title>
<headline>SOCCER-RESULT IN THE SPANISH LEAGUE CHAMPIONSHIP.</headline>
<dateline>MADRID 1997-04-15</dateline>
<text>
<p>Result in the Spanish league</p>
<p>championship on Tuesday:</p>
<p> Extremadura   1     Valencia	   0</p>
<p>Standings:</p>
<p>				P     W    D    L  F   A   Pts</p>
<p> 1.Real Madrid	   33    22   10    1  69  25   76</p>
<p> 2.Barcelona	     33    21    6    6  85  40   69</p>
<p> 3.Real Betis	    33    19   10    4  71  34   67</p>
<p> 4.Deportivo Coruna    33    17   12    4  49  24   63</p>
<p> 5.Atletico Madrid     32    16    7    9  61  49   55</p>
<p> 6.Valladolid	    33    14    9   10  46  38   51</p>
<p> 7.Athletic Bilbao     33    11   15    7  59  49   48</p>
<p> 8.Tenerife		32    13    8   11  54  38   47</p>
<p> 9.Valencia		34    13    7   14  52  48   47</p>
<p> 10.Real Sociedad	33    13    8   12  39  37   47</p>
<p> 11.Racing Santander   33    10   12   11  38  38   42</p>
<p> 12.Compostela	   33    10   10   13  37  53   40</p>
<p> 13.Celta Vigo	   33     9   12   12  39  42   39</p>
<p> 14.Extremadura	  34    10    9   15  29  47   39</p>
<p> 15.Oviedo		 33    10    8   15  40  52   38</p>
<p> 16.Espanyol	     33    10    7   16  37  46   37</p>
<p> 17.Zaragoza	     33     8   12   13  41  51   36</p>
<p> 18.Rayo Vallecano     33    10    6   17  33  47   36</p>
<p> 19.Sporting Gijon     33     9    8   16  35  54   35</p>
<p> 20.Hercules	     33     8    4   21  29  61   28</p>
<p> 21.Logrones	     33     8    4   21  26  67   28</p>
<p> 22.Sevilla		33     7    6   20  29  56   27</p>
<p>Note:Two teams qualify for the European Cup, four qualify</p>
<p>for the UEFA Cup, four are automatically relegated, and one more</p>
<p>must face a relegation play-off with the third-placed team from</p>
<p>the second division.</p>
</text>
<copyright>(c) Reuters Limited 1997</copyright>
<metadata>
<codes class="bip:countries:1.0">
  <code code="SPAIN">
    <editdetail attribution="Reuters BIP Coding Group" action="confirmed" date="1997-04-15"/>
  </code>
</codes>
<codes class="bip:topics:1.0">
  <code code="GCAT">
    <editdetail attribution="Reuters BIP Coding Group" action="confirmed" date="1997-04-15"/>
  </code>
  <code code="GSPO">
    <editdetail attribution="Reuters BIP Coding Group" action="confirmed" date="1997-04-15"/>
  </code>
</codes>
<dc element="dc.date.created" value="1997-04-15"/>
<dc element="dc.publisher" value="Reuters Holdings Plc"/>
<dc element="dc.date.published" value="1997-04-15"/>
<dc element="dc.source" value="Reuters"/>
<dc element="dc.creator.location" value="MADRID"/>
<dc element="dc.creator.location.country.name" value="SPAIN"/>
<dc element="dc.source" value="Reuters"/>
</metadata>
</newsitem>
