<?xml version="1.0" encoding="iso-8859-1" ?>
<newsitem itemid="508523" id="root" date="1997-04-15" xml:lang="en">
<title>UK: SOCCER-SCOTTISH PREMIER DIVISION SUMMARY.</title>
<headline>SOCCER-SCOTTISH PREMIER DIVISION SUMMARY.</headline>
<dateline>GLASGOW 1997-04-15</dateline>
<text>
<p>Summary of a Scottish Premier</p>
<p>division soccer match on Tuesday:</p>
<p> Raith		   0</p>
<p> Rangers		 6 - Petric 10, Durie 21, 23, Robertson 28</p>
<p>HT: 0-4.  Att: 9,745.  Laudrup 56, McCoist 81</p>
</text>
<copyright>(c) Reuters Limited 1997</copyright>
<metadata>
<codes class="bip:countries:1.0">
  <code code="UK">
    <editdetail attribution="Reuters BIP Coding Group" action="confirmed" date="1997-04-15"/>
  </code>
</codes>
<codes class="bip:topics:1.0">
  <code code="GCAT">
    <editdetail attribution="Reuters BIP Coding Group" action="confirmed" date="1997-04-15"/>
  </code>
  <code code="GSPO">
    <editdetail attribution="Reuters BIP Coding Group" action="confirmed" date="1997-04-15"/>
  </code>
</codes>
<dc element="dc.date.created" value="1997-04-15"/>
<dc element="dc.publisher" value="Reuters Holdings Plc"/>
<dc element="dc.date.published" value="1997-04-15"/>
<dc element="dc.source" value="Reuters"/>
<dc element="dc.creator.location" value="GLASGOW"/>
<dc element="dc.creator.location.country.name" value="UK"/>
<dc element="dc.source" value="Reuters"/>
</metadata>
</newsitem>
