<?xml version="1.0" encoding="iso-8859-1" ?>
<newsitem itemid="508577" id="root" date="1997-04-15" xml:lang="en">
<title>ZIMBABWE: ZIMBABWE DOLLAR FINISHES MIXED ON TUESDAY.</title>
<headline>ZIMBABWE DOLLAR FINISHES MIXED ON TUESDAY.</headline>
<dateline>HARARE 1997-04-15</dateline>
<text>
<p>The Zimbabwe dollar closed mixed against hard currencies after Tuesday's fairly active interbank trading session, dealers said.</p>
<p>&quot;We saw the dollar moving up and down during the day. I suspect there was a payment in the market,&quot; one dealer said.</p>
<p>He added that the local unit reached a low of 11.3000/3100 against the U.S. dollar, prompting the central Reserve Bank to intervene.</p>
<p>&quot;The RBZ came in with support for the dollar at the 11.3000 level and we saw it going up a bit,&quot; the dealer said.</p>
<p>The Zimbabwe dollar finished the day at 11.2950/3050 against the U.S. dollar from 11.2800/2900 on Monday.</p>
<p>Against the crosses, it weakened to 18.3800/4000 from 18.3600/3800 on sterling but was quoted firmer versus the mark at 6.5200/5400 compared to 6.5500/5700. Against the rand it held steady at 2.5300/5400.</p>
<p>--Stella Mapenzauswa, Harare Newsroom: +263-4 72 52 27/8/9</p>
</text>
<copyright>(c) Reuters Limited 1997</copyright>
<metadata>
<codes class="bip:countries:1.0">
  <code code="ZIMBAB">
    <editdetail attribution="Reuters BIP Coding Group" action="confirmed" date="1997-04-15"/>
  </code>
</codes>
<codes class="bip:topics:1.0">
  <code code="M13">
    <editdetail attribution="Reuters BIP Coding Group" action="confirmed" date="1997-04-15"/>
  </code>
  <code code="M132">
    <editdetail attribution="Reuters BIP Coding Group" action="confirmed" date="1997-04-15"/>
  </code>
  <code code="MCAT">
    <editdetail attribution="Reuters BIP Coding Group" action="confirmed" date="1997-04-15"/>
  </code>
</codes>
<dc element="dc.date.created" value="1997-04-15"/>
<dc element="dc.publisher" value="Reuters Holdings Plc"/>
<dc element="dc.date.published" value="1997-04-15"/>
<dc element="dc.source" value="Reuters"/>
<dc element="dc.creator.location" value="HARARE"/>
<dc element="dc.creator.location.country.name" value="ZIMBABWE"/>
<dc element="dc.source" value="Reuters"/>
</metadata>
</newsitem>
