<?xml version="1.0" encoding="iso-8859-1" ?>
<newsitem itemid="508582" id="root" date="1997-04-15" xml:lang="en">
<title>POLAND: POLISH BELCHATOW POWER PLANT EYES FOUR INVESTORS.</title>
<headline>POLISH BELCHATOW POWER PLANT EYES FOUR INVESTORS.</headline>
<dateline>BELCHATOW, Poland 1997-04-15</dateline>
<text>
<p>Four international energy firms are interested in investing in a new $1 billion, 800 megawatt, lignite power plant Belchatow 2, the new firm's chief said on Tuesday.</p>
<p>Zbigniew Zakrzewski told Reuters during an energy industry conference that state-owned Elektrownia Belchatow, which now owns 100 percent of Belchatow 2, planned to offer up to 49 percent of the new company to foreign investors.</p>
<p>He said Belchatow, in central Poland, had been approached by U.S. firms Southern Electric and Community Energy Alternatives Inc, Japan's Marubeni Corp and Sweden's Wattenfall.</p>
<p>&quot;Those four companies have contacted us and are interested in equity investment in Belchatow 2,&quot; Zakrzewski said.</p>
<p>He said the company planned to pick equity investors by the end of this year.</p>
<p>Zakrzewski said that to reduce the risk for investors the new company would seek to secure long-term energy supply contracts as well as lignite supplies for the plant.</p>
<p>He said that under a preliminary plan $200 million of investment would be financed through the new firm's new capital while the remaining $800 million would be covered by a syndicated loan or debt issues.</p>
<p>In 1995 Belchatow signed a letter of intent with state-owned Powszechny Bank Gospodarczy SA, now a member of Bank Pekao SA group, under which PBG would arrange the financing for the $1 billion project.</p>
<p>-- Warsaw Newsroom +48 22 653 9700</p>
</text>
<copyright>(c) Reuters Limited 1997</copyright>
<metadata>
<codes class="bip:countries:1.0">
  <code code="POL">
    <editdetail attribution="Reuters BIP Coding Group" action="confirmed" date="1997-04-15"/>
  </code>
</codes>
<codes class="bip:industries:1.0">
  <code code="I16000">
    <editdetail attribution="Reuters BIP Coding Group" action="confirmed" date="1997-04-15"/>
  </code>
  <code code="I16100">
    <editdetail attribution="Reuters BIP Coding Group" action="confirmed" date="1997-04-15"/>
  </code>
  <code code="I63000">
    <editdetail attribution="Reuters BIP Coding Group" action="confirmed" date="1997-04-15"/>
  </code>
  <code code="I83960">
    <editdetail attribution="Reuters BIP Coding Group" action="confirmed" date="1997-04-15"/>
  </code>
</codes>
<codes class="bip:topics:1.0">
  <code code="C11">
    <editdetail attribution="Reuters BIP Coding Group" action="confirmed" date="1997-04-15"/>
  </code>
  <code code="C18">
    <editdetail attribution="Reuters BIP Coding Group" action="confirmed" date="1997-04-15"/>
  </code>
  <code code="C181">
    <editdetail attribution="Reuters BIP Coding Group" action="confirmed" date="1997-04-15"/>
  </code>
  <code code="CCAT">
    <editdetail attribution="Reuters BIP Coding Group" action="confirmed" date="1997-04-15"/>
  </code>
</codes>
<dc element="dc.date.created" value="1997-04-15"/>
<dc element="dc.publisher" value="Reuters Holdings Plc"/>
<dc element="dc.date.published" value="1997-04-15"/>
<dc element="dc.source" value="Reuters"/>
<dc element="dc.creator.location" value="BELCHATOW, Poland"/>
<dc element="dc.creator.location.country.name" value="POLAND"/>
<dc element="dc.source" value="Reuters"/>
</metadata>
</newsitem>
