<?xml version="1.0" encoding="iso-8859-1" ?>
<newsitem itemid="508541" id="root" date="1997-04-15" xml:lang="en">
<title>USA: NBA BASKETBALL-CLIPPERS CENTER WRIGHT SUSPENDED ONE GAME, FINED $5,000.</title>
<headline>NBA BASKETBALL-CLIPPERS CENTER WRIGHT SUSPENDED ONE GAME, FINED $5,000.</headline>
<dateline>NEW YORK 1997-04-15</dateline>
<text>
<p>Los Angeles Clippers rookie centre Lorenzen Wright was suspended for one game and fined $5,000 by the National Basketball Association Tuesday for throwing a flagrant elbow at Dallas Mavericks centre Shawn Bradley on Monday night.</p>
<p>Wright will sit out Tuesday night's game against the Rockets in Houston, NBA senior vice president of basketball operations Rod Thorn said.</p>
<p>The 6-11 (2.11 m) Wright was ejected with 2:20 left in the third quarter of a 99-93 win that clinched a playoff spot for the Clippers after elbowing the 7-6 (2.28 m) Bradley.</p>
<p>The ejection carries an additional automatic $1,000 fine.</p>
</text>
<copyright>(c) Reuters Limited 1997</copyright>
<metadata>
<codes class="bip:countries:1.0">
  <code code="USA">
    <editdetail attribution="Reuters BIP Coding Group" action="confirmed" date="1997-04-15"/>
  </code>
</codes>
<codes class="bip:topics:1.0">
  <code code="GCAT">
    <editdetail attribution="Reuters BIP Coding Group" action="confirmed" date="1997-04-15"/>
  </code>
  <code code="GSPO">
    <editdetail attribution="Reuters BIP Coding Group" action="confirmed" date="1997-04-15"/>
  </code>
</codes>
<dc element="dc.date.created" value="1997-04-15"/>
<dc element="dc.publisher" value="Reuters Holdings Plc"/>
<dc element="dc.date.published" value="1997-04-15"/>
<dc element="dc.source" value="Reuters"/>
<dc element="dc.creator.location" value="NEW YORK"/>
<dc element="dc.creator.location.country.name" value="USA"/>
<dc element="dc.source" value="Reuters"/>
</metadata>
</newsitem>
