<?xml version="1.0" encoding="iso-8859-1" ?>
<newsitem itemid="508522" id="root" date="1997-04-15" xml:lang="en">
<title>UK: SOCCER-ENGLISH LEAGUE STANDINGS.</title>
<headline>SOCCER-ENGLISH LEAGUE STANDINGS.</headline>
<dateline>LONDON 1997-04-15</dateline>
<text>
<p>English league standings after</p>
<p>matches on Tuesday:</p>
<p>    Division one	  P  W  D   L F  A    PTS  </p>
<p> Bolton		     43 27 12  4 94 50   93</p>
<p> Barnsley		   42 21 13  8 70 45   76</p>
<p> Wolverhampton	    42 20  9 13 61 47   69</p>
<p> Sheffield United	 43 19 11 13 73 51   68</p>
<p> Port Vale		  43 17 15 11 56 50   66</p>
<p> Ipswich		    42 17 13 12 63 49   64</p>
<p> Crystal Palace	   42 17 12 13 71 44   63</p>
<p> Tranmere		   43 17 12 14 60 51   63</p>
<p> Norwich		    43 17 11 15 63 63   62</p>
<p> Portsmouth		 42 18  8 16 53 48   62</p>
<p> Queens Park Rangers    43 16 12 15 59 57   60</p>
<p> Birmingham		 43 15 14 14 47 47   59</p>
<p> Stoke			43 16 10 17 47 55   58</p>
<p> Charlton		   42 15 10 17 49 60   55</p>
<p> Manchester City	  41 15  9 17 53 53   54</p>
<p> Reading		    42 14 12 16 52 59   54</p>
<p> West Bromwich	    43 13 14 16 65 70   53</p>
<p> Swindon		    43 15  8 20 52 67   53</p>
<p> Oxford		     43 14  9 20 57 65   51</p>
<p> Huddersfield	     43 12 13 18 46 60   49</p>
<p> Bradford		   42 10 12 20 43 68   42</p>
<p> Grimsby		    41  9 12 20 52 75   39</p>
<p> Oldham		     43  9 12 22 48 64   39</p>
<p> Southend		   43  8 15 20 40 76   39</p>
<p>Division two</p>
<p> Bury			 42 22 10 10 59 38   76</p>
<p> Brentford		  42 20 14  8 56 38   74</p>
<p> Stockport		  40 20 12  8 53 36   72</p>
<p> Luton			42 19 13 10 67 44   70</p>
<p> Crewe			42 21  5 16 51 43   68</p>
<p> Watford		    42 16 18  8 43 29   66</p>
<p> Bristol City	     42 18 10 14 61 48   64</p>
<p> Walsall		    42 18 10 14 53 47   64</p>
<p> Burnley		    43 18  9 16 63 50   63</p>
<p> Wrexham		    42 15 17 10 47 45   62</p>
<p> Millwall		   43 16 13 14 50 50   61</p>
<p> Blackpool		  42 15 15 12 52 41   60</p>
<p> Chesterfield	     40 14 14 12 36 35   56</p>
<p> Gillingham		 41 15 10 16 51 56   55</p>
<p> Bournemouth		43 14 13 16 40 43   55</p>
<p> Bristol Rovers	   43 14 11 18 43 45   53</p>
<p> Preston		    43 15  7 21 44 55   52</p>
<p> Wycombe		    43 14  9 20 47 53   51</p>
<p> Plymouth		   43 11 17 15 44 55   50</p>
<p> York			 42 12 12 18 43 62   48</p>
<p> Shrewsbury		 43 11 13 19 49 68   46</p>
<p> Peterborough	     43 10 14 19 54 71   44</p>
<p> Notts County	     43  7 13 23 32 56   34</p>
<p> Rotherham		  43  6 13 24 34 64   31</p>
<p>Division three</p>
<p> Wigan			44 24  9 11 79 51   81</p>
<p> Fulham		     43 23 11  9 69 38   80</p>
<p> Carlisle		   43 22 12  9 62 40   78</p>
<p> Swansea		    43 20  7 16 57 53   67</p>
<p> Cardiff		    43 19  9 15 52 49   66</p>
<p> Northampton		43 18 11 14 62 43   65</p>
<p> Colchester		 44 16 16 12 58 49   64</p>
<p> Cambridge		  43 18 10 15 52 54   64</p>
<p> Chester		    43 16 16 11 49 41   64</p>
<p> Mansfield		  43 15 16 12 43 39   61</p>
<p> Lincoln		    43 16 12 15 66 67   60</p>
<p> Scarborough		43 15 15 13 63 65   60</p>
<p> Scunthorpe		 43 17  9 17 58 59   60</p>
<p> Barnet		     43 13 16 14 41 42   55</p>
<p> Hull			 43 12 18 13 41 44   54</p>
<p> Rochdale		   43 12 16 15 51 55   52</p>
<p> Leyton Orient	    43 13 12 18 45 54   51</p>
<p> Darlington		 43 13 10 20 60 73   49</p>
<p> Torquay		    43 13 10 20 44 56   49</p>
<p> Doncaster		  43 13  9 21 50 64   48</p>
<p> Exeter		     43 12 12 19 46 62   48</p>
<p> Hereford		   43 11 12 20 47 61   45</p>
<p> Hartlepool		 43 12  8 23 45 63   44</p>
<p> Brighton		   43 12  8 23 50 68   42</p>
<p>   Note:  Brighton deducted 2 points</p>
</text>
<copyright>(c) Reuters Limited 1997</copyright>
<metadata>
<codes class="bip:countries:1.0">
  <code code="UK">
    <editdetail attribution="Reuters BIP Coding Group" action="confirmed" date="1997-04-15"/>
  </code>
</codes>
<codes class="bip:topics:1.0">
  <code code="GCAT">
    <editdetail attribution="Reuters BIP Coding Group" action="confirmed" date="1997-04-15"/>
  </code>
  <code code="GSPO">
    <editdetail attribution="Reuters BIP Coding Group" action="confirmed" date="1997-04-15"/>
  </code>
</codes>
<dc element="dc.date.created" value="1997-04-15"/>
<dc element="dc.publisher" value="Reuters Holdings Plc"/>
<dc element="dc.date.published" value="1997-04-15"/>
<dc element="dc.source" value="Reuters"/>
<dc element="dc.creator.location" value="LONDON"/>
<dc element="dc.creator.location.country.name" value="UK"/>
<dc element="dc.source" value="Reuters"/>
</metadata>
</newsitem>
