<?xml version="1.0" encoding="iso-8859-1" ?>
<newsitem itemid="508540" id="root" date="1997-04-15" xml:lang="en">
<title>CYPRUS: BASKETBALL-REAL MADRID CLINCH EUROCUP TITLE.</title>
<headline>BASKETBALL-REAL MADRID CLINCH EUROCUP TITLE.</headline>
<dateline>NICOSIA 1997-04-15</dateline>
<text>
<p>Ros Herreros scored 19 points and Josef Arlauckas added 18 to lead Real Madrid to a 78-64 win over Riello Verona in the Eurocup basketball final on Tuesday.</p>
<p>Real Madrid controlled the game almost from the start and the Italian team could get no closer than eight points in the final 15 minutes.</p>
<p>&quot;I think the key for our success is the defence, we played very good defence,&quot; winning coach Zelimir Obradovic said.</p>
<p>The Spanish team raced to a 9-0 lead in the game's first four minutes with Herreros scoring five quick points.</p>
<p>Verona then closed the gap, taking the lead briefly at 18-17 with just over seven minutes left in the half.</p>
<p>But nine points by Herreros over the next three minutes put Real Madrid back in control and they led 36-30 at half time.</p>
<p>They stretched their advantage to 58-44 midway through the second half.</p>
</text>
<copyright>(c) Reuters Limited 1997</copyright>
<metadata>
<codes class="bip:countries:1.0">
  <code code="CYPR">
    <editdetail attribution="Reuters BIP Coding Group" action="confirmed" date="1997-04-15"/>
  </code>
  <code code="ITALY">
    <editdetail attribution="Reuters BIP Coding Group" action="confirmed" date="1997-04-15"/>
  </code>
  <code code="SENEG">
    <editdetail attribution="Reuters BIP Coding Group" action="confirmed" date="1997-04-15"/>
  </code>
  <code code="SPAIN">
    <editdetail attribution="Reuters BIP Coding Group" action="confirmed" date="1997-04-15"/>
  </code>
</codes>
<codes class="bip:topics:1.0">
  <code code="GCAT">
    <editdetail attribution="Reuters BIP Coding Group" action="confirmed" date="1997-04-15"/>
  </code>
  <code code="GSPO">
    <editdetail attribution="Reuters BIP Coding Group" action="confirmed" date="1997-04-15"/>
  </code>
</codes>
<dc element="dc.date.created" value="1997-04-15"/>
<dc element="dc.publisher" value="Reuters Holdings Plc"/>
<dc element="dc.date.published" value="1997-04-15"/>
<dc element="dc.source" value="Reuters"/>
<dc element="dc.creator.location" value="NICOSIA"/>
<dc element="dc.creator.location.country.name" value="CYPRUS"/>
<dc element="dc.source" value="Reuters"/>
</metadata>
</newsitem>
