<?xml version="1.0" encoding="iso-8859-1" ?>
<newsitem itemid="508560" id="root" date="1997-04-15" xml:lang="en">
<title>ITALY: SOCCER-BANNED VICENZA TO PLAY IN REGGIO EMILIA.</title>
<headline>SOCCER-BANNED VICENZA TO PLAY IN REGGIO EMILIA.</headline>
<dateline>MILAN 1997-04-15</dateline>
<text>
<p>Italian club Vicenza, banned from using their home ground for one league match after crowd trouble, will play Perugia in Reggio Emilia on Sunday.</p>
<p>The Italian soccer league gave the go-ahead to the neutral northern venue on Tuesday after Vicenza's first choice of Cremona was ruled out by local police.</p>
<p>Vicenza, struggling since leading serie A briefly in November and December, were punished after fans invaded the pitch during a home match against Lazio on March 23.</p>
</text>
<copyright>(c) Reuters Limited 1997</copyright>
<metadata>
<codes class="bip:countries:1.0">
  <code code="ITALY">
    <editdetail attribution="Reuters BIP Coding Group" action="confirmed" date="1997-04-15"/>
  </code>
</codes>
<codes class="bip:topics:1.0">
  <code code="GCAT">
    <editdetail attribution="Reuters BIP Coding Group" action="confirmed" date="1997-04-15"/>
  </code>
  <code code="GSPO">
    <editdetail attribution="Reuters BIP Coding Group" action="confirmed" date="1997-04-15"/>
  </code>
</codes>
<dc element="dc.date.created" value="1997-04-15"/>
<dc element="dc.publisher" value="Reuters Holdings Plc"/>
<dc element="dc.date.published" value="1997-04-15"/>
<dc element="dc.source" value="Reuters"/>
<dc element="dc.creator.location" value="MILAN"/>
<dc element="dc.creator.location.country.name" value="ITALY"/>
<dc element="dc.source" value="Reuters"/>
</metadata>
</newsitem>
