<?xml version="1.0" encoding="iso-8859-1" ?>
<newsitem itemid="508508" id="root" date="1997-04-15" xml:lang="en">
<title>GERMANY: SOCCER-COTTBUS BEAT KARLSRUHE 3-0 IN GERMAN CUP SEMIFINAL.</title>
<headline>SOCCER-COTTBUS BEAT KARLSRUHE 3-0 IN GERMAN CUP SEMIFINAL.</headline>
<dateline>COTTBUS, Germany 1997-04-15</dateline>
<text>
<p>Lowly Cottbus Energie became only the second regional league side ever to reach the German Cup final by beating first division Karlsruhe 3-0 on Tuesday night.</p>
<p>Second half goals from Willi Kronhardt, Detlef Irrgang and Toralf Konetzke ensured Cottbus join Hertha Berlin in the German record books.</p>
<p>Cottbus will hope to go one better than the amateur Berlin side did in 1993 when they lost 1-0 to Bayer Leverkusen.</p>
<p>The east German side now meet either VfB Stuttgart or SV Hamburg -- who clash on Wednesday -- in the final.</p>
<p>Karlsruhe were in trouble after just 33 minutes when they were reduced to 10 men after Eduard Geyer was sent off for a foul.</p>
<p>Karlsruhe could have gone ahead two minutes later but naturalised German Sean Dundee's attempt was saved by Cotbuss 'keeper Kay Wehner.</p>
<p>Kronhardt's strike in the 65th minute was followed just three minutes later by Irrgang's goal and Konetzke sealed the win eight minutes from time.</p>
<p>&quot;Although we are in the third league and Karlsruhe were the favourites, we showed we can play a little football,&quot; Cottbus trainer Eduard Geyer said after the match.</p>
</text>
<copyright>(c) Reuters Limited 1997</copyright>
<metadata>
<codes class="bip:countries:1.0">
  <code code="GFR">
    <editdetail attribution="Reuters BIP Coding Group" action="confirmed" date="1997-04-15"/>
  </code>
</codes>
<codes class="bip:topics:1.0">
  <code code="GCAT">
    <editdetail attribution="Reuters BIP Coding Group" action="confirmed" date="1997-04-15"/>
  </code>
  <code code="GSPO">
    <editdetail attribution="Reuters BIP Coding Group" action="confirmed" date="1997-04-15"/>
  </code>
</codes>
<dc element="dc.date.created" value="1997-04-15"/>
<dc element="dc.publisher" value="Reuters Holdings Plc"/>
<dc element="dc.date.published" value="1997-04-15"/>
<dc element="dc.source" value="Reuters"/>
<dc element="dc.creator.location" value="COTTBUS, Germany"/>
<dc element="dc.creator.location.country.name" value="GERMANY"/>
<dc element="dc.source" value="Reuters"/>
</metadata>
</newsitem>
