<?xml version="1.0" encoding="iso-8859-1" ?>
<newsitem itemid="508509" id="root" date="1997-04-15" xml:lang="en">
<title>POLAND: ICE HOCKEY-WORLD CHAMPIONSHIPS POOL B RESULTS.</title>
<headline>ICE HOCKEY-WORLD CHAMPIONSHIPS POOL B RESULTS.</headline>
<dateline>KATOWICE, Poland 1997-04-15</dateline>
<text>
<p>World championship pool B ice hockey results on Tuesday:</p>
<p>    Belarus     4   Kazakhstan    3    (0-0 2-1 2-2)</p>
<p>Belarus - Andrei Skabelka 31, 44, Alexandre Andrievski 35, Oleg Romanov 47.</p>
<p>Kazakhstan - Yerlan Sagymbayev 23, 53, Vladimir Antipin 58.</p>
<p>    Austria     3   Denmark	 1    (1-0 1-0 1-1)</p>
<p>Austria - Richard Nasheim 7, Gerhard Puschnik 32, Manfred Muehr 55.</p>
<p>Denmark - Jens Christian Nielsen 51</p>
<p>    Switzerland  0   Poland	  0</p>
<p>Penalties: Switzerland 16, Poland 12 min</p>
<p>    Britain	8   Netherlands 2	(4-0 3-1 1-1)</p>
<p>Britain - Patrick Scott 8, 39, 47, Richard Little 17, 26, Michael Bishop 10, Kevin Conway 16, David Longstaff 39.</p>
<p>Netherlands - Valing Dijkstra 29, Thomas Hartogs 59</p>
<p>    Standings	P    W    D    L     F    A    Pts</p>
<p>    Belarus	  3    3    0    0    20    8    6</p>
<p>    Switzerland    3    2    1    0    14    7    5</p>
<p>    Kazakhstan     3    2    0    1    12    9    4</p>
<p>    Austria	  3    1    1    1     8    8    3</p>
<p>    Poland	   3    1    1    1     6   10    3</p>
<p>    Britain	  3    1    0    2    13   10    2</p>
<p>    Netherlands    3    0    1    2     7   18    1</p>
<p>    Denmark	  3    0    0    3     8   18    0</p>
</text>
<copyright>(c) Reuters Limited 1997</copyright>
<metadata>
<codes class="bip:countries:1.0">
  <code code="BYELRS">
    <editdetail attribution="Reuters BIP Coding Group" action="confirmed" date="1997-04-15"/>
  </code>
  <code code="KAZK">
    <editdetail attribution="Reuters BIP Coding Group" action="confirmed" date="1997-04-15"/>
  </code>
  <code code="POL">
    <editdetail attribution="Reuters BIP Coding Group" action="confirmed" date="1997-04-15"/>
  </code>
</codes>
<codes class="bip:topics:1.0">
  <code code="GCAT">
    <editdetail attribution="Reuters BIP Coding Group" action="confirmed" date="1997-04-15"/>
  </code>
  <code code="GSPO">
    <editdetail attribution="Reuters BIP Coding Group" action="confirmed" date="1997-04-15"/>
  </code>
</codes>
<dc element="dc.date.created" value="1997-04-15"/>
<dc element="dc.publisher" value="Reuters Holdings Plc"/>
<dc element="dc.date.published" value="1997-04-15"/>
<dc element="dc.source" value="Reuters"/>
<dc element="dc.creator.location" value="KATOWICE, Poland"/>
<dc element="dc.creator.location.country.name" value="POLAND"/>
<dc element="dc.source" value="Reuters"/>
</metadata>
</newsitem>
