<?xml version="1.0" encoding="iso-8859-1" ?>
<newsitem itemid="508531" id="root" date="1997-04-15" xml:lang="en">
<title>SOUTH AFRICA: SOCCER-MARKSMAN MASINGA BACK TO LEAD SOUTH AFRICA.</title>
<headline>SOCCER-MARKSMAN MASINGA BACK TO LEAD SOUTH AFRICA.</headline>
<byline>Mark Gleeson</byline>
<dateline>JOHANNESBURG 1997-04-15</dateline>
<text>
<p>Striker Phil Masinga ended a short international retirement with a call-up to the South African squad for the World Cup qualifier against Zaire on April 27, officials announced on Tuesday.</p>
<p>Masinga, who plays for Salernitana in Italy's second division, has led his country's scoring since the return to international football five years ago.</p>
<p>But he quit the international game in January after he had been subjected to repeated abuse from home fans after a series of sub-standard performances.</p>
<p>The former Leeds United player has now changed his mind and has been drafted into the team by a grateful coach Clive Barker, under intense pressure after South Africa's surprise 2-0 defeat by the Congo two weeks ago.</p>
<p>Masinga's lanky frame and ability to unsettle opposition defences was sorely missed in South Africa's defeat in Pointe Noire, which sees the country trailing the Congo by three points in group three of the African qualifiers.</p>
<p>Barker has kept faith with the 19 squad members who travelled to Congo and also added midfielder Thomas Madigage and third-choice goalkeeper Brian Baloyi, the only uncapped player.</p>
<p>The match has been switched to Lome, Togo because of the civil war in Zaire.</p>
<p>South African officials were first told that the game would take place in Pointe Noire, Congo but FIFA later changed their decision after strong protests.</p>
<p>South Africa have accused Congo of severe intimidation and harassment during their trip there and have sent a protest letter to the world governing body.</p>
<p>Squad:</p>
<p>Goalkeepers - Mark Anderson (Mamelodi Sundowns), Andre Arendse (Cape Town Spurs), Brian Baloyi (Kaizer Chiefs).</p>
<p>Defenders - Mark Fish (Lazio), Gavin Lane (Orlando Pirates), Sizwe Motaung, David Nyathi (both Tenerife), Lucas Radebe (Leeds United), Neil Tovey (Kaizer Chiefs).</p>
<p>Midfielders - Linda Buthelezei (Mamelodi Sundowns), Doctor Khumalo (Columbus Crew), Thomas Madigage (Supersport United), Helman Mkhalele, John Moeti, Dumisa Ngobe (all Orlando Pirates), John Moshoeu (Kocaelispor, Turkey), Eric Tinkler (Cagliari).</p>
<p>Strikers - Brendan Augustine (Linzer ASK, Austria), Shaun Bartlett (Colorado Rapids, U.S.), George Koumantarakis (Mammning Rangers), Phil Masinga (Salernitana, Italy), Jerry Sikhosana (Orlando Pirates).</p>
</text>
<copyright>(c) Reuters Limited 1997</copyright>
<metadata>
<codes class="bip:countries:1.0">
  <code code="SAFR">
    <editdetail attribution="Reuters BIP Coding Group" action="confirmed" date="1997-04-15"/>
  </code>
  <code code="ZAIRE">
    <editdetail attribution="Reuters BIP Coding Group" action="confirmed" date="1997-04-15"/>
  </code>
</codes>
<codes class="bip:topics:1.0">
  <code code="GCAT">
    <editdetail attribution="Reuters BIP Coding Group" action="confirmed" date="1997-04-15"/>
  </code>
  <code code="GSPO">
    <editdetail attribution="Reuters BIP Coding Group" action="confirmed" date="1997-04-15"/>
  </code>
</codes>
<dc element="dc.date.created" value="1997-04-15"/>
<dc element="dc.publisher" value="Reuters Holdings Plc"/>
<dc element="dc.date.published" value="1997-04-15"/>
<dc element="dc.source" value="Reuters"/>
<dc element="dc.creator.location" value="JOHANNESBURG"/>
<dc element="dc.creator.location.country.name" value="SOUTH AFRICA"/>
<dc element="dc.source" value="Reuters"/>
</metadata>
</newsitem>
