<?xml version="1.0" encoding="iso-8859-1" ?>
<newsitem itemid="508593" id="root" date="1997-04-15" xml:lang="en">
<title>LATVIA: LATVIA NOON RADIO HEADLINES - APRIL 15.</title>
<headline>LATVIA NOON RADIO HEADLINES - APRIL 15.</headline>
<dateline>RIGA 1997-04-15</dateline>
<text>
<p>These are the main headlines of the news reported on Radio Latvia on Tuesday at noon. Reuters has not verified these reports and cannot vouch for their accuracy.</p>
<p>- President Giuntis Ulmanis does not accept the idea of just one Baltic state joining NATO, he said during a visit to France.</p>
<p>- A parliamentary investigation committes on G-24 credits and the privatisation of banks is being blocked by the ruling political elite, Social Democrat MP Janis Adamsons said.</p>
<p>- Latvia signed an egreement with Denmark on finacial support for EU integration. Denmark has granted 60 million DKK to both Baltic states and Poland this year.</p>
<p>-- Riga Newsroom, +371 721 5240</p>
</text>
<copyright>(c) Reuters Limited 1997</copyright>
<metadata>
<codes class="bip:countries:1.0">
  <code code="LATV">
    <editdetail attribution="Reuters BIP Coding Group" action="confirmed" date="1997-04-15"/>
  </code>
</codes>
<codes class="bip:topics:1.0">
  <code code="GCAT">
    <editdetail attribution="Reuters BIP Coding Group" action="confirmed" date="1997-04-15"/>
  </code>
</codes>
<dc element="dc.date.created" value="1997-04-15"/>
<dc element="dc.publisher" value="Reuters Holdings Plc"/>
<dc element="dc.date.published" value="1997-04-15"/>
<dc element="dc.source" value="Reuters"/>
<dc element="dc.creator.location" value="RIGA"/>
<dc element="dc.creator.location.country.name" value="LATVIA"/>
<dc element="dc.source" value="Reuters"/>
</metadata>
</newsitem>
