<?xml version="1.0" encoding="iso-8859-1" ?>
<newsitem itemid="508511" id="root" date="1997-04-15" xml:lang="en">
<title>SPAIN: TENNIS-MUSTER STRUGGLES AS SEEDS CRASH IN BARCELONA.</title>
<headline>TENNIS-MUSTER STRUGGLES AS SEEDS CRASH IN BARCELONA.</headline>
<dateline>BARCELONA 1997-04-15</dateline>
<text>
<p>Thomas Muster survived a scare in the first match of his Barcelona Open title defence on Tuesday before grinding out a three sets victory over Italy's Renzo Furlan.</p>
<p>But third seed Goran Ivanisevic and Wayne Ferreira, seeded sixth, crashed out to unfancied opponents and joined the five seeds eliminated on Monday.</p>
<p>Muster lost the opening set and seemed to be in trouble at 2-1 and 0-40 down in the second.</p>
<p>But the Austrian eventually found his length to force a series of vital backhand errors out of Furlan, and went on to seal a 5-7 6-4 6-4 second round victory with a rare ace on his first match point.</p>
<p>&quot;It was complicated. It was my first real clay court match this season,&quot; said Muster.</p>
<p>For world number 10 Ferreira, defeated by Spain's Alberto Martin, ranked 168, completed a disastrous week in which he had already crashed out in Estoril to a player ranked more than 440 places below him.</p>
<p>Martin let the South African back to 4-4 after leading 4-1 in the third set, but was able to retake control and sealed victory with a full-blooded backhand return.</p>
<p>&quot;I believed I could beat him. I'd never seen him play, but from the television I could tell he played well,&quot; said 18-year-old Martin after the 4-6 6-2 7-5 victory.</p>
<p>Croatia's Ivanisevic, nursing an injury to his right index finger, lost 6-2 6-3 in just 53 minutes to Karim Alami of Morocco.</p>
<p>A telling statistic was that the big-serving left-hander could only manage three aces. &quot;There is a 99.9 percent chance I will pull out Monte Carlo,&quot; he said.</p>
<p>Tenth seed Sergi Bruguera was fined $1,000 by the ATP Tour for failing appear for the post-match press conference after Monday's three-set defeat by Marc Kevin Goellner.</p>
<p>Another fancied Spaniard, 11th seed Alex Corretja, lost to Andrei Medvedev of Ukraine in three sets just days after winning on clay in Estoril.</p>
<p>But former French Open finalist Alberto Berasategui, seeded ninth, lost only three games in beating fellow Spaniard Javier Sanchez.</p>
</text>
<copyright>(c) Reuters Limited 1997</copyright>
<metadata>
<codes class="bip:countries:1.0">
  <code code="SPAIN">
    <editdetail attribution="Reuters BIP Coding Group" action="confirmed" date="1997-04-15"/>
  </code>
</codes>
<codes class="bip:topics:1.0">
  <code code="GCAT">
    <editdetail attribution="Reuters BIP Coding Group" action="confirmed" date="1997-04-15"/>
  </code>
  <code code="GSPO">
    <editdetail attribution="Reuters BIP Coding Group" action="confirmed" date="1997-04-15"/>
  </code>
</codes>
<dc element="dc.date.created" value="1997-04-15"/>
<dc element="dc.publisher" value="Reuters Holdings Plc"/>
<dc element="dc.date.published" value="1997-04-15"/>
<dc element="dc.source" value="Reuters"/>
<dc element="dc.creator.location" value="BARCELONA"/>
<dc element="dc.creator.location.country.name" value="SPAIN"/>
<dc element="dc.source" value="Reuters"/>
</metadata>
</newsitem>
