<?xml version="1.0" encoding="iso-8859-1" ?>
<newsitem itemid="508578" id="root" date="1997-04-15" xml:lang="en">
<title>SOUTH AFRICA: S.AFRICAN PUBLIC SECTOR CHANGE IN 'CHAOS' - COSATU.</title>
<headline>S.AFRICAN PUBLIC SECTOR CHANGE IN 'CHAOS' - COSATU.</headline>
<dateline>JOHANNESBURG 1997-04-15</dateline>
<text>
<p>The Congress of South African Trade Unions (Cosatu) said on Tuesday the transformation of the country's public sector was disorderly and failing to meet expectations.</p>
<p>&quot;My impression, and it is shared by the public sector unions, is that it is in chaos,&quot; Zwelinzima Vavi, the federation's assistant secretary general, told a news briefing. </p>
<p>&quot;I don't believe it is going according to any expectations that I can have in terms of what we should have already achieved in the whole process of public sector transformation,&quot; he said.</p>
<p>Vavi said too little emphasis had been placed on delivering services in the rush to slim down the public sector to meet a target reduction of 7,000 jobs by 1999. </p>
<p>Cosatu general secretary Sam Shilowa told the briefing that while the unions did not want to recklessly boot out whites from the public sector, an official skills audit should be carried out to assess how blacks could be promoted into senior posts.</p>
<p>&quot;We don't want to have a reckless situation where we want to retrench whites just because they are white males -- but at the same time we don't have to be coy,&quot; he said.</p>
<p>President Nelson Mandela's government wants to change the face of the old white-dominated public sector to reflect its three-year-old multiracial democracy. </p>
<p>However, it is hampered by a &quot;sunset clause&quot; agreement which secures the jobs of white bureaucrats for at least five years. The deal, struck before the historic 1994 elections, helped ensure a peaceful handover of power to Mandela's African National Congress.</p>
<p>-- Johannesburg newsroom +27 11 482 1003</p>
</text>
<copyright>(c) Reuters Limited 1997</copyright>
<metadata>
<codes class="bip:countries:1.0">
  <code code="SAFR">
    <editdetail attribution="Reuters BIP Coding Group" action="confirmed" date="1997-04-15"/>
  </code>
</codes>
<codes class="bip:topics:1.0">
  <code code="C42">
    <editdetail attribution="Reuters BIP Coding Group" action="confirmed" date="1997-04-15"/>
  </code>
  <code code="CCAT">
    <editdetail attribution="Reuters BIP Coding Group" action="confirmed" date="1997-04-15"/>
  </code>
  <code code="E41">
    <editdetail attribution="Reuters BIP Coding Group" action="confirmed" date="1997-04-15"/>
  </code>
  <code code="ECAT">
    <editdetail attribution="Reuters BIP Coding Group" action="confirmed" date="1997-04-15"/>
  </code>
  <code code="GCAT">
    <editdetail attribution="Reuters BIP Coding Group" action="confirmed" date="1997-04-15"/>
  </code>
  <code code="GJOB">
    <editdetail attribution="Reuters BIP Coding Group" action="confirmed" date="1997-04-15"/>
  </code>
</codes>
<dc element="dc.date.created" value="1997-04-15"/>
<dc element="dc.publisher" value="Reuters Holdings Plc"/>
<dc element="dc.date.published" value="1997-04-15"/>
<dc element="dc.source" value="Reuters"/>
<dc element="dc.creator.location" value="JOHANNESBURG"/>
<dc element="dc.creator.location.country.name" value="SOUTH AFRICA"/>
<dc element="dc.source" value="Reuters"/>
</metadata>
</newsitem>
