<?xml version="1.0" encoding="iso-8859-1" ?>
<newsitem itemid="508580" id="root" date="1997-04-15" xml:lang="en">
<title>ZIMBABWE: ZIMBABWE MONEY RATES DEPRESSED IN LIQUID MARKET.</title>
<headline>ZIMBABWE MONEY RATES DEPRESSED IN LIQUID MARKET.</headline>
<dateline>HARARE 1997-04-14</dateline>
<text>
<p>Zimbabwe's money market opened short on Tuesday with trading rates quoted firmer in quiet trade, dealers said.</p>
<p>&quot;The market is a bit tight at the moment. There hasn't been any maturity of treasury bills today,&quot; a dealer said, adding that as a result the central Reserve Bank had not auctioned any bills as it normally does to mop up excess liquidity.</p>
<p>Discount houses were however selling the central bank paper on the secondary market at 15.75 percent and call money was also quoted at 15.75 percent, up from 15.50 the previous day.</p>
<p>NCDs redeemable after 30, 60 and 90 days were being bought at 16.50 from 16.35 percent and sold at 16.25 percent from 16 percent while bankers acceptance bills were at 16.25 amd 16 percent (buying and selling) from 16 and 15.75 percent on Monday.</p>
<p>Reserve Bank figures showed the market closed with a Z$28 million deficit on Monday from a previous surplus of Z$122.1 million.</p>
<p>--Stella Mapenzauswa, Harare Newsroom: +263-4 72 52 27/8/9</p>
</text>
<copyright>(c) Reuters Limited 1997</copyright>
<metadata>
<codes class="bip:countries:1.0">
  <code code="ZIMBAB">
    <editdetail attribution="Reuters BIP Coding Group" action="confirmed" date="1997-04-15"/>
  </code>
</codes>
<codes class="bip:topics:1.0">
  <code code="M13">
    <editdetail attribution="Reuters BIP Coding Group" action="confirmed" date="1997-04-15"/>
  </code>
  <code code="M131">
    <editdetail attribution="Reuters BIP Coding Group" action="confirmed" date="1997-04-15"/>
  </code>
  <code code="MCAT">
    <editdetail attribution="Reuters BIP Coding Group" action="confirmed" date="1997-04-15"/>
  </code>
</codes>
<dc element="dc.date.created" value="1997-04-14"/>
<dc element="dc.publisher" value="Reuters Holdings Plc"/>
<dc element="dc.date.published" value="1997-04-15"/>
<dc element="dc.source" value="Reuters"/>
<dc element="dc.creator.location" value="HARARE"/>
<dc element="dc.creator.location.country.name" value="ZIMBABWE"/>
<dc element="dc.source" value="Reuters"/>
</metadata>
</newsitem>
