<?xml version="1.0" encoding="iso-8859-1" ?>
<newsitem itemid="508557" id="root" date="1997-04-15" xml:lang="en">
<title>FRANCE: SOCCER-FRENCH LEAGUE SUMMARY.</title>
<headline>SOCCER-FRENCH LEAGUE SUMMARY.</headline>
<dateline>PARIS 1997-04-15</dateline>
<text>
<p>Summary of French first division</p>
<p>match on Tuesday:</p>
<p> Bastia		 1 - Moravcik 25</p>
<p> Paris St Germain   1 - Loko 14</p>
<p>HT: 1-1  Att: 11,000</p>
<p>- - - -</p>
<p>Playing on Wednesday:</p>
<p>Rennes v Lyon</p>
<p>Nice v Lens</p>
<p>Auxerre v Le Havre</p>
<p>Metz v Guingamp</p>
<p>Bordeaux v Monaco</p>
<p>Marseille v Montpellier</p>
<p>Strasbourg v Nantes</p>
<p>Caen v Nancy</p>
<p>Playing on Thursday:</p>
<p>Lille v Cannes</p>
</text>
<copyright>(c) Reuters Limited 1997</copyright>
<metadata>
<codes class="bip:countries:1.0">
  <code code="FRA">
    <editdetail attribution="Reuters BIP Coding Group" action="confirmed" date="1997-04-15"/>
  </code>
  <code code="MONAC">
    <editdetail attribution="Reuters BIP Coding Group" action="confirmed" date="1997-04-15"/>
  </code>
</codes>
<codes class="bip:topics:1.0">
  <code code="GCAT">
    <editdetail attribution="Reuters BIP Coding Group" action="confirmed" date="1997-04-15"/>
  </code>
  <code code="GSPO">
    <editdetail attribution="Reuters BIP Coding Group" action="confirmed" date="1997-04-15"/>
  </code>
</codes>
<dc element="dc.date.created" value="1997-04-15"/>
<dc element="dc.publisher" value="Reuters Holdings Plc"/>
<dc element="dc.date.published" value="1997-04-15"/>
<dc element="dc.source" value="Reuters"/>
<dc element="dc.creator.location" value="PARIS"/>
<dc element="dc.creator.location.country.name" value="FRANCE"/>
<dc element="dc.source" value="Reuters"/>
</metadata>
</newsitem>
