<?xml version="1.0" encoding="iso-8859-1" ?>
<newsitem itemid="508514" id="root" date="1997-04-15" xml:lang="en">
<title>SPAIN: RALLYING-LIATTI AND MAKINEN IN CATALUNYA RALLY DUEL.</title>
<headline>RALLYING-LIATTI AND MAKINEN IN CATALUNYA RALLY DUEL.</headline>
<dateline>LLORET DE MAR, Spain 1997-04-15</dateline>
<text>
<p>Italian Piero Liatti and reigning world champion Tommi Makinen of Finland shared the lead after the second day of the Catalunya Rally on Tuesday.</p>
<p>As overnight leader Colin McRae of Britain dropped out of contention with a puncture on the 11th stage, Makinen in a Mitsubishi and Liatti in a Subaru continually matched each other for pace.</p>
<p>Both completed the first 13 stages with a time of three hours three minutes 56 seconds with the prospect of a thrilling finale back in the mountains on Wednesday.</p>
<p>&quot;I have had no problems all day and have been pushing all the way,&quot; said Liatti, who took the lead from McRae on the 10th stage.</p>
<p>&quot;The only drama was when I hit a rock on the eighth stage and I wasn't sure what damage that had done, so I took it steady for about a kilometre.</p>
<p>The Peugeot team continued to impress the world rally championship regulars with Frenchman Gilles Panizzi claiming third place after a climb up the field from ninth overnight.</p>
<p>He had led for much of the opening day before a puncture on stage six cost him more than two minutes.</p>
<p>McRae recovered from his puncture to set the fastest time on the 13th stage and ended the leg fourth overall, more than a minute behind Panizzi.</p>
<p>&quot;Tyre wear has been critical and, although we have been trying to look after them, I had to push hard because Tommi and Piero were pushing me,&quot; explained McRae.</p>
<p>&quot;On stage 11 we suffered the puncture and, although we were nearing the end of the stage, it would have been silly to continue because the next stage was a long one.</p>
<p>&quot;I am obviously hugely disappointed, but we will still be giving everything because anything can still happen.&quot;</p>
<p>Other championship contenders had a frustrating day, with both Ford drivers suffering transmission failures after brake problems had ruined their first day.</p>
<p>Local hero Carlo Sainz, who suffered two punctures on the day's first stage, was already beginning to drop back from the leading three drivers when he lost five minutes on the 10th stage with a broken propshaft.</p>
<p>He recovered with the fastest time on the 11th stage and ended the day 10th, but with little hope of recovering the time lost to leaders Liatti and Makinen.</p>
<p>&quot;I am feeling a lot more confident with the car now, but all we can really do is try and pick up a few more places for championship points,&quot; said Sainz.</p>
<p>Sainz's German team mate Armin Schwarz had been the only championship challenger to finish the first four rounds of the season, but his luck ran out on the seventh stage when his car filled with smoke from a split silencer box.</p>
<p>The heat from the exhaust then broke his propshaft on the following Prades run, although he was able to reach the next service point for urgent repairs. But Schwarz retired for good on the ninth stage, when the propshaft snapped again.</p>
<p>&quot;I am obviously disappointed because this was the first time I have retired this season, but there was no chance of continuing because there was another long stage after the one we hit problems on,&quot; he said.</p>
</text>
<copyright>(c) Reuters Limited 1997</copyright>
<metadata>
<codes class="bip:countries:1.0">
  <code code="FIN">
    <editdetail attribution="Reuters BIP Coding Group" action="confirmed" date="1997-04-15"/>
  </code>
  <code code="SPAIN">
    <editdetail attribution="Reuters BIP Coding Group" action="confirmed" date="1997-04-15"/>
  </code>
  <code code="UK">
    <editdetail attribution="Reuters BIP Coding Group" action="confirmed" date="1997-04-15"/>
  </code>
</codes>
<codes class="bip:topics:1.0">
  <code code="GCAT">
    <editdetail attribution="Reuters BIP Coding Group" action="confirmed" date="1997-04-15"/>
  </code>
  <code code="GSPO">
    <editdetail attribution="Reuters BIP Coding Group" action="confirmed" date="1997-04-15"/>
  </code>
</codes>
<dc element="dc.date.created" value="1997-04-15"/>
<dc element="dc.publisher" value="Reuters Holdings Plc"/>
<dc element="dc.date.published" value="1997-04-15"/>
<dc element="dc.source" value="Reuters"/>
<dc element="dc.creator.location" value="LLORET DE MAR, Spain"/>
<dc element="dc.creator.location.country.name" value="SPAIN"/>
<dc element="dc.source" value="Reuters"/>
</metadata>
</newsitem>
