<?xml version="1.0" encoding="iso-8859-1" ?>
<newsitem itemid="508599" id="root" date="1997-04-15" xml:lang="en">
<title>POLAND: POLISH CABINET ADOPTS KEY BILL ON PENSION FUNDS.</title>
<headline>POLISH CABINET ADOPTS KEY BILL ON PENSION FUNDS.</headline>
<byline>Robert Bogdanski</byline>
<dateline>WARSAW 1997-04-15</dateline>
<text>
<p>Poland's cabinet on Tuesday adopted a draft law on pension funds, a key plank of its vital social security reform, the minister steering the changes said.</p>
<p>&quot;The government adopted the draft of the law on pension funds, which will form the basis for the second pillar of the new social security system in Poland,&quot; Jerzy Hausner told reporters after a cabinet meeting.</p>
<p>He said the bill would go before parliament next week.</p>
<p>Hausner, government plenipotentiary for the reform, said the draft provided safeguards to guarantee the safety of contributions, so the new funds would enjoy public confidence.</p>
<p>&quot;These must be financial institutions about which people are totally convinced that they are absolutely safe,&quot; he said.</p>
<p>In Poland's present creaking hand-to-mouth system left from the communist era, employers pass the state Social Insurance Office (ZUS) contributions totalling 45 percent of their workers' gross pay and ZUS pays pensioners from current income.</p>
<p>Despite the bloated contributions, ZUS, the sole pensions provider, still needs subsidies from the central budget which now account for 15 percent of budget spending.</p>
<p>Poland's ageing population threatens the collapse of the system in the next decade if nothing is done soon.</p>
<p>Under the government's reform part of pensions will still be paid to pensioners as now but some contributions will be put in the new pension funds which will invest the money.</p>
<p>The so-called third pillar will involve voluntary payments to fully private pension schemes for those who choose.</p>
<p>Hausner said the bill did not specify what proportion of the compulsory employers' contributions will be tranferred to the pension funds nor how quickly.</p>
<p>&quot;We are not anticipating now what proportion of the contributions (to ZUS) will be carried across, by whom, and therefore at what rate and to what extent the reform will be carried out,&quot; he said.</p>
<p>Hausner said the funds would be run by private pension companies, which will be legally obliged to ensure an appropriate rate of return on the investments and will be allowed to go bankrupt if they functioned badly.</p>
<p>&quot;A fund cannot go under, but the firm managing it can, and in such a case we forsee mechanisms for transferring the fund's contributions to a different management company,&quot; Hausner said.</p>
<p>&quot;The funds will be able to invest in Polish and foreign securities, especially in government paper, but under very clearly defined conditions,&quot; he said.</p>
<p>He said the funds and managers would be policed by and Supervision Office for Pension Funds (UNFE) under a president appointed by the prime minister.</p>
<p>The government anticipates that 10 to 12 pension funds will be created but their number will be decided by the UNFE chief.</p>
<p>He said that the bill called for appointment of a banking deposit holder to be entrusted with the funds' assets.</p>
<p>Last week the government approved a bill on issuing convertible bonds, exchangeable for shares of privatised firms, to finance the reform, principles of which were this week approved by a committee grouping trade unions and employers.</p>
<p>The government hopes these two bills and a third, on social insurance in industrial sectors, should be approved before parliament's summer vacation, so the reform can take effect by the target date of January 1, 1999. -- Warsaw Newsroom +48 22 653 9700</p>
</text>
<copyright>(c) Reuters Limited 1997</copyright>
<metadata>
<codes class="bip:countries:1.0">
  <code code="POL">
    <editdetail attribution="Reuters BIP Coding Group" action="confirmed" date="1997-04-15"/>
  </code>
</codes>
<codes class="bip:industries:1.0">
  <code code="I81502">
    <editdetail attribution="Reuters BIP Coding Group" action="confirmed" date="1997-04-15"/>
  </code>
  <code code="I8150214">
    <editdetail attribution="Reuters BIP Coding Group" action="confirmed" date="1997-04-15"/>
  </code>
</codes>
<codes class="bip:topics:1.0">
  <code code="C13">
    <editdetail attribution="Reuters BIP Coding Group" action="confirmed" date="1997-04-15"/>
  </code>
  <code code="CCAT">
    <editdetail attribution="Reuters BIP Coding Group" action="confirmed" date="1997-04-15"/>
  </code>
  <code code="GCAT">
    <editdetail attribution="Reuters BIP Coding Group" action="confirmed" date="1997-04-15"/>
  </code>
  <code code="GPOL">
    <editdetail attribution="Reuters BIP Coding Group" action="confirmed" date="1997-04-15"/>
  </code>
  <code code="GWELF">
    <editdetail attribution="Reuters BIP Coding Group" action="confirmed" date="1997-04-15"/>
  </code>
</codes>
<dc element="dc.date.created" value="1997-04-15"/>
<dc element="dc.publisher" value="Reuters Holdings Plc"/>
<dc element="dc.date.published" value="1997-04-15"/>
<dc element="dc.source" value="Reuters"/>
<dc element="dc.creator.location" value="WARSAW"/>
<dc element="dc.creator.location.country.name" value="POLAND"/>
<dc element="dc.source" value="Reuters"/>
</metadata>
</newsitem>
