<?xml version="1.0" encoding="iso-8859-1" ?>
<newsitem itemid="508568" id="root" date="1997-04-15" xml:lang="en">
<title>BELGIUM: SOCCER-BELGIAN UNION OPPOSES BOSMAN BENEFIT MATCH.</title>
<headline>SOCCER-BELGIAN UNION OPPOSES BOSMAN BENEFIT MATCH.</headline>
<dateline>BRUSSELS 1997-04-15</dateline>
<text>
<p>The benefit match long promised to Belgian Jean-Marc Bosman hit another snag on Tuesday when the Belgian soccer union said it would oppose the game.</p>
<p>The International Soccer Players' Union (AIFP) had said on Monday that the match, which had been repeatedly blocked by other soccer authorities in the past year, was very likely to go ahead in Brussels.</p>
<p>AIFP secretary-general Didier Roustan said after the union's first meeting with European Social Affairs Commissioner Padraig Flynn that it had contacted Brussels authorities about staging the game, but he was unable to give a date or further details.</p>
<p>Belgian soccer union spokesman Guido De Windt said:  &quot;One: we are not aware of it, two: there has been no request. Three: the soccer union's executive committee would have to decide but I fear it will be 'no'.</p>
<p>&quot;In the current circumstances there is no way we would cooperate.&quot;</p>
<p>He noted Bosman was still sueing the union, and his former club FC Liege, for damages in connection with a blocked transfer to French team Dunkirk in 1990.</p>
<p>De Windt added that technically a match could be organised in the national King Baudouin stadium as it was owned by the city of Brussels and not the soccer union.</p>
<p>The Bosman case ended up before the European Court of Justice in Luxembourg after a local Liege appeals court asked it to interpret EU rules on free movement of workers.</p>
<p>The EU court ruled in favour of Bosman in December 1995 but the Liege court is still to decide on the amount of damages.</p>
<p>Last month the Spanish F.A. vetoed the benefit match being staged in Spain. Earlier plans to have it organised in Paris were also opposed and abandoned.</p>
<p>Bosman's case in the European Court of Justice brought about the end of quotas on foreign players in Europe, but also left the player financially stranded after a five-year legal fight.</p>
</text>
<copyright>(c) Reuters Limited 1997</copyright>
<metadata>
<codes class="bip:countries:1.0">
  <code code="BELG">
    <editdetail attribution="Reuters BIP Coding Group" action="confirmed" date="1997-04-15"/>
  </code>
  <code code="FRA">
    <editdetail attribution="Reuters BIP Coding Group" action="confirmed" date="1997-04-15"/>
  </code>
</codes>
<codes class="bip:topics:1.0">
  <code code="GCAT">
    <editdetail attribution="Reuters BIP Coding Group" action="confirmed" date="1997-04-15"/>
  </code>
  <code code="GSPO">
    <editdetail attribution="Reuters BIP Coding Group" action="confirmed" date="1997-04-15"/>
  </code>
</codes>
<dc element="dc.date.created" value="1997-04-15"/>
<dc element="dc.publisher" value="Reuters Holdings Plc"/>
<dc element="dc.date.published" value="1997-04-15"/>
<dc element="dc.source" value="Reuters"/>
<dc element="dc.creator.location" value="BRUSSELS"/>
<dc element="dc.creator.location.country.name" value="BELGIUM"/>
<dc element="dc.source" value="Reuters"/>
</metadata>
</newsitem>
