<?xml version="1.0" encoding="iso-8859-1" ?>
<newsitem itemid="508597" id="root" date="1997-04-15" xml:lang="en">
<title>CZECH REPUBLIC: CZECH PM'S PARTY DIPS AHEAD OF AUSTERITY PLAN-POLL.</title>
<headline>CZECH PM'S PARTY DIPS AHEAD OF AUSTERITY PLAN-POLL.</headline>
<dateline>PRAGUE 1997-04-15</dateline>
<text>
<p>Czech Prime Minister Vaclav Klaus's Civic Democratic Party (ODS) fell behind the opposition Social Democrats (CSSD) in a survey released on Tuesday, a day ahead of the unveiling of the government's austerity programme.</p>
<p>The survey in early April by private polling agency STEM showed support for the ODS dropped five points from March to 22.1 percent, while the centre-left CSSD lost 1.5 percentage points but remained above ODS with 23.7 percent.</p>
<p>The result is disappointing for the senior ruling party and its leader Klaus, who will announce the cabinet's plan to kick start the economy on Wednesday, where a series of budget cuts and belt-tightening measures are expected.</p>
<p>But the three-party centre-right ruling coalition as a whole picked up one full percentage point to open an eight percentage point lead over the opposition on gains to the junior coalition pro-business Civic Democratic Alliance (ODA).</p>
<p>The ODA, which elected President Vaclav Havel's former spokesman Michael Zantovsky as chairman last month, gained 4.8 points in the aftermath of its party congress to 13.6 percent, apparently picking up ground lost by Klaus's ODS.</p>
<p>The ODA surpassed the other junior coalition member, the Christian Democrats, which polled at 12.4 percent in April, up from 11.1 percent last month.</p>
<p>&quot;April changes in preferences were triggered mainly by reshuffle of votes inside the coalition,&quot; STEM said in its commentary included with the survey.</p>
<p>The unreformend opposition Communists enjoyed support of 10.7 percent of the population, up from nine percent in March, while the ultra-right Republicans remained unchanged at 5.5 percent.</p>
<p>The next general elections are scheduled for June 2000.</p>
<p>-- Jan Lopatka, Prague Newsroom, 420-2-2423-0003</p>
</text>
<copyright>(c) Reuters Limited 1997</copyright>
<metadata>
<codes class="bip:countries:1.0">
  <code code="CZREP">
    <editdetail attribution="Reuters BIP Coding Group" action="confirmed" date="1997-04-15"/>
  </code>
</codes>
<codes class="bip:topics:1.0">
  <code code="E12">
    <editdetail attribution="Reuters BIP Coding Group" action="confirmed" date="1997-04-15"/>
  </code>
  <code code="ECAT">
    <editdetail attribution="Reuters BIP Coding Group" action="confirmed" date="1997-04-15"/>
  </code>
  <code code="GCAT">
    <editdetail attribution="Reuters BIP Coding Group" action="confirmed" date="1997-04-15"/>
  </code>
  <code code="GPOL">
    <editdetail attribution="Reuters BIP Coding Group" action="confirmed" date="1997-04-15"/>
  </code>
</codes>
<dc element="dc.date.created" value="1997-04-15"/>
<dc element="dc.publisher" value="Reuters Holdings Plc"/>
<dc element="dc.date.published" value="1997-04-15"/>
<dc element="dc.source" value="Reuters"/>
<dc element="dc.creator.location" value="PRAGUE"/>
<dc element="dc.creator.location.country.name" value="CZECH REPUBLIC"/>
<dc element="dc.source" value="Reuters"/>
</metadata>
</newsitem>
