<?xml version="1.0" encoding="iso-8859-1" ?>
<newsitem itemid="508510" id="root" date="1997-04-15" xml:lang="en">
<title>GERMANY: SOCCER-GERMAN CUP SEMIFINAL RESULT.</title>
<headline>SOCCER-GERMAN CUP SEMIFINAL RESULT.</headline>
<dateline>COTTBUS, Germany 1997-04-15</dateline>
<text>
<p>German Cup semifinal result on Tuesday: Energie Cottbus 3 Karlsruhe 0</p>
<p>Scorers: Willi Kronhardt 65, Detlef Irrgang 68, Toralf Konetzke 82</p>
<p>Halftime 0-0. Attendance: 20,000</p>
</text>
<copyright>(c) Reuters Limited 1997</copyright>
<metadata>
<codes class="bip:countries:1.0">
  <code code="GFR">
    <editdetail attribution="Reuters BIP Coding Group" action="confirmed" date="1997-04-15"/>
  </code>
</codes>
<codes class="bip:topics:1.0">
  <code code="GCAT">
    <editdetail attribution="Reuters BIP Coding Group" action="confirmed" date="1997-04-15"/>
  </code>
  <code code="GSPO">
    <editdetail attribution="Reuters BIP Coding Group" action="confirmed" date="1997-04-15"/>
  </code>
</codes>
<dc element="dc.date.created" value="1997-04-15"/>
<dc element="dc.publisher" value="Reuters Holdings Plc"/>
<dc element="dc.date.published" value="1997-04-15"/>
<dc element="dc.source" value="Reuters"/>
<dc element="dc.creator.location" value="COTTBUS, Germany"/>
<dc element="dc.creator.location.country.name" value="GERMANY"/>
<dc element="dc.source" value="Reuters"/>
</metadata>
</newsitem>
