<?xml version="1.0" encoding="iso-8859-1" ?>
<newsitem itemid="508515" id="root" date="1997-04-15" xml:lang="en">
<title>SPAIN: RALLYING-CATALUNYA POSITIONS.</title>
<headline>RALLYING-CATALUNYA POSITIONS.</headline>
<dateline>LLORET DE MAR 1997-04-15</dateline>
<text>
<p>Leading positions in the</p>
<p>Catalunya Rally at the end of the second leg (13 stages) on</p>
<p>Tuesday:</p>
<p> 1 equal. Piero Liatti (Italy) Subaru	  3:03:56</p>
<p> 1 equal. Tommi Makinen (Finland) Mitsubishi 3:03:56</p>
<p> 3. Gilles Panizzi (France) Peugeot	    3:06:26</p>
<p> 4. Colin McRae (Britain) Subaru		 3:07:28</p>
<p> 5. Angelo Medeghini (Italy) Subaru	    3:07:33</p>
<p> 6. Rui Madeira (Portugal) Subaru		3:08:10</p>
<p> 7. Francois Delecour (France) Peugeot	 3:08:17</p>
<p> 8. Uwe Nittel (Germany) Mitsubishi	    3:08:54</p>
<p> 9. Jaime Azcona (Spain) Peugeot		 3:09:30</p>
<p> 10. Carlos Sainz (Spain) Ford		   3:10:29</p>
</text>
<copyright>(c) Reuters Limited 1997</copyright>
<metadata>
<codes class="bip:countries:1.0">
  <code code="SPAIN">
    <editdetail attribution="Reuters BIP Coding Group" action="confirmed" date="1997-04-15"/>
  </code>
</codes>
<codes class="bip:topics:1.0">
  <code code="GCAT">
    <editdetail attribution="Reuters BIP Coding Group" action="confirmed" date="1997-04-15"/>
  </code>
  <code code="GSPO">
    <editdetail attribution="Reuters BIP Coding Group" action="confirmed" date="1997-04-15"/>
  </code>
</codes>
<dc element="dc.date.created" value="1997-04-15"/>
<dc element="dc.publisher" value="Reuters Holdings Plc"/>
<dc element="dc.date.published" value="1997-04-15"/>
<dc element="dc.source" value="Reuters"/>
<dc element="dc.creator.location" value="LLORET DE MAR"/>
<dc element="dc.creator.location.country.name" value="SPAIN"/>
<dc element="dc.source" value="Reuters"/>
</metadata>
</newsitem>
