<?xml version="1.0" encoding="iso-8859-1" ?>
<newsitem itemid="508563" id="root" date="1997-04-15" xml:lang="en">
<title>SWEDEN: SWIMMING-AOYAMA WORLD MARK RATIFIED.</title>
<headline>SWIMMING-AOYAMA WORLD MARK RATIFIED.</headline>
<dateline>GOTHENBURG, Sweden 1997-04-15</dateline>
<text>
<p>A women's 100 metres butterfly world short-course record set last month by Japan's Ayari Aoyama has been ratified by the International Amateur Swimming Federation (FINA).</p>
<p>Aoyama clocked 58.24 seconds in Tokyo on March 28 to beat the 58.29 set by American Misty Hyman in Quebec City on December 1 last year.</p>
<p>Phil Rogers enters this week's championships as holder of the men's 200 metres breaststroke world short-course record as fellow Australian Ryan Mitchell's faster time has not been ratified.</p>
<p>Mitchell, competing in the Australian short-course championships in Melbourne last December, clocked two minutes 7.66 seconds to better the 2:07.80 set by Rogers in the same pool on August 28, 1993.</p>
<p>But FINA refused to ratify the new time because Mitchell set it in a time-trial arranged for him after he had been disqualified for an incorrect touch in the heats and ruled out of the final.</p>
</text>
<copyright>(c) Reuters Limited 1997</copyright>
<metadata>
<codes class="bip:countries:1.0">
  <code code="JAP">
    <editdetail attribution="Reuters BIP Coding Group" action="confirmed" date="1997-04-15"/>
  </code>
  <code code="SWED">
    <editdetail attribution="Reuters BIP Coding Group" action="confirmed" date="1997-04-15"/>
  </code>
</codes>
<codes class="bip:topics:1.0">
  <code code="GCAT">
    <editdetail attribution="Reuters BIP Coding Group" action="confirmed" date="1997-04-15"/>
  </code>
  <code code="GSPO">
    <editdetail attribution="Reuters BIP Coding Group" action="confirmed" date="1997-04-15"/>
  </code>
</codes>
<dc element="dc.date.created" value="1997-04-15"/>
<dc element="dc.publisher" value="Reuters Holdings Plc"/>
<dc element="dc.date.published" value="1997-04-15"/>
<dc element="dc.source" value="Reuters"/>
<dc element="dc.creator.location" value="GOTHENBURG, Sweden"/>
<dc element="dc.creator.location.country.name" value="SWEDEN"/>
<dc element="dc.source" value="Reuters"/>
</metadata>
</newsitem>
