<?xml version="1.0" encoding="iso-8859-1" ?>
<newsitem itemid="508551" id="root" date="1997-04-15" xml:lang="en">
<title>USA: BASEBALL-MAJOR LEAGUE STANDINGS AFTER MONDAY'S GAMES.</title>
<headline>BASEBALL-MAJOR LEAGUE STANDINGS AFTER MONDAY'S GAMES.</headline>
<dateline>NEW YORK 1997-04-14</dateline>
<text>
<p>Standings of Major League</p>
<p>Baseball teams after games played on Monday (tabulate under</p>
<p>wins, losses, winning percentage and games behind first):</p>
<p>		AMERICAN LEAGUE</p>
<p>		EAST DIVISION</p>
<p>			 W    L   PCT  GB</p>
<p> BALTIMORE	   8    2  .800   -</p>
<p> BOSTON		6    6  .500   3</p>
<p> DETROIT	     6    7  .462   3 1/2</p>
<p> TORONTO	     4    5  .444   3 1/2</p>
<p> NY YANKEES	  5    7  .417   4</p>
<p>		CENTRAL DIVISION</p>
<p>			 W    L   PCT  GB</p>
<p> MILWAUKEE	   5    3  .625   -</p>
<p> MINNESOTA	   6    6  .500   1</p>
<p> KANSAS CITY	 5    5  .500   1</p>
<p> CLEVELAND	   5    6  .455   1 1/2</p>
<p> CHI WHITE SOX     3    8  .273   3 1/2</p>
<p>		WEST DIVISION</p>
<p>			 W    L   PCT  GB</p>
<p> OAKLAND	     7    5  .583   -</p>
<p> SEATTLE	     7    5  .583   -</p>
<p> ANAHEIM	     5    6  .455   1 1/2</p>
<p> TEXAS		 4    5  .444   1 1/2</p>
<p>TUESDAY, APRIL 15 SCHEDULE</p>
<p>DETROIT AT MILWAUKEE	    </p>
<p>OAKLAND AT BOSTON		 </p>
<p>SEATTLE AT CLEVELAND	    </p>
<p>MINNESOTA AT BALTIMORE	  </p>
<p>ANAHEIM AT NY YANKEES	   </p>
<p>KANSAS CITY AT TORONTO	  </p>
<p>CHI WHITE SOX AT TEXAS	  </p>
<p>		NATIONAL LEAGUE</p>
<p>		EAST DIVISION</p>
<p>			 W    L   PCT  GB</p>
<p> ATLANTA	     9    3  .750   -</p>
<p> FLORIDA	     8    3  .727     1/2</p>
<p> MONTREAL	    4    6  .400   4</p>
<p> PHILADELPHIA	3    8  .273   5 1/2</p>
<p> NY METS	     3    9  .250   6</p>
<p>		CENTRAL DIVISION</p>
<p>			 W    L   PCT  GB</p>
<p> HOUSTON	     8    5  .615   -</p>
<p> CINCINNATI	  5    7  .417   2 1/2</p>
<p> PITTSBURGH	  4    6  .400   2 1/2</p>
<p> ST LOUIS	    3    8  .273   4</p>
<p> CHICAGO CUBS	0   10  .000   6 1/2</p>
<p>		WEST DIVISION</p>
<p>			 W    L   PCT  GB</p>
<p> LOS ANGELES	 8    3  .727   -</p>
<p> COLORADO	    8    3  .727   -</p>
<p> SAN FRANCISCO     8    3  .727   -</p>
<p> SAN DIEGO	   7    4  .636   1</p>
<p>TUESDAY, APRIL 15 SCHEDULE</p>
<p>COLORADO AT CHICAGO CUBS	</p>
<p>ST LOUIS AT FLORIDA	     </p>
<p>SAN FRANCISCO AT PHILADELPHIA </p>
<p>SAN DIEGO AT PITTSBURGH	 </p>
<p>CINCINNATI AT ATLANTA	   </p>
<p>LOS ANGELES AT NY METS	  </p>
<p>MONTREAL AT HOUSTON</p>
</text>
<copyright>(c) Reuters Limited 1997</copyright>
<metadata>
<codes class="bip:countries:1.0">
  <code code="CANA">
    <editdetail attribution="Reuters BIP Coding Group" action="confirmed" date="1997-04-15"/>
  </code>
  <code code="USA">
    <editdetail attribution="Reuters BIP Coding Group" action="confirmed" date="1997-04-15"/>
  </code>
</codes>
<codes class="bip:topics:1.0">
  <code code="GCAT">
    <editdetail attribution="Reuters BIP Coding Group" action="confirmed" date="1997-04-15"/>
  </code>
  <code code="GSPO">
    <editdetail attribution="Reuters BIP Coding Group" action="confirmed" date="1997-04-15"/>
  </code>
</codes>
<dc element="dc.date.created" value="1997-04-14"/>
<dc element="dc.publisher" value="Reuters Holdings Plc"/>
<dc element="dc.date.published" value="1997-04-15"/>
<dc element="dc.source" value="Reuters"/>
<dc element="dc.creator.location" value="NEW YORK"/>
<dc element="dc.creator.location.country.name" value="USA"/>
<dc element="dc.source" value="Reuters"/>
</metadata>
</newsitem>
