<?xml version="1.0" encoding="iso-8859-1" ?>
<newsitem itemid="508503" id="root" date="1997-04-15" xml:lang="en">
<title>CANADA: Canada says to do much better than deficit goal.</title>
<headline>Canada says to do much better than deficit goal.</headline>
<dateline>OTTAWA 1997-04-15</dateline>
<text>
<p>Finance Minister Paul Martin said on Tuesday the federal government would do much better than its C$19 billion deficit target for 1996-97.</p>
<p>&quot;It's quite clear that we're going to do better than the 19 (billion) that was set out. That's very good news. But we haven't got all the large numbers in yet, and as you know every year, if you look back, every year there have been adjustments of anywhere from C$4 to C$6 billion. So I think we'll have to wait for the final numbers,&quot; Martin said.</p>
<p>&quot;We're doing much better because interest rates are down. They're lower than what had been projected,&quot; he added.  </p>
<p>The Finance Department on Monday reported a deficit for the first 11 months of the fiscal year -- April 1996 through February 1997 -- of C$7.83 billion, compared with C$23.28 billion a year earlier.</p>
<p>The C$4 billion to C$6 billion of possible extra charges that Martin referred to are end-of-year adjustments.</p>
<p>But clearly even if C$6 billion were added to C$7.83 billion -- along with the deficit for March 1997 which is to be announced next month -- the total is likely to be well under the C$19 billion target Martin had set. That itself is a downward revision from an original goal of C$24.3 billion.  </p>
<p>Asked why he would now go through with planned spending cuts, Martin referred to the risk of losing the gains from lower interest rates which has enabled the deficit to come in so much lower than budgeted.</p>
<p>&quot;A great deal of that is the confidence in our fiscal discipline, and I don't think anybody would expect us to give up on that fiscal discipline at this stage,&quot; he told reporters.</p>
<p>Questioned on whether this would give the government money to spend on things like job creation as it goes into a general election campaign -- expected to start in late April -- he said: &quot;No, we've basically set out our numbers, and we've established in the budget our priorities, and we're going to stay with that.&quot;</p>
<p>He said those lower interest rates had been responsible for creating jobs.</p>
<p>((Randall Palmer, Reuters Ottawa Bureau 613-235-6745))</p>
</text>
<copyright>(c) Reuters Limited 1997</copyright>
<metadata>
<codes class="bip:countries:1.0">
  <code code="CANA">
    <editdetail attribution="Reuters BIP Coding Group" action="confirmed" date="1997-04-15"/>
  </code>
</codes>
<codes class="bip:topics:1.0">
  <code code="E21">
    <editdetail attribution="Reuters BIP Coding Group" action="confirmed" date="1997-04-15"/>
  </code>
  <code code="E211">
    <editdetail attribution="Reuters BIP Coding Group" action="confirmed" date="1997-04-15"/>
  </code>
  <code code="ECAT">
    <editdetail attribution="Reuters BIP Coding Group" action="confirmed" date="1997-04-15"/>
  </code>
</codes>
<dc element="dc.date.created" value="1997-04-15"/>
<dc element="dc.publisher" value="Reuters Holdings Plc"/>
<dc element="dc.date.published" value="1997-04-15"/>
<dc element="dc.source" value="Reuters"/>
<dc element="dc.creator.location" value="OTTAWA"/>
<dc element="dc.creator.location.country.name" value="CANADA"/>
<dc element="dc.source" value="Reuters"/>
</metadata>
</newsitem>
