<?xml version="1.0" encoding="iso-8859-1" ?>
<newsitem itemid="508562" id="root" date="1997-04-15" xml:lang="en">
<title>SPAIN: TENNIS-RESULTS IN THE BARCELONA OPEN.</title>
<headline>TENNIS-RESULTS IN THE BARCELONA OPEN.</headline>
<dateline>BARCELONA 1997-04-15</dateline>
<text>
<p>Results in the Barcelona Open</p>
<p>men's tennis tournament on Tuesday (prefix number denotes</p>
<p>seeding):</p>
<p>First round:</p>
<p>Marcelo Filippini (Uruguay) beat Andrea Gaudenzi (Italy) 4-6</p>
<p>6-4 6-3</p>
<p>16-Cedric Pioline (France) beat Hernan Gumy (Argentina) 7-6</p>
<p>(7-5)</p>
<p>6-3</p>
<p>German Lopez (Spain) beat David Salvador (Spain) 6-4 6-1</p>
<p>Francisco Clavet (Spain) beat Tomas Carbonell (Spain) 6-3 1-6</p>
<p>6-4</p>
<p>Andrei Medvedev (Ukraine) beat 11-Alex Corretja (Spain) 7-5 2-6</p>
<p>6-4</p>
<p>Alberto Portas (Spain) beat Gustavo Kuerten (Brazil) 6-2 6-1</p>
<p>Jordi Burillo (Spain) beat Emilio Sanchez (Spain) 6-3 6-0</p>
<p>Francis Roig (Spain) beat Alex Lopez Moron (Spain) 7-6 (7-3)</p>
<p>6-4</p>
<p>Richard Fromberg (Australia) beat Scott Draper (Australia) 7-6</p>
<p>(7-5)</p>
<p>6-3</p>
<p>9-Alberto Berasategui (Spain) beat Javier Sanchez (Spain) 6-1</p>
<p>6-2</p>
<p>Fernando Meligeni (Brazil) beat Karol Kucera (Slovakia) 7-5 6-0</p>
<p>Second round:</p>
<p>1-Thomas Muster (Austria) beat Renzo Furlan (Italy) 5-7 6-4 6-4</p>
<p>Second round:</p>
<p>Alberto Martin (Spain) beat 6-Wayne Ferreira (South Africa) 4-6</p>
<p>6-2 7-5</p>
<p>Karim Alami (Morocco) beat 3-Goran Ivanisevic (Croatia) 6-2 6-3</p>
</text>
<copyright>(c) Reuters Limited 1997</copyright>
<metadata>
<codes class="bip:countries:1.0">
  <code code="SPAIN">
    <editdetail attribution="Reuters BIP Coding Group" action="confirmed" date="1997-04-15"/>
  </code>
</codes>
<codes class="bip:topics:1.0">
  <code code="GCAT">
    <editdetail attribution="Reuters BIP Coding Group" action="confirmed" date="1997-04-15"/>
  </code>
  <code code="GSPO">
    <editdetail attribution="Reuters BIP Coding Group" action="confirmed" date="1997-04-15"/>
  </code>
</codes>
<dc element="dc.date.created" value="1997-04-15"/>
<dc element="dc.publisher" value="Reuters Holdings Plc"/>
<dc element="dc.date.published" value="1997-04-15"/>
<dc element="dc.source" value="Reuters"/>
<dc element="dc.creator.location" value="BARCELONA"/>
<dc element="dc.creator.location.country.name" value="SPAIN"/>
<dc element="dc.source" value="Reuters"/>
</metadata>
</newsitem>
