<?xml version="1.0" encoding="iso-8859-1" ?>
<newsitem itemid="508542" id="root" date="1997-04-15" xml:lang="en">
<title>USA: BASEBALL-CUBS SET MODERN RECORD FOR FUTILE STARTS.</title>
<headline>BASEBALL-CUBS SET MODERN RECORD FOR FUTILE STARTS.</headline>
<text>
<p>CHICAGO, April 15 (Reuter) The Chicago Cubs set the modern day National League record for losses to start a season at 11, losing 10-7 to the Colorado Rockies on Tuesday.</p>
<p>The all-time NL mark was 0-11, set by the Detroit Wolverines in 1884. The modern era is generally accepted as after 1900.</p>
<p>The major-league record of 0-21 was set by the Baltimore Orioles in 1988.</p>
</text>
<copyright>(c) Reuters Limited 1997</copyright>
<metadata>
<codes class="bip:countries:1.0">
  <code code="USA">
    <editdetail attribution="Reuters BIP Coding Group" action="confirmed" date="1997-04-15"/>
  </code>
</codes>
<codes class="bip:topics:1.0">
  <code code="GCAT">
    <editdetail attribution="Reuters BIP Coding Group" action="confirmed" date="1997-04-15"/>
  </code>
  <code code="GSPO">
    <editdetail attribution="Reuters BIP Coding Group" action="confirmed" date="1997-04-15"/>
  </code>
</codes>
<dc element="dc.publisher" value="Reuters Holdings Plc"/>
<dc element="dc.date.published" value="1997-04-15"/>
<dc element="dc.source" value="Reuters"/>
<dc element="dc.creator.location.country.name" value="USA"/>
<dc element="dc.source" value="Reuters"/>
</metadata>
</newsitem>
