<?xml version="1.0" encoding="iso-8859-1" ?>
<newsitem itemid="508570" id="root" date="1997-04-15" xml:lang="en">
<title>FRANCE: SOCCER-MARADONA TO PLAY FOR REST OF WORLD.</title>
<headline>SOCCER-MARADONA TO PLAY FOR REST OF WORLD.</headline>
<byline>Rex Gowar</byline>
<dateline>PARIS 1997-04-15</dateline>
<text>
<p>Diego Maradona will rise from his sickbed to play for the Rest of the World against Europe in Barcelona on April 27.</p>
<p>Didier Roustan, Secretary-General of the International Professional Footballers' Union (AIFP) which is organising the match at the Montjuic stadium in Barcelona, named Maradona on Tuesday among several players taking part.</p>
<p>Maradona, who has been involved in protracted talks with Boca Juniors over a possible resumption of his career, is currently in a Buenos Aires clinic undergoing medical tests.</p>
<p>The 36-year-old former Argentina captain broke out in a cold sweat on a Chilean television chat show in Santiago on Monday night and was rushed to hospital.</p>
<p>Despite more than 20 World Cup qualifiers scheduled for Wednesday April 30, there should be a good number of big names on both sides.</p>
<p>Roustan said Manchester United's French captain Eric Cantona, an AIFP founder member along with Maradona, will play for Europe as well as Chelsea's Gianluca Vialli and Sampdoria skipper Roberto Mancini, who don't figure in Italy's plans.</p>
<p>With neither France nor Portugal playing internationals on April 30, Laurent Blanc and Vitor Baia of Barcelona and Sampdoria's Christian Karembeu will also play. Thomas Berthold, a World Cup winner for West Germany in 1990, has also been named.</p>
<p>Among the South Americans who could play for the Rest of the World is Colombia's colourful goalkeeper Rene Higuita.</p>
<p>&quot;It depends whether he is picked (for Colombia) after two poor matches by the present goalkeeper (Farid Mondragon),&quot; Roustan said. Colombia are at home to Peru on April 30.</p>
<p>Roustan also named Uruguayans Gustavo Poyet of Real Zaragoza and veteran Ruben Sosa of Logrones, Brazilian Elber of Stuttgart and possibly Argentine World Cup winger Claudio Caniggia, who is currently without a club.</p>
<p>The AIFP is also trying to organise another match, possibly in Brussels, in benefit of Belgian Jean-Marc Bosman, whose case in the European Court of Justice brought about the end of quotas on foreign players in Europe. They have yet to fix the date and venue.</p>
</text>
<copyright>(c) Reuters Limited 1997</copyright>
<metadata>
<codes class="bip:countries:1.0">
  <code code="ARG">
    <editdetail attribution="Reuters BIP Coding Group" action="confirmed" date="1997-04-15"/>
  </code>
  <code code="FRA">
    <editdetail attribution="Reuters BIP Coding Group" action="confirmed" date="1997-04-15"/>
  </code>
  <code code="SPAIN">
    <editdetail attribution="Reuters BIP Coding Group" action="confirmed" date="1997-04-15"/>
  </code>
</codes>
<codes class="bip:topics:1.0">
  <code code="GCAT">
    <editdetail attribution="Reuters BIP Coding Group" action="confirmed" date="1997-04-15"/>
  </code>
  <code code="GSPO">
    <editdetail attribution="Reuters BIP Coding Group" action="confirmed" date="1997-04-15"/>
  </code>
</codes>
<dc element="dc.date.created" value="1997-04-15"/>
<dc element="dc.publisher" value="Reuters Holdings Plc"/>
<dc element="dc.date.published" value="1997-04-15"/>
<dc element="dc.source" value="Reuters"/>
<dc element="dc.creator.location" value="PARIS"/>
<dc element="dc.creator.location.country.name" value="FRANCE"/>
<dc element="dc.source" value="Reuters"/>
</metadata>
</newsitem>
