<?xml version="1.0" encoding="iso-8859-1" ?>
<newsitem itemid="508596" id="root" date="1997-04-15" xml:lang="en">
<title>POLAND: COSMOPOLITAN LAUNCHES POLISH EDITION.</title>
<headline>COSMOPOLITAN LAUNCHES POLISH EDITION.</headline>
<dateline>WARSAW 1997-04-15</dateline>
<text>
<p>Cosmopolitan Magazine launched a Polish edition on Tuesday with an issue of 200,000 copies -- the 31st national edition of the U.S. women's monthly.</p>
<p>George Green, the president of the magazine's co-publisher Hearst Magazines International, told a news conference the issue had 40 pages of advertising.</p>
<p>He declined to say when the publication was expected to break even.</p>
<p>Elzbieta Smolenska, the editor of the Polish edition, also present, said the new publication expected to attract advertising from international and Polish producers of cosmetics, household appliances, cars and fashion clothing.</p>
<p>Cosmopolitan will be published in Poland by a 50-50 joint venture of Hearst Magazines International and Swiss publisher Juerg Marquard which now publishes four magazines for teenagers in the country.</p>
<p>The largest-circulation women's magazine in Poland now is Twoj Styl (Your Style) with 450,000 copies, while Elle has 150,000 copies. -- Warsaw Newsroom +48 22 653 9700</p>
</text>
<copyright>(c) Reuters Limited 1997</copyright>
<metadata>
<codes class="bip:countries:1.0">
  <code code="POL">
    <editdetail attribution="Reuters BIP Coding Group" action="confirmed" date="1997-04-15"/>
  </code>
  <code code="USA">
    <editdetail attribution="Reuters BIP Coding Group" action="confirmed" date="1997-04-15"/>
  </code>
</codes>
<codes class="bip:industries:1.0">
  <code code="I47500">
    <editdetail attribution="Reuters BIP Coding Group" action="confirmed" date="1997-04-15"/>
  </code>
  <code code="I47520">
    <editdetail attribution="Reuters BIP Coding Group" action="confirmed" date="1997-04-15"/>
  </code>
</codes>
<codes class="bip:topics:1.0">
  <code code="C22">
    <editdetail attribution="Reuters BIP Coding Group" action="confirmed" date="1997-04-15"/>
  </code>
  <code code="CCAT">
    <editdetail attribution="Reuters BIP Coding Group" action="confirmed" date="1997-04-15"/>
  </code>
</codes>
<dc element="dc.date.created" value="1997-04-15"/>
<dc element="dc.publisher" value="Reuters Holdings Plc"/>
<dc element="dc.date.published" value="1997-04-15"/>
<dc element="dc.source" value="Reuters"/>
<dc element="dc.creator.location" value="WARSAW"/>
<dc element="dc.creator.location.country.name" value="POLAND"/>
<dc element="dc.source" value="Reuters"/>
</metadata>
</newsitem>
