<?xml version="1.0" encoding="iso-8859-1" ?>
<newsitem itemid="508555" id="root" date="1997-04-15" xml:lang="en">
<title>FRANCE: SOCCER-PSG RETAIN TWO-POINT ADVANTAGE OVER BASTIA.</title>
<headline>SOCCER-PSG RETAIN TWO-POINT ADVANTAGE OVER BASTIA.</headline>
<dateline>PARIS 1997-04-15</dateline>
<text>
<p>Paris St Germain stayed on course for France's second berth in next season's European Champions' League by holding Bastia to a 1-1 draw in the French first division on Tuesday.</p>
<p>The draw also edged leaders Monaco, 11 points in front of PSG before their visit to Bordeaux on Wednesday, nearer their sixth league championship.</p>
<p>Monaco have 68 points, second-placed PSG 57 and Bastia, who are third, 55.</p>
<p>French international Patrice Loko put PSG ahead with a counter-attack after 14 minutes, beating the offside trap to take a through ball from Bernard Allou and slot it past Bastia keeper Fabien Piveteau.</p>
<p>The Corsican side had more of the ball and made it count when they equalised 10 minutes later through Slovakian Lubomir Moravcik.</p>
<p>The midfielder scored with a 25-metre free kick which flew past French international goalkeeper Bernard Lama and into the top left hand corner.</p>
<p>Lama twice foiled Bastia's Slovenian striker Ermin Siljak later in the first half to keep PSG in the game.</p>
<p>Wilfried Siljak was standing in for Bastia's top striker Anton Drobnjak. The 16-goal Yugoslav missed the match after his mother's death on Tuesday morning.</p>
</text>
<copyright>(c) Reuters Limited 1997</copyright>
<metadata>
<codes class="bip:countries:1.0">
  <code code="FRA">
    <editdetail attribution="Reuters BIP Coding Group" action="confirmed" date="1997-04-15"/>
  </code>
  <code code="MONAC">
    <editdetail attribution="Reuters BIP Coding Group" action="confirmed" date="1997-04-15"/>
  </code>
</codes>
<codes class="bip:topics:1.0">
  <code code="GCAT">
    <editdetail attribution="Reuters BIP Coding Group" action="confirmed" date="1997-04-15"/>
  </code>
  <code code="GSPO">
    <editdetail attribution="Reuters BIP Coding Group" action="confirmed" date="1997-04-15"/>
  </code>
</codes>
<dc element="dc.date.created" value="1997-04-15"/>
<dc element="dc.publisher" value="Reuters Holdings Plc"/>
<dc element="dc.date.published" value="1997-04-15"/>
<dc element="dc.source" value="Reuters"/>
<dc element="dc.creator.location" value="PARIS"/>
<dc element="dc.creator.location.country.name" value="FRANCE"/>
<dc element="dc.source" value="Reuters"/>
</metadata>
</newsitem>
