<?xml version="1.0" encoding="iso-8859-1" ?>
<newsitem itemid="508592" id="root" date="1997-04-15" xml:lang="en">
<title>ESTONIA: ESTONIA NOON RADIO HEADLINES - APRIL 15.</title>
<headline>ESTONIA NOON RADIO HEADLINES - APRIL 15.</headline>
<dateline>TALLINN 1997-04-15</dateline>
<text>
<p>These are the main headlines of the news reported on Kuku Radio at noon on Tuesday. Reuters has not verified these reports and cannot vouch for their accuracy.</p>
<p>- Parliament approved changes to the alcohol excise tax law, which will increase imported and Saku beer prices from July.</p>
<p>- EU membership depends on the development of the states which have applied for entry, EU Commissioner, Hans van den Broek told news conference.</p>
<p>- The leading hotel, Hotel Olumpia, has started to renovate its facade.</p>
<p>-- Tallinn newsroom, +372 630 8400, reuters@reuters.ee</p>
</text>
<copyright>(c) Reuters Limited 1997</copyright>
<metadata>
<codes class="bip:countries:1.0">
  <code code="ESTNIA">
    <editdetail attribution="Reuters BIP Coding Group" action="confirmed" date="1997-04-15"/>
  </code>
</codes>
<codes class="bip:topics:1.0">
  <code code="GCAT">
    <editdetail attribution="Reuters BIP Coding Group" action="confirmed" date="1997-04-15"/>
  </code>
</codes>
<dc element="dc.date.created" value="1997-04-15"/>
<dc element="dc.publisher" value="Reuters Holdings Plc"/>
<dc element="dc.date.published" value="1997-04-15"/>
<dc element="dc.source" value="Reuters"/>
<dc element="dc.creator.location" value="TALLINN"/>
<dc element="dc.creator.location.country.name" value="ESTONIA"/>
<dc element="dc.source" value="Reuters"/>
</metadata>
</newsitem>
