<?xml version="1.0" encoding="iso-8859-1" ?>
<newsitem itemid="508559" id="root" date="1997-04-15" xml:lang="en">
<title>ITALY: SOCCER-SACCHI URGES MILAN FANS TO HELP THE TEAM.</title>
<headline>SOCCER-SACCHI URGES MILAN FANS TO HELP THE TEAM.</headline>
<dateline>MILAN 1997-04-15</dateline>
<text>
<p>AC Milan coach Arrigo Sacchi, appealed to supporters on Tuesday to help the struggling Italian champions and avoid rowdy behaviour.</p>
<p>&quot;I'll be frank,&quot; the former Italy coach told a news conference. &quot;For the final weeks of the season I'm asking all the fans to help: I don't want them to join the rabble.&quot;</p>
<p>Angry Milan fans bombarded their team's goal with flares, bottles and smoke bombs on Sunday when city rivals Inter took a 3-0 lead against Milan at San Siro.</p>
<p>The trouble could cost the club, beaten the previous week 6-1 by league leaders Juventus, heavily in fines.</p>
<p>Club chairman Silvio Berlusconi said later that the incidents were &quot;rude and unworthy of a club that dominated the world for 10 years and has given great satisfaction to true fans.</p>
<p>&quot;On Sunday the fans were rude and uncouth.&quot;</p>
<p>Sacchi, who took over as coach late last year after Uruguayan Oscar Washington Tabarez resigned, defended his players and said they deserved better.</p>
<p>&quot;This club and these players have defined the most triumphant nine years in the history of Milan and maybe of soccer, and they deserve respect.</p>
<p>&quot;Those who love Milan should show it now.&quot;</p>
<p>Milan, three times winners of the European Cup in the last decade and with four league titles in the past five years, are 12th in the league and fighting for a place in Europe.</p>
<p>Sacchi refused to comment on his future at the club, despite persistent rumours that Real Madrid coach Fabio Capello is poised to return to his former employers.</p>
<p>&quot;I'm not interested in rumours and hearsay,&quot; Sacchi said.</p>
<p>Newspapers, reporting that Capello was likely to meet Berlusconi in Milan next week during a holiday in Italy, quoted him as saying on Tuesday that Capello would decide his own future and doubted he would return to Milan soon.</p>
<p>&quot;I don't think Capello will leave Madrid if they win the title and have the chance of the European Cup,&quot; he said.</p>
<p>Berlusconi added that he had no need to confirm Sacchi in his job because he had a signed contract.</p>
</text>
<copyright>(c) Reuters Limited 1997</copyright>
<metadata>
<codes class="bip:countries:1.0">
  <code code="ITALY">
    <editdetail attribution="Reuters BIP Coding Group" action="confirmed" date="1997-04-15"/>
  </code>
</codes>
<codes class="bip:topics:1.0">
  <code code="GCAT">
    <editdetail attribution="Reuters BIP Coding Group" action="confirmed" date="1997-04-15"/>
  </code>
  <code code="GSPO">
    <editdetail attribution="Reuters BIP Coding Group" action="confirmed" date="1997-04-15"/>
  </code>
</codes>
<dc element="dc.date.created" value="1997-04-15"/>
<dc element="dc.publisher" value="Reuters Holdings Plc"/>
<dc element="dc.date.published" value="1997-04-15"/>
<dc element="dc.source" value="Reuters"/>
<dc element="dc.creator.location" value="MILAN"/>
<dc element="dc.creator.location.country.name" value="ITALY"/>
<dc element="dc.source" value="Reuters"/>
</metadata>
</newsitem>
