<?xml version="1.0" encoding="iso-8859-1" ?>
<newsitem itemid="508566" id="root" date="1997-04-15" xml:lang="en">
<title>SWITZERLAND: SOCCER-ZAIRE WORLD CUP QUALIFIER MOVED TO TOGO.</title>
<headline>SOCCER-ZAIRE WORLD CUP QUALIFIER MOVED TO TOGO.</headline>
<dateline>ZURICH 1997-04-15</dateline>
<text>
<p>FIFA said on Tuesday that because of the civil war in Zaire the country's next home World Cup qualifier against South Africa would be played in Togo.</p>
<p>The Africa group three clash is scheduled for Lome on April 27.</p>
<p>The civil unrest in the central African nation had already forced FIFA, soccer's world governing body, to move Zaire's previous qualifier against Zambia to Zimbabwe.</p>
</text>
<copyright>(c) Reuters Limited 1997</copyright>
<metadata>
<codes class="bip:countries:1.0">
  <code code="SAFR">
    <editdetail attribution="Reuters BIP Coding Group" action="confirmed" date="1997-04-15"/>
  </code>
  <code code="SWITZ">
    <editdetail attribution="Reuters BIP Coding Group" action="confirmed" date="1997-04-15"/>
  </code>
  <code code="TOGO">
    <editdetail attribution="Reuters BIP Coding Group" action="confirmed" date="1997-04-15"/>
  </code>
  <code code="ZAIRE">
    <editdetail attribution="Reuters BIP Coding Group" action="confirmed" date="1997-04-15"/>
  </code>
</codes>
<codes class="bip:topics:1.0">
  <code code="GCAT">
    <editdetail attribution="Reuters BIP Coding Group" action="confirmed" date="1997-04-15"/>
  </code>
  <code code="GSPO">
    <editdetail attribution="Reuters BIP Coding Group" action="confirmed" date="1997-04-15"/>
  </code>
</codes>
<dc element="dc.date.created" value="1997-04-15"/>
<dc element="dc.publisher" value="Reuters Holdings Plc"/>
<dc element="dc.date.published" value="1997-04-15"/>
<dc element="dc.source" value="Reuters"/>
<dc element="dc.creator.location" value="ZURICH"/>
<dc element="dc.creator.location.country.name" value="SWITZERLAND"/>
<dc element="dc.source" value="Reuters"/>
</metadata>
</newsitem>
