<?xml version="1.0" encoding="iso-8859-1" ?>
<newsitem itemid="508556" id="root" date="1997-04-15" xml:lang="en">
<title>FRANCE: SOCCER-LEADING FRENCH LEAGUE SCORERS.</title>
<headline>SOCCER-LEADING FRENCH LEAGUE SCORERS.</headline>
<dateline>PARIS 1997-04-15</dateline>
<text>
<p>Leading scorers in the French</p>
<p>first division after Tuesday's match:</p>
<p>19 - David Zitelli (Strasbourg), Stephane Guivarc'h (Rennes)</p>
<p>18 - Japhet N'Doram (Nantes)</p>
<p>17 - Sonny Anderson (Monaco)</p>
<p>16 - Alain Caveglia (Lyon), Anto Drobnjak (Bastia)</p>
<p>12 - Xavier Gravelaine (Marseille), Ibrahim Bakayoko</p>
<p>(Montpellier)</p>
<p>11 - Miladin Becanovic (Lille), Victor Ikpeba (Monaco), Patrice</p>
<p>Loko (Paris St Germain)</p>
</text>
<copyright>(c) Reuters Limited 1997</copyright>
<metadata>
<codes class="bip:countries:1.0">
  <code code="FRA">
    <editdetail attribution="Reuters BIP Coding Group" action="confirmed" date="1997-04-15"/>
  </code>
  <code code="MONAC">
    <editdetail attribution="Reuters BIP Coding Group" action="confirmed" date="1997-04-15"/>
  </code>
</codes>
<codes class="bip:topics:1.0">
  <code code="GCAT">
    <editdetail attribution="Reuters BIP Coding Group" action="confirmed" date="1997-04-15"/>
  </code>
  <code code="GSPO">
    <editdetail attribution="Reuters BIP Coding Group" action="confirmed" date="1997-04-15"/>
  </code>
</codes>
<dc element="dc.date.created" value="1997-04-15"/>
<dc element="dc.publisher" value="Reuters Holdings Plc"/>
<dc element="dc.date.published" value="1997-04-15"/>
<dc element="dc.source" value="Reuters"/>
<dc element="dc.creator.location" value="PARIS"/>
<dc element="dc.creator.location.country.name" value="FRANCE"/>
<dc element="dc.source" value="Reuters"/>
</metadata>
</newsitem>
