<?xml version="1.0" encoding="iso-8859-1" ?>
<newsitem itemid="508502" id="root" date="1997-04-15" xml:lang="en">
<title>CANADA: Placer Dome sees improved Q1 results.</title>
<headline>Placer Dome sees improved Q1 results.</headline>
<dateline>VANCOUVER 1997-04-15</dateline>
<text>
<p>Placer Dome Inc said on Tuesday that its gold output rose in the first quarter, while its production cost fell, and that its quarterly earnings would improve.</p>
<p>Chief Executive John Willson told the annual meeting that a preliminary tally put first-quarter gold production at 530,000 ounces, up from 476,000 ounces in the fourth quarter.</p>
<p>Placer's cash production cost dropped to US$225 an ounce from US$238 in the fourth quarter. Willson said the quarterly production rate would rise through the year, and the company repeated its 1997 production forecast of 2.3 million ounces.  </p>
<p>Asked about the outlook for first-quarter results, Willson told reporters, &quot;...our earnings will obviously improve.&quot;</p>
<p>&quot;On the other hand, we've seen the price of gold go down. Happily we are substantially hedged against that. But nonetheless our realized price will drop considerably with gold dropping.&quot;</p>
<p>Placer is due to release its first quarter results on April 23.</p>
<p>Willson told the annual meeting that after concentrating on growth in its production, Placer's top priority was to improve its financial performance.</p>
<p>He noted that the company's share price had languished compared to its peers and said improved an financial performance would boost the shares.  </p>
<p>Willson reiterated Placer's contention that its claim to the Las Cristinas property in Venezuela is secure despite an ownership dispute with Crystallex International Corp.</p>
<p>Arbitration is continuing with Kazakhstan over Placer's attempts to recover US$35 million paid to the government there for a now-abandoned mining project.</p>
<p>Placer has not given up hope of recouping the money either as cash or in mineral properties or exploration rights.</p>
<p>Willson estimated that Placer spent about US$1.5 million in its pursuit of Bre-X Minerals Ltd and its Busang gold property in Indonesia.</p>
<p>((Reuters Vancouver Bureau (604) 664-7314))</p>
</text>
<copyright>(c) Reuters Limited 1997</copyright>
<metadata>
<codes class="bip:countries:1.0">
  <code code="CANA">
    <editdetail attribution="Reuters BIP Coding Group" action="confirmed" date="1997-04-15"/>
  </code>
</codes>
<codes class="bip:industries:1.0">
  <code code="I21000">
    <editdetail attribution="Reuters BIP Coding Group" action="confirmed" date="1997-04-15"/>
  </code>
</codes>
<codes class="bip:topics:1.0">
  <code code="C15">
    <editdetail attribution="Reuters BIP Coding Group" action="confirmed" date="1997-04-15"/>
  </code>
  <code code="C152">
    <editdetail attribution="Reuters BIP Coding Group" action="confirmed" date="1997-04-15"/>
  </code>
  <code code="CCAT">
    <editdetail attribution="Reuters BIP Coding Group" action="confirmed" date="1997-04-15"/>
  </code>
</codes>
<dc element="dc.date.created" value="1997-04-15"/>
<dc element="dc.publisher" value="Reuters Holdings Plc"/>
<dc element="dc.date.published" value="1997-04-15"/>
<dc element="dc.source" value="Reuters"/>
<dc element="dc.creator.location" value="VANCOUVER"/>
<dc element="dc.creator.location.country.name" value="CANADA"/>
<dc element="dc.source" value="Reuters"/>
</metadata>
</newsitem>
