<?xml version="1.0" encoding="iso-8859-1" ?>
<newsitem itemid="508565" id="root" date="1997-04-15" xml:lang="en">
<title>ITALY: ITALY REACHES AGREEMENT ON TV SOCCER RIGHTS.</title>
<headline>ITALY REACHES AGREEMENT ON TV SOCCER RIGHTS.</headline>
<dateline>MILAN 1997-04-15</dateline>
<text>
<p>Soccer authorities agreed on Tuesday to a deal between Italy's main broadcasters to end more than a year of disputes over who should televise the nations's favourite sport.</p>
<p>The Milan-based soccer league voted in favour of an agreement signed on Monday to carve up rights to broadcast soccer and put an end to a long-running dispute between media tycoon Vittorio Cecchi Gori and public broadcaster RAI.</p>
<p>The league said 26 cup matches would be divided up over two years between Cecchi Gori's TeleMonteCarlo (TMC), RAI and Mediaset, owned by centre-right politician Silvio Berlusconi.</p>
<p>&quot;In the cup the (Italian soccer) league will make 26 games available, instead of 13 last year, of which 11 will be shown by RAI, 9 by Mediaset and 6 by TMC,&quot; league president Franco Carraro said.</p>
<p>Cecchi Gori will show the first three rounds of the cup, with other matches and the final going to the other two parties.</p>
<p>Under the agreement, the stations would pay 46 billion lire ($27 million) to the league over two years for the rights to show the cup in the 1997/98 and 1998/99 seasons, Carraro said.</p>
<p>RAI will maintain exclusive live radio and recorded TV rights to Italian league matches under an old agreement, with TMC screening serie A games during evening prime time.</p>
<p>&quot;I think the solution... satifies all three parties who fought for the television rights last year,&quot; Carraro said.</p>
<p>&quot;The agreement is intelligent and satisfying,&quot; Massimo Moratti, chairman of Milan club Internazionale, said. &quot;The most important thing is it brought an end to the disagreement between the various broadcasters.&quot;</p>
<p>Cecchi Gori was awarded soccer TV and radio rights in February last year after he offered the soccer league 213.5 billion lire a year for exclusive coverage.</p>
<p>RAI offered only 185 billion lire in the secret auction and the prospect of losing the rights, which it has always held, sent shock waves through the company.</p>
<p>The two broadcasters and Mediaset have since been involved in a complex series of arguments and court hearings, settled by this week's deal.</p>
<p>The deal does not cover pay-per-view screening of Italian league soccer, broadcast in coded form, which belong to the Telepiu-2 channel. Neither does it cover matches played by the national team or European club competitions.</p>
</text>
<copyright>(c) Reuters Limited 1997</copyright>
<metadata>
<codes class="bip:countries:1.0">
  <code code="ITALY">
    <editdetail attribution="Reuters BIP Coding Group" action="confirmed" date="1997-04-15"/>
  </code>
</codes>
<codes class="bip:topics:1.0">
  <code code="GCAT">
    <editdetail attribution="Reuters BIP Coding Group" action="confirmed" date="1997-04-15"/>
  </code>
  <code code="GSPO">
    <editdetail attribution="Reuters BIP Coding Group" action="confirmed" date="1997-04-15"/>
  </code>
</codes>
<dc element="dc.date.created" value="1997-04-15"/>
<dc element="dc.publisher" value="Reuters Holdings Plc"/>
<dc element="dc.date.published" value="1997-04-15"/>
<dc element="dc.source" value="Reuters"/>
<dc element="dc.creator.location" value="MILAN"/>
<dc element="dc.creator.location.country.name" value="ITALY"/>
<dc element="dc.source" value="Reuters"/>
</metadata>
</newsitem>
