<?xml version="1.0" encoding="iso-8859-1" ?>
<newsitem itemid="508505" id="root" date="1997-04-15" xml:lang="en">
<title>CANADA: Canada bonds open stronger on CPI data, dlr gains.</title>
<headline>Canada bonds open stronger on CPI data, dlr gains.</headline>
<dateline>TORONTO 1997-04-15</dateline>
<text>
<p>Canadian bonds opened stronger on Tuesday, rallying amid a lower-than-expected rise in the U.S. consumer price index and a sharp rise in the value of the Canadian dollar, analysts said.</p>
<p>&quot;The CPI data was what really got things going,&quot; said Mark Chandler, a senior economist with Goldman Sachs Canada in Toronto. &quot;Canada is also getting a boost from the Canadian dollar.&quot;</p>
<p>Canada's 30-year benchmark bond rose C$0.70 to C$107.70 to yield 7.333 percent. The U.S. 30-year bond rose 28/32 to yield 7.10 percent.  </p>
<p>The spread between the two bonds widened to 23 basis points from 22 basis points at the close of trading on Monday.</p>
<p>Canadian bonds strengthened after the U.S. March consumer price index allayed market fears of an acceleration in price growth, sparking a rally in U.S. debt markets and easing the pressure on Federal Reserve policymakers to raise interest rates there.</p>
<p>Speculation that the U.S. Federal Reserve will be less willing to raise rates in turn sparked a rally in the Canadian dollar, which strenthened to C$1.3939 (US$0.7174) from its open at C$1.3982 (US$0.7152).  </p>
<p>While the U.S. data did not dispel expectations that the Fed will hike rates in May, &quot;there's a feeling that inflation may not be that bad,&quot; said Goldman's Chandler.</p>
<p>In other prices, the Canadian 10-year benchmark bond rose C$0.60 to C$101.40 to yield 6.798 percent while the U.S. bond rose 21/32 to yield 6.88 percent.</p>
<p>The negative spread between the bonds narrowed to eight basis points from 10 basis points on Monday.</p>
<p>The three-month cash T-bill yielded 3.16 percent against its U.S. equivalent which yielded 5.29 percent.</p>
<p>((Jeffrey Hodgson (416) 941-8105, e-mail: jeffrey.hodgson@reuters.com))</p>
</text>
<copyright>(c) Reuters Limited 1997</copyright>
<metadata>
<codes class="bip:countries:1.0">
  <code code="CANA">
    <editdetail attribution="Reuters BIP Coding Group" action="confirmed" date="1997-04-15"/>
  </code>
</codes>
<codes class="bip:topics:1.0">
  <code code="M12">
    <editdetail attribution="Reuters BIP Coding Group" action="confirmed" date="1997-04-15"/>
  </code>
  <code code="MCAT">
    <editdetail attribution="Reuters BIP Coding Group" action="confirmed" date="1997-04-15"/>
  </code>
</codes>
<dc element="dc.date.created" value="1997-04-15"/>
<dc element="dc.publisher" value="Reuters Holdings Plc"/>
<dc element="dc.date.published" value="1997-04-15"/>
<dc element="dc.source" value="Reuters"/>
<dc element="dc.creator.location" value="TORONTO"/>
<dc element="dc.creator.location.country.name" value="CANADA"/>
<dc element="dc.source" value="Reuters"/>
</metadata>
</newsitem>
