<?xml version="1.0" encoding="iso-8859-1" ?>
<newsitem itemid="508538" id="root" date="1997-04-15" xml:lang="en">
<title>JAPAN: TENNIS-BECKER BATTLES TO REACH JAPAN OPEN THIRD ROUND.</title>
<headline>TENNIS-BECKER BATTLES TO REACH JAPAN OPEN THIRD ROUND.</headline>
<dateline>TOKYO 1997-04-15</dateline>
<text>
<p>Number two seed Boris Becker secured a hard-fought but deserved victory over Canadian Sebastien Lareau in the second round of the $1.22 million Japan Open tennis championships on Tuesday.</p>
<p>The German number two seed felt his 6-2 4-6 6-2 victory in chilly, overcast conditions, clinched with a 200kph ace, showed he was back in form after two months recuperation and training.</p>
<p>&quot;I had to come up with winners to beat him and I was able to produce that... I'm surprised how well I played throughout the match,&quot; he said.</p>
<p>After persistent wrist problems, which resurfaced most recently at the Lipton tournament earlier this year, Becker said he hoped he was fit enough to complete his 13th year of professional tournaments.</p>
<p>&quot;I'm just hoping I'm going to stay healthy to put in a couple of weeks and a couple of tournaments...I thought it was a very good start after being away for so long,&quot; Becker said.</p>
<p>Asked which title he wanted to win this year, Becker responded: &quot;At this stage I just want to finish a tournament.&quot;</p>
<p>In the women's singles, injury nearly caused another upset in a tournament already plagued with drop-outs.</p>
<p>Number six seed and top Japanese women player Naoko Sawamatsu fell in pain after twisting her ankle reaching for a serve against American Jane Chi while she was 5-2 up having taken the first set a comfortable 6-3. She eventually recovered sufficiently to win it 6-4.</p>
<p>Top-ranking world players such as Sampras, Sweden's Thomas Enqvist and in the women's singles top seed American Mary Joe Fernandez and Bulgarian Magdalena Maleeva have all withdrawn with injuries.</p>
</text>
<copyright>(c) Reuters Limited 1997</copyright>
<metadata>
<codes class="bip:countries:1.0">
  <code code="CANA">
    <editdetail attribution="Reuters BIP Coding Group" action="confirmed" date="1997-04-15"/>
  </code>
  <code code="GFR">
    <editdetail attribution="Reuters BIP Coding Group" action="confirmed" date="1997-04-15"/>
  </code>
  <code code="JAP">
    <editdetail attribution="Reuters BIP Coding Group" action="confirmed" date="1997-04-15"/>
  </code>
</codes>
<codes class="bip:topics:1.0">
  <code code="GCAT">
    <editdetail attribution="Reuters BIP Coding Group" action="confirmed" date="1997-04-15"/>
  </code>
  <code code="GSPO">
    <editdetail attribution="Reuters BIP Coding Group" action="confirmed" date="1997-04-15"/>
  </code>
</codes>
<dc element="dc.date.created" value="1997-04-15"/>
<dc element="dc.publisher" value="Reuters Holdings Plc"/>
<dc element="dc.date.published" value="1997-04-15"/>
<dc element="dc.source" value="Reuters"/>
<dc element="dc.creator.location" value="TOKYO"/>
<dc element="dc.creator.location.country.name" value="JAPAN"/>
<dc element="dc.source" value="Reuters"/>
</metadata>
</newsitem>
