<?xml version="1.0" encoding="iso-8859-1" ?>
<newsitem itemid="508518" id="root" date="1997-04-15" xml:lang="en">
<title>SPAIN: RALLYING-CATALUNYA RALLY POSITIONS.</title>
<headline>RALLYING-CATALUNYA RALLY POSITIONS.</headline>
<dateline>LLORET DE MAR, Spain 1997-04-15</dateline>
<text>
<p>Leading positions</p>
<p>in the Catalunya Rally after four of Tuesday's seven special</p>
<p>stages:</p>
<p>  1. Piero Liatti (Italy) Subaru 2 hours 13 minutes 51 seconds</p>
<p>  2. Colin McRae (Britain) Subaru		 2:13:53</p>
<p>  3. Tommi Makinen (Finland) Mitsubishi	 2:13:54</p>
<p>  4. Angelo Medeghini (Italy) Subaru	    2:16:03</p>
<p>  5. Jaime Azcona (Spain) Peugeot		 2:16:04</p>
<p>  6. Gilles Panizzi (France) Peugeot	    2:16:07</p>
<p>  7. Rui Madeira (Portugal) Subaru		2:16:51</p>
<p>  8. Uwe Nittel (Germany) Mitsubishi	    2:17:43</p>
<p>  9. Francois Delecour (France) Peugeot	 2:18:04</p>
<p> 10. Martinez Conde (France) Renault	    2:18:51</p>
</text>
<copyright>(c) Reuters Limited 1997</copyright>
<metadata>
<codes class="bip:countries:1.0">
  <code code="SPAIN">
    <editdetail attribution="Reuters BIP Coding Group" action="confirmed" date="1997-04-15"/>
  </code>
</codes>
<codes class="bip:topics:1.0">
  <code code="GCAT">
    <editdetail attribution="Reuters BIP Coding Group" action="confirmed" date="1997-04-15"/>
  </code>
  <code code="GSPO">
    <editdetail attribution="Reuters BIP Coding Group" action="confirmed" date="1997-04-15"/>
  </code>
</codes>
<dc element="dc.date.created" value="1997-04-15"/>
<dc element="dc.publisher" value="Reuters Holdings Plc"/>
<dc element="dc.date.published" value="1997-04-15"/>
<dc element="dc.source" value="Reuters"/>
<dc element="dc.creator.location" value="LLORET DE MAR, Spain"/>
<dc element="dc.creator.location.country.name" value="SPAIN"/>
<dc element="dc.source" value="Reuters"/>
</metadata>
</newsitem>
