<?xml version="1.0" encoding="iso-8859-1" ?>
<newsitem itemid="508537" id="root" date="1997-04-15" xml:lang="en">
<title>AUSTRALIA: CRICKET-ACB IN ROW WITH PLAYERS OVER NEGOTIATOR.</title>
<headline>CRICKET-ACB IN ROW WITH PLAYERS OVER NEGOTIATOR.</headline>
<dateline>MELBOURNE 1997-04-15</dateline>
<text>
<p>The Australian Cricket Board (ACB) was set on a collision course with leading players on Tuesday after refusing to accept former board official Graham Halbish as the players' representative in future pay talks.</p>
<p>ACB officials have said they will not deal with Halbish, who worked as ACB chief executive for four years before he was sacked three months ago, because of his inside knowledge.</p>
<p>But the fledgling Australian Cricketers' Association on Tuesday stood firm, insisting that Halbish would act on their behalf after employing him as a negotiator.</p>
<p>Halbish left the ACB in acrimonious circumstances in January. The two parties reached an out-of-court settlement last month after Halbish began legal action for unfair dismissal.</p>
<p>&quot;We've had legal advice that Graham can act for us...The whole of the membership base is fully behind his appointment,&quot; association president Tim May said.</p>
<p>&quot;I don't see it as a hindrance (Halbish's previous association with the ACB), it doesn't affect us,&quot; said May, who described the appointment as a coup for players.</p>
<p>The players' union has about 80 members and is open to past and present first-class cricketers, the ACB said.</p>
<p>ACB chairman Denis Rogers has announced he will refuse to negotiate with Halbish because of his knowledge of information relating to player contracts and board finances.</p>
<p>Speaking to reporters during Australia's just-concluded tour to South Africa, Rogers said: &quot;A lot of the information belongs to the Australian Cricket Board and he (Halbish), as a former employee, has a duty to restrict use of that information.&quot;</p>
<p>Rogers and May are scheduled to meet for talks on Friday, an ACB spokesman said.</p>
</text>
<copyright>(c) Reuters Limited 1997</copyright>
<metadata>
<codes class="bip:countries:1.0">
  <code code="AUSTR">
    <editdetail attribution="Reuters BIP Coding Group" action="confirmed" date="1997-04-15"/>
  </code>
</codes>
<codes class="bip:topics:1.0">
  <code code="GCAT">
    <editdetail attribution="Reuters BIP Coding Group" action="confirmed" date="1997-04-15"/>
  </code>
  <code code="GSPO">
    <editdetail attribution="Reuters BIP Coding Group" action="confirmed" date="1997-04-15"/>
  </code>
</codes>
<dc element="dc.date.created" value="1997-04-15"/>
<dc element="dc.publisher" value="Reuters Holdings Plc"/>
<dc element="dc.date.published" value="1997-04-15"/>
<dc element="dc.source" value="Reuters"/>
<dc element="dc.creator.location" value="MELBOURNE"/>
<dc element="dc.creator.location.country.name" value="AUSTRALIA"/>
<dc element="dc.source" value="Reuters"/>
</metadata>
</newsitem>
