<?xml version="1.0" encoding="iso-8859-1" ?>
<newsitem itemid="508501" id="root" date="1997-04-15" xml:lang="en">
<title>CANADA: Bank of Canada sets specials at 3.25 percent.</title>
<headline>Bank of Canada sets specials at 3.25 percent.</headline>
<dateline>TORONTO 1997-04-15</dateline>
<text>
<p>The Bank of Canada on Tuesday conducted a round of special purchase and resale agreements in the money market at 3.25 percent, dealers said.  </p>
<p>The central bank intervened to add liquidity to the market after the call loan or overnight lending rate was bid at 3.25 percent, the top of the Bank of Canada's target range for the rate.</p>
<p>With the move the Bank of Canada confirmed its desire to maintain the range and keep its interest rate policy on hold.</p>
<p>&quot;It's just tight, just like yesterday, it just got tight in the afternoon,&quot; said a T-bill dealer with one bank-owned brokerage.</p>
<p>The three-month cash T-bill traded with a yield of 3.20 percent in the wake of the move, while the three-month when-issued T-bill traded with a yield of 3.25 percent.</p>
<p>((Jeffrey Hodgson (416) 941-8105, e-mail: jeffrey.hodgson@reuters.com))</p>
</text>
<copyright>(c) Reuters Limited 1997</copyright>
<metadata>
<codes class="bip:countries:1.0">
  <code code="CANA">
    <editdetail attribution="Reuters BIP Coding Group" action="confirmed" date="1997-04-15"/>
  </code>
</codes>
<codes class="bip:topics:1.0">
  <code code="E12">
    <editdetail attribution="Reuters BIP Coding Group" action="confirmed" date="1997-04-15"/>
  </code>
  <code code="ECAT">
    <editdetail attribution="Reuters BIP Coding Group" action="confirmed" date="1997-04-15"/>
  </code>
  <code code="M13">
    <editdetail attribution="Reuters BIP Coding Group" action="confirmed" date="1997-04-15"/>
  </code>
  <code code="M131">
    <editdetail attribution="Reuters BIP Coding Group" action="confirmed" date="1997-04-15"/>
  </code>
  <code code="MCAT">
    <editdetail attribution="Reuters BIP Coding Group" action="confirmed" date="1997-04-15"/>
  </code>
</codes>
<dc element="dc.date.created" value="1997-04-15"/>
<dc element="dc.publisher" value="Reuters Holdings Plc"/>
<dc element="dc.date.published" value="1997-04-15"/>
<dc element="dc.source" value="Reuters"/>
<dc element="dc.creator.location" value="TORONTO"/>
<dc element="dc.creator.location.country.name" value="CANADA"/>
<dc element="dc.source" value="Reuters"/>
</metadata>
</newsitem>
