<?xml version="1.0" encoding="iso-8859-1" ?>
<newsitem itemid="508598" id="root" date="1997-04-15" xml:lang="en">
<title>RUSSIA: PRESS DIGEST - RUSSIA - APRIL 16.</title>
<headline>PRESS DIGEST - RUSSIA - APRIL 16.</headline>
<dateline>MOSCOW 1997-04-15</dateline>
<text>
<p>Following are some of the leading stories in the April 16 edition of Russia's Izvestia newspaper. Reuters has not verified these stories and does not vouch for their accuracy.</p>
<p>- Prime Minister Viktor Chernomyrdin was behind the controversial transfer of prize oil producer Purneftegaz to the state oil-giant Rosneft.</p>
<p>- A government hike in the price of strong alcohol is an attempt to freeze out bootleg distillers and increase budget revenues from vodka sales.</p>
<p>- The government is moving to improve the performance of investment funds which accumulated small investors' privatisation vouchers a couple of years ago.</p>
<p>- Giant Russian carrier Aeroflot is planning to start flying to a number of destinations inside the country to get ahead of foreign carriers trying to stake a place on the domestic market.</p>
<p>--Andrei Shukshin, Moscow Newsroom, +7095 941 8520</p>
</text>
<copyright>(c) Reuters Limited 1997</copyright>
<metadata>
<codes class="bip:countries:1.0">
  <code code="RUSS">
    <editdetail attribution="Reuters BIP Coding Group" action="confirmed" date="1997-04-15"/>
  </code>
</codes>
<codes class="bip:topics:1.0">
  <code code="GCAT">
    <editdetail attribution="Reuters BIP Coding Group" action="confirmed" date="1997-04-15"/>
  </code>
</codes>
<dc element="dc.date.created" value="1997-04-15"/>
<dc element="dc.publisher" value="Reuters Holdings Plc"/>
<dc element="dc.date.published" value="1997-04-15"/>
<dc element="dc.source" value="Reuters"/>
<dc element="dc.creator.location" value="MOSCOW"/>
<dc element="dc.creator.location.country.name" value="RUSSIA"/>
<dc element="dc.source" value="Reuters"/>
</metadata>
</newsitem>
