<?xml version="1.0" encoding="iso-8859-1" ?>
<newsitem itemid="508533" id="root" date="1997-04-15" xml:lang="en">
<title>RUSSIA: WEIGHTLIFTING-BATTLE LOOMS FOR CONTROL OF RUSSIAN LIFTERS.</title>
<headline>WEIGHTLIFTING-BATTLE LOOMS FOR CONTROL OF RUSSIAN LIFTERS.</headline>
<dateline>MOSCOW 1997-04-15</dateline>
<text>
<p>A battle loomed for control of Russia's weightlifting federation on Tuesday after a Moscow court ruled that former federation chief Viktor Polyakov was wrongly dismissed.</p>
<p>The court ruled on Monday that Viktor Polyakov had been unfairly forced out in a power struggle in 1994 after 25 years as head of the federation.</p>
<p>&quot;Justice has triumphed,&quot; said Polkyakov after a three-year legal battle. &quot;I will take up my job as president of the weightlifting federation president of Russia.&quot;</p>
<p>But Israil Arsamakov, who is now the federation's president, said he planned to stay on.</p>
<p>&quot;There are many things for me to finish and I recently received 50 letters of support from the provinces in my support,&quot; he said.</p>
<p>It was not immediately clear how the dispute would be resolved and if further legal battles lay ahead.</p>
</text>
<copyright>(c) Reuters Limited 1997</copyright>
<metadata>
<codes class="bip:countries:1.0">
  <code code="RUSS">
    <editdetail attribution="Reuters BIP Coding Group" action="confirmed" date="1997-04-15"/>
  </code>
</codes>
<codes class="bip:topics:1.0">
  <code code="GCAT">
    <editdetail attribution="Reuters BIP Coding Group" action="confirmed" date="1997-04-15"/>
  </code>
  <code code="GSPO">
    <editdetail attribution="Reuters BIP Coding Group" action="confirmed" date="1997-04-15"/>
  </code>
</codes>
<dc element="dc.date.created" value="1997-04-15"/>
<dc element="dc.publisher" value="Reuters Holdings Plc"/>
<dc element="dc.date.published" value="1997-04-15"/>
<dc element="dc.source" value="Reuters"/>
<dc element="dc.creator.location" value="MOSCOW"/>
<dc element="dc.creator.location.country.name" value="RUSSIA"/>
<dc element="dc.source" value="Reuters"/>
</metadata>
</newsitem>
