<?xml version="1.0" encoding="iso-8859-1" ?>
<newsitem itemid="508586" id="root" date="1997-04-15" xml:lang="en">
<title>CZECH REPUBLIC: OPINION - CZECH-SLOVAK TENSIONS, BY JIRI PEHE.</title>
<headline>OPINION - CZECH-SLOVAK TENSIONS, BY JIRI PEHE.</headline>
<byline>Jiri Pehe</byline>
<text>
<p>Director, Regional Specialists Unit, RFE/RL</p>
<p>PRAGUE, April 15 - The deteriorating relationship between the Czech Republic and Slovakia, combined with political instability in Bratislava, could further undermine democracy in Slovakia and possibly destabilise the entire region.</p>
<p>Prime Minister Vladimir Meciar's Slovakia -- one that would remain outside NATO and have bad relations with its immediate neighbours -- is a potential powder keg.</p>
<p>It is, therefore, in the interest of Czech politicians to end, as quickly as possible, the current emotional exchanges of opinions with Slovak politicians, and instead strive for a stable relationship based on equality and reciprocity.</p>
<p>The current war of words between Czech and Slovak politicians started after Czech President Vaclav Havel recently described Meciar as &quot;paranoid&quot; over his statements on NATO.</p>
<p>But in reality the conflict has deeper causes than just Meciar's hurt ego. Observers have tended to put the blame mainly on Slovakia, but Czechs bear a large degree of responsibility for the current state of affairs.</p>
<p>It is true that democracy in Slovakia, under Meciar's leadership, has struggled. International organizations, including the European Union and NATO, have repeatedly warned Slovakia that its violations of democratic rules may prevent it from gaining memb ership in such organizations.</p>
<p>Instead of striving to correct such behavior, Meciar recently alleged an international conspiracy against Slovakia. He recently suggested that the United States and Russia had decided -- independently of Slovakia's real actions -- that Slovakia would not be admitted to NATO in the first wave.</p>
<p>Meciar and his closest allies have also accused the Czech Republic and Hungary of trying to mar Slovakia's chances of being admitted to NATO.</p>
<p>It was at this point when Havel made his unfavourable comment about Meciar's mental health, but the relationship had begun deteriorating even before Havel made his comment.</p>
<p>In late March, Meciar had been set to visit the Czech Republic, to discuss primarily the division of the  remaining assets of the former Czechoslovakia.</p>
<p>Slovakia claims that the Czech Republic is illegally holding some 4.5 tonnes of Slovak gold, which has been deposited in the National Bank in Prague since the end of World War Two. Czech politicians claim that Slovakia owes the Czech Republic over 20 billion crowns in unpaid bank debts. The amount has been verified by an international audit.</p>
<p>What made Meciar cancel his visit in the end was not so much that the Czech side was not forthcoming on the question of Slovak gold -- an issue of great symbolism to the young Slovak state -- rather, it was paternalism that Czech politicians and journalists tend to display any time they deal with Slovakia.</p>
<p>When Meciar's visit was announced, he and his anti-democratic excesses were subjected to harsh criticism in the Czech Republic. Czech politicians made it clear they will want to teach Meciar a few lessons about democracy. Havel said Meciar is welcome to come but he will not like what he hears.</p>
<p>Slovakia, though grudgingly, has in the past accepted such statements and concerns from Western countries. The history of Czech-Slovak relations, however, is such that similar Czech statements are inevitably seen as the Czechs' paternalistic meddling in Slovak affairs.</p>
<p>In reality, both Czech politicians and ordinary Czechs are mostly indifferent toward developments in Slovakia. Such indifference, combined with occasional flare-ups of ostensible concern, make Slovaks even more sensitive about Czech behavior.</p>
<p>Czech Prime Minister Vaclav Klaus, for example, has showed little interest in visiting Slovakia since the split of Czechoslovakia. When the Meciar government was three years ago replaced by that of Jozef Moravcik, which tried to  steer Slovakia away fr om violations of democratic rules, Klaus refused to officially meet Moravcik and lend him support.</p>
<p>Slovakia is in some ways currently going through a phase in its national development that the Czechs, Poles, or Hungarians went through at the beginning of the 20th century.</p>
<p>After the years of poor Czech understanding for Slovak national aspirations when both had a common state, it is easier for politicians like Meciar to create the feeling among Slovaks that their country is a victim of an international conspiracy in which Czechs play an important role.</p>
<p>In this context, it is no wonder that Slovaks are sensitive about what they see as double standards. While Slovakia has experienced problems, the country is a functioning parliamentary democracy.</p>
<p>If the most compelling reason for NATO expansion is stability, it is difficult for Slovaks to understand why they are likely to be excluded, and why Slovakia, for relatively minor offences, is being denied membership in an organisation in which Turkey is allowed to play an important role.</p>
<p>Such real and imagined grievances have played into the hands of Meciar when Havel described him as &quot;paranoid.&quot;</p>
<p>Such a statement would have offended Meciar and many Slovak had it come from any foreign politicians. Expressed by the Czech President, it has caused a furore, and it has helped Meciar to go on the offensive and condition his visit in the Czech republic on Havel's apology.</p>
<p>As a result, in the last week or so, the Czech-Slovak debate has degenerated into personal insults.</p>
<p>If anything, such a situation will strengthen the position of Meciar, who knows how to turn &quot;anti-Slovak campaigns&quot; into his advantage. In the long run, a strengthened Meciar who no longer feels bound to strive for NATO membership (and perhaps the European Union) and for good relations with Slovakia's neighbours, could easily destabilize the entire region.</p>
<p>(Note - Jiri Pehe is the director of a regional analytical unit at Radio Free Europe/Radio Liberty based in Prague. The opinions expressed in this article represent the views of the author only. They should not be seen as reflecting the views of Reuters.)</p>
<p>-- Prague Newsroom, 420-2-2423-0003</p>
</text>
<copyright>(c) Reuters Limited 1997</copyright>
<metadata>
<codes class="bip:countries:1.0">
  <code code="CZREP">
    <editdetail attribution="Reuters BIP Coding Group" action="confirmed" date="1997-04-15"/>
  </code>
  <code code="NATO">
    <editdetail attribution="Reuters BIP Coding Group" action="confirmed" date="1997-04-15"/>
  </code>
  <code code="SLVAK">
    <editdetail attribution="Reuters BIP Coding Group" action="confirmed" date="1997-04-15"/>
  </code>
</codes>
<codes class="bip:topics:1.0">
  <code code="GCAT">
    <editdetail attribution="Reuters BIP Coding Group" action="confirmed" date="1997-04-15"/>
  </code>
  <code code="GDIP">
    <editdetail attribution="Reuters BIP Coding Group" action="confirmed" date="1997-04-15"/>
  </code>
  <code code="GPOL">
    <editdetail attribution="Reuters BIP Coding Group" action="confirmed" date="1997-04-15"/>
  </code>
</codes>
<dc element="dc.publisher" value="Reuters Holdings Plc"/>
<dc element="dc.date.published" value="1997-04-15"/>
<dc element="dc.source" value="Reuters"/>
<dc element="dc.creator.location.country.name" value="CZECH REPUBLIC"/>
<dc element="dc.source" value="Reuters"/>
</metadata>
</newsitem>
