<?xml version="1.0" encoding="iso-8859-1" ?>
<newsitem itemid="508536" id="root" date="1997-04-15" xml:lang="en">
<title>BRAZIL: SOCCER-&quot;DANCE OF THE COACHES&quot; GATHERS PACE IN BRAZIL.</title>
<headline>SOCCER-&quot;DANCE OF THE COACHES&quot; GATHERS PACE IN BRAZIL.</headline>
<byline>Brian Homewood</byline>
<dateline>RIO DE JANEIRO 1997-04-15</dateline>
<text>
<p>Sao Paulo and Flamengo were both searching for new managers on Tuesday as Brazil's so-called &quot;dance of the coaches&quot; went into full swing.</p>
<p>Muricy Ramalho was relieved of his post at Sao Paulo on Monday for the second time in little more than a year following the 3-3 draw with Guarani at the weekend.</p>
<p>Ramalho had taken over when Carlos Alberto Parreira, who won the World Cup with Brazil in 1994, was dismissed last year.</p>
<p>He had also been given the job in March last year when Tele Santana resigned through ill-health, but was later pushed aside to make way for Parreira, now with the MetroStars in the United States' MLS league.</p>
<p>Former World Cup player Junior, sacked in the wake of Sunday's 1-1 draw at Madureira, became the fifth Flamengo coach to lose his job in since Kleber Leite took over as club president two years ago.</p>
<p>Junior had been under pressure since the club suffered one of its biggest humiliations last month.</p>
<p>Flamengo needed to beat Botafogo to qualify for the final of the first stage of the Rio de Janeiro championship and seemed certain to do so when Botafogo, already through, opted to field a reserve team. Yet Flamengo lost 1-0.</p>
<p>The incessant chopping and changing of coaches in Brazil is nicknamed &quot;the dance of the coaches&quot;.</p>
<p>Seven of the 16 clubs in the Sao Paulo championship have changed coaches since it began less than two months ago.</p>
<p>These include Sao Jose and America-Sao Jose do Rio Preto, who are already on to their third manager and Guarani, where president Beto Zini is nicknamed &quot;The Exterminator of the President&quot; because of the number of coaches he sacks. Last year, Zini employed 10 coaches.</p>
<p>Outside the Sao Paulo region, Fluminense, Cruzeiro and Bahia have also changed coaches this year.</p>
<p>Almost as stunning as the club's lack of patience is their cheek at approaching team bosses established at other clubs.</p>
<p>Since dismissing Junior on Monday, reports in Brazil say that Flamengo have approached Luis Felipe Scolari at Japanese club Jubilo Iwota in Japan, Parreira, Vanderley Luxemburgo at Santos and Paulo Autuori at Cruzeiro.</p>
<p>None of the candidates have been at their clubs for more than three months and all were reported to have rejected Flamengo's advances.</p>
<p>After a similar sequence of negative answers in 1995, Flamengo became so desperate they turned to radio commentator Washingon Rodrigues -- a man with absolutely no playing or coaching experience. He lasted nearly four months, which is not bad by Brazilian standards.</p>
<p>Flamengo and Sao Paulo players hinted on Tuesday that they would appreciate more stability.</p>
<p>&quot;Junior was doing a good job but they made him the scapegoat,&quot; said Flamengo goalkeeper Ze Carlos, who scored an own goal on Sunday.</p>
<p>Sao Paulo goalkeeper Rogerio commented: &quot;Only the players can change the situation. Muricy was doing everything he could.&quot;</p>
</text>
<copyright>(c) Reuters Limited 1997</copyright>
<metadata>
<codes class="bip:countries:1.0">
  <code code="BRAZ">
    <editdetail attribution="Reuters BIP Coding Group" action="confirmed" date="1997-04-15"/>
  </code>
</codes>
<codes class="bip:topics:1.0">
  <code code="GCAT">
    <editdetail attribution="Reuters BIP Coding Group" action="confirmed" date="1997-04-15"/>
  </code>
  <code code="GSPO">
    <editdetail attribution="Reuters BIP Coding Group" action="confirmed" date="1997-04-15"/>
  </code>
</codes>
<dc element="dc.date.created" value="1997-04-15"/>
<dc element="dc.publisher" value="Reuters Holdings Plc"/>
<dc element="dc.date.published" value="1997-04-15"/>
<dc element="dc.source" value="Reuters"/>
<dc element="dc.creator.location" value="RIO DE JANEIRO"/>
<dc element="dc.creator.location.country.name" value="BRAZIL"/>
<dc element="dc.source" value="Reuters"/>
</metadata>
</newsitem>
