<?xml version="1.0" encoding="iso-8859-1" ?>
<newsitem itemid="508550" id="root" date="1997-04-15" xml:lang="en">
<title>USA: BASEBALL-RED SOX ROUT ATHLETICS 14-1.</title>
<headline>BASEBALL-RED SOX ROUT ATHLETICS 14-1.</headline>
<dateline>BOSTON 1997-04-14</dateline>
<text>
<p>Tim Wakefield allowed one hit in seven scoreless innings and Mo Vaughn homered for the first time this season as the Boston Red Sox routed the Oakland Athletics 10-1 with a 14-hit attack Monday.</p>
<p>Wakefield (1-1) allowed a double to Damon Mashore to open the game, then retired 20 straight hitters before walking Mark McGwire with two out in the seventh.</p>
<p>Vaughn's homer, which gave him his first RBI of the year, was a solo shot with two outs in the bottom of the first.</p>
<p>&quot;The important thing is that when you're not feeling well is to try and get your hits,&quot; said Vaughn. &quot;I want to drive the ball though. It's good to get the first one.&quot;</p>
<p>Wakefield was coming off his shortest outing as a member of the Red Sox -- 2 2/3 innings in Oakland on April 8. He struck out two and walked one. He threw just 76 pitches before being relieved by Rick Trlicek.</p>
<p>&quot;When it's cold like this it's kind of hard to feel the ball sometimes. I was able to overcome that early,&quot; Wakefield said. &quot;It felt OK.&quot;</p>
<p>Willie Adams (0-1) took the loss, allowing seven runs and nine hits in five innings.</p>
<p>Bill Haselman went 2-for-4, including his first home run of the season. The bottom of Boston's lineup -- Haselman, Wil Cordero and Darren Bragg -- combined to go 7-of-12 with five RBI and five runs scored.</p>
<p>Jose Canseco was 0-for-4 in his return to Fenway Park. Canseco, who played two seasons for the Red Sox, was traded back to the A's for pitcher John Wasdin in an off-season deal.</p>
<p>&quot;Wakefield did a great job. His knuckleball was dancing everywhere,&quot; Canseco said. &quot;When he's on like that, he's going to be tough to hit.&quot;</p>
<p>In Baltimore, former Twin Scott Erickson allowed five hits over eight innings to win his first two decisions for the first time in his career, as the Orioles won their fourth straight, 4-2 over Minnesota.</p>
<p>Erickson, who had a lifetime record of 5-15 in April, had his sinker working as he recorded 16 groundouts. He also picked up his first win in three starts against his former team.</p>
<p>B.J. Surhoff's bases-loaded single capped a three-run third inning that gave the Orioles a 3-2 lead. Brady Anderson and Cal Ripken each had two hits for Baltimore, which has the American League's best record at 8-2. The Orioles also are off to the third-best 10-game start in team history.</p>
<p>Bob Tewksbury (0-2) took the loss.</p>
<p>In Cleveland, Dennis Martinez allowed two hits over six innings against his former team and three relievers held the Indians hitless over the final three frames as the Seattle Mariners won 6-1.</p>
<p>Martinez (1-0) allowed one earned run while walking four and striking out one to pick up the victory after the Indians had pounded him for seven runs and 11 hits in four innings in his first start of the season.</p>
<p>Russ Davis went 3-for-4 with a solo homer for the Mariners, who won for the fifth time in six games. Jay Buhner had two hits, scored twice and drove in a pair of runs.</p>
<p>Charles Nagy (1-1) allowed five earned runs and nine hits in seven innings.</p>
<p>In New York, Jason Dickson allowed five hits over seven innings and struck out a career-high seven as the California Angels handed the Yankees their first consecutive home losses since last July, 5-1.</p>
<p>Dickson (2-0) allowed one run, walked three and lowered his ERA to 3.10. He benefited from a four-run seventh inning, capped by a two-run homer by former Yankee Jim Leyritz. Mike Holtz finished up with two hitless innings.</p>
<p>Yankees starter Kenny Rogers (0-1) allowed no hits until Jim Edmonds had an infield single with one out in the fifth. But Rogers allowed a game-tying solo homer to Darin Erstad in the sixth and got into trouble in the seventh.</p>
<p>Leyritz, returning to Yankee Stadium after an off-season trade, received a standing ovation before his first at-bat.</p>
<p>In Texas, Rusty Greer blasted a tie-breaking two-run homer run in the eighth to lift the Rangers past the Chicago White Sox, 3-1.</p>
<p>Danny Patterson (1-1) pitched a scoreless eighth inning to earn his first major-league win. John Wetteland pitched the ninth for the save. Wilson Alvarez (0-3) took the loss.</p>
<p>In Milwaukee, Cal Eldred hurled eight shutout innings and Jeromy Burnitz's run-scoring single snapped a scoreless tie and triggered a three-run sixth as the Brewers blanked the Detroit Tigers 7-0.</p>
<p>Eldred (2-0), who scattered four hits with three walks and two strikeouts, increased his streak of scoreless innings against Detroit to 14. Doug Jones struck out two in the ninth.</p>
<p>In Toronto, Johnny Damon scored from first on Bip Roberts' hit-and-run single to centre off Paul Quantrill (0-1) with two out in the eighth inning, lifting the Kansas City Royals to a 3-2 victory over the Blue Jays.</p>
<p>Glendon Rusch (2-0) allowed two runs and seven hits over seven innings as he won for the second time in as many major-league starts. The 22-year-old left-hander lowered his ERA to 1.20.</p>
</text>
<copyright>(c) Reuters Limited 1997</copyright>
<metadata>
<codes class="bip:countries:1.0">
  <code code="USA">
    <editdetail attribution="Reuters BIP Coding Group" action="confirmed" date="1997-04-15"/>
  </code>
</codes>
<codes class="bip:topics:1.0">
  <code code="GCAT">
    <editdetail attribution="Reuters BIP Coding Group" action="confirmed" date="1997-04-15"/>
  </code>
  <code code="GSPO">
    <editdetail attribution="Reuters BIP Coding Group" action="confirmed" date="1997-04-15"/>
  </code>
</codes>
<dc element="dc.date.created" value="1997-04-14"/>
<dc element="dc.publisher" value="Reuters Holdings Plc"/>
<dc element="dc.date.published" value="1997-04-15"/>
<dc element="dc.source" value="Reuters"/>
<dc element="dc.creator.location" value="BOSTON"/>
<dc element="dc.creator.location.country.name" value="USA"/>
<dc element="dc.source" value="Reuters"/>
</metadata>
</newsitem>
