<?xml version="1.0" encoding="iso-8859-1" ?>
<newsitem itemid="508585" id="root" date="1997-04-15" xml:lang="en">
<title>BULGARIA: BULGARIAN BANKING STATISTICS - UPDATED APRIL 15.</title>
<headline>BULGARIAN BANKING STATISTICS - UPDATED APRIL 15.</headline>
<text>
<p>Central exchange rate-Bulgarian National Bank (BNB) daily fix:</p>
<p>Levs/dollar 1,501.10 (Apr15) 495.74 (Dec30) 70.719 (Dec30'95)</p>
<p>Broad money, bln levs:</p>
<p>3,200.6(Mar 28) 3,148.3(Mar21) 3,444.5(Feb28) 2,017.2(Jan31)</p>
<p>M1 nominal, bln levs:  478.3 March 28</p>
<p>M1 pct change  +5.70 (Mar 28-Mar 21)</p>
<p>M2 nominal, bln levs: 2,986.8 March 28</p>
<p>M2 pct change  +2.66 (Mar 28-Mar 21)</p>
<p>Central bank total refinancing, bln levs:</p>
<p>55.834 (Mar28) 55.835 (Mar21) 55.874 (Feb28) 62.336 (Dec27)</p>
<p>Central interest rate (CIR): 14.15 pct monthly from April 14</p>
<p>(17.14 pct monthly April 7-April 13)</p>
<p>-- Sofia Newsroom, 359-2-84561</p>
</text>
<copyright>(c) Reuters Limited 1997</copyright>
<metadata>
<codes class="bip:countries:1.0">
  <code code="BUL">
    <editdetail attribution="Reuters BIP Coding Group" action="confirmed" date="1997-04-15"/>
  </code>
</codes>
<codes class="bip:topics:1.0">
  <code code="E12">
    <editdetail attribution="Reuters BIP Coding Group" action="confirmed" date="1997-04-15"/>
  </code>
  <code code="E121">
    <editdetail attribution="Reuters BIP Coding Group" action="confirmed" date="1997-04-15"/>
  </code>
  <code code="ECAT">
    <editdetail attribution="Reuters BIP Coding Group" action="confirmed" date="1997-04-15"/>
  </code>
  <code code="M13">
    <editdetail attribution="Reuters BIP Coding Group" action="confirmed" date="1997-04-15"/>
  </code>
  <code code="M131">
    <editdetail attribution="Reuters BIP Coding Group" action="confirmed" date="1997-04-15"/>
  </code>
  <code code="MCAT">
    <editdetail attribution="Reuters BIP Coding Group" action="confirmed" date="1997-04-15"/>
  </code>
</codes>
<dc element="dc.publisher" value="Reuters Holdings Plc"/>
<dc element="dc.date.published" value="1997-04-15"/>
<dc element="dc.source" value="Reuters"/>
<dc element="dc.creator.location.country.name" value="BULGARIA"/>
<dc element="dc.source" value="Reuters"/>
</metadata>
</newsitem>
