<?xml version="1.0" encoding="iso-8859-1" ?>
<newsitem itemid="508526" id="root" date="1997-04-15" xml:lang="en">
<title>UK: RUGBY UNION-ENGLISH DIVISION ONE RESULTS.</title>
<headline>RUGBY UNION-ENGLISH DIVISION ONE RESULTS.</headline>
<dateline>LONDON 1997-04-15</dateline>
<text>
<p>Results of English division one</p>
<p>rugby union matches on Tuesday:</p>
<p> Harlequins   29     Bristol     6</p>
<p> Sale	   33     Saracens   23</p>
<p>    Standings	   P  W   D  L  F    A    PTS</p>
<p> Wasps		    19 15  1  3  581  359  31</p>
<p> Leicester		18 13  0  5  528  319  26</p>
<p> Bath		     18 12  1  5  639  333  25</p>
<p> Sale		     18 12  1  5  525  360  25</p>
<p> Harlequins	     18 12  0  6  647  335  24</p>
<p> Gloucester	     18 10  0  8  397  446  20</p>
<p> Saracens		 18  9  1  8  425  376  19</p>
<p> Northampton	    18  9  0  9  402  371  18</p>
<p> Bristol		  19  7  0 12  366  550  14</p>
<p> London Irish	   16  3  0 13  354  551   6</p>
<p> West Hartlepool	19  3  0 16  330  685   6</p>
<p> Orrell		   19  2  0 17  266  775   4</p>
</text>
<copyright>(c) Reuters Limited 1997</copyright>
<metadata>
<codes class="bip:countries:1.0">
  <code code="UK">
    <editdetail attribution="Reuters BIP Coding Group" action="confirmed" date="1997-04-15"/>
  </code>
</codes>
<codes class="bip:topics:1.0">
  <code code="GCAT">
    <editdetail attribution="Reuters BIP Coding Group" action="confirmed" date="1997-04-15"/>
  </code>
  <code code="GSPO">
    <editdetail attribution="Reuters BIP Coding Group" action="confirmed" date="1997-04-15"/>
  </code>
</codes>
<dc element="dc.date.created" value="1997-04-15"/>
<dc element="dc.publisher" value="Reuters Holdings Plc"/>
<dc element="dc.date.published" value="1997-04-15"/>
<dc element="dc.source" value="Reuters"/>
<dc element="dc.creator.location" value="LONDON"/>
<dc element="dc.creator.location.country.name" value="UK"/>
<dc element="dc.source" value="Reuters"/>
</metadata>
</newsitem>
