<?xml version="1.0" encoding="iso-8859-1" ?>
<newsitem itemid="508513" id="root" date="1997-04-15" xml:lang="en">
<title>ITALY: SOCCER-AMOROSO STAYS AT UDINESE.</title>
<headline>SOCCER-AMOROSO STAYS AT UDINESE.</headline>
<dateline>UDINE, Italy 1997-04-15</dateline>
<text>
<p>Brazilian striker Marcio Amoroso, who scored two goals in Udinese's stunning 3-0 defeat of league leaders Juventus on Sunday, has signed an improved contract keeping him at the club until 2002.</p>
<p>The shaven-headed player, dubbed the &quot;Ronaldo of Udine&quot; after Barcelona's Brazilian ace, had been linked to other Italian and English clubs but said that he wanted to stay if Udinese raised his salary.</p>
<p>Club officials said on Tuesday that a new, improved contract had been signed.</p>
<p>Amoroso  joined provincial Udinese from Brazilian club Flamengo at the start of the season.</p>
<p>One of his country's most promising players, he was joint-top scorer in the 1994 Brazilian championship at Guarani but suffered a long layoff after a knee injury in 1995 that prevented him from playing for the national team.</p>
</text>
<copyright>(c) Reuters Limited 1997</copyright>
<metadata>
<codes class="bip:countries:1.0">
  <code code="BRAZ">
    <editdetail attribution="Reuters BIP Coding Group" action="confirmed" date="1997-04-15"/>
  </code>
  <code code="ITALY">
    <editdetail attribution="Reuters BIP Coding Group" action="confirmed" date="1997-04-15"/>
  </code>
  <code code="SPAIN">
    <editdetail attribution="Reuters BIP Coding Group" action="confirmed" date="1997-04-15"/>
  </code>
</codes>
<codes class="bip:topics:1.0">
  <code code="GCAT">
    <editdetail attribution="Reuters BIP Coding Group" action="confirmed" date="1997-04-15"/>
  </code>
  <code code="GSPO">
    <editdetail attribution="Reuters BIP Coding Group" action="confirmed" date="1997-04-15"/>
  </code>
</codes>
<dc element="dc.date.created" value="1997-04-15"/>
<dc element="dc.publisher" value="Reuters Holdings Plc"/>
<dc element="dc.date.published" value="1997-04-15"/>
<dc element="dc.source" value="Reuters"/>
<dc element="dc.creator.location" value="UDINE, Italy"/>
<dc element="dc.creator.location.country.name" value="ITALY"/>
<dc element="dc.source" value="Reuters"/>
</metadata>
</newsitem>
