<?xml version="1.0" encoding="iso-8859-1" ?>
<newsitem itemid="508529" id="root" date="1997-04-15" xml:lang="en">
<title>UK: SOCCER-CUP FINAL REF CALLS FOR ELECTRONIC AIDS IN LEAGUE.</title>
<headline>SOCCER-CUP FINAL REF CALLS FOR ELECTRONIC AIDS IN LEAGUE.</headline>
<dateline>LONDON 1997-04-15</dateline>
<text>
<p>English League Cup final referee Martin Bodenham on Tuesday called for electronic goal-judging aids and time keepers to be used in premier league matches.</p>
<p>Bodenham, who will be in charge of the Cup final replay between Leicester and Middlesbrough on Wednesday, forecast the changes following a series of blunders by officials which have been highlighted by television cameras.</p>
<p>Referee David Elleray became the latest official to come under the microscope when a shot by Chesterfield's Jonathan Howard in Sunday's F.A. Cup semifinal with Middlesbrough crashed down from the crossbar over the goal line, then bounced away, but the goal was not given.</p>
<p>Bodenham said: &quot;Very soon there will be some sort of electronic system that tells you whether the ball has crossed the line or not.</p>
<p>&quot;It's physically impossible on some occasions for a linesman to be in the correct position.&quot;</p>
<p>Although Bodenham ruled out using cameras to decide on awarding penalties, he does consider there is room for an official timekeeper.</p>
<p>He said: &quot;At the end of 90 minutes a guy sticks a board up which tells you there are five minutes left for injury time, substitutions or whatever.</p>
<p>&quot;It will take the responsibility away from referees. It will also take away the possibility of confrontation between a manager and a referee because he will know exactly how long there is.&quot;</p>
</text>
<copyright>(c) Reuters Limited 1997</copyright>
<metadata>
<codes class="bip:countries:1.0">
  <code code="UK">
    <editdetail attribution="Reuters BIP Coding Group" action="confirmed" date="1997-04-15"/>
  </code>
</codes>
<codes class="bip:topics:1.0">
  <code code="GCAT">
    <editdetail attribution="Reuters BIP Coding Group" action="confirmed" date="1997-04-15"/>
  </code>
  <code code="GSPO">
    <editdetail attribution="Reuters BIP Coding Group" action="confirmed" date="1997-04-15"/>
  </code>
</codes>
<dc element="dc.date.created" value="1997-04-15"/>
<dc element="dc.publisher" value="Reuters Holdings Plc"/>
<dc element="dc.date.published" value="1997-04-15"/>
<dc element="dc.source" value="Reuters"/>
<dc element="dc.creator.location" value="LONDON"/>
<dc element="dc.creator.location.country.name" value="UK"/>
<dc element="dc.source" value="Reuters"/>
</metadata>
</newsitem>
