<?xml version="1.0" encoding="iso-8859-1" ?>
<newsitem itemid="508524" id="root" date="1997-04-15" xml:lang="en">
<title>UK: SOCCER-SCOTTISH PREMIER DIVISION RESULT/STANDINGS.</title>
<headline>SOCCER-SCOTTISH PREMIER DIVISION RESULT/STANDINGS.</headline>
<dateline>GLASGOW 1997-04-15</dateline>
<text>
<p>Result of a Scottish Premier</p>
<p>division match on Tuesday:</p>
<p> Raith	 0   Rangers    6</p>
<p>    Standings		  Pl  W  D  L F  A   Pts</p>
<p>  1.Rangers		    33 24  5  4 83 28   77</p>
<p>  2.Celtic		     32 20  5  7 69 31   65</p>
<p>  3.Dundee United	    32 16  8  8 44 28   56</p>
<p>  4.Hearts		     33 13  9 11 42 40   48</p>
<p>  5.Aberdeen		   33  9 13 11 42 50   40</p>
<p>  6.Dunfermline		33 11  7 15 46 61   40</p>
<p>  7.Hibernian		  33  9  9 15 35 50   36</p>
<p>  8.Kilmarnock		 32 11  3 18 38 56   36</p>
<p>  9.Motherwell		 33  8  9 16 39 52   33</p>
<p> 10.Raith			34  6  6 22 28 70   24</p>
</text>
<copyright>(c) Reuters Limited 1997</copyright>
<metadata>
<codes class="bip:countries:1.0">
  <code code="UK">
    <editdetail attribution="Reuters BIP Coding Group" action="confirmed" date="1997-04-15"/>
  </code>
</codes>
<codes class="bip:topics:1.0">
  <code code="GCAT">
    <editdetail attribution="Reuters BIP Coding Group" action="confirmed" date="1997-04-15"/>
  </code>
  <code code="GSPO">
    <editdetail attribution="Reuters BIP Coding Group" action="confirmed" date="1997-04-15"/>
  </code>
</codes>
<dc element="dc.date.created" value="1997-04-15"/>
<dc element="dc.publisher" value="Reuters Holdings Plc"/>
<dc element="dc.date.published" value="1997-04-15"/>
<dc element="dc.source" value="Reuters"/>
<dc element="dc.creator.location" value="GLASGOW"/>
<dc element="dc.creator.location.country.name" value="UK"/>
<dc element="dc.source" value="Reuters"/>
</metadata>
</newsitem>
