<?xml version="1.0" encoding="iso-8859-1" ?>
<newsitem itemid="508576" id="root" date="1997-04-15" xml:lang="en">
<title>SOUTH AFRICA: AMPLATS SEES 1997 SURPLUS DOWN, GOOD DEMAND.</title>
<headline>AMPLATS SEES 1997 SURPLUS DOWN, GOOD DEMAND.</headline>
<dateline>JOHANNESBURG 1997-04-15</dateline>
<text>
<p>Anglo American Platinum Corp (Amplats) of South Africa Ltd said on Tuesday it expected a reduced world platinum surplus of 65,000 ounces in 1997 from 80,000 in 1996 and predicted growing demand for the precious metal into the next century.  </p>
<p>Managing director Barry Davison told a presentation that demand should grow by around two percent a year until at least 2010.</p>
<p>&quot;The platinum business will fundamentally remain good business over that period. We hopefully expect growth in volume demand of two percent per annum,&quot; he said.</p>
<p>&quot;It certainly provides us with opportunities on the marketing side.&quot;</p>
<p>An expected drop in Russian supplies as stockpiles were depleted would help reduce the surplus of supply over demand this year, he predicted. </p>
<p>Amplats expects 1997 supply to total 4.963 million oz against demand of 4.898 million oz, compared to supply of 4.850 million oz in 1996 and demand of 4.770 million.  </p>
<p>The company earlier announced a major expansion of its operations with a new platinum mine at Boschkoppie in the Rustenburg area of South Africa and expansion of concentrator capacity at Potgietersrust Platinums Ltd .</p>
<p>-- Johannesburg newsroom +27 11 482 1003</p>
</text>
<copyright>(c) Reuters Limited 1997</copyright>
<metadata>
<codes class="bip:countries:1.0">
  <code code="SAFR">
    <editdetail attribution="Reuters BIP Coding Group" action="confirmed" date="1997-04-15"/>
  </code>
  <code code="WORLD">
    <editdetail attribution="Reuters BIP Coding Group" action="confirmed" date="1997-04-15"/>
  </code>
</codes>
<codes class="bip:industries:1.0">
  <code code="I22472">
    <editdetail attribution="Reuters BIP Coding Group" action="confirmed" date="1997-04-15"/>
  </code>
</codes>
<codes class="bip:topics:1.0">
  <code code="C21">
    <editdetail attribution="Reuters BIP Coding Group" action="confirmed" date="1997-04-15"/>
  </code>
  <code code="C31">
    <editdetail attribution="Reuters BIP Coding Group" action="confirmed" date="1997-04-15"/>
  </code>
  <code code="CCAT">
    <editdetail attribution="Reuters BIP Coding Group" action="confirmed" date="1997-04-15"/>
  </code>
  <code code="M14">
    <editdetail attribution="Reuters BIP Coding Group" action="confirmed" date="1997-04-15"/>
  </code>
  <code code="M142">
    <editdetail attribution="Reuters BIP Coding Group" action="confirmed" date="1997-04-15"/>
  </code>
  <code code="MCAT">
    <editdetail attribution="Reuters BIP Coding Group" action="confirmed" date="1997-04-15"/>
  </code>
</codes>
<dc element="dc.date.created" value="1997-04-15"/>
<dc element="dc.publisher" value="Reuters Holdings Plc"/>
<dc element="dc.date.published" value="1997-04-15"/>
<dc element="dc.source" value="Reuters"/>
<dc element="dc.creator.location" value="JOHANNESBURG"/>
<dc element="dc.creator.location.country.name" value="SOUTH AFRICA"/>
<dc element="dc.source" value="Reuters"/>
</metadata>
</newsitem>
