<?xml version="1.0" encoding="iso-8859-1" ?>
<newsitem itemid="508584" id="root" date="1997-04-15" xml:lang="en">
<title>CZECH REPUBLIC: CZECH PX50 CLOSES DOWN.</title>
<headline>CZECH PX50 CLOSES DOWN.</headline>
<dateline>PRAGUE 1997-04-15</dateline>
<text>
<p>1400 GMT - The Czech PX50 closes down on Tuesday.</p>
<p>* PX50 falls 4.5 points, 0.82 percent, to 544.</p>
<p>* All major issues fall.</p>
<p>* Overall, 186 shares rise, 184 fall, 130 unchanged.</p>
<p>Turnover, 970 million crowns. Volume 771,362 shares.</p>
<p>Czech shares lost ground on Tuesday with the equity markets mirroring the foreign exchange markets in focusing attention on Wednesday's planned economic stimulus package from the government.</p>
<p>Activity was low and analysts said the situation was unlikely to change until markets have had time to digest whatever plans the government unveils.</p>
<p>&quot;(Before the announcement) I don't think you're going to see much activity. You might see some low volume trading here locally,&quot; said Jeff Ocenasek of Atlantik Financni Trhy based in Brno.  </p>
<p>Although the government has been tight-lipped about its plans, large public spending cuts are widely expected and dealers are watching closely for any movement on interest rates.</p>
<p>Last week the government said it would coordinate policy with the central bank in the immediate future.</p>
<p>Among the blue chips, SPT Telecom , the most heavily capitalised Czech share, fell 55 crowns to 3,380 and Komercni Banka dropped 42 crowns to 2,205.</p>
<p>-- Robin Shepherd, Prague Newsroom, 420-2-2423-0003</p>
</text>
<copyright>(c) Reuters Limited 1997</copyright>
<metadata>
<codes class="bip:countries:1.0">
  <code code="CZREP">
    <editdetail attribution="Reuters BIP Coding Group" action="confirmed" date="1997-04-15"/>
  </code>
</codes>
<codes class="bip:topics:1.0">
  <code code="M11">
    <editdetail attribution="Reuters BIP Coding Group" action="confirmed" date="1997-04-15"/>
  </code>
  <code code="MCAT">
    <editdetail attribution="Reuters BIP Coding Group" action="confirmed" date="1997-04-15"/>
  </code>
</codes>
<dc element="dc.date.created" value="1997-04-15"/>
<dc element="dc.publisher" value="Reuters Holdings Plc"/>
<dc element="dc.date.published" value="1997-04-15"/>
<dc element="dc.source" value="Reuters"/>
<dc element="dc.creator.location" value="PRAGUE"/>
<dc element="dc.creator.location.country.name" value="CZECH REPUBLIC"/>
<dc element="dc.source" value="Reuters"/>
</metadata>
</newsitem>
