<?xml version="1.0" encoding="iso-8859-1" ?>
<newsitem itemid="508552" id="root" date="1997-04-15" xml:lang="en">
<title>USA: BASEBALL-MONDAY'S MAJOR LEAGUE RESULTS.</title>
<headline>BASEBALL-MONDAY'S MAJOR LEAGUE RESULTS.</headline>
<dateline>NEW YORK 1997-04-14</dateline>
<text>
<p>Results of Major League</p>
<p>Baseball games played on Monday (home team in CAPS):</p>
<p>		American League</p>
<p> BOSTON		10  Oakland	     1</p>
<p> Seattle		6  CLEVELAND	   1</p>
<p> MILWAUKEE	    7  Detroit	     0</p>
<p> BALTIMORE	    4  Minnesota	   2</p>
<p> Anaheim		5  NY YANKEES	  1</p>
<p> Kansas City	  3  TORONTO	     2</p>
<p> TEXAS		  3  Chicago White Sox 1</p>
<p>		National League</p>
<p> Houston		4  ST LOUIS	    2 (in 10)</p>
<p> COLORADO	    10  Montreal	    8</p>
<p> ATLANTA	     15  Cincinnati	  5</p>
<p> San Francisco	3  NY METS	     2</p>
</text>
<copyright>(c) Reuters Limited 1997</copyright>
<metadata>
<codes class="bip:countries:1.0">
  <code code="CANA">
    <editdetail attribution="Reuters BIP Coding Group" action="confirmed" date="1997-04-15"/>
  </code>
  <code code="USA">
    <editdetail attribution="Reuters BIP Coding Group" action="confirmed" date="1997-04-15"/>
  </code>
</codes>
<codes class="bip:topics:1.0">
  <code code="GCAT">
    <editdetail attribution="Reuters BIP Coding Group" action="confirmed" date="1997-04-15"/>
  </code>
  <code code="GSPO">
    <editdetail attribution="Reuters BIP Coding Group" action="confirmed" date="1997-04-15"/>
  </code>
</codes>
<dc element="dc.date.created" value="1997-04-14"/>
<dc element="dc.publisher" value="Reuters Holdings Plc"/>
<dc element="dc.date.published" value="1997-04-15"/>
<dc element="dc.source" value="Reuters"/>
<dc element="dc.creator.location" value="NEW YORK"/>
<dc element="dc.creator.location.country.name" value="USA"/>
<dc element="dc.source" value="Reuters"/>
</metadata>
</newsitem>
