<?xml version="1.0" encoding="iso-8859-1" ?>
<newsitem itemid="508521" id="root" date="1997-04-15" xml:lang="en">
<title>UK: RUGBY LEAGUE-SUPER LEAGUE RESULTS.</title>
<headline>RUGBY LEAGUE-SUPER LEAGUE RESULTS.</headline>
<dateline>LONDON 1997-04-15</dateline>
<text>
<p>Results of Super League rugby</p>
<p>league matches on Tuesday:</p>
<p> Leeds	   24   Castleford    21</p>
<p> St Helens     19   Salford	 12</p>
</text>
<copyright>(c) Reuters Limited 1997</copyright>
<metadata>
<codes class="bip:countries:1.0">
  <code code="UK">
    <editdetail attribution="Reuters BIP Coding Group" action="confirmed" date="1997-04-15"/>
  </code>
</codes>
<codes class="bip:topics:1.0">
  <code code="GCAT">
    <editdetail attribution="Reuters BIP Coding Group" action="confirmed" date="1997-04-15"/>
  </code>
  <code code="GSPO">
    <editdetail attribution="Reuters BIP Coding Group" action="confirmed" date="1997-04-15"/>
  </code>
</codes>
<dc element="dc.date.created" value="1997-04-15"/>
<dc element="dc.publisher" value="Reuters Holdings Plc"/>
<dc element="dc.date.published" value="1997-04-15"/>
<dc element="dc.source" value="Reuters"/>
<dc element="dc.creator.location" value="LONDON"/>
<dc element="dc.creator.location.country.name" value="UK"/>
<dc element="dc.source" value="Reuters"/>
</metadata>
</newsitem>
