<?xml version="1.0" encoding="iso-8859-1" ?>
<newsitem itemid="508547" id="root" date="1997-04-15" xml:lang="en">
<title>USA: NBA-TIMBERWOLVES KNOCK OFF HEAT.</title>
<headline>NBA-TIMBERWOLVES KNOCK OFF HEAT.</headline>
<dateline>MIAMI 1997-04-14</dateline>
<text>
<p>The Minnesota Timberwolves shocked the Miami Heat 95-87 Monday for their first road win against an over-.500 team this season.</p>
<p>Stephon Marbury had 17 points and Terry Porter 16 for the Timberwolves, who scored the first 16 points, blew the lead, but recovered to keep alive hopes of their first .500 season.</p>
<p>Minnesota (39-40), which is headed to the playoffs for the first time, has defeated just three winning teams since the All-Star break.</p>
<p>&quot;I think we were focused, we were fresh and you do get up for a team like this,&quot; Minnesota coach Flip Saunders said. &quot;Miami is a team that's going to have a chance to compete for the championship and I think we caught them a little bit by surprise.&quot;</p>
<p>Alonzo Mourning scored 20 points and Tim Hardaway 15 for the Heat, who have dropped two in a row after winning 14 of 15. Miami needs one win to join Chicago and Utah as the only clubs with 60 wins.</p>
<p>&quot;Whatever positive happened in the last three to four days can be negated by something like this,&quot; Heat coach Pat Riley said. &quot;This was a poor, lackadaisical effort.</p>
<p>&quot;Complacency is a disease that sits on your shoulder and waits for you to let your guard down. We've got to stop reading newspapers and accepting all these pats on the back.&quot;</p>
<p>In Charlotte, Glen Rice scored 25 points as the Hornets tied their franchise record with their eighth straight win and dealt the Cleveland Cavaliers' playoff chances a damaging blow with a 94-82 victory.</p>
<p>Ricky Pierce added 17 points for the Hornets, who moved into sole possession of fifth place in the Eastern Conference after Detroit lost to Orlando.</p>
<p>Terrell Brandon and Bob Sura scored 20 points apiece for Cleveland, in ninth place in the East and one game behind the Bullets for the final playoff berth. Both teams have three games left but Washington has the tiebreaker edge.</p>
<p>In Indiana, Reggie Miller scored seven of his 24 points in overtime and his jumper with 24 seconds to go provided the final margin as the Pacers beat the New York Knicks 110-107.</p>
<p>Dale Davis added a career-high 23 points for Indiana, which remained alive in the playoff hunt. The Pacers (39-40) need to win their final three games and receive help from both the Bullets and Cavaliers to avoid missing the playoffs for the first time since the 1989 season.</p>
<p>John Starks scored 31 points and Patrick Ewing 26 before fouling out and being ejected in overtime for New York (54-25), which fell one-half game behind Atlanta for third place in the East. The Knicks host the Hawks Wednesday.</p>
<p>Six technical fouls were called in overtime.</p>
<p>In Philadelphia, Chris Webber and Juwan Howard scored 27 points apiece as the Washington Bullets grabbed sole possession of the eighth playoff spot in the East with a 131-110 rout of the 76ers.</p>
<p>Washington (41-38) has not made the playoffs since the 1987-88 season.</p>
<p>In Orlando, Penny Hardaway scored 21 points as the Magic locked up seventh place in the East with their fourth straight victory, 100-91 over the Detroit Pistons.</p>
<p>The Magic will face the Heat in the first round of the playoffs.</p>
<p>Grant Hill notched his 13th triple-double of the season for the Pistons, who blew a 16-point lead and fell one game behind Charlotte into sixth place in the East.</p>
<p>&quot;We're a tired team,&quot; said Hill. &quot;I think that and the combination of Orlando coming out and playing well.</p>
<p>&quot;We played beautiful basketball in the first half. They came out and played hard in the second. They were more aggressive in the second half, and we were more tired with four games in five nights.&quot;</p>
<p>In Chicago, Michael Jordan recorded his first triple-double since 1992 as the Bulls moved within one victory of their second consecutive 70-win season with a 117-100 win over the Toronto Raptors.</p>
<p>Jordan had 30 points, 11 rebounds and 10 assists for the 27th triple-double of his career and first since December 29, 1992 against Charlotte.</p>
<p>In Dallas, the Los Angeles Clippers clinched their first playoff berth in four years with a 99-93 victory over the Mavericks as Darrick Martin scored 21 points.</p>
<p>Malik Sealy added 15 points for Los Angeles, which nailed down its first playoff berth since the 1992-93 season, when current Indiana coach Larry Brown guided the team.</p>
<p>The Clippers (36-43) are in eighth place in the Western Conference, three games behind both Phoenix and Minnesota for the seventh spot with three games to play.</p>
<p>In Denver, the Golden State Warriors handed the Nuggets their eighth straight loss, 103-93.</p>
<p>Chris Mullin scored 20 points for the Warriors.</p>
<p>In Sacramento, Mitch Richmond scored 33 points and Brian Grant added a season-high 20 and 12 rebounds as the lottery-bound Kings defeated the San Antonio Spurs 120-106.</p>
</text>
<copyright>(c) Reuters Limited 1997</copyright>
<metadata>
<codes class="bip:countries:1.0">
  <code code="USA">
    <editdetail attribution="Reuters BIP Coding Group" action="confirmed" date="1997-04-15"/>
  </code>
</codes>
<codes class="bip:topics:1.0">
  <code code="GCAT">
    <editdetail attribution="Reuters BIP Coding Group" action="confirmed" date="1997-04-15"/>
  </code>
  <code code="GSPO">
    <editdetail attribution="Reuters BIP Coding Group" action="confirmed" date="1997-04-15"/>
  </code>
</codes>
<dc element="dc.date.created" value="1997-04-14"/>
<dc element="dc.publisher" value="Reuters Holdings Plc"/>
<dc element="dc.date.published" value="1997-04-15"/>
<dc element="dc.source" value="Reuters"/>
<dc element="dc.creator.location" value="MIAMI"/>
<dc element="dc.creator.location.country.name" value="USA"/>
<dc element="dc.source" value="Reuters"/>
</metadata>
</newsitem>
