<?xml version="1.0" encoding="iso-8859-1" ?>
<newsitem itemid="508558" id="root" date="1997-04-15" xml:lang="en">
<title>FRANCE: SOCCER-FRENCH LEAGUE RESULT/STANDINGS.</title>
<headline>SOCCER-FRENCH LEAGUE RESULT/STANDINGS.</headline>
<dateline>PARIS 1997-04-15</dateline>
<text>
<p>Result of French first division</p>
<p>match on Tuesday:</p>
<p> Bastia	 1  Paris St Germain    1</p>
<p>Playing on Wednesday:</p>
<p>Rennes v Lyon</p>
<p>Nice v Lens</p>
<p>Auxerre v Le Havre</p>
<p>Metz v Guingamp</p>
<p>Bordeaux v Monaco</p>
<p>Marseille v Montpellier</p>
<p>Strasbourg v Nantes</p>
<p>Caen v Nancy</p>
<p>Playing on Thursday:</p>
<p>Lille v Cannes</p>
<p>    Standings:		 P   W  D  L   F  A  Pts</p>
<p>  1.Monaco		    32  20  8  4  56  23  68</p>
<p>  2.Paris St Germain	33  15 12  6  47  27  57</p>
<p>  3.Bastia		    33  15 10  8  46  38  55</p>
<p>  4.Nantes		    32  13 14  5  52  28  53</p>
<p>  5.Strasbourg		32  17  2 13  44  41  53</p>
<p>  6.Bordeaux		  32  13 12  7  48  34  51</p>
<p>  7.Auxerre		   32  13 10  9  38  27  49</p>
<p>  8.Lyon			32  13 10  9  43  44  49</p>
<p>  9.Metz			32  12 11  9  32  26  47</p>
<p> 10.Guingamp		  32  11 11 10  31  30  44</p>
<p> 11.Montpellier	     32  10 13  9  32  30  43</p>
<p> 12.Marseille		 32  10 11 11  36  34  41</p>
<p> 13.Cannes		    32   8 12 12  19  30  36</p>
<p> 14.Le Havre		  32   8 11 13  27  35  35</p>
<p> 15.Rennes		    32   9  8 15  33  45  35</p>
<p> 16.Lens			32   9  8 15  34  48  35</p>
<p> 17.Lille		     32   8  9 15  29  51  33</p>
<p> 18.Caen			32   6 12 14  28  41  30</p>
<p> 19.Nancy		     32   7  8 17  27  43  29</p>
<p> 20.Nice			32   4  8 20  25  56  20</p>
<p>Note: Top two qualify for European Champions' League, next</p>
<p>best three not counting League Cup winners Strasbourg go into</p>
<p>UEFA Cup, bottom four relegated)</p>
</text>
<copyright>(c) Reuters Limited 1997</copyright>
<metadata>
<codes class="bip:countries:1.0">
  <code code="FRA">
    <editdetail attribution="Reuters BIP Coding Group" action="confirmed" date="1997-04-15"/>
  </code>
  <code code="MONAC">
    <editdetail attribution="Reuters BIP Coding Group" action="confirmed" date="1997-04-15"/>
  </code>
</codes>
<codes class="bip:topics:1.0">
  <code code="GCAT">
    <editdetail attribution="Reuters BIP Coding Group" action="confirmed" date="1997-04-15"/>
  </code>
  <code code="GSPO">
    <editdetail attribution="Reuters BIP Coding Group" action="confirmed" date="1997-04-15"/>
  </code>
</codes>
<dc element="dc.date.created" value="1997-04-15"/>
<dc element="dc.publisher" value="Reuters Holdings Plc"/>
<dc element="dc.date.published" value="1997-04-15"/>
<dc element="dc.source" value="Reuters"/>
<dc element="dc.creator.location" value="PARIS"/>
<dc element="dc.creator.location.country.name" value="FRANCE"/>
<dc element="dc.source" value="Reuters"/>
</metadata>
</newsitem>
