<?xml version="1.0" encoding="iso-8859-1" ?>
<newsitem itemid="508569" id="root" date="1997-04-15" xml:lang="en">
<title>NETHERLANDS: SOCCER-MANDELA INVITES GULLIT TO PLAY IN S.AFRICA.</title>
<headline>SOCCER-MANDELA INVITES GULLIT TO PLAY IN S.AFRICA.</headline>
<dateline>ROTTERDAM 1997-04-15</dateline>
<text>
<p>Chelsea's player-coach Ruud Gullit has been asked by Nelson Mandela to return to the Dutch national team for a special friendly match against South Africa in June, the Dutch Soccer Union KNVB said.</p>
<p>&quot;Gullit has received an invitation, but so far we don't know if he will accept it,&quot; a spokeswoman for the KNVB said.</p>
<p>The friendly international in Johannesburg on June 1 is billed as the Nelson Mandela Inauguration Challenge, an annual event since 1994.</p>
<p>Gullit has in the past professed huge admiration for the South African leader. In 1987, when the former Feyenoord and AC Milan player was named European Footballer of the Year, he dedicated his prize to Mandela, at the time still in prison.</p>
<p>Gullit has said an invitation from Mandela would be a great honour and one he would be pleased to accept, assuming he recovers from the ankle injury which has ruled him out of the rest of Chelsea's matches this season.</p>
<p>He has not played for the Dutch national team since he walked away out of preparations ahead of the 1994 World Cup in the United States after a disagreement over tactics.</p>
</text>
<copyright>(c) Reuters Limited 1997</copyright>
<metadata>
<codes class="bip:countries:1.0">
  <code code="NETH">
    <editdetail attribution="Reuters BIP Coding Group" action="confirmed" date="1997-04-15"/>
  </code>
  <code code="SAFR">
    <editdetail attribution="Reuters BIP Coding Group" action="confirmed" date="1997-04-15"/>
  </code>
</codes>
<codes class="bip:topics:1.0">
  <code code="GCAT">
    <editdetail attribution="Reuters BIP Coding Group" action="confirmed" date="1997-04-15"/>
  </code>
  <code code="GSPO">
    <editdetail attribution="Reuters BIP Coding Group" action="confirmed" date="1997-04-15"/>
  </code>
</codes>
<dc element="dc.date.created" value="1997-04-15"/>
<dc element="dc.publisher" value="Reuters Holdings Plc"/>
<dc element="dc.date.published" value="1997-04-15"/>
<dc element="dc.source" value="Reuters"/>
<dc element="dc.creator.location" value="ROTTERDAM"/>
<dc element="dc.creator.location.country.name" value="NETHERLANDS"/>
<dc element="dc.source" value="Reuters"/>
</metadata>
</newsitem>
