<?xml version="1.0" encoding="iso-8859-1" ?>
<newsitem itemid="508527" id="root" date="1997-04-15" xml:lang="en">
<title>UK: ATHLETICS-SERBIAN STUDENTS TO JOIN BELGRADE MARATHON.</title>
<headline>ATHLETICS-SERBIAN STUDENTS TO JOIN BELGRADE MARATHON.</headline>
<dateline>LONDON 1997-04-15</dateline>
<text>
<p>Hundreds of Serbian students, who spent four months demonstrating in Belgrade will take to the same streets on Saturday to run in the city's marathon.</p>
<p>The students, who marched to overthrow the city council, said they wanted to show support for the first international event to be staged under the new administration.</p>
<p>But they are up against tough opposition. Defending champion Ahmed Salah of Djibouti, twice winner of the World Cup Marathon, will head one of the strongest fields in 10 years of the event.</p>
<p>Salah will be challenged by Ethiopian Tena Negere as well as Vladimir Kotov of Belarus and a group of young Kenyan runners.</p>
</text>
<copyright>(c) Reuters Limited 1997</copyright>
<metadata>
<codes class="bip:countries:1.0">
  <code code="UK">
    <editdetail attribution="Reuters BIP Coding Group" action="confirmed" date="1997-04-15"/>
  </code>
  <code code="YUG">
    <editdetail attribution="Reuters BIP Coding Group" action="confirmed" date="1997-04-15"/>
  </code>
</codes>
<codes class="bip:topics:1.0">
  <code code="GCAT">
    <editdetail attribution="Reuters BIP Coding Group" action="confirmed" date="1997-04-15"/>
  </code>
  <code code="GSPO">
    <editdetail attribution="Reuters BIP Coding Group" action="confirmed" date="1997-04-15"/>
  </code>
</codes>
<dc element="dc.date.created" value="1997-04-15"/>
<dc element="dc.publisher" value="Reuters Holdings Plc"/>
<dc element="dc.date.published" value="1997-04-15"/>
<dc element="dc.source" value="Reuters"/>
<dc element="dc.creator.location" value="LONDON"/>
<dc element="dc.creator.location.country.name" value="UK"/>
<dc element="dc.source" value="Reuters"/>
</metadata>
</newsitem>
