<?xml version="1.0" encoding="iso-8859-1" ?>
<newsitem itemid="508573" id="root" date="1997-04-15" xml:lang="en">
<title>SOUTH AFRICA: INDICATORS - SOUTH AFRICA - APRIL 15.</title>
<headline>INDICATORS - SOUTH AFRICA - APRIL 15.</headline>
<text>
<p>----INTEREST RATES----</p>
<p>(Closing rates)		  DATE     LATEST  PREV    4 WKS AGO</p>
<p>3 MONTH BA RATE		  14/04    15.95   15.95   15.90  </p>
<p>RSA 12 PCT 2005		  14/04    15.31   15.28   15.05</p>
<p>ESKOM 11 PCT 2007/9	    14/04    15.61   15.60   15.31</p>
<p>3-MONTH T-BILL TENDER RATE   11/04    15.79   15.78   15.82</p>
<p>6-MONTH T-BILL TENDER RATE   11/04    15.27   15.18   15.08</p>
<p>PRIME RATE			 21/11/96 20.25   01/10/96 19.25</p>
<p>BANK RATE			  21/11/96 17.00   26/04/96 16.00</p>
<p>TERM LENDING BASE RATE	 01/04/97 19.50   01/03/97 19.50</p>
<p>			   ------FORECASTS------</p>
<p>		- S.African company results consensus -</p>
<p>DAY--COMPANY------------PERIOD--CONSENSUS----RANGE---------PVS--</p>
<p>Gold Fields will kick off the gold quarterly reporting season</p>
<p>with its first quarter results on Thursday. No other major</p>
<p>results are expected to be released this week.</p>
<p>			   -----MONTHLY DATA-----</p>
<p>			     MONTH    LATEST	  PREV    YEAR AGO</p>
<p>CONSUMER PRICES	  FEB	 9.8%	    9.4	 6.5</p>
<p>PRODUCER PRICES	  FEB	 9.3%	    9.2	 6.3</p>
<p>MONEY SUPPLY M3	  JAN	16.80	   13.61     14.47</p>
<p>PRELIMINARY M3	   FEB	15.82	   16.89     15.99</p>
<p>PRIVATE SECTOR CREDIT  FEB	17.34	   17.06     17.42</p>
<p>GOLD OUTPUT (KG)	 FEB     38,926.8	38,388.5  42,794.4</p>
<p>NEW CAR SALES	    MAR	21,107	  22,727    18,531</p>
<p>TRADE BALANCE (*)	FEB	-0.45 BLN	0.52	1.27</p>
<p>EXPORTS		    FEB	 8.83 BLN     11.25	8.99</p>
<p>IMPORTS		    FEB	 9.28 BLN     10.73	7.73</p>
<p>TTL GOLD/FORGN ASSETS  MAR	13.12 BLN     12.49     13.99</p>
<p>GOLD HOLDINGS	    MAR	 5.06 BLN	5.31 BLN  6.74BLN</p>
<p>NET RESERVES CHANGE    FEB	-1.29 BLN	1.90 BLN -1.19BLN</p>
<p>INDICES (1990 = 100):</p>
<p>BUSINESS CONFIDENCE    MAR     113.7	   113.2     118.0</p>
<p>MANUFACTURING SALES    JAN     108.5	   101.7     101.0</p>
<p>WHOLESALE TRADE SALES  DEC     103.8	   103.9     113.1</p>
<p>RETAIL TRADE SALES     DEC     111.5	   110.2     107.7</p>
<p>LEADING INDICATOR	NOV     112.7	   110.9     111.0</p>
<p>(*) Customs and Excise trade statistics include data from</p>
<p>Botswana, Lesotho, Namibia and Swaziland.</p>
<p>			   ----QUARTERLY DATA----</p>
<p>			    DATE	  LATEST	   PREV   YEAR AGO</p>
<p>GDP			 1996/Q4     +3.3%	    +3.2    +2.6</p>
<p>CURRENT ACCT BALANCE  1996/Q4     -0.05 BLN RAND -2.9    -1.6</p>
<p>CAPITAL MOVEMENTS     1996/Q4     +3.3 BLN RAND  -0.77   +6.0</p>
<p>CHANGE IN INVENTORIES (1990 PRICES)</p>
<p>			    1996	  +5.41 BLN RAND  --     +9.93</p>
<p>			    ----ANNUAL DATA----</p>
<p>				 1996	     1995    1994    1993</p>
<p>GDP			    +3.1%	    +3.4    +2.7    +1.3</p>
<p>CURRENT ACCOUNT BALANCE  -8.5 BLN RAND -10.16   -1.21   -6.05</p>
<p>CAPITAL MOVEMENTS	  +3.86BLN RAND +19.23   +4.33  -15.24</p>
<p>GDFI			  +10.4%	    +8.7%   -2.8    -5.3</p>
<p>	     ----GOVT MACRO-ECONOMIC PROJECTIONS (JUNE 1996)----</p>
<p>				    1996   1997   1998   1999   2000</p>
<p>BUDGET DEFICIT (FISCAL YR)  5.1%   4.0    3.5    3.0    3.0</p>
<p>GDP GROWTH			3.5%   2.9    3.8    4.9    6.1</p>
<p>INFLATION (CPI)		 8.0%   9.7    8.1    7.7    7.6</p>
<p>NEW JOBS PER YEAR ('000)    126    252    246    320    409</p>
<p>			----LONG-TERM CREDIT RATINGS----</p>
<p>				     RAND-DEBT    FOREIGN CURRENCY</p>
<p>IBCA - updated 05-06-96	BBB	    BB</p>
<p>MOODY'S - updated 20-11-95   Baa1	   Baa3</p>
<p>S&amp;P - updated 10-10-96	 BBB+	   BB+</p>
<p>			   ----CROP ESTIMATES----</p>
<p>(MLN TONNES)</p>
<p>			    1997     1996     1995     1994     1993</p>
<p>SUGAR		     2.3/2.4  2.27     1.67     1.67     1.2</p>
<p>WHEAT			--	2.70     1.97     1.83     1.77</p>
<p>MAIZE		     7.56     9.48     4.41     11.94    8.9</p>
<p>+++++++++++++++++++++++++++++++++++++++++++++++++++++++++</p>
</text>
<copyright>(c) Reuters Limited 1997</copyright>
<metadata>
<codes class="bip:countries:1.0">
  <code code="SAFR">
    <editdetail attribution="Reuters BIP Coding Group" action="confirmed" date="1997-04-15"/>
  </code>
</codes>
<codes class="bip:topics:1.0">
  <code code="E71">
    <editdetail attribution="Reuters BIP Coding Group" action="confirmed" date="1997-04-15"/>
  </code>
  <code code="ECAT">
    <editdetail attribution="Reuters BIP Coding Group" action="confirmed" date="1997-04-15"/>
  </code>
</codes>
<dc element="dc.publisher" value="Reuters Holdings Plc"/>
<dc element="dc.date.published" value="1997-04-15"/>
<dc element="dc.source" value="Reuters"/>
<dc element="dc.creator.location.country.name" value="SOUTH AFRICA"/>
<dc element="dc.source" value="Reuters"/>
</metadata>
</newsitem>
