<?xml version="1.0" encoding="iso-8859-1" ?>
<newsitem itemid="508564" id="root" date="1997-04-15" xml:lang="en">
<title>SWEDEN: SWIMMING-HONG KONG STAGE WORLD SHORT-COURSE CHAMPIONSHIPS.</title>
<headline>SWIMMING-HONG KONG STAGE WORLD SHORT-COURSE CHAMPIONSHIPS.</headline>
<dateline>GOTHENBURG, Sweden 1997-04-15</dateline>
<text>
<p>Hong Kong will host the fourth world short-course swimming championships in 1999, the International Amateur Swimming Federation (FINA) decided on Tuesday.</p>
<p>Edmonton, Canada was the other candidate.</p>
</text>
<copyright>(c) Reuters Limited 1997</copyright>
<metadata>
<codes class="bip:countries:1.0">
  <code code="CANA">
    <editdetail attribution="Reuters BIP Coding Group" action="confirmed" date="1997-04-15"/>
  </code>
  <code code="HKONG">
    <editdetail attribution="Reuters BIP Coding Group" action="confirmed" date="1997-04-15"/>
  </code>
  <code code="SWED">
    <editdetail attribution="Reuters BIP Coding Group" action="confirmed" date="1997-04-15"/>
  </code>
</codes>
<codes class="bip:topics:1.0">
  <code code="GCAT">
    <editdetail attribution="Reuters BIP Coding Group" action="confirmed" date="1997-04-15"/>
  </code>
  <code code="GSPO">
    <editdetail attribution="Reuters BIP Coding Group" action="confirmed" date="1997-04-15"/>
  </code>
</codes>
<dc element="dc.date.created" value="1997-04-15"/>
<dc element="dc.publisher" value="Reuters Holdings Plc"/>
<dc element="dc.date.published" value="1997-04-15"/>
<dc element="dc.source" value="Reuters"/>
<dc element="dc.creator.location" value="GOTHENBURG, Sweden"/>
<dc element="dc.creator.location.country.name" value="SWEDEN"/>
<dc element="dc.source" value="Reuters"/>
</metadata>
</newsitem>
