<?xml version="1.0" encoding="iso-8859-1" ?>
<newsitem itemid="508591" id="root" date="1997-04-15" xml:lang="en">
<title>HUNGARY: HUNGARY NOON RADIO HEADLINES - APRIL 15.</title>
<headline>HUNGARY NOON RADIO HEADLINES - APRIL 15.</headline>
<dateline>BUDAPEST 1997-04-15</dateline>
<text>
<p>These are the main headlines on Hungary's Kossuth Radio midday news. Reuters cannot vouch for their accuracy:</p>
<p>-- At the Parliament, the opposition and government party MPs have rejected a proposed property tax law.</p>
<p>-- Deficit of the social insurance increased in March but the deficit of the state budget did not surpass predictions.</p>
<p>-- Transportation experts say Hungary should construct 2,000 kms of new bike lanes.</p>
<p>-- Hungary will discontinue visas for Japanese visitors, Foreign Ministry spokesman Gabor Szentivanyi said.</p>
<p>-- From May 14, there will be no visas between Mexico and Hungary, the foreign ministry announced.</p>
<p>-- Budapest newsroom ++36 1 327 4040</p>
</text>
<copyright>(c) Reuters Limited 1997</copyright>
<metadata>
<codes class="bip:countries:1.0">
  <code code="HUNG">
    <editdetail attribution="Reuters BIP Coding Group" action="confirmed" date="1997-04-15"/>
  </code>
</codes>
<codes class="bip:topics:1.0">
  <code code="GCAT">
    <editdetail attribution="Reuters BIP Coding Group" action="confirmed" date="1997-04-15"/>
  </code>
</codes>
<dc element="dc.date.created" value="1997-04-15"/>
<dc element="dc.publisher" value="Reuters Holdings Plc"/>
<dc element="dc.date.published" value="1997-04-15"/>
<dc element="dc.source" value="Reuters"/>
<dc element="dc.creator.location" value="BUDAPEST"/>
<dc element="dc.creator.location.country.name" value="HUNGARY"/>
<dc element="dc.source" value="Reuters"/>
</metadata>
</newsitem>
