<?xml version="1.0" encoding="iso-8859-1" ?>
<newsitem itemid="508549" id="root" date="1997-04-15" xml:lang="en">
<title>USA: NBA BASKETBALL-MONDAY'S RESULTS.</title>
<headline>NBA BASKETBALL-MONDAY'S RESULTS.</headline>
<dateline>NEW YORK 1997-04-14</dateline>
<text>
<p>Results of National</p>
<p>Basketball Association games on Monday (home team in CAPS):</p>
<p> CHARLOTTE	    94  Cleveland	  82</p>
<p> Minnesota	    95  MIAMI		87</p>
<p> ORLANDO	     100  Detroit	    91</p>
<p> Washington	  131  PHILADELPHIA    110</p>
<p> CHICAGO	     117  Toronto	   100</p>
<p> LA Clippers	  99  DALLAS	     93</p>
<p> INDIANA	     110  New York	  107 (OT)</p>
<p> Golden State	103  DENVER	     93</p>
<p> SACRAMENTO	  120  San Antonio     106</p>
</text>
<copyright>(c) Reuters Limited 1997</copyright>
<metadata>
<codes class="bip:countries:1.0">
  <code code="CANA">
    <editdetail attribution="Reuters BIP Coding Group" action="confirmed" date="1997-04-15"/>
  </code>
  <code code="USA">
    <editdetail attribution="Reuters BIP Coding Group" action="confirmed" date="1997-04-15"/>
  </code>
</codes>
<codes class="bip:topics:1.0">
  <code code="GCAT">
    <editdetail attribution="Reuters BIP Coding Group" action="confirmed" date="1997-04-15"/>
  </code>
  <code code="GSPO">
    <editdetail attribution="Reuters BIP Coding Group" action="confirmed" date="1997-04-15"/>
  </code>
</codes>
<dc element="dc.date.created" value="1997-04-14"/>
<dc element="dc.publisher" value="Reuters Holdings Plc"/>
<dc element="dc.date.published" value="1997-04-15"/>
<dc element="dc.source" value="Reuters"/>
<dc element="dc.creator.location" value="NEW YORK"/>
<dc element="dc.creator.location.country.name" value="USA"/>
<dc element="dc.source" value="Reuters"/>
</metadata>
</newsitem>
