<?xml version="1.0" encoding="iso-8859-1" ?>
<newsitem itemid="508500" id="root" date="1997-04-15" xml:lang="en">
<title>CANADA: DBRS upgrades Alliance Forest sr debt.</title>
<headline>DBRS upgrades Alliance Forest sr debt.</headline>
<dateline>TORONTO 1997-04-15</dateline>
<text>
<p>Dominion Bond Ratings Service said on Tuesday it is upgrading the senior debt rating on Alliance Forest Products Inc to BBB (low), with a stable trend.</p>
<p>Alliance's rating was placed under review with developing implications on December 19, 1996. It was previously rated at BB(high), DBRS said.</p>
<p>The upgrade follows Alliance's acquisition of the Coosa Pines forestry assets from Kimberly-Clark Corp for about C$837 million.  </p>
<p>DBRS said the acquisition was funded with C$552 million from an equity issue and the remainder from bank debt.</p>
<p>Although debt levels have increased, they remain resonable at less than 30 percent of capitalization, DBRS said. It said Alliance's equity base also has more than doubled to about C$908 million, further strengthening the balance sheet.</p>
<p>The Coosa Pines assets include a groundwood paper mill, pulp mill, sawmill and associated timberlands, primarily located in Alabama.</p>
<p>DBRS said the acquisition substantially adds to the company's existing Quebec-based groundwood paper operations, while also providing geographic diversification into the U.S.</p>
<p>Although earnings will remain cyclical, Alliance has attained sufficient size and operating diversity to improve its credit quality, DBRS said.</p>
<p>((Reuters Toronto Bureau (416) 941-8100))</p>
</text>
<copyright>(c) Reuters Limited 1997</copyright>
<metadata>
<codes class="bip:countries:1.0">
  <code code="CANA">
    <editdetail attribution="Reuters BIP Coding Group" action="confirmed" date="1997-04-15"/>
  </code>
</codes>
<codes class="bip:industries:1.0">
  <code code="I47100">
    <editdetail attribution="Reuters BIP Coding Group" action="confirmed" date="1997-04-15"/>
  </code>
</codes>
<codes class="bip:topics:1.0">
  <code code="C17">
    <editdetail attribution="Reuters BIP Coding Group" action="confirmed" date="1997-04-15"/>
  </code>
  <code code="C174">
    <editdetail attribution="Reuters BIP Coding Group" action="confirmed" date="1997-04-15"/>
  </code>
  <code code="CCAT">
    <editdetail attribution="Reuters BIP Coding Group" action="confirmed" date="1997-04-15"/>
  </code>
</codes>
<dc element="dc.date.created" value="1997-04-15"/>
<dc element="dc.publisher" value="Reuters Holdings Plc"/>
<dc element="dc.date.published" value="1997-04-15"/>
<dc element="dc.source" value="Reuters"/>
<dc element="dc.creator.location" value="TORONTO"/>
<dc element="dc.creator.location.country.name" value="CANADA"/>
<dc element="dc.source" value="Reuters"/>
</metadata>
</newsitem>
