<?xml version="1.0" encoding="iso-8859-1" ?>
<newsitem itemid="508548" id="root" date="1997-04-15" xml:lang="en">
<title>USA: NBA BASKETBALL-STANDINGS AFTER MONDAY'S GAMES.</title>
<headline>NBA BASKETBALL-STANDINGS AFTER MONDAY'S GAMES.</headline>
<dateline>NEW YORK 1997-04-14</dateline>
<text>
<p>Standings of National</p>
<p>Basketball Association teams after games played on Monday</p>
<p>(tabulate under won, lost, winning percentage, games behind):</p>
<p>		     EASTERN CONFERENCE</p>
<p>		     ATLANTIC DIVISION</p>
<p>			W    L    PCT  GB</p>
<p> Y-MIAMI	   59   20   .747   -</p>
<p> X-NEW YORK	54   25   .684   5</p>
<p> X-ORLANDO	 45   34   .570  14</p>
<p> WASHINGTON	41   38   .519  18</p>
<p> NEW JERSEY	24   54   .308  34 1/2</p>
<p> PHILADELPHIA    21   58   .266  38</p>
<p> BOSTON	    14   65   .177  45</p>
<p>		     CENTRAL DIVISION</p>
<p>			W    L    PCT  GB</p>
<p> YZ-CHICAGO	69   11   .863   -</p>
<p> X-ATLANTA	 54   24   .692  14</p>
<p> X-CHARLOTTE     53   26   .671  15 1/2</p>
<p> X-DETROIT	 52   27   .658  16 1/2</p>
<p> CLEVELAND	 40   39   .506  28 1/2</p>
<p> INDIANA	   39   40   .494  29 1/2</p>
<p> MILWAUKEE	 31   47   .397  37</p>
<p> TORONTO	   28   51   .354  40 1/2</p>
<p>		     WESTERN CONFERENCE</p>
<p>		     MIDWEST DIVISION</p>
<p>			W    L    PCT  GB</p>
<p> YZ-UTAH	   60   18   .769   -</p>
<p> X-HOUSTON	 54   25   .684   6 1/2</p>
<p> X-MINNESOTA     39   40   .494  21 1/2</p>
<p> DALLAS	    23   56   .291  37 1/2</p>
<p> DENVER	    20   59   .253  40 1/2</p>
<p> SAN ANTONIO     20   59   .253  40 1/2</p>
<p> VANCOUVER	 13   67   .163  48</p>
<p>		     PACIFIC DIVISION</p>
<p>			W    L    PCT  GB</p>
<p> X-SEATTLE	 54   25   .684   -</p>
<p> X-LA LAKERS     54   25   .684   -</p>
<p> X-PORTLAND	46   33   .582   8</p>
<p> X-PHOENIX	 39   40   .494  15</p>
<p> X-LA CLIPPERS   36   43   .456  18</p>
<p> SACRAMENTO	33   46   .418  21</p>
<p> GOLDEN STATE    30   50   .375  24 1/2</p>
<p>X -- CLINCHED PLAYOFF BERTH</p>
<p>Y -- CLINCHED DIVISION TITLE</p>
<p>Z -- CLINCHED CONFERENCE TITLE</p>
<p>TUESDAY, APRIL 15 SCHEDULE</p>
<p>NEW JERSEY AT ATLANTA	   </p>
<p>UTAH AT PHOENIX		   </p>
<p>LA CLIPPERS AT HOUSTON	  </p>
<p>TORONTO AT MILWAUKEE	    </p>
<p>SAN ANTONIO AT SEATTLE</p>
</text>
<copyright>(c) Reuters Limited 1997</copyright>
<metadata>
<codes class="bip:countries:1.0">
  <code code="USA">
    <editdetail attribution="Reuters BIP Coding Group" action="confirmed" date="1997-04-15"/>
  </code>
</codes>
<codes class="bip:topics:1.0">
  <code code="GCAT">
    <editdetail attribution="Reuters BIP Coding Group" action="confirmed" date="1997-04-15"/>
  </code>
  <code code="GSPO">
    <editdetail attribution="Reuters BIP Coding Group" action="confirmed" date="1997-04-15"/>
  </code>
</codes>
<dc element="dc.date.created" value="1997-04-14"/>
<dc element="dc.publisher" value="Reuters Holdings Plc"/>
<dc element="dc.date.published" value="1997-04-15"/>
<dc element="dc.source" value="Reuters"/>
<dc element="dc.creator.location" value="NEW YORK"/>
<dc element="dc.creator.location.country.name" value="USA"/>
<dc element="dc.source" value="Reuters"/>
</metadata>
</newsitem>
