<?xml version="1.0" encoding="iso-8859-1" ?>
<newsitem itemid="508543" id="root" date="1997-04-15" xml:lang="en">
<title>USA: GOLF-TIGER WOODS DECLINES CLINTON INVITE TO ATTEND GAME.</title>
<headline>GOLF-TIGER WOODS DECLINES CLINTON INVITE TO ATTEND GAME.</headline>
<dateline>NEW YORK 1997-04-15</dateline>
<text>
<p>President Clinton invited Masters golf winner Tiger Woods to join him at Shea Stadium to mark the 50th anniversary of Jackie Robinson breaking baseball's colour line, but Woods politely declined, the White House said Tuesday.</p>
<p>A White House spokesman, Barry Toiv, said the White House extended the invitation on Clinton's behalf to Woods on Monday, a day after the 21-year-old golfing phenomenon won the Masters by 12 strokes.</p>
<p>&quot;He (Woods) felt very strongly that he needed some time out of the limelight, and tonight would very much have been in the limelight, obviously,&quot; Toiv said.</p>
<p>Clinton Tuesday night was leading an observance at Shea Stadium of Robinson's status as the first black to play in the major leagues 50 years ago.</p>
<p>Toiv said the president did not feel Woods was snubbing him.</p>
<p>&quot;Not at all,&quot; he said. &quot;Everyone here understood perfectly. They very politely declined. Clearly, somewhere, at some point, they will get together.&quot;</p>
<p>Clinton, an avid golfer, watched Woods' triumph on television. Clinton is recovering from surgery to repair a knee tendon he tore March 14 at the Florida estate of pro golfer Greg Norman.</p>
</text>
<copyright>(c) Reuters Limited 1997</copyright>
<metadata>
<codes class="bip:countries:1.0">
  <code code="USA">
    <editdetail attribution="Reuters BIP Coding Group" action="confirmed" date="1997-04-15"/>
  </code>
</codes>
<codes class="bip:topics:1.0">
  <code code="GCAT">
    <editdetail attribution="Reuters BIP Coding Group" action="confirmed" date="1997-04-15"/>
  </code>
  <code code="GSPO">
    <editdetail attribution="Reuters BIP Coding Group" action="confirmed" date="1997-04-15"/>
  </code>
</codes>
<dc element="dc.date.created" value="1997-04-15"/>
<dc element="dc.publisher" value="Reuters Holdings Plc"/>
<dc element="dc.date.published" value="1997-04-15"/>
<dc element="dc.source" value="Reuters"/>
<dc element="dc.creator.location" value="NEW YORK"/>
<dc element="dc.creator.location.country.name" value="USA"/>
<dc element="dc.source" value="Reuters"/>
</metadata>
</newsitem>
