<?xml version="1.0" encoding="iso-8859-1" ?>
<newsitem itemid="508534" id="root" date="1997-04-15" xml:lang="en">
<title>UKRAINE: SOCCER-UKRAINIAN PREMIER DIVISION RESULTS/STANDINGS.</title>
<headline>SOCCER-UKRAINIAN PREMIER DIVISION RESULTS/STANDINGS.</headline>
<dateline>KIEV 1997-04-15</dateline>
<text>
<p>Results of Ukraine premier</p>
<p>division matches played on Monday:</p>
<p> Dynamo Kiev		2 Vorskla Poltava		  1</p>
<p> Karpaty Lviv	     0 Dnipro Dnipropetrovsk	  0</p>
<p> Shakhtar Donetsk	 2 Prykarpattya Ivano-Frankivsk 0</p>
<p> Torpedo Zaporizhya     1 Kryvbas Kryvy Rig		0</p>
<p> Kremin Kremenchuk	1 Chornomorets Odessa	    0</p>
<p> Tavria Simferopol	2 CSKA Kiev			  1</p>
<p> Zirka-Nibas Kirovohrad 1 Metalurg Zaporizhya	    0</p>
<p> Nyva Ternopil	    3 Nyva Vinnytsya		   0</p>
<p>    Standings		Pl    W    D    L    F   A   Pts</p>
<p>  1.Dynamo		   20   16    2    2   48   14   50</p>
<p>  2.Vorskla		  21   11    6    4   35   15   39</p>
<p>  3.Shakhtar		 20   11    5    4   35   17   38</p>
<p>  4.Dnipro		   20   10    8    2   36   14   38</p>
<p>  5.Chornomorets	   21   10    3    8   27   23   33</p>
<p>  6.Karpaty		  21    9    5    7   22   18   32</p>
<p>  7.Zirka-Nibas	    20   10    1    9   19   27   31</p>
<p>  8.Tavria		   21    8    5    8   24   32   29</p>
<p>  9.Nyva Ternopil	  20    8    3    9   21   24   27</p>
<p> 10.Metalurg		 20    7    4    9   31   29   25</p>
<p> 11.CSKA		     19    7    4    8   18   20   25</p>
<p> 12.Torpedo		  19    5    4   10   18   25   19</p>
<p> 13.Prykarpattya	   20    5    4   11   19   34   19</p>
<p> 14.Kremin		   21    5    3   13   19   38   18</p>
<p> 15.Kryvbas		  21    4    4   13   15   35   16</p>
<p> 16.Nyva Vinnytsya	 21    3    6   12   11   33   15</p>
</text>
<copyright>(c) Reuters Limited 1997</copyright>
<metadata>
<codes class="bip:countries:1.0">
  <code code="UKRN">
    <editdetail attribution="Reuters BIP Coding Group" action="confirmed" date="1997-04-15"/>
  </code>
</codes>
<codes class="bip:topics:1.0">
  <code code="GCAT">
    <editdetail attribution="Reuters BIP Coding Group" action="confirmed" date="1997-04-15"/>
  </code>
  <code code="GSPO">
    <editdetail attribution="Reuters BIP Coding Group" action="confirmed" date="1997-04-15"/>
  </code>
</codes>
<dc element="dc.date.created" value="1997-04-15"/>
<dc element="dc.publisher" value="Reuters Holdings Plc"/>
<dc element="dc.date.published" value="1997-04-15"/>
<dc element="dc.source" value="Reuters"/>
<dc element="dc.creator.location" value="KIEV"/>
<dc element="dc.creator.location.country.name" value="UKRAINE"/>
<dc element="dc.source" value="Reuters"/>
</metadata>
</newsitem>
