<?xml version="1.0" encoding="iso-8859-1" ?>
<newsitem itemid="508525" id="root" date="1997-04-15" xml:lang="en">
<title>UK: SOCCER-ENGLISH LEAGUE RESULTS.</title>
<headline>SOCCER-ENGLISH LEAGUE RESULTS.</headline>
<dateline>LONDON 1997-04-15</dateline>
<text>
<p>Results of English league soccer</p>
<p>matches on Tuesday:</p>
<p>Division one</p>
<p> Barnsley	  2	Oldham	  0  </p>
<p> Birmingham	0	Tranmere	0    </p>
<p> Crystal Palace  2	Stoke	   0</p>
<p>Division two</p>
<p> Blackpool	 0	Luton	   0</p>
<p> Brentford	 1	Chesterfield  0</p>
<p> Bristol City    2	Wrexham	 1</p>
<p> Bury		1	Crewe	   0</p>
<p> Notts County    2	Plymouth	1</p>
<p> Wycombe		   Burnley</p>
<p>Division three</p>
<p> Cardiff	   0	Scunthorpe    0</p>
<p> Hull		1	Colchester    2</p>
</text>
<copyright>(c) Reuters Limited 1997</copyright>
<metadata>
<codes class="bip:countries:1.0">
  <code code="UK">
    <editdetail attribution="Reuters BIP Coding Group" action="confirmed" date="1997-04-15"/>
  </code>
</codes>
<codes class="bip:topics:1.0">
  <code code="GCAT">
    <editdetail attribution="Reuters BIP Coding Group" action="confirmed" date="1997-04-15"/>
  </code>
  <code code="GSPO">
    <editdetail attribution="Reuters BIP Coding Group" action="confirmed" date="1997-04-15"/>
  </code>
</codes>
<dc element="dc.date.created" value="1997-04-15"/>
<dc element="dc.publisher" value="Reuters Holdings Plc"/>
<dc element="dc.date.published" value="1997-04-15"/>
<dc element="dc.source" value="Reuters"/>
<dc element="dc.creator.location" value="LONDON"/>
<dc element="dc.creator.location.country.name" value="UK"/>
<dc element="dc.source" value="Reuters"/>
</metadata>
</newsitem>
