<?xml version="1.0" encoding="iso-8859-1" ?>
<newsitem itemid="508572" id="root" date="1997-04-15" xml:lang="en">
<title>SRI LANKA: CRICKET-AKRAM DOUBTFUL FOR FIRST TEST IN SRI LANKA.</title>
<headline>CRICKET-AKRAM DOUBTFUL FOR FIRST TEST IN SRI LANKA.</headline>
<dateline>COLOMBO 1997-04-15</dateline>
<text>
<p>Pakistan captain Wasim Akram is doubtful because of injury for the first of two tests against Sri Lanka starting on Saturday.</p>
<p>&quot;My bowling arm is not 100 percent fit. The ligaments have got weak by playing too much cricket,&quot; Akram told Reuters in an interview on Tuesday.</p>
<p>All-rounder Akram, the only player in world cricket with more than 300 wickets in both test and one-day internationals, arrived with his team on Monday for a short tour including only one match outside of the tests.</p>
<p>&quot;The injury became quite bad in (the recent) Sharjah (Cup) and I am under treatment now. The only cure is rest,&quot; said Akram.</p>
<p>&quot;I can't bowl nor bat. I am taking my time to see if it improves, but my chances are quite remote.&quot;</p>
<p>The Pakistan skipper was a mere spectator at a cricket club here on Tuesday where he watched most of his squad practice.</p>
<p>Two of the party, Salim Malik and Ijaz Ahmed, along with coach Mushtaq Mohammad, have yet to arrive for the tour which opens on Wednesday with a two-day game against a Sri Lanka Board XI captained by Marvan Atapattu.</p>
<p>Atapattu, Sri Lanka's number three batsman who has virtually replaced Asanka Gurusinha, is one of the young players with whom Akram has been impressed.</p>
<p>&quot;Sri Lanka were an improved side before the World Cup. I think they need some young blood,&quot; said Akram.</p>
<p>&quot;They need a couple of young batsmen like Atapattu, who is a good player. Then they will be okay,&quot; he said.</p>
<p>Akram was confident his side would be successful in the two-test series.</p>
<p>&quot;Sri Lanka played better than us in Sharjah and they deserved to win. But test cricket is an entirely different ball game altogether,&quot; said Akram.</p>
<p>&quot;Bearing in mind we are playing in Sri Lanka, I am confident we will give them a good fight and I have full confidence we will do well.&quot;</p>
</text>
<copyright>(c) Reuters Limited 1997</copyright>
<metadata>
<codes class="bip:countries:1.0">
  <code code="PAKIS">
    <editdetail attribution="Reuters BIP Coding Group" action="confirmed" date="1997-04-15"/>
  </code>
  <code code="SRILAN">
    <editdetail attribution="Reuters BIP Coding Group" action="confirmed" date="1997-04-15"/>
  </code>
</codes>
<codes class="bip:topics:1.0">
  <code code="GCAT">
    <editdetail attribution="Reuters BIP Coding Group" action="confirmed" date="1997-04-15"/>
  </code>
  <code code="GSPO">
    <editdetail attribution="Reuters BIP Coding Group" action="confirmed" date="1997-04-15"/>
  </code>
</codes>
<dc element="dc.date.created" value="1997-04-15"/>
<dc element="dc.publisher" value="Reuters Holdings Plc"/>
<dc element="dc.date.published" value="1997-04-15"/>
<dc element="dc.source" value="Reuters"/>
<dc element="dc.creator.location" value="COLOMBO"/>
<dc element="dc.creator.location.country.name" value="SRI LANKA"/>
<dc element="dc.source" value="Reuters"/>
</metadata>
</newsitem>
