<?xml version="1.0" encoding="iso-8859-1" ?>
<newsitem itemid="508519" id="root" date="1997-04-15" xml:lang="en">
<title>UK: SOCCER-GOULD JOB NOT ON THE LINE, SAYS WELSH OFFICIAL.</title>
<headline>SOCCER-GOULD JOB NOT ON THE LINE, SAYS WELSH OFFICIAL.</headline>
<dateline>WREXHAM, Wales 1997-04-15</dateline>
<text>
<p>Wales manager Bobby Gould's job was not on the line following alleged racist remarks he made to striker Nathan Blake, a senior official said.</p>
<p>The Football Association of Wales management committee was due to discuss the issue at a special meeting later on Tuesday.</p>
<p>But FAW president Brian Dear stressed that Gould's job was &quot;not the issue.</p>
<p>&quot;We're simply going to investigate and report to the full council over what went on and who said what. That's what this is all about, not Bobby's job,'' said Fear on Tuesday.</p>
<p>Gould denied he was a racist and apologised to Blake for &quot;any misunderstanding&quot; over his remarks made in training before a World Cup qualifier against Belgium last month.</p>
<p>Fear described the incident as a storm in a teacup and said that Blake's acceptance of a Gould apology had taken the heat out of the situation.</p>
<p>Gould's contract as Wales manager ends in December but Fear hinted that it would be extended.</p>
<p>&quot;Two years is not enough to build a team,&quot; he said. &quot;I think he should be given another contract to see us through the European championships.''</p>
<p>Since Gould took over as Welsh boss at the start of the 1995-6 season, two wins over San Marino and another against Moldova have been his only successes in 12 internationals.</p>
</text>
<copyright>(c) Reuters Limited 1997</copyright>
<metadata>
<codes class="bip:countries:1.0">
  <code code="UK">
    <editdetail attribution="Reuters BIP Coding Group" action="confirmed" date="1997-04-15"/>
  </code>
</codes>
<codes class="bip:topics:1.0">
  <code code="GCAT">
    <editdetail attribution="Reuters BIP Coding Group" action="confirmed" date="1997-04-15"/>
  </code>
  <code code="GSPO">
    <editdetail attribution="Reuters BIP Coding Group" action="confirmed" date="1997-04-15"/>
  </code>
</codes>
<dc element="dc.date.created" value="1997-04-15"/>
<dc element="dc.publisher" value="Reuters Holdings Plc"/>
<dc element="dc.date.published" value="1997-04-15"/>
<dc element="dc.source" value="Reuters"/>
<dc element="dc.creator.location" value="WREXHAM, Wales"/>
<dc element="dc.creator.location.country.name" value="UK"/>
<dc element="dc.source" value="Reuters"/>
</metadata>
</newsitem>
