<?xml version="1.0" encoding="iso-8859-1" ?>
<newsitem itemid="508649" id="root" date="1997-04-15" xml:lang="en">
<title>LITHUANIA: LITHUANIA - BUDGET REVENUE 86.29 MLN LITAS SHORT IN 1Q.</title>
<headline>LITHUANIA - BUDGET REVENUE 86.29 MLN LITAS SHORT IN 1Q.</headline>
<dateline>VILNIUS 1997-04-15</dateline>
<text>
<p>Lithuania's state budget revenue was 86.29 million litas below target in the first quarter of 1997, the finance ministry said on Tuesday.  </p>
<p>The ministry said in a statement that it had planned to collect 1.262 billion litas in the first three months of the year but collected 1.176 billion litas.</p>
<p>It said that it plans to collect 6.019 billion litas for the entire fiscal year.</p>
<p>The VAT was the major source of income, netting 628.7 million litas.</p>
<p>The government has vowed to improve revenue collection and crack down on tax evasion, which is considered to be rife.</p>
<p>--Vilnius newsroom</p>
</text>
<copyright>(c) Reuters Limited 1997</copyright>
<metadata>
<codes class="bip:countries:1.0">
  <code code="LITH">
    <editdetail attribution="Reuters BIP Coding Group" action="confirmed" date="1997-04-15"/>
  </code>
</codes>
<codes class="bip:topics:1.0">
  <code code="E21">
    <editdetail attribution="Reuters BIP Coding Group" action="confirmed" date="1997-04-15"/>
  </code>
  <code code="E211">
    <editdetail attribution="Reuters BIP Coding Group" action="confirmed" date="1997-04-15"/>
  </code>
  <code code="ECAT">
    <editdetail attribution="Reuters BIP Coding Group" action="confirmed" date="1997-04-15"/>
  </code>
</codes>
<dc element="dc.date.created" value="1997-04-15"/>
<dc element="dc.publisher" value="Reuters Holdings Plc"/>
<dc element="dc.date.published" value="1997-04-15"/>
<dc element="dc.source" value="Reuters"/>
<dc element="dc.creator.location" value="VILNIUS"/>
<dc element="dc.creator.location.country.name" value="LITHUANIA"/>
<dc element="dc.source" value="Reuters"/>
</metadata>
</newsitem>
