<?xml version="1.0" encoding="iso-8859-1" ?>
<newsitem itemid="508666" id="root" date="1997-04-15" xml:lang="en">
<title>LITHUANIA: STOCK MARKET BOURSE SUSPENSIONS.</title>
<headline>STOCK MARKET BOURSE SUSPENSIONS.</headline>
<dateline>VILNIUS 1997-04-15</dateline>
<text>
<p>The Lithuanian bourse said on Tuesday that trade in the following shares would be suspended:</p>
<p>- Snoras Bank, 15.04.97, for three trading sessions, because of assimilation of share issues.</p>
<p>- Siauliu Bank, 15.04/97, for three trading sessions, because of assimilation of share issues.</p>
<p>- Lithuanian Energy, 15.04.97, for up to three months, because of the cancellation of part of its shares.</p>
<p>- Sema, 15.04.97, for up to three months, because of the increase of authorized capital from reserves.</p>
<p>- Sanitas, 15.04.97, for up to three months, because of the increase of authorized capital from reserves.</p>
<p>-- Vilnius newsroom +370 2 22 35 18</p>
</text>
<copyright>(c) Reuters Limited 1997</copyright>
<metadata>
<codes class="bip:countries:1.0">
  <code code="LITH">
    <editdetail attribution="Reuters BIP Coding Group" action="confirmed" date="1997-04-15"/>
  </code>
</codes>
<codes class="bip:industries:1.0">
  <code code="I16100">
    <editdetail attribution="Reuters BIP Coding Group" action="confirmed" date="1997-04-15"/>
  </code>
  <code code="I42400">
    <editdetail attribution="Reuters BIP Coding Group" action="confirmed" date="1997-04-15"/>
  </code>
  <code code="I81402">
    <editdetail attribution="Reuters BIP Coding Group" action="confirmed" date="1997-04-15"/>
  </code>
</codes>
<codes class="bip:topics:1.0">
  <code code="C14">
    <editdetail attribution="Reuters BIP Coding Group" action="confirmed" date="1997-04-15"/>
  </code>
  <code code="CCAT">
    <editdetail attribution="Reuters BIP Coding Group" action="confirmed" date="1997-04-15"/>
  </code>
  <code code="M11">
    <editdetail attribution="Reuters BIP Coding Group" action="confirmed" date="1997-04-15"/>
  </code>
  <code code="MCAT">
    <editdetail attribution="Reuters BIP Coding Group" action="confirmed" date="1997-04-15"/>
  </code>
</codes>
<dc element="dc.date.created" value="1997-04-15"/>
<dc element="dc.publisher" value="Reuters Holdings Plc"/>
<dc element="dc.date.published" value="1997-04-15"/>
<dc element="dc.source" value="Reuters"/>
<dc element="dc.creator.location" value="VILNIUS"/>
<dc element="dc.creator.location.country.name" value="LITHUANIA"/>
<dc element="dc.source" value="Reuters"/>
</metadata>
</newsitem>
