<?xml version="1.0" encoding="iso-8859-1" ?>
<newsitem itemid="508643" id="root" date="1997-04-15" xml:lang="en">
<title>LATVIA: LATVIA-FIRST TWO-YEAR T-BILL ISSUE 15 TO 17 MLN LATS.</title>
<headline>LATVIA-FIRST TWO-YEAR T-BILL ISSUE 15 TO 17 MLN LATS.</headline>
<dateline>RIGA 1997-04-15</dateline>
<text>
<p>The state exchequer said on Tuesday that the minimum volume of Latvia's first issue of two-year government Treasury bills will be 15 million lats.</p>
<p>&quot;The first issue (of two-year T-bills) on April 23 will have a minimum volume of 15 million lats and could also be 17 million lats,&quot; Dace Brecena, director of the exchequer's internal financial resouces department, told Reuters.</p>
<p>&quot;Smaller volumes would not be liquid,&quot; she added.</p>
<p>Depending on money needs, the finance ministry will hold regular weekly or twice-weekly auctions of the two-year paper until the whole volume is sold, Brencena said.</p>
<p>&quot;There is considerable interest for the two-year paper among local banks but interest and auction results are two differnt things,&quot; Brencena said.</p>
<p>The ministry has previously told Reuters that it also plans to issue five-year T-bills and she said this may happen at the end of 1997 or the start of 1998.</p>
<p>&quot;The five-year paper is still in the conceptual stage as next year's budget is not yet determined and we do not know the government strategy,&quot; Brencena said.</p>
<p>&quot;If they replace external debt with internal debt, there will be good reason for this paper,&quot; she said.</p>
<p>Auctions of five year T-bills would not take place more than twice or once a year, she added.</p>
<p>-- Martinsh Gravitis, Riga Newsroom, +371 721 5240</p>
</text>
<copyright>(c) Reuters Limited 1997</copyright>
<metadata>
<codes class="bip:countries:1.0">
  <code code="LATV">
    <editdetail attribution="Reuters BIP Coding Group" action="confirmed" date="1997-04-15"/>
  </code>
</codes>
<codes class="bip:topics:1.0">
  <code code="M13">
    <editdetail attribution="Reuters BIP Coding Group" action="confirmed" date="1997-04-15"/>
  </code>
  <code code="M131">
    <editdetail attribution="Reuters BIP Coding Group" action="confirmed" date="1997-04-15"/>
  </code>
  <code code="MCAT">
    <editdetail attribution="Reuters BIP Coding Group" action="confirmed" date="1997-04-15"/>
  </code>
</codes>
<dc element="dc.date.created" value="1997-04-15"/>
<dc element="dc.publisher" value="Reuters Holdings Plc"/>
<dc element="dc.date.published" value="1997-04-15"/>
<dc element="dc.source" value="Reuters"/>
<dc element="dc.creator.location" value="RIGA"/>
<dc element="dc.creator.location.country.name" value="LATVIA"/>
<dc element="dc.source" value="Reuters"/>
</metadata>
</newsitem>
