<?xml version="1.0" encoding="iso-8859-1" ?>
<newsitem itemid="508699" id="root" date="1997-04-15" xml:lang="en">
<title>UK: Transco UK gas forecasts for April 16.</title>
<headline>Transco UK gas forecasts for April 16.</headline>
<dateline>LONDON 1997-04-15</dateline>
<text>
<p>Transco, the pipeline and transport arm of BG plc, has announced the following forecasts and data for gas consumption in the period April 14 to 16.</p>
<p>DEMAND:</p>
<p>(mcm = million cubic metres)</p>
<p>Apr 14 (actual) 209 mcm, 49 percent of peak day demand</p>
<p>Apr 15 (forecast) 218 mcm, 51 percent of paek day demand</p>
<p>Apr 16 (forecast) 224 mcm, 52 percent of peak day demand</p>
<p>TEMPERATURE:</p>
<p>(SNT = seasonal normal temperature)</p>
<p>Apr 14 (actual) 10.2 Celsius, SNT 9.4 Celsius</p>
<p>Apr 15 (forecast) 7.9 Celsius, SNT 9.6 Celsius</p>
<p>Apr 16 (forecast) 9.2 Celsius, SNT 9.7 Celsius</p>
<p>There was no interruption on Tuesday, with none expected on Wednesday.</p>
<p>--London Newsroom, +44 171 542 6412</p>
</text>
<copyright>(c) Reuters Limited 1997</copyright>
<metadata>
<codes class="bip:countries:1.0">
  <code code="UK">
    <editdetail attribution="Reuters BIP Coding Group" action="confirmed" date="1997-04-15"/>
  </code>
</codes>
<codes class="bip:industries:1.0">
  <code code="I16200">
    <editdetail attribution="Reuters BIP Coding Group" action="confirmed" date="1997-04-15"/>
  </code>
</codes>
<codes class="bip:topics:1.0">
  <code code="C31">
    <editdetail attribution="Reuters BIP Coding Group" action="confirmed" date="1997-04-15"/>
  </code>
  <code code="CCAT">
    <editdetail attribution="Reuters BIP Coding Group" action="confirmed" date="1997-04-15"/>
  </code>
  <code code="M14">
    <editdetail attribution="Reuters BIP Coding Group" action="confirmed" date="1997-04-15"/>
  </code>
  <code code="M143">
    <editdetail attribution="Reuters BIP Coding Group" action="confirmed" date="1997-04-15"/>
  </code>
  <code code="MCAT">
    <editdetail attribution="Reuters BIP Coding Group" action="confirmed" date="1997-04-15"/>
  </code>
</codes>
<dc element="dc.date.created" value="1997-04-15"/>
<dc element="dc.publisher" value="Reuters Holdings Plc"/>
<dc element="dc.date.published" value="1997-04-15"/>
<dc element="dc.source" value="Reuters"/>
<dc element="dc.creator.location" value="LONDON"/>
<dc element="dc.creator.location.country.name" value="UK"/>
<dc element="dc.source" value="Reuters"/>
</metadata>
</newsitem>
