<?xml version="1.0" encoding="iso-8859-1" ?>
<newsitem itemid="508662" id="root" date="1997-04-15" xml:lang="en">
<title>LATVIA: LODE SAYS MAJORITY SHAREHOLDER KEEPS STAKE.</title>
<headline>LODE SAYS MAJORITY SHAREHOLDER KEEPS STAKE.</headline>
<dateline>RIGA 1997-04-15</dateline>
<text>
<p>Lode Brick, an active secondary list share, said on Tuesday that its majority shareholder has kept his 49 percent stake denying a newspaper report that it has been sold on the over-the counter market.</p>
<p>Newspaper Diena today noted a large transaction in Lode on the OTC market and said that the company's largest shareholder Edvins Samulis may have sold the shares.</p>
<p>Samulis controlled 502,668 Lode shares in March when blocking his shares ahead of the shareholder meeting.</p>
<p>&quot;This is rubbish as the contolling stake has a block until the privatisation process is completed,&quot; Janis Slesars, Lode president, told Reuters.</p>
<p>He said that there had been a misunderstanding with the share accounts.</p>
<p>&quot;Edvins Samulis noticed that these shares were transferred to his account and being an honest person he transferred them back to the depository account where a controlling stake with a block should be held,&quot; Slesars said.</p>
<p>&quot;There was a small technical misunderstanding in the bank which services the account,&quot; Martinsh Rikshis, president of the central depository, told Reuters.</p>
<p>He said there was a mistake in the statistics, which showed the transfer of shares as a share transaction.</p>
<p>-- Martinsh Gravitis, Riga Newsroom, +371 721 5240</p>
</text>
<copyright>(c) Reuters Limited 1997</copyright>
<metadata>
<codes class="bip:countries:1.0">
  <code code="LATV">
    <editdetail attribution="Reuters BIP Coding Group" action="confirmed" date="1997-04-15"/>
  </code>
</codes>
<codes class="bip:industries:1.0">
  <code code="I24100">
    <editdetail attribution="Reuters BIP Coding Group" action="confirmed" date="1997-04-15"/>
  </code>
</codes>
<codes class="bip:topics:1.0">
  <code code="C18">
    <editdetail attribution="Reuters BIP Coding Group" action="confirmed" date="1997-04-15"/>
  </code>
  <code code="C181">
    <editdetail attribution="Reuters BIP Coding Group" action="confirmed" date="1997-04-15"/>
  </code>
  <code code="CCAT">
    <editdetail attribution="Reuters BIP Coding Group" action="confirmed" date="1997-04-15"/>
  </code>
</codes>
<dc element="dc.date.created" value="1997-04-15"/>
<dc element="dc.publisher" value="Reuters Holdings Plc"/>
<dc element="dc.date.published" value="1997-04-15"/>
<dc element="dc.source" value="Reuters"/>
<dc element="dc.creator.location" value="RIGA"/>
<dc element="dc.creator.location.country.name" value="LATVIA"/>
<dc element="dc.source" value="Reuters"/>
</metadata>
</newsitem>
