<?xml version="1.0" encoding="iso-8859-1" ?>
<newsitem itemid="508610" id="root" date="1997-04-15" xml:lang="en">
<title>POLAND: ELEKTROMONTAZ-W GROUP RESULTS FOR 1996.</title>
<headline>ELEKTROMONTAZ-W GROUP RESULTS FOR 1996.</headline>
<dateline>WARSAW 1997-04-15</dateline>
<text>
<p>Elektromontaz Warszawa</p>
<p>preliminary results for financial year ending December 31,</p>
<p>1996.</p>
<p>(Figures in millions of zlotys unless stated)</p>
<p>						   1996	  1995</p>
<p>    Operating profit			 3.53 vs	na</p>
<p>    Pre-tax profit			   3.69 vs	na</p>
<p>    Net profit				 1.96 vs	na</p>
<p>NOTE - Full company name is: Elektromontaz Warszawa SA.</p>
<p>    Net sales				 54.42 vs	na</p>
<p>    Costs of sales			  44.38 vs	na</p>
<p>    Extraordinary loss		     0.03 vs	na</p>
<p>    Income tax				 1.61 vs	na</p>
<p>    Other taxes				 na  vs	na</p>
<p>    Financial revenues		     0.26 vs	na</p>
<p>    Financial costs			  0.08 vs	na</p>
<p>    Investment				 3.39 vs	na</p>
<p>-- Warsaw Newsroom +48 22 653 9700</p>
</text>
<copyright>(c) Reuters Limited 1997</copyright>
<metadata>
<codes class="bip:countries:1.0">
  <code code="POL">
    <editdetail attribution="Reuters BIP Coding Group" action="confirmed" date="1997-04-15"/>
  </code>
</codes>
<codes class="bip:industries:1.0">
  <code code="I50200">
    <editdetail attribution="Reuters BIP Coding Group" action="confirmed" date="1997-04-15"/>
  </code>
</codes>
<codes class="bip:topics:1.0">
  <code code="C15">
    <editdetail attribution="Reuters BIP Coding Group" action="confirmed" date="1997-04-15"/>
  </code>
  <code code="C151">
    <editdetail attribution="Reuters BIP Coding Group" action="confirmed" date="1997-04-15"/>
  </code>
  <code code="C1511">
    <editdetail attribution="Reuters BIP Coding Group" action="confirmed" date="1997-04-15"/>
  </code>
  <code code="CCAT">
    <editdetail attribution="Reuters BIP Coding Group" action="confirmed" date="1997-04-15"/>
  </code>
</codes>
<dc element="dc.date.created" value="1997-04-15"/>
<dc element="dc.publisher" value="Reuters Holdings Plc"/>
<dc element="dc.date.published" value="1997-04-15"/>
<dc element="dc.source" value="Reuters"/>
<dc element="dc.creator.location" value="WARSAW"/>
<dc element="dc.creator.location.country.name" value="POLAND"/>
<dc element="dc.source" value="Reuters"/>
</metadata>
</newsitem>
