<?xml version="1.0" encoding="iso-8859-1" ?>
<newsitem itemid="508615" id="root" date="1997-04-15" xml:lang="en">
<title>CZECH REPUBLIC: UNISYS TAKES CZECH TENDER APPEAL FURTHER.</title>
<headline>UNISYS TAKES CZECH TENDER APPEAL FURTHER.</headline>
<byline>Jan Lopatka</byline>
<dateline>PRAGUE 1997-04-15</dateline>
<text>
<p>U.S.-based Unisys Corp said on Tuesday it has appealed to the Czech Economic Competition Office a Defence Ministry decision awarding an army contract to a consortium of Electronic Data Systems and Digital Equipment Corp.</p>
<p>&quot;Unisys submitted...a proposal for investigation of the decision of the Defence Minister of the Czech Republic,&quot; the company said in a statement.</p>
<p>Last week, Defence Minister Miloslav Vyborny rejected a first round appeal by Unisys and IBM Corp saying he believed his decision in March to award a 1.3 billion crown army information system deal to EDS-Digital was correct.</p>
<p>Vyborny chose EDS-Digital despite a recommendation by a steering committee to chose Unisys's bid.</p>
<p>&quot;By this step (the appeal), Unisys is continuing in its effort for recognition of its victory in the public tender...because it is convinced of the seriousness of its arguments,&quot; the statement said.</p>
<p>Vyborny has said that he decided in favour of EDS-Digital due to the lower price of its bid. Unisys has said that price was not weighted in accordance with the tender rules, and that EDS-Digital's offer was not complete. EDS declined to comment.</p>
<p>Unisys won an original four billion crown supply tender last year, but it was cancelled in August when competition authorities found irregularities in the process.</p>
<p>Vyborny said after the second tender that the ministry had decided to ignore the recommendation of the tender committee also because some members's evaluations were far different than the rest of the committee.</p>
<p>Unisys has said it was suspicious that the original tender was abolished and rankings were changed when it won again.</p>
<p>&quot;Unisys is proposing cancellation of the decision and hopes the government of the Czech Republic will deal with the situation around this strategic order,&quot; Unisys added.</p>
<p>A number of other Czech military tenders have been marked by controversy, sometimes including allegations of graft.</p>
<p>Installation of the staff information system is seen as a large step on the Czech army's path to compatibility with the North Atlantic Treaty Organisation's military command.</p>
<p>NATO leaders will decide in July which former communist countries will be invited to join the alliance. The Czech Republic is a front runner along with Poland and Hungary.</p>
<p>-- Prague Newsroom, 420-2-2423-0003</p>
</text>
<copyright>(c) Reuters Limited 1997</copyright>
<metadata>
<codes class="bip:countries:1.0">
  <code code="CZREP">
    <editdetail attribution="Reuters BIP Coding Group" action="confirmed" date="1997-04-15"/>
  </code>
  <code code="USA">
    <editdetail attribution="Reuters BIP Coding Group" action="confirmed" date="1997-04-15"/>
  </code>
</codes>
<codes class="bip:industries:1.0">
  <code code="I33020">
    <editdetail attribution="Reuters BIP Coding Group" action="confirmed" date="1997-04-15"/>
  </code>
  <code code="I3302003">
    <editdetail attribution="Reuters BIP Coding Group" action="confirmed" date="1997-04-15"/>
  </code>
  <code code="I83940">
    <editdetail attribution="Reuters BIP Coding Group" action="confirmed" date="1997-04-15"/>
  </code>
</codes>
<codes class="bip:topics:1.0">
  <code code="C33">
    <editdetail attribution="Reuters BIP Coding Group" action="confirmed" date="1997-04-15"/>
  </code>
  <code code="C331">
    <editdetail attribution="Reuters BIP Coding Group" action="confirmed" date="1997-04-15"/>
  </code>
  <code code="CCAT">
    <editdetail attribution="Reuters BIP Coding Group" action="confirmed" date="1997-04-15"/>
  </code>
  <code code="GCAT">
    <editdetail attribution="Reuters BIP Coding Group" action="confirmed" date="1997-04-15"/>
  </code>
  <code code="GDEF">
    <editdetail attribution="Reuters BIP Coding Group" action="confirmed" date="1997-04-15"/>
  </code>
</codes>
<dc element="dc.date.created" value="1997-04-15"/>
<dc element="dc.publisher" value="Reuters Holdings Plc"/>
<dc element="dc.date.published" value="1997-04-15"/>
<dc element="dc.source" value="Reuters"/>
<dc element="dc.creator.location" value="PRAGUE"/>
<dc element="dc.creator.location.country.name" value="CZECH REPUBLIC"/>
<dc element="dc.source" value="Reuters"/>
</metadata>
</newsitem>
