<?xml version="1.0" encoding="iso-8859-1" ?>
<newsitem itemid="508660" id="root" date="1997-04-15" xml:lang="en">
<title>LATVIA: CENTRAL BANK FIXINGS FOR THE LAT.</title>
<headline>CENTRAL BANK FIXINGS FOR THE LAT.</headline>
<dateline>RIGA 1997-04-15</dateline>
<text>
<p>The central bank set the following</p>
<p>rates for the lat on Tuesday, which are valid for April 16.</p>
<p>    USD	  0.586</p>
<p>    ATS	  0.0481</p>
<p>    AUD	  0.455</p>
<p>    BEF	  0.0164</p>
<p>    CAD	  0.419</p>
<p>    CHF	  0.398</p>
<p>    CZK	  0.0193</p>
<p>    DEM	  0.338</p>
<p>    DKK	  0.0889</p>
<p>    ECU	  0.661</p>
<p>    EEK	  0.0423</p>
<p>    100ESP     0.402</p>
<p>    FIM	  0.113</p>
<p>    FRF	  0.1006</p>
<p>    GBP	  0.950</p>
<p>    100HUF     0.323</p>
<p>    100ITL     0.0344</p>
<p>    100JPY     0.464</p>
<p>    KGS	  0.0327</p>
<p>    LTL	  0.146</p>
<p>    MDL	  0.127</p>
<p>    NLG	  0.301</p>
<p>    NOK	  0.0840</p>
<p>    PLN	  0.187</p>
<p>    1000RUR    0.1021</p>
<p>    SDR	  0.7997</p>
<p>    SEK	  0.0765</p>
<p>    SKK	  0.0174</p>
<p>    XAU	202.61</p>
<p>-- Riga newsroom, +371 721 5240</p>
</text>
<copyright>(c) Reuters Limited 1997</copyright>
<metadata>
<codes class="bip:countries:1.0">
  <code code="LATV">
    <editdetail attribution="Reuters BIP Coding Group" action="confirmed" date="1997-04-15"/>
  </code>
</codes>
<codes class="bip:topics:1.0">
  <code code="M13">
    <editdetail attribution="Reuters BIP Coding Group" action="confirmed" date="1997-04-15"/>
  </code>
  <code code="M132">
    <editdetail attribution="Reuters BIP Coding Group" action="confirmed" date="1997-04-15"/>
  </code>
  <code code="MCAT">
    <editdetail attribution="Reuters BIP Coding Group" action="confirmed" date="1997-04-15"/>
  </code>
</codes>
<dc element="dc.date.created" value="1997-04-15"/>
<dc element="dc.publisher" value="Reuters Holdings Plc"/>
<dc element="dc.date.published" value="1997-04-15"/>
<dc element="dc.source" value="Reuters"/>
<dc element="dc.creator.location" value="RIGA"/>
<dc element="dc.creator.location.country.name" value="LATVIA"/>
<dc element="dc.source" value="Reuters"/>
</metadata>
</newsitem>
