<?xml version="1.0" encoding="iso-8859-1" ?>
<newsitem itemid="508657" id="root" date="1997-04-15" xml:lang="en">
<title>LITHUANIA: MEDIENOS PLAUSHAS 1Q SALES UP, PROFIT DOWN.</title>
<headline>MEDIENOS PLAUSHAS 1Q SALES UP, PROFIT DOWN.</headline>
<dateline>VILNIUS 1997-04-15</dateline>
<text>
<p>Lithuanian cardboard maker Medienos Plaushas saw its first quarter net profit fall slightly while its sales increased, the company's chief accountant, Danute Urboniene, said on Tuesday.  </p>
<p>&quot;Our first quarter net profit was almost the same as it was for the same period last year, 834,000 litas compared to 867,000 litas,&quot; Urboniene told Reuters.</p>
<p>She added that 1Q sales had increased to 11.1 million litas from 9.8 million litas last year.</p>
<p>&quot;We have reduced sales prices to compete in the market, and that explains why our profit fell a bit while our sales went up,&quot; she said.</p>
<p>&quot;We plan to increase our sales in the second quarter by around five percent,&quot; she said.</p>
<p>&quot;We are also considering further price reductions,&quot; she added.</p>
<p>The company is one of four included on the official list of the Vilnius bourse.</p>
<p>Its price on Monday rose to 13.95 litas from 13.10 litas.</p>
<p>--Vilnius newsroom +370 2 22 35 18</p>
</text>
<copyright>(c) Reuters Limited 1997</copyright>
<metadata>
<codes class="bip:countries:1.0">
  <code code="LITH">
    <editdetail attribution="Reuters BIP Coding Group" action="confirmed" date="1997-04-15"/>
  </code>
</codes>
<codes class="bip:industries:1.0">
  <code code="I47200">
    <editdetail attribution="Reuters BIP Coding Group" action="confirmed" date="1997-04-15"/>
  </code>
</codes>
<codes class="bip:topics:1.0">
  <code code="C15">
    <editdetail attribution="Reuters BIP Coding Group" action="confirmed" date="1997-04-15"/>
  </code>
  <code code="C151">
    <editdetail attribution="Reuters BIP Coding Group" action="confirmed" date="1997-04-15"/>
  </code>
  <code code="C31">
    <editdetail attribution="Reuters BIP Coding Group" action="confirmed" date="1997-04-15"/>
  </code>
  <code code="CCAT">
    <editdetail attribution="Reuters BIP Coding Group" action="confirmed" date="1997-04-15"/>
  </code>
</codes>
<dc element="dc.date.created" value="1997-04-15"/>
<dc element="dc.publisher" value="Reuters Holdings Plc"/>
<dc element="dc.date.published" value="1997-04-15"/>
<dc element="dc.source" value="Reuters"/>
<dc element="dc.creator.location" value="VILNIUS"/>
<dc element="dc.creator.location.country.name" value="LITHUANIA"/>
<dc element="dc.source" value="Reuters"/>
</metadata>
</newsitem>
