<?xml version="1.0" encoding="iso-8859-1" ?>
<newsitem itemid="508613" id="root" date="1997-04-15" xml:lang="en">
<title>CZECH REPUBLIC: INVESTMENT CARROT, BUDGET STICK IN CZECH PLAN - POLL.</title>
<headline>INVESTMENT CARROT, BUDGET STICK IN CZECH PLAN - POLL.</headline>
<byline>John Mastrini</byline>
<dateline>PRAGUE 1997-04-15</dateline>
<text>
<p>The Czech cabinet will adopt a carrot-and-stick package mixing investment incentives with budget and import cuts in an attempt to spur economic growth, a Reuters poll of analysts showed on Tuesday.</p>
<p>With the cabinet due to announce its &quot;package&quot; of stimulus measures on Wednesday, share market repairs and savings promotion steps to reduce demand were most frequently mentioned by the nine analysts as likely to be included.</p>
<p>The government said it aims to reduce growing budget and trade deficits, while spurring growth, dampening demand for imports and adding confidence to beleaguered capital markets.</p>
<p>None of the analysts expected a direct manipulation of the exchange rate to help exports, although several suggested allowing the crown to ease below its corridor of plus/minus 7.5 percent from the mid-point of a mark/dollar basket.</p>
<p>Josef Poeschl at the Vienna Institute for Comparative Economic Studies, said lower interest rates were needed, but Merrill Lynch's Andrew Kenningham expects lower rates would be put off until more data on slowing growth is available.</p>
<p>There was a consensus among the analysts that the cabinet should take steps to beef up market regulation with most saying a U.S.-style Securities and Exchange Commission would help bring back lagging foreign invesmtent.</p>
<p>The analysts agreed sharp budget cuts were on the cards, as economic growth, and thus tax revenue, has come up short.</p>
<p>Expectations ranged from 20 billion crowns in cuts seen as &quot;very likely&quot; by Boris Gomez and Susanne Hallergard at ING Barings, to 40-50 billion forecast by Kenningham.</p>
<p>&quot;At least 25 billion crowns of cuts are needed to give good chance of a balanced budget,&quot; said Kennigham. &quot;Anything short of a balanced budget lacks credibility.&quot;</p>
<p>There was a broad consensus that state sector wages would be capped at 10 percent nominal growth -- Kenningham said that should save about 30 billion crowns this year -- and several expect pressure on the private sector to follow suit.</p>
<p>Kamil Janacek, chief economist at Komercni Banka, said the government should seek a budget surplus of two to three percent of GDP, but more likely would move toward just a balance.</p>
<p>Janacek, who works at the largest state-controlled bank, said the government must finish privatising big banks and industrial corporations.</p>
<p>He said he expects the issuing of longer-term government bonds &quot;to increase the propensity to save in the household sector&quot; and for &quot;changes in legal and institutional framework enabling better functioning of the legal infrastructure&quot;.</p>
<p>Several said they expected longer-term state bonds to be issued aimed at attracting individual Czech retail investors to park their money for awhile, reducing demand.</p>
<p>The group was mixed on the need to impose surcharges or quotas to reduce demand for imports which have thrown the current account deficit to more than 8.5 percent of GDP.</p>
<p>Gomez and Hallergard said they expected &quot;seasonal&quot; import duties &quot;on selected foodstuffs and more stringent non-tariff trade barriers on imports, particulary from EU&quot; in the package.</p>
<p>Poeschl said he expected some non-tariff barriers will be introduced on selected items and should be for a defined period of time, including plans for a gradual removal.</p>
<p>Other key comments included:</p>
<p>* Martin Kupka at Prague's Patria Finance said he expected &quot;considerable&quot; budget cuts, anti-import administrative measures and a rise in consumption taxes to dampen demand.</p>
<p>* Matt Starr, bond trader at Creditanstalt Prague, said he expected a cap on wages, budget cuts, a move to separate invesment funds from banks -- an often-repeated problem in the capital markets -- and more support for the Export Guarantee and Insurance agency (EGAP) and state export bank.</p>
<p>-- Prague Newsroom, 420-2-2423-0003</p>
</text>
<copyright>(c) Reuters Limited 1997</copyright>
<metadata>
<codes class="bip:countries:1.0">
  <code code="CZREP">
    <editdetail attribution="Reuters BIP Coding Group" action="confirmed" date="1997-04-15"/>
  </code>
  <code code="UK">
    <editdetail attribution="Reuters BIP Coding Group" action="confirmed" date="1997-04-15"/>
  </code>
</codes>
<codes class="bip:topics:1.0">
  <code code="E12">
    <editdetail attribution="Reuters BIP Coding Group" action="confirmed" date="1997-04-15"/>
  </code>
  <code code="E21">
    <editdetail attribution="Reuters BIP Coding Group" action="confirmed" date="1997-04-15"/>
  </code>
  <code code="E211">
    <editdetail attribution="Reuters BIP Coding Group" action="confirmed" date="1997-04-15"/>
  </code>
  <code code="E51">
    <editdetail attribution="Reuters BIP Coding Group" action="confirmed" date="1997-04-15"/>
  </code>
  <code code="E512">
    <editdetail attribution="Reuters BIP Coding Group" action="confirmed" date="1997-04-15"/>
  </code>
  <code code="ECAT">
    <editdetail attribution="Reuters BIP Coding Group" action="confirmed" date="1997-04-15"/>
  </code>
  <code code="GCAT">
    <editdetail attribution="Reuters BIP Coding Group" action="confirmed" date="1997-04-15"/>
  </code>
  <code code="GPOL">
    <editdetail attribution="Reuters BIP Coding Group" action="confirmed" date="1997-04-15"/>
  </code>
</codes>
<dc element="dc.date.created" value="1997-04-15"/>
<dc element="dc.publisher" value="Reuters Holdings Plc"/>
<dc element="dc.date.published" value="1997-04-15"/>
<dc element="dc.source" value="Reuters"/>
<dc element="dc.creator.location" value="PRAGUE"/>
<dc element="dc.creator.location.country.name" value="CZECH REPUBLIC"/>
<dc element="dc.source" value="Reuters"/>
</metadata>
</newsitem>
