<?xml version="1.0" encoding="iso-8859-1" ?>
<newsitem itemid="508639" id="root" date="1997-04-15" xml:lang="en">
<title>BULGARIA: BULGARIA COMPLETES BIGGEST SELL-OFF WITH SODI DEAL.</title>
<headline>BULGARIA COMPLETES BIGGEST SELL-OFF WITH SODI DEAL.</headline>
<dateline>SOFIA 1997-04-15</dateline>
<text>
<p>The sale by Bulgaria's Privatisation Agency of 60 percent in soda ash producer Sodi to Belgian chemicals and drugs group Solvay SA for $160 million is Bulgaria's biggest sell-off so far.</p>
<p>&quot;This is the biggest privatisation deal in Bulgaria,&quot; said Privatisation Agency director Alexander Sabotinov. &quot;It is a proof of the firm commitment of the Bulgarian government to implementing effective structural reforms.&quot;</p>
<p>The remaining shares in Sodi will be offered to Bulgarian investors through the country's mass privatisation programme and to Sodi staff.</p>
<p>Francois Massart, Solvay's treasury and corporate finance director, said Italian anti-trust authorities cleared the purchase on April 10 after Solvay agreed to share Sodi's output capacity with Turkish glass and chemicals producer Sise Cam.</p>
<p>To reduce pressure on the Italian market Sise Cam will take 25 percent of Sodi's production.</p>
<p>Solvay is negotiating to sell on part of its stake to Sise Cam and the European Bank for Reconstruction and Development (EBRD), Massart said. He said the EBRD was considering investing $40 million and Sise Cam $30 million.</p>
<p>Under the contract Solvay will invest $67 million in the next five years to increase dense soda ash capacity from 400,000 tonnes a year at present and on modernisation and environmental improvements.</p>
<p>With yearly capacity of 1.2 million tonnes of sodium carbonate -- used among other things in glass, detergents, water and fumes treatment -- Sodi is the world's largest synthetic soda ash plant.</p>
<p>Solvay and the Privatisation Agency also agreed on the long term supply of limestone and salt as raw material and of steam and electricity, as well as the use of Varna harbour.</p>
<p>Solvay said that through the acquisition it would gain access to emerging markets in the Balkans, the Middle East, and Central Asia.</p>
<p>-- Sofia Newsroom +359-2 981 4145</p>
</text>
<copyright>(c) Reuters Limited 1997</copyright>
<metadata>
<codes class="bip:countries:1.0">
  <code code="BELG">
    <editdetail attribution="Reuters BIP Coding Group" action="confirmed" date="1997-04-15"/>
  </code>
  <code code="BUL">
    <editdetail attribution="Reuters BIP Coding Group" action="confirmed" date="1997-04-15"/>
  </code>
  <code code="TURK">
    <editdetail attribution="Reuters BIP Coding Group" action="confirmed" date="1997-04-15"/>
  </code>
</codes>
<codes class="bip:industries:1.0">
  <code code="I24700">
    <editdetail attribution="Reuters BIP Coding Group" action="confirmed" date="1997-04-15"/>
  </code>
  <code code="I25000">
    <editdetail attribution="Reuters BIP Coding Group" action="confirmed" date="1997-04-15"/>
  </code>
  <code code="I81501">
    <editdetail attribution="Reuters BIP Coding Group" action="confirmed" date="1997-04-15"/>
  </code>
  <code code="I8150106">
    <editdetail attribution="Reuters BIP Coding Group" action="confirmed" date="1997-04-15"/>
  </code>
</codes>
<codes class="bip:topics:1.0">
  <code code="C18">
    <editdetail attribution="Reuters BIP Coding Group" action="confirmed" date="1997-04-15"/>
  </code>
  <code code="C181">
    <editdetail attribution="Reuters BIP Coding Group" action="confirmed" date="1997-04-15"/>
  </code>
  <code code="C183">
    <editdetail attribution="Reuters BIP Coding Group" action="confirmed" date="1997-04-15"/>
  </code>
  <code code="CCAT">
    <editdetail attribution="Reuters BIP Coding Group" action="confirmed" date="1997-04-15"/>
  </code>
</codes>
<dc element="dc.date.created" value="1997-04-15"/>
<dc element="dc.publisher" value="Reuters Holdings Plc"/>
<dc element="dc.date.published" value="1997-04-15"/>
<dc element="dc.source" value="Reuters"/>
<dc element="dc.creator.location" value="SOFIA"/>
<dc element="dc.creator.location.country.name" value="BULGARIA"/>
<dc element="dc.source" value="Reuters"/>
</metadata>
</newsitem>
