<?xml version="1.0" encoding="iso-8859-1" ?>
<newsitem itemid="508686" id="root" date="1997-04-15" xml:lang="en">
<title>UK: Clean tanker fixtures/enquiries.</title>
<headline>Clean tanker fixtures/enquiries.</headline>
<dateline>LONDON 1997-04-15</dateline>
<text>
<p>Latest fixtures:</p>
<p>Sitalouise     55 10/5 Mideast/Hesira	W205    Reliance</p>
<p>Sanmar Spirit  44 25/4 Mideast/EC India    W175    Stasco</p>
<p>Jag Pranam   43.8 22/4 Mideast/EC India    W175    Stasco</p>
<p>Maykop	   29 24/4 Mideast/EC India    W205    Petrodiamond</p>
<p>Diyyinah	 30 20/4 Ulsan/S. China    $225,000  Yukong</p>
<p>Osprey Lyra    30 23/4 Daesan/China	$195,000  Chevron</p>
<p>Great Promise  28 22/4 S. Korea/S. China $225,000  Sinochem Seaford	  30 20/4 Durban/Beira	  RNR     Vitol</p>
<p>Bona Mariner   30 21/4 Alexandria/USAC     W195    Nova</p>
<p>Progreso	 24 23/4 Lavera/Lebanon    $250,000  Falcon</p>
<p>Arcadia I	28 15/4 Cont/W. Africa	W220    Trafigura</p>
<p>Belgalantry    33 25/4 Caribs/Brazil	 W240    Petrobras</p>
<p>Nomad	    32 23/4 cross-Caribs	$220,000  PDV</p>
<p>Mek. Garovnik 28.5 21/4 Caribs/USAC	  W280    Northville</p>
</text>
<copyright>(c) Reuters Limited 1997</copyright>
<metadata>
<codes class="bip:countries:1.0">
  <code code="UK">
    <editdetail attribution="Reuters BIP Coding Group" action="confirmed" date="1997-04-15"/>
  </code>
</codes>
<codes class="bip:topics:1.0">
  <code code="M14">
    <editdetail attribution="Reuters BIP Coding Group" action="confirmed" date="1997-04-15"/>
  </code>
  <code code="MCAT">
    <editdetail attribution="Reuters BIP Coding Group" action="confirmed" date="1997-04-15"/>
  </code>
</codes>
<dc element="dc.date.created" value="1997-04-15"/>
<dc element="dc.publisher" value="Reuters Holdings Plc"/>
<dc element="dc.date.published" value="1997-04-15"/>
<dc element="dc.source" value="Reuters"/>
<dc element="dc.creator.location" value="LONDON"/>
<dc element="dc.creator.location.country.name" value="UK"/>
<dc element="dc.source" value="Reuters"/>
</metadata>
</newsitem>
