<?xml version="1.0" encoding="iso-8859-1" ?>
<newsitem itemid="508635" id="root" date="1997-04-15" xml:lang="en">
<title>LITHUANIA: LITHUANIA - HERMIS WANTS BIGGER STAKE IN SIAULIU BANK.</title>
<headline>LITHUANIA - HERMIS WANTS BIGGER STAKE IN SIAULIU BANK.</headline>
<dateline>VILNIUS 1997-04-15</dateline>
<text>
<p>Sources in Lithuania's central bank said on Tuesday that Hermis Bank wanted to acquire a 51 percent stake in Siauliu Bank.  </p>
<p>The sources, who did not wish to be identified, said that Hermis, which already has a small stake in Siauliu Bank, had submitted an application to raise its stake to 51 percent.</p>
<p>Hermis is the second largest private bank in Lithuania and it has expressed an interest in buying into other banks.</p>
<p>Siauliu Bank is one of the country's smallest commercial banks and has been singled out by the central bank as a contender for merger.</p>
<p>It managed a net profit of 3.9 million litas last year after a loss of 2.9 million litas in 1995.</p>
<p>--Andrius Vilkancas, Vilnius newsroom +370 2 22 35 18</p>
</text>
<copyright>(c) Reuters Limited 1997</copyright>
<metadata>
<codes class="bip:countries:1.0">
  <code code="LITH">
    <editdetail attribution="Reuters BIP Coding Group" action="confirmed" date="1997-04-15"/>
  </code>
</codes>
<codes class="bip:industries:1.0">
  <code code="I81402">
    <editdetail attribution="Reuters BIP Coding Group" action="confirmed" date="1997-04-15"/>
  </code>
</codes>
<codes class="bip:topics:1.0">
  <code code="C13">
    <editdetail attribution="Reuters BIP Coding Group" action="confirmed" date="1997-04-15"/>
  </code>
  <code code="C18">
    <editdetail attribution="Reuters BIP Coding Group" action="confirmed" date="1997-04-15"/>
  </code>
  <code code="C181">
    <editdetail attribution="Reuters BIP Coding Group" action="confirmed" date="1997-04-15"/>
  </code>
  <code code="CCAT">
    <editdetail attribution="Reuters BIP Coding Group" action="confirmed" date="1997-04-15"/>
  </code>
</codes>
<dc element="dc.date.created" value="1997-04-15"/>
<dc element="dc.publisher" value="Reuters Holdings Plc"/>
<dc element="dc.date.published" value="1997-04-15"/>
<dc element="dc.source" value="Reuters"/>
<dc element="dc.creator.location" value="VILNIUS"/>
<dc element="dc.creator.location.country.name" value="LITHUANIA"/>
<dc element="dc.source" value="Reuters"/>
</metadata>
</newsitem>
