<?xml version="1.0" encoding="iso-8859-1" ?>
<newsitem itemid="508670" id="root" date="1997-04-15" xml:lang="en">
<title>NETHERLANDS: OCE SAYS NEW PRODUCTS WILL BOOST H2 RESULT.</title>
<headline>OCE SAYS NEW PRODUCTS WILL BOOST H2 RESULT.</headline>
<dateline>VENLO, Netherlands 1997-04-15</dateline>
<text>
<p>Printer and copier maker Oce said on Tuesday sales of new products were developing well and were expected to make a clear contribution to results in the second half of the year.</p>
<p>&quot;Deliveries of the high-volume digital copier Oce 9700 are ...in full swing,&quot; the company said in a statement. &quot;Particularly during the second half of 1997 the Oce 9700 will make a clear contribution to results.&quot;</p>
<p>In the office systems segment, Oce said it had built up a large order portfolio for its Oce 3165, a digital high-volume multifunctional network copier/printer.</p>
<p>&quot;The Oce 3165 is expected to make a significant contribution particularly in the second half of 1997,&quot; it said.</p>
<p>Printing Systems, Oce's new business unit incorporating the printer activities acquired from Siemens last April, booked &quot;excellent first quarter results&quot; mainly due to demand for fanfold and cutsheet printers, Oce said.</p>
<p>It said the unit had booked a number of major orders in the first quarter.</p>
<p>The printer and copier maker, which earlier reported first-quarter net earnings up 62 percent at 44.3 million guilders, gave no fresh profit forecast for the full year.</p>
<p>Oce said at the presentation of 1996 results in February it expected growth in net profit to outstrip the expected sales growth of at least 19.9 percent.</p>
<p>First-quarter turnover rose 55 percent to 1.20 billion guilders, propelled mainly by acquisitions and favourable exchange rate effects.</p>
<p>-- Amsterdam newsroom +31 20 504 5000, Fax +31 20 504 5040</p>
</text>
<copyright>(c) Reuters Limited 1997</copyright>
<metadata>
<codes class="bip:countries:1.0">
  <code code="NETH">
    <editdetail attribution="Reuters BIP Coding Group" action="confirmed" date="1997-04-15"/>
  </code>
</codes>
<codes class="bip:industries:1.0">
  <code code="I33010">
    <editdetail attribution="Reuters BIP Coding Group" action="confirmed" date="1997-04-15"/>
  </code>
</codes>
<codes class="bip:topics:1.0">
  <code code="C15">
    <editdetail attribution="Reuters BIP Coding Group" action="confirmed" date="1997-04-15"/>
  </code>
  <code code="C152">
    <editdetail attribution="Reuters BIP Coding Group" action="confirmed" date="1997-04-15"/>
  </code>
  <code code="C22">
    <editdetail attribution="Reuters BIP Coding Group" action="confirmed" date="1997-04-15"/>
  </code>
  <code code="CCAT">
    <editdetail attribution="Reuters BIP Coding Group" action="confirmed" date="1997-04-15"/>
  </code>
</codes>
<dc element="dc.date.created" value="1997-04-15"/>
<dc element="dc.publisher" value="Reuters Holdings Plc"/>
<dc element="dc.date.published" value="1997-04-15"/>
<dc element="dc.source" value="Reuters"/>
<dc element="dc.creator.location" value="VENLO, Netherlands"/>
<dc element="dc.creator.location.country.name" value="NETHERLANDS"/>
<dc element="dc.source" value="Reuters"/>
</metadata>
</newsitem>
