<?xml version="1.0" encoding="iso-8859-1" ?>
<newsitem itemid="508601" id="root" date="1997-04-15" xml:lang="en">
<title>POLAND: GM UNIT TO INVEST $38 MLN IN POLAND BY 2001.</title>
<headline>GM UNIT TO INVEST $38 MLN IN POLAND BY 2001.</headline>
<dateline>WARSAW 1997-04-15</dateline>
<text>
<p>The U.S. Delphi Automotive Systems, a unit of General Motors Corp plans to invest $38 million in a car accessories factory in a special economic zone in southern Poland, the zone's official said on Tuesday.</p>
<p>Wlodzimierz Zak told Reuters a Polish firm Delphi Polska Automotive Systems sp z oo, 100-percent owned by U.S. Delphi had already paid 2.7 million zlotys for buildings in the zone and said the factory was likely to employ 200.</p>
<p>&quot;The total investments will amount to $38 million by 2001,&quot; he said, added that eight million of the sum would be earmarked for buildings and land purchase and $30 million for the factory's equipment.</p>
<p>Germany's Adam Opel AG, a GM subsidiary is about to start construction of its 500 million mark car factory to employ 2,000, located in the southern town of Gliwice. It is due to be completed by the end of 1998.</p>
<p>-- Warsaw Newsroom +48 22 653 9700</p>
</text>
<copyright>(c) Reuters Limited 1997</copyright>
<metadata>
<codes class="bip:countries:1.0">
  <code code="POL">
    <editdetail attribution="Reuters BIP Coding Group" action="confirmed" date="1997-04-15"/>
  </code>
  <code code="USA">
    <editdetail attribution="Reuters BIP Coding Group" action="confirmed" date="1997-04-15"/>
  </code>
</codes>
<codes class="bip:industries:1.0">
  <code code="I35101">
    <editdetail attribution="Reuters BIP Coding Group" action="confirmed" date="1997-04-15"/>
  </code>
</codes>
<codes class="bip:topics:1.0">
  <code code="C11">
    <editdetail attribution="Reuters BIP Coding Group" action="confirmed" date="1997-04-15"/>
  </code>
  <code code="CCAT">
    <editdetail attribution="Reuters BIP Coding Group" action="confirmed" date="1997-04-15"/>
  </code>
</codes>
<dc element="dc.date.created" value="1997-04-15"/>
<dc element="dc.publisher" value="Reuters Holdings Plc"/>
<dc element="dc.date.published" value="1997-04-15"/>
<dc element="dc.source" value="Reuters"/>
<dc element="dc.creator.location" value="WARSAW"/>
<dc element="dc.creator.location.country.name" value="POLAND"/>
<dc element="dc.source" value="Reuters"/>
</metadata>
</newsitem>
