<?xml version="1.0" encoding="iso-8859-1" ?>
<newsitem itemid="508653" id="root" date="1997-04-15" xml:lang="en">
<title>POLAND: POLAND'S ZAMOSC PLANS MUNI ISSUE, TO SEEK AGENT.</title>
<headline>POLAND'S ZAMOSC PLANS MUNI ISSUE, TO SEEK AGENT.</headline>
<dateline>WARSAW 1997-04-15</dateline>
<text>
<p>The south-eastern Polish city of Zamosc plans to issue municipal bonds worth between six and 10 million zlotys in the last quarter of 1997 and will seek an agent for the issue, the city's president said on Tuesday.</p>
<p>Irena Liberacka told Reuters that city officials will likely decide on April 28 the scope of the issue, originally planned for six million zlotys, and begin the process of finding the issue's agent.</p>
<p>&quot;On the April 28 meeting we will propose the larger 10 million zloty municipal bond issue and we plan to start the process to find the agent after the session,&quot; Liberacka said.</p>
<p>She said that independent bank evaluations showed that Zamosc could safely issue bonds for more than the six million envisaged in its 1997 budget.</p>
<p>Zamosc wants to use funds from the issue to exchange its fleet of city busses.</p>
<p>-- Wojciech Moskwa +48 22 653 9700</p>
</text>
<copyright>(c) Reuters Limited 1997</copyright>
<metadata>
<codes class="bip:countries:1.0">
  <code code="POL">
    <editdetail attribution="Reuters BIP Coding Group" action="confirmed" date="1997-04-15"/>
  </code>
</codes>
<codes class="bip:topics:1.0">
  <code code="E21">
    <editdetail attribution="Reuters BIP Coding Group" action="confirmed" date="1997-04-15"/>
  </code>
  <code code="E212">
    <editdetail attribution="Reuters BIP Coding Group" action="confirmed" date="1997-04-15"/>
  </code>
  <code code="ECAT">
    <editdetail attribution="Reuters BIP Coding Group" action="confirmed" date="1997-04-15"/>
  </code>
</codes>
<dc element="dc.date.created" value="1997-04-15"/>
<dc element="dc.publisher" value="Reuters Holdings Plc"/>
<dc element="dc.date.published" value="1997-04-15"/>
<dc element="dc.source" value="Reuters"/>
<dc element="dc.creator.location" value="WARSAW"/>
<dc element="dc.creator.location.country.name" value="POLAND"/>
<dc element="dc.source" value="Reuters"/>
</metadata>
</newsitem>
