<?xml version="1.0" encoding="iso-8859-1" ?>
<newsitem itemid="508685" id="root" date="1997-04-15" xml:lang="en">
<title>UK: UK cash grain little changed and quiet.</title>
<headline>UK cash grain little changed and quiet.</headline>
<dateline>LONDON 1997-04-15</dateline>
<text>
<p>UK cash grains were little changed on Tuesday despite sharply lower futures.</p>
<p>&quot;The cash market didn't really follow the futures on Monday so there is no reason for it to come down,&quot; said one broker.</p>
<p>Brokers said Monday's rise on the futures market appears to have been overdone and some correction is due.</p>
<p>Brokers also pointed to a report late on Monday afternoon forecasting rain in May.</p>
<p>There were no quotes on the fob market and delivered business was very thin.</p>
<p>Feed wheat in East Anglia was trading at 99 stg for Apr and 106 and 105.50 stg for Jul while in Liverpool 100 stg was paid for Apr.</p>
<p>Old crop feed barley was trading around 95.50 stg for Apr in west Norfolk and 97 and 96.50 stg in Norfolk/Suffolk.</p>
<p>--Jim Ballantyne, London Newsroom, +44 171 542 8062</p>
</text>
<copyright>(c) Reuters Limited 1997</copyright>
<metadata>
<codes class="bip:countries:1.0">
  <code code="UK">
    <editdetail attribution="Reuters BIP Coding Group" action="confirmed" date="1997-04-15"/>
  </code>
</codes>
<codes class="bip:topics:1.0">
  <code code="M14">
    <editdetail attribution="Reuters BIP Coding Group" action="confirmed" date="1997-04-15"/>
  </code>
  <code code="M141">
    <editdetail attribution="Reuters BIP Coding Group" action="confirmed" date="1997-04-15"/>
  </code>
  <code code="MCAT">
    <editdetail attribution="Reuters BIP Coding Group" action="confirmed" date="1997-04-15"/>
  </code>
</codes>
<dc element="dc.date.created" value="1997-04-15"/>
<dc element="dc.publisher" value="Reuters Holdings Plc"/>
<dc element="dc.date.published" value="1997-04-15"/>
<dc element="dc.source" value="Reuters"/>
<dc element="dc.creator.location" value="LONDON"/>
<dc element="dc.creator.location.country.name" value="UK"/>
<dc element="dc.source" value="Reuters"/>
</metadata>
</newsitem>
