<?xml version="1.0" encoding="iso-8859-1" ?>
<newsitem itemid="508614" id="root" date="1997-04-15" xml:lang="en">
<title>POLAND: STALEXPORT SIGNS PLN 15 MLN TAIWAN DEALS.</title>
<headline>STALEXPORT SIGNS PLN 15 MLN TAIWAN DEALS.</headline>
<dateline>WARSAW 1997-04-15</dateline>
<text>
<p>Polish steel trader Stalexport SA has signed several contracts worth a total of 15 million zlotys on exporting steel to Taiwan, the company said in a statement on Tuesday.</p>
<p>Stalexport said the steel would come from its subsidiary Elstal Labedy.</p>
<p>-- Warsaw Newsroom +48 22 653 9700</p>
</text>
<copyright>(c) Reuters Limited 1997</copyright>
<metadata>
<codes class="bip:countries:1.0">
  <code code="POL">
    <editdetail attribution="Reuters BIP Coding Group" action="confirmed" date="1997-04-15"/>
  </code>
</codes>
<codes class="bip:industries:1.0">
  <code code="I61000">
    <editdetail attribution="Reuters BIP Coding Group" action="confirmed" date="1997-04-15"/>
  </code>
</codes>
<codes class="bip:topics:1.0">
  <code code="C33">
    <editdetail attribution="Reuters BIP Coding Group" action="confirmed" date="1997-04-15"/>
  </code>
  <code code="CCAT">
    <editdetail attribution="Reuters BIP Coding Group" action="confirmed" date="1997-04-15"/>
  </code>
</codes>
<dc element="dc.date.created" value="1997-04-15"/>
<dc element="dc.publisher" value="Reuters Holdings Plc"/>
<dc element="dc.date.published" value="1997-04-15"/>
<dc element="dc.source" value="Reuters"/>
<dc element="dc.creator.location" value="WARSAW"/>
<dc element="dc.creator.location.country.name" value="POLAND"/>
<dc element="dc.source" value="Reuters"/>
</metadata>
</newsitem>
