<?xml version="1.0" encoding="iso-8859-1" ?>
<newsitem itemid="508696" id="root" date="1997-04-15" xml:lang="en">
<title>UK: London LIFFE futures APT closing prices.</title>
<headline>London LIFFE futures APT closing prices.</headline>
<dateline>LONDON 1997-04-15</dateline>
<text>
<p>London International Financial Futures Exchange automated pit trading (APT) tabular details:</p>
<p>   CONTRACT (MONTH)     APT CLOSE  SETTLEMENT  PREVIOUS SETTLE</p>
<p>   LONG GILT (JUN) (1/32)   109-28	109-24	   108-27</p>
<p>   SHORT STERLING (JUN)	93.43	 93.43	    93.40</p>
<p>   GERMAN GOVT BOND (JUN)   100.83	100.87	    99.91</p>
<p>   EUROMARK (MAY)		  N/A	   N/A	    96.75</p>
<p>   ITALIAN GOVT BOND (JUN)  129.02	129.02	   128.17</p>
<p>   EUROLIRA (JUN)		93.28	 93.28	    93.19</p>
<p>   EUROSWISS (JUN)	     98.09	 98.09	    98.07</p>
<p>   FTSE 100 (JUN)	   4,317.00    4,314.00	 4,273.00</p>
</text>
<copyright>(c) Reuters Limited 1997</copyright>
<metadata>
<codes class="bip:countries:1.0">
  <code code="UK">
    <editdetail attribution="Reuters BIP Coding Group" action="confirmed" date="1997-04-15"/>
  </code>
</codes>
<codes class="bip:topics:1.0">
  <code code="M12">
    <editdetail attribution="Reuters BIP Coding Group" action="confirmed" date="1997-04-15"/>
  </code>
  <code code="M13">
    <editdetail attribution="Reuters BIP Coding Group" action="confirmed" date="1997-04-15"/>
  </code>
  <code code="M131">
    <editdetail attribution="Reuters BIP Coding Group" action="confirmed" date="1997-04-15"/>
  </code>
  <code code="MCAT">
    <editdetail attribution="Reuters BIP Coding Group" action="confirmed" date="1997-04-15"/>
  </code>
</codes>
<dc element="dc.date.created" value="1997-04-15"/>
<dc element="dc.publisher" value="Reuters Holdings Plc"/>
<dc element="dc.date.published" value="1997-04-15"/>
<dc element="dc.source" value="Reuters"/>
<dc element="dc.creator.location" value="LONDON"/>
<dc element="dc.creator.location.country.name" value="UK"/>
<dc element="dc.source" value="Reuters"/>
</metadata>
</newsitem>
