<?xml version="1.0" encoding="iso-8859-1" ?>
<newsitem itemid="508671" id="root" date="1997-04-15" xml:lang="en">
<title>FRANCE: FRENCH WOMEN LIKE ROMANCE, MEN FAVOUR SAFE SEX.</title>
<headline>FRENCH WOMEN LIKE ROMANCE, MEN FAVOUR SAFE SEX.</headline>
<dateline>PARIS 1996-04-16</dateline>
<text>
<p>Romance is still alive for French women, who fall for men who shower them with gifts. But French men favour a partner who carries a condom in her bag.</p>
<p>An opinion poll released on Tuesday by the BVA institute for the weekly magazine Paris Match showed that 63 percent of women would favour a &quot;reserved man who prefers to listen&quot; over a muscular surfer-type or a know-it-all intellectual.</p>
<p>And in a blow for the fashion and cosmetics industries, 77 percent of men preferred a natural-looking woman to one dressed in chic clothes or sporting a mini-skirt and high heels.</p>
<p>To be seduced, 49 percent of women preferred the passionate lover who sent flowers and bombarded her with telephone calls, while 27 percent would fall for a man who played the role of the dark and tormented soul.</p>
<p>Fifty-two percent of men, in bed with a woman for the first time, liked the idea of her being prepared and pulling a condom out of her handbag. Just 27 percent preferred her to be passionate and declaring her love in the heat of the moment.</p>
<p>Ten percent favoured the other option, that she was &quot;imaginative and asks you to tie her to the bed&quot;. The poll, of 524 women and 524 men, was taken on April 11 and 12.</p>
</text>
<copyright>(c) Reuters Limited 1997</copyright>
<metadata>
<codes class="bip:countries:1.0">
  <code code="FRA">
    <editdetail attribution="Reuters BIP Coding Group" action="confirmed" date="1997-04-15"/>
  </code>
</codes>
<codes class="bip:topics:1.0">
  <code code="GCAT">
    <editdetail attribution="Reuters BIP Coding Group" action="confirmed" date="1997-04-15"/>
  </code>
  <code code="GENT">
    <editdetail attribution="Reuters BIP Coding Group" action="confirmed" date="1997-04-15"/>
  </code>
  <code code="GODD">
    <editdetail attribution="Reuters BIP Coding Group" action="confirmed" date="1997-04-15"/>
  </code>
</codes>
<dc element="dc.date.created" value="1996-04-16"/>
<dc element="dc.publisher" value="Reuters Holdings Plc"/>
<dc element="dc.date.published" value="1997-04-15"/>
<dc element="dc.source" value="Reuters"/>
<dc element="dc.creator.location" value="PARIS"/>
<dc element="dc.creator.location.country.name" value="FRANCE"/>
<dc element="dc.source" value="Reuters"/>
</metadata>
</newsitem>
