<?xml version="1.0" encoding="iso-8859-1" ?>
<newsitem itemid="508644" id="root" date="1997-04-15" xml:lang="en">
<title>ESTONIA: PARLIAMENT BOOSTS EXCISE TAX FOR LARGE BREWERS.</title>
<headline>PARLIAMENT BOOSTS EXCISE TAX FOR LARGE BREWERS.</headline>
<dateline>TALLINN 1997-04-15</dateline>
<text>
<p>Estonia's parliament on Tuesday approved changes to the excise law, which will increase the excise duty for leading brewer Saku and foreign beer importers.</p>
<p>Saku, owned by Baltic Beverages, itself a joint venture between Finnish Hartwall and Nordic brewer Pripps, is the leading beer maker in Estonia.</p>
<p>The law says brewers making over 20 million decalitres of beer, like Saku and foreign firms, must pay three kroons on low alcohol beer and 3.5 kroons on high alcohol beer from July 1.</p>
<p>Under the present law, the excise tax for large producers is 0.50 kroons lower.</p>
<p>Breweries producing 500,000 to 20 million decalitres have a tax rate of 2.5 and 3.00 kroons and for breweries producing 500,000 decalitres, the rate is 2.00 and 2.50 kroons.</p>
<p>Politicians said the state would get about 20 million kroons of additional taxes with the new law.</p>
<p>&quot;The decision was reached as a result of many disputes,&quot; a member of the Reform Party fraction, Jurgen Ligi, told Reuters.</p>
<p>&quot;The law will hit Saku and importers and leaves a gap between Estonian producers,&quot; he added.</p>
<p>&quot;The law will interfere in the competition between Saku and Tartu Breweries,&quot; Ligi said.</p>
<p>Tartu, in which Finnish Olvi bought a 15 percent stake, has been trying to catch more market share from Saku, which is the dominant force on the Estonian market.</p>
<p>&quot;It is in contradiction with the principles of the World Trade Organisation (WTO) and the question is whether we will be forgiven or not,&quot; he said.</p>
<p>Estonia has applied for membership of the WTO and hopes to gain it this year.</p>
<p>-- Eva Palu, Tallinn newsroom, +372 630 8400, reuters@reuters.ee</p>
</text>
<copyright>(c) Reuters Limited 1997</copyright>
<metadata>
<codes class="bip:countries:1.0">
  <code code="ESTNIA">
    <editdetail attribution="Reuters BIP Coding Group" action="confirmed" date="1997-04-15"/>
  </code>
</codes>
<codes class="bip:industries:1.0">
  <code code="I42700">
    <editdetail attribution="Reuters BIP Coding Group" action="confirmed" date="1997-04-15"/>
  </code>
  <code code="I83960">
    <editdetail attribution="Reuters BIP Coding Group" action="confirmed" date="1997-04-15"/>
  </code>
</codes>
<codes class="bip:topics:1.0">
  <code code="C13">
    <editdetail attribution="Reuters BIP Coding Group" action="confirmed" date="1997-04-15"/>
  </code>
  <code code="CCAT">
    <editdetail attribution="Reuters BIP Coding Group" action="confirmed" date="1997-04-15"/>
  </code>
</codes>
<dc element="dc.date.created" value="1997-04-15"/>
<dc element="dc.publisher" value="Reuters Holdings Plc"/>
<dc element="dc.date.published" value="1997-04-15"/>
<dc element="dc.source" value="Reuters"/>
<dc element="dc.creator.location" value="TALLINN"/>
<dc element="dc.creator.location.country.name" value="ESTONIA"/>
<dc element="dc.source" value="Reuters"/>
</metadata>
</newsitem>
