<?xml version="1.0" encoding="iso-8859-1" ?>
<newsitem itemid="508684" id="root" date="1997-04-15" xml:lang="en">
<title>UK: UK shares end with solid gains, tracking Dow rally.</title>
<headline>UK shares end with solid gains, tracking Dow rally.</headline>
<text>
<p>** UK shares end with solid gains, tracking a steep</p>
<p>	 rally on Wall Street after news of a smaller-than-</p>
<p>	 expected 0.1 percent rise in U.S. CPI. Bonds, gilts</p>
<p>	 surge on inflation data.</p>
<p>** British Airways jumps as SBC Warburg repeats &quot;buy.&quot;  </p>
<p>&quot;The markets had factored in a lot of bad news and now it's running on relief,&quot; said one dealer.</p>
<p>Yet many market watchers questioned how long the relief rally would last.</p>
<p>&quot;These (CPI) figures clearly show that inflation remains subdued, but it won't stop the Fed from tightening,&quot; said DKB International economist Nick Stamenkovic.</p>
<p>He said the next obstacles for the market are the U.S. employment cost index and gross domestic product data, due at the end of the month.  </p>
<p>&quot;I can't see today's rally being sustained for too long,&quot; he added.</p>
<p>Just last week, a larger-than-expected rise in the U.S. producer price index raised fears the Federal Reserve would tighten more aggressively to stamp out inflation.</p>
<p>Stock strategist David Aserkoff of Credit Suisse First Boston said he didn't expect the increase at the producer level to translate into higher consumer prices in upcoming months.</p>
<p>&quot;Higher producer prices won't filter down anytime soon. It was a bit of a market concern, but it's not an economic reality,&quot; he said.  </p>
<p>Yet Aserkoff said he was still looking for the Fed to tighten further at its next policy meeting next month.</p>
<p>&quot;This is a bit of a holiday in the sun for the markets, but I don't think this is a sign that the Fed is not going to tighten further,&quot; Aserkoff said.</p>
<p>Dealers also noted that UK rates are set to move higher after the May 1 election.</p>
<p>They were waiting for UK data on unemployment and public sector borrowing, due for release on Wednesday.</p>
<p>Meanwhile, worries about the possibility of a hung Parliament is likely to continue to unnerve investors over the near-term, dealers said.</p>
<p>&quot;The biggest single factor at the moment is still Wall Street and everyone knows you can't trust Wall Street,&quot; said another dealer.</p>
<p>Among individual stocks, shares in Zeneca Plc, the worst performer in the FTSE 100, tumbled 37p, or two percent, to 1797p, after Swiss rival Roche Holding AG, frequently named as a possible bidder, made no mention of any bid intentions when reporting first-quarter sales results.</p>
<p>Among the best performers on the FTSE 100 were shares in Great Universal Stores Plc, which added 18p, or 2.8 percent, to 651-1/2.</p>
<p>The shares jumped on an upbeat press report, adding to Monday's rise on the back of its acquisition of Direct Marketing Technology and an upgrade from SBC Warburg.</p>
<p>The Times said the retailing group's most recent acquisition was a good match for Experian, which GUS acquired last year.</p>
<p>Shares in British Airways Plc firmed 7p to 516-1/2p, after SBC Warburg repeated a &quot;buy&quot; rating and a 750p price target in a review of the transport sector, dealers said. -- London Newsroom +44 171 542 5106</p>
</text>
<copyright>(c) Reuters Limited 1997</copyright>
<metadata>
<codes class="bip:countries:1.0">
  <code code="UK">
    <editdetail attribution="Reuters BIP Coding Group" action="confirmed" date="1997-04-15"/>
  </code>
</codes>
<codes class="bip:topics:1.0">
  <code code="M11">
    <editdetail attribution="Reuters BIP Coding Group" action="confirmed" date="1997-04-15"/>
  </code>
  <code code="MCAT">
    <editdetail attribution="Reuters BIP Coding Group" action="confirmed" date="1997-04-15"/>
  </code>
</codes>
<dc element="dc.publisher" value="Reuters Holdings Plc"/>
<dc element="dc.date.published" value="1997-04-15"/>
<dc element="dc.source" value="Reuters"/>
<dc element="dc.creator.location.country.name" value="UK"/>
<dc element="dc.source" value="Reuters"/>
</metadata>
</newsitem>
