<?xml version="1.0" encoding="iso-8859-1" ?>
<newsitem itemid="508687" id="root" date="1997-04-15" xml:lang="en">
<title>UK: Dirty tankers fixtures/enquiries.</title>
<headline>Dirty tankers fixtures/enquiries.</headline>
<dateline>LONDON 1997-04-15</dateline>
<text>
<p>Latest fixtures:</p>
<p>- MIDDLE EAST</p>
<p>Sabang	    260 end-April Mideast/S. Korea RNR   Ssangyong</p>
<p>Thai Resource   260  -/5 Mideast/China	   COA   Unipec</p>
<p>Apollo Akama    250  2/5 Mideast/Philippines   W52   Petron</p>
<p>Sovereign Unity 270  2/5 Yanbu/S. Korea	  W50   Ssangyong</p>
<p>- ASIA/PACIFIC</p>
<p>Spiros	     60 25/4 Miri/Colombo	   $394,000 Ceypet</p>
<p>Irene		40  5/5 Melbourne/Singapore  $275,000 Mobil</p>
<p>Siena		35 16/4 Map Ta Phut/S'pore    RNR     IGP</p>
<p>- MED/BLACK SEA</p>
<p>Tomis Integrity  82 26/4 Arzew/Spain	     W127.5  Cepsa</p>
<p>Singa Star	 82 20/4 Bejaia/Rotterdam	W112.5  Fleet</p>
<p>Ist		  80 17/4 Libya/Genoa	     RNR     Tamoil</p>
<p>Akad. Pustovoyt  80 26/4 Tunisia/UKC Med	 W117.5  Total</p>
<p>Vukovar	    80 23/4 Banias/Med		W120    Sinochem</p>
<p>Frankopan	  80 28/4 Banias/Italy	    W127    ERG</p>
<p>Messapia	   80  -/4 Libya/Italy	     W116    AETC</p>
<p>Pobeda	     54 26/4 Skikda/Baton Rouge    W147.5  Exxon</p>
<p>Marsh. Vasilyevskiy 50 20/4 Novorossiisk/Med   W145    Lia Oil</p>
<p>Psara		45 18/4 Ras Lanuf/UKC	   COA     Conoco</p>
<p>Brahms	     43 18/4 Cartagena/Italy	 W147.5  Onyx</p>
<p>Zagara	     30 ppt  Sicily/Malta	   $125,000 Mabanaft</p>
<p>Grig. Nesterenko 25 25/4 Lavera/Med		W180    Total</p>
<p>Camargue	   20 ppt  Arzew/Hamburg	   W225    Veba</p>
<p>- U.K./CONT</p>
<p>Colorado	   80 21/4 Hound Point/UK Cont   W100    Total</p>
<p>Prospect	   80 22/4 Mongstand/Immingham   W102.5  Fina</p>
<p>Fosna		80 25/4 Sullom Voe/Fawley     W102.5  Esso</p>
<p>SCF Champion     80 24/4 HUKC			W97.5   BP</p>
<p>Bona Rainbow     80 22/4 Sture/Med		 W95 BP adds rate</p>
<p>Katja		80 26/4 Hamble/UKC		W102.5  Dreyfus</p>
<p>Condor	     50 18/4 Whitegate/Caribs	RNR     Stinnes</p>
<p>Alpha Intelligence 45 21/4 Don	   W165    Elf</p>
<p>Janis Sudrabkains 25 21/4 Gothenburg/Mongstad  W177.5  Statoil</p>
<p>- WEST AFRICA</p>
<p>Irian	     260 16/5 W. Africa/Far East    W57.5   Arcadia</p>
<p>Friendship	260  5/5 W. Africa/USG	   W67.5   Arcadia</p>
<p>---------------------</p>
<p>- MIDDLE EAST</p>
<p>New Vitality     290  5/5 Mideast/options	RNR   Yukong</p>
<p>Union		270  3/5 Kharg/Ain Sukhna     W47.as</p>
<p>Thai Resource    255  5/5 Red Sea or Mideast/China COA Unipec</p>
<p>Navix Adventure  240  2/5 Mideast/Japan	  W53.5 Mobil</p>
<p>Astra		130  6/5 Mina al-Fahal/China  W89   Sinochem</p>
<p>- ASIA/PACIFIC</p>
<p>Sanko Pageant     80 27/4 Pulau Sambu/S. Korea W130  Vitol</p>
<p>Palmstar Cherry  80 1/5 V'tao+Indonesia/EC Australia W134 Shell - MED/BLACK SEA</p>
<p>Ioannis	    135 end-April Novorossiisk/UKCM W97.5 Runicom</p>
<p>Nilos		 80 14/4 Novorossiisk/Med	 W125  Total</p>
<p>Enalios Thetis    80 19/4 Novorossiisk/Med	 W125  Nafta</p>
<p>Seasalvia	   80 23/4 Novorossiisk/UKC Med   W120  Crown</p>
<p>Lula 1		80 26/4 Banias/UKC Med	   W120  Vitol</p>
<p>Nissos Delos	80 20/4 Banias/UKCM		W115  Ursa</p>
<p>Armata		80 23/4 Sidi Kreir/Venice	RNR   Agip</p>
<p>Silba		 80 24/4 LibyaW120  DEA</p>
<p>- WEST AFRICA</p>
<p>Arcadia	    330 22/4 W. Africa/UKC Med	RNR   Shell</p>
<p>New Vision	 260 10/5 W. Africa/China	  RNR   Chinese</p>
<p>Athos		260 29/4 W. Africa/USG	    W70   Shell</p>
<p>Mindoro	    260  7/5 W. Africa/India   $1.375 million Alpine</p>
<p>Flores	     250 15/5 W. Africa/Taiwan	 W58.5 CPC</p>
<p>Tohdoh	    250 13/5 W. Africa/Sou	     W59.5 LG Caltex</p>
<p>Daimon Jade 180/130  10/5 Cabinda/China	    RNR   Sinopec</p>
<p>Solviken	   125  1/5 Qua Iboe/UKC	     W97.5 Dreyfus</p>
<p>Jahre Spirit     120  -/5 W. Africa/UKC Med	RNR   Fina</p>
<p>TBN		  130 30/4 W. Africa/Med	    W102.5 Shell</p>
<p>Berthea	     50  1/5 W. Africa/Argentina    W160  Shell</p>
<p>- U.K./CONT</p>
<p>Landsort	   140 26/4 Norway/Italy	     RNR   Statoil</p>
<p>North Pacific     84 24/4 Sture/Whitegate	  W97.5 INPC</p>
<p>Crosby		80 18/4 North Sea/Portland     W125  Stasco</p>
<p>H'pont Prosperity 75 24/4 Havre/W'haven W97.5 W'hall(adds rate) - WESTERN HEMISPHERE</p>
<p>Continental 70 25/4 Caribs/USG	 W230 Koch (adds charterer)</p>
<p>Sulby		 70 25/4 Caribs/USG		 W225  Murphy</p>
<p>Venus V	     70  -/4 EC Mexico/USG	    W220 Petrofina</p>
<p>Vicky 1	     70 23/4 EC Mexico/USG	    W220  Basis</p>
<p>Alfios 1	    56 12/5 C. Rivadavia/B. Rouge  W162.5 Exxon</p>
<p>- FUEL OIL</p>
<p>Spirit		80 28/4 Caribs/Singapore     $1.425 million Elf</p>
<p>Amity		 50 16/4 Caribs/Puerto Rico     RNR   Sun</p>
<p>Bourgas	     50 10/4 cross-Caribs	   $225,000 Coastal</p>
<p>- ENQUIRIES</p>
<p>Agip still	 260 Kharg/Ain Sukhna		  28-30/4</p>
<p>Chevron	     80 Cossack/EC Australia	    6-8/5</p>
<p>Tonen		 80 Dumai+1/Japan  4/5 may use own tonnage</p>
<p>Sietco   450,000 barrels Seria+Labuan/S'pore	 30/4-3/5</p>
</text>
<copyright>(c) Reuters Limited 1997</copyright>
<metadata>
<codes class="bip:countries:1.0">
  <code code="UK">
    <editdetail attribution="Reuters BIP Coding Group" action="confirmed" date="1997-04-15"/>
  </code>
</codes>
<codes class="bip:topics:1.0">
  <code code="M14">
    <editdetail attribution="Reuters BIP Coding Group" action="confirmed" date="1997-04-15"/>
  </code>
  <code code="MCAT">
    <editdetail attribution="Reuters BIP Coding Group" action="confirmed" date="1997-04-15"/>
  </code>
</codes>
<dc element="dc.date.created" value="1997-04-15"/>
<dc element="dc.publisher" value="Reuters Holdings Plc"/>
<dc element="dc.date.published" value="1997-04-15"/>
<dc element="dc.source" value="Reuters"/>
<dc element="dc.creator.location" value="LONDON"/>
<dc element="dc.creator.location.country.name" value="UK"/>
<dc element="dc.source" value="Reuters"/>
</metadata>
</newsitem>
