<?xml version="1.0" encoding="iso-8859-1" ?>
<newsitem itemid="508600" id="root" date="1997-04-15" xml:lang="en">
<title>CZECH REPUBLIC: CZECH HN-WOOD INDEX FALLS 11 POINTS TO 1,658 PTS.</title>
<headline>CZECH HN-WOOD INDEX FALLS 11 POINTS TO 1,658 PTS.</headline>
<dateline>PRAGUE 1997-04-15</dateline>
<text>
<p>The HN-Wood index, measuring the 60 most capitalised issues on the Prague Stock Exchange, on Tuesday fell 11 points, or 0.66 percent, to 1,658 points, the brokerage house Wood &amp; Company said.</p>
<p>-- Prague Newsroom, 420-2-2423-0003</p>
</text>
<copyright>(c) Reuters Limited 1997</copyright>
<metadata>
<codes class="bip:countries:1.0">
  <code code="CZREP">
    <editdetail attribution="Reuters BIP Coding Group" action="confirmed" date="1997-04-15"/>
  </code>
</codes>
<codes class="bip:topics:1.0">
  <code code="C17">
    <editdetail attribution="Reuters BIP Coding Group" action="confirmed" date="1997-04-15"/>
  </code>
  <code code="C171">
    <editdetail attribution="Reuters BIP Coding Group" action="confirmed" date="1997-04-15"/>
  </code>
  <code code="CCAT">
    <editdetail attribution="Reuters BIP Coding Group" action="confirmed" date="1997-04-15"/>
  </code>
</codes>
<dc element="dc.date.created" value="1997-04-15"/>
<dc element="dc.publisher" value="Reuters Holdings Plc"/>
<dc element="dc.date.published" value="1997-04-15"/>
<dc element="dc.source" value="Reuters"/>
<dc element="dc.creator.location" value="PRAGUE"/>
<dc element="dc.creator.location.country.name" value="CZECH REPUBLIC"/>
<dc element="dc.source" value="Reuters"/>
</metadata>
</newsitem>
