<?xml version="1.0" encoding="iso-8859-1" ?>
<newsitem itemid="508689" id="root" date="1997-04-15" xml:lang="en">
<title>UK: Fitch says to open Hong Kong office by September.</title>
<headline>Fitch says to open Hong Kong office by September.</headline>
<dateline>LONDON 1997-04-15</dateline>
<text>
<p>U.S. rating agency Fitch Investors Service plans to open an office in Hong Kong by September, a Fitch official said on Tuesday.</p>
<p>&quot;We will open a Hong Kong office this year, no later than September,&quot; Neil Baron, vice chairman at Fitch, told Reuters. Baron was in London for a Fitch structured finance conference.</p>
<p>The office will be staffed by three people, Baron said, although no decision had yet been taken on who would be its head.</p>
<p>-- Aline van Duyn, London Newsroom +44 171 542 7748</p>
</text>
<copyright>(c) Reuters Limited 1997</copyright>
<metadata>
<codes class="bip:countries:1.0">
  <code code="HKONG">
    <editdetail attribution="Reuters BIP Coding Group" action="confirmed" date="1997-04-15"/>
  </code>
  <code code="UK">
    <editdetail attribution="Reuters BIP Coding Group" action="confirmed" date="1997-04-15"/>
  </code>
  <code code="USA">
    <editdetail attribution="Reuters BIP Coding Group" action="confirmed" date="1997-04-15"/>
  </code>
</codes>
<codes class="bip:industries:1.0">
  <code code="I83954">
    <editdetail attribution="Reuters BIP Coding Group" action="confirmed" date="1997-04-15"/>
  </code>
  <code code="I8395416">
    <editdetail attribution="Reuters BIP Coding Group" action="confirmed" date="1997-04-15"/>
  </code>
</codes>
<codes class="bip:topics:1.0">
  <code code="C24">
    <editdetail attribution="Reuters BIP Coding Group" action="confirmed" date="1997-04-15"/>
  </code>
  <code code="CCAT">
    <editdetail attribution="Reuters BIP Coding Group" action="confirmed" date="1997-04-15"/>
  </code>
</codes>
<dc element="dc.date.created" value="1997-04-15"/>
<dc element="dc.publisher" value="Reuters Holdings Plc"/>
<dc element="dc.date.published" value="1997-04-15"/>
<dc element="dc.source" value="Reuters"/>
<dc element="dc.creator.location" value="LONDON"/>
<dc element="dc.creator.location.country.name" value="UK"/>
<dc element="dc.source" value="Reuters"/>
</metadata>
</newsitem>
