<?xml version="1.0" encoding="iso-8859-1" ?>
<newsitem itemid="508697" id="root" date="1997-04-15" xml:lang="en">
<title>UK: LME copper reluctant to move in late trading.</title>
<headline>LME copper reluctant to move in late trading.</headline>
<dateline>LONDON 1997-04-15</dateline>
<text>
<p>LME three months copper hovered around the closing kerb level of $2,281, up $24 from Monday, with little movement seen in late inter-office trading on Tuesday.</p>
<p>At 1905 GMT copper was indicated at $2,278/82 after peaking at $2,287 earlier in the session.</p>
<p>Traders said the metals complex lacked the follow through to extend the current mini-technical bounce, and opted instead to consolidate gains.</p>
<p>&quot;With a close on the highs, expect further initial upward challenges towards $2,300 resistance tomorrow,&quot; said brokers Rudolf Wolff in its evening report.</p>
<p>&quot;Though overall, we still feel that further base building is required,&quot; it said.</p>
<p>Traders said the market was cautious ahead of a strike vote later on Tuesday at Escondida - the world's largest copper mine.</p>
<p>Aluminium was indicated at $1,553, a touch lower than the kerb close at $1,555 which was up just $6 from the previous kerb.</p>
<p>Other metals were little changed.</p>
<p>-- London Newsroom +44 171 542 8064</p>
</text>
<copyright>(c) Reuters Limited 1997</copyright>
<metadata>
<codes class="bip:countries:1.0">
  <code code="UK">
    <editdetail attribution="Reuters BIP Coding Group" action="confirmed" date="1997-04-15"/>
  </code>
</codes>
<codes class="bip:topics:1.0">
  <code code="M14">
    <editdetail attribution="Reuters BIP Coding Group" action="confirmed" date="1997-04-15"/>
  </code>
  <code code="M142">
    <editdetail attribution="Reuters BIP Coding Group" action="confirmed" date="1997-04-15"/>
  </code>
  <code code="MCAT">
    <editdetail attribution="Reuters BIP Coding Group" action="confirmed" date="1997-04-15"/>
  </code>
</codes>
<dc element="dc.date.created" value="1997-04-15"/>
<dc element="dc.publisher" value="Reuters Holdings Plc"/>
<dc element="dc.date.published" value="1997-04-15"/>
<dc element="dc.source" value="Reuters"/>
<dc element="dc.creator.location" value="LONDON"/>
<dc element="dc.creator.location.country.name" value="UK"/>
<dc element="dc.source" value="Reuters"/>
</metadata>
</newsitem>
