<?xml version="1.0" encoding="iso-8859-1" ?>
<newsitem itemid="508640" id="root" date="1997-04-15" xml:lang="en">
<title>ESTONIA: KAUBAMAJA 97 Q1 PROFIT 8.8 MLN EEK.</title>
<headline>KAUBAMAJA 97 Q1 PROFIT 8.8 MLN EEK.</headline>
<dateline>TALLINN 1997-04-15</dateline>
<text>
<p>Tallinna Kaubamaja, one of the largest department stores in Estonia, said its 1997 first quarter pre-tax profit was 8.8 million kroons compared to 1996's first quarter profit of 7.1 million kroons.  </p>
<p>The company's total first quarter turnover was 111 million kroons compared to 1996's 108 million kroons, the company said in a statement.</p>
<p>The company's total business income was 111.2 million kroons versus 107.9 million kroons.</p>
<p>Kaubamaja's salary bill increased from 1996 first quarter of 6.3 million kroons to 7.2 million kroons. Whiel social tax payments increase from 2.1 million kroons to 2.4 million kroons.</p>
<p>-- Tallinn newsroom, +372 630 8400 reuters@reuters.ee</p>
</text>
<copyright>(c) Reuters Limited 1997</copyright>
<metadata>
<codes class="bip:countries:1.0">
  <code code="ESTNIA">
    <editdetail attribution="Reuters BIP Coding Group" action="confirmed" date="1997-04-15"/>
  </code>
</codes>
<codes class="bip:topics:1.0">
  <code code="C15">
    <editdetail attribution="Reuters BIP Coding Group" action="confirmed" date="1997-04-15"/>
  </code>
  <code code="C151">
    <editdetail attribution="Reuters BIP Coding Group" action="confirmed" date="1997-04-15"/>
  </code>
  <code code="CCAT">
    <editdetail attribution="Reuters BIP Coding Group" action="confirmed" date="1997-04-15"/>
  </code>
</codes>
<dc element="dc.date.created" value="1997-04-15"/>
<dc element="dc.publisher" value="Reuters Holdings Plc"/>
<dc element="dc.date.published" value="1997-04-15"/>
<dc element="dc.source" value="Reuters"/>
<dc element="dc.creator.location" value="TALLINN"/>
<dc element="dc.creator.location.country.name" value="ESTONIA"/>
<dc element="dc.source" value="Reuters"/>
</metadata>
</newsitem>
