<?xml version="1.0" encoding="iso-8859-1" ?>
<newsitem itemid="508680" id="root" date="1997-04-15" xml:lang="en">
<title>UK: British parties both talk tough on EU fish deal.</title>
<headline>British parties both talk tough on EU fish deal.</headline>
<byline>Giles Elgood</byline>
<dateline>LONDON 1997-04-15</dateline>
<text>
<p>British Prime Minister John Major reacted defiantly on Tuesday to a European Union decision to cut fish catches, but opposition leader and election rival Tony Blair said Mickey Mouse could have won a better deal for Britain.</p>
<p>Major, still trailing badly in opinion polls ahead of a national election on May 1, said Britain would not accept the EU plan to cut fishing quotas by 30 percent until the EU solved the problem of so-called &quot;quota hoppers&quot;</p>
<p>&quot;I have not a shred of intention of cutting the British catch until or unless we get a satisfactory agreement on quota hopping,&quot; Major told reporters during a campaign visit to the town of Tavistock in western England.</p>
<p>Quota hopping refers to the perfectly legal practice whereby foreign fishermen, mainly Spanish and Dutch, have bought up about 25 percent of the British fishing fleet to gain greater access to EU catch quotas.</p>
<p>Britain, backed only by France, was outvoted on Tuesday when EU fisheries ministers meeting in Luxembourg decided on the 30 percent cuts in catches.</p>
<p>Blair, visiting the south coast resort of Brighton, said the fisheries deal was &quot;yet another failure&quot; for the Conservatives.</p>
<p>&quot;They talk tough and they get nothing done, because they are hopelessly divided,&quot; he told reporters.</p>
<p>&quot;A Labour government will get a better deal for the British fishing industry. In my view Mickey Mouse would get a better deal than this lot.&quot;</p>
<p>Major's defiant stand allowed him to regain some ground on the Europe issue, which has so far served more to point up divisions in the ruling party.</p>
<p>Ministers earlier unleashed furious attacks on Blair, accusing him of hypocrisy over education policy and naivety over economic plans, and prepared to welcome what are expected to be favourable figures on unemployment to be published on Wednesday.</p>
<p>But at a campaign news conference they were forced to divert their attention from these issues by news that a Conservative vice-chairwoman, Angela Rumbold, was defying Major's policy on the single European currency.</p>
<p>Rumbold, head of the party's candidates department, said in an election address to her south London constituents that she would under no circumstances vote to give up the pound sterling.</p>
<p>&quot;No to more powers for Brussels. No to a single currency. Yes to a referendum before any further steps of constitutional importance are taken,&quot; she wrote in direct contradiction of Major's official &quot;wait and see&quot; policy on monetary union.</p>
<p>Blair, whose party leads the Conservatives by 21 points in the latest opinion poll, said Major's party would be &quot;like ferrets in a sack&quot; over Europe if they won on May 1.</p>
<p>Paddy Ashdown, leader of the minority Liberal Democrats, said: &quot;The Conservative ship is breaking up. John Major is alone on the bridge and the crew are running for the lifeboats.&quot;</p>
<p>The latest opinion poll published by the London Evening Standard newspaper said support for both Labour and the Conservatives was unchanged at 50 and 29 percent respectively compared to a similar poll in mid-March. Backing for the Liberal Democrats rose one point to 15 percent.</p>
</text>
<copyright>(c) Reuters Limited 1997</copyright>
<metadata>
<codes class="bip:countries:1.0">
  <code code="EEC">
    <editdetail attribution="Reuters BIP Coding Group" action="confirmed" date="1997-04-15"/>
  </code>
  <code code="UK">
    <editdetail attribution="Reuters BIP Coding Group" action="confirmed" date="1997-04-15"/>
  </code>
</codes>
<codes class="bip:industries:1.0">
  <code code="I03000">
    <editdetail attribution="Reuters BIP Coding Group" action="confirmed" date="1997-04-15"/>
  </code>
</codes>
<codes class="bip:topics:1.0">
  <code code="C13">
    <editdetail attribution="Reuters BIP Coding Group" action="confirmed" date="1997-04-15"/>
  </code>
  <code code="CCAT">
    <editdetail attribution="Reuters BIP Coding Group" action="confirmed" date="1997-04-15"/>
  </code>
  <code code="G15">
    <editdetail attribution="Reuters BIP Coding Group" action="confirmed" date="1997-04-15"/>
  </code>
  <code code="G153">
    <editdetail attribution="Reuters BIP Coding Group" action="confirmed" date="1997-04-15"/>
  </code>
  <code code="GCAT">
    <editdetail attribution="Reuters BIP Coding Group" action="confirmed" date="1997-04-15"/>
  </code>
  <code code="GPOL">
    <editdetail attribution="Reuters BIP Coding Group" action="confirmed" date="1997-04-15"/>
  </code>
  <code code="GVOTE">
    <editdetail attribution="Reuters BIP Coding Group" action="confirmed" date="1997-04-15"/>
  </code>
</codes>
<dc element="dc.date.created" value="1997-04-15"/>
<dc element="dc.publisher" value="Reuters Holdings Plc"/>
<dc element="dc.date.published" value="1997-04-15"/>
<dc element="dc.source" value="Reuters"/>
<dc element="dc.creator.location" value="LONDON"/>
<dc element="dc.creator.location.country.name" value="UK"/>
<dc element="dc.source" value="Reuters"/>
</metadata>
</newsitem>
