<?xml version="1.0" encoding="iso-8859-1" ?>
<newsitem itemid="508692" id="root" date="1997-04-15" xml:lang="en">
<title>UK: De Beers sees scope for higher sales.</title>
<headline>De Beers sees scope for higher sales.</headline>
<dateline>LONDON 1997-04-15</dateline>
<text>
<p>De Beers Consolidated Mines Ltd said on Tuesday it expected its production and sales of rough diamonds to grow as Russia's stockpile decreases.</p>
<p>With fewer Russian diamonds expected to directly come on to world markets, De Beers should benefit from jewellery demand growing in line with economies worldwide.</p>
<p>&quot;As Russian stocks are sold down there should be scope for increased group production and group sales,&quot; De Beers said in its 1996 annual report.</p>
<p>Sales of the South African company, which has its marketing organisation based in London, rose seven percent to a record $4.83 billion in 1996.</p>
<p>De Beers, which controls about 75 percent of world trade in uncut diamonds, in March reported 1996 attributable earnings rose to $828 million from $624 million.</p>
<p>The company is still awaiting a Russian decision on a crucial marketing deal with the country's largest diamond producer.</p>
<p>A draft agreement was signed in September, but the deal still needs Russia's official approval.</p>
<p>Diamond producer Almazy Rossii-Sakha said earlier Russia would decide on April 15, but no news emerged.</p>
<p>De Beers, showing frustration at the time it was taking to reach a decision, stopped buying stones from Russia under a previous agreement at the end of last year.</p>
</text>
<copyright>(c) Reuters Limited 1997</copyright>
<metadata>
<codes class="bip:countries:1.0">
  <code code="RUSS">
    <editdetail attribution="Reuters BIP Coding Group" action="confirmed" date="1997-04-15"/>
  </code>
  <code code="SAFR">
    <editdetail attribution="Reuters BIP Coding Group" action="confirmed" date="1997-04-15"/>
  </code>
  <code code="UK">
    <editdetail attribution="Reuters BIP Coding Group" action="confirmed" date="1997-04-15"/>
  </code>
</codes>
<codes class="bip:industries:1.0">
  <code code="I23000">
    <editdetail attribution="Reuters BIP Coding Group" action="confirmed" date="1997-04-15"/>
  </code>
</codes>
<codes class="bip:topics:1.0">
  <code code="C15">
    <editdetail attribution="Reuters BIP Coding Group" action="confirmed" date="1997-04-15"/>
  </code>
  <code code="C152">
    <editdetail attribution="Reuters BIP Coding Group" action="confirmed" date="1997-04-15"/>
  </code>
  <code code="C31">
    <editdetail attribution="Reuters BIP Coding Group" action="confirmed" date="1997-04-15"/>
  </code>
  <code code="CCAT">
    <editdetail attribution="Reuters BIP Coding Group" action="confirmed" date="1997-04-15"/>
  </code>
</codes>
<dc element="dc.date.created" value="1997-04-15"/>
<dc element="dc.publisher" value="Reuters Holdings Plc"/>
<dc element="dc.date.published" value="1997-04-15"/>
<dc element="dc.source" value="Reuters"/>
<dc element="dc.creator.location" value="LONDON"/>
<dc element="dc.creator.location.country.name" value="UK"/>
<dc element="dc.source" value="Reuters"/>
</metadata>
</newsitem>
