<?xml version="1.0" encoding="iso-8859-1" ?>
<newsitem itemid="508625" id="root" date="1997-04-15" xml:lang="en">
<title>LATVIA: LATVIA-RIGA SHIPYARD SALE RESULTS APPROVED.</title>
<headline>LATVIA-RIGA SHIPYARD SALE RESULTS APPROVED.</headline>
<dateline>LATVIA 1997-04-14</dateline>
<text>
<p>The Latvian Privatisation Agency (LPA) said on Tuesday that it confirmed the results of the auction of shares in Riga Shipyard, sold for cash at 1.39 lats a share on April 14.</p>
<p>LPA confirmed the price of 1.39 lats and the number of shares sold at 837,140 lats, it said in a statement.</p>
<p>The agency earlier set the minimum price for the 8.37 percent of the shipyard stake at 837,140 shares at 1.30 lats.</p>
<p>Riga Shipyard management now has to decide, which of the Riga stock exchange lists to join.</p>
<p>The bourse earlier said that it would be a matter of a week at most for the company to begin trading on the exchange.</p>
<p>-- Martinsh Gravitis, Riga Newsroom, +371 721 5240</p>
</text>
<copyright>(c) Reuters Limited 1997</copyright>
<metadata>
<codes class="bip:countries:1.0">
  <code code="LATV">
    <editdetail attribution="Reuters BIP Coding Group" action="confirmed" date="1997-04-15"/>
  </code>
</codes>
<codes class="bip:industries:1.0">
  <code code="I36101">
    <editdetail attribution="Reuters BIP Coding Group" action="confirmed" date="1997-04-15"/>
  </code>
</codes>
<codes class="bip:topics:1.0">
  <code code="C17">
    <editdetail attribution="Reuters BIP Coding Group" action="confirmed" date="1997-04-15"/>
  </code>
  <code code="C171">
    <editdetail attribution="Reuters BIP Coding Group" action="confirmed" date="1997-04-15"/>
  </code>
  <code code="C18">
    <editdetail attribution="Reuters BIP Coding Group" action="confirmed" date="1997-04-15"/>
  </code>
  <code code="C183">
    <editdetail attribution="Reuters BIP Coding Group" action="confirmed" date="1997-04-15"/>
  </code>
  <code code="CCAT">
    <editdetail attribution="Reuters BIP Coding Group" action="confirmed" date="1997-04-15"/>
  </code>
</codes>
<dc element="dc.date.created" value="1997-04-14"/>
<dc element="dc.publisher" value="Reuters Holdings Plc"/>
<dc element="dc.date.published" value="1997-04-15"/>
<dc element="dc.source" value="Reuters"/>
<dc element="dc.creator.location" value="LATVIA"/>
<dc element="dc.creator.location.country.name" value="LATVIA"/>
<dc element="dc.source" value="Reuters"/>
</metadata>
</newsitem>
