<?xml version="1.0" encoding="iso-8859-1" ?>
<newsitem itemid="508636" id="root" date="1997-04-15" xml:lang="en">
<title>CZECH REPUBLIC: ANALYSTS WARN CZECH GOVT PACKAGE MUST ADDRESS CAP MKTS.</title>
<headline>ANALYSTS WARN CZECH GOVT PACKAGE MUST ADDRESS CAP MKTS.</headline>
<byline>Alan Crosby</byline>
<dateline>PRAGUE 1997-04-15</dateline>
<text>
<p>A sweeping series of government measures to jump start the Czech economy, expected on Wednesday, must address capital market transparency or trading could dive into a major tailspin, analysts warned on Tuesday.</p>
<p>Tremours have rumbled through Czech markets over the past few days, as crown, debt, and equity traders grow anxious about the contents of a pro-growth package due out mid-week.</p>
<p>The extent of budget cuts and measures affecting interest and exchange rates in the still-secret package -- aimed at stemming growing budget and trade deficits and reviving economic growth -- has kept everybody in the markets guessing.</p>
<p>Market analysts warned on Tuesday that while the measures will focus on the trade deficit and wage growth, if problems in the capital markets, long seen as opaque and poorly regulated, are not addressed, foreign investors would run for cover.</p>
<p>&quot;I think tomorrow's announcement will be more crucial to the capital markets than one might suspect,&quot; Jeff Ocenasek, an equity trader at Atlantik Financni Trhy, told Reuters.</p>
<p>&quot;We're looking forward to seeing what this will be, if it's something serious, something positive. If it is just window dressing, we're going to lose more capital than we have been, and foreign investors will stay away until the government looks like they're going to get serious,&quot; he added.</p>
<p>Prime Minister Vaclav Klaus and other senior ministers have suggested a series of budget cuts along with a loosening in monetary policy, but specific details have not been revealed.</p>
<p>In addition, officials have also indicated that Klaus will push for an independent market watchdog based on the U.S. Securities Exchange Commission (SEC).</p>
<p>The package, which Klaus said on Sunday would include both short- and long-term measures, is also expected to strengthen powers for officials investigating financial crimes, as well as moves to bring more market transparency in general.</p>
<p>The Prague Stock Exchange's PX50 index fell 5.1 points to 543.4 at the daily price fixing on Tuesday, putting the index down some 14 percent since mid-February.</p>
<p>Foreign investors have been at the heart of a sell-off which triggered the fall, tired of a market that sees well over half of trading take place in virtual secrecy off-market.</p>
<p>&quot;I think that if we have a timetable and something clear on the SEC, we'll see more capital inflows from international investors especially into equities, but also into the bond market,&quot; said on London-based analyst.</p>
<p>Added Jan Cerba, a bond trader at ING Baring: &quot;People are expecting the bond market to react positively. We are missing foreign investors here, and if the measures both economic ones and market ones are strong, this could help bring them.&quot;</p>
<p>The central bank (CNB) took the first step in the process last Thursday by easing minimum reserve requirements to 9.5 percent from 11.5 percent, but kept key interest rates unchanged.</p>
<p>The Czech crown fell to a 10-month low in early Tuesday trading, losing over one percent against its dollar/mark basket parity to around 2.30 percent on the devaluation side of the mid-point.</p>
<p>The crown, which hit its high in February against the central bank's mark/dollar peg, has been especially sensitive as government pressure for an easing of monetary policy grows.</p>
<p>CNB officials have since said that a rate cut is not in the cards, but analysts said possible changes to the band within which the central bank fixes the crown -- rumoured to also be part of the package -- have been pushing the crown lower.</p>
<p>Traders are also debating whether the central bank, as a complicit part of the plan to be announced on Wednesday, would let the crown depreciate to help a worsening trade situation.</p>
<p>The government and the central bank have repeatedly ruled out a direct administrative devaluation of the crown in order to boost exports, although the country's current account deficit now is over eight percent of gross domestic product.</p>
<p>-- Prague Newsroom, 420-2-2423-0003</p>
</text>
<copyright>(c) Reuters Limited 1997</copyright>
<metadata>
<codes class="bip:countries:1.0">
  <code code="CZREP">
    <editdetail attribution="Reuters BIP Coding Group" action="confirmed" date="1997-04-15"/>
  </code>
</codes>
<codes class="bip:industries:1.0">
  <code code="I83100">
    <editdetail attribution="Reuters BIP Coding Group" action="confirmed" date="1997-04-15"/>
  </code>
</codes>
<codes class="bip:topics:1.0">
  <code code="C13">
    <editdetail attribution="Reuters BIP Coding Group" action="confirmed" date="1997-04-15"/>
  </code>
  <code code="CCAT">
    <editdetail attribution="Reuters BIP Coding Group" action="confirmed" date="1997-04-15"/>
  </code>
  <code code="E12">
    <editdetail attribution="Reuters BIP Coding Group" action="confirmed" date="1997-04-15"/>
  </code>
  <code code="ECAT">
    <editdetail attribution="Reuters BIP Coding Group" action="confirmed" date="1997-04-15"/>
  </code>
  <code code="M11">
    <editdetail attribution="Reuters BIP Coding Group" action="confirmed" date="1997-04-15"/>
  </code>
  <code code="M12">
    <editdetail attribution="Reuters BIP Coding Group" action="confirmed" date="1997-04-15"/>
  </code>
  <code code="M13">
    <editdetail attribution="Reuters BIP Coding Group" action="confirmed" date="1997-04-15"/>
  </code>
  <code code="M132">
    <editdetail attribution="Reuters BIP Coding Group" action="confirmed" date="1997-04-15"/>
  </code>
  <code code="MCAT">
    <editdetail attribution="Reuters BIP Coding Group" action="confirmed" date="1997-04-15"/>
  </code>
</codes>
<dc element="dc.date.created" value="1997-04-15"/>
<dc element="dc.publisher" value="Reuters Holdings Plc"/>
<dc element="dc.date.published" value="1997-04-15"/>
<dc element="dc.source" value="Reuters"/>
<dc element="dc.creator.location" value="PRAGUE"/>
<dc element="dc.creator.location.country.name" value="CZECH REPUBLIC"/>
<dc element="dc.source" value="Reuters"/>
</metadata>
</newsitem>
