<?xml version="1.0" encoding="iso-8859-1" ?>
<newsitem itemid="508652" id="root" date="1997-04-15" xml:lang="en">
<title>CZECH REPUBLIC: LITHUANIA-CZECH CSOB OKAYS LOAN TO STATE COMMERCIAL BANK.</title>
<headline>LITHUANIA-CZECH CSOB OKAYS LOAN TO STATE COMMERCIAL BANK.</headline>
<dateline>PRAGUE 1997-04-15</dateline>
<text>
<p>Czech state-controlled Ceskoslovenska Obchodni Banka said on Tuesday it had concluded a $30 million loan agreement with the State Commercial Bank of Lithuania.</p>
<p>In a statement, CSOB's spokesman Milan Tomanek said the money would go toward financing Czech exports to Lithuania.</p>
<p>Last year, CSOB provided financing for the purchase of 28 articulated buses and 40 trolleybuses for transport in the Lithuanian capital city of Vilnius and the city of Kaunas.</p>
<p>No further details were immediately available.</p>
<p>-- Prague Newsroom, 420-2-2423-0003</p>
</text>
<copyright>(c) Reuters Limited 1997</copyright>
<metadata>
<codes class="bip:countries:1.0">
  <code code="CZREP">
    <editdetail attribution="Reuters BIP Coding Group" action="confirmed" date="1997-04-15"/>
  </code>
  <code code="LITH">
    <editdetail attribution="Reuters BIP Coding Group" action="confirmed" date="1997-04-15"/>
  </code>
</codes>
<codes class="bip:industries:1.0">
  <code code="I81402">
    <editdetail attribution="Reuters BIP Coding Group" action="confirmed" date="1997-04-15"/>
  </code>
</codes>
<codes class="bip:topics:1.0">
  <code code="E21">
    <editdetail attribution="Reuters BIP Coding Group" action="confirmed" date="1997-04-15"/>
  </code>
  <code code="E212">
    <editdetail attribution="Reuters BIP Coding Group" action="confirmed" date="1997-04-15"/>
  </code>
  <code code="E51">
    <editdetail attribution="Reuters BIP Coding Group" action="confirmed" date="1997-04-15"/>
  </code>
  <code code="E512">
    <editdetail attribution="Reuters BIP Coding Group" action="confirmed" date="1997-04-15"/>
  </code>
  <code code="ECAT">
    <editdetail attribution="Reuters BIP Coding Group" action="confirmed" date="1997-04-15"/>
  </code>
</codes>
<dc element="dc.date.created" value="1997-04-15"/>
<dc element="dc.publisher" value="Reuters Holdings Plc"/>
<dc element="dc.date.published" value="1997-04-15"/>
<dc element="dc.source" value="Reuters"/>
<dc element="dc.creator.location" value="PRAGUE"/>
<dc element="dc.creator.location.country.name" value="CZECH REPUBLIC"/>
<dc element="dc.source" value="Reuters"/>
</metadata>
</newsitem>
