<?xml version="1.0" encoding="iso-8859-1" ?>
<newsitem itemid="508698" id="root" date="1997-04-15" xml:lang="en">
<title>UK: Gas oil gets Asian boost, other Med products quiet.</title>
<headline>Gas oil gets Asian boost, other Med products quiet.</headline>
<dateline>LONDON 1997-04-15</dateline>
<text>
<p>Mediterranean oil products markets were dull on Tuesday apart from gas oil which was again supported by demand from Asia.</p>
<p>Naphtha held stable in quiet trade. Traders said Far East demand was slacker and petrochems were relaxed as cheaper alternative feedstocks such as propane met their needs.</p>
<p>&quot;Propane is quite a good alternative to naphtha at the moment although the gap is closing,&quot; a trader said.</p>
<p>Discussion was thin and mainly quotes related but some traders assessed outright prices at around $178/$182 a tonne cif, though they said the emphasis was towards the softer side.</p>
<p>Gasoline held steady with supplies, particularly of low octane, remaining fairly tight, but balanced by slack spot demand. Prompt cargoes were valued around $207/$208 a tonne cif.</p>
<p>Asia continues to support the gas oil market with 0.2 percent able to attract around cif fob quotes +$3-4. Premiums could ease towards the month's end as the market prepares for the return of ISAB's Sicilian refinery.</p>
<p>Concern also exists about the prospect of the Asian arb closing.</p>
<p>&quot;Local (Med) demand is not very great and prices will probably weaken,&quot; said one trader.</p>
<p>So far there are no concrete signs of the shutting of the arb, which has drawn nearly two million tonnes of European fuel eastwards.</p>
<p>Diesel was understood to be attracting only modest interest around high fob EN590 quotes +$2-3.</p>
<p>Fuel oil markets were again sleepy, with market talk of a large high sulphur shipment eastward but nothing confirmed. Prices were set to weaken, traders said, with demand softening.</p>
<p>A low sulphur straight-run cargo from Libya was offered, as were high sulphur Black Sea straight-runs from Tuapse.</p>
<p>Low sulphur cracked was again barely discussed.  </p>
<p>- London newsroom +44 171 542 8060</p>
</text>
<copyright>(c) Reuters Limited 1997</copyright>
<metadata>
<codes class="bip:countries:1.0">
  <code code="UK">
    <editdetail attribution="Reuters BIP Coding Group" action="confirmed" date="1997-04-15"/>
  </code>
</codes>
<codes class="bip:topics:1.0">
  <code code="M14">
    <editdetail attribution="Reuters BIP Coding Group" action="confirmed" date="1997-04-15"/>
  </code>
  <code code="M143">
    <editdetail attribution="Reuters BIP Coding Group" action="confirmed" date="1997-04-15"/>
  </code>
  <code code="MCAT">
    <editdetail attribution="Reuters BIP Coding Group" action="confirmed" date="1997-04-15"/>
  </code>
</codes>
<dc element="dc.date.created" value="1997-04-15"/>
<dc element="dc.publisher" value="Reuters Holdings Plc"/>
<dc element="dc.date.published" value="1997-04-15"/>
<dc element="dc.source" value="Reuters"/>
<dc element="dc.creator.location" value="LONDON"/>
<dc element="dc.creator.location.country.name" value="UK"/>
<dc element="dc.source" value="Reuters"/>
</metadata>
</newsitem>
