<?xml version="1.0" encoding="iso-8859-1" ?>
<newsitem itemid="508605" id="root" date="1997-04-15" xml:lang="en">
<title>HUNGARY: HUNGARY CEN.BANK EXTENDS HELP TO RUN-HIT POSTABANK.</title>
<headline>HUNGARY CEN.BANK EXTENDS HELP TO RUN-HIT POSTABANK.</headline>
<dateline>BUDAPEST 1997-04-15</dateline>
<text>
<p>The National Bank of Hungary (NBH) said on Tuesday that it extended a one-month temporary exemption from the placing of obligatory reserves with the NBH, to Postabank, which was hit by panic withdrawals recently.</p>
<p>The NBH extended the deadline of the exemption to June 30 from April 15, while it said the exemption will be only partial from April 16.</p>
<p>Between April 16 and June 30, Postabank will have to place 50 percent of its obligatory reserves with the NBH, while in the month to April 15, it enjoyed 100 percent exemption.</p>
<p>&quot;The bank... has prepared a liquidity plan, which is aimed mainly at firming the solvency of the bank firmer,&quot; the NBH said in a statement, adding that the extension of the deadline should help Postabank to carry out its plan.</p>
<p>Depositors withdrew around 24 billion forints at the end of February from Postabank in a four-day-long rumour-triggered panic wave.</p>
<p>According to press reports, the original one-month exemption freed some 20 billion forints at the bank.</p>
<p>The government is engaged in talks with Postabank about a possible government-backed subordinated loan to the bank.</p>
<p>-- Sandor Petg, Budapest newsroom (36 1) 327 4040</p>
</text>
<copyright>(c) Reuters Limited 1997</copyright>
<metadata>
<codes class="bip:countries:1.0">
  <code code="HUNG">
    <editdetail attribution="Reuters BIP Coding Group" action="confirmed" date="1997-04-15"/>
  </code>
</codes>
<codes class="bip:industries:1.0">
  <code code="I81401">
    <editdetail attribution="Reuters BIP Coding Group" action="confirmed" date="1997-04-15"/>
  </code>
  <code code="I81402">
    <editdetail attribution="Reuters BIP Coding Group" action="confirmed" date="1997-04-15"/>
  </code>
  <code code="I81403">
    <editdetail attribution="Reuters BIP Coding Group" action="confirmed" date="1997-04-15"/>
  </code>
</codes>
<codes class="bip:topics:1.0">
  <code code="C17">
    <editdetail attribution="Reuters BIP Coding Group" action="confirmed" date="1997-04-15"/>
  </code>
  <code code="CCAT">
    <editdetail attribution="Reuters BIP Coding Group" action="confirmed" date="1997-04-15"/>
  </code>
</codes>
<dc element="dc.date.created" value="1997-04-15"/>
<dc element="dc.publisher" value="Reuters Holdings Plc"/>
<dc element="dc.date.published" value="1997-04-15"/>
<dc element="dc.source" value="Reuters"/>
<dc element="dc.creator.location" value="BUDAPEST"/>
<dc element="dc.creator.location.country.name" value="HUNGARY"/>
<dc element="dc.source" value="Reuters"/>
</metadata>
</newsitem>
