<?xml version="1.0" encoding="iso-8859-1" ?>
<newsitem itemid="508677" id="root" date="1997-04-15" xml:lang="en">
<title>UK: News of future Russian deals dominates Eurobonds.</title>
<headline>News of future Russian deals dominates Eurobonds.</headline>
<dateline>LONDON 1997-04-15</dateline>
<text>
<p>The Eurobond primary market had a fairly quiet session on Tuesday with many players focusing on U.S. March CPI figures.</p>
<p>A lot of news surfaced about future Russian Eurobonds.</p>
<p>In particular, Russia said it would issue a dollar Eurobond soon via JP Morgan and SBC Warburg with a maturity of at least five years.</p>
<p>The deal follows a $1.0 billion five-year bond launched last November by Russia and a 2.0 billion mark seven-year deal issued in March. Analysts in Moscow said the money would be used to cover Russia's budget deficit.</p>
<p>Russia's Komi region said it planned to launch a $200 million five-year bond by the end of the year and Russia's biggest confectioner Red October also said it planned to tap the market.</p>
<p>The City of Moscow said it would announce dates for a roadshow marketing its debut Eurobond at the end of this week. The presentations for a five-year deal for up to $500 million were expected to take place in early May.</p>
<p>-- Aline van Duyn, London Newsroom +44 171 542 7748</p>
</text>
<copyright>(c) Reuters Limited 1997</copyright>
<metadata>
<codes class="bip:countries:1.0">
  <code code="UK">
    <editdetail attribution="Reuters BIP Coding Group" action="confirmed" date="1997-04-15"/>
  </code>
</codes>
<codes class="bip:topics:1.0">
  <code code="M12">
    <editdetail attribution="Reuters BIP Coding Group" action="confirmed" date="1997-04-15"/>
  </code>
  <code code="MCAT">
    <editdetail attribution="Reuters BIP Coding Group" action="confirmed" date="1997-04-15"/>
  </code>
</codes>
<dc element="dc.date.created" value="1997-04-15"/>
<dc element="dc.publisher" value="Reuters Holdings Plc"/>
<dc element="dc.date.published" value="1997-04-15"/>
<dc element="dc.source" value="Reuters"/>
<dc element="dc.creator.location" value="LONDON"/>
<dc element="dc.creator.location.country.name" value="UK"/>
<dc element="dc.source" value="Reuters"/>
</metadata>
</newsitem>
