<?xml version="1.0" encoding="iso-8859-1" ?>
<newsitem itemid="508608" id="root" date="1997-04-15" xml:lang="en">
<title>BULGARIA: BULGARIA OFFERS FOUR COUPON T-BILL ISSUES APRIL 21.</title>
<headline>BULGARIA OFFERS FOUR COUPON T-BILL ISSUES APRIL 21.</headline>
<dateline>SOFIA 1997-04-15</dateline>
<text>
<p>Bulgaria's Finance Ministry will</p>
<p>offer four issues of floater coupon T-bills with maturities of</p>
<p>three, six, nine and 12 months respectively at auctions on</p>
<p>Monday, the central bank said.</p>
<p>The issues will be offered with no par value or minimum</p>
<p>acceptable price set in advance.</p>
<p>The coupons are set equal to the central bank's main</p>
<p>interest rate, now set at 14.15 percent monthly or 169.80</p>
<p>percent annually.</p>
<p>Details of the issues follow:</p>
<p> Issue number    BG3029297028	BG3029397026</p>
<p> Term		three months	six months</p>
<p> Auction date    April 21	    April 21</p>
<p> Issue date	April 23	    April 23</p>
<p> Maturity date   July 23	     October 22</p>
<p> Issue number    BG3029497024	BG3029597021</p>
<p> Term		nine months	 12 months</p>
<p> Auction date    April 21	    April 21</p>
<p> Issue date	April 23	    April 23</p>
<p> Maturity date   January 21, 1998  April 22, 1998</p>
<p>-- Sofia Newsroom, (++359-2) 91188</p>
</text>
<copyright>(c) Reuters Limited 1997</copyright>
<metadata>
<codes class="bip:countries:1.0">
  <code code="BUL">
    <editdetail attribution="Reuters BIP Coding Group" action="confirmed" date="1997-04-15"/>
  </code>
</codes>
<codes class="bip:topics:1.0">
  <code code="M13">
    <editdetail attribution="Reuters BIP Coding Group" action="confirmed" date="1997-04-15"/>
  </code>
  <code code="M131">
    <editdetail attribution="Reuters BIP Coding Group" action="confirmed" date="1997-04-15"/>
  </code>
  <code code="MCAT">
    <editdetail attribution="Reuters BIP Coding Group" action="confirmed" date="1997-04-15"/>
  </code>
</codes>
<dc element="dc.date.created" value="1997-04-15"/>
<dc element="dc.publisher" value="Reuters Holdings Plc"/>
<dc element="dc.date.published" value="1997-04-15"/>
<dc element="dc.source" value="Reuters"/>
<dc element="dc.creator.location" value="SOFIA"/>
<dc element="dc.creator.location.country.name" value="BULGARIA"/>
<dc element="dc.source" value="Reuters"/>
</metadata>
</newsitem>
