<?xml version="1.0" encoding="iso-8859-1" ?>
<newsitem itemid="508650" id="root" date="1997-04-15" xml:lang="en">
<title>LATVIA: MARCH UNEMPLOYMENT STABLE AT 7.5 PCT.</title>
<headline>MARCH UNEMPLOYMENT STABLE AT 7.5 PCT.</headline>
<dateline>RIGA 1997-04-15</dateline>
<text>
<p>Latvia's unemployment rate in March was stable at 7.5 percent compared with the February jobless level, the statistics committee said on Tuesday.</p>
<p>The committee said in a statement that unemployement in Riga was 3.7 percent. The lowest unemployment level was in Ventspils at 3.2 percent while the highest was in the eastern town of Rezekne at 13.4 percent.  </p>
<p>The region with the lowest unemployent was Ogre at 4.7 percent and Saldus at 4.8 percent while Riga region had unemployment of 5.3 percent.</p>
<p>The regions with the highest unemployment were all in the east of the country. Rezekne region had unemployment of 29.5 percent, Kraslavas 25.4 percent, Preilu at 22.8 percent and Balvu at 22.3 percent.</p>
<p>-- Patrick Lannin, Riga newsroom, +371 721 5240</p>
</text>
<copyright>(c) Reuters Limited 1997</copyright>
<metadata>
<codes class="bip:countries:1.0">
  <code code="LATV">
    <editdetail attribution="Reuters BIP Coding Group" action="confirmed" date="1997-04-15"/>
  </code>
</codes>
<codes class="bip:topics:1.0">
  <code code="E41">
    <editdetail attribution="Reuters BIP Coding Group" action="confirmed" date="1997-04-15"/>
  </code>
  <code code="ECAT">
    <editdetail attribution="Reuters BIP Coding Group" action="confirmed" date="1997-04-15"/>
  </code>
  <code code="GCAT">
    <editdetail attribution="Reuters BIP Coding Group" action="confirmed" date="1997-04-15"/>
  </code>
  <code code="GJOB">
    <editdetail attribution="Reuters BIP Coding Group" action="confirmed" date="1997-04-15"/>
  </code>
</codes>
<dc element="dc.date.created" value="1997-04-15"/>
<dc element="dc.publisher" value="Reuters Holdings Plc"/>
<dc element="dc.date.published" value="1997-04-15"/>
<dc element="dc.source" value="Reuters"/>
<dc element="dc.creator.location" value="RIGA"/>
<dc element="dc.creator.location.country.name" value="LATVIA"/>
<dc element="dc.source" value="Reuters"/>
</metadata>
</newsitem>
