<?xml version="1.0" encoding="iso-8859-1" ?>
<newsitem itemid="508623" id="root" date="1997-04-15" xml:lang="en">
<title>ESTONIA: GOVERNMENT APPROVES CUSTOMS DUTY LAW PLAN.</title>
<headline>GOVERNMENT APPROVES CUSTOMS DUTY LAW PLAN.</headline>
<dateline>TALLINN 1997-04-15</dateline>
<text>
<p>Estonia's government on Tuesday approved in principle a plan for customs duty legislation as part of an agricultural support programme although the details of the laws are still to be worked out.</p>
<p>The setting of import tariffs would be a radical move for Estonia, which has so far boasted of its exceptionally open economy. But rural politicians have demanded import tariffs for a long time, saying they need the protection of levies.</p>
<p>&quot;If passed, a customs duty law would establish the order in which tariffs may be established,&quot; Agriculture Minister Andres Varik told a news conference.</p>
<p>Varik said there was no decision yet whether the law will define tariff ceilings as well.</p>
<p>A duty law has been discussed only by the parliament's economic commission and the government will discuss the legislation needed at its next session on April 22, Varik added.</p>
<p>&quot;Only one proposal, to establish tariffs on pork, has been made by the government commission,&quot; Varik said.</p>
<p>&quot;It needs to be discussed and calculated,&quot; he added.</p>
<p>A government commission in March proposed the establishment of 30 to 35 percent tariffs on imported pork and said it was the only agricultural sector, where tariffs may be effective.</p>
<p>-- Eva Palu, Tallinn newsroom, +372 630 8400, reuters@reuters.ee</p>
</text>
<copyright>(c) Reuters Limited 1997</copyright>
<metadata>
<codes class="bip:countries:1.0">
  <code code="ESTNIA">
    <editdetail attribution="Reuters BIP Coding Group" action="confirmed" date="1997-04-15"/>
  </code>
</codes>
<codes class="bip:industries:1.0">
  <code code="I01000">
    <editdetail attribution="Reuters BIP Coding Group" action="confirmed" date="1997-04-15"/>
  </code>
</codes>
<codes class="bip:topics:1.0">
  <code code="C13">
    <editdetail attribution="Reuters BIP Coding Group" action="confirmed" date="1997-04-15"/>
  </code>
  <code code="C31">
    <editdetail attribution="Reuters BIP Coding Group" action="confirmed" date="1997-04-15"/>
  </code>
  <code code="C311">
    <editdetail attribution="Reuters BIP Coding Group" action="confirmed" date="1997-04-15"/>
  </code>
  <code code="CCAT">
    <editdetail attribution="Reuters BIP Coding Group" action="confirmed" date="1997-04-15"/>
  </code>
  <code code="E12">
    <editdetail attribution="Reuters BIP Coding Group" action="confirmed" date="1997-04-15"/>
  </code>
  <code code="E51">
    <editdetail attribution="Reuters BIP Coding Group" action="confirmed" date="1997-04-15"/>
  </code>
  <code code="E512">
    <editdetail attribution="Reuters BIP Coding Group" action="confirmed" date="1997-04-15"/>
  </code>
  <code code="ECAT">
    <editdetail attribution="Reuters BIP Coding Group" action="confirmed" date="1997-04-15"/>
  </code>
</codes>
<dc element="dc.date.created" value="1997-04-15"/>
<dc element="dc.publisher" value="Reuters Holdings Plc"/>
<dc element="dc.date.published" value="1997-04-15"/>
<dc element="dc.source" value="Reuters"/>
<dc element="dc.creator.location" value="TALLINN"/>
<dc element="dc.creator.location.country.name" value="ESTONIA"/>
<dc element="dc.source" value="Reuters"/>
</metadata>
</newsitem>
