<?xml version="1.0" encoding="iso-8859-1" ?>
<newsitem itemid="508693" id="root" date="1997-04-15" xml:lang="en">
<title>UK: UK's Labour Party widens lead over Conservatives.</title>
<headline>UK's Labour Party widens lead over Conservatives.</headline>
<dateline>LONDON 1997-04-15</dateline>
<text>
<p>Britain's opposition Labour Party has widened its lead over the ruling Conservatives by three percentage points to 51 percent, according to a poll published on Wednesday.</p>
<p>The Gallup rolling poll' in The Daily Telegraph newspaper gave Labour a lead of 21 percent over the Conservatives who now stand at 30.</p>
<p>&quot;The swing towards Labour since the 1992 election now stands at 14.3 percent and the projected Labour majority is now 221,&quot; the newspaper said in a statement.</p>
<p>The newspaper said the rolling poll, based on interviews with a sample of 1,025 voters interviewed by telephone, will be updated every day until the May 1 election.</p>
</text>
<copyright>(c) Reuters Limited 1997</copyright>
<metadata>
<codes class="bip:countries:1.0">
  <code code="UK">
    <editdetail attribution="Reuters BIP Coding Group" action="confirmed" date="1997-04-15"/>
  </code>
</codes>
<codes class="bip:topics:1.0">
  <code code="GCAT">
    <editdetail attribution="Reuters BIP Coding Group" action="confirmed" date="1997-04-15"/>
  </code>
  <code code="GPOL">
    <editdetail attribution="Reuters BIP Coding Group" action="confirmed" date="1997-04-15"/>
  </code>
  <code code="GVOTE">
    <editdetail attribution="Reuters BIP Coding Group" action="confirmed" date="1997-04-15"/>
  </code>
</codes>
<dc element="dc.date.created" value="1997-04-15"/>
<dc element="dc.publisher" value="Reuters Holdings Plc"/>
<dc element="dc.date.published" value="1997-04-15"/>
<dc element="dc.source" value="Reuters"/>
<dc element="dc.creator.location" value="LONDON"/>
<dc element="dc.creator.location.country.name" value="UK"/>
<dc element="dc.source" value="Reuters"/>
</metadata>
</newsitem>
