<?xml version="1.0" encoding="iso-8859-1" ?>
<newsitem itemid="508638" id="root" date="1997-04-15" xml:lang="en">
<title>LITHUANIA: VILNIAUS BANK SIGNS 2.2 MILLION DM LOAN.</title>
<headline>VILNIAUS BANK SIGNS 2.2 MILLION DM LOAN.</headline>
<dateline>VILNIUS 1997-04-15</dateline>
<text>
<p>Leading Lithuanian commercial bank Vilniaus bank said on Tuesday that it had signed a loan worth 2.2 million German marks with Germany's Schleswig-Holstein Girozentrale.</p>
<p>The bank said in a statement that the loan was its first medium-term direct inter-banking loan.</p>
<p>The term of the loan is for three years. The bank did not give the conditions for the loan.</p>
<p>--Ed Stoddard, Vilnius newsroom +370 2 22 35 17</p>
</text>
<copyright>(c) Reuters Limited 1997</copyright>
<metadata>
<codes class="bip:countries:1.0">
  <code code="LITH">
    <editdetail attribution="Reuters BIP Coding Group" action="confirmed" date="1997-04-15"/>
  </code>
</codes>
<codes class="bip:industries:1.0">
  <code code="I81402">
    <editdetail attribution="Reuters BIP Coding Group" action="confirmed" date="1997-04-15"/>
  </code>
</codes>
<codes class="bip:topics:1.0">
  <code code="C17">
    <editdetail attribution="Reuters BIP Coding Group" action="confirmed" date="1997-04-15"/>
  </code>
  <code code="C173">
    <editdetail attribution="Reuters BIP Coding Group" action="confirmed" date="1997-04-15"/>
  </code>
  <code code="CCAT">
    <editdetail attribution="Reuters BIP Coding Group" action="confirmed" date="1997-04-15"/>
  </code>
</codes>
<dc element="dc.date.created" value="1997-04-15"/>
<dc element="dc.publisher" value="Reuters Holdings Plc"/>
<dc element="dc.date.published" value="1997-04-15"/>
<dc element="dc.source" value="Reuters"/>
<dc element="dc.creator.location" value="VILNIUS"/>
<dc element="dc.creator.location.country.name" value="LITHUANIA"/>
<dc element="dc.source" value="Reuters"/>
</metadata>
</newsitem>
