<?xml version="1.0" encoding="iso-8859-1" ?>
<newsitem itemid="508678" id="root" date="1997-04-15" xml:lang="en">
<title>UK: Polish central bank chief seeks single-digit inflation.</title>
<headline>Polish central bank chief seeks single-digit inflation.</headline>
<byline>David Stamp</byline>
<dateline>LONDON 1997-04-15</dateline>
<text>
<p>Polish central bank President Hanna Gronkiewicz-Waltz, who took office with inflation at 60 percent, said on Tuesday she hoped to complete her term next year with the rate in single digits.</p>
<p>In an interview with Reuters, she also said it was not good enough for the government to keep the growing budget deficit within western Europe's Maastricht Treaty criteria, and ruled out an immediate interest rate cut due to soaring lending.</p>
<p>Gronkiewicz-Waltz has won praise from the West for her tireless battle against inflation since she was appointed in 1992. But the tough monetary medicine she has administered has made her unpopular in Poland and she admitted that her prospects for another term at the National Bank of Poland were uncertain.</p>
<p>Poland, which was in economic crisis when the communists fell in 1989, imposed several years of shock therapy which sent unemployment soaring but has turned the country into one of Europe's fastest-growing economies.</p>
<p>Inflation remains high by western standards but has fallen sharply under Gronkiewicz-Waltz.</p>
<p>Finance Minister Marek Belka said this week he hoped annual inflation could be cut to 13 percent by the end of this year and into single digits by 1998. In March, inflation was 16.6 percent compared with 20.4 percent a year earlier.</p>
<p>Gronkiewicz-Waltz, in London for the annual meeting of the European Bank for Reconstruction and Development, declined to forecast a fall into single figures in 1998.</p>
<p>But she added: &quot;I would like to (achieve this) because it's the last year of my term. When I came to the bank I said that I hoped I would leave the bank with single-digit inflation. I came when it was about 60 percent a year.&quot;</p>
<p>The reformist governments based around Solidarity trade union won few friends at home for the shock treatment after 1989 and reformed communists and their allies won power in 1993.</p>
<p>Gronkiewicz-Waltz said her role in cutting inflation had also carried a price. &quot;I am quite credible but I'm not sure if I'm quite popular,&quot; she said.</p>
<p>Her term expires on March 5, 1998. To win a second term, she needs to be put forward by President Aleksander Kwasniewski, a former communist, and then approved by parliament.</p>
<p>Asked about her chances of winning a second term, she said: &quot;From the legal point of view it's possible, but I think it will be difficult because I kept quite tough monetary policies.&quot;</p>
<p>Gronkiewicz-Waltz, who ran unsuccessfully for the presidency in the last elections when Kwasniewski won, has not given up reminding the government of the need for tough budget policies.</p>
<p>Belka has defended the budget deficit, which is forecast to be 2.8 percent of gross domestic product (GDP) this year.</p>
<p>This is under the three percent target western European countries must achieve to join economic and monetary union (EMU), a target laid down in the Maastricht Treaty.</p>
<p>But Gronkiewicz-Waltz indicated that meeting Maastricht was not enough for Poland. &quot;This year is 2.8 percent. In my opinion this is extremely high. This is below the Maastricht criterion but last year it was 2.4,&quot; she said.</p>
<p>&quot;(Belka) should be very disciplined this year and next year,&quot; she said. &quot;I would like to have 2.2 percent but I don't know if that's possible.&quot;</p>
<p>She also ruled out early interest rates cuts, even though rates are now about five percentage points over inflation, due to a surge in corporate and consumer lending by banks.</p>
<p>&quot;Interest rates depend on inflation and credit growth. Both are too high now,&quot; she said. &quot;But you can never know what will happen in two or three months. In our case that's quite long-term.&quot;</p>
</text>
<copyright>(c) Reuters Limited 1997</copyright>
<metadata>
<codes class="bip:countries:1.0">
  <code code="POL">
    <editdetail attribution="Reuters BIP Coding Group" action="confirmed" date="1997-04-15"/>
  </code>
  <code code="UK">
    <editdetail attribution="Reuters BIP Coding Group" action="confirmed" date="1997-04-15"/>
  </code>
</codes>
<codes class="bip:topics:1.0">
  <code code="E12">
    <editdetail attribution="Reuters BIP Coding Group" action="confirmed" date="1997-04-15"/>
  </code>
  <code code="E13">
    <editdetail attribution="Reuters BIP Coding Group" action="confirmed" date="1997-04-15"/>
  </code>
  <code code="E131">
    <editdetail attribution="Reuters BIP Coding Group" action="confirmed" date="1997-04-15"/>
  </code>
  <code code="ECAT">
    <editdetail attribution="Reuters BIP Coding Group" action="confirmed" date="1997-04-15"/>
  </code>
</codes>
<dc element="dc.date.created" value="1997-04-15"/>
<dc element="dc.publisher" value="Reuters Holdings Plc"/>
<dc element="dc.date.published" value="1997-04-15"/>
<dc element="dc.source" value="Reuters"/>
<dc element="dc.creator.location" value="LONDON"/>
<dc element="dc.creator.location.country.name" value="UK"/>
<dc element="dc.source" value="Reuters"/>
</metadata>
</newsitem>
