<?xml version="1.0" encoding="iso-8859-1" ?>
<newsitem itemid="508629" id="root" date="1997-04-15" xml:lang="en">
<title>POLAND: POLAND HAS MIXED REVIEWS AT EU PARLIAMENT MEETING.</title>
<headline>POLAND HAS MIXED REVIEWS AT EU PARLIAMENT MEETING.</headline>
<dateline>WARSAW 1997-04-15</dateline>
<text>
<p>Poland gained warm support for its EU membership bid on Tuesday, along with advice to hasten the adjustment of its laws, at a meeting in Warsaw of a committee grouping European and Polish parliamentarians.</p>
<p>&quot;I can say the atmosphere in the European Parliament (EP) is very favourable to the entry of Poland to the European Union,&quot; said EP deputy from Austria Ursula Stenzel, joint head of the Polish-EU parliamentary commission.</p>
<p>&quot;Poland is seen as the country which is most important when it comes to expanding the EU at the moment,&quot; she told a news conference after meeting President Aleksander Kwasniewski.</p>
<p>But on the first day of the Monday-Wednesday meeting, the EU's ambassador in Warsaw Rolf Timans said Poland was taking too long to adjust its laws to make them compatible with those of the union and was going more slowly than promised.</p>
<p>This could bear on an assessment by the Union's executive commission of its readiness to begin entry talks, he said.</p>
<p>Timans told Reuters on Tuesday such delays were not due to ill-will but because of Poland's concentration on laying new economic and other foundations for its future.</p>
<p>&quot;They have a double task -- creating a sound basis for their future and on top of that comes this enormous body of rules and regulations deriving from European integration policies,&quot; he said.</p>
<p>&quot;They will absolutely have to speed up, that is for sure,&quot; Timans added.</p>
<p>Poland expects to start entry talks six months after the end of the EU's Inter-governmental conference this year.</p>
<p>It officially hopes to join the Union around the year 2000 and has got pledges of support for this target from Germany and France, but German Foreign Minister Klaus Kinkel on Monday recognised that around 2002 was the earliest realistic date.</p>
<p>Poland's Rzeczpospolita newspaper reported him as telling a a Polish-German forum in Bonn that Poland was among the leading entry candidates, but the procedures could not be speeded up.</p>
<p>The joint parliamentary committee, formed in 1993, meets twice a year, alternating between Warsaw and Brussels.</p>
</text>
<copyright>(c) Reuters Limited 1997</copyright>
<metadata>
<codes class="bip:countries:1.0">
  <code code="EEC">
    <editdetail attribution="Reuters BIP Coding Group" action="confirmed" date="1997-04-15"/>
  </code>
  <code code="POL">
    <editdetail attribution="Reuters BIP Coding Group" action="confirmed" date="1997-04-15"/>
  </code>
</codes>
<codes class="bip:topics:1.0">
  <code code="G15">
    <editdetail attribution="Reuters BIP Coding Group" action="confirmed" date="1997-04-15"/>
  </code>
  <code code="G158">
    <editdetail attribution="Reuters BIP Coding Group" action="confirmed" date="1997-04-15"/>
  </code>
  <code code="GCAT">
    <editdetail attribution="Reuters BIP Coding Group" action="confirmed" date="1997-04-15"/>
  </code>
  <code code="GDIP">
    <editdetail attribution="Reuters BIP Coding Group" action="confirmed" date="1997-04-15"/>
  </code>
</codes>
<dc element="dc.date.created" value="1997-04-15"/>
<dc element="dc.publisher" value="Reuters Holdings Plc"/>
<dc element="dc.date.published" value="1997-04-15"/>
<dc element="dc.source" value="Reuters"/>
<dc element="dc.creator.location" value="WARSAW"/>
<dc element="dc.creator.location.country.name" value="POLAND"/>
<dc element="dc.source" value="Reuters"/>
</metadata>
</newsitem>
