<?xml version="1.0" encoding="iso-8859-1" ?>
<newsitem itemid="508673" id="root" date="1997-04-15" xml:lang="en">
<title>UK: Oil prices fall as fears of over-supply reappear.</title>
<headline>Oil prices fall as fears of over-supply reappear.</headline>
<byline>Haitham Haddadin</byline>
<dateline>LONDON 1997-04-15</dateline>
<text>
<p>World oil prices slipped back on Tuesday, as tension appeared to slacken in Iran's dispute with the European Union and fears grew of worsening over-supply in crude and product markets.</p>
<p>The May futures contract for world benchmark crude Brent Blend closed at $17.96 a barrel on London's International Petroleum Exchange (IPE), off sharply from yesterday's final price of $18.19.</p>
<p>Brokers said the market felt there would be no escalation in the dispute between Iran, the world's third largest crude exporter, and the European Union.</p>
<p>Crude oil prices moved up on Monday partly on a weekend report in the Washington Post newspaper, attributed to U.S. and Arab officials, linking a top Iranian official to a group suspected of the 1996 bombing of a U.S. military compound in Saudi Arabia.</p>
<p>That report came hard on the heels of a German court's ruling on Friday that Iranian leaders were behind the killing of Kurdish dissidents in Berlin.</p>
<p>But oil brokers said they did not expect the European Union to mimic Washington's blanket ban on trade with Tehran.</p>
<p>&quot;The Iran issue has to escalate a lot further before we start to see the oil markets paying too much relevance,&quot; one IPE trader said.</p>
<p>&quot;As we know, a coordinated European action against Iran is not going to be something that will be easily pulled off,&quot; the broker said.</p>
<p>&quot;I get the impression that the Iranian situation is already being pushed to the side (in oil markets),&quot; he added.</p>
<p>The market was focusing instead on predictions for weekly U.S. stocks data published by the American Petroleum Institute (API) after the market closes on Tuesday.</p>
<p>Prices across the Atlantic were weaker on the expectation the data would show crude oil stocks rising in the U.S. by 3.5 million barrels in the week to April 11.</p>
<p>Such figures would underline how far world crude production currently outstrips demand. The consequence has been a three-month 30 percent slide in price this year.</p>
<p>However, some traders were still optimistic that the recent sharp drop in oil prices could be reversed.</p>
<p>Kuwait's oil minister, Isa al-Mazeedi, told a London-based newspaper in an interview that he believed supply would continue high into the second quarter of the year but good demand for gasoline should keep prices steady.</p>
<p>&quot;All indications are that the current production glut will continue in the second quarter of the year but because this period sees demand rising for light products...and the industry begins to build stocks, these factors should minimise the impact on prices,&quot; Mazeedi told Asharq al-Awsat newspaper.</p>
<p>&quot;You have to look at the United States as a big sponge that can absorb a lot of crude...and the overhang that we saw for the last two weeks can easily be absorbed,&quot; one trader said.</p>
<p>Crude oil prices in dollars per barrel:</p>
<p>						 Apr 15 Apr 14</p>
<p>						 (close) (close)</p>
<p>    Dated Brent			    $17.51 $17.62</p>
<p>    IPE London Brent Futures (May)   $17.96 $18.17</p>
<p>    NYMEX light crude futures (May)  $19.83 $19.95</p>
</text>
<copyright>(c) Reuters Limited 1997</copyright>
<metadata>
<codes class="bip:countries:1.0">
  <code code="UK">
    <editdetail attribution="Reuters BIP Coding Group" action="confirmed" date="1997-04-15"/>
  </code>
</codes>
<codes class="bip:topics:1.0">
  <code code="M14">
    <editdetail attribution="Reuters BIP Coding Group" action="confirmed" date="1997-04-15"/>
  </code>
  <code code="M143">
    <editdetail attribution="Reuters BIP Coding Group" action="confirmed" date="1997-04-15"/>
  </code>
  <code code="MCAT">
    <editdetail attribution="Reuters BIP Coding Group" action="confirmed" date="1997-04-15"/>
  </code>
</codes>
<dc element="dc.date.created" value="1997-04-15"/>
<dc element="dc.publisher" value="Reuters Holdings Plc"/>
<dc element="dc.date.published" value="1997-04-15"/>
<dc element="dc.source" value="Reuters"/>
<dc element="dc.creator.location" value="LONDON"/>
<dc element="dc.creator.location.country.name" value="UK"/>
<dc element="dc.source" value="Reuters"/>
</metadata>
</newsitem>
