<?xml version="1.0" encoding="iso-8859-1" ?>
<newsitem itemid="508620" id="root" date="1997-04-15" xml:lang="en">
<title>LITHUANIA: SANITAS 1Q PROFIT DIPS, PRODUCTION UP.</title>
<headline>SANITAS 1Q PROFIT DIPS, PRODUCTION UP.</headline>
<dateline>VILNIUS 1997-04-15</dateline>
<text>
<p>Lithuania's largest producer of pharmaceutical products, Sanitas, said on Tuesday that its 1Q net profit was 2.2 million litas versus 2.9 million litas last year.</p>
<p>The company's production for the first quarter rose to 11.8 million litas from 10.9 million litas last year, the company's general director, Albertas Bertulis, told Reuters.</p>
<p>&quot;Our profit fell a bit because the government cancelled our profit tax privileges, and this quarter we had to pay 29 percent profit tax,&quot; he said.</p>
<p>He also said that the firm's Russian partners only got their licenses for Lithuanian medicine in February, a factor which almost &quot;brought sales to a halt in January.&quot;</p>
<p>The company exports 90 percent of its production, 75 percent of it to Russia.</p>
<p>Bertulis said that the company was targeting other CIS markets.</p>
<p>He added that the company's net profit for the second quarter was expected to be about the same as the first quarter results.</p>
<p>The company's net profit in 1996 was over ten million litas.</p>
<p>The company's shares are registered on the A list of the Vilnius bourse but trade in them was suspended on Tuesday for up to three months while the firm increases its authorized capital from reserves.</p>
<p>Dealers said on Tuesday that one of the company's major shareholders was looking to sell their shares.</p>
<p>--Vilnius newsroom +370 2 22 35 18</p>
</text>
<copyright>(c) Reuters Limited 1997</copyright>
<metadata>
<codes class="bip:countries:1.0">
  <code code="LITH">
    <editdetail attribution="Reuters BIP Coding Group" action="confirmed" date="1997-04-15"/>
  </code>
</codes>
<codes class="bip:industries:1.0">
  <code code="I25700">
    <editdetail attribution="Reuters BIP Coding Group" action="confirmed" date="1997-04-15"/>
  </code>
  <code code="I81000">
    <editdetail attribution="Reuters BIP Coding Group" action="confirmed" date="1997-04-15"/>
  </code>
</codes>
<codes class="bip:topics:1.0">
  <code code="C15">
    <editdetail attribution="Reuters BIP Coding Group" action="confirmed" date="1997-04-15"/>
  </code>
  <code code="C151">
    <editdetail attribution="Reuters BIP Coding Group" action="confirmed" date="1997-04-15"/>
  </code>
  <code code="CCAT">
    <editdetail attribution="Reuters BIP Coding Group" action="confirmed" date="1997-04-15"/>
  </code>
</codes>
<dc element="dc.date.created" value="1997-04-15"/>
<dc element="dc.publisher" value="Reuters Holdings Plc"/>
<dc element="dc.date.published" value="1997-04-15"/>
<dc element="dc.source" value="Reuters"/>
<dc element="dc.creator.location" value="VILNIUS"/>
<dc element="dc.creator.location.country.name" value="LITHUANIA"/>
<dc element="dc.source" value="Reuters"/>
</metadata>
</newsitem>
