<?xml version="1.0" encoding="iso-8859-1" ?>
<newsitem itemid="508664" id="root" date="1997-04-15" xml:lang="en">
<title>ESTONIA: KAUBAMAJA PLANS SHARE ISSUE.</title>
<headline>KAUBAMAJA PLANS SHARE ISSUE.</headline>
<dateline>TALLINN 1997-04-15</dateline>
<text>
<p>Tallinna Kaubamaja is to propose the issue of 3.4 million shares at its shareholder meeting, which will double the company's share capital to 67.8 million kroons, the company said on Tuesday.  </p>
<p>The board will propose at the shareholder meeing on Saturday to assign 1.4 million kroons to reserves and will propose dividends to shareholders of 8.65 million kroons or 2.55 kroons per one 10-kroon face value share.</p>
<p>&quot;The bonus share issue will increase the reliability of Tallinna Kaubamaja and makes the shares more accessible for small investors,&quot; the company said in its statement.</p>
<p>The Kaubamaja board proposes to reinvest 20.2 million kroons from the total net profit of 28.8 million kroons.</p>
<p>-- Eva Palu, Tallinn newsroom, +372 630 8400, reuters@reuters.ee</p>
</text>
<copyright>(c) Reuters Limited 1997</copyright>
<metadata>
<codes class="bip:countries:1.0">
  <code code="ESTNIA">
    <editdetail attribution="Reuters BIP Coding Group" action="confirmed" date="1997-04-15"/>
  </code>
</codes>
<codes class="bip:topics:1.0">
  <code code="C17">
    <editdetail attribution="Reuters BIP Coding Group" action="confirmed" date="1997-04-15"/>
  </code>
  <code code="C171">
    <editdetail attribution="Reuters BIP Coding Group" action="confirmed" date="1997-04-15"/>
  </code>
  <code code="CCAT">
    <editdetail attribution="Reuters BIP Coding Group" action="confirmed" date="1997-04-15"/>
  </code>
</codes>
<dc element="dc.date.created" value="1997-04-15"/>
<dc element="dc.publisher" value="Reuters Holdings Plc"/>
<dc element="dc.date.published" value="1997-04-15"/>
<dc element="dc.source" value="Reuters"/>
<dc element="dc.creator.location" value="TALLINN"/>
<dc element="dc.creator.location.country.name" value="ESTONIA"/>
<dc element="dc.source" value="Reuters"/>
</metadata>
</newsitem>
