<?xml version="1.0" encoding="iso-8859-1" ?>
<newsitem itemid="508642" id="root" date="1997-04-15" xml:lang="en">
<title>ESTONIA: SAKU CALM OVER NEW EXCISE TAX.</title>
<headline>SAKU CALM OVER NEW EXCISE TAX.</headline>
<dateline>TALLINN 1997-04-15</dateline>
<text>
<p>Saku Brewery said on Tuesday that a new higher excise tax will not affect its sales but will have a negative impact on Estonian beer production as a whole.</p>
<p>Saku, owned by Baltic Beverages, itself a joint venture between Finnish Hartwall and Nordic brewer Pripps, is the leading beer maker in Estonia.</p>
<p>&quot;We think it has no effect (on sales figures),&quot; chairman Cardo Remmel told Reuters.</p>
<p>&quot;If the state has divided us into the same category as large enterprises...we probably have to set higher goals,&quot; he added.</p>
<p>Estonia's parliament earlier approved changes to the excise law, which will increase the excise duty for Saku and foreign beer importers by 0.50 kroons from July 1.</p>
<p>&quot;Tax allowances make smaller breweries disinterested in growing in order not to pay higher excise tax which lowers their competitivity,&quot; Remmel said.</p>
<p>&quot;The positive impact is that some smaller breweries will get more breathing-space,&quot; he added.</p>
<p>However, Remmel said he saw a change in tax and competition conditions during the course of a budget year as a danger.</p>
<p>&quot;It is in contradiction with promises given to European Union, the World Trade Organisation and foreign investors,&quot; he added.</p>
<p>-- Eva Palu, Tallinn newsroom, +372 630 8400, reuters@reuters.ee</p>
</text>
<copyright>(c) Reuters Limited 1997</copyright>
<metadata>
<codes class="bip:countries:1.0">
  <code code="ESTNIA">
    <editdetail attribution="Reuters BIP Coding Group" action="confirmed" date="1997-04-15"/>
  </code>
</codes>
<codes class="bip:industries:1.0">
  <code code="I42700">
    <editdetail attribution="Reuters BIP Coding Group" action="confirmed" date="1997-04-15"/>
  </code>
</codes>
<codes class="bip:topics:1.0">
  <code code="C13">
    <editdetail attribution="Reuters BIP Coding Group" action="confirmed" date="1997-04-15"/>
  </code>
  <code code="C21">
    <editdetail attribution="Reuters BIP Coding Group" action="confirmed" date="1997-04-15"/>
  </code>
  <code code="CCAT">
    <editdetail attribution="Reuters BIP Coding Group" action="confirmed" date="1997-04-15"/>
  </code>
</codes>
<dc element="dc.date.created" value="1997-04-15"/>
<dc element="dc.publisher" value="Reuters Holdings Plc"/>
<dc element="dc.date.published" value="1997-04-15"/>
<dc element="dc.source" value="Reuters"/>
<dc element="dc.creator.location" value="TALLINN"/>
<dc element="dc.creator.location.country.name" value="ESTONIA"/>
<dc element="dc.source" value="Reuters"/>
</metadata>
</newsitem>
