<?xml version="1.0" encoding="iso-8859-1" ?>
<newsitem itemid="508630" id="root" date="1997-04-15" xml:lang="en">
<title>HUNGARY: NN HUNGARY SEES PREMIUM UP, HAS NEW PRODUCT.</title>
<headline>NN HUNGARY SEES PREMIUM UP, HAS NEW PRODUCT.</headline>
<dateline>BUDAPEST 1997-04-15</dateline>
<text>
<p>Nationale Nederlanden Hungary Ltd generated a 1.21 billion forint after-tax profit and a 17.359 billion forints premium revenues in 1996, becoming one of the fastest-growing members of the ING Group .</p>
<p>&quot;ING Group's (annual) report picks out two countries performing outsandingly in life insurance, these are Japan and Hungary,&quot; Gyorgy Bordas, chairman and CEO of NN Hungary, told a news conference on Tuesday.</p>
<p>For 1997 the insurance company forecasts premium revenues of 22 billion forints, Bordas said. He declined to give a profit plan but said NN wanted to exceed last year's profit.</p>
<p>Bordas added that NN Hungary, with a 36 percent market share in life insurance, sought to increase the number of its clients to some 350,000 by the end of 1997, from the current 300,000 plus.</p>
<p>To further strengthen its position, NN Hungary has launched a new product, offering the first ever unit-linked life insurance in Hungary, linked to investment funds, Bordas said.</p>
<p>&quot;The new life insurance...is a savings product which supplements the insurance with bond and share investments,&quot; NN Hungary said in a statement.</p>
<p>Hungary's total 1996 premium revenues are estimated at 150 billion forints.</p>
<p>In terms of premium revenues NN Hungary ranked the fourth position last year, but unlike the first three insurance firms, is involved in life insurance only.</p>
<p>-- Emese Bartha, Budapest newsroom +36 1 327-4040</p>
</text>
<copyright>(c) Reuters Limited 1997</copyright>
<metadata>
<codes class="bip:countries:1.0">
  <code code="HUNG">
    <editdetail attribution="Reuters BIP Coding Group" action="confirmed" date="1997-04-15"/>
  </code>
  <code code="NETH">
    <editdetail attribution="Reuters BIP Coding Group" action="confirmed" date="1997-04-15"/>
  </code>
</codes>
<codes class="bip:industries:1.0">
  <code code="I81402">
    <editdetail attribution="Reuters BIP Coding Group" action="confirmed" date="1997-04-15"/>
  </code>
  <code code="I82002">
    <editdetail attribution="Reuters BIP Coding Group" action="confirmed" date="1997-04-15"/>
  </code>
</codes>
<codes class="bip:topics:1.0">
  <code code="C15">
    <editdetail attribution="Reuters BIP Coding Group" action="confirmed" date="1997-04-15"/>
  </code>
  <code code="C152">
    <editdetail attribution="Reuters BIP Coding Group" action="confirmed" date="1997-04-15"/>
  </code>
  <code code="C22">
    <editdetail attribution="Reuters BIP Coding Group" action="confirmed" date="1997-04-15"/>
  </code>
  <code code="CCAT">
    <editdetail attribution="Reuters BIP Coding Group" action="confirmed" date="1997-04-15"/>
  </code>
</codes>
<dc element="dc.date.created" value="1997-04-15"/>
<dc element="dc.publisher" value="Reuters Holdings Plc"/>
<dc element="dc.date.published" value="1997-04-15"/>
<dc element="dc.source" value="Reuters"/>
<dc element="dc.creator.location" value="BUDAPEST"/>
<dc element="dc.creator.location.country.name" value="HUNGARY"/>
<dc element="dc.source" value="Reuters"/>
</metadata>
</newsitem>
