<?xml version="1.0" encoding="iso-8859-1" ?>
<newsitem itemid="508618" id="root" date="1997-04-15" xml:lang="en">
<title>ESTONIA: EU CAUTIONS ESTONIA OVER TRADE DEFICIT.</title>
<headline>EU CAUTIONS ESTONIA OVER TRADE DEFICIT.</headline>
<dateline>TALLINN 1997-04-15</dateline>
<text>
<p>European commissioner Hans van den Broek on Tuesday cautioned Estonia to keep a watch on its rising trade deficit.</p>
<p>&quot;Such a trade deficit, even if covered at present by capital inflows, is not sustainable in the long run,&quot; van den Broek told a news conference during a two-day visit to Estonia.</p>
<p>Estonia's current account deficit increased to 5.3 billion kroons in 1996 compared to 1995's 0.9 billion kroons.</p>
<p>The trade deficit in February was 1.1 billion kroons versus 1.2 billion kroons in January.</p>
<p>&quot;There is a need to strengthen your competitive position on European and world markets,&quot; he added.</p>
<p>He said the cautionary note was aimed at encouraging Estonia to attract more foreign investments.</p>
<p>&quot;We see it as an encouragement to continue the policy of attracting foreign investment and creating the economic conditions for more foreign direct foreign investment,&quot; he said.</p>
<p>&quot;This will help boost exports and bring the trade more or less to balance,&quot; he added.</p>
<p>Some economic commentators see the rising trade imbalance as a reason to carry out a competitive devaluation of the kroon against the mark from its current eight kroons to one mark peg.</p>
<p>-- David Mardiste, Tallinn newsroom +372 630 8400 reuters@reuters.ee</p>
</text>
<copyright>(c) Reuters Limited 1997</copyright>
<metadata>
<codes class="bip:countries:1.0">
  <code code="EEC">
    <editdetail attribution="Reuters BIP Coding Group" action="confirmed" date="1997-04-15"/>
  </code>
  <code code="ESTNIA">
    <editdetail attribution="Reuters BIP Coding Group" action="confirmed" date="1997-04-15"/>
  </code>
</codes>
<codes class="bip:topics:1.0">
  <code code="E51">
    <editdetail attribution="Reuters BIP Coding Group" action="confirmed" date="1997-04-15"/>
  </code>
  <code code="E512">
    <editdetail attribution="Reuters BIP Coding Group" action="confirmed" date="1997-04-15"/>
  </code>
  <code code="ECAT">
    <editdetail attribution="Reuters BIP Coding Group" action="confirmed" date="1997-04-15"/>
  </code>
  <code code="G15">
    <editdetail attribution="Reuters BIP Coding Group" action="confirmed" date="1997-04-15"/>
  </code>
  <code code="G158">
    <editdetail attribution="Reuters BIP Coding Group" action="confirmed" date="1997-04-15"/>
  </code>
  <code code="GCAT">
    <editdetail attribution="Reuters BIP Coding Group" action="confirmed" date="1997-04-15"/>
  </code>
</codes>
<dc element="dc.date.created" value="1997-04-15"/>
<dc element="dc.publisher" value="Reuters Holdings Plc"/>
<dc element="dc.date.published" value="1997-04-15"/>
<dc element="dc.source" value="Reuters"/>
<dc element="dc.creator.location" value="TALLINN"/>
<dc element="dc.creator.location.country.name" value="ESTONIA"/>
<dc element="dc.source" value="Reuters"/>
</metadata>
</newsitem>
