<?xml version="1.0" encoding="iso-8859-1" ?>
<newsitem itemid="508617" id="root" date="1997-04-15" xml:lang="en">
<title>BULGARIA: BULGARIAN NATIONAL BANK FIXINGS FOR WEDNESDAY.</title>
<headline>BULGARIAN NATIONAL BANK FIXINGS FOR WEDNESDAY.</headline>
<dateline>SOFIA 1997-04-15</dateline>
<text>
<p>The Bulgarian National Bank set the following fixed exchange rates against the Bulgarian lev for Wednesday:</p>
<p>(Previous in brackets)</p>
<p>    USD  1,499.70 (1,501.10)	CHF  1,019.20 (1,024.30)</p>
<p>    DEM    864.88 (871.67)	  GBP  2,440.20 (2,436.60)</p>
<p>    ATS    122.96 (123.85)</p>
<p>Trading volume for Tuesday (total as dollar equivalent):</p>
<p>    Banks bought   $35.74 million</p>
<p>    Banks sold     $55.14 million</p>
<p>Total turnover $90.88 million ($77.85 million)</p>
<p>-- Sofia Newsroom, (++359-2) 91188</p>
</text>
<copyright>(c) Reuters Limited 1997</copyright>
<metadata>
<codes class="bip:countries:1.0">
  <code code="BUL">
    <editdetail attribution="Reuters BIP Coding Group" action="confirmed" date="1997-04-15"/>
  </code>
</codes>
<codes class="bip:topics:1.0">
  <code code="M13">
    <editdetail attribution="Reuters BIP Coding Group" action="confirmed" date="1997-04-15"/>
  </code>
  <code code="M132">
    <editdetail attribution="Reuters BIP Coding Group" action="confirmed" date="1997-04-15"/>
  </code>
  <code code="MCAT">
    <editdetail attribution="Reuters BIP Coding Group" action="confirmed" date="1997-04-15"/>
  </code>
</codes>
<dc element="dc.date.created" value="1997-04-15"/>
<dc element="dc.publisher" value="Reuters Holdings Plc"/>
<dc element="dc.date.published" value="1997-04-15"/>
<dc element="dc.source" value="Reuters"/>
<dc element="dc.creator.location" value="SOFIA"/>
<dc element="dc.creator.location.country.name" value="BULGARIA"/>
<dc element="dc.source" value="Reuters"/>
</metadata>
</newsitem>
