<?xml version="1.0" encoding="iso-8859-1" ?>
<newsitem itemid="508631" id="root" date="1997-04-15" xml:lang="en">
<title>SLOVAKIA: SLOVAK C.BANK SEES CROWN STEADY IF LIMIT REMOVED.</title>
<headline>SLOVAK C.BANK SEES CROWN STEADY IF LIMIT REMOVED.</headline>
<dateline>BRATISLAVA 1997-04-01</dateline>
<text>
<p>The Slovak central bank on Tuesday said it did not expect a run on the crown if a plan to end citizens' annual limit on hard currency purchases is approved by parliament.</p>
<p>Scrapping the 60,000 crown annual limit on hard currency purchases by citizens is one of a series of amendments to a foreign exchange law, approved by the NBS governing board last Friday, aimed at further liberalisation of capital account operations according to OECD standards.</p>
<p>&quot;There is no reason to expect that people will lose their confidence in crown and start massive purchases of hard currencies once the new law is valid,&quot; the National Bank of Slovakia (NBS) spokesman, Jan Onda, told Reuters.</p>
<p>&quot;Furthermore, according to our experience the current limit has been used only at up to 50 percent,&quot; Onda said. The NBS proposed the new legislation to become effective on June 1.</p>
<p>The second change to the law should cancel the so called &quot;offer requirement for legal entities&quot; and withdraw the present obligation according to which any legal subject had to ask for an NBS approval to open a foreign exchange account.</p>
<p>&quot;The prepared law will effectively end this requirement and legal subjects should be allowed to hold hard currencies on their foreign exchange accounts without NBS approval,&quot; Onda said.</p>
<p>The NBS also drafted a change which should effectively allow Slovak branches of foreign banks to buy real estate in Slovakia.</p>
<p>The package of laws now must go to the parliament for final approval. &quot;But the final date when the law will become valid will depend on the pace of further legislation procedures,&quot; Onda said.</p>
<p>-- Peter Laca, Bratislava Newsroom, 421-7-521-8402</p>
</text>
<copyright>(c) Reuters Limited 1997</copyright>
<metadata>
<codes class="bip:countries:1.0">
  <code code="SLVAK">
    <editdetail attribution="Reuters BIP Coding Group" action="confirmed" date="1997-04-15"/>
  </code>
</codes>
<codes class="bip:topics:1.0">
  <code code="E12">
    <editdetail attribution="Reuters BIP Coding Group" action="confirmed" date="1997-04-15"/>
  </code>
  <code code="ECAT">
    <editdetail attribution="Reuters BIP Coding Group" action="confirmed" date="1997-04-15"/>
  </code>
  <code code="M13">
    <editdetail attribution="Reuters BIP Coding Group" action="confirmed" date="1997-04-15"/>
  </code>
  <code code="M132">
    <editdetail attribution="Reuters BIP Coding Group" action="confirmed" date="1997-04-15"/>
  </code>
  <code code="MCAT">
    <editdetail attribution="Reuters BIP Coding Group" action="confirmed" date="1997-04-15"/>
  </code>
</codes>
<dc element="dc.date.created" value="1997-04-01"/>
<dc element="dc.publisher" value="Reuters Holdings Plc"/>
<dc element="dc.date.published" value="1997-04-15"/>
<dc element="dc.source" value="Reuters"/>
<dc element="dc.creator.location" value="BRATISLAVA"/>
<dc element="dc.creator.location.country.name" value="SLOVAKIA"/>
<dc element="dc.source" value="Reuters"/>
</metadata>
</newsitem>
