<?xml version="1.0" encoding="iso-8859-1" ?>
<newsitem itemid="508658" id="root" date="1997-04-15" xml:lang="en">
<title>BULGARIA: BULGARIAN RECOVERY HINGES ON RADICAL REFORM.</title>
<headline>BULGARIAN RECOVERY HINGES ON RADICAL REFORM.</headline>
<byline>Elisaveta Konstatinova</byline>
<dateline>SOFIA 1997-04-15</dateline>
<text>
<p>Bulgaria's ambitious reform plan will be difficult to sustain unless its key elements -- speedy sell-offs, stabilising banks and curbing tax evasion -- are implemented at the same time, analysts say.</p>
<p>&quot;The problem is that all these, restoring confidence in the currency and the banks, servicing domestic and foreign debts, tax reform and reducing the deficit need to be done at the same time,&quot; said Krassen Stanchev, director of the Institute for Market Economics.</p>
<p>&quot;And it would not be difficult for those who want to make the reform fail to do so,&quot; Stanchev told Reuters.</p>
<p>Bulgaria has agreed a package of credits worth nearly $1.2 billion with the International Monetary Fund, the World Bank, the European Union and the G-24 industrialised countries.</p>
<p>The $657 million IMF accord paves the way for negotiations with the Paris Club on a rescheduling of foreign debt payments which total $1 billion this year.</p>
<p>As a condition of the IMF accord, Bulgaria has pledged to introduce a restrictive fixed exchange rate regime in June to restore confidence in the economy.</p>
<p>Central bank lending to the budget and commercial banks will be banned under the currency board system. Privatisation proceeds and taxes will be the only source of budget revenue.</p>
<p>Bulgaria's foreign and domestic debt to gross domestic product (GDP) ratio is estimated at between 180 and 300 percent depending on the calculation method, according to the Economy Institute of the Bulgarian Academy of Sciences (BAS).</p>
<p>&quot;Sustaining both debt payments and reducing budget spending to a 3.8 percent deficit will be very difficult,&quot; said BAS expert Garabed Minasian.</p>
<p>The IMF agreement envisages bringing down the budget deficit to 3.8 percent of GDP from last year's 12 percent.</p>
<p>Bulgaria expects some $300 million from privatisation of major state owned firms this year, but a major sell-offs have yet to be completed.</p>
<p>Economic Policy Minister Krassimir Angarski has called for urgent revision of tax laws to boost budget revenue. Businesses avoiding taxes account for 50 percent of GDP, according to BAS.</p>
<p>Asset stripping of state enterprises by a small group of private firms is seen as one of the causes of Bulgaria's grave economic crisis. Analysts warn corrupt business interests still could thwart radical reform plans.</p>
<p>Stabilising the country's troubled banks and guaranteeing deposits in closed banks will also require funds. The currency board removes the central bank's role as lender of last resort.</p>
<p>&quot;No insolvent or illiquid banks should enter the currency board system,&quot; said Angarski.</p>
<p>Bulgaria hopes to sell majority stakes in six big state banks by mid-1998. The state of the six -- Bulbank, Post Bank, Biochimbank, United Bulgarian Bank, Hebrosank, Expressbank -- has improved recently after the lev's drastic slump in February because these banks held long positions in foreign exchange.</p>
<p>The remaining eight private banks, which share three percent of the local market, will need to find a particular market niche, otherwise they risk bankruptcy, said Stanchev.</p>
<p>The Bank Consolidation Company is drafting procedures for bank sales either through tenders or with direct talks with investors. The procedure has yet to be approved by the new government to be formed after April 19 elections.</p>
<p>Of Bulgaria's 45 banks, four have been declared insolvent by the courts -- Crystalbank, Mineralbank, Private Agricultural Investment Bank and Trade and Savings Bank. A further 12 were placed in receivership.</p>
<p>The IMF and the cabinet have prepared a revision of the bank insolvency law that will allow the swift resolution of pending court cases and speed up liquidation of closed banks. -- Sofia Newsroom, 359-2-91188</p>
</text>
<copyright>(c) Reuters Limited 1997</copyright>
<metadata>
<codes class="bip:countries:1.0">
  <code code="BUL">
    <editdetail attribution="Reuters BIP Coding Group" action="confirmed" date="1997-04-15"/>
  </code>
</codes>
<codes class="bip:topics:1.0">
  <code code="E11">
    <editdetail attribution="Reuters BIP Coding Group" action="confirmed" date="1997-04-15"/>
  </code>
  <code code="E12">
    <editdetail attribution="Reuters BIP Coding Group" action="confirmed" date="1997-04-15"/>
  </code>
  <code code="ECAT">
    <editdetail attribution="Reuters BIP Coding Group" action="confirmed" date="1997-04-15"/>
  </code>
</codes>
<dc element="dc.date.created" value="1997-04-15"/>
<dc element="dc.publisher" value="Reuters Holdings Plc"/>
<dc element="dc.date.published" value="1997-04-15"/>
<dc element="dc.source" value="Reuters"/>
<dc element="dc.creator.location" value="SOFIA"/>
<dc element="dc.creator.location.country.name" value="BULGARIA"/>
<dc element="dc.source" value="Reuters"/>
</metadata>
</newsitem>
