<?xml version="1.0" encoding="iso-8859-1" ?>
<newsitem itemid="508619" id="root" date="1997-04-15" xml:lang="en">
<title>MACEDONIA: MACEDONIA STOCK TURNOVER, VOLUME FALL.</title>
<headline>MACEDONIA STOCK TURNOVER, VOLUME FALL.</headline>
<dateline>SKOPJE 1997-04-15</dateline>
<text>
<p>Turnover fell to 538,350 denars at Tuesday's session of the Macedonian Stock Exchange from 1.814 million denars on Thursday as only one company traded, the exchange said.</p>
<p>Alkaloid joint stock company sold 555 shares at 970 denars, unchanged from Thursday's close and below par of 2,425 denars. Traded volume was 1,870 shares at Thursday's session when only Alkaloid stocks traded.</p>
<p>Listed companies trade in two floor sessions. The exchange trades on Tuesday and Thursday. </p>
<p>($1=45.92 denars; 1DEM=26.65 denars) -- Sofia Newsroom, 359-2-981 4145</p>
</text>
<copyright>(c) Reuters Limited 1997</copyright>
<metadata>
<codes class="bip:countries:1.0">
  <code code="MCDNIA">
    <editdetail attribution="Reuters BIP Coding Group" action="confirmed" date="1997-04-15"/>
  </code>
</codes>
<codes class="bip:topics:1.0">
  <code code="M11">
    <editdetail attribution="Reuters BIP Coding Group" action="confirmed" date="1997-04-15"/>
  </code>
  <code code="MCAT">
    <editdetail attribution="Reuters BIP Coding Group" action="confirmed" date="1997-04-15"/>
  </code>
</codes>
<dc element="dc.date.created" value="1997-04-15"/>
<dc element="dc.publisher" value="Reuters Holdings Plc"/>
<dc element="dc.date.published" value="1997-04-15"/>
<dc element="dc.source" value="Reuters"/>
<dc element="dc.creator.location" value="SKOPJE"/>
<dc element="dc.creator.location.country.name" value="MACEDONIA"/>
<dc element="dc.source" value="Reuters"/>
</metadata>
</newsitem>
