<?xml version="1.0" encoding="iso-8859-1" ?>
<newsitem itemid="508667" id="root" date="1997-04-15" xml:lang="en">
<title>ESTONIA: PAKTERMINAL 97 Q1 TURNOVER 150 MLN EEK - REPORT.</title>
<headline>PAKTERMINAL 97 Q1 TURNOVER 150 MLN EEK - REPORT.</headline>
<dateline>TALLINN 1997-04-15</dateline>
<text>
<p>Pakterminal, the largest oil trans-shipping company in Estonia, said had first quarter 1997 turnover of 150 million kroons versus 75 million kroons for the first quarter of 1996, newspaper Aripaev said on Tuesday.</p>
<p>The company made a profit of over 200 million kroons in 1996, the business newspaper added.</p>
<p>Paterminal's current capacity is 135,000 cubic meters and the company plans to increase its capacity by 36,000 cubic metres during 1997, chairman of the board, Aadu Luukas, was quoted by the newspaper as saying.</p>
<p>The new tanks will not significantly increase Pakterminal's capacity but will improve its cumstomer service because it can operate with a small reserve, Lukkus told Aripaev.</p>
<p>--David Mardiste, Tallinn newsroom, +372 630 8400 reuters@reuters.ee</p>
</text>
<copyright>(c) Reuters Limited 1997</copyright>
<metadata>
<codes class="bip:countries:1.0">
  <code code="ESTNIA">
    <editdetail attribution="Reuters BIP Coding Group" action="confirmed" date="1997-04-15"/>
  </code>
</codes>
<codes class="bip:industries:1.0">
  <code code="I76300">
    <editdetail attribution="Reuters BIP Coding Group" action="confirmed" date="1997-04-15"/>
  </code>
</codes>
<codes class="bip:topics:1.0">
  <code code="C15">
    <editdetail attribution="Reuters BIP Coding Group" action="confirmed" date="1997-04-15"/>
  </code>
  <code code="C151">
    <editdetail attribution="Reuters BIP Coding Group" action="confirmed" date="1997-04-15"/>
  </code>
  <code code="CCAT">
    <editdetail attribution="Reuters BIP Coding Group" action="confirmed" date="1997-04-15"/>
  </code>
</codes>
<dc element="dc.date.created" value="1997-04-15"/>
<dc element="dc.publisher" value="Reuters Holdings Plc"/>
<dc element="dc.date.published" value="1997-04-15"/>
<dc element="dc.source" value="Reuters"/>
<dc element="dc.creator.location" value="TALLINN"/>
<dc element="dc.creator.location.country.name" value="ESTONIA"/>
<dc element="dc.source" value="Reuters"/>
</metadata>
</newsitem>
