<?xml version="1.0" encoding="iso-8859-1" ?>
<newsitem itemid="508609" id="root" date="1997-04-15" xml:lang="en">
<title>CZECH REPUBLIC: REUTERS POLL - ANALYSTS ON CZECH STIMULUS PLAN.</title>
<headline>REUTERS POLL - ANALYSTS ON CZECH STIMULUS PLAN.</headline>
<dateline>PRAGUE 1997-04-15</dateline>
<text>
<p>The Czech government is due to</p>
<p>announce an economic stimulus package on Wednesday aiming to</p>
<p>cut growing budget and trade deficits, accelerate economic</p>
<p>growth, and address problems in economic reforms.</p>
<p>Reuters polled a group of economists, traders and analysts</p>
<p>who focus on the Czech market, asking them two questions:</p>
<p>1. What do you think the government SHOULD do to improve</p>
<p>the Czech economic situation in their package of measures to be</p>
<p>announced on April 16?</p>
<p>2. What do you think the government WILL do to improve the</p>
<p>Czech economic situation in their package of measures to be</p>
<p>announced on April 16?</p>
<p>Their answers were</p>
<p>(including justifications, where given:)</p>
<p>----------------------------------------------</p>
<p>Boris Gomez/Susanne Hallergard</p>
<p>Economic analysts, ING Barings, Prague/London</p>
<p>1.  - Significiant cuts in speding to create budget surplus in</p>
<p>1997, at least Kc 20-30bn in total.</p>
<p>- Restraining wage growth</p>
<p>- freeze public sector wages at current levels for a year</p>
<p>- pressure management in those companies where government</p>
<p>has significiant holding to limit wage growth at eight to 10</p>
<p>percent in 1997.</p>
<p>- Accelerated price deregulation</p>
<p>- fully liberalise energy prices by start of 1999</p>
<p>- lift state rent controls by mid-1999</p>
<p>- Accelerated privatisation</p>
<p>- complete privatisation of IPB and one other major bank</p>
<p>by end of 1997</p>
<p>- final decision on method of privatisation of energy</p>
<p>distribution companies, in order to offer some assets in</p>
<p>second-half 1997</p>
<p>- timetable for selling off holdings in strategic firms</p>
<p>(1997-1999)</p>
<p>- Capital markets reforms</p>
<p>- introduce SEC-like agency by July 1, with international</p>
<p>experts on executive board</p>
<p>- stricter company reporting requirements (starting in</p>
<p>1998 all companies listed on Prague Stock Exchange's two main</p>
<p>markets must publish quarterly results).</p>
<p>- abolition of trading at Centre for Securities</p>
<p>(effective July 1)</p>
<p>- separation of banks from investment funds (legislation</p>
<p>effective July 1)</p>
<p>- Enterpreneurial sector</p>
<p>- Accelerated write-offs for capital equipment (from</p>
<p>start of 1998)</p>
<p>- Stricter legislation to speed up bankruptcies</p>
<p>- Savings</p>
<p>- Increase state subsidies for building societies (to</p>
<p>finance long-term housing loans and attract higher</p>
<p>contributions to saving accounts)</p>
<p>- Issue state bonds for domestic household savers</p>
<p>- Complete proposal for pension system reform by end of</p>
<p>1997 and approve legislation by Sept.1. Changes (including</p>
<p>private contribution scheme) could be phased at start of 1999</p>
<p>---------</p>
<p>2. - Very Likely</p>
<p>- Significiant budget cuts, arround 20 billion crowns</p>
<p>- Pro-export policies (reaffirming previous promises to</p>
<p>widen scope of EGAP's activities; increased funds for export</p>
<p>bank, etc.)</p>
<p>- Wage growht in public sector slowed to target of 5-8</p>
<p>percent for 1997</p>
<p>- Wage growth in companies where government has influence</p>
<p>slowed to target of 1997</p>
<p>- Commitment to complete legislative proposal to reform</p>
<p>pension system by end of 1997</p>
<p>- Commitment to speed up court/bankruptcy process</p>
<p>- Also Likely</p>
<p>- &quot;seasonal&quot; import duties on selected foodstuffs and</p>
<p>more stringent non-tariff trade barriers on imports,</p>
<p>particulary from EU. Anti-dumping legislation to be implemented</p>
<p>by July 1.</p>
<p>- more state support for building societies (to finance</p>
<p>long-term loans and attract higher contributions to saving</p>
<p>accounts)</p>
<p>- commitment to improvefinancial situation of corporate</p>
<p>sector (shorte depreciation rules, accelerated tax write-offs</p>
<p>for capital equipment, etc.)</p>
<p>- speedier privatisation (with annoucment of timetable for</p>
<p>selling off assets in banks, energy distribution companies and</p>
<p>other strategic holdings)</p>
<p>- commitment to increase transparency of capital markets</p>
<p>(including more concrete details on setting up the SEC body in</p>
<p>second half 1997)</p>
<p>- commitment to introduce legislation to separate banks</p>
<p>from investment funds</p>
<p>- Possible</p>
<p>- importquotas on selected items</p>
<p>- state bond issue aimed at individual investors</p>
<p>- lowering tax on capital gains and interest</p>
<p>- Unlikely</p>
<p>- import surcharge (indecision on which items to cover,</p>
<p>wary of conflict with WTO and lack of consensus within cabinet)</p>
<p>---------------------------------------------------------------</p>
<p>Kamil Janacek</p>
<p>Chief Economist, Komercni Banka Prague</p>
<p>1.  - run a surplus budget of about 2 to 3 percent of GDP</p>
<p>- quickly introduce pro-export policies</p>
<p>- (take) steps to improve enforcement of (economic) law</p>
<p>- accomplish the remaining privatisation, including big</p>
<p>banks and industrial corporations</p>
<p>---------</p>
<p>2.  - make cuts in public budgets keeping them in balance</p>
<p>- (take) steps to reduce imports of highly subsidised</p>
<p>agriculture and luxury goods</p>
<p>- issue longer-term government bonds aiming to increase the</p>
<p>propensity to save in the household sector</p>
<p>- (make) changes in legal and institutional framework</p>
<p>enabling better functioning of the legal infrastructure</p>
<p>- (make) a step-by-step finalisation of privatisation</p>
<p>---------------------------------------------------------------</p>
<p>ANDREW KENNINGHAM</p>
<p>Senior Economist Emerging Markets, Merrill Lynch London</p>
<p>1.  a) announce fiscal cuts of 40-50 billion crowns, of which</p>
<p>30 billion to be savings in 1997 and a major part of savings to</p>
<p>be from reduced public sector wage increases</p>
<p>b) widen the exchange rate (fluctuation) band to plus/minus</p>
<p>10 percent but keep the mid-point the same and confirm the</p>
<p>commitment not to devalue;</p>
<p>c) announce target for reduction in the share of government</p>
<p>expenditure in GDP over next the 2-3 years</p>
<p>d) leave interest rates unchanged</p>
<p>Reasons:</p>
<p>a) monetary policy appears to be having an effect, as seen</p>
<p>by reduced M2 and slowing investment growth. Problem of excess</p>
<p>domestic demand is increasingly due to excessive growth of</p>
<p>consumption and real wages (as seen by Q4 GDP figures, for</p>
<p>example) and the budget gap. This suggests the burden should be</p>
<p>moved to fiscal from monetary policy.  At least 25 billion</p>
<p>crowns of cuts are needed to give good chance of balanced</p>
<p>budget.  Anything short of a balanced budget lacks</p>
<p>credibility... because of (the government's) tradition of</p>
<p>balance and because (the current account deficit) is heading</p>
<p>for 12 percent of GDP</p>
<p>b)  a wider exchange rate band would be an indication from</p>
<p>the CNB that it is aware of the need for some flexibilty over</p>
<p>coming 12 months in the event that the current account deficit</p>
<p>does not decline and/or the government doesn't take tough</p>
<p>enough measures on the fiscal side</p>
<p>c) government spending/GDP is too high at around 50</p>
<p>percent - it should aim at below 40 percent. Particularly since</p>
<p>unemployment so low, this is an achievable target</p>
<p>d) evidence of slowdown is clear but the strength of the</p>
<p>slowdown not yet clear, therefore no need to relax monetary</p>
<p>policy too much at this stage</p>
<p>----------</p>
<p>2. (Not provided)</p>
<p>---------------------------------------------------------------</p>
<p>MARTIN KUPKA</p>
<p>Economist, Patria Finance, Prague</p>
<p>1.  - Cut budget expenditures by as much as possible. However,</p>
<p>too strong wage growth cuts in the public sector will</p>
<p>accelerate the exodus of excellent public employees to the</p>
<p>private sector and saving on investment will damage the future</p>
<p>growth. The volume of reasonable expenditure cuts is not</p>
<p>unlimited</p>
<p>- Raise the cost of consumption, first of all of</p>
<p>consumption of imported consumer goods</p>
<p>- The extra proceeds from the measure can be either used as</p>
<p>a complementary revenue for the sate budget or be frozen in the</p>
<p>CNB</p>
<p>- Bring the protection of the domestic market at a level</p>
<p>comparable with that established in countries of our trading</p>
<p>partners</p>
<p>- In an accord with the CNB, introduce a crawling band</p>
<p>regime for koruna.</p>
<p>- Establish an independent and high-powered (Securities and</p>
<p>Exchange Commission)</p>
<p>- Accelerate privatization of the remaining state stakes in</p>
<p>Czech companies. Special attention is to be paid to the</p>
<p>privatization of the largest Czech banks, where no haste can be</p>
<p>recommended but a constant effort to complete the process is a</p>
<p>must</p>
<p>- Raise Chinese walls between invetment banking and</p>
<p>commercial banking in the domestic banking sector</p>
<p>- Improve the quality and accelerate the speed of work of</p>
<p>the commercial courts</p>
<p>- Strengthen capacities determined to identify,</p>
<p>investigate, and prosecute the economic crime</p>
<p>- Strengthen the position of creditors versus that of</p>
<p>debtors, to make bankruptcies less lengthy and more efficient</p>
<p>- adopt measures promoting higher domestic savings</p>
<p>-----------</p>
<p>2.  - Make considerable budget expenditure cuts</p>
<p>- (Install) pro-export and anti-import administrative</p>
<p>measures</p>
<p>- (Raise) consumption taxes</p>
<p>- (Create) better regulation of the capital market</p>
<p>- Lower administrative barriers to business, including the</p>
<p>acceleration of court procedures</p>
<p>- Change legislation to implement the other measures</p>
<p>suggested above, except for the crawling-band regime, which I</p>
<p>do not expect to be part of the package</p>
<p>---------------------------------------------------------------</p>
<p>Josef Poeschl</p>
<p>Economist</p>
<p>Vienna Institute for Comparative Economic Studies</p>
<p>1.  - Interest rates should be kept below the level in previous</p>
<p>months; this would impact GDP growth positively and the</p>
<p>exchange rate negatively.</p>
<p>- The exchange rate should be allowed to decrease towards</p>
<p>the lower limit of the (fluctuation) band or even somewhat</p>
<p>below it.</p>
<p>- Within the limits set by international agreements,</p>
<p>tariffs and non-tariff barriers should restrict imports - for a</p>
<p>defined period of time, including plans for a gradual removal.</p>
<p>These barriers should differ between product categories.</p>
<p>- For a limited period of time, some luxory goods (e.g.</p>
<p>expensive cars) should be taxed additionally.</p>
<p>- More export promotion should be designed in such a way</p>
<p>that it will ease the export of final goods and more</p>
<p>sophisticated products.</p>
<p>- Taxation efficiency should be increased. For a positive</p>
<p>long-term development an improvement of the administrative and</p>
<p>judicial system will be crucial. A solution should be found for</p>
<p>old debt, financial relations and the capital market. Big banks</p>
<p>should be privatized provided that strong western partners get</p>
<p>involved</p>
<p>----------</p>
<p>2. I doubt whether the goverment will introduce far-reaching</p>
<p>measures. Elements of the package might be an attempt to</p>
<p>stimulate private savings and a reduction of profit taxation.</p>
<p>Some non-tariff barriers will be introduced in the way Mr.</p>
<p>(Industry and Trade Minister Vladimir) Dlouhy suggested it.</p>
<p>There will be an announcement of more privatisation,</p>
<p>de-regulation and capital market transparency.</p>
<p>---------------------------------------------------------------</p>
<p>PAVEL SOBISEK</p>
<p>Chief analyst, Zivnostenska Banka, Prague</p>
<p>I have confidence that the government will evaluate the</p>
<p>situation properly and that the package will include all the</p>
<p>measures necessary for returning the economic development back</p>
<p>on the track. Therefore, I am not dividing my answer into</p>
<p>&quot;should&quot; and &quot;will&quot; part. The most likely scenario:</p>
<p>The package will be oriented on regaining balance in the</p>
<p>economy by adopting reductions on the demand side. An</p>
<p>administrative devaluation is out of the discussion.</p>
<p>An imports surcharge will not be imlemented due to the</p>
<p>subsequent distortion of the market environment as well as the</p>
<p>difficult feasibility of the measure.</p>
<p>Interest rates will be kept intact for the moment, and</p>
<p>their cautious decline will be allowed only in the second half</p>
<p>of 1997.</p>
<p>Household demand will be reduced by a combination of limits</p>
<p>on wage growth and incentives for long-term savings.</p>
<p>Government spending cuts will be included in the package,</p>
<p>their range will however be lower than the maximum of five</p>
<p>percent of the budget.</p>
<p>Together with continued monetary restriction, this will</p>
<p>support investors' confidence in the koruna (crown) and its</p>
<p>exchange rate will not decline dramatically for the moment. At</p>
<p>the same time, a strong koruna will maintain pressure on the</p>
<p>corporate sphere to accelerate restructuring, the result being</p>
<p>fast growth of the unemployment rate.</p>
<p>GDP growth will temporarily slow down, but may rebound</p>
<p>again by the end of 1997 as a result of an improved efficiency</p>
<p>in the economy, accompanied by better protection of domestic</p>
<p>market by a system of quotas and tariffs.</p>
<p>The main threat to success of the plan may be potential</p>
<p>social unrest. With the coalition currently having only a tight</p>
<p>majority in the parliament, and the opposition hardly expected</p>
<p>to collaborate in any important issue, a danger exists that the</p>
<p>measures could be wrecked by early parliamentary elections.</p>
<p>---------------------------------------------------------------</p>
<p>MIROSLAV SOUCEK</p>
<p>Chief Economist, IPB Bank, Prague</p>
<p>1.  - Restore the budget balance (short-term task)</p>
<p>- Prevent a further worsening in the trade balance and</p>
<p>consequently in the current account balance, but without a</p>
<p>devaluation (long-term task)</p>
<p>- Acknowledge the anti-inflationary process and maintaining</p>
<p>of tight monetary policy as a whole (steady task)</p>
<p>2.  - They don't consider the number of some items or details</p>
<p>in the package the most important. I would like to expect the</p>
<p>government will declare their resolution to enter into the</p>
<p>economy in a role of strong authority. This will help in the</p>
<p>necessary restoration of public confidence -- it would be the</p>
<p>chief precondition of success in any measures. Therefore the</p>
<p>most important (element) is an ability to implement the</p>
<p>decisions not a simple schedule of targets and remedies</p>
<p>---------------------------------------------------------------</p>
<p>MATT STARR</p>
<p>Bond trader, Creditanstalt Prague</p>
<p>1. Cap waages, (make) budget cuts, separate funds from banks,</p>
<p>(provide) more funds for the Export Guarantee and Insurance</p>
<p>agency (EGAP) and Exportni Banka, improve the speed of</p>
<p>bankruptcy procedures, and propose legislation to fight</p>
<p>financial corruption</p>
<p>2. Same as above</p>
<p>---------------------------------------------------------------</p>
<p>-- Prague Newsroom, 420-2-2423-0003</p>
</text>
<copyright>(c) Reuters Limited 1997</copyright>
<metadata>
<codes class="bip:countries:1.0">
  <code code="CZREP">
    <editdetail attribution="Reuters BIP Coding Group" action="confirmed" date="1997-04-15"/>
  </code>
</codes>
<codes class="bip:topics:1.0">
  <code code="E12">
    <editdetail attribution="Reuters BIP Coding Group" action="confirmed" date="1997-04-15"/>
  </code>
  <code code="E21">
    <editdetail attribution="Reuters BIP Coding Group" action="confirmed" date="1997-04-15"/>
  </code>
  <code code="E211">
    <editdetail attribution="Reuters BIP Coding Group" action="confirmed" date="1997-04-15"/>
  </code>
  <code code="ECAT">
    <editdetail attribution="Reuters BIP Coding Group" action="confirmed" date="1997-04-15"/>
  </code>
</codes>
<dc element="dc.date.created" value="1997-04-15"/>
<dc element="dc.publisher" value="Reuters Holdings Plc"/>
<dc element="dc.date.published" value="1997-04-15"/>
<dc element="dc.source" value="Reuters"/>
<dc element="dc.creator.location" value="PRAGUE"/>
<dc element="dc.creator.location.country.name" value="CZECH REPUBLIC"/>
<dc element="dc.source" value="Reuters"/>
</metadata>
</newsitem>
