<?xml version="1.0" encoding="iso-8859-1" ?>
<newsitem itemid="508672" id="root" date="1997-04-15" xml:lang="en">
<title>UK: UK's Major gets tough on EU, Blair scornful.</title>
<headline>UK's Major gets tough on EU, Blair scornful.</headline>
<byline>Paul Mylrea</byline>
<dateline>SOUTHAMPTON, England 1997-04-15</dateline>
<text>
<p>British Prime Minister John Major threatened to defy Europe once again on Tuesday over a deal on fish catches as polls showed his election campaign appearing to lose momentum.</p>
<p>His campaign rival, Labour leader Tony Blair, derided the government's handling of the fish row, saying Mickey Mouse could have won a better deal for Britain.</p>
<p>But, dashing hopes in Brussels that a Blair victory in the May 1 poll could herald a new era of cooperation between Britain and its EU partners, Blair said he would have told a Labour minister to vote against Tuesday's deal on fish quotas.</p>
<p>&quot;I certainly would have done that,&quot; Blair said in an interview with Sky television news, underlining the harder line against Europe the Labour leader has adopted as the campaign has progressed.</p>
<p>Major, like Blair on the campaign trail, said earlier that Britain would not accept the EU plan to cut fishing quotas by 30 percent until Brussels solved the problem of so-called &quot;quota hoppers&quot;</p>
<p>&quot;I have not a shred of intention of cutting the British catch until or unless we get a satisfactory agreement on quota hopping,&quot; Major told reporters during a campaign visit to the town of Tavistock in western England.</p>
<p>Quota hopping refers to the perfectly legal practice whereby foreign fishermen, mainly Spanish and Dutch, have bought up about 25 percent of the British fishing fleet to gain greater access to EU catch quotas.</p>
<p>Britain, backed only by France, was outvoted when EU fisheries ministers meeting in Luxembourg on Tuesday decided on the 30 percent cuts in catches in a move designed to preserve fish stocks.</p>
<p>Blair, visiting the south coast resort of Brighton, compared the row to Major's handling of the beef crisis in the wake of the scare over mad cow disease.</p>
<p>A European export ban is still in place despite Major's decision to block a European summit in Italy last year until what he called a timetable to end the ban was agreed.</p>
<p>Blair said after a question and answer session with university students: &quot;A Labour government will get a better deal for the British fishing industry. In my view Mickey Mouse would get a better deal than this lot.&quot;</p>
<p>Conservative strategists hoped the new row, already being dubbed a &quot;fish war&quot; by Britain's media, would bolster the party's image as tough on Europe -- an image they believe appeals to their core voters.</p>
<p>But Labour strategists were delighted the spotlight remained on Europe after news that a Conservative party vice-chairwoman, Angela Rumbold, was defying Major's &quot;wait-and-see&quot; policy on the single European currency.</p>
<p>Rumbold, head of the party's candidates' department, said in an election address to her south London constituents that she would under no circumstances vote to give up the pound sterling.</p>
<p>Blair seized on the address as a sign of a divided and weak leadership unable to control his own party, adding that if re-elected, the Conservatives would tear themselves apart &quot;like ferrets in a sack&quot; over Europe.</p>
<p>The Conservatives have responded by intensifying the personal attacks on Blair, accusing him of hypocrisy over education policy and describing his leadership style as dictatorial.</p>
<p>A Gallup poll for Wednesday's Daily Telegraph showed a 21 point lead for Labour, three points more than before the weekend and the same lead as a MORI poll for the Evening Standard newspaper on Tuesday.</p>
<p>The polls appeared to rule out a dip in Labour support claimed by Conservative aides last week after two polls showed a narrowing of Blair's lead.</p>
</text>
<copyright>(c) Reuters Limited 1997</copyright>
<metadata>
<codes class="bip:countries:1.0">
  <code code="EEC">
    <editdetail attribution="Reuters BIP Coding Group" action="confirmed" date="1997-04-15"/>
  </code>
  <code code="UK">
    <editdetail attribution="Reuters BIP Coding Group" action="confirmed" date="1997-04-15"/>
  </code>
</codes>
<codes class="bip:topics:1.0">
  <code code="G15">
    <editdetail attribution="Reuters BIP Coding Group" action="confirmed" date="1997-04-15"/>
  </code>
  <code code="G155">
    <editdetail attribution="Reuters BIP Coding Group" action="confirmed" date="1997-04-15"/>
  </code>
  <code code="GCAT">
    <editdetail attribution="Reuters BIP Coding Group" action="confirmed" date="1997-04-15"/>
  </code>
  <code code="GPOL">
    <editdetail attribution="Reuters BIP Coding Group" action="confirmed" date="1997-04-15"/>
  </code>
  <code code="GVOTE">
    <editdetail attribution="Reuters BIP Coding Group" action="confirmed" date="1997-04-15"/>
  </code>
</codes>
<dc element="dc.date.created" value="1997-04-15"/>
<dc element="dc.publisher" value="Reuters Holdings Plc"/>
<dc element="dc.date.published" value="1997-04-15"/>
<dc element="dc.source" value="Reuters"/>
<dc element="dc.creator.location" value="SOUTHAMPTON, England"/>
<dc element="dc.creator.location.country.name" value="UK"/>
<dc element="dc.source" value="Reuters"/>
</metadata>
</newsitem>
