<?xml version="1.0" encoding="iso-8859-1" ?>
<newsitem itemid="508675" id="root" date="1997-04-15" xml:lang="en">
<title>UK: Albania says pyramid schemes worth half of GDP.</title>
<headline>Albania says pyramid schemes worth half of GDP.</headline>
<byline>Ashley Seager</byline>
<dateline>LONDON 1997-04-15</dateline>
<text>
<p>Albanian finance minister Arben Malaj on Tuesday said &quot;pyramid&quot; savings schemes, the recent collapse of which sparked country-wide violence, were worth about half the impoverished country's national income.</p>
<p>Gross domestic product in the country of 3.2 million people was $2.3 billion in 1996, he said, adding that the pyramid schemes had probably attracted $1-1.2 billion.</p>
<p>&quot;Our most important problem is the presence of these schemes. They are under control of a parliamentary committee but there is no accurate system of calculating their value. But it is probably $1-1.2 billion,&quot; Malaj said at the annual meeting of the European Bank for Reconstruction and Development.</p>
<p>About 300 people have died in months of violence since the collapse of the get-rich-quick pyramid schemes which wiped out the life savings of many ordinary people.</p>
<p>&quot;Pyramid schemes are the most serious obstacle to a modern banking system because they are a most unfair competitor to banks. They are also the cause of a lot of social tension,&quot; Malaj said. &quot;We are determined to stop them.&quot;</p>
<p>Edmond Leka, head of economic aid and development for Albania's council of ministers, said the orgy of violence which had swept through the country had blown the economy off its course of robust growth.</p>
<p>&quot;All estimates are of course very preliminary but we think GDP will fall by between three and seven percent this year.&quot;</p>
<p>The implementation of market-oriented reforms in the wake of the collapse of communism in the early 1990s had led to gross domestic product (GDP) growth of around 10 percent a year in 1993 to 1995 and 5.5 percent in 1996, Malaj said.</p>
<p>Economists have warned that Albania, already one of Europe's poorest countries, risks lurching from political to economic crisis if it does not quickly restore order.</p>
<p>Malaj hoped the social unrest would diminish in the wake of elections scheduled for June. This should allow international bodies and investors to resume projects in Albania which have been scaled down or suspended as a result of the fighting.</p>
<p>He called for a meeting with donors and international investors as soon as possible in a bid to kick-start an economy throttled by months of anarchy.</p>
<p>He said he had held recent meetings with the International Monetary Fund (IMF) and the World Bank.</p>
<p>&quot;We have it confirmed from Italy that it will invite donors, possible donors and others to an international conference,&quot; he said, but did not specify the likely timing of the meeting.</p>
<p>An Italian-led multinational force, 6,000 strong, began deploying in Albania on Tuesday to protect aid convoys.</p>
<p>But Malaj said there were signs that normal civic life was returning to the country. &quot;Soon Albania will be an attractive country for investors.&quot;</p>
<p>The government would give priority to encouraging foreign investment in the oil and gas sector, chromium mining, tourism, textiles, agriculture and infrastructure, he said.</p>
<p>Private foreign investment reached $95 million at the end of last year from $45 million three years earlier, Malaj said, adding Albania had enjoyed good support from international investors since it embarked on the path of reform in 1992.</p>
</text>
<copyright>(c) Reuters Limited 1997</copyright>
<metadata>
<codes class="bip:countries:1.0">
  <code code="ALB">
    <editdetail attribution="Reuters BIP Coding Group" action="confirmed" date="1997-04-15"/>
  </code>
  <code code="UK">
    <editdetail attribution="Reuters BIP Coding Group" action="confirmed" date="1997-04-15"/>
  </code>
</codes>
<codes class="bip:topics:1.0">
  <code code="E11">
    <editdetail attribution="Reuters BIP Coding Group" action="confirmed" date="1997-04-15"/>
  </code>
  <code code="ECAT">
    <editdetail attribution="Reuters BIP Coding Group" action="confirmed" date="1997-04-15"/>
  </code>
  <code code="GCAT">
    <editdetail attribution="Reuters BIP Coding Group" action="confirmed" date="1997-04-15"/>
  </code>
  <code code="GVIO">
    <editdetail attribution="Reuters BIP Coding Group" action="confirmed" date="1997-04-15"/>
  </code>
</codes>
<dc element="dc.date.created" value="1997-04-15"/>
<dc element="dc.publisher" value="Reuters Holdings Plc"/>
<dc element="dc.date.published" value="1997-04-15"/>
<dc element="dc.source" value="Reuters"/>
<dc element="dc.creator.location" value="LONDON"/>
<dc element="dc.creator.location.country.name" value="UK"/>
<dc element="dc.source" value="Reuters"/>
</metadata>
</newsitem>
