<?xml version="1.0" encoding="iso-8859-1" ?>
<newsitem itemid="508674" id="root" date="1997-04-15" xml:lang="en">
<title>UK: British ads spark complaints.</title>
<headline>British ads spark complaints.</headline>
<dateline>LONDON</dateline>
<text>
<p>The portrayal of women in British advertisements sparked more than twice as many complaints in 1996 as in 1995, an industry watchdog said on Tuesday, with one lingerie ad alone drawing 321 complaints,</p>
<p>Many British consumers also objected to a poster campaign by the ruling Conservative Party that showed Tony Blair, the opposition Labur Party leader, with demonic red eyes -- which was subsequently banned.</p>
<p>Britain's Advertising Standards Authority (ASA), the industry's self-regulating body for print ads, said in its annual report the number of complaints about advertising fell 6 percent during 1996 to 12,055 from 12,804 in 1995.</p>
<p>But complaints about the images of women in ads more than doubled in 1996 to 846 -- including 321 complaints over a poster ad for Gossards Glossies lingerie -- from 400 in 1995.</p>
<p>The high number of complaints over the Gossards ad &quot;...was inspired largely by a newspaper columnist who urged readers, many of whom admitted they hadn't seen the poster, to complain,&quot; the ASA said.</p>
<p>The ad showed a model clad in see-through black bra and briefs reclining on a haystack. The caption read, &quot;Who said a woman can't get pleasure from something soft?&quot; The ASA did not uphold complaints against the ad.</p>
<p>Overall, the number of ads that drew fire rose 9 percent, and the number of ads withdrawn following ASA's investigations rose 40 percent to 720, the trade group said.</p>
<p>The Conservative Party's so-called &quot;demon eyes&quot; poster ad -- which showed Labour leader Tony Blair with demonic red eyes -- sparked 167 complaints, the second-highest number of complaints for a single ad. The ASA told the Conservative Party to withdraw the ad.</p>
<p>The third-most complained about ad was for Nissan's Terrano Outlander four-wheel drive vehicle. The print and poster ads drew 126 complaints. The ads showed the Terrano superimposed over a woman's body that was decorated to simulate hilly terrain. The complaints were upheld.</p>
</text>
<copyright>(c) Reuters Limited 1997</copyright>
<metadata>
<codes class="bip:countries:1.0">
  <code code="UK">
    <editdetail attribution="Reuters BIP Coding Group" action="confirmed" date="1997-04-15"/>
  </code>
</codes>
<codes class="bip:industries:1.0">
  <code code="I83800">
    <editdetail attribution="Reuters BIP Coding Group" action="confirmed" date="1997-04-15"/>
  </code>
</codes>
<codes class="bip:topics:1.0">
  <code code="C13">
    <editdetail attribution="Reuters BIP Coding Group" action="confirmed" date="1997-04-15"/>
  </code>
  <code code="C32">
    <editdetail attribution="Reuters BIP Coding Group" action="confirmed" date="1997-04-15"/>
  </code>
  <code code="CCAT">
    <editdetail attribution="Reuters BIP Coding Group" action="confirmed" date="1997-04-15"/>
  </code>
</codes>
<dc element="dc.publisher" value="Reuters Holdings Plc"/>
<dc element="dc.date.published" value="1997-04-15"/>
<dc element="dc.source" value="Reuters"/>
<dc element="dc.creator.location" value="LONDON"/>
<dc element="dc.creator.location.country.name" value="UK"/>
<dc element="dc.source" value="Reuters"/>
</metadata>
</newsitem>
