<?xml version="1.0" encoding="iso-8859-1" ?>
<newsitem itemid="508690" id="root" date="1997-04-15" xml:lang="en">
<title>UK: UK Conservative junior minister opposes EU currency.</title>
<headline>UK Conservative junior minister opposes EU currency.</headline>
<byline>Patricia Reaney</byline>
<dateline>LONDON 1997-04-15</dateline>
<text>
<p>Britain's ruling Conservatives faced another rift over Europe on Tuesday in the run-up to the May 1 general election when a junior minister veered from government policy, saying he opposed joining a single European currency.</p>
<p>Junior health minister John Horam said in his election manifesto he was personally against a single European currency, seemingly flouting the government's &quot;wait and see&quot; policy.</p>
<p>&quot;I am opposed to the Euro (currency) replacing the pound sterling since this would take away more of our independence,&quot; Horam wrote.</p>
<p>Prime Minister John Major has consistently pushed for a &quot;wait and see&quot; policy, preferring to decide closer to the time if Britain would join. He also warned that ministers who did not toe the government line would be sacked.</p>
<p>A Conservative Party spokeswoman said the party was looking into Horam's comments but refused to speculate on whether or not Major would sack him.</p>
<p>&quot;We are investigating,&quot; she told Reuters, adding that she understood Horam still supported government policy.</p>
<p>Horam told BBC television's Newsnight programme that if there were a referendum on a single currency he would vote against it but insisted his opinion was in line with government policy.</p>
<p>&quot;My position is perfectly consistent with the government's line because the government is saying we negotiate and then decide and that is absolutely right,&quot; he said.</p>
<p>&quot;I personally am opposed to a single currency but I think the right line is to stay at the negotiating table..and wait and see what happens.&quot;</p>
<p>The opposition Labour Party and Liberal Democrats seized on the latest Conservative rift, saying it revealed new divisions in the ruling party over Europe.</p>
<p>Sir David Steel, former leader of the Liberal Democrats, said Horam must go.</p>
<p>&quot;John Major is the captain of the ship and what's happening is that the lifeboats on the Tory Titanic are now thinning out and the petty officers are the people leaving the bridge and climbing in first. I think he has got to make an example and has got to sack Horam,&quot; he said.</p>
<p>It was the second embarrassing gaffe over Europe on Tuesday for the Conservatives. Earlier, Conservative vice-chairman Angela Rumbold said in an election address to her constituency that she would not vote for a single European currency.</p>
<p>Labour leader Tony Blair, tipped to win the election, said Major's party would be &quot;like ferrets in a sack&quot; over Europe if they won.</p>
<p>A survey conducted by the Times newspaper found that nine ministers, including two cabinet ministers, were unofficially breaching the government's policy on the single currency.</p>
<p>The latest opinion polls had more bad news for the Conservatives, showing Labour consistently maintaining its double-digit lead.</p>
<p>The Gallup poll in the Daily Telegraph newspaper gave Labour a lead of 21 percentage points over the Conservatives who now stand at 30 percent. An ICM survey for the Guardian put Labour's margin at 14 points.</p>
</text>
<copyright>(c) Reuters Limited 1997</copyright>
<metadata>
<codes class="bip:countries:1.0">
  <code code="EEC">
    <editdetail attribution="Reuters BIP Coding Group" action="confirmed" date="1997-04-15"/>
  </code>
  <code code="UK">
    <editdetail attribution="Reuters BIP Coding Group" action="confirmed" date="1997-04-15"/>
  </code>
</codes>
<codes class="bip:topics:1.0">
  <code code="G15">
    <editdetail attribution="Reuters BIP Coding Group" action="confirmed" date="1997-04-15"/>
  </code>
  <code code="G154">
    <editdetail attribution="Reuters BIP Coding Group" action="confirmed" date="1997-04-15"/>
  </code>
  <code code="GCAT">
    <editdetail attribution="Reuters BIP Coding Group" action="confirmed" date="1997-04-15"/>
  </code>
  <code code="GPOL">
    <editdetail attribution="Reuters BIP Coding Group" action="confirmed" date="1997-04-15"/>
  </code>
  <code code="GVOTE">
    <editdetail attribution="Reuters BIP Coding Group" action="confirmed" date="1997-04-15"/>
  </code>
</codes>
<dc element="dc.date.created" value="1997-04-15"/>
<dc element="dc.publisher" value="Reuters Holdings Plc"/>
<dc element="dc.date.published" value="1997-04-15"/>
<dc element="dc.source" value="Reuters"/>
<dc element="dc.creator.location" value="LONDON"/>
<dc element="dc.creator.location.country.name" value="UK"/>
<dc element="dc.source" value="Reuters"/>
</metadata>
</newsitem>
