<?xml version="1.0" encoding="iso-8859-1" ?>
<newsitem itemid="508612" id="root" date="1997-04-15" xml:lang="en">
<title>CZECH REPUBLIC: CZECH CNB SETS STATE T-BILL AUCTION FOR THURSDAY.</title>
<headline>CZECH CNB SETS STATE T-BILL AUCTION FOR THURSDAY.</headline>
<dateline>PRAGUE 1997-04-15</dateline>
<text>
<p>The Czech National Bank (CNB) said on Tuesday it set a Dutch-style auction of a five billion tranche of 13-week Finance Ministry treasury bills for Thursday, with maximum gross yield at 11.9 percent.</p>
<p>Maximum net yield was set at 8.925 percent, CNB said. Gross yield in the last auction af similar bills on March 20 was 12.0 percent.</p>
<p>-- Prague Newsroom, 420-2-2423-0003</p>
</text>
<copyright>(c) Reuters Limited 1997</copyright>
<metadata>
<codes class="bip:countries:1.0">
  <code code="CZREP">
    <editdetail attribution="Reuters BIP Coding Group" action="confirmed" date="1997-04-15"/>
  </code>
</codes>
<codes class="bip:topics:1.0">
  <code code="M13">
    <editdetail attribution="Reuters BIP Coding Group" action="confirmed" date="1997-04-15"/>
  </code>
  <code code="M131">
    <editdetail attribution="Reuters BIP Coding Group" action="confirmed" date="1997-04-15"/>
  </code>
  <code code="MCAT">
    <editdetail attribution="Reuters BIP Coding Group" action="confirmed" date="1997-04-15"/>
  </code>
</codes>
<dc element="dc.date.created" value="1997-04-15"/>
<dc element="dc.publisher" value="Reuters Holdings Plc"/>
<dc element="dc.date.published" value="1997-04-15"/>
<dc element="dc.source" value="Reuters"/>
<dc element="dc.creator.location" value="PRAGUE"/>
<dc element="dc.creator.location.country.name" value="CZECH REPUBLIC"/>
<dc element="dc.source" value="Reuters"/>
</metadata>
</newsitem>
