<?xml version="1.0" encoding="iso-8859-1" ?>
<newsitem itemid="508777" id="root" date="1997-04-15" xml:lang="en">
<title>CANADA: Canada says EU-type deal would not help Sherritt.</title>
<headline>Canada says EU-type deal would not help Sherritt.</headline>
<dateline>OTTAWA 1997-04-15</dateline>
<text>
<p>Sherritt International Corp would not win new relief from U.S. rules on Cuba if Canada were to match a deal that Washington reached with the European Union (EU), Trade Minister Art Eggleton said Tuesday.</p>
<p>He and U.S. Commerce Undersecretary Stuart Eizenstat have agreed to hold further consultations, but he is not seeking the sort of agreement over Cuba announced on Friday between the EU and the United States, Eggleton told reporters.</p>
<p>Eggleton said one of the concessions the EU got out of Washington related to a waiver of Title 4 of the Helms-Burton Act under which executives are barred from the United States.  </p>
<p>Executives of Canada's Sherritt International Corp may not enter the United States because Washington has deemed that the mining company is using property in Cuba that has been expropriated from Americans.</p>
<p>But he asserted that an arrangement that the EU has won would not benefit Canada.</p>
<p>&quot;With respect to Title 4, it wouldn't apply to Canada anyway, because they're saying it isn't retroactive, so it wouldn't cover the Sherritt group, and they're also saying telling me that they're not looking at any other Canadian companies,&quot; he said.  </p>
<p>He said U.S. President Bill Clinton had already agreed to waive another provision, Title 3, under which foreign companies using American property in Cuba can be sued.</p>
<p>Eggleton said that under the European agreement, the United States agreed to discuss the issue in multilateral discussions on investment under the Organization for Economic Cooperation and Development.</p>
<p>The minister told Parliament later that if there were no progress in those talks, Canada would launch a challenge of the Helms-Burton Act under the North American Free Trade Agreement (NAFTA).</p>
<p>&quot;If the talks stall...then we'll use it (NAFTA),&quot; he said.</p>
<p>Canada had held off going to NAFTA until the results of an EU challenge at the Geneva-based World Trade Organization were known. But as part of the arrangement reached last Friday, the EU is no longer going to use the WTO.</p>
<p>((Randall Palmer, Reuters Ottawa Bureau 613-235-6745))</p>
</text>
<copyright>(c) Reuters Limited 1997</copyright>
<metadata>
<codes class="bip:countries:1.0">
  <code code="CANA">
    <editdetail attribution="Reuters BIP Coding Group" action="confirmed" date="1997-04-15"/>
  </code>
  <code code="CUBA">
    <editdetail attribution="Reuters BIP Coding Group" action="confirmed" date="1997-04-15"/>
  </code>
  <code code="EEC">
    <editdetail attribution="Reuters BIP Coding Group" action="confirmed" date="1997-04-15"/>
  </code>
  <code code="USA">
    <editdetail attribution="Reuters BIP Coding Group" action="confirmed" date="1997-04-15"/>
  </code>
</codes>
<codes class="bip:industries:1.0">
  <code code="I21000">
    <editdetail attribution="Reuters BIP Coding Group" action="confirmed" date="1997-04-15"/>
  </code>
</codes>
<codes class="bip:topics:1.0">
  <code code="C12">
    <editdetail attribution="Reuters BIP Coding Group" action="confirmed" date="1997-04-15"/>
  </code>
  <code code="CCAT">
    <editdetail attribution="Reuters BIP Coding Group" action="confirmed" date="1997-04-15"/>
  </code>
  <code code="E51">
    <editdetail attribution="Reuters BIP Coding Group" action="confirmed" date="1997-04-15"/>
  </code>
  <code code="E512">
    <editdetail attribution="Reuters BIP Coding Group" action="confirmed" date="1997-04-15"/>
  </code>
  <code code="ECAT">
    <editdetail attribution="Reuters BIP Coding Group" action="confirmed" date="1997-04-15"/>
  </code>
  <code code="G15">
    <editdetail attribution="Reuters BIP Coding Group" action="confirmed" date="1997-04-15"/>
  </code>
  <code code="G158">
    <editdetail attribution="Reuters BIP Coding Group" action="confirmed" date="1997-04-15"/>
  </code>
  <code code="GCAT">
    <editdetail attribution="Reuters BIP Coding Group" action="confirmed" date="1997-04-15"/>
  </code>
  <code code="GCRIM">
    <editdetail attribution="Reuters BIP Coding Group" action="confirmed" date="1997-04-15"/>
  </code>
  <code code="GDIP">
    <editdetail attribution="Reuters BIP Coding Group" action="confirmed" date="1997-04-15"/>
  </code>
</codes>
<dc element="dc.date.created" value="1997-04-15"/>
<dc element="dc.publisher" value="Reuters Holdings Plc"/>
<dc element="dc.date.published" value="1997-04-15"/>
<dc element="dc.source" value="Reuters"/>
<dc element="dc.creator.location" value="OTTAWA"/>
<dc element="dc.creator.location.country.name" value="CANADA"/>
<dc element="dc.source" value="Reuters"/>
</metadata>
</newsitem>
