<?xml version="1.0" encoding="iso-8859-1" ?>
<newsitem itemid="508705" id="root" date="1997-04-15" xml:lang="en">
<title>UK: UK wheat and barley futures see downside correction.</title>
<headline>UK wheat and barley futures see downside correction.</headline>
<dateline>LONDON 1997-04-15</dateline>
<text>
<p>LIFFE wheat and barley futures saw some downside correction on Tuesday after the previous day's sharp gains.</p>
<p>&quot;Monday rise was overdone and there are reports that the damage in the U.S. may not be as bad as first thought,&quot; said one trader.</p>
<p>Traders said reports of a possible end to the drought in the UK during May also helped to push prices lower.</p>
<p>Old crop wheat futures closed one to 0.25 stg down while new crop was 0.65 to 1.15 stg lower on a total turnover of 651 lots.</p>
<p>Barley closed 0.50 stg down across the board after trading 13 lots.</p>
<p>--Jim Ballantyne, London Newsroom, +44 171 542 8062</p>
</text>
<copyright>(c) Reuters Limited 1997</copyright>
<metadata>
<codes class="bip:countries:1.0">
  <code code="UK">
    <editdetail attribution="Reuters BIP Coding Group" action="confirmed" date="1997-04-15"/>
  </code>
</codes>
<codes class="bip:topics:1.0">
  <code code="M14">
    <editdetail attribution="Reuters BIP Coding Group" action="confirmed" date="1997-04-15"/>
  </code>
  <code code="M141">
    <editdetail attribution="Reuters BIP Coding Group" action="confirmed" date="1997-04-15"/>
  </code>
  <code code="MCAT">
    <editdetail attribution="Reuters BIP Coding Group" action="confirmed" date="1997-04-15"/>
  </code>
</codes>
<dc element="dc.date.created" value="1997-04-15"/>
<dc element="dc.publisher" value="Reuters Holdings Plc"/>
<dc element="dc.date.published" value="1997-04-15"/>
<dc element="dc.source" value="Reuters"/>
<dc element="dc.creator.location" value="LONDON"/>
<dc element="dc.creator.location.country.name" value="UK"/>
<dc element="dc.source" value="Reuters"/>
</metadata>
</newsitem>
