<?xml version="1.0" encoding="iso-8859-1" ?>
<newsitem itemid="508756" id="root" date="1997-04-15" xml:lang="en">
<title>UK: EBRD urged to get tough on nuclear safety.</title>
<headline>EBRD urged to get tough on nuclear safety.</headline>
<dateline>LONDON 1997-04-15</dateline>
<text>
<p>Environmental groups on Tuesday urged the European Bank for Reconstruction and Development (EBRD) and other major lending agencies to take a tough stance on countries accused of dragging their feet on nuclear safety.</p>
<p>The CEE Bankwatch Network, representing environmentalists from 13 countries, told a news conference that future loans should be linked to plant closure commitments being respected.</p>
<p>&quot;Once a closure date has been agreed to, all future energy loans made by international financial institutions should be tied to the closure of these unacceptably dangerous facilities,&quot; it said in a statement.</p>
<p>Yuri Urbansky of the National Ecological Centre of Ukraine accused the Kiev government of blackmailing the West over closure of the Chernobyl power station, responsible for the world's worst nuclear accident in 1986.</p>
<p>Ukraine says it is meeting its obligations under a memorandum of understanding in 1995 with the Group of Seven leading industrial nations, calling for closure of Chernobyl by 2000 in exchange for $2.3 billion of financing.</p>
<p>That sum, which Ukraine says it needs to cover the cost of closing the plant and building up alternative energy supplies, has since swollen to over $3 billion.</p>
<p>Urbansky criticised the Ukrainian government for supporting completion of two unfinished Soviet-designed nuclear plants -- Khmelnitsky 2 and Rovno 4 (K2/R4) -- instead of exploiting alternative non-nuclear energy sources.</p>
<p>&quot;We will just get two new unsafe nuclear reactors,&quot; he said.</p>
<p>The environmentalists appealed to the EBRD on the fringes of its annual meeting to reject a loan for the K2/R4 plants which the bank has been considering. An independent panel has concluded that this might not be the best use of funds earmarked to improve nuclear safety.</p>
<p>&quot;The K2/R4 project is a vital test of the EBRD's environmental and democratic credibility,&quot; Urbansky said.</p>
<p>The EBRD manages a Nuclear Safety Account (NSA), which is financed by 15 countries to help close high risk reactors.</p>
<p>The fund has so far given five grants totalling 250 million ecus to four countries, but no reactors have been closed.</p>
<p>The CEE Bankwatch Network said the NSA should not be extended unless it specified closure dates.</p>
<p>--Brian Killen, EBRD newsroom +44 171 796 5122</p>
</text>
<copyright>(c) Reuters Limited 1997</copyright>
<metadata>
<codes class="bip:countries:1.0">
  <code code="EEUR">
    <editdetail attribution="Reuters BIP Coding Group" action="confirmed" date="1997-04-15"/>
  </code>
  <code code="UK">
    <editdetail attribution="Reuters BIP Coding Group" action="confirmed" date="1997-04-15"/>
  </code>
  <code code="UKRN">
    <editdetail attribution="Reuters BIP Coding Group" action="confirmed" date="1997-04-15"/>
  </code>
</codes>
<codes class="bip:industries:1.0">
  <code code="I1610109">
    <editdetail attribution="Reuters BIP Coding Group" action="confirmed" date="1997-04-15"/>
  </code>
  <code code="I81501">
    <editdetail attribution="Reuters BIP Coding Group" action="confirmed" date="1997-04-15"/>
  </code>
  <code code="I8150106">
    <editdetail attribution="Reuters BIP Coding Group" action="confirmed" date="1997-04-15"/>
  </code>
</codes>
<codes class="bip:topics:1.0">
  <code code="C13">
    <editdetail attribution="Reuters BIP Coding Group" action="confirmed" date="1997-04-15"/>
  </code>
  <code code="C24">
    <editdetail attribution="Reuters BIP Coding Group" action="confirmed" date="1997-04-15"/>
  </code>
  <code code="CCAT">
    <editdetail attribution="Reuters BIP Coding Group" action="confirmed" date="1997-04-15"/>
  </code>
  <code code="E21">
    <editdetail attribution="Reuters BIP Coding Group" action="confirmed" date="1997-04-15"/>
  </code>
  <code code="E212">
    <editdetail attribution="Reuters BIP Coding Group" action="confirmed" date="1997-04-15"/>
  </code>
  <code code="E51">
    <editdetail attribution="Reuters BIP Coding Group" action="confirmed" date="1997-04-15"/>
  </code>
  <code code="ECAT">
    <editdetail attribution="Reuters BIP Coding Group" action="confirmed" date="1997-04-15"/>
  </code>
  <code code="GCAT">
    <editdetail attribution="Reuters BIP Coding Group" action="confirmed" date="1997-04-15"/>
  </code>
  <code code="GENV">
    <editdetail attribution="Reuters BIP Coding Group" action="confirmed" date="1997-04-15"/>
  </code>
</codes>
<dc element="dc.date.created" value="1997-04-15"/>
<dc element="dc.publisher" value="Reuters Holdings Plc"/>
<dc element="dc.date.published" value="1997-04-15"/>
<dc element="dc.source" value="Reuters"/>
<dc element="dc.creator.location" value="LONDON"/>
<dc element="dc.creator.location.country.name" value="UK"/>
<dc element="dc.source" value="Reuters"/>
</metadata>
</newsitem>
