<?xml version="1.0" encoding="iso-8859-1" ?>
<newsitem itemid="508716" id="root" date="1997-04-15" xml:lang="en">
<title>UK: UK natural gas trades -- April 15.</title>
<headline>UK natural gas trades -- April 15.</headline>
<dateline>LONDON 1997-04-15</dateline>
<text>
<p>10.40 pence a therm (day ahead, NBP, 100,000 therms)</p>
<p>10.60 pence a therm (day ahead, NBP, 100,000 therms)</p>
<p>10.70 pence a therm (day ahead, NBP, 45,000 therms)</p>
<p>10.35 pence a therm (May, NBP, 25,000 th/d)</p>
<p>12.70 pence a therm (July year, NBP, 25,000 th/d)</p>
<p>12.70 pence a therm (July year, NBP, 25,000 th/d)</p>
<p>12.7125 pence a therm (July year, NBP, 25,000 th/d)</p>
<p>10.30 pence a therm (Agust, NBP, 25,000 th/d)</p>
<p>12.40 pence a therm (calendar 1998, St Fergus, 50,000 th/d)</p>
<p>0.20 pence a therm (Q3 97/Q3 98 spread, NBP, 25,000 th/d, market numbers 10.30/10.50 pence a therm)</p>
<p>--London Newsroom, +44 171 542 6412</p>
</text>
<copyright>(c) Reuters Limited 1997</copyright>
<metadata>
<codes class="bip:countries:1.0">
  <code code="UK">
    <editdetail attribution="Reuters BIP Coding Group" action="confirmed" date="1997-04-15"/>
  </code>
</codes>
<codes class="bip:topics:1.0">
  <code code="M14">
    <editdetail attribution="Reuters BIP Coding Group" action="confirmed" date="1997-04-15"/>
  </code>
  <code code="M143">
    <editdetail attribution="Reuters BIP Coding Group" action="confirmed" date="1997-04-15"/>
  </code>
  <code code="MCAT">
    <editdetail attribution="Reuters BIP Coding Group" action="confirmed" date="1997-04-15"/>
  </code>
</codes>
<dc element="dc.date.created" value="1997-04-15"/>
<dc element="dc.publisher" value="Reuters Holdings Plc"/>
<dc element="dc.date.published" value="1997-04-15"/>
<dc element="dc.source" value="Reuters"/>
<dc element="dc.creator.location" value="LONDON"/>
<dc element="dc.creator.location.country.name" value="UK"/>
<dc element="dc.source" value="Reuters"/>
</metadata>
</newsitem>
