<?xml version="1.0" encoding="iso-8859-1" ?>
<newsitem itemid="508769" id="root" date="1997-04-15" xml:lang="en">
<title>CANADA: CAODC weekly western Canadian rig count - April 15.</title>
<headline>CAODC weekly western Canadian rig count - April 15.</headline>
<text>
<p>WEEK OF APRIL 15 VERSUS APRIL 8, 1997		    DRILLING</p>
<p>	     MOVING  RIGGING  DRILLING   DOWN    TOTAL   YR AGO</p>
<p> ALBERTA    3/11    0/0     189/201  185/165  377/377     55</p>
<p> SASK.	0/1     0/0	30/24    42/46    72/71	 3</p>
<p> B.C.	 0/0     0/0	19/23    12/8     31/31	 7</p>
<p> N.W.T.     0/0     0/0	 1/1	4/4	5/5	  2</p>
<p> MAN.	 0/0     0/0	 1/2	0/0	1/2	  0</p>
<p> TOTAL	3/12    0/0     240/251  243/223  486/486     67</p>
<p>MOVING, RIGGING = CURRENTLY UNDER CONTRACT, BUT NOT AT FULL RATE. TOTAL LINE IS TOTAL WESTERN CANADA. FIGURES SUPPLIED BY CANADIAN ASSOCIATION OF OILWELL DRILLING CONTRACTORS.</p>
<p>((Reuters Calgary Bureau (403) 531-1624))</p>
</text>
<copyright>(c) Reuters Limited 1997</copyright>
<metadata>
<codes class="bip:countries:1.0">
  <code code="CANA">
    <editdetail attribution="Reuters BIP Coding Group" action="confirmed" date="1997-04-15"/>
  </code>
</codes>
<codes class="bip:industries:1.0">
  <code code="I13000">
    <editdetail attribution="Reuters BIP Coding Group" action="confirmed" date="1997-04-15"/>
  </code>
</codes>
<codes class="bip:topics:1.0">
  <code code="C24">
    <editdetail attribution="Reuters BIP Coding Group" action="confirmed" date="1997-04-15"/>
  </code>
  <code code="CCAT">
    <editdetail attribution="Reuters BIP Coding Group" action="confirmed" date="1997-04-15"/>
  </code>
</codes>
<dc element="dc.publisher" value="Reuters Holdings Plc"/>
<dc element="dc.date.published" value="1997-04-15"/>
<dc element="dc.source" value="Reuters"/>
<dc element="dc.creator.location.country.name" value="CANADA"/>
<dc element="dc.source" value="Reuters"/>
</metadata>
</newsitem>
