<?xml version="1.0" encoding="iso-8859-1" ?>
<newsitem itemid="508759" id="root" date="1997-04-15" xml:lang="en">
<title>AUSTRALIA: Golf-Australian sporting heroes unite in praise of Woods.</title>
<headline>Golf-Australian sporting heroes unite in praise of Woods.</headline>
<dateline>SYDNEY 1997-04-15</dateline>
<text>
<p>Australian sporting heroes have united in their praise of American golfing sensation Tiger Woods, the youngest and most decisive champion in U.S. Masters history.</p>
<p>Woods, 21, won the first major of the season by a massive 12 strokes, devouring the Augusta layout in the process to finish a record 18-under par.</p>
<p>Former world champion boxer Jeff Fenech said: &quot;I can see him dominating for a long time as long as he keeps his head screwed on the right way.&quot;</p>
<p>&quot;He's an absolute freak. To be so young and so good is unbelievable. Heaven knows what the future holds for him. He can only get better as he gains more experience,&quot; Sydney Swans full forward Tony Lockett said.</p>
<p>Former rugby league coach Jack Gibson said: &quot;When Muhammad Ali was coming good, they compared him with the former greats like Sonny Liston and Joe Louis. This bloke isn't being compared to anyone. That's how good he is.&quot;</p>
<p>Former Australia cricket captain Greg Chappell also gave his opinion to Sydney's Daily Telegraph newspaper, saying: &quot;I think he will take the game to a new level. It was one of the most phenomenal things I have seen.&quot;</p>
<p>--Sydney Newsroom 61-2 9373 1800</p>
</text>
<copyright>(c) Reuters Limited 1997</copyright>
<metadata>
<codes class="bip:countries:1.0">
  <code code="AUSTR">
    <editdetail attribution="Reuters BIP Coding Group" action="confirmed" date="1997-04-15"/>
  </code>
  <code code="USA">
    <editdetail attribution="Reuters BIP Coding Group" action="confirmed" date="1997-04-15"/>
  </code>
</codes>
<codes class="bip:topics:1.0">
  <code code="GCAT">
    <editdetail attribution="Reuters BIP Coding Group" action="confirmed" date="1997-04-15"/>
  </code>
  <code code="GSPO">
    <editdetail attribution="Reuters BIP Coding Group" action="confirmed" date="1997-04-15"/>
  </code>
</codes>
<dc element="dc.date.created" value="1997-04-15"/>
<dc element="dc.publisher" value="Reuters Holdings Plc"/>
<dc element="dc.date.published" value="1997-04-15"/>
<dc element="dc.source" value="Reuters"/>
<dc element="dc.creator.location" value="SYDNEY"/>
<dc element="dc.creator.location.country.name" value="AUSTRALIA"/>
<dc element="dc.source" value="Reuters"/>
</metadata>
</newsitem>
