<?xml version="1.0" encoding="iso-8859-1" ?>
<newsitem itemid="508720" id="root" date="1997-04-15" xml:lang="en">
<title>UK: UK's Blair says rocking days are definitely over.</title>
<headline>UK's Blair says rocking days are definitely over.</headline>
<dateline>LONDON 1997-04-15</dateline>
<text>
<p>British opposition leader Tony Blair, fighting to win a May 1 election, on Tuesday made a campaign pledge not even his rivals can criticise -- he promised never to play in a rock band again.</p>
<p>The leader of the Labour party issued his promise after a young man asked him what he would do about Britain's massively successful rock music industry if he took power.</p>
<p>Blair, once the lead singer of a short-lived rock group called 'Ugly Rumours' while at university, replied: &quot;I'll tell you what I'm going to do about British rock music.</p>
<p>&quot;I'm not going to play in a band again.&quot;</p>
<p>Blair's vow of musical silence is likely to be welcomed by the ruling Conservatives, who polls make underdogs for the election after 18 years in power without a break.</p>
<p>Conservative officials have been angered by the prospect of Labour getting free publicity and additional campaign funds from another pop song -- its campaign anthem.</p>
<p>Blair has chosen the 1994 chart-topping song &quot;Things Can Only Get Better&quot; by the group D:Ream as the theme tune for his bid to dislodge Prime Minister John Major.</p>
<p>D:Ream lead singer Peter Cunnah has agreed to re-issue the song and give all royalties to Labour's fighting fund.</p>
<p>Conservative officials have called on the BBC, which is governed by tough rules during the campaign to ensure a lack of bias, to boycott the song.</p>
<p>But the BBC has said that if the song makes the national top 40, it will have to play it on its chart shows.</p>
<p>The Labour-backing Daily Mirror newspaper called on readers to buy a copy as soon as it hit the shops next Monday to ensure it shoots up to the top of the charts.</p>
</text>
<copyright>(c) Reuters Limited 1997</copyright>
<metadata>
<codes class="bip:countries:1.0">
  <code code="UK">
    <editdetail attribution="Reuters BIP Coding Group" action="confirmed" date="1997-04-15"/>
  </code>
</codes>
<codes class="bip:topics:1.0">
  <code code="GCAT">
    <editdetail attribution="Reuters BIP Coding Group" action="confirmed" date="1997-04-15"/>
  </code>
  <code code="GPOL">
    <editdetail attribution="Reuters BIP Coding Group" action="confirmed" date="1997-04-15"/>
  </code>
  <code code="GVOTE">
    <editdetail attribution="Reuters BIP Coding Group" action="confirmed" date="1997-04-15"/>
  </code>
</codes>
<dc element="dc.date.created" value="1997-04-15"/>
<dc element="dc.publisher" value="Reuters Holdings Plc"/>
<dc element="dc.date.published" value="1997-04-15"/>
<dc element="dc.source" value="Reuters"/>
<dc element="dc.creator.location" value="LONDON"/>
<dc element="dc.creator.location.country.name" value="UK"/>
<dc element="dc.source" value="Reuters"/>
</metadata>
</newsitem>
