<?xml version="1.0" encoding="iso-8859-1" ?>
<newsitem itemid="508729" id="root" date="1997-04-15" xml:lang="en">
<title>UK: Number of UK equity market players to fall -survey.</title>
<headline>Number of UK equity market players to fall -survey.</headline>
<byline>Alexander Smith</byline>
<dateline>LONDON 1997-04-15</dateline>
<text>
<p>Britain's equity markets may be booming but consolidation of the industry continues apace, according to a survey published on Tuesday.</p>
<p>The 1997 Reuters survey of British larger company investment research, sales and trading said the relatively small numbers of fund managers, analysts and salespeople receiving support in the poll highlighted the growing concentration in the industry.</p>
<p>NatWest Securities held on to top spot in the annual weighted survey of fund managers, compiled by Tempest Consultants, but its lead slipped after a year which saw considerable turnover of staff.</p>
<p>Finance directors opted for Swiss bank UBS as the best broker while NatWest's oil team, led by Fergus MacLeod, was again voted best sector team. SBC Warburg won both best broker execution and best broker sales.</p>
<p>Finance directors voted Mercury Asset Management as best fund management group and the team at Schroder Investment Management as best individual fund manager, instead of choosing a single individual.</p>
<p>Pressure for consolidation was blamed on expansion plans at securities and fund management groups as well as higher market levels and strong revenues and profits.</p>
<p>&quot;Viewed from all three corners of the equity triangle, growing concentration through corporate activity is the natural consequence of the relentless pressure,&quot; it said.</p>
<p>The largest companies were becoming more dominant due to globalisation, deregulation and a drive for shareholder value. This in turn is leading to further growth of sector coverage by &quot;buy&quot; and &quot;sell&quot; side research departments.</p>
<p>It was also resulting in the exploitation of global investment banking opportunities by the most focused and integrated firms.</p>
<p>An increasing concentration of British equity funds resulted from competition and an increased focus on costs and performance as well as outsourcing of in-house company pension funds and mergers and acquisitions arising from bank and insurance company competition.</p>
<p>These factors are leading to a migration of funds to the best performers and have already resulted in the absorption of eight significant fund management groups during 1996/97, with more in the pipeline.</p>
<p>They have also led to larger funds being managed by fewer managers, the survey said.</p>
<p>The survey also said there are too many analysts following too many companies, too many brokers selling to fewer fund management groups and merger activity resulted from competition and a need for more capital adequacy.</p>
<p>This increasing concentration of brokers' analysts meant the securities industry was shouldering high costs, there was increasing discrimination between winners and losers and a shakeout is on the cards when the market turns.</p>
<p>Other themes highlighted included a strong increase in demand for on-line research.</p>
<p>It also found serious gaps were developing between what fund managers wanted and what they actually got and this was leading fund management groups to use fewer brokers and increase their own in-house research.</p>
<p>Fund management groups were making greater use of in-house crossed dealing and programme trading and the proportion of British equity trading which bears commission has dropped, the survey found.</p>
<p>And while dealers at fund management groups are warming to the prospect of an order driven system -- where shares are bought automatically and sold via computer instead of being dealt by a traditional market maker -- they still think liquidity and speed of execution will suffer.</p>
<p>But this was played down by the London Stock Exchange which said there was evidence to show order-driven share trading would offer benefits to large and small investors</p>
<p>Another theme to have emerged from the survey is that finance directors of the quoted companies were increasing their direct contact with fund managers.</p>
<p>The survey found they prefer one-to-one meetings with fund managers and brokers' analysts rather than group meetings, identifying with individuals rather than teams.</p>
<p>But it also found fund managers have markedly different ideas about how analysts should be spending their time compared with how analysts are actually allocating their efforts.</p>
<p>While fund managers said they would like 46 percent of analysts' time to be spent on fundamental research in future, the analysts themselves said they intend spending only 36 percent of their time on this aspect.</p>
</text>
<copyright>(c) Reuters Limited 1997</copyright>
<metadata>
<codes class="bip:countries:1.0">
  <code code="UK">
    <editdetail attribution="Reuters BIP Coding Group" action="confirmed" date="1997-04-15"/>
  </code>
</codes>
<codes class="bip:industries:1.0">
  <code code="I83100">
    <editdetail attribution="Reuters BIP Coding Group" action="confirmed" date="1997-04-15"/>
  </code>
</codes>
<codes class="bip:topics:1.0">
  <code code="C15">
    <editdetail attribution="Reuters BIP Coding Group" action="confirmed" date="1997-04-15"/>
  </code>
  <code code="C152">
    <editdetail attribution="Reuters BIP Coding Group" action="confirmed" date="1997-04-15"/>
  </code>
  <code code="C18">
    <editdetail attribution="Reuters BIP Coding Group" action="confirmed" date="1997-04-15"/>
  </code>
  <code code="C181">
    <editdetail attribution="Reuters BIP Coding Group" action="confirmed" date="1997-04-15"/>
  </code>
  <code code="CCAT">
    <editdetail attribution="Reuters BIP Coding Group" action="confirmed" date="1997-04-15"/>
  </code>
</codes>
<dc element="dc.date.created" value="1997-04-15"/>
<dc element="dc.publisher" value="Reuters Holdings Plc"/>
<dc element="dc.date.published" value="1997-04-15"/>
<dc element="dc.source" value="Reuters"/>
<dc element="dc.creator.location" value="LONDON"/>
<dc element="dc.creator.location.country.name" value="UK"/>
<dc element="dc.source" value="Reuters"/>
</metadata>
</newsitem>
