<?xml version="1.0" encoding="iso-8859-1" ?>
<newsitem itemid="508706" id="root" date="1997-04-15" xml:lang="en">
<title>UK: NWE fuel oil values held stable by thin activity.</title>
<headline>NWE fuel oil values held stable by thin activity.</headline>
<dateline>LONDON 1997-04-15</dateline>
<text>
<p>NWE fuel oil markets were stable on Tuesday amid very thin activity.</p>
<p>High sulphur fuel oil barges traded at $82.50 fob ARA in a lacklustre market, with traders balanced and unhurried.</p>
<p>Bunker demand was reported as moderate by some, healthy by others.</p>
<p>&quot;Not everyone is convinced it's a sellers market, not yet anyway,&quot; said one trader.</p>
<p>Low sulphur sellers were gloomily watching straight-run prices bear down on cracked fuel numbers.</p>
<p>An Irish straight-run cargo deal at around $89.50 fob was only $1 to $2 above cracked values, though traders said prices for less prompt straight-run were around $91-$93.</p>
<p>The thin differential presaged a further fall in cracked numbers, traders said, with the main Italian buyer continuing to drive hard bargains.</p>
<p>-- London newsroom +44 171 542 8060</p>
</text>
<copyright>(c) Reuters Limited 1997</copyright>
<metadata>
<codes class="bip:countries:1.0">
  <code code="UK">
    <editdetail attribution="Reuters BIP Coding Group" action="confirmed" date="1997-04-15"/>
  </code>
</codes>
<codes class="bip:topics:1.0">
  <code code="M14">
    <editdetail attribution="Reuters BIP Coding Group" action="confirmed" date="1997-04-15"/>
  </code>
  <code code="M143">
    <editdetail attribution="Reuters BIP Coding Group" action="confirmed" date="1997-04-15"/>
  </code>
  <code code="MCAT">
    <editdetail attribution="Reuters BIP Coding Group" action="confirmed" date="1997-04-15"/>
  </code>
</codes>
<dc element="dc.date.created" value="1997-04-15"/>
<dc element="dc.publisher" value="Reuters Holdings Plc"/>
<dc element="dc.date.published" value="1997-04-15"/>
<dc element="dc.source" value="Reuters"/>
<dc element="dc.creator.location" value="LONDON"/>
<dc element="dc.creator.location.country.name" value="UK"/>
<dc element="dc.source" value="Reuters"/>
</metadata>
</newsitem>
