<?xml version="1.0" encoding="iso-8859-1" ?>
<newsitem itemid="508746" id="root" date="1997-04-15" xml:lang="en">
<title>UK: GDR REPORT-Hopeful India GDRs up with Bombay.</title>
<headline>GDR REPORT-Hopeful India GDRs up with Bombay.</headline>
<dateline>LONDON 1997-04-15</dateline>
<text>
<p>Indian global depositary receipts posted steady gains on Tuesday amid optimism about prospects for a settlement of the country's political crisis and after an easing in monetary policy, traders said.</p>
<p>They said the market continued to trade on thin volumes, and this was unlikely to change until uncertainty over the future of the government and the 1997/8 budget was cleared up.</p>
<p>Trade was also seen dampened ahead of a holiday in India on Wednesday, and a further break on Friday.</p>
<p>Earlier on Tuesday, the Reserve Bank of India announced an easier credit policy, cutting the bank rate by one percentage point to 11 percent among other measures.</p>
<p>Also, the Congress Party's promise of renewed support for the United Front coalition under a different leader was seen supporting sentiment.</p>
<p>A broker said the majority of action on the GDR market was centred on Reliance, SBI and VSNL. VSNL gained 87 cents to $18.55/$19.55 and SBI was 150 cents higher at $21.75/$22.75.</p>
<p>The HSBC James Capel Indian GDR index  JCEAI closed 2.11 points, or 2.84 percent, up at 76.14 points, with the premium over the local market at 22.45 percent from 20.45 percent on Monday.</p>
<p>The Bombay Stock Exchange 30 share index added 57.72 points to 3,647.44.</p>
<p>The Capel Taiwan GDR Index made 2.03 points to 134.15, narrowing its discount to the local market to 3.72 percent.</p>
<p>The Capel Korea GDR Index ended 0.15 points, or 0.24 percent, down at 64.45, a premium of 30.41 percent over the local market.</p>
<p>-- Andrew Gill, London newsroom 44 171 542 5887</p>
</text>
<copyright>(c) Reuters Limited 1997</copyright>
<metadata>
<codes class="bip:countries:1.0">
  <code code="INDIA">
    <editdetail attribution="Reuters BIP Coding Group" action="confirmed" date="1997-04-15"/>
  </code>
  <code code="UK">
    <editdetail attribution="Reuters BIP Coding Group" action="confirmed" date="1997-04-15"/>
  </code>
</codes>
<codes class="bip:topics:1.0">
  <code code="M11">
    <editdetail attribution="Reuters BIP Coding Group" action="confirmed" date="1997-04-15"/>
  </code>
  <code code="MCAT">
    <editdetail attribution="Reuters BIP Coding Group" action="confirmed" date="1997-04-15"/>
  </code>
</codes>
<dc element="dc.date.created" value="1997-04-15"/>
<dc element="dc.publisher" value="Reuters Holdings Plc"/>
<dc element="dc.date.published" value="1997-04-15"/>
<dc element="dc.source" value="Reuters"/>
<dc element="dc.creator.location" value="LONDON"/>
<dc element="dc.creator.location.country.name" value="UK"/>
<dc element="dc.source" value="Reuters"/>
</metadata>
</newsitem>
