<?xml version="1.0" encoding="iso-8859-1" ?>
<newsitem itemid="508707" id="root" date="1997-04-15" xml:lang="en">
<title>UK: European base metals physical trades - April 15.</title>
<headline>European base metals physical trades - April 15.</headline>
<dateline>LONDON 1997-04-15</dateline>
<text>
<p>Trades reported as follows. All prices in $/tonne and premium to LME unless stated.</p>
<p>APRIL 15 -</p>
<p>Russian nickel, cif Rotterdam, $50 (discount).</p>
<p>Russian cobalt, cif Rotterdam, $23.00, $22.50, $22.00/lb (outright).</p>
<p>Zambian cobalt, cif Rotterdam, $23.50/lb (outright).</p>
<p>High grade cobalt, cif Rotterdam, $25.00, $24.75/lb (outright.</p>
<p>APRIL 10 -</p>
<p>Russian A7E aluminium, cif Rotterdam, $38, $39.</p>
<p>Spanish zinc warrant, cif Rotterdam, $15.</p>
<p>APRIL 9 -</p>
<p>Antimony, cif Rotterdam, $2,450, $2,470, $2,500 (outright).</p>
<p>AB97 aluminium, cif Rotterdam, $45 discount.</p>
<p>Russian A6 aluminium, cif Rotterdam, $27.</p>
<p>APRIL 8 -</p>
<p>Russian standard copper cathodes, cif Rotterdam, $15 discount</p>
<p>for nearby, $20 discount for forward dates.</p>
<p>Indonesian tin, cif Rotterdam, $50.</p>
<p>Chinese tin, cif Rotterdam, $50.</p>
<p>APRIL 7 -</p>
<p>Small parcel of Russian standard copper cathodes, Rotterdam, $30 discount.</p>
<p>Russian cobalt ingots, cif Rotterdam, $22 (outright).</p>
<p>Zambian cobalt, cif Rotterdam, $23 (outright).</p>
<p>Highgrade cobalt, cif Rotterdam, $25 (outright).</p>
<p>APRIL 3 -</p>
<p>Russian zinc, duty unpaid, cif Rotterdam, $8.</p>
<p>Zambian cobalt, cif Rotterdam, $23.90 (outright).</p>
<p>Russian cobalt, cif Rotterdam, $21.40 (outright).</p>
<p>Russian magnesium, cif Rotterdam, $2,350 (outright).</p>
<p>APRIL 2 -</p>
<p>Antimony, cif Rotterdam, $2,400 (outright)</p>
<p>Cobalt high-grade, cif Rotterdam, $23.90 (outright)</p>
<p>Aluminium, duty-paid, cif Rotterdam, $135.</p>
<p>CIS M1K (99.97 percent) copper, cif Rotterdam, $15 discount.</p>
<p>APRIL 1 -</p>
<p>Russian uncut nickel, cif Rotterdam, $70 discount.</p>
<p>Antimony, cif Rotterdam, $2,350, $2,375, $2,400.</p>
<p>MARCH 26 -</p>
<p>Antimony, cif Rotterdam, $2,250, $2,300 (outright).</p>
<p>High grade cobalt, cif Rotterdam, $23.65/lb (outright).</p>
<p>Russian magnesium, cif Rotterdam, $2,350 (outright).</p>
<p>MARCH 25 -</p>
<p>Russian cobalt, cif Rotterdam, $21.65/lb (outright).</p>
<p>High grade cobalt, cif Rotterdam, $23.75/lb (outright).</p>
<p>Zambian cobalt, cif Rotterdam, $22.10/lb (outright).</p>
<p>MARCH 24 -</p>
<p>Antimony, cif Rotterdam, $2,160 (outright).</p>
<p>MARCH 21 -</p>
<p>Antimony, cif Rotterdam, $2,150 (outright).</p>
<p>Russian A0 aluminium ingots, cif Rotterdam, flat, $10.</p>
<p>MARCH 20 -</p>
<p>Russian cobalt, delivered works, $19.90, $19.75/lb (outright).</p>
<p>Russian cobalt, cif Rotterdam, $20.25/lb (outright).</p>
<p>Zambian cobalt, cif Rotterdam, $21.00/lb (outright).</p>
<p>HG cobalt, cif Rotterdam, $22.00/lb (outright).</p>
<p>MARCH 19 -</p>
<p>Antimony, cif Rotterdam, $2,060 (outright).</p>
<p>Antimony, prompt Rotterdam, $2,100 (outright).</p>
<p>MARCH 18 -</p>
<p>Antimony, cif Rotterdam, $2,070 (outright).</p>
<p>Antimony, cif Rotterdam, $2,150 ( outright).</p>
<p>--London Newsroom 44 171 542 8080</p>
</text>
<copyright>(c) Reuters Limited 1997</copyright>
<metadata>
<codes class="bip:countries:1.0">
  <code code="UK">
    <editdetail attribution="Reuters BIP Coding Group" action="confirmed" date="1997-04-15"/>
  </code>
</codes>
<codes class="bip:topics:1.0">
  <code code="M14">
    <editdetail attribution="Reuters BIP Coding Group" action="confirmed" date="1997-04-15"/>
  </code>
  <code code="M142">
    <editdetail attribution="Reuters BIP Coding Group" action="confirmed" date="1997-04-15"/>
  </code>
  <code code="MCAT">
    <editdetail attribution="Reuters BIP Coding Group" action="confirmed" date="1997-04-15"/>
  </code>
</codes>
<dc element="dc.date.created" value="1997-04-15"/>
<dc element="dc.publisher" value="Reuters Holdings Plc"/>
<dc element="dc.date.published" value="1997-04-15"/>
<dc element="dc.source" value="Reuters"/>
<dc element="dc.creator.location" value="LONDON"/>
<dc element="dc.creator.location.country.name" value="UK"/>
<dc element="dc.source" value="Reuters"/>
</metadata>
</newsitem>
