<?xml version="1.0" encoding="iso-8859-1" ?>
<newsitem itemid="508711" id="root" date="1997-04-15" xml:lang="en">
<title>UK: Coffee-Demand turns brisk as buyers pay up.</title>
<headline>Coffee-Demand turns brisk as buyers pay up.</headline>
<dateline>LONDON 1997-04-15</dateline>
<text>
<p>Physical coffee markets saw brisk demand for nearby and new crops as buyers reluctantly matched higher offer prices with producers firmly in the driver's seat.</p>
<p>&quot;It's a seller's market,&quot; said one. &quot;Roasters are buying against May still.&quot;</p>
<p>Producers have been pushing to sell coffee priced against New York's May contract which commands a hefty premium over second-position July. But roasters favour the latter.</p>
<p>On Tuesday, the May premium stood at 18 cents a lb.</p>
<p>Concerns of a squeeze on the May contract, which enters the first notice day on April 22, sent the prices to over $2.00 mark in early Tuesday business.</p>
<p>The latest rally was also fuelled by news Colombia had closed registrations for May-June shipments and a fresh port strike in Brazil.</p>
<p>A possible new Colombian truck drivers strike due within a week also threatened to disrupt supplies and buoy prices further.</p>
<p>Colombia has said its 1996/97 (April/May) crop has fallen to 10 million 60-kg bags from about 14 million a year earlier.</p>
<p>In Europe, traders noted good demand for nearby coffee for shipment in May, June and July but availabilities from Central America were basically non-existent.</p>
<p>&quot;We have also been able to move fair quantities of new arabica crop for October-December shipments,&quot; said one Swiss trader. &quot;There's also been growing demand for robustas.&quot;</p>
<p>Brazil prices have varied widely with those holding stocks calling the shots.</p>
<p>&quot;It's not a clear market for Brazil now,&quot; said one.</p>
<p>Others said differentials for robustas however were weakening on the advent of the main Indonesian harvest.</p>
<p>Ugandan robusta sales have dried up as the crop was nearing its end and also due to the fact that the internal prices were higher than the international prices.</p>
<p>African arabicas especially the high quality Zaire and Rwanda origins were still enjoying good demand.</p>
<p>Following differentials for some origins:</p>
<p>    Brazil 3/4 medium good beans	3 cents/lb under NY's July</p>
<p>    Costa Rica hard bean (June)	15 cents over NY July</p>
<p>    Kenya AB FAQ main crop	     110-115 cents over NY July</p>
<p>    Kenya AA FAQ			   115-120 cents over NY July</p>
<p>    Ivory Coast Grade 2 (Apr/May)    $40 under London CIF</p>
<p>    Uganda Screen 15		     $15 under London CIF Europe</p>
<p>    Indonesian EK1 (April/May)	 $220 under London FOB</p>
<p>-- Jalil Hamid, London newsroom +44 171 542 4985</p>
</text>
<copyright>(c) Reuters Limited 1997</copyright>
<metadata>
<codes class="bip:countries:1.0">
  <code code="UK">
    <editdetail attribution="Reuters BIP Coding Group" action="confirmed" date="1997-04-15"/>
  </code>
</codes>
<codes class="bip:topics:1.0">
  <code code="M14">
    <editdetail attribution="Reuters BIP Coding Group" action="confirmed" date="1997-04-15"/>
  </code>
  <code code="M141">
    <editdetail attribution="Reuters BIP Coding Group" action="confirmed" date="1997-04-15"/>
  </code>
  <code code="MCAT">
    <editdetail attribution="Reuters BIP Coding Group" action="confirmed" date="1997-04-15"/>
  </code>
</codes>
<dc element="dc.date.created" value="1997-04-15"/>
<dc element="dc.publisher" value="Reuters Holdings Plc"/>
<dc element="dc.date.published" value="1997-04-15"/>
<dc element="dc.source" value="Reuters"/>
<dc element="dc.creator.location" value="LONDON"/>
<dc element="dc.creator.location.country.name" value="UK"/>
<dc element="dc.source" value="Reuters"/>
</metadata>
</newsitem>
