<?xml version="1.0" encoding="iso-8859-1" ?>
<newsitem itemid="508709" id="root" date="1997-04-15" xml:lang="en">
<title>UK: UK's Blair would have voted against EU fish quotas.</title>
<headline>UK's Blair would have voted against EU fish quotas.</headline>
<dateline>LONDON 1997-04-15</dateline>
<text>
<p>British opposition Labour party leader Tony Blair said on Tuesday that he would have instructed a Labour minister to vote against a European Union deal on fishing quotas on Tuesday.</p>
<p>&quot;I certainly would have done that,&quot; he said during an interview with Sky television news.</p>
<p>Earlier in the day Britain and France were outvoted when EU fisheries ministers meeting in Luxembourg decided to impose a 30 percent cuts in catches.</p>
<p>Blair said it was extraordinary that the British fisheries minister at the meeting had not raised the issue of quotas.</p>
<p>&quot;What is completely absurd is for the (ruling) Conservatives to bang the table and say 'This is all terrible' and then we find (out)...that they didn't even raise the issue that they now say they want to go to war with the rest of Europe over. That is no way to carry on,&quot; Blair said.</p>
<p>The Labour leader said it was important to vote against the deal because British fishermen were not getting a good deal from Europe.</p>
<p>&quot;What we have got to do now is to get the best deal possible for them. That is best done by building alliances and having the credibility to secure the best deal for us, otherwise there are thousands of jobs in the fishing industry that can be lost.&quot;</p>
</text>
<copyright>(c) Reuters Limited 1997</copyright>
<metadata>
<codes class="bip:countries:1.0">
  <code code="EEC">
    <editdetail attribution="Reuters BIP Coding Group" action="confirmed" date="1997-04-15"/>
  </code>
  <code code="UK">
    <editdetail attribution="Reuters BIP Coding Group" action="confirmed" date="1997-04-15"/>
  </code>
</codes>
<codes class="bip:industries:1.0">
  <code code="I03000">
    <editdetail attribution="Reuters BIP Coding Group" action="confirmed" date="1997-04-15"/>
  </code>
</codes>
<codes class="bip:topics:1.0">
  <code code="C13">
    <editdetail attribution="Reuters BIP Coding Group" action="confirmed" date="1997-04-15"/>
  </code>
  <code code="CCAT">
    <editdetail attribution="Reuters BIP Coding Group" action="confirmed" date="1997-04-15"/>
  </code>
  <code code="G15">
    <editdetail attribution="Reuters BIP Coding Group" action="confirmed" date="1997-04-15"/>
  </code>
  <code code="G153">
    <editdetail attribution="Reuters BIP Coding Group" action="confirmed" date="1997-04-15"/>
  </code>
  <code code="GCAT">
    <editdetail attribution="Reuters BIP Coding Group" action="confirmed" date="1997-04-15"/>
  </code>
  <code code="GPOL">
    <editdetail attribution="Reuters BIP Coding Group" action="confirmed" date="1997-04-15"/>
  </code>
  <code code="GVOTE">
    <editdetail attribution="Reuters BIP Coding Group" action="confirmed" date="1997-04-15"/>
  </code>
</codes>
<dc element="dc.date.created" value="1997-04-15"/>
<dc element="dc.publisher" value="Reuters Holdings Plc"/>
<dc element="dc.date.published" value="1997-04-15"/>
<dc element="dc.source" value="Reuters"/>
<dc element="dc.creator.location" value="LONDON"/>
<dc element="dc.creator.location.country.name" value="UK"/>
<dc element="dc.source" value="Reuters"/>
</metadata>
</newsitem>
