<?xml version="1.0" encoding="iso-8859-1" ?>
<newsitem itemid="508734" id="root" date="1997-04-15" xml:lang="en">
<title>UK: Metals end steadier, LME marks time in PM.</title>
<headline>Metals end steadier, LME marks time in PM.</headline>
<dateline>LONDON 1997-04-15</dateline>
<text>
<p>Base metal prices stayed close to early highs during Tuesday afternoon LME trading, finishing a stable session steadier across the board.</p>
<p>Traders said the complex lacked the follow through to extend the current mini-technical bounce, and opted instead to consolidate gains. Conditions were not particularly active.</p>
<p>&quot;Copper got to $2,280, but didn't really fancy going much further. I still think these rallies are there to be sold into,&quot; one said.</p>
<p>Also, there is the lingering perception that investment funds, who may be short already, are waiting to sell into higher levels.</p>
<p>Nevertheless, copper seems to be well supported by technicals, with good chart buying likely around $2,250. Additionally, the market is cautious ahead of a strike vote later on Tuesday at Escondida - the world's largest copper mine.</p>
<p>Three months prices peaked at $2,287 a tonne before closing at $2,281, up $24 from Monday. The cash/threes backwardation was at $35/37, little changed from yesterday.</p>
<p>By comparison, aluminium struggled to make an impression on the upside, and traded in a narrow, albeit steadier range. Last business was at $1,555 a tonne, up just $6 from the previous kerb.</p>
<p>Nickel prices remained firmer during the afternoon, without breaching $7,400, closing at $7,390, up $150 a tonne from yesterday.</p>
<p>Traders said the market ignored the 1,872-tonne increase in stocks, which was a surprising briquettes delivery, and built on recent physical strength.</p>
<p>There has been goood widespread interest from Europe, the Far East, and North America, which tempered Monday's fund sales, they said.</p>
<p>Both lead and zinc remained steadier towards the close, with the latter metal aided by another inventory decline.</p>
<p>Zinc closed at $1,259, up $6 from Monday, while lead concluded at $645, a $13 gain, with the market continuing to correct from recent 18-month lows.</p>
<p>Tin reversed direction during laregly routine afternoon trading, and erased earlier losses to close at $5,760, up just $10 from yesterday.</p>
<p>Alloy was quiet, and finished at a little-changed $1,450/55 a tonne.</p>
<p>--Martin Hayes, London Newsroom 44 171 542 8080</p>
</text>
<copyright>(c) Reuters Limited 1997</copyright>
<metadata>
<codes class="bip:countries:1.0">
  <code code="UK">
    <editdetail attribution="Reuters BIP Coding Group" action="confirmed" date="1997-04-15"/>
  </code>
</codes>
<codes class="bip:topics:1.0">
  <code code="M14">
    <editdetail attribution="Reuters BIP Coding Group" action="confirmed" date="1997-04-15"/>
  </code>
  <code code="M142">
    <editdetail attribution="Reuters BIP Coding Group" action="confirmed" date="1997-04-15"/>
  </code>
  <code code="MCAT">
    <editdetail attribution="Reuters BIP Coding Group" action="confirmed" date="1997-04-15"/>
  </code>
</codes>
<dc element="dc.date.created" value="1997-04-15"/>
<dc element="dc.publisher" value="Reuters Holdings Plc"/>
<dc element="dc.date.published" value="1997-04-15"/>
<dc element="dc.source" value="Reuters"/>
<dc element="dc.creator.location" value="LONDON"/>
<dc element="dc.creator.location.country.name" value="UK"/>
<dc element="dc.source" value="Reuters"/>
</metadata>
</newsitem>
