<?xml version="1.0" encoding="iso-8859-1" ?>
<newsitem itemid="508712" id="root" date="1997-04-15" xml:lang="en">
<title>UK: UK Labour says it can reverse science brain drain.</title>
<headline>UK Labour says it can reverse science brain drain.</headline>
<dateline>LONDON 1997-04-15</dateline>
<text>
<p>The opposition Labour Party said on Tuesday that if it comes to office in the May 1 election it will implement a plan which could reverse a flow of British scientific talent overseas.</p>
<p>&quot;Our scientists will want to come home. We will see the reversal of the brain drain and the beginnings of a brain gain,&quot; education and employment spokesman David Blunkett told a news conference.</p>
<p>The centrepiece of the strategy is the party's planned National Endowment for Science, Technology and the Arts (NESTA) which would work to protect the intellectual property rights of British inventors and give high-tech businesses start up grants.</p>
<p>Blunkett said NESTA would be funded initially from endowments from scientists and inventors from copyright and patents.</p>
<p>But after the winding up of the Millennium Commission, an unspecified proportion of the funds it receives from the National Lottery will be diverted to NESTA, he said.</p>
<p>Labour said testimonials for the policy it has collected from British scientists working abroad showed its &quot;brain gain&quot; claims were justified.</p>
<p>Michael Duff, a professor of theoretical physics at the Texas A and M University, told the news conference via video: &quot;It...will help create the kind of environment that will once again make Britain the sort of place that UK scientists abroad will want to come home to.&quot;</p>
<p>But none of the scientists quoted by the party guaranteed that if Labour won on May 1, they would be buying one-way air tickets back to Britain for themselves and their families soon afterwards. -- London Newsroom +44 171 5427767</p>
</text>
<copyright>(c) Reuters Limited 1997</copyright>
<metadata>
<codes class="bip:countries:1.0">
  <code code="UK">
    <editdetail attribution="Reuters BIP Coding Group" action="confirmed" date="1997-04-15"/>
  </code>
</codes>
<codes class="bip:topics:1.0">
  <code code="GCAT">
    <editdetail attribution="Reuters BIP Coding Group" action="confirmed" date="1997-04-15"/>
  </code>
  <code code="GPOL">
    <editdetail attribution="Reuters BIP Coding Group" action="confirmed" date="1997-04-15"/>
  </code>
  <code code="GSCI">
    <editdetail attribution="Reuters BIP Coding Group" action="confirmed" date="1997-04-15"/>
  </code>
  <code code="GVOTE">
    <editdetail attribution="Reuters BIP Coding Group" action="confirmed" date="1997-04-15"/>
  </code>
</codes>
<dc element="dc.date.created" value="1997-04-15"/>
<dc element="dc.publisher" value="Reuters Holdings Plc"/>
<dc element="dc.date.published" value="1997-04-15"/>
<dc element="dc.source" value="Reuters"/>
<dc element="dc.creator.location" value="LONDON"/>
<dc element="dc.creator.location.country.name" value="UK"/>
<dc element="dc.source" value="Reuters"/>
</metadata>
</newsitem>
