<?xml version="1.0" encoding="iso-8859-1" ?>
<newsitem itemid="508715" id="root" date="1997-04-15" xml:lang="en">
<title>UK: Reuters historical calendar - April 22.</title>
<headline>Reuters historical calendar - April 22.</headline>
<dateline>LONDON 1997-04-15</dateline>
<text>
<p>Following are some of the major events to have occurred on April 22 in history:</p>
<p>1124 - Alexander I, King of Scotland, died. King from 1107, he was succeeded by his brother David.</p>
<p>1451 - Isabella I, Queen of Castille, born. One of the great Spanish monarchs, she also became Queen of Aragon after a civil war in 1479. She was patron of Christopher Columbus.</p>
<p>1529 - The Treaty of Saragossa was signed which divided Spanish and Portuguese interests in the Pacific Ocean. Portugal regained control of the Moluccas in return for compensation.</p>
<p>1724 - Immanuel Kant, German philosopher, born. One of the greatest thinkers, his work exerted a huge influence on all philosophy.</p>
<p>1766 - Madame de Stael (Anne-Louise-Germaine Necker, Baronne de Stael-Holstein), notable French writer, born. Best known for her theories on the new &quot;Romanticism&quot;, she also achieved fame for her salon for intellectuals.</p>
<p>1793 - U.S. President George Washington issued a Proclamation of Neutrality to ensure that the United States did not become involved in the war between France and Britain.</p>
<p>1834 - The Quadruple Alliance was formed between Britain, France, Portugal and Spain, supporting Isabella II's claim to the Spanish throne against Don Carlos.</p>
<p>1838 - The British steamship Sirius became the first to cross the Atlantic from Britain to New York on steam power only. The journey from Cork to New York took 18 days 10 hours.</p>
<p>1870 - Lenin, Russian Communist leader, born as Vladimir Ilyich Ulyanov. Founder of the Communist party and inspiration behind the Russian Revolution, he became the first Soviet head of state.</p>
<p>1881 - Alexander Feodorovich Kerensky, Russian politician and Prime Minister, born. Deposed by the Bolsheviks in 1917, he fled to France and then to the United States.</p>
<p>1904 - Robert Oppenheimer, U.S. nuclear scientist, born. He was head of the Los Alamos laboratories which developed the atom bomb.</p>
<p>1908 - Sir Henry Campbell-Bannerman, British Liberal statesman and politician, died. Prime Minister from 1905, he gave self-government to the Transvaal.</p>
<p>1912 - Kathleen Ferrier, British contralto singer, born. Best known for her emotional performances of Mahler's &quot;Das Lied von der Erde&quot; (&quot;Song of the Earth&quot;).</p>
<p>1915 - The second battle of Ypres started when German troops released clouds of deadly chlorine gas on British troops; it was the first major gas attack of World War One.</p>
<p>1916 - Yehudi Menuhin, violinist, born in New York. He gave his first professional performance at eight.</p>
<p>1933 - Sir Frederick Henry Royce, co-founder of the English car company Rolls-Royce, died.</p>
<p>1944 - Allied forces landed on Dutch New Guinea at Hollandia in World War Two.</p>
<p>1945 - General MacArthur announced that Cebu Island's capture had ended the Central Philippines campaign.</p>
<p>1964 - Greville Wynn, British businessman imprisoned in Moscow in 1963 for spying was exchanged for Gordon Lonsdale, in prison in London.</p>
<p>1969 - British lone yachtsman Robin Knox-Johnston arrived at Falmouth after completing the first solo non-stop circumnavigation of the Earth in just 312 days.</p>
<p>1983 - Australia expelled the First Secretary of the Soviet Embassy, Valery Ivanov.</p>
<p>1984 - Britain broke off diplomatic relations with Libya and ordered all Libyan embassy staff to leave within seven days.</p>
<p>1990 - A U.S. hostage in Lebanon, Robert Polhill, was released; he had been held since January 24 1987.</p>
<p>1990 - Nigeria's ruling generals crushed a six-hour rebellion by junior officers.</p>
<p>1994 - Former U.S. president Richard Nixon died aged 81. He was the 37th President of the United States from 1969 until his resignation in 1974 amid the Watergate scandal.</p>
<p>1995 - The Tutsi-dominated Rwandan army opened fire on Hutu refugees in the Kibeho refugee camp; death toll reports varied from 300 to 2000.</p>
</text>
<copyright>(c) Reuters Limited 1997</copyright>
<metadata>
<codes class="bip:countries:1.0">
  <code code="UK">
    <editdetail attribution="Reuters BIP Coding Group" action="confirmed" date="1997-04-15"/>
  </code>
</codes>
<codes class="bip:topics:1.0">
  <code code="GCAT">
    <editdetail attribution="Reuters BIP Coding Group" action="confirmed" date="1997-04-15"/>
  </code>
  <code code="GODD">
    <editdetail attribution="Reuters BIP Coding Group" action="confirmed" date="1997-04-15"/>
  </code>
</codes>
<dc element="dc.date.created" value="1997-04-15"/>
<dc element="dc.publisher" value="Reuters Holdings Plc"/>
<dc element="dc.date.published" value="1997-04-15"/>
<dc element="dc.source" value="Reuters"/>
<dc element="dc.creator.location" value="LONDON"/>
<dc element="dc.creator.location.country.name" value="UK"/>
<dc element="dc.source" value="Reuters"/>
</metadata>
</newsitem>
