<?xml version="1.0" encoding="iso-8859-1" ?>
<newsitem itemid="508731" id="root" date="1997-04-15" xml:lang="en">
<title>UK: LIFFE May white sugar jumps off lows before expiry.</title>
<headline>LIFFE May white sugar jumps off lows before expiry.</headline>
<dateline>LONDON 1997-04-15</dateline>
<text>
<p>Nearby white sugar positions see-sawed in Tuesday afternoon trading as players scrambled to bale out of the spot May contract before expiry at close of business, traders said.</p>
<p>With under two hours to go in the last session before May goes off the board, most holders of spot positions have already squared their books to avoid being involved in physical deliveries.</p>
<p>One talking point in the market was the amount of sugar expected to be delivered against May, especially the likely extent of the outstanding long positions.</p>
<p>Traders have estimated amounts of between two and 10 cargoes, although the most recent calculations based on uncovered positions suggested around five, they said.</p>
<p>&quot;Obviously people's eyes are glued to what's happening on May,&quot; said one trader.</p>
<p>Light trade and commission house buying dragged May off its session low of $302.60 but the nearby May/August spread remained at a discount through most of the day while August/October and other spreads were at premiums.</p>
<p>Against actuals trades on May between commission houses also boosted the overall volume.</p>
<p>At 1620 GMT May was down $2.10 at $304.40, with the second-month August contract more expensive at $308.60, down 30 cents on the day. Volume was a solid 3,126 lots.</p>
<p>Some commission house selling of the August/July white premium was noted at around $65, slightly wider than Tuesday's close.</p>
<p>Only the front three months were traded in Paris where total volume reached 1,115 lots.</p>
<p>May was down $2.50 at $306.50 and August up 20 cents at $308.50.</p>
<p>-- Jeremy Smith, London Newsroom +44 171 542 8064</p>
</text>
<copyright>(c) Reuters Limited 1997</copyright>
<metadata>
<codes class="bip:countries:1.0">
  <code code="UK">
    <editdetail attribution="Reuters BIP Coding Group" action="confirmed" date="1997-04-15"/>
  </code>
</codes>
<codes class="bip:topics:1.0">
  <code code="M14">
    <editdetail attribution="Reuters BIP Coding Group" action="confirmed" date="1997-04-15"/>
  </code>
  <code code="M141">
    <editdetail attribution="Reuters BIP Coding Group" action="confirmed" date="1997-04-15"/>
  </code>
  <code code="MCAT">
    <editdetail attribution="Reuters BIP Coding Group" action="confirmed" date="1997-04-15"/>
  </code>
</codes>
<dc element="dc.date.created" value="1997-04-15"/>
<dc element="dc.publisher" value="Reuters Holdings Plc"/>
<dc element="dc.date.published" value="1997-04-15"/>
<dc element="dc.source" value="Reuters"/>
<dc element="dc.creator.location" value="LONDON"/>
<dc element="dc.creator.location.country.name" value="UK"/>
<dc element="dc.source" value="Reuters"/>
</metadata>
</newsitem>
