<?xml version="1.0" encoding="iso-8859-1" ?>
<newsitem itemid="508792" id="root" date="1997-04-15" xml:lang="en">
<title>TANZANIA: Burundi leader in Tanzania for sanctions summit.</title>
<headline>Burundi leader in Tanzania for sanctions summit.</headline>
<byline>Mark Dodd</byline>
<dateline>ARUSHA, Tanzania 1997-04-15</dateline>
<text>
<p>Burundi military leader Major Pierre Buyoya arrived in northern Tanzania on Tuesday for the first regional meeting since neighbours imposed an economic embargo to force him to restore democracy.</p>
<p>Buyoya, accompanied by ministers and officials from his isolated government, went straight into talks with summit host Tanzanian President Benjamin Mkapa.</p>
<p>Burundian officials said the talks, the first with the Tanzanian leader since Buyoya took power last July, centred on Buyoya's call for a lifting of the embargo imposed after he overthrew Hutu civilian president Sylvestre Ntibantunganya.</p>
<p>&quot;We would like to see the sanctions lifted for sure. The sanctions are hurting the small people,&quot; an aide to Buyoya told Reuters.</p>
<p>The summit on Wednesday will decide whether to tighten or lift transport and economic sanctions imposed on July 31 to force Buyoya, a Tutsi, into talks with Hutu rebels.</p>
<p>Wednesday's summit will be attended by heads of state from Kenya, Ethiopia, Tanzania, Uganda, Rwanda and Zambia.</p>
<p>The Hutu rebels led by former government minister Leonard Nyangoma took issue with Buyoya's trip to Tanzania, saying he had not met conditions laid out by neighbouring heads of state for sanctions to be lifted.</p>
<p>&quot;When you (presidents) decided against the Burundi military junta, you gave a series of conditions to be met by the junta before contemplating to lift them,&quot; said a statement signed by Nyangoma.</p>
<p>&quot;Today Buyoya is trying to mislead people by pretending that he met the conditions, while this is untrue,&quot; Nyangoma added.</p>
<p>Nyangoma's Hutu guerrilla army is waging a ruthless war against Buyoya's Tutsi-dominated army for a greater political stake in the ethnically-torn tiny central African nation.</p>
<p>A United Nations study of the sanctions released this week found no hard evidence they had succeeded in their political aims while smuggling was weakening their impact.</p>
<p>Initial findings issued on Tuesday by the U.N. Department of Humanitarian Affairs suggested Burundi sanctions should be retargeted to protect the vulnerable and more items exempted for aid agencies.</p>
<p>&quot;While it is possible that concessions by the regime may, in part, be the result of prolonged sanctions, there is no concrete evidence that sanctions have been (politically) successful,&quot; said researchers from Brown University in the United States.</p>
<p>The report was released by DHA in Nairobi on the eve of the Arusha summit.</p>
<p>The seizure of east Zaire since October by Tutsi-dominated rebels has benefited Buyoya's junta because Hutu rebels based in Zaire were uprooted. Kinshasa has accused Burundi of sending its troops into Zaire to aid the rebellion.</p>
<p>Burundi's government denies such accusations, as does Rwanda and Uganda. Kenya, Ethiopia, Rwanda, Tanzania, Uganda, Zaire and Zambia said when they imposed sanctions that they expected them to achieve their main objectives within one to two months.</p>
</text>
<copyright>(c) Reuters Limited 1997</copyright>
<metadata>
<codes class="bip:countries:1.0">
  <code code="BURUN">
    <editdetail attribution="Reuters BIP Coding Group" action="confirmed" date="1997-04-15"/>
  </code>
  <code code="TANZA">
    <editdetail attribution="Reuters BIP Coding Group" action="confirmed" date="1997-04-15"/>
  </code>
</codes>
<codes class="bip:topics:1.0">
  <code code="E51">
    <editdetail attribution="Reuters BIP Coding Group" action="confirmed" date="1997-04-15"/>
  </code>
  <code code="E512">
    <editdetail attribution="Reuters BIP Coding Group" action="confirmed" date="1997-04-15"/>
  </code>
  <code code="ECAT">
    <editdetail attribution="Reuters BIP Coding Group" action="confirmed" date="1997-04-15"/>
  </code>
  <code code="GCAT">
    <editdetail attribution="Reuters BIP Coding Group" action="confirmed" date="1997-04-15"/>
  </code>
  <code code="GDIP">
    <editdetail attribution="Reuters BIP Coding Group" action="confirmed" date="1997-04-15"/>
  </code>
</codes>
<dc element="dc.date.created" value="1997-04-15"/>
<dc element="dc.publisher" value="Reuters Holdings Plc"/>
<dc element="dc.date.published" value="1997-04-15"/>
<dc element="dc.source" value="Reuters"/>
<dc element="dc.creator.location" value="ARUSHA, Tanzania"/>
<dc element="dc.creator.location.country.name" value="TANZANIA"/>
<dc element="dc.source" value="Reuters"/>
</metadata>
</newsitem>
