<?xml version="1.0" encoding="iso-8859-1" ?>
<newsitem itemid="508791" id="root" date="1997-04-15" xml:lang="en">
<title>ZAIRE: Zaire troops thwart anti-Mobutu march in capital.</title>
<headline>Zaire troops thwart anti-Mobutu march in capital.</headline>
<byline>John Chiahemen</byline>
<dateline>KINSHASA 1997-04-15</dateline>
<text>
<p>Opponents of President Mobutu Sese Seko paralysed Zaire's capital for a second day on Tuesday but troops blocked a potentially more disruptive student march.</p>
<p>On the diplomatic front, Laurent Kabila's rebels, who now control half of the huge Central African nation, including its mineral-rich economic heart, faced growing pressure to return to the negotiating table.</p>
<p>In Kinshasa, a government spokesman said former prime minister Kengo wa Dondo had fled the country and that judicial proceedings were being prepared against him and some key aides.</p>
<p>Paramilitary security forces blocked off access roads to Kinshasa's volatile campuses, where anti-Mobutu students skipped classes at the request of the main opposition, which also called for a drive-by protest to follow a stay-at-home action on Monday.</p>
<p>Although students were unable to gather in large numbers or protest through the streets of Kinshasa, opposition leaders claimed victory by the fact that most of the capital remained at a standstill.</p>
<p>&quot;We have done what we wanted to do. People did not go to work. The people listened to us,&quot; said opposition spokesman Laurent Mabyo.</p>
<p>But a government spokesman dismissed, the claim, saying the authorities had demonstrated that emergency rule clamped on the country by Mobutu last week were working.</p>
<p>&quot;There was no march because students were afraid they would be arrested,&quot; said Leon Kalima, a spokesman for emergency-rule Prime Minister General Likulia Bolongo.</p>
<p>&quot;People stayed at home not because of compliance with the opposition order but because they were afraid of being attacked by militants,&quot; Kalima told Reuters.</p>
<p>Witnesses said students did not appear to make any special effort to march. Some residents said this reflected a feeling that there was no point risking a clash with troops while rebels were already closing in on Mobutu's last stronghold.</p>
<p>By late afternoon, the city of over five million people had cautiously regained much of its usual bustle although offices and shops remained largely closed.</p>
<p>South Africa's deputy foreign minister told a parliamentary committee in Cape Town that Zaire could be on the brink of formal negotiations about a transition to democracy.</p>
<p>&quot;What has happened in an interesting way in the last few days is that both parties have signalled their commitment to meet directly at the principal level in order to negotiate the future dispensation in Zaire,&quot; Aziz Pahad said.</p>
<p>In Kinshasa, gendarmerie units directed traffic on the central November 24 Avenue, on which are located two flashpoint campuses, notably the Higher Institute of Commerce.</p>
<p>Witnesses said most troops had concentrated at the Gaba roundabout leading to the main University of Kinshasa campus.</p>
<p>Supporters of ousted prime minister Etienne Tshisekedi, Mobutu's arch political rival, have resorted to protests while Kabila's rebels pursue an armed campaign from eastern Zaire.</p>
<p>Tshisekedi supporters shut down the teeming capital with a widely observed stay-at-home order on Monday.</p>
<p>Pro-Tshisekedi protest organisers asked students to skip school and college on Tuesday and to turn out in vehicles. In the past, such protests have led to turmoil as students commandeered any vehicles on the street.</p>
<p>Mobutu, 66, declared a state of emergency last week and named an army prime minister, General Bolongo, shunting aside Tshisekedi after less than a week in the job.</p>
</text>
<copyright>(c) Reuters Limited 1997</copyright>
<metadata>
<codes class="bip:countries:1.0">
  <code code="ZAIRE">
    <editdetail attribution="Reuters BIP Coding Group" action="confirmed" date="1997-04-15"/>
  </code>
</codes>
<codes class="bip:topics:1.0">
  <code code="GCAT">
    <editdetail attribution="Reuters BIP Coding Group" action="confirmed" date="1997-04-15"/>
  </code>
  <code code="GVIO">
    <editdetail attribution="Reuters BIP Coding Group" action="confirmed" date="1997-04-15"/>
  </code>
</codes>
<dc element="dc.date.created" value="1997-04-15"/>
<dc element="dc.publisher" value="Reuters Holdings Plc"/>
<dc element="dc.date.published" value="1997-04-15"/>
<dc element="dc.source" value="Reuters"/>
<dc element="dc.creator.location" value="KINSHASA"/>
<dc element="dc.creator.location.country.name" value="ZAIRE"/>
<dc element="dc.source" value="Reuters"/>
</metadata>
</newsitem>
