<?xml version="1.0" encoding="iso-8859-1" ?>
<newsitem itemid="508790" id="root" date="1997-04-15" xml:lang="en">
<title>zaire: Zaire says former premier Kengo fled to Europe.</title>
<headline>Zaire says former premier Kengo fled to Europe.</headline>
<byline>Arthur Malu-Malu</byline>
<dateline>KINSHASA 1997-04-15</dateline>
<text>
<p>Zaire is issuing an international warrant for the arrest of former prime minister Kengo wa Dondo who is in Europe, Information Minister Kin-Kiey Mulumba said on Tuesday.</p>
<p>He said the new government team which took over after Kengo was sacked three weeks ago had found the national treasury empty.</p>
<p>&quot;An international warrant is being issued for Kengo's arrest. At least he can tell us where all the money is gone,&quot; Kin-Kiey told a news conference.</p>
<p>State television said the government was also pursuing judicial proceedings against Kengo's economic team.</p>
<p>&quot;We understand that serious accusations have been raised against the outgoing government's economic team. Judicial proceedings have been initiated against the said members,&quot; the television reported on its main evening news.</p>
<p>&quot;At the moment the former prime minister has left the country,&quot; the television said.</p>
<p>Sources close to Kengo said he left Zaire on Sunday for Switzerland.</p>
<p>A government spokesman earlier said Kengo had not given a proper account of his government finances to his successor, General Likulia Bolongo, who took over last week.</p>
<p>&quot;The Bank of Zaire (central bank) is in the red,&quot; Kalima said. Stockpiles of new banknotes issued in January but rejected by the public in an opposition-led boycott, had also disappeared, he added.</p>
<p>Kengo was voted out of office about three weeks ago. A part Tutsi, he had been widely accused of weakness in the face of a rebellion launched from eastern Zaire last October, initially by ethnic Tutsis.</p>
<p>Rebels now hold about half the country and are advancing on the capital Kinshasa.</p>
<p>Zaire's economy has practically collapsed following decades of mismanagement and corruption and its treasury has been in the red for years. Kengo had been praised in the West for trying to reform the economy.</p>
<p>Since the start of the rebellion in eastern Zaire, the military high command and Kengo's government have traded accusations over the handling of war finances.</p>
<p>&quot;It's a settling of scores. No one is cleaner than the other,&quot; said a close aide of the former prime minister, who asked not to be named.</p>
</text>
<copyright>(c) Reuters Limited 1997</copyright>
<metadata>
<codes class="bip:countries:1.0">
  <code code="ZAIRE">
    <editdetail attribution="Reuters BIP Coding Group" action="confirmed" date="1997-04-15"/>
  </code>
</codes>
<codes class="bip:topics:1.0">
  <code code="GCAT">
    <editdetail attribution="Reuters BIP Coding Group" action="confirmed" date="1997-04-15"/>
  </code>
  <code code="GCRIM">
    <editdetail attribution="Reuters BIP Coding Group" action="confirmed" date="1997-04-15"/>
  </code>
  <code code="GPOL">
    <editdetail attribution="Reuters BIP Coding Group" action="confirmed" date="1997-04-15"/>
  </code>
</codes>
<dc element="dc.date.created" value="1997-04-15"/>
<dc element="dc.publisher" value="Reuters Holdings Plc"/>
<dc element="dc.date.published" value="1997-04-15"/>
<dc element="dc.source" value="Reuters"/>
<dc element="dc.creator.location" value="KINSHASA"/>
<dc element="dc.creator.location.country.name" value="ZAIRE"/>
<dc element="dc.source" value="Reuters"/>
</metadata>
</newsitem>
