<?xml version="1.0" encoding="iso-8859-1" ?>
<newsitem itemid="508784" id="root" date="1997-04-15" xml:lang="en">
<title>CANADA: Canada's population up 5.7 pct in last five years.</title>
<headline>Canada's population up 5.7 pct in last five years.</headline>
<dateline>OTTAWA 1997-04-15</dateline>
<text>
<p>The population of Canada, a favourite destination for emigrants from other countries, grew by 5.7 percent in the last five years to 28.8 million but the rate of growth has fallen, according to a census released on Tuesday.</p>
<p>The government agency Statistics Canada said that Canada, at 1.1 percent, had the highest annual population growth rate of any nation in the Group of Seven major industrialised democracies.</p>
<p>The census, the first in five years, was taken in May 1996 and showed Canada's population had doubled since 14 million were counted in 1951. The population figure stood at 28,846,761 as of May 14.</p>
<p>Half of the growth over the last five years was due to immigration and half to natural increase, defined as births minus deaths.</p>
<p>Canada, the world's second largest country in terms of area, has one of the highest immigration rates, though it has declined in recent years largely as the result of government restrictions.</p>
<p>The 5.7 percent population growth was down from 7.9 percent between 1986 and 1991, when immigration was significantly higher, Statistics Canada officials said.</p>
<p>During the latest five-year period, booming British Columbia showed the highest growth at 13.5 percent. Ontario grew by 6.6 percent and Alberta by 5.9 percent. Even Quebec grew by 3.5 percent, despite separatist rumblings.</p>
<p>The depressed Atlantic provinces showed a rate ranging from minus 2.9 percent for Newfoundland, as people left the province, to plus 3.7 percent in tiny, touristy Prince Edward Island.</p>
<p>The prairie provinces have struggled to maintain their populations as farms get bigger and people move to more promising jobs. Saskatchewan had shown a loss at the last census and grew by only 0.1 percent this time, while Manitoba grew by 2.0 percent.</p>
<p>Toronto became the first Canadian metropolitan area with more than four million people. Its population grew 9.4 percent to 4.3 million.</p>
<p>Metropolitan Montreal added 3.7 percent, to 3.3 million, while Vancouver jumped 14.3 percent to 1.8 million. The Ottawa region topped one million for the first time, growing 7.3 percent.</p>
</text>
<copyright>(c) Reuters Limited 1997</copyright>
<metadata>
<codes class="bip:countries:1.0">
  <code code="CANA">
    <editdetail attribution="Reuters BIP Coding Group" action="confirmed" date="1997-04-15"/>
  </code>
</codes>
<codes class="bip:topics:1.0">
  <code code="GCAT">
    <editdetail attribution="Reuters BIP Coding Group" action="confirmed" date="1997-04-15"/>
  </code>
  <code code="GENV">
    <editdetail attribution="Reuters BIP Coding Group" action="confirmed" date="1997-04-15"/>
  </code>
  <code code="GPOL">
    <editdetail attribution="Reuters BIP Coding Group" action="confirmed" date="1997-04-15"/>
  </code>
</codes>
<dc element="dc.date.created" value="1997-04-15"/>
<dc element="dc.publisher" value="Reuters Holdings Plc"/>
<dc element="dc.date.published" value="1997-04-15"/>
<dc element="dc.source" value="Reuters"/>
<dc element="dc.creator.location" value="OTTAWA"/>
<dc element="dc.creator.location.country.name" value="CANADA"/>
<dc element="dc.source" value="Reuters"/>
</metadata>
</newsitem>
