<?xml version="1.0" encoding="iso-8859-1" ?>
<newsitem itemid="508798" id="root" date="1997-04-15" xml:lang="en">
<title>ZAIRE: Zaire troops block planned student protest route.</title>
<headline>Zaire troops block planned student protest route.</headline>
<byline>John Chiahemen</byline>
<dateline>KINSHASA 1997-04-15</dateline>
<text>
<p>Paramilitary security forces in Zaire's capital blocked off main roads leading to campuses where students were due to start a protest march on Tuesday as part of a campaign to oust veteran President Mobutu Sese Seko.</p>
<p>Witnesses said most shops and businesses in the city of five million people remained closed for a second day as Mobutu's opponents stepped up pressure to end his 32-year rule.</p>
<p>After shutting down the capital with a widely observed stay-at-home order on Monday, Mobutu's opponents want to show they, not the cancer-stricken president, are in control.</p>
<p>&quot;It is the opposition, led by Etienne Tshisekedi, that commands. If we ask people to stay at home, they stay at home. If we ask them to go on the streets, they go on the streets,&quot; opposition spokesman Laurent Mabyo told Reuters on Monday.</p>
<p>Ousted prime minister Tshisekedi is Mobutu's arch political rival. His followers have resorted to militant street action to end three decades of Mobutu rule while Laurent Kabila's rebels pursue an armed campaign from the east of Zaire.</p>
<p>Kabila's forces have seized nearly half of Africa's third largest country, which is the size of Western Europe, and have declared Kinshasa their immediate target.</p>
<p>The rebels relaunched their drive after a three-day pause to give Mobutu a chance to step down honourably. He brushed aside the ultimatum but left the door open for face-to-face talks with Kabila.</p>
<p>Political analysts say the escalating campaign in Kinshasa is increasingly intended to bolster Tshisekedi's position after what is seen as an inevitable rebel takeover of the capital.</p>
<p>&quot;Tshisekedi played the leading role in ending Mobutu's one- party rule. His followers want to make sure they have a role in a post-Mobutu era,&quot; one Zaire watcher told Reuters.</p>
<p>Pro-Tshisekedi protest organisers have asked students to skip school and college and to turn out in vehicles on Tuesday.</p>
<p>In the past, such protests have led to turmoil as students commandeered any vehicles on the street.</p>
<p>Mobutu declared a state of emergency last week, and although Monday's protest sparked no serious incidents, Information Minister Kin-Kiey Mulumba said troops would act to keep order. &quot;Force must be at the service of the law,&quot; he told a news briefing after a cabinet meeting devoted to the growing crisis.</p>
<p>Monday's protest closed the capital's shops, schools, and businesses. Public transport was off the streets as were most private vehicles. The business district was deserted.</p>
<p>Security forces were deployed heavily at potential flashpoints. Witnesses said soldiers fired in the air to disperse a crowd near Tshisekedi's home but there were no reports of major violence.</p>
<p>As the protest crippled the capital on Monday, Kabila entered Zaire's second city Lubumbashi in triumph to celebrate the fall of the copper capital to his forces last week.</p>
<p>With the fall of Lubumbashi, Kinshasa is the only major city still under the control of Mobutu's ragged army, which has collapsed in the face of the rebellion launched on Zaire's eastern border in October.</p>
</text>
<copyright>(c) Reuters Limited 1997</copyright>
<metadata>
<codes class="bip:countries:1.0">
  <code code="ZAIRE">
    <editdetail attribution="Reuters BIP Coding Group" action="confirmed" date="1997-04-15"/>
  </code>
</codes>
<codes class="bip:topics:1.0">
  <code code="GCAT">
    <editdetail attribution="Reuters BIP Coding Group" action="confirmed" date="1997-04-15"/>
  </code>
  <code code="GPOL">
    <editdetail attribution="Reuters BIP Coding Group" action="confirmed" date="1997-04-15"/>
  </code>
  <code code="GVIO">
    <editdetail attribution="Reuters BIP Coding Group" action="confirmed" date="1997-04-15"/>
  </code>
</codes>
<dc element="dc.date.created" value="1997-04-15"/>
<dc element="dc.publisher" value="Reuters Holdings Plc"/>
<dc element="dc.date.published" value="1997-04-15"/>
<dc element="dc.source" value="Reuters"/>
<dc element="dc.creator.location" value="KINSHASA"/>
<dc element="dc.creator.location.country.name" value="ZAIRE"/>
<dc element="dc.source" value="Reuters"/>
</metadata>
</newsitem>
