<?xml version="1.0" encoding="iso-8859-1" ?>
<newsitem itemid="508795" id="root" date="1997-04-15" xml:lang="en">
<title>SOUTH AFRICA: U.S. CPI triggers leap in S.African industrials.</title>
<headline>U.S. CPI triggers leap in S.African industrials.</headline>
<dateline>JOHANNESBURG 1997-04-15</dateline>
<text>
<p>Better-than-expected U.S. inflation data triggered a leap in South African industrial shares in Tuesday afternoon trade, dealers said.</p>
<p>The local industrial index sprang to a day's high of 8,217.7 points, 50.9 points higher, after earlier trading in a stale and meagre range with a low of 8,170.9 points.</p>
<p>&quot;It is on the U.S. CPI. It was much, much better than expected and bodes very well in the short-term,&quot; said James Scott, dealer at Societe Generale Frankel Pollak.</p>
<p>The South African stock market spent most of Tuesday trading warily ahead of the figure's release, aware that it would dictate to U.S. markets which in turn would call the shots for world markets.</p>
<p>Dealers said local industrials could move still higher on Tuesday but would take their final cue from Wall Street's open. That market suffered a 148-point plunge last Friday and positive news could allow it to repeat Monday's firmer finish.</p>
<p>&quot;They could possibly go higher. The market will keep track of the Dow,&quot; one dealer said.</p>
<p>U.S. March Consumer Price inflation rose 0.1 percent compared to a 0.3 percent rise in February. Analysts had expected a 0.2 percent rise.</p>
<p>&quot;The figure has managed to allay many fears of another 25 basis point hike in U.S. interest rates,&quot; Scott said.</p>
<p>-- Melanie Cheary, Johannesburg newsroom +27 11 482-1003</p>
</text>
<copyright>(c) Reuters Limited 1997</copyright>
<metadata>
<codes class="bip:countries:1.0">
  <code code="SAFR">
    <editdetail attribution="Reuters BIP Coding Group" action="confirmed" date="1997-04-15"/>
  </code>
</codes>
<codes class="bip:topics:1.0">
  <code code="M11">
    <editdetail attribution="Reuters BIP Coding Group" action="confirmed" date="1997-04-15"/>
  </code>
  <code code="MCAT">
    <editdetail attribution="Reuters BIP Coding Group" action="confirmed" date="1997-04-15"/>
  </code>
</codes>
<dc element="dc.date.created" value="1997-04-15"/>
<dc element="dc.publisher" value="Reuters Holdings Plc"/>
<dc element="dc.date.published" value="1997-04-15"/>
<dc element="dc.source" value="Reuters"/>
<dc element="dc.creator.location" value="JOHANNESBURG"/>
<dc element="dc.creator.location.country.name" value="SOUTH AFRICA"/>
<dc element="dc.source" value="Reuters"/>
</metadata>
</newsitem>
