<?xml version="1.0" encoding="iso-8859-1" ?>
<newsitem itemid="508723" id="root" date="1997-04-15" xml:lang="en">
<title>UK: LIFFE coffee ends up, helped by speculators and NY.</title>
<headline>LIFFE coffee ends up, helped by speculators and NY.</headline>
<dateline>LONDON 1997-04-15</dateline>
<text>
<p>LIFFE coffee futures closed higher across the board on Tuesday, boosted by speculative buying and a technical breakthrough by New York futures.</p>
<p>May coffee ended up $25 at $1,578 per tonne and July rose $30 to $1,592. Volume was heavier than recent days, tallying 5,674 lots.</p>
<p>CSCE July coffee's breakout to the upside on Monday from a narrowing triangular formation was seen as constructive for coffee, in general.</p>
<p>That breakout got positive reinforcement when May followed suit, traders said. CSCE futures have been benefitting from a squeeze on the May contract there before its first notice day on April 22.</p>
<p>May open interest in New York fell 852 contracts to 8,439 as of Monday's close.</p>
<p>Those upside breakouts encouraged some speculative and fund buying in both New York and London in the afternoon, traders said. They also noted some trade buying.</p>
<p>However, gains were capped here by scaled-up origin sales.</p>
<p>July resistance was pegged at a gap between $1,611 and $1,620. Support rests at $1,546.</p>
<p>Earlier in the day, May/July switches dominated as investors rolled nearby positions.</p>
<p>News of a lower Colombian crop estimate and an indefinite strike at Brazil's key port of Santos also supported prices.</p>
<p>Later on Tuesday, the U.S. Green Coffee Association will report March stock data.</p>
<p>--Medora Lee, London newsroom +44 171 542 8072</p>
</text>
<copyright>(c) Reuters Limited 1997</copyright>
<metadata>
<codes class="bip:countries:1.0">
  <code code="UK">
    <editdetail attribution="Reuters BIP Coding Group" action="confirmed" date="1997-04-15"/>
  </code>
</codes>
<codes class="bip:topics:1.0">
  <code code="M14">
    <editdetail attribution="Reuters BIP Coding Group" action="confirmed" date="1997-04-15"/>
  </code>
  <code code="M141">
    <editdetail attribution="Reuters BIP Coding Group" action="confirmed" date="1997-04-15"/>
  </code>
  <code code="MCAT">
    <editdetail attribution="Reuters BIP Coding Group" action="confirmed" date="1997-04-15"/>
  </code>
</codes>
<dc element="dc.date.created" value="1997-04-15"/>
<dc element="dc.publisher" value="Reuters Holdings Plc"/>
<dc element="dc.date.published" value="1997-04-15"/>
<dc element="dc.source" value="Reuters"/>
<dc element="dc.creator.location" value="LONDON"/>
<dc element="dc.creator.location.country.name" value="UK"/>
<dc element="dc.source" value="Reuters"/>
</metadata>
</newsitem>
