<?xml version="1.0" encoding="iso-8859-1" ?>
<newsitem itemid="508740" id="root" date="1997-04-15" xml:lang="en">
<title>UK: EBRD sees foreign investors trickling into Bosnia.</title>
<headline>EBRD sees foreign investors trickling into Bosnia.</headline>
<byline>Richard Murphy</byline>
<dateline>LONDON 1997-04-15</dateline>
<text>
<p>Foreign investment is beginning to trickle into Bosnia after its devastating 3-1/2 year war, lured chiefly by pledges of billions of dollars of international aid, but business so far has been on a small scale.</p>
<p>The European Bank for Reconstruction and Development (EBRD) said it was aware of around 100 recent joint ventures involving a handful of neighbouring countries along with Italy, Germany, Austria and Greece.</p>
<p>&quot;It's very difficult to fight against the image of the country,&quot; Zsuzanna Hargitai, the EBRD's deputy resident representative in Sarajevo, told Reuters in an interview in London. It's the war image, it's lack of information, it's physical access. On the other hand, companies are lured to Bosnia-Herzegovina by the donor programme and the possibility of the new contracts they might get under it. They might get a feel for the country and invest.&quot;</p>
<p>The Bosnian war ended in 1995 with the U.S.-brokered Dayton Accords. The international community pledged $5.1 billion over three to four years to help rebuild the shattered economy.</p>
<p>But a donors' conference aimed at raising $1.4 billion has been postponed twice because Bosnia's central government, comprised of representatives of former warring Serb, Croat and Moslem factions, has failed to implement economic reform.</p>
<p>Hargitai said foreign investment so far has been mainly in small and medium-sized companies in sectors such as food and wood processing, clothing and sportswear.</p>
<p>&quot;For the time being it's contractors and traders,&quot; she said. &quot;There is surprisingly good interest from the neighbouring region -- Croatia, Slovenia and Hungary. People from the region are less frightened.&quot;</p>
<p>Among larger potential foreign investors, German industrial giants Siemens AG and Volkswagen AG are involved in exploratory talks about operating in Bosnia, she added, without giving details.</p>
<p>Bertram Reddig of the German Savings Banks Association said he had been surprised by the level of interest among German small and medium-sized enterprises.</p>
<p>&quot;Among our clients, there is, amazingly, relatively large interest in going to Bosnia and doing business there, even investing in repair shops for buses and things like that,&quot; he said.</p>
<p>But there was concern about the lack of transparency in the procedure for tendering for reconstruction projects, he said.</p>
<p>Franz Krejs of Vienna-based Horizonte Venture Management said his company had begun looking for business in Sarajevo the day after the Dayton Accords were signed.</p>
<p>It aims to invest both in local firms and in joint ventures involving foreign companies. &quot;We already have about 20 projects on our desk from Austria, the Netherlands and Germany,&quot; he told Reuters. &quot;Interest is relatively strong.&quot;</p>
<p>Fears of a resumption of war in what is still a politically unstable country was a deterrent to investors.</p>
<p>&quot;But what primarily interests people is that Bosnia is different from other east European countries because an enormous volume of aid money is flowing in,&quot; Krejs said.</p>
<p>His fund aims to ensure that at least some of the aid filters down to local enterprises.</p>
<p>Krejs says it will take a minimum of five years before some degree of economic normality returns to Bosnia, provided fighting does not resume.</p>
<p>&quot;There is considerable enterpreneurial potential down there -- people really want to do something,&quot; he said.</p>
<p>Hargitai said uncertainty about the legal and regulatory framework -- some of it dating back to the communist era -- is a problem, but she advises investors to &quot;take a take a deep plunge. &quot;It is not clear, but it's survivable,&quot; she said.</p>
</text>
<copyright>(c) Reuters Limited 1997</copyright>
<metadata>
<codes class="bip:countries:1.0">
  <code code="BSHZG">
    <editdetail attribution="Reuters BIP Coding Group" action="confirmed" date="1997-04-15"/>
  </code>
  <code code="UK">
    <editdetail attribution="Reuters BIP Coding Group" action="confirmed" date="1997-04-15"/>
  </code>
</codes>
<codes class="bip:topics:1.0">
  <code code="E51">
    <editdetail attribution="Reuters BIP Coding Group" action="confirmed" date="1997-04-15"/>
  </code>
  <code code="E512">
    <editdetail attribution="Reuters BIP Coding Group" action="confirmed" date="1997-04-15"/>
  </code>
  <code code="ECAT">
    <editdetail attribution="Reuters BIP Coding Group" action="confirmed" date="1997-04-15"/>
  </code>
</codes>
<dc element="dc.date.created" value="1997-04-15"/>
<dc element="dc.publisher" value="Reuters Holdings Plc"/>
<dc element="dc.date.published" value="1997-04-15"/>
<dc element="dc.source" value="Reuters"/>
<dc element="dc.creator.location" value="LONDON"/>
<dc element="dc.creator.location.country.name" value="UK"/>
<dc element="dc.source" value="Reuters"/>
</metadata>
</newsitem>
