<?xml version="1.0" encoding="iso-8859-1" ?>
<newsitem itemid="508728" id="root" date="1997-04-15" xml:lang="en">
<title>UK: New sugar freight inquiry cited, fixtures few.</title>
<headline>New sugar freight inquiry cited, fixtures few.</headline>
<dateline>LONDON 1997-04-15</dateline>
<text>
<p>Business was more subdued on London's sugar freight market on Tuesday with a mixed bag of quoted origins, shipbrokers said.</p>
<p>Among the day's new orders, Fiji Sugar Marketing quoted for 18,500/19,000 tonnes in bulk from Fiji to London for May 10/20 and E D &amp; F Man for 20/25,000 tonnes from the Philippines to US Gulf/Atlantic for May 1/20.</p>
<p>Cargill was open for 13/15,000 tonnes of bulk sugar from Acajutla to US Gulf/Atlantic for prompt dates.</p>
<p>Shipbrokers said Benham fixed 10,000 tonnes of bulk sugar from Belize to St John for prompt shipment dates.</p>
<p>Elsewhere, Sri Lanka bought 12,500 tonnes of white sugar in its recent tender with delivery set for the first half of June in Colombo.</p>
<p>-- London Newsroom +44 171 542 8064</p>
</text>
<copyright>(c) Reuters Limited 1997</copyright>
<metadata>
<codes class="bip:countries:1.0">
  <code code="UK">
    <editdetail attribution="Reuters BIP Coding Group" action="confirmed" date="1997-04-15"/>
  </code>
</codes>
<codes class="bip:topics:1.0">
  <code code="M14">
    <editdetail attribution="Reuters BIP Coding Group" action="confirmed" date="1997-04-15"/>
  </code>
  <code code="MCAT">
    <editdetail attribution="Reuters BIP Coding Group" action="confirmed" date="1997-04-15"/>
  </code>
</codes>
<dc element="dc.date.created" value="1997-04-15"/>
<dc element="dc.publisher" value="Reuters Holdings Plc"/>
<dc element="dc.date.published" value="1997-04-15"/>
<dc element="dc.source" value="Reuters"/>
<dc element="dc.creator.location" value="LONDON"/>
<dc element="dc.creator.location.country.name" value="UK"/>
<dc element="dc.source" value="Reuters"/>
</metadata>
</newsitem>
