<?xml version="1.0" encoding="iso-8859-1" ?>
<newsitem itemid="508727" id="root" date="1997-04-15" xml:lang="en">
<title>UK: EBRD thrift not to blame for problems at meeting.</title>
<headline>EBRD thrift not to blame for problems at meeting.</headline>
<dateline>LONDON 1997-04-15</dateline>
<text>
<p>The head of the European Bank for Reconstruction and Development (EBRD) said on Tuesday he was proud of his thrifty policies but denied these were to blame for long queues and overcrowding at the bank's annual meeting.</p>
<p>&quot;When you act on taxpayers' money you have to be very stringent in the way you use it,&quot; EBRD President Jacques de Larosiere told a news conference at the end of the four-day gathering in London.</p>
<p>He was replying to a question which linked the bank's economical approach to operational shortcomings. &quot;I wouldn't like that to be necessarily associated with my stinginess,&quot; De Larosiere said.</p>
<p>The previous EBRD head Jacques Attali was criticised for lavish spending, especially on the imposing marble-floored headquarters of the bank which was set up to help former communist countries become more efficient.</p>
<p>De Larosiere admitted that the meeting halls in London were too small for the 5,350 people registered to attend, but he said no alternative appropriate venue was available.</p>
<p>Next year's annual meeting is due to take place in the Ukrainian capital Kiev.</p>
<p>Ukrainian officials in London expected another good attendance but said there would be no Soviet-style queues.</p>
<p>&quot;You'll understand the difference when you come to Kiev in 1998,&quot; Oleg Taranov, head of the 1998 annual meeting committee, said. &quot;But the queues for planes to Kiev might be longer.&quot;</p>
<p>--Brian Killen, EBRD newsroom +44 171 796 5122</p>
</text>
<copyright>(c) Reuters Limited 1997</copyright>
<metadata>
<codes class="bip:countries:1.0">
  <code code="UK">
    <editdetail attribution="Reuters BIP Coding Group" action="confirmed" date="1997-04-15"/>
  </code>
</codes>
<codes class="bip:industries:1.0">
  <code code="I81501">
    <editdetail attribution="Reuters BIP Coding Group" action="confirmed" date="1997-04-15"/>
  </code>
  <code code="I8150106">
    <editdetail attribution="Reuters BIP Coding Group" action="confirmed" date="1997-04-15"/>
  </code>
</codes>
<codes class="bip:topics:1.0">
  <code code="CCAT">
    <editdetail attribution="Reuters BIP Coding Group" action="confirmed" date="1997-04-15"/>
  </code>
  <code code="GCAT">
    <editdetail attribution="Reuters BIP Coding Group" action="confirmed" date="1997-04-15"/>
  </code>
  <code code="GPOL">
    <editdetail attribution="Reuters BIP Coding Group" action="confirmed" date="1997-04-15"/>
  </code>
</codes>
<dc element="dc.date.created" value="1997-04-15"/>
<dc element="dc.publisher" value="Reuters Holdings Plc"/>
<dc element="dc.date.published" value="1997-04-15"/>
<dc element="dc.source" value="Reuters"/>
<dc element="dc.creator.location" value="LONDON"/>
<dc element="dc.creator.location.country.name" value="UK"/>
<dc element="dc.source" value="Reuters"/>
</metadata>
</newsitem>
