<?xml version="1.0" encoding="iso-8859-1" ?>
<newsitem itemid="508713" id="root" date="1997-04-15" xml:lang="en">
<title>UK: NWE gas oil dominated by diesel trading.</title>
<headline>NWE gas oil dominated by diesel trading.</headline>
<dateline>LONDON 1997-04-15</dateline>
<text>
<p>Diesel dominated the NWE gas oil market on Tuesday with heating oil having to settle for the back seat.</p>
<p>Futures gave only modest support to outright prices with May IPE last trading only 25 cents up at $165.25 a tonne.</p>
<p>Traders said there was a lot of diesel business on Tuesday to build on a couple of deals done Monday. Premiums ranged by $2 a tonne, although there was some scepticism about some of the prices.</p>
<p>&quot;I think the market is around +$11.50 to +$12.50 despite people hearing deals above and below this,&quot; said one trader.</p>
<p>A flexi cargo was understood sold at the high number of May IPE +$13.25 cif Le Havre which is about $1 above Monday's deal of May IPE +$14.50 basis Bordeaux.</p>
<p>&quot;I think it's connected with a swaps position,&quot; said one trader citing another trade at May IPE +$12.25.</p>
<p>Two other cargoes were also heard done, one into Hamburg at May IPE +$9.50 prompt and another at May IPE +$11.25 cif France for first half May. The latter trade was seen cheap, by several traders.</p>
<p>FOD and DIN were attracting only modest talk of around May IPE +$3-4 cif NWE, but nothing was done.</p>
</text>
<copyright>(c) Reuters Limited 1997</copyright>
<metadata>
<codes class="bip:countries:1.0">
  <code code="UK">
    <editdetail attribution="Reuters BIP Coding Group" action="confirmed" date="1997-04-15"/>
  </code>
</codes>
<codes class="bip:topics:1.0">
  <code code="M14">
    <editdetail attribution="Reuters BIP Coding Group" action="confirmed" date="1997-04-15"/>
  </code>
  <code code="M143">
    <editdetail attribution="Reuters BIP Coding Group" action="confirmed" date="1997-04-15"/>
  </code>
  <code code="MCAT">
    <editdetail attribution="Reuters BIP Coding Group" action="confirmed" date="1997-04-15"/>
  </code>
</codes>
<dc element="dc.date.created" value="1997-04-15"/>
<dc element="dc.publisher" value="Reuters Holdings Plc"/>
<dc element="dc.date.published" value="1997-04-15"/>
<dc element="dc.source" value="Reuters"/>
<dc element="dc.creator.location" value="LONDON"/>
<dc element="dc.creator.location.country.name" value="UK"/>
<dc element="dc.source" value="Reuters"/>
</metadata>
</newsitem>
