<?xml version="1.0" encoding="iso-8859-1" ?>
<newsitem itemid="508768" id="root" date="1997-04-15" xml:lang="en">
<title>CANADA: Toronto indices closing - April 15.</title>
<headline>Toronto indices closing - April 15.</headline>
<text>
<p>Coms			 5743.60   +64.27</p>
<p> Met/Min		    4945.96   -76.96</p>
<p> Gold			 9326.16  -191.36</p>
<p> Oil/Gas		    6153.30   +75.29</p>
<p> Volume		  81,059,450</p>
</text>
<copyright>(c) Reuters Limited 1997</copyright>
<metadata>
<codes class="bip:countries:1.0">
  <code code="CANA">
    <editdetail attribution="Reuters BIP Coding Group" action="confirmed" date="1997-04-15"/>
  </code>
</codes>
<codes class="bip:topics:1.0">
  <code code="M11">
    <editdetail attribution="Reuters BIP Coding Group" action="confirmed" date="1997-04-15"/>
  </code>
  <code code="MCAT">
    <editdetail attribution="Reuters BIP Coding Group" action="confirmed" date="1997-04-15"/>
  </code>
</codes>
<dc element="dc.publisher" value="Reuters Holdings Plc"/>
<dc element="dc.date.published" value="1997-04-15"/>
<dc element="dc.source" value="Reuters"/>
<dc element="dc.creator.location.country.name" value="CANADA"/>
<dc element="dc.source" value="Reuters"/>
</metadata>
</newsitem>
