<?xml version="1.0" encoding="iso-8859-1" ?>
<newsitem itemid="508710" id="root" date="1997-04-15" xml:lang="en">
<title>UK: IPE gas oil settles higher in dull trade.</title>
<headline>IPE gas oil settles higher in dull trade.</headline>
<dateline>LONDON 1997-04-15</dateline>
<text>
<p>IPE May gas oil futures settled 25 cents a tonne higher at $165.25 on Tuesday, shedding off slight losses in earlier trade.</p>
<p>&quot;Pretty unexciting. We had a little bit of a dip during the early sessions of trade then we went back up. The market is basically range-bound. I think overall we still like to think that the market is consolidating at this range,&quot; one broker said.</p>
<p>May gas oil hit a low of $164.25 earlier in the day and also a high of $166.50. June gas oil also settled 25 cents higher at $166.25 a tonne.</p>
<p>Traders said the market would be looking for direction on Wedensday from American Petroleum Institute (API) weekly data, due to be released after the markets close on Tuesday.</p>
<p>&quot;Gas oil as a market by itself doesn't have a great deal to say for itself at the moment...It still looks as if the market would like to work a little bit better, a lot of it of course depends on how the APIs turn out tonight,&quot; a trader said.</p>
<p>Brent futures continued to trade lower in the late afternoon.</p>
<p>May Brent, which expires at the end of Tuesday's session, was trading 21 cents a barrel down at $17.98 by 1736 GMT.</p>
<p>The June contract was down 12 cents a barrel at $18.22.</p>
<p>Brokers said there was some selling in the market, with two players appearing to sell some 4,000 lots of the Brent June contract, trying to push it down.</p>
<p>Some brokers expected May Brent to expire in the $17.90s or at about $18.00.</p>
<p>One broker said that besides the reports of selling, the market was also pushed down by sentiment that tension between Iran and the West was easing.</p>
<p>--Haitham Haddadin, London newsroom +44 171 542 8145</p>
</text>
<copyright>(c) Reuters Limited 1997</copyright>
<metadata>
<codes class="bip:countries:1.0">
  <code code="UK">
    <editdetail attribution="Reuters BIP Coding Group" action="confirmed" date="1997-04-15"/>
  </code>
</codes>
<codes class="bip:topics:1.0">
  <code code="M14">
    <editdetail attribution="Reuters BIP Coding Group" action="confirmed" date="1997-04-15"/>
  </code>
  <code code="M143">
    <editdetail attribution="Reuters BIP Coding Group" action="confirmed" date="1997-04-15"/>
  </code>
  <code code="MCAT">
    <editdetail attribution="Reuters BIP Coding Group" action="confirmed" date="1997-04-15"/>
  </code>
</codes>
<dc element="dc.date.created" value="1997-04-15"/>
<dc element="dc.publisher" value="Reuters Holdings Plc"/>
<dc element="dc.date.published" value="1997-04-15"/>
<dc element="dc.source" value="Reuters"/>
<dc element="dc.creator.location" value="LONDON"/>
<dc element="dc.creator.location.country.name" value="UK"/>
<dc element="dc.source" value="Reuters"/>
</metadata>
</newsitem>
