<?xml version="1.0" encoding="iso-8859-1" ?>
<newsitem itemid="508765" id="root" date="1997-04-15" xml:lang="en">
<title>CANADA: Canadian dollar ends firmer on U.S. inflation news.</title>
<headline>Canadian dollar ends firmer on U.S. inflation news.</headline>
<text>
<p>FORECAST RANGE   1.3940/1.3980	    ASIAN CLOSE     1.3986</p>
<p>RESISTANCE 1.3740   SUPPORT 1.3440	HI 1.3996   LO  1.3986</p>
<p>CANADA OPEN  1.3982/87    HI 1.3990     EUROPE OPEN     1.3985</p>
<p>PREV CLOSE   1.3994/99    LO 1.3936     HI 1.3992   LO  1.3982</p>
<p>----------------------MARKET COMMENT--------------------------</p>
<p>* Canada's dollar ended firmer at C$1.3965 (US$0.7161) on Tuesday from this morning's open of C$1.3979 (US$0.7153) and a two-year low on Monday at C$1.4000 (US$0.7142) after U.S. inflation data eased speculation about higher interest rates, dealers said.</p>
<p>* The U.S. government reported a 0.1 percent rise in the March consumer price index, compared to forecasts of 0.2 percent.  </p>
<p>The U.S. Federal Reserve raised interest rates by 25 basis points on March 25, sparking a surge in the strength of the U.S. dollar and placing downward pressure on the Canadian currency. Analysts said that fears of another U.S. interest rate hike pushed investors to sell the Canada dollar in the past month.</p>
<p>Traders said they expected the currency to trade in a narrow range overnight after its slight rally on Tuesday.</p>
<p>On the crosses, the Canada dollar rose to 1.2358 marks from Monday's close of 1.2309 marks and rose to 90.31 yen from Monday's 90.19 yen.</p>
<p>((Reuters Toronto Bureau 416-941-8100))</p>
</text>
<copyright>(c) Reuters Limited 1997</copyright>
<metadata>
<codes class="bip:countries:1.0">
  <code code="CANA">
    <editdetail attribution="Reuters BIP Coding Group" action="confirmed" date="1997-04-15"/>
  </code>
</codes>
<codes class="bip:topics:1.0">
  <code code="M13">
    <editdetail attribution="Reuters BIP Coding Group" action="confirmed" date="1997-04-15"/>
  </code>
  <code code="M132">
    <editdetail attribution="Reuters BIP Coding Group" action="confirmed" date="1997-04-15"/>
  </code>
  <code code="MCAT">
    <editdetail attribution="Reuters BIP Coding Group" action="confirmed" date="1997-04-15"/>
  </code>
</codes>
<dc element="dc.publisher" value="Reuters Holdings Plc"/>
<dc element="dc.date.published" value="1997-04-15"/>
<dc element="dc.source" value="Reuters"/>
<dc element="dc.creator.location.country.name" value="CANADA"/>
<dc element="dc.source" value="Reuters"/>
</metadata>
</newsitem>
