<?xml version="1.0" encoding="iso-8859-1" ?>
<newsitem itemid="508714" id="root" date="1997-04-15" xml:lang="en">
<title>UK: Euro oil swaps mixed - mogas up $1 but CFDs falter.</title>
<headline>Euro oil swaps mixed - mogas up $1 but CFDs falter.</headline>
<dateline>LONDON 1997-04-15</dateline>
<text>
<p>European oil swaps were mixed on Tuesday as some areas of the market firmed despite weak oil futures.</p>
<p>Gasoline and naphtha led the gains, rising as much as $2 a tonne in afternoon trading. May gasoline was up about $1 a tonne at $196.75 but June rose $2 to $194.</p>
<p>Gasoline crack spreads against Brent were well bid with June at $4.95 a barrel, up perhaps five cents on the day. The third and fourth quarters were pegged around $4.10 and $3.10 respectively.</p>
<p>Middle distillates were also showing some signs of strength on the prompt periods. Dealers said some areas of the gas oil market were strong in Europe and crack spreads were well supported.</p>
<p>Gas oil against Brent held at $4.35 a barrel on the third quarter and $4.85 on the fourth.</p>
<p>Heavy fuel was broadly stable. May barges traded in the range $82 to $82.50 while low sulphur held between $87.50 and $88. June was $1 and $1.50 above respectively.</p>
<p>Dealers said the bearish physical mood in Europe was offset by a firmer tone in Singapore where levels climbed $2 during the afternoon.</p>
<p>Brent CFDs lost ground again with next week's dates trading from 62 cents down to 65 cents under June paper.</p>
<p>This was about five cents down from late Monday, while the following two weeks lost two or three cents. -- Sam Arnold-Forster, London Newsroom +44 171 542 4984</p>
</text>
<copyright>(c) Reuters Limited 1997</copyright>
<metadata>
<codes class="bip:countries:1.0">
  <code code="UK">
    <editdetail attribution="Reuters BIP Coding Group" action="confirmed" date="1997-04-15"/>
  </code>
</codes>
<codes class="bip:topics:1.0">
  <code code="M14">
    <editdetail attribution="Reuters BIP Coding Group" action="confirmed" date="1997-04-15"/>
  </code>
  <code code="M143">
    <editdetail attribution="Reuters BIP Coding Group" action="confirmed" date="1997-04-15"/>
  </code>
  <code code="MCAT">
    <editdetail attribution="Reuters BIP Coding Group" action="confirmed" date="1997-04-15"/>
  </code>
</codes>
<dc element="dc.date.created" value="1997-04-15"/>
<dc element="dc.publisher" value="Reuters Holdings Plc"/>
<dc element="dc.date.published" value="1997-04-15"/>
<dc element="dc.source" value="Reuters"/>
<dc element="dc.creator.location" value="LONDON"/>
<dc element="dc.creator.location.country.name" value="UK"/>
<dc element="dc.source" value="Reuters"/>
</metadata>
</newsitem>
