<?xml version="1.0" encoding="iso-8859-1" ?>
<newsitem itemid="508725" id="root" date="1997-04-15" xml:lang="en">
<title>UK: FOCUS-Coffee surges ahead, wheat and oil decline.</title>
<headline>FOCUS-Coffee surges ahead, wheat and oil decline.</headline>
<byline>Tara FitzGerald</byline>
<dateline>LONDON 1997-04-15</dateline>
<text>
<p>World coffee prices  surged ahead on Tuesday, boosted by news of a lower Colombian output estimate and a strike at Brazil's key port of Santos.</p>
<p>The New York market saw speculative buying amid a positive technical and fundamental outlook, traders said.</p>
<p>Elsewhere world commodity markets looked mixed as wheat and oil prices took a hit, but copper led a push higher in industrial metals. Gold also slipped lower.</p>
<p>The chief of Colombia's National Coffee Growers' Federation, Jorge Cardenas, said after Monday's close that the country's output totalled 10 million 60-kg bags in 1996/1997 (April-March), down from about 14 million in the same period a year ago.</p>
<p>Production between April and September was seen at about 4.5 million bags, he said.</p>
<p>Meanwhile in Brazil, the world's number one producer, stevedores at the port of Santos began a strike on Tuesday for an indefinite period, bringing loading and unloading to a halt, a union official said.</p>
<p>The official said the strike could spread to a national level on Wednesday.</p>
<p>Robusta coffee futures for May were trading around $25 higher at $1,578.00 per tonne in London's Tuesday afternoon.</p>
<p>Profit-taking and milder weather took the steam out of a recent take-off in grain prices, with wheat falling back around three cents per bushel to $4.20 in Chicago futures pits.</p>
<p>U.S. wheat futures posted small gains early on Tuesday in electronic trading and similar gains followed at the open of formal trade in Chicago, but prices soon slipped as profit-taking with aggressive fund selling was noted after Monday's rally.</p>
<p>A report late on Monday forecasting rain in May also eased drought worries for wheat crops in Europe.</p>
<p>Chicago July soft red winter wheat had been boosted on Monday by concerns that a hard freeze over the weekend had caused widespread damage to U.S. crops, but Tuesday's news that temperatures overnight did not fall enough to cause more damage dragged wheat prices down.</p>
<p>A turnaround in the metals, first seen on Monday, continued and brokerage Rudolf Wolff said in a report that it was &quot;perhaps an indication that the funds are losing their appetite for the downside&quot;.</p>
<p>Copper and aluminium both moved higher on the London Metal Exchange.</p>
<p>Crude oil prices for benchmark North Sea Brent Blend held lower, subdued by reports of selling and sentiment that tension between Iran and the West, which boosted prices on Monday, was easing.</p>
<p>The May Brent futures contract, which expires at the end of Tuesday's session, was trading around $18 a barrel in London's Tuesday afternoon.</p>
<p>Gold headed lower after a New York sell-off on lower-than-expected U.S. consumer inflation data, which showed a rise of 0.1 percent compared to forecasts of 0.2 percent.</p>
<p>Tuesday also saw cocoa climb, while sugar drifted lower.</p>
<p>Some key prices at 1630 GMT on Tuesday.</p>
<p>						   Tuesday    Monday</p>
<p>Ldn Spot Gold($ per ounce)		 341.55     346.75</p>
<p>IPE Brent Crude Oil (May)		   18.05	18.21</p>
<p>Ldn Metal Exchange(3 mths delivery)</p>
<p>Copper ($ per tonne)		     2,280.00   2,256.00</p>
<p>Aluminium ($ per tonne)		  1,555.50   1,549.00</p>
<p>LIFFE</p>
<p>Robusta Coffee ($/tonne) May)	  1,578.00   1,559.00</p>
<p>Cocoa (Stg per tonne) (May)	    1,025.00   1,013.00</p>
<p>White Sugar ($ p/t May)		    304.40     307.50</p>
<p>Chicago Board of Trade Wheat</p>
<p>(Cents per bushel)(May)		   420	  423</p>
</text>
<copyright>(c) Reuters Limited 1997</copyright>
<metadata>
<codes class="bip:countries:1.0">
  <code code="UK">
    <editdetail attribution="Reuters BIP Coding Group" action="confirmed" date="1997-04-15"/>
  </code>
</codes>
<codes class="bip:topics:1.0">
  <code code="M14">
    <editdetail attribution="Reuters BIP Coding Group" action="confirmed" date="1997-04-15"/>
  </code>
  <code code="M141">
    <editdetail attribution="Reuters BIP Coding Group" action="confirmed" date="1997-04-15"/>
  </code>
  <code code="M142">
    <editdetail attribution="Reuters BIP Coding Group" action="confirmed" date="1997-04-15"/>
  </code>
  <code code="M143">
    <editdetail attribution="Reuters BIP Coding Group" action="confirmed" date="1997-04-15"/>
  </code>
  <code code="MCAT">
    <editdetail attribution="Reuters BIP Coding Group" action="confirmed" date="1997-04-15"/>
  </code>
</codes>
<dc element="dc.date.created" value="1997-04-15"/>
<dc element="dc.publisher" value="Reuters Holdings Plc"/>
<dc element="dc.date.published" value="1997-04-15"/>
<dc element="dc.source" value="Reuters"/>
<dc element="dc.creator.location" value="LONDON"/>
<dc element="dc.creator.location.country.name" value="UK"/>
<dc element="dc.source" value="Reuters"/>
</metadata>
</newsitem>
