<?xml version="1.0" encoding="iso-8859-1" ?>
<newsitem itemid="508708" id="root" date="1997-04-15" xml:lang="en">
<title>UK: LIFFE May white sugar expires weaker, volume heavy.</title>
<headline>LIFFE May white sugar expires weaker, volume heavy.</headline>
<dateline>LONDON 1997-04-15</dateline>
<text>
<p>London's May white sugar contract clawed back some of its lost ground at close of business on Tuesday, the last session of its trading life, but still ended weaker on the day.</p>
<p>May closed at $305.00, down $1.50, after an afternoon of see-saw trading as players scrambled to bale out of the position before it went off the board.</p>
<p>LIFFE will issue details of physical deliveries against the May contract on Wednesday morning.</p>
<p>Traders have estimated amounts of between two and 10 cargoes, although the most recent calculations based on uncovered positions suggested around five cargoes.</p>
<p>The second-month August contract closed at $308.40, down 50 cents. Overall volume amounted to a hefty 4,257 lots, booated by against actuals and switch trades.</p>
<p>Light trade and commission house buying dragged May off its session low of $302.60 but the nearby May/August spread remained at a discount through most of the day while August/October and other spreads were at premiums.</p>
<p>-- London Newsroom +44 171 542 8064</p>
</text>
<copyright>(c) Reuters Limited 1997</copyright>
<metadata>
<codes class="bip:countries:1.0">
  <code code="UK">
    <editdetail attribution="Reuters BIP Coding Group" action="confirmed" date="1997-04-15"/>
  </code>
</codes>
<codes class="bip:topics:1.0">
  <code code="M14">
    <editdetail attribution="Reuters BIP Coding Group" action="confirmed" date="1997-04-15"/>
  </code>
  <code code="M141">
    <editdetail attribution="Reuters BIP Coding Group" action="confirmed" date="1997-04-15"/>
  </code>
  <code code="MCAT">
    <editdetail attribution="Reuters BIP Coding Group" action="confirmed" date="1997-04-15"/>
  </code>
</codes>
<dc element="dc.date.created" value="1997-04-15"/>
<dc element="dc.publisher" value="Reuters Holdings Plc"/>
<dc element="dc.date.published" value="1997-04-15"/>
<dc element="dc.source" value="Reuters"/>
<dc element="dc.creator.location" value="LONDON"/>
<dc element="dc.creator.location.country.name" value="UK"/>
<dc element="dc.source" value="Reuters"/>
</metadata>
</newsitem>
