<?xml version="1.0" encoding="iso-8859-1" ?>
<newsitem itemid="508701" id="root" date="1997-04-15" xml:lang="en">
<title>UK: FOCUS - EBRD says much still to do in eastern Europe.</title>
<headline>FOCUS - EBRD says much still to do in eastern Europe.</headline>
<byline>Nigel Stephenson</byline>
<dateline>LONDON 1997-04-15</dateline>
<text>
<p>EBRD chief Jacques de Larosiere on Tuesday pledged the bank's continued support to the former Soviet bloc's most successful economies, saying they still needed help to become Western-style market democracies.</p>
<p>Western countries have begun suggesting that the European Bank for Reconstruction and Development (EBRD), set up in 1991 to aid the transition from communism to free market economies, should scale down operations in countries such as Hungary, Poland, the Czech Republic, Slovakia and Slovenia.</p>
<p>&quot;It is true that there has been somewhat of a pause in those countries,&quot; de Larosiere told a news conference at the end of the bank's annual meeting .</p>
<p>But he added that they had not reached the point where the EBRD could pull out.</p>
<p>&quot;I think we are going to see a reactivation of our activities,&quot; he said. &quot;We will deepen our impact in the countries at advanced stages of transition, focussing on those areas where we are additional.&quot;</p>
<p>De Larosiere said the bank could do a lot in the financial sector, in infrastructure and in environmental work. More involvement was also needed in restructuring companies at various stages of privatisation.</p>
<p>&quot;We will, however, move out of and on from any sector where we cease to be additional,&quot; he said.</p>
<p>De Larosiere's words will be welcome particularly to the Poles and Hungarians, who told the bank's annual meeting they were not yet ready to be weaned off bank assistance.</p>
<p>&quot;Even in the most advanced countries in transition, there is still a great demand for the Bank's financing in areas where it can be additional, having significant transition impact and meeting sound banking criteria,&quot; Polish National Bank Governor Hanna Gronkiewicz-Waltz said.</p>
<p>&quot;Despite our progress in the market transition, the EBRD still has room to expand in Poland,&quot; she said.</p>
<p>Some Western bankers argue that states on the threshold of European Union membership no longer need EBRD backing and say the bank should focus on less developed countries further east -- particularly in the former Soviet Union.</p>
<p>De Larosiere said the bank had alredy extended the geographical range of its operations.</p>
<p>But Tibor Draskovics, state secretary at the Hungarian finance ministry, said leading reformers faced tough economic adjustments as they prepared to join the EU and other bodies.</p>
<p>&quot;We will have to implement further tough changes that other countries, which do not aspire to join these institutions, will not have to face in the coming years,&quot; he said.</p>
<p>Western countries and top EBRD officials have taken a tougher tone with the former communist countries, warning against any slippage in economic performance and making clear there can no room for complacency on legal reform and the battle against crime and corruption</p>
<p>&quot;If you want to attract capital, people must be relatively comfortable on the way they are going to be treated,&quot; de Larosiere said. The bank, founded in a blaze of reformist zeal, has in the past been accused of a lack of financial control.</p>
<p>De Larosiere said 1997 would be the EBRD's fourth year with zero growth in its budget.</p>
<p>But the administrative chaos which marred the opening days of the meeting, when organisers were overwhelmed by the 5,300 delegates who tried to register, was not due to his &quot;stinginess,&quot; he said</p>
<p>For personal reasons he was still undecided whether he would accept the second term as bank president which has already been offered. &quot;I'm very attached to this bank and very enthusiastic about it,&quot; he said.</p>
</text>
<copyright>(c) Reuters Limited 1997</copyright>
<metadata>
<codes class="bip:countries:1.0">
  <code code="CZREP">
    <editdetail attribution="Reuters BIP Coding Group" action="confirmed" date="1997-04-15"/>
  </code>
  <code code="HUNG">
    <editdetail attribution="Reuters BIP Coding Group" action="confirmed" date="1997-04-15"/>
  </code>
  <code code="POL">
    <editdetail attribution="Reuters BIP Coding Group" action="confirmed" date="1997-04-15"/>
  </code>
  <code code="SLVAK">
    <editdetail attribution="Reuters BIP Coding Group" action="confirmed" date="1997-04-15"/>
  </code>
  <code code="SLVNIA">
    <editdetail attribution="Reuters BIP Coding Group" action="confirmed" date="1997-04-15"/>
  </code>
  <code code="UK">
    <editdetail attribution="Reuters BIP Coding Group" action="confirmed" date="1997-04-15"/>
  </code>
</codes>
<codes class="bip:industries:1.0">
  <code code="I81501">
    <editdetail attribution="Reuters BIP Coding Group" action="confirmed" date="1997-04-15"/>
  </code>
  <code code="I8150106">
    <editdetail attribution="Reuters BIP Coding Group" action="confirmed" date="1997-04-15"/>
  </code>
</codes>
<codes class="bip:topics:1.0">
  <code code="E12">
    <editdetail attribution="Reuters BIP Coding Group" action="confirmed" date="1997-04-15"/>
  </code>
  <code code="E51">
    <editdetail attribution="Reuters BIP Coding Group" action="confirmed" date="1997-04-15"/>
  </code>
  <code code="ECAT">
    <editdetail attribution="Reuters BIP Coding Group" action="confirmed" date="1997-04-15"/>
  </code>
</codes>
<dc element="dc.date.created" value="1997-04-15"/>
<dc element="dc.publisher" value="Reuters Holdings Plc"/>
<dc element="dc.date.published" value="1997-04-15"/>
<dc element="dc.source" value="Reuters"/>
<dc element="dc.creator.location" value="LONDON"/>
<dc element="dc.creator.location.country.name" value="UK"/>
<dc element="dc.source" value="Reuters"/>
</metadata>
</newsitem>
