<?xml version="1.0" encoding="iso-8859-1" ?>
<newsitem itemid="508741" id="root" date="1997-04-15" xml:lang="en">
<title>UK: Growth seen in European asset-backed market - Fitch.</title>
<headline>Growth seen in European asset-backed market - Fitch.</headline>
<dateline>LONDON 1997-04-15</dateline>
<text>
<p>The European asset-backed market will continue to grow in the coming years, investors and bankers were told at a conference Tuesday.</p>
<p>&quot;The introduction last year of new applications and asset classes, new originators and investors should lead to continued market growth of European securitisation over the next few years,&quot; Kimberly Swalek, senior director at Fitch Investors Service said.</p>
<p>Britain was expected to dominate the European market, which saw nearly $35 billion of new deals in 1996, mainly because of its private finance initiative (PFI).</p>
<p>Under PFI, the government aims to shift the capital cost and risk of public investments into private hands.</p>
<p>&quot;Anticipated PFI sales this year include a 2.0 billion stg student loan portfolio and the sale of Department of Social Security office properties,&quot; Swalek said, adding Belgium, Italy and France also had a busy pipeline of deals.</p>
<p>At least seven banks from around the world were looking into securitising their corporate loans to remove them from their balance sheets, she said.</p>
<p>Last year, National Westminster Bank launched an innovative $5.0 billion securitisation of high-quality corporate loans, which allowed the bank to re-allocate the capital to more profitable businesses.</p>
<p>The deal, called R.O.S.E. funding, was the first time high-quality corporate loans were used as collateral, although the U.S. market has seen similar transactions with sub-investment grade loans.</p>
<p>A NatWest official, also speaking at the conference, said future R.O.S.E. type securitisation programmes were expected in the market, with developments likely from the Far East.</p>
<p>He said banks were also looking into securitising other types of loans, like structured finance and project finance loans.</p>
<p>The European securitised market, active since the last 1980s, remains small relative to the more developed U.S. market.</p>
<p>In 1996, over $150 billion was raised in the U.S. public asset-backed market, and a further $18 billion through private issuance, Fitch figures showed.</p>
<p>-- Aline van Duyn, London Newsroom +44 171 542 7748</p>
</text>
<copyright>(c) Reuters Limited 1997</copyright>
<metadata>
<codes class="bip:countries:1.0">
  <code code="UK">
    <editdetail attribution="Reuters BIP Coding Group" action="confirmed" date="1997-04-15"/>
  </code>
</codes>
<codes class="bip:topics:1.0">
  <code code="M12">
    <editdetail attribution="Reuters BIP Coding Group" action="confirmed" date="1997-04-15"/>
  </code>
  <code code="MCAT">
    <editdetail attribution="Reuters BIP Coding Group" action="confirmed" date="1997-04-15"/>
  </code>
</codes>
<dc element="dc.date.created" value="1997-04-15"/>
<dc element="dc.publisher" value="Reuters Holdings Plc"/>
<dc element="dc.date.published" value="1997-04-15"/>
<dc element="dc.source" value="Reuters"/>
<dc element="dc.creator.location" value="LONDON"/>
<dc element="dc.creator.location.country.name" value="UK"/>
<dc element="dc.source" value="Reuters"/>
</metadata>
</newsitem>
