<?xml version="1.0" encoding="iso-8859-1" ?>
<newsitem itemid="508770" id="root" date="1997-04-15" xml:lang="en">
<title>CANADA: Thunder Bay vessel clearances - April 15.</title>
<headline>Thunder Bay vessel clearances - April 15.</headline>
<text>
<p>Daily vessel loading/clearances at Thunder Bay, Ontario:</p>
<p> Date	Vessel		Cargo (MT)     Status   Destination</p>
<p>April 11 Mapleglen	     21,000 wht     Clear4/11 Bay Ports</p>
<p>April 12 Algonorth	     24,500 wht     Clear4/12 Stl Ports</p>
<p>April 12 H. Lee White	   6,000 oats    Clear4/12 Huron</p>
<p>April 14 Mantadoc		14,000 canola  Clear4/14 Windsor</p>
<p>April 14 Canadian Provider   25,000 wht/bly Load 4/14 Stl Ports</p>
<p>April 14 Omisalz		 24,600 peas/flxDockg4/14 Foreign Pt</p>
<p>April 15 G.C.Leitch	    25,000 wht     Dockg4/14 Stl Ports</p>
<p>April 15 Paterson		28,000 wht/bly Due  4/15 Stl Ports</p>
<p>April 15 Sarah Spencer	 19,000 m/wht   Due  4/15 PColborne</p>
<p>April 15 Ziemia Chelminska   18,000 wht     Due  4/15 Foreign Pt</p>
<p>April 15 Algontario	    25,000 --	Due  4/15 Stl Ports</p>
<p>April 16 Windoc		  25,000 --	Due  4/16 Stl Ports</p>
<p>April 16 Solta		   17,000 solin   Due  4/16 Foreign Pt</p>
<p>April 17 Mangal Desai	  18,000 wht     Due  4/17 Foreign Pt</p>
<p>April 17 Ziemia Zamojska     --     --	Due  4/17 Foreign Pt</p>
<p>April 18 Mapleglen	     23,000 --	Due  4/18 Foreign Pt</p>
<p>April 18 Catherine Desgnes    8,000 wht     Goderich/Long Pond</p>
<p>April 20 Algowest		28,000 --	Due  4/20 Stl Ports</p>
<p>April 21 Milin Kamak		 -- --	Due  4/21 Foreign Pt</p>
<p>April 22 Cartierdoc	    25,000 --	Due  4/22 Stl Ports</p>
<p>April 23 Canadian Miner	18,000 --	Due  4/23 3 Rivers</p>
<p>April 23 Sarah Spencer	 18,500 m/wht   Due  4/23 Midland</p>
<p>April 23 Lake Erie		   -- --	Due  4/23 Foreign Pt</p>
<p>April 24 Canadian Leader     18,000 --	Due  4/24 Stl Ports</p>
<p>April 25 Quebecois	     25,000 --	Due  4/25 Stl Ports</p>
<p>April 25 Nanticoke	     25,000 m/wht   Due  4/25 Halifax</p>
<p>April 27 Federal MacKenzie   --     --	Due  4/27 Foreign Pt</p>
<p>NOTE: Thunder Bay reopened April 1 when H.M. Griffith cleared. Source: Lake Shippers Clearance Assn.</p>
<p>Note wht=wheat, can=canola, m/wht=milling wheat, M=meal, P=pellets, O=oil. Ready=preparing to load. MT=metric tonne.</p>
<p>Stl Ports=St Lawrence Ports. Wind=Windsor.</p>
<p>((Gilbert Le Gras 204 947 3548))</p>
</text>
<copyright>(c) Reuters Limited 1997</copyright>
<metadata>
<codes class="bip:countries:1.0">
  <code code="CANA">
    <editdetail attribution="Reuters BIP Coding Group" action="confirmed" date="1997-04-15"/>
  </code>
</codes>
<codes class="bip:topics:1.0">
  <code code="M14">
    <editdetail attribution="Reuters BIP Coding Group" action="confirmed" date="1997-04-15"/>
  </code>
  <code code="MCAT">
    <editdetail attribution="Reuters BIP Coding Group" action="confirmed" date="1997-04-15"/>
  </code>
</codes>
<dc element="dc.publisher" value="Reuters Holdings Plc"/>
<dc element="dc.date.published" value="1997-04-15"/>
<dc element="dc.source" value="Reuters"/>
<dc element="dc.creator.location.country.name" value="CANADA"/>
<dc element="dc.source" value="Reuters"/>
</metadata>
</newsitem>
