<?xml version="1.0" encoding="iso-8859-1" ?>
<newsitem itemid="508772" id="root" date="1997-04-15" xml:lang="en">
<title>CANADA: Manitoba Red River flood delay seen raising risks.</title>
<headline>Manitoba Red River flood delay seen raising risks.</headline>
<byline>Gilbert Le Gras</byline>
<dateline>WINNIPEG 1997-04-15</dateline>
<text>
<p>Cool temperatures and a slow melt on the Manitoba side of the Red River Valley may add to the risk of a record flood and planting delays, officials said.</p>
<p>&quot;If we're looking at a later peak, it's not good news. It doesn't necessarily mean later seeding -- that depends on the weather in May -- but it doesn't look good,&quot; Paul Bullock, Canadian Wheat Board director of weather and crop surveillance, said in an interview.</p>
<p>About 275 sq mi (700 sq km) flooded last year when the Red peaked on April 20. This year the Red may peak on April 26 at Winnipeg.</p>
<p>Seeding of spring wheat, barley, durum, canola and flax usually begins May 7 but last year's flood delayed Red River seeding to May 29, provincial and private crop reports said.</p>
<p>Manitoba Natural Resources projected a 90 percent chance of a flood similar to last year's and a 50 percent chance of the worst flood of the century exceeding 400 sq mi (1,000 sq km).</p>
<p>&quot;It's got to stay dry to give us any chance of avoiding a record flood,&quot; Manitoba Natural Resources director Larry Whitney said.  </p>
<p>The Red River was 23.59 feet above its winter level at the U.S. border Tuesday and should reach 40.59 feet by late April.</p>
<p>A flood level of 40.59 feet would exceed floods recorded in the 1860s, Whitney said.</p>
<p>Environment Canada forecast a storm for Saturday with precipitation expected to total 10 mm (0.4 inch) with below normal temperatures through the week. Normal highs are +10 C (50 F).</p>
<p>&quot;At best, we'll be one or two degrees below normal,&quot; Environment Canada meteorologist Clarence Spelchak said.</p>
<p>Winnipeg's high on Tuesday was -3 C (27 F).</p>
<p>&quot;This cool weather's not doing us any favors. Normally you'd like to see a slow melt, but not with all hell breaking loose upstream,&quot; Whitney said.</p>
<p>&quot;The timing of our melt compared to when the river starts to crest at the border and the American water gets here is going to be critical,&quot; Whitney added.</p>
<p>Delayed cresting of the river also compounds the risk of higher and prolonged flooding due to increasing precipitation amounts, the CWB's Bullock said.  </p>
<p>Normal precipitation for Winnipeg for the month of April is 36 mm (1.4 inches) but in May it is 60 mm (2.4 inches), he said.</p>
<p>((Gilbert Le Gras, Reuters Winnipeg bureau 204 947 3548))</p>
</text>
<copyright>(c) Reuters Limited 1997</copyright>
<metadata>
<codes class="bip:countries:1.0">
  <code code="CANA">
    <editdetail attribution="Reuters BIP Coding Group" action="confirmed" date="1997-04-15"/>
  </code>
</codes>
<codes class="bip:industries:1.0">
  <code code="I01001">
    <editdetail attribution="Reuters BIP Coding Group" action="confirmed" date="1997-04-15"/>
  </code>
  <code code="I0100132">
    <editdetail attribution="Reuters BIP Coding Group" action="confirmed" date="1997-04-15"/>
  </code>
</codes>
<codes class="bip:topics:1.0">
  <code code="C24">
    <editdetail attribution="Reuters BIP Coding Group" action="confirmed" date="1997-04-15"/>
  </code>
  <code code="CCAT">
    <editdetail attribution="Reuters BIP Coding Group" action="confirmed" date="1997-04-15"/>
  </code>
  <code code="GCAT">
    <editdetail attribution="Reuters BIP Coding Group" action="confirmed" date="1997-04-15"/>
  </code>
  <code code="GDIS">
    <editdetail attribution="Reuters BIP Coding Group" action="confirmed" date="1997-04-15"/>
  </code>
  <code code="GWEA">
    <editdetail attribution="Reuters BIP Coding Group" action="confirmed" date="1997-04-15"/>
  </code>
</codes>
<dc element="dc.date.created" value="1997-04-15"/>
<dc element="dc.publisher" value="Reuters Holdings Plc"/>
<dc element="dc.date.published" value="1997-04-15"/>
<dc element="dc.source" value="Reuters"/>
<dc element="dc.creator.location" value="WINNIPEG"/>
<dc element="dc.creator.location.country.name" value="CANADA"/>
<dc element="dc.source" value="Reuters"/>
</metadata>
</newsitem>
