<?xml version="1.0" encoding="iso-8859-1" ?>
<newsitem itemid="508732" id="root" date="1997-04-15" xml:lang="en">
<title>UK: Mideast VLCC, Med rates firm in active trade.</title>
<headline>Mideast VLCC, Med rates firm in active trade.</headline>
<dateline>LONDON 1997-04-15</dateline>
<text>
<p>Middle East very large crude carrier (VLCC) and Mediterranean rates firmed on Tuesday in active trade, brokers said.</p>
<p>&quot;There has been a slight improvement...Things have definitely picked up (on VLCCs),&quot; one broker said. He put Mideast/Japan VLCCs at W62.5, up some five points, and Mideast/west and Mideast/Singapore rates up more modestly at W52.5.</p>
<p>West Africa/U.S. Gulf VLCCs were steady at around W70, also in busy trade, with the 260,000 tonne Athos fixed at W70 for Shell, loading April 29.</p>
<p>The Suezmax (130,000 tonne) market was likewise active, with West Africa cargoes slightly firmer at W97.5 and Med cargoes up five points at W95.</p>
<p>&quot;There's a lack of tonnage to the end of the month,&quot; said an Italian broker referring to the Med market.</p>
<p>Another broker said Med Aframaxes (80,000 tonners) enjoyed a busy day with at least eight vessels fixed this morning, pushing rates up five points to W125.</p>
<p>Inter-U.K./Cont Aframaxes, meanwhile, were steady at W100 and 25,000 tonne fuel oil cargoes were unchanged at W180 in the north and W195 in the Med.</p>
<p>Caribs/upcoast 70,000 tonne crude rates edged up five points to W230 as tonnage thinned out, while 50,000 tonne fuel oil cargoes fell to about W180 from W195 on a good supply of prompt ships, brokers said.</p>
<p>-- London newsroom +44 171 542 4088</p>
</text>
<copyright>(c) Reuters Limited 1997</copyright>
<metadata>
<codes class="bip:countries:1.0">
  <code code="UK">
    <editdetail attribution="Reuters BIP Coding Group" action="confirmed" date="1997-04-15"/>
  </code>
</codes>
<codes class="bip:topics:1.0">
  <code code="M14">
    <editdetail attribution="Reuters BIP Coding Group" action="confirmed" date="1997-04-15"/>
  </code>
  <code code="MCAT">
    <editdetail attribution="Reuters BIP Coding Group" action="confirmed" date="1997-04-15"/>
  </code>
</codes>
<dc element="dc.date.created" value="1997-04-15"/>
<dc element="dc.publisher" value="Reuters Holdings Plc"/>
<dc element="dc.date.published" value="1997-04-15"/>
<dc element="dc.source" value="Reuters"/>
<dc element="dc.creator.location" value="LONDON"/>
<dc element="dc.creator.location.country.name" value="UK"/>
<dc element="dc.source" value="Reuters"/>
</metadata>
</newsitem>
