<?xml version="1.0" encoding="iso-8859-1" ?>
<newsitem itemid="508721" id="root" date="1997-04-15" xml:lang="en">
<title>UK: Cash Brent spreads, North Sea differentials steady.</title>
<headline>Cash Brent spreads, North Sea differentials steady.</headline>
<dateline>LONDON 1997-04-15</dateline>
<text>
<p>Prompt intermonth cash Brent values steadied on Tuesday afternoon after early slippage but short term CFD swaps slipped.</p>
<p>May/June Brent traded again at -29 and -30 cents before firming to -25/-27 cents after an initial five cents loss from Monday's levels ahead of expiry on the IPE at close of business on Tuesday.</p>
<p>CFDs for next week traded at June -65 cents, down a few cents from deals earlier in the day.</p>
<p>Physical differentials were steady in a market still more interested in finishing off end of April barrels before slicing into early May cargoes.</p>
<p>Forties for April 29-May 1 traded unchanged at Dated Brent plus six cents. Sellers said they would ask more for early May cargoes. Buyers thought they could pay less.</p>
<p>&quot;There's more of a comfort zone for early May than end April so we're hoping to move up a few cents,&quot; a Forties seller said.</p>
<p>Brent traders said transatlantic sales had helped clear out the overhang of April barrels, but differentials showed no sign of further improvement.</p>
<p>Rumours of an April 26-28 sale at May -50 cents could not be immediately confirmed.</p>
<p>A European major last week sold two cargoes into the Louisiana Offshore Oil Port (LOOP) at around June WTI -$1.00. The Brents were destined for Canada and more were on offer this week, traders said.</p>
<p>The May Brent programme released on Tuesday scheduled the equivalent of 41.8 cargoes, or two full 500,000 barrel cargoes more than the revised April programme. Traders said the higher programme was due to the longer month and a slightly lighter maintenance schedule on the Brent system than in April.</p>
<p>Mediterranean markets were quiet with refiners slow to pay the firmer levels following Urals deals around dated -$1.15 at the end of last week. Offers were thin and refiners expected the differential to firm before May loading barrels started to emerge.</p>
<p>&quot;Then there will be some decent competition for Urals. Cheaper Kirkuk in May should knock 10-20 cents off Urals,&quot; one refiner said.</p>
<p>Negotiations continued between Syrian State oil company Sytrol and term customers over May term prices. Syrian Light was being negotiated at dated Brent -90/-82 cents while discussions on Souedie were 10 cents apart at dated Brent -$4.70/-$4.60 a barrel. New prices were not expected to be settled until early next week.</p>
<p>West African markets saw lots of third decade Qua Iboe still unsold and talk around dated Brent +5/10 cents. At least two VLCCs of Forcados remained for sale in the third decade of April. The grade was assessed around dated Brent -30/-25 cents.</p>
<p>Buying interest continued from the Far East though sellers said a heavy maintenance programme there was slowing business down.</p>
<p>&quot;It's just ploughing along. Selling price is a matter of getting the right person at the right time. Some grades could be plus or minus ten cents from last done,&quot; one seller said.</p>
<p>--R.Russell, S. Hayden, London Newsroom +44 171 542 5387</p>
</text>
<copyright>(c) Reuters Limited 1997</copyright>
<metadata>
<codes class="bip:countries:1.0">
  <code code="UK">
    <editdetail attribution="Reuters BIP Coding Group" action="confirmed" date="1997-04-15"/>
  </code>
</codes>
<codes class="bip:topics:1.0">
  <code code="M14">
    <editdetail attribution="Reuters BIP Coding Group" action="confirmed" date="1997-04-15"/>
  </code>
  <code code="M143">
    <editdetail attribution="Reuters BIP Coding Group" action="confirmed" date="1997-04-15"/>
  </code>
  <code code="MCAT">
    <editdetail attribution="Reuters BIP Coding Group" action="confirmed" date="1997-04-15"/>
  </code>
</codes>
<dc element="dc.date.created" value="1997-04-15"/>
<dc element="dc.publisher" value="Reuters Holdings Plc"/>
<dc element="dc.date.published" value="1997-04-15"/>
<dc element="dc.source" value="Reuters"/>
<dc element="dc.creator.location" value="LONDON"/>
<dc element="dc.creator.location.country.name" value="UK"/>
<dc element="dc.source" value="Reuters"/>
</metadata>
</newsitem>
