<?xml version="1.0" encoding="iso-8859-1" ?>
<newsitem itemid="508793" id="root" date="1997-04-15" xml:lang="en">
<title>SOUTH AFRICA: S.Africa expects &quot;dramatic&quot; progress in Zaire.</title>
<headline>S.Africa expects &quot;dramatic&quot; progress in Zaire.</headline>
<byline>Brendan Boyle</byline>
<dateline>CAPE TOWN 1997-04-15</dateline>
<text>
<p>South Africa on Tuesday predicted dramatic progress within days in ending the civil war in Zaire and said rebel leader Laurent Kabila could visit the country soon.</p>
<p>&quot;We are in constant touch with all the major roleplayers in Zaire,&quot; Foreign Minister Alfred Nzo said in a speech to parliament.</p>
<p>&quot;International efforts will see some dramatic progress within the next few days,&quot; Nzo said without elaborating.</p>
<p>Earlier Nzo's deputy Aziz Pahad told a parliamentary committee that South Africa would accelerate efforts to facilitate talks between Kabila and Zaire's ailing President Mobutu Sese Seko.</p>
<p>&quot;It is probable Mr Kabila, at the appropriate time, will visit South Africa to get our assessment of how this process has unfolded and what is the way forward,&quot; he said.</p>
<p>Pahad, who helped to organise the first direct talks between the Zairean government and rebels earlier this month, said reports that Kabila was in South Africa or expected in the country on Tuesday were premature.</p>
<p>&quot;We are still waiting to officially hear when he is arriving, if he is arriving,&quot; Pahad said.</p>
<p>&quot;What has happened in an interesting way in the last few days is that both parties have signalled their commitment to meet directly at the principal level in order to negotiate the future dispensation in Zaire,&quot; he said.</p>
<p>&quot;For the first time...there is an opportunity for Zaire to achieve the democracy that has eluded it for so long.&quot;</p>
<p>Pahad said President Nelson Mandela had discussed the future of Zaire with other African leaders during a brief visit to Angola last week and remained in constant touch with them.</p>
<p>&quot;The three sides -- the non-violent opposition as well -- believe that ultimately you have to find the possibilities for genuine negotiation which can then lead into a transitional authority, which can then lead to a future democratic dispensation in Zaire,&quot; he said.</p>
<p>Pahad said South Africa had not taken a position on whether Mobutu should step down after 32 years in power. &quot;We have had no indication from him that he is willing to go,&quot; he said.</p>
<p>Pahad said Mobutu had not requested refuge in South Africa but added that such a request would receive &quot;positive&quot; consideration if it were made.</p>
</text>
<copyright>(c) Reuters Limited 1997</copyright>
<metadata>
<codes class="bip:countries:1.0">
  <code code="SAFR">
    <editdetail attribution="Reuters BIP Coding Group" action="confirmed" date="1997-04-15"/>
  </code>
  <code code="ZAIRE">
    <editdetail attribution="Reuters BIP Coding Group" action="confirmed" date="1997-04-15"/>
  </code>
</codes>
<codes class="bip:topics:1.0">
  <code code="GCAT">
    <editdetail attribution="Reuters BIP Coding Group" action="confirmed" date="1997-04-15"/>
  </code>
  <code code="GDIP">
    <editdetail attribution="Reuters BIP Coding Group" action="confirmed" date="1997-04-15"/>
  </code>
  <code code="GPOL">
    <editdetail attribution="Reuters BIP Coding Group" action="confirmed" date="1997-04-15"/>
  </code>
  <code code="GVIO">
    <editdetail attribution="Reuters BIP Coding Group" action="confirmed" date="1997-04-15"/>
  </code>
</codes>
<dc element="dc.date.created" value="1997-04-15"/>
<dc element="dc.publisher" value="Reuters Holdings Plc"/>
<dc element="dc.date.published" value="1997-04-15"/>
<dc element="dc.source" value="Reuters"/>
<dc element="dc.creator.location" value="CAPE TOWN"/>
<dc element="dc.creator.location.country.name" value="SOUTH AFRICA"/>
<dc element="dc.source" value="Reuters"/>
</metadata>
</newsitem>
