<?xml version="1.0" encoding="iso-8859-1" ?>
<newsitem itemid="508752" id="root" date="1997-04-15" xml:lang="en">
<title>UK: Labour has unchanged 21 pct lead in new UK poll.</title>
<headline>Labour has unchanged 21 pct lead in new UK poll.</headline>
<dateline>LONDON 1997-04-15</dateline>
<text>
<p>The British opposition Labour party's opinion poll lead ahead of a May 1 election has stayed steady at 21 points and the ruling Conservatives show little signs of recovery, a new poll said on Tuesday. The MORI poll for the Evening Standard newspaper put support for Labour at 50 percent, the same figure recorded by a similar poll in mid-March, while backing for Prime Minister John Major's Conservatives was also unchanged at 29 percent.</p>
<p>The minority Liberal Democrats rose one point to 15 percent.</p>
<p>The latest survey suggested Labour had recovered from a dip in support. Two polls on Sunday said the party's lead over the Conservatives had dipped to 16 points, down as much as seven points from the week before.</p>
<p>MORI interviewed 1,778 adults across Britain between April 11 and 14 for the latest Standard poll.</p>
</text>
<copyright>(c) Reuters Limited 1997</copyright>
<metadata>
<codes class="bip:countries:1.0">
  <code code="UK">
    <editdetail attribution="Reuters BIP Coding Group" action="confirmed" date="1997-04-15"/>
  </code>
</codes>
<codes class="bip:topics:1.0">
  <code code="GCAT">
    <editdetail attribution="Reuters BIP Coding Group" action="confirmed" date="1997-04-15"/>
  </code>
  <code code="GPOL">
    <editdetail attribution="Reuters BIP Coding Group" action="confirmed" date="1997-04-15"/>
  </code>
  <code code="GVOTE">
    <editdetail attribution="Reuters BIP Coding Group" action="confirmed" date="1997-04-15"/>
  </code>
</codes>
<dc element="dc.date.created" value="1997-04-15"/>
<dc element="dc.publisher" value="Reuters Holdings Plc"/>
<dc element="dc.date.published" value="1997-04-15"/>
<dc element="dc.source" value="Reuters"/>
<dc element="dc.creator.location" value="LONDON"/>
<dc element="dc.creator.location.country.name" value="UK"/>
<dc element="dc.source" value="Reuters"/>
</metadata>
</newsitem>
