<?xml version="1.0" encoding="iso-8859-1" ?>
<newsitem itemid="508702" id="root" date="1997-04-15" xml:lang="en">
<title>UK: Fuel cells will boost platinum offtake -J.Matthey.</title>
<headline>Fuel cells will boost platinum offtake -J.Matthey.</headline>
<dateline>LONDON 1997-04-15</dateline>
<text>
<p>Precious metals refiner Johnson Matthey Plc said prospects for higher platinum demand were raised by plans in the automotive sector to develop fuel cell engines.</p>
<p>&quot;For automobile fuel cell engines the requirement (for catalysts) will be approximately 10 grams of platinum per vehicle. This is three to four times as much platinum as in the catalytic converter fitted to an internal combustion engine,&quot; the company said in a statement.</p>
<p>Germany's Daimler-Benz AG on Monday announced plans with Ballard Power Systems Inc. of Canada to bring a new electric car to market in eight years. The two companies signed a $333 million deal to invest in developing so-called &quot;fuel-cell&quot; technology.</p>
<p>Fuel-cell engines, which are already powering prototype buses and cars, produce no emissions and are said to achieve 30 percent greater efficiency over gas cells. The &quot;cells&quot; are devices that convert fuels such as methanols or hydrogen into electricity without combustion.</p>
<p>Daimler is targetting initial output of fuel cell car engines at 100,000 units. As well as developing its own model, it will also try to market the technology to other car companies around the world.</p>
<p>&quot;The objective is really to concentrate on the mass production,&quot; said Ferdinand Panik, head of the project for Daimler.</p>
<p>Johnson Matthew, which also manufactures platinum catalysts for fuel cells, said the new investment potentially advanced the date for commercialisation of fuel cell powered cars by five years.</p>
<p>&quot;The announcement significantly improves the prospects for fuel cells as a major new application for platinum in the next decade,&quot; said Jeremy Coombes, general manager marketing at JM's precious metals division.</p>
<p>But automotive industry experts said it may take longer to build consumer demand for the new vehicles.</p>
<p>-- Clelia Oziel, London Newsroom +44-171-542 8071</p>
</text>
<copyright>(c) Reuters Limited 1997</copyright>
<metadata>
<codes class="bip:countries:1.0">
  <code code="UK">
    <editdetail attribution="Reuters BIP Coding Group" action="confirmed" date="1997-04-15"/>
  </code>
</codes>
<codes class="bip:industries:1.0">
  <code code="I22472">
    <editdetail attribution="Reuters BIP Coding Group" action="confirmed" date="1997-04-15"/>
  </code>
  <code code="I34320">
    <editdetail attribution="Reuters BIP Coding Group" action="confirmed" date="1997-04-15"/>
  </code>
  <code code="I35000">
    <editdetail attribution="Reuters BIP Coding Group" action="confirmed" date="1997-04-15"/>
  </code>
</codes>
<codes class="bip:topics:1.0">
  <code code="C15">
    <editdetail attribution="Reuters BIP Coding Group" action="confirmed" date="1997-04-15"/>
  </code>
  <code code="C152">
    <editdetail attribution="Reuters BIP Coding Group" action="confirmed" date="1997-04-15"/>
  </code>
  <code code="C23">
    <editdetail attribution="Reuters BIP Coding Group" action="confirmed" date="1997-04-15"/>
  </code>
  <code code="CCAT">
    <editdetail attribution="Reuters BIP Coding Group" action="confirmed" date="1997-04-15"/>
  </code>
  <code code="M14">
    <editdetail attribution="Reuters BIP Coding Group" action="confirmed" date="1997-04-15"/>
  </code>
  <code code="M142">
    <editdetail attribution="Reuters BIP Coding Group" action="confirmed" date="1997-04-15"/>
  </code>
  <code code="MCAT">
    <editdetail attribution="Reuters BIP Coding Group" action="confirmed" date="1997-04-15"/>
  </code>
</codes>
<dc element="dc.date.created" value="1997-04-15"/>
<dc element="dc.publisher" value="Reuters Holdings Plc"/>
<dc element="dc.date.published" value="1997-04-15"/>
<dc element="dc.source" value="Reuters"/>
<dc element="dc.creator.location" value="LONDON"/>
<dc element="dc.creator.location.country.name" value="UK"/>
<dc element="dc.source" value="Reuters"/>
</metadata>
</newsitem>
