<?xml version="1.0" encoding="iso-8859-1" ?>
<newsitem itemid="508787" id="root" date="1997-04-15" xml:lang="en">
<title>CANADA: Canada daily lumber export figures to U.S..</title>
<headline>Canada daily lumber export figures to U.S..</headline>
<dateline>OTTAWA 1997-04-15</dateline>
<text>
<p>Canada softwood lumber exports to the United States as of 0001 EST on April 15 in board feet, according to data from the Canadian Department of Foreign Affairs and International Trade:</p>
<p>		   For the April 1 - June 30 quarter:</p>
<p>Province   BC	    Alberta	   Ontario     Quebec	    Total</p>
<p>bonus     0.06	    0.10 million  7.14 million  13.23 millio  20.53 million</p>
<p>EB	152.31 million 17.85 million 17.96 million 42.55 million 230.67 million</p>
<p>LFB	  --		  --		  --	0.004 million  0.004 million</p>
<p>UFB	 0.55 million   0.13 million	--	 0.10 million   0.78 million</p>
<p>Total 152.92 million   18.09 million 25.09 million 55.88 million 251.98 million</p>
<p>Pct exported: EB - 1.56  LFB - n/a  </p>
<p>For the Jan 1 - March 31 quarter (figures as of April 5):</p>
<p>Province   BC		 Alberta	  Ontario	 Quebec	 Total</p>
<p>bonus  17.47 million  11.37 million  9.69 million  49.07 million  87.59 million</p>
<p>EB	1.601 bln    188.90 million 280.29 million 529.60 million  2.600 bln</p>
<p>LFB  193.69 million  16.98 million  35.84 million  68.09 million 314.60 million</p>
<p>UFB  187.81 million  19.68 million  56.15 million 167.73 million 431.38 million</p>
<p>Total   2.000 bln   236.93 million 381.96 million 814.49 million  3.433 bln</p>
<p>Pct exported: EB - 17.68, LFB - 48.39</p>
<p>		   April 1, 1996 - April 5, 1997:</p>
<p>Province   BC	     Alberta	   Ontario	 Quebec	   Total</p>
<p>bonus 23.66 million 19.01 million  18.71 million  99.92 million 161.30 million</p>
<p>EB	8.317 bln   1.122 bln	 1.638 bln	3.519 bln	14.596 bln</p>
<p>LFB   256.74 million 32.56 million  70.43 million 153.28 million 513.01 million</p>
<p>UFB  194.71 million  31.98 million  61.31 million 199.81 million 487.83 million</p>
<p>Total   8.792 bln   1.205 bln  1.789 bln  3.972 bln 15.758 bln</p>
<p>Pct exported: EB - 99.29, LFB - 78.92.</p>
<p>Source: Export and Import Controls Bureau, Department of Foreign Affairs and International Trade.  </p>
<p>NOTE: EB = established base shipments, LFB = lower fee base, UFB = upper base fee.</p>
<p>From April 1, 1997, Canadian lumber exports which exceed quarterly or annual quotas are subject to export fees. Exports above 14.7 billion board feet annually or 4.226 billion board feet quarterly are subject to US$50 fee for every 1,000 board feet. If such excess exports exceed 650 million board feet, they are subject to a US$100 fee for every 1,000 board feet.</p>
<p>Export quotas are allocated for each province on a company-by-company basis. Shippers who have not been given an allocation are subject to the US$100 fee for any lumber they export.</p>
<p>This export data is based on Canadian export permits. There is about a one-week lag between the entry of lumber into the United States and the application for a Canadian permit.</p>
<p>((Reuters Ottawa Bureau (613) 235-6745))</p>
</text>
<copyright>(c) Reuters Limited 1997</copyright>
<metadata>
<codes class="bip:countries:1.0">
  <code code="CANA">
    <editdetail attribution="Reuters BIP Coding Group" action="confirmed" date="1997-04-15"/>
  </code>
  <code code="USA">
    <editdetail attribution="Reuters BIP Coding Group" action="confirmed" date="1997-04-15"/>
  </code>
</codes>
<codes class="bip:topics:1.0">
  <code code="M14">
    <editdetail attribution="Reuters BIP Coding Group" action="confirmed" date="1997-04-15"/>
  </code>
  <code code="M141">
    <editdetail attribution="Reuters BIP Coding Group" action="confirmed" date="1997-04-15"/>
  </code>
  <code code="MCAT">
    <editdetail attribution="Reuters BIP Coding Group" action="confirmed" date="1997-04-15"/>
  </code>
</codes>
<dc element="dc.date.created" value="1997-04-15"/>
<dc element="dc.publisher" value="Reuters Holdings Plc"/>
<dc element="dc.date.published" value="1997-04-15"/>
<dc element="dc.source" value="Reuters"/>
<dc element="dc.creator.location" value="OTTAWA"/>
<dc element="dc.creator.location.country.name" value="CANADA"/>
<dc element="dc.source" value="Reuters"/>
</metadata>
</newsitem>
