<?xml version="1.0" encoding="iso-8859-1" ?>
<newsitem itemid="508737" id="root" date="1997-04-15" xml:lang="en">
<title>UK: UK's Major demands end to EU beef ban.</title>
<headline>UK's Major demands end to EU beef ban.</headline>
<byline>Alan Wheatley</byline>
<dateline>TAVISTOCK, England 1997-04-15</dateline>
<text>
<p>Prime Minister John Major renewed his demand on Tuesday for an end to the European Union's ban on British beef exports and dropped a hint he would sack his farm minister if he wins the May 1 election.</p>
<p>Major, keen to portray his Conservative party as a staunch defender of the national interest, also called on Britain's European partners to put their own house in order by raising their meat hygiene standards to British levels.</p>
<p>The prime minister came to the market town of Tavistock in western England to soothe farmers bruised by the year-old crisis over mad cow disease to find that Agriculture Minister Douglas Hogg was still the target of their fury.</p>
<p>Several farmers who packed into the town's cattle market told Major they wanted Hogg's head as a price for staying loyal to the Conservatives at the election.</p>
<p>&quot;I made it quite clear that a lot of farmers have lost confidence in the ministry team, and in one person in particular. I didn't name him, but everyone knew I was talking about Mr Hogg,&quot; Ian Pettyfer, chairman of the Devon branch of the powerful National Farmers' Union, told reporters after meeting Major.</p>
<p>&quot;The prime minister made it clear he would start afresh with a new team and adopt a hands-on approach to the agriculture ministry,&quot; Pettyfer added.</p>
<p>Major defended his government's handling of the mad cow crisis, which erupted in March 1996 when the European Union slapped a worldwide ban on British beef after scientists discovered evidence that a fatal brain-wasting disease could be transmitted to humans from cattle.</p>
<p>He said the crisis, which has so far cost British taxpayers 3.5 billion pounds ($5.7 billion), was not the fault of farmers but &quot;the result of market panic and in some cases political panic in countries right the way across Europe&quot;.</p>
<p>Major called on the EU to start lifting the beef ban now that Britain was slaughtering cattle most at risk of carrying the disease and had tightened its hygiene checks on meat, which he said were now the toughest in Europe.</p>
<p>Turning the tables on Britain's health-conscious EU partners, Major said: &quot;What we are saying to the Europeans is that we have put our house neatly in order.</p>
<p>&quot;So firstly, begin to lift the ban on British beef and, secondly, since you have felt so strongly about us putting our house in order, isn't it about time that you put your own house in order?&quot; Major told the farmers to loud applause.</p>
<p>Hogg's fumbling performance in the past year was the talk of the market.</p>
<p>&quot;Having him removed would be the best job. Put somebody in his place who fully understands agriculture,&quot; said Ruth Burrow, a local dairy farmer who was wearing a shirt saying &quot;This cow's not mad, she's bloody livid!&quot;.</p>
<p>Another farmer, John Dawe, said: &quot;If we think that the minister of agriculture is staying, we will not vote Conservative.&quot;</p>
<p>But Major was well received at the cattle market and in the town itself when he plunged into the crowd to shake hands with wellwishers.</p>
<p>Another local farmer, Garry Hoare, said he would be sticking with the Conservatives despite the mad cow crisis. &quot;I don't think any other government could have done any better,&quot; he said.</p>
<p>($1=.6161 Pound)</p>
</text>
<copyright>(c) Reuters Limited 1997</copyright>
<metadata>
<codes class="bip:countries:1.0">
  <code code="EEC">
    <editdetail attribution="Reuters BIP Coding Group" action="confirmed" date="1997-04-15"/>
  </code>
  <code code="UK">
    <editdetail attribution="Reuters BIP Coding Group" action="confirmed" date="1997-04-15"/>
  </code>
</codes>
<codes class="bip:industries:1.0">
  <code code="I01001">
    <editdetail attribution="Reuters BIP Coding Group" action="confirmed" date="1997-04-15"/>
  </code>
  <code code="I41220">
    <editdetail attribution="Reuters BIP Coding Group" action="confirmed" date="1997-04-15"/>
  </code>
</codes>
<codes class="bip:topics:1.0">
  <code code="C31">
    <editdetail attribution="Reuters BIP Coding Group" action="confirmed" date="1997-04-15"/>
  </code>
  <code code="C312">
    <editdetail attribution="Reuters BIP Coding Group" action="confirmed" date="1997-04-15"/>
  </code>
  <code code="CCAT">
    <editdetail attribution="Reuters BIP Coding Group" action="confirmed" date="1997-04-15"/>
  </code>
  <code code="G15">
    <editdetail attribution="Reuters BIP Coding Group" action="confirmed" date="1997-04-15"/>
  </code>
  <code code="G153">
    <editdetail attribution="Reuters BIP Coding Group" action="confirmed" date="1997-04-15"/>
  </code>
  <code code="GCAT">
    <editdetail attribution="Reuters BIP Coding Group" action="confirmed" date="1997-04-15"/>
  </code>
  <code code="GPOL">
    <editdetail attribution="Reuters BIP Coding Group" action="confirmed" date="1997-04-15"/>
  </code>
  <code code="GVOTE">
    <editdetail attribution="Reuters BIP Coding Group" action="confirmed" date="1997-04-15"/>
  </code>
</codes>
<dc element="dc.date.created" value="1997-04-15"/>
<dc element="dc.publisher" value="Reuters Holdings Plc"/>
<dc element="dc.date.published" value="1997-04-15"/>
<dc element="dc.source" value="Reuters"/>
<dc element="dc.creator.location" value="TAVISTOCK, England"/>
<dc element="dc.creator.location.country.name" value="UK"/>
<dc element="dc.source" value="Reuters"/>
</metadata>
</newsitem>
