<?xml version="1.0" encoding="iso-8859-1" ?>
<newsitem itemid="508739" id="root" date="1997-04-15" xml:lang="en">
<title>UK: London freight - Rates fall despite panamax reviva.</title>
<headline>London freight - Rates fall despite panamax reviva.</headline>
<text>
<p>London, April 15 (REUTER) - In spite of a revival of activity in panamax grain chartering from U.S. Gulf for first half May and evidence of some strenthening of demand for capers in the Atlantic, freight rates have continued to fall more or less worldwide, brokers said.</p>
<p>The Baltic Freight Index (BFI) dropped another nine points to 1,411, while the decline was less marked for handysizes, which was reflected in the Baltic Handy Index, at 1,097, down two points from Monday.</p>
<p>GRAIN - Brokers reported that panamax tonnage was ballasting in numbers in both the Atlantic and the Far East.</p>
<p>South Korean charterers were said to be now quoting voyage rates instead of timecharter for Nopac grain to South Korea and Taiwan.</p>
<p>The weak panamax market was expected to lead to more vessels open in the East to consider loading in the Atlantic, but rates were also softening in that area.</p>
<p>The revival of chartering from U.S. Gulf for first half May was welcome to owners but the levels in the critical U.S. Gulf/Japan trade have once again eased.</p>
<p>NYK was said to have booked Baumare II for 54,000 tonnes heavy grain at $23.75 no combo for early May.</p>
<p>This was the same as agreed by Keoyang yesterday. (Baumare II failed with Transfield for a Tampa/China trip with fertilizers), brokers said.</p>
<p>Hanjin declined Oldendorff tonnage on the same position at $23.60 and fixed instead Maritime Grace at $23.50. Continental was reported to have booked Kardamyla for 52,000 tonnes heavy grain for early May also at $23.50 no combo.</p>
<p>Reports that Halla fixed Joy Sea in this trade for April 25/May 5 loading could not be verified.</p>
<p>In the swaps market, May was trading at a 50 cents premium to $24.00 combo.</p>
<p>Some traders reported seeing delayed U.S. Gulf cargoes rolling in to next month, others believed that the slippery slope into the summer months had already been reached.</p>
<p>Chartering business concluded from Argentina and Brazil was difficult to trace, brokers said.</p>
<p>Talk circulating the market suggested Interbulk fixed New Wave 52,000 dwt Brazil/Continent for end April, but no confirmation was forthcoming.</p>
<p>Finagrain fixed Alexia 58,412 dwt spot Vitoria, and New Spirit 52,000 dwt was booked up River Plate and Brazil to Italy, but details proved elusive.</p>
<p>Cabral was said to have relet Minoan Sky 54,000 dwt open prompt Paranagua from the Mississippi, while Dreyfus fixed Cosmar for 35,000 tonnes grains at a lumpsum equivalent of only $16.00 basis 1-2 to France and Spain, and Cargill covered 50,000 tonnes barley Vancouver/Saudi Arabia on private terms.</p>
<p>Few new orders were quoted but Cargill have another 25,000 tonnes wheat stem Rouen/Algeria for April/May, and 9,000 sunflower seeds stowing La Pallice/Casablanca for April 21/25.</p>
<p>MINERALS - Some owners/brokers were frustrated at the caper market which they thought should be rising but which was instead characterised by reports of weaker fixtures.</p>
<p>In the atlantic, Rohstoffhandel for example, fixed Veni for 150,000 tonnes iron ore Narvik/Rotterdam for May at $2.70 option loading Tubarao at $5.50.</p>
<p>China Steel booked unnamed Far Eastern controlled tonnage for 120,000 tonnes iron ore Brazil/Kaohsiung at a modest $9.20 for May/June option Sepetiba at $9.50.</p>
<p>In the Far East, British Steel took the Korea Line relet Anangel Splendour 161,643 dwt delivery China for a trip via Cape Lambert with iron ore to Redcar at an economical $14,250 daily.</p>
<p>Panamax levels also fell in the East, as indicated by the Showa fixture of Capitano Giovanni 75,000 dwt with coal.</p>
<p>Delivery was set for Japan April 22/25 for an east Australian coal round trip at $11,500 daily, down about $500 from the last similar fixture.</p>
<p>Some brokers suggested that HMM's fixture of Pacific Orient 67,478 dwt delivery Japan April 18/24 for 12 months trading at $10,300 daily might fail on subjects.</p>
<p>Cosco and Sinotrans were reported to be interested in similar tonnage for three to five months at about $11,000 to $11,250 daily.</p>
<p>At the close, BIFFEX futures were 15 to 45 points down. Most active April traded last at 1,365. Volume toalled 253 lots.</p>
<p>London Newsroom, +44 171 542 7771</p>
</text>
<copyright>(c) Reuters Limited 1997</copyright>
<metadata>
<codes class="bip:countries:1.0">
  <code code="UK">
    <editdetail attribution="Reuters BIP Coding Group" action="confirmed" date="1997-04-15"/>
  </code>
</codes>
<codes class="bip:topics:1.0">
  <code code="M14">
    <editdetail attribution="Reuters BIP Coding Group" action="confirmed" date="1997-04-15"/>
  </code>
  <code code="MCAT">
    <editdetail attribution="Reuters BIP Coding Group" action="confirmed" date="1997-04-15"/>
  </code>
</codes>
<dc element="dc.publisher" value="Reuters Holdings Plc"/>
<dc element="dc.date.published" value="1997-04-15"/>
<dc element="dc.source" value="Reuters"/>
<dc element="dc.creator.location.country.name" value="UK"/>
<dc element="dc.source" value="Reuters"/>
</metadata>
</newsitem>
