<?xml version="1.0" encoding="iso-8859-1" ?>
<newsitem itemid="508704" id="root" date="1997-04-15" xml:lang="en">
<title>UK: Shell pulls out of Romanian oil exploration.</title>
<headline>Shell pulls out of Romanian oil exploration.</headline>
<dateline>LONDON 1997-04-15</dateline>
<text>
<p>Royal Dutch/Shell has pulled out of oil exploration in Romania after failing to find crude in a series of exploration plays in Transylvania, a company spokesman said.</p>
<p>Three exploration wells drilled over a five-year period in Romania's block 10 had all proved dry, the spokesman said.</p>
<p>Shell, operator in the block, was in partnership with private Saudi Arabian oil financier Nimir Petroleum Company Ltd.</p>
<p>The company was in negotiations on another exploration block but had no early plans for fresh operations in the country, the spokesman said.</p>
<p>Shell would maintain its representative office in Bucharest and its 15 retail sites in the country, he said.</p>
<p>--London newsroom +44 171 542 6280</p>
</text>
<copyright>(c) Reuters Limited 1997</copyright>
<metadata>
<codes class="bip:countries:1.0">
  <code code="ROM">
    <editdetail attribution="Reuters BIP Coding Group" action="confirmed" date="1997-04-15"/>
  </code>
  <code code="UK">
    <editdetail attribution="Reuters BIP Coding Group" action="confirmed" date="1997-04-15"/>
  </code>
</codes>
<codes class="bip:industries:1.0">
  <code code="I13000">
    <editdetail attribution="Reuters BIP Coding Group" action="confirmed" date="1997-04-15"/>
  </code>
  <code code="I1300003">
    <editdetail attribution="Reuters BIP Coding Group" action="confirmed" date="1997-04-15"/>
  </code>
</codes>
<codes class="bip:topics:1.0">
  <code code="C24">
    <editdetail attribution="Reuters BIP Coding Group" action="confirmed" date="1997-04-15"/>
  </code>
  <code code="CCAT">
    <editdetail attribution="Reuters BIP Coding Group" action="confirmed" date="1997-04-15"/>
  </code>
</codes>
<dc element="dc.date.created" value="1997-04-15"/>
<dc element="dc.publisher" value="Reuters Holdings Plc"/>
<dc element="dc.date.published" value="1997-04-15"/>
<dc element="dc.source" value="Reuters"/>
<dc element="dc.creator.location" value="LONDON"/>
<dc element="dc.creator.location.country.name" value="UK"/>
<dc element="dc.source" value="Reuters"/>
</metadata>
</newsitem>
