<?xml version="1.0" encoding="iso-8859-1" ?>
<newsitem itemid="508738" id="root" date="1997-04-15" xml:lang="en">
<title>UK: Turkmenistan sees 97 GDP growth, inflation fall.</title>
<headline>Turkmenistan sees 97 GDP growth, inflation fall.</headline>
<dateline>LONDON 1997-04-15</dateline>
<text>
<p>Gas-rich Turkmenistan's economy will show real growth of four percent this year while annual inflation will fall to around 25 percent, cental bank chief Hudaiberdu Orazov said on Tuesday.</p>
<p>He said during the annual meeting of the European Bank for Reconstruction and Development that the Central Asian state had agreed an economic programme for the year with the International Monetary Fund, including further steps to curb inflation.</p>
<p>&quot;The further strategy foresees real growth of gross domestic product of up to four percent,&quot; Orazov said.</p>
<p>The former Soviet republic's GDP fell an estimated four percent in 1996 after a 10 percent fall the previous year, according to data made available at the meeting.</p>
<p>Orazov said the plan worked out with the IMF foresaw inflation of 180 percent this year after 446 percent in 1995 but the actual performance for the year would be better.</p>
<p>&quot;By our calculations, we can bring the annual rate of inflation down to 25-27 percent this year,&quot; he said.</p>
<p>Turkmenistan has targeted 1997 natural gas output of 53 billion cubic metres (bcm), up from 35 billion last year, though Orazov said this would depend on consumers' ability to pay.</p>
<p>Under a 1996 deal with Russian gas monopoly Gazprom, Turkmenistan aims to export 20 bcm to European markets.</p>
<p>The desert nation is totally dependent on Russian pipelines to export its gas and its hard currency reserves shrank in 1993 when Moscow diverted its gas to cash-strapped former Soviet republics such as Ukraine.</p>
<p>An export pipeline to Iran is due to go into operation this year and a route through Afghanistan and Pakistan is planned.</p>
<p>Turkmen President Saparmurat Niyazov decreed a 1,000-day economic plan last week, including privatisation of large enterprises.</p>
<p>The oil and gas sector will not be included in the programme. Telecommunications would also not be subject of an immediate sell-off.</p>
<p>&quot;In the telecommunications sector, we will have privatisation but this will not occur before the end of 1997 or the beginning of 1998.&quot;</p>
<p>--Nigel Stephenson, EBRD newsroom, +44 171 796 5146</p>
</text>
<copyright>(c) Reuters Limited 1997</copyright>
<metadata>
<codes class="bip:countries:1.0">
  <code code="TURKM">
    <editdetail attribution="Reuters BIP Coding Group" action="confirmed" date="1997-04-15"/>
  </code>
  <code code="UK">
    <editdetail attribution="Reuters BIP Coding Group" action="confirmed" date="1997-04-15"/>
  </code>
</codes>
<codes class="bip:topics:1.0">
  <code code="E11">
    <editdetail attribution="Reuters BIP Coding Group" action="confirmed" date="1997-04-15"/>
  </code>
  <code code="E13">
    <editdetail attribution="Reuters BIP Coding Group" action="confirmed" date="1997-04-15"/>
  </code>
  <code code="E131">
    <editdetail attribution="Reuters BIP Coding Group" action="confirmed" date="1997-04-15"/>
  </code>
  <code code="ECAT">
    <editdetail attribution="Reuters BIP Coding Group" action="confirmed" date="1997-04-15"/>
  </code>
</codes>
<dc element="dc.date.created" value="1997-04-15"/>
<dc element="dc.publisher" value="Reuters Holdings Plc"/>
<dc element="dc.date.published" value="1997-04-15"/>
<dc element="dc.source" value="Reuters"/>
<dc element="dc.creator.location" value="LONDON"/>
<dc element="dc.creator.location.country.name" value="UK"/>
<dc element="dc.source" value="Reuters"/>
</metadata>
</newsitem>
