<?xml version="1.0" encoding="iso-8859-1" ?>
<newsitem itemid="508750" id="root" date="1997-04-15" xml:lang="en">
<title>UK: Albania sees GDP falling by 3-7 pct this year.</title>
<headline>Albania sees GDP falling by 3-7 pct this year.</headline>
<dateline>LONDON 1997-04-15</dateline>
<text>
<p>Albania's economy will contract by between three and seven percent this year as a result of the orgy of violence that has gripped the country in recent months, a senior government official said on Tuesday.</p>
<p>&quot;All estimates are of course very preliminary because everything has happened so quickly,&quot; Edmond Leka, head of economic aid and development for Albania's council of ministers, said at the annual meeting of the European Bank for Reconstruction and Development (EBRD).</p>
<p>&quot;But we think GDP will fall by between three and seven percent this year,&quot; he said.</p>
<p>The implementation of market-oriented reforms in the wake of the collapse of communism in the early 1990s had led to gross domestic product (GDP) growth of around 10 percent a year in 1993 to 1995 and 5.5 percent in 1996, said Finance Minister Arben Malaj.</p>
<p>Economists have warned that Albania, already one of Europe's poorest countries, risks lurching from political to economic crisis if it does not quickly restore order after the recent chaos.</p>
<p>Its GDP in 1996 was $2.3 billion for a population of 3.2 million, Malaj said. Over half of GDP comes from agriculture with industry accounting for a mere 13 percent.</p>
<p>Malaj hoped the social unrest would diminish in the wake of elections scheduled for June. This should allow international bodies and investors to resume projects in Albania which have been scaled down or suspended as a result of the fighting.</p>
<p>Foreign direct investment had grown to $95 million at the end of 1996 from $45 million three years earlier, he said.</p>
<p>--Ashley Seager, EBRD newsroom +44 171 796 5146</p>
</text>
<copyright>(c) Reuters Limited 1997</copyright>
<metadata>
<codes class="bip:countries:1.0">
  <code code="ALB">
    <editdetail attribution="Reuters BIP Coding Group" action="confirmed" date="1997-04-15"/>
  </code>
  <code code="UK">
    <editdetail attribution="Reuters BIP Coding Group" action="confirmed" date="1997-04-15"/>
  </code>
</codes>
<codes class="bip:topics:1.0">
  <code code="E11">
    <editdetail attribution="Reuters BIP Coding Group" action="confirmed" date="1997-04-15"/>
  </code>
  <code code="ECAT">
    <editdetail attribution="Reuters BIP Coding Group" action="confirmed" date="1997-04-15"/>
  </code>
</codes>
<dc element="dc.date.created" value="1997-04-15"/>
<dc element="dc.publisher" value="Reuters Holdings Plc"/>
<dc element="dc.date.published" value="1997-04-15"/>
<dc element="dc.source" value="Reuters"/>
<dc element="dc.creator.location" value="LONDON"/>
<dc element="dc.creator.location.country.name" value="UK"/>
<dc element="dc.source" value="Reuters"/>
</metadata>
</newsitem>
