<?xml version="1.0" encoding="iso-8859-1" ?>
<newsitem itemid="508753" id="root" date="1997-04-15" xml:lang="en">
<title>UK: UK survey sees gap between fund managers, analysts.</title>
<headline>UK survey sees gap between fund managers, analysts.</headline>
<dateline>LONDON 1997-04-15</dateline>
<text>
<p>Fund managers have markedly different ideas about how analysts should be spending their time compared with how the analysts are actually allocating their attentions.</p>
<p>The 1997 Reuters survey of UK larger company investment research, sales and trading found misconceptions on the part of fund managers and differences in time preferences.</p>
<p>While fund managers said they would like 46 percent of analysts' time to be spent on fundamental research in future, the analysts themselves said they intended spending 36.6 percent of their time on this aspect of their work.</p>
<p>The survey also found fund managers thought analysts spent just over 20 percent of their time on corporate finance activities but said they would prefer them to spend only seven percent on this.</p>
<p>Analysts said the actual time allocated to corporate finance was just over 10 percent, but said they would like to give it slightly less time.</p>
<p>Fund managers questioned said they thought only 11 percent of analysts' time should be devoted to selling to institutional clients, contrasting with the analysts who see this as something which should account for 26 percent of their time.</p>
<p>While 93 percent of fund managers highlighted fundamental company and industry research as the main priority for broking analysts' job content, nearly 91 percent of analysts said good ideas were top of their priorities, with only 81 percent citing the same factor as fund managers.</p>
<p>-- Alexander Smith, London newsroom +44 171 542 7719</p>
</text>
<copyright>(c) Reuters Limited 1997</copyright>
<metadata>
<codes class="bip:countries:1.0">
  <code code="UK">
    <editdetail attribution="Reuters BIP Coding Group" action="confirmed" date="1997-04-15"/>
  </code>
</codes>
<codes class="bip:industries:1.0">
  <code code="I81402">
    <editdetail attribution="Reuters BIP Coding Group" action="confirmed" date="1997-04-15"/>
  </code>
  <code code="I81502">
    <editdetail attribution="Reuters BIP Coding Group" action="confirmed" date="1997-04-15"/>
  </code>
  <code code="I83100">
    <editdetail attribution="Reuters BIP Coding Group" action="confirmed" date="1997-04-15"/>
  </code>
</codes>
<codes class="bip:topics:1.0">
  <code code="C21">
    <editdetail attribution="Reuters BIP Coding Group" action="confirmed" date="1997-04-15"/>
  </code>
  <code code="CCAT">
    <editdetail attribution="Reuters BIP Coding Group" action="confirmed" date="1997-04-15"/>
  </code>
</codes>
<dc element="dc.date.created" value="1997-04-15"/>
<dc element="dc.publisher" value="Reuters Holdings Plc"/>
<dc element="dc.date.published" value="1997-04-15"/>
<dc element="dc.source" value="Reuters"/>
<dc element="dc.creator.location" value="LONDON"/>
<dc element="dc.creator.location.country.name" value="UK"/>
<dc element="dc.source" value="Reuters"/>
</metadata>
</newsitem>
