<?xml version="1.0" encoding="iso-8859-1" ?>
<newsitem itemid="508781" id="root" date="1997-04-15" xml:lang="en">
<title>CANADA: Alcan plans to invest in B.C. despite suit.</title>
<headline>Alcan plans to invest in B.C. despite suit.</headline>
<dateline>VANCOUVER 1997-04-15</dateline>
<text>
<p>Alcan Aluminium Ltd said on Tuesday that it plans continue to invest in British Columbia despite its C$535 million-plus lawsuit against the western Canadian province.</p>
<p>&quot;We will reinvest in B.C. any compensation from the lawsuit,&quot; Alcan spokesman Dan Gagne told a press conference.</p>
<p>On Monday, Alcan filed a lawsuit against B.C. seeking compensation for the company's investment in the Kemano Completion Project, which the province cancelled in January 1995. Alcan had spent C$535 million on the project, which would have increased its hydro-electric power generating capacity.  </p>
<p>Alcan wrote down the cost of the Kemano project in third-quarter 1995 and has said it would treat any compensation received as an extraordinary gain.</p>
<p>Gagne said Alcan and the province had not been able to resolve the issue of the economic value of Kemano, including the amount above the C$535 million cost of the abandoned project that would be needed &quot;to make Alcan whole.&quot;</p>
<p>Gagne said any estimate of the economic value of the project could range from &quot;zero to a billion dollars,&quot; but added that in his comments on Monday, B.C. Premier Glen Clark appeared to suggest that Kemano had no economic value.  </p>
<p>Alcan legal counsel Lorne Peterson said there was a &quot;grand canyon&quot; between what the company and the province think had been taken away from Alcan in cancelling the Kemano project.</p>
<p>&quot;We are looking for compensation for what we have lost,&quot; Peterson said.</p>
<p>((Reuters Montreal bureau 514-985-2434))</p>
</text>
<copyright>(c) Reuters Limited 1997</copyright>
<metadata>
<codes class="bip:countries:1.0">
  <code code="CANA">
    <editdetail attribution="Reuters BIP Coding Group" action="confirmed" date="1997-04-15"/>
  </code>
</codes>
<codes class="bip:industries:1.0">
  <code code="I22450">
    <editdetail attribution="Reuters BIP Coding Group" action="confirmed" date="1997-04-15"/>
  </code>
</codes>
<codes class="bip:topics:1.0">
  <code code="C11">
    <editdetail attribution="Reuters BIP Coding Group" action="confirmed" date="1997-04-15"/>
  </code>
  <code code="C12">
    <editdetail attribution="Reuters BIP Coding Group" action="confirmed" date="1997-04-15"/>
  </code>
  <code code="C24">
    <editdetail attribution="Reuters BIP Coding Group" action="confirmed" date="1997-04-15"/>
  </code>
  <code code="CCAT">
    <editdetail attribution="Reuters BIP Coding Group" action="confirmed" date="1997-04-15"/>
  </code>
  <code code="GCAT">
    <editdetail attribution="Reuters BIP Coding Group" action="confirmed" date="1997-04-15"/>
  </code>
  <code code="GCRIM">
    <editdetail attribution="Reuters BIP Coding Group" action="confirmed" date="1997-04-15"/>
  </code>
</codes>
<dc element="dc.date.created" value="1997-04-15"/>
<dc element="dc.publisher" value="Reuters Holdings Plc"/>
<dc element="dc.date.published" value="1997-04-15"/>
<dc element="dc.source" value="Reuters"/>
<dc element="dc.creator.location" value="VANCOUVER"/>
<dc element="dc.creator.location.country.name" value="CANADA"/>
<dc element="dc.source" value="Reuters"/>
</metadata>
</newsitem>
