<?xml version="1.0" encoding="iso-8859-1" ?>
<newsitem itemid="508779" id="root" date="1997-04-15" xml:lang="en">
<title>CANADA: Quebec split haunts money managers, institute says.</title>
<headline>Quebec split haunts money managers, institute says.</headline>
<dateline>TORONTO 1997-04-15</dateline>
<text>
<p>Money managers expect the Canadian dollar would drop to a low of C$1.5625 (US$0.6400) immediately following any vote by Quebec to separate from Canada, a Canadian economic institute said on Tuesday.</p>
<p>The Fraser Institute said its poll of 50 investment managers in Canada showed that the specter of Quebec sovereignty was continuing to haunt investment decisions.</p>
<p>&quot;The uncertainty fuelled by a volatile currency could have an adverse impact on a separate Quebec's and the rest of Canada's trade flows and economic activity,&quot; said Fazil Mihlar, policy analyst at the right-leaning research body.  </p>
<p>Fund managers also agreed that Quebec government bonds would be downgraded if voters chose &quot;yes&quot; in a future sovereignty referendum.</p>
<p>The last referendum in October 1995 saw voters narrowly defeat a proposal to establish a sovereign Quebec with economic and political ties to Canada.</p>
<p>Quebec has one of the highest budget-to-GDP ratios among Canada's provinces. The French-speaking province also has a debt-to-GDP ratio of 30 percent.</p>
<p>&quot;The widening of the benchmark bond spreads, along with the high budget deficit/debt would increase the cost of borrowing for a separate Quebec, and further exacerbate its fiscal problems,&quot; Mihlar said.</p>
<p>Seventy percent of those surveyed also predicted Canadian government bonds would be downgraded if Quebec voted for sovereignty, the poll said.</p>
<p>&quot;This downgrade will likely increase the cost of borrowing for Ottawa and could potentially restrict its fiscal capacity,&quot; the poll said.</p>
<p>((Paul Simao, Reuters Toronto Bureau (416) 941-8104))</p>
</text>
<copyright>(c) Reuters Limited 1997</copyright>
<metadata>
<codes class="bip:countries:1.0">
  <code code="CANA">
    <editdetail attribution="Reuters BIP Coding Group" action="confirmed" date="1997-04-15"/>
  </code>
</codes>
<codes class="bip:topics:1.0">
  <code code="M13">
    <editdetail attribution="Reuters BIP Coding Group" action="confirmed" date="1997-04-15"/>
  </code>
  <code code="M132">
    <editdetail attribution="Reuters BIP Coding Group" action="confirmed" date="1997-04-15"/>
  </code>
  <code code="MCAT">
    <editdetail attribution="Reuters BIP Coding Group" action="confirmed" date="1997-04-15"/>
  </code>
</codes>
<dc element="dc.date.created" value="1997-04-15"/>
<dc element="dc.publisher" value="Reuters Holdings Plc"/>
<dc element="dc.date.published" value="1997-04-15"/>
<dc element="dc.source" value="Reuters"/>
<dc element="dc.creator.location" value="TORONTO"/>
<dc element="dc.creator.location.country.name" value="CANADA"/>
<dc element="dc.source" value="Reuters"/>
</metadata>
</newsitem>
