<?xml version="1.0" encoding="iso-8859-1" ?>
<newsitem itemid="508700" id="root" date="1997-04-15" xml:lang="en">
<title>UK: UK natgas risies, centres on day ahead and July year.</title>
<headline>UK natgas risies, centres on day ahead and July year.</headline>
<dateline>LONDON 1997-04-15</dateline>
<text>
<p>The UK spot natural gas markets saw trade concentrated on the year from July and on the day ahead on Tuesday with prices marginally firmer for most periods, traders and brokers said.</p>
<p>One buyer confirmed buying over 100,000 therms a day of gas in the year starting from July, all at the same price, 12.70 pence a therm. But full details were only given concerning 50,000 th/d of this, in two separate deals. And there was another July year trade, involving a different buyer, at 12.7125 pence a therm.</p>
<p>Otherwise, the main focus of the day remained the day ahead market. With persistent rumours heard about problems either at Bacton terminal or offshore at a field delivering to Bacton, there was keen interest for day ahead gas at higher prices.</p>
<p>Deals were heard as high as 10.70 pence a therm, considerably higher than Monday's level. And there were rumours of a single trade at 10.35 pence for 200,000 therms, but this was not confirmed - although a total of 245,000 therms at between 10.40 and 10.70 pence was confirmed by various different players.</p>
<p>In other periods trade on the physical market was thin and quiet. Interest on the IPE futures market was, unusually, greater than on the OTC, and prices rose as far forward as September before falling back in the mainly untraded later months. 525 lots were traded, the third highest total since the contract began, with most of the activity done in June and July which between them accounted for 305 lots.</p>
<p>Transco announced on Tuesday evening that the temperature forecast for Wednesday is 9.2 Celsius against a seasonal normal 9.7 Celsius, and demand is expected to reach 224 mcm, 52 percent of peak day demand.</p>
<p>--Sebastian Alison, London Newsroom, +44 171 542 6412</p>
</text>
<copyright>(c) Reuters Limited 1997</copyright>
<metadata>
<codes class="bip:countries:1.0">
  <code code="UK">
    <editdetail attribution="Reuters BIP Coding Group" action="confirmed" date="1997-04-15"/>
  </code>
</codes>
<codes class="bip:topics:1.0">
  <code code="M14">
    <editdetail attribution="Reuters BIP Coding Group" action="confirmed" date="1997-04-15"/>
  </code>
  <code code="M143">
    <editdetail attribution="Reuters BIP Coding Group" action="confirmed" date="1997-04-15"/>
  </code>
  <code code="MCAT">
    <editdetail attribution="Reuters BIP Coding Group" action="confirmed" date="1997-04-15"/>
  </code>
</codes>
<dc element="dc.date.created" value="1997-04-15"/>
<dc element="dc.publisher" value="Reuters Holdings Plc"/>
<dc element="dc.date.published" value="1997-04-15"/>
<dc element="dc.source" value="Reuters"/>
<dc element="dc.creator.location" value="LONDON"/>
<dc element="dc.creator.location.country.name" value="UK"/>
<dc element="dc.source" value="Reuters"/>
</metadata>
</newsitem>
