<?xml version="1.0" encoding="iso-8859-1" ?>
<newsitem itemid="508797" id="root" date="1997-04-15" xml:lang="en">
<title>ZAIRE: Fearing trouble, Zaire troops block campuses.</title>
<headline>Fearing trouble, Zaire troops block campuses.</headline>
<byline>John Chiahemen</byline>
<dateline>KINSHASA 1997-04-15</dateline>
<text>
<p>Paramilitary security forces in Zaire's capital blocked off main roads leading to campuses on Tuesday after students skipped classes as part of a campaign to oust veteran President Mobutu Sese Seko.</p>
<p>Witnesses said most shops and businesses in the city of five million people remained closed for a second successive day as Mobutu's political opponents stepped up pressure to end his 32-year rule.</p>
<p>Gendarmerie units directed traffic on the central November 24 Avenue, on which are located two flashpoints campuses, notably the higher institute of commerce.</p>
<p>&quot;We are not letting traffic through. Very soon the students will start snatching cars for their protest,&quot; one officer said.</p>
<p>There was no immediate sign of demonstrators in front of the institute but taxi drivers from the outlying suburbs said they saw groups of students heading for an unknown destination.</p>
<p>Witnesses said most troops had concentrated at the Gaba roundabout leading to the main University of Kinshasa campus.</p>
<p>Supporters of ousted prime minister Etienne Tshisekedi, Mobutu's arch political rival, have resorted to protests to oust the veteran strongman while Laurent Kabila's rebels pursue an armed campaign from the east of Zaire.</p>
<p>They shut down the teeming capital with a widely observed stay-at-home order on Monday.</p>
<p>Pro-Tshisekedi protest organisers asked students to skip school and college on Tuesday and to turn out in vehicles. In the past, such protests have led to turmoil as students commandeered any vehicles on the street.</p>
<p>Mobutu declared a state of emergency last week and named an army prime minister, General Likulia Bolongo, shunting aside Tshisekedi after less than a week in the job.</p>
<p>Monday's protest sparked no serious incidents but Mobutu's new information minister, Kin-Kiey Mulumba, said troops would act to keep order.</p>
<p>&quot;Force must be at the service of the law,&quot; he told a news briefing after a cabinet meeting devoted to the growing crisis.</p>
<p>Most streets were largely deserted on Tuesday and schools and colleges were closed as students obeyed the order by the opposition to skip classes.</p>
<p>Commuters from the outlying suburbs said that trains from there, usually packed with city workers, were running but with most coaches practically empty.</p>
</text>
<copyright>(c) Reuters Limited 1997</copyright>
<metadata>
<codes class="bip:countries:1.0">
  <code code="ZAIRE">
    <editdetail attribution="Reuters BIP Coding Group" action="confirmed" date="1997-04-15"/>
  </code>
</codes>
<codes class="bip:topics:1.0">
  <code code="GCAT">
    <editdetail attribution="Reuters BIP Coding Group" action="confirmed" date="1997-04-15"/>
  </code>
  <code code="GVIO">
    <editdetail attribution="Reuters BIP Coding Group" action="confirmed" date="1997-04-15"/>
  </code>
</codes>
<dc element="dc.date.created" value="1997-04-15"/>
<dc element="dc.publisher" value="Reuters Holdings Plc"/>
<dc element="dc.date.published" value="1997-04-15"/>
<dc element="dc.source" value="Reuters"/>
<dc element="dc.creator.location" value="KINSHASA"/>
<dc element="dc.creator.location.country.name" value="ZAIRE"/>
<dc element="dc.source" value="Reuters"/>
</metadata>
</newsitem>
