<?xml version="1.0" encoding="iso-8859-1" ?>
<newsitem itemid="508776" id="root" date="1997-04-15" xml:lang="en">
<title>CANADA: Canada's Livent plans Dr. Seuss musical.</title>
<headline>Canada's Livent plans Dr. Seuss musical.</headline>
<byline>Paul Casciato</byline>
<dateline>TORONTO 1997-04-15</dateline>
<text>
<p>Canadian theatrical producer Livent Inc. said on Tuesday it has acquired rights to the classic children's stories of Dr. Seuss and planned to develop a Broadway musical called &quot;The Seussical&quot; in 1999.</p>
<p>Toronto-based Livent said the musical would feature Seuss's 1957 landmark &quot;Cat in the Hat&quot; and include other famous Seuss characters such as Horton from &quot;Horton Hears a Who&quot; and the Grinch from &quot;How the Grinch Stole Christmas&quot;.</p>
<p>Livent, which produced such Tony award-winning musicals as &quot;Kiss of the Spider Woman&quot; and &quot;Showboat,&quot; said it hired Ken Ludwig to turn the Seuss books into a play.</p>
<p>Ludwig wrote the book for the &quot;Crazy for You&quot; and &quot;Lend Me a Tenor&quot; plays.</p>
<p>Livent Chief Executive Garth Drabinsky said Ludwig was chosen for his humour and his ability to relate to the stories.</p>
<p>&quot;First of all, he has a very good sense of structure when he writes, but most importantly he is a very funny writer and he has a couple of young kids so he really understands the material,&quot; Drabinsky said.</p>
<p>He said the composer and lyricist would be chosen later.</p>
<p>Drabinsky would not estimate the costs of creating &quot;The Seussical.&quot; Livent's current theatrical production of &quot;Ragtime&quot; cost C$8 million ($5.7 million) to produce.</p>
<p>Livent also did not disclose what it paid for the rights to the Seuss books by the late Theodor Geisel. But Drabinsky said the negotiations for the books were &quot;brief.&quot;</p>
<p>Geisel, one of the most popular and innovative children's writers, was born in 1904 and wrote 44 popular children's books under the pen name of Dr. Seuss before his death in 1991.</p>
<p>Many of his stories were made into television cartoons and timeless holiday specials. He won two Academy Awards and a Pulitzer prize in 1984.</p>
<p>Livent spokeswoman Eleanor Goldhar said the Seuss play would open at one of Livent's theatres in Toronto, Vancouver, New York and Chicago.</p>
</text>
<copyright>(c) Reuters Limited 1997</copyright>
<metadata>
<codes class="bip:countries:1.0">
  <code code="CANA">
    <editdetail attribution="Reuters BIP Coding Group" action="confirmed" date="1997-04-15"/>
  </code>
</codes>
<codes class="bip:industries:1.0">
  <code code="I97412">
    <editdetail attribution="Reuters BIP Coding Group" action="confirmed" date="1997-04-15"/>
  </code>
</codes>
<codes class="bip:topics:1.0">
  <code code="C18">
    <editdetail attribution="Reuters BIP Coding Group" action="confirmed" date="1997-04-15"/>
  </code>
  <code code="C182">
    <editdetail attribution="Reuters BIP Coding Group" action="confirmed" date="1997-04-15"/>
  </code>
  <code code="CCAT">
    <editdetail attribution="Reuters BIP Coding Group" action="confirmed" date="1997-04-15"/>
  </code>
  <code code="GCAT">
    <editdetail attribution="Reuters BIP Coding Group" action="confirmed" date="1997-04-15"/>
  </code>
  <code code="GENT">
    <editdetail attribution="Reuters BIP Coding Group" action="confirmed" date="1997-04-15"/>
  </code>
</codes>
<dc element="dc.date.created" value="1997-04-15"/>
<dc element="dc.publisher" value="Reuters Holdings Plc"/>
<dc element="dc.date.published" value="1997-04-15"/>
<dc element="dc.source" value="Reuters"/>
<dc element="dc.creator.location" value="TORONTO"/>
<dc element="dc.creator.location.country.name" value="CANADA"/>
<dc element="dc.source" value="Reuters"/>
</metadata>
</newsitem>
