<?xml version="1.0" encoding="iso-8859-1" ?>
<newsitem itemid="508743" id="root" date="1997-04-15" xml:lang="en">
<title>UK: IPE natgas up in active trade, June and July busie.</title>
<headline>IPE natgas up in active trade, June and July busie.</headline>
<dateline>LONDON 1997-04-15</dateline>
<text>
<p>The IPE natural gas futures market traded 525 lots on Tuesday, the third highest volume since the contract started on January 19, with prices rising for most periods.</p>
<p>July was the most active month, with 205 lots traded including 100 in a single trade at the end of the afternoon session, but June also saw 100 lots traded in two deals. Prices in both months were up, with last deals done at 10.35 in June and 10.30 in July, up by 0.050 and 0.025 pence a therm respectively.</p>
<p>&quot;I think it's just an additional player who's bought some decent sized volumes in June and July,&quot; said a futures broker. He said he was not sure if there was a completely new player in the market or if it was an &quot;occasional&quot; player coming in after a few days' absence.</p>
<p>Prices in August and September were also stronger, although the volume of trade was not as large. And there was also active business done in April '98, the last month of the contract, where 85 lots traded. The last deal there was done at 12.00 pence a therm, down by a full quarter of a penny and the only month to see a significant downturn in prices.</p>
<p>A futures broker was encouraged by the volume of trade done, even though there are still frequently days when hardly any deals are concluded. &quot;Anything better than nought is good, and anything more than a couple of hundred is something to build on,&quot; he said.</p>
<p>There are signs that an increasing number of players are trading spreads between the OTC market and the futures market. &quot;Both markets will help each other,&quot; said a broker. &quot;There are good reasons to trade both.&quot;</p>
<p>A spokeswoman for the IPE said that the natural gas contract &quot;is now developing its own momentum.&quot;</p>
<p>--Sebastian Alison, London Newsroom, +44 171 542 6412</p>
</text>
<copyright>(c) Reuters Limited 1997</copyright>
<metadata>
<codes class="bip:countries:1.0">
  <code code="UK">
    <editdetail attribution="Reuters BIP Coding Group" action="confirmed" date="1997-04-15"/>
  </code>
</codes>
<codes class="bip:topics:1.0">
  <code code="M14">
    <editdetail attribution="Reuters BIP Coding Group" action="confirmed" date="1997-04-15"/>
  </code>
  <code code="M143">
    <editdetail attribution="Reuters BIP Coding Group" action="confirmed" date="1997-04-15"/>
  </code>
  <code code="MCAT">
    <editdetail attribution="Reuters BIP Coding Group" action="confirmed" date="1997-04-15"/>
  </code>
</codes>
<dc element="dc.date.created" value="1997-04-15"/>
<dc element="dc.publisher" value="Reuters Holdings Plc"/>
<dc element="dc.date.published" value="1997-04-15"/>
<dc element="dc.source" value="Reuters"/>
<dc element="dc.creator.location" value="LONDON"/>
<dc element="dc.creator.location.country.name" value="UK"/>
<dc element="dc.source" value="Reuters"/>
</metadata>
</newsitem>
