<?xml version="1.0" encoding="iso-8859-1" ?>
<newsitem itemid="508755" id="root" date="1997-04-15" xml:lang="en">
<title>UK: UK nationalist parties proclaim socialist values.</title>
<headline>UK nationalist parties proclaim socialist values.</headline>
<byline>Andrew Marshall</byline>
<dateline>LONDON 1997-04-15</dateline>
<text>
<p>Support for higher taxes and closer European integration would be considered electoral suicide by many British politicians standing at national polls on May 1, yet the parties fighting for Scottish and Welsh independence think they are vote-winners.</p>
<p>At a news conference in London on Tuesday, Scottish Nationalist Party (SNP) leader Alex Salmond and Plaid Cymru (Party of Wales) president Dafydd Wigley said they were united not only by their nationalist agenda but also by a committment to socialist values abandoned by most British parties.</p>
<p>&quot;Plaid Cymru and the SNP remain committed to restoring full employment and defending the interests of those in need,&quot; Wigley said. &quot;Compassion and concern rest at the heart of our communities.&quot;</p>
<p>The SNP and Plaid Cymru hold four seats each in Britain's outgoing parliament and both say they are confident of increasing this tally on May 1.</p>
<p>A poll in the Scotsman newspaper on Tuesday put SNP support in Scotland at 23 percent, second only to Labour who polled 42 percent. Surveys in Scotland and Wales have consistently shown significant support either for more self-government or complete independence.</p>
<p>The growing clamour for self-rule has led the main opposition Labour Party to promise to give Wales and Scotland a referendum on greater autonomy. The ruling Conservatives are firmly against any form of independence.</p>
<p>Labour leader Tony Blair outraged many nationalists by playing down the powers of Scotland's proposed parliament.</p>
<p>Wigley and Salmond said they expected to win votes from Labour as a result and also because Blair's modernised &quot;new Labour&quot; party had ditched much of its socialist dogma.</p>
<p>&quot;New Labour has given up practically every social and economic policy that brought them strong support in Scotland and Wales at successive elections,&quot; Salmond said. Both Wigley and Salmond said they were happy to call themselves socialists, a label which Blair has tried to play down.</p>
<p>While the Conservatives and Labour have made a point of pledging not to raise taxes, Plaid Cymru says it would increase income tax by two percent if it governed Wales. The SNP says it would cut taxes for the poorest in Scotland while making high-earners pay more.</p>
<p>The nationalist parties also stand apart from the Conservatives and Labour on Europe. Both of Britain's main parties have declined to commit themselves to a single currency and plan to hold a referendum before joining.</p>
<p>But Salmond said the people of Scotland and Wales were very positive about European integration.</p>
<p>&quot;It would be a tragedy for Wales if the EU went ahead with the single currency and the UK stayed out,&quot; Wigley said.</p>
</text>
<copyright>(c) Reuters Limited 1997</copyright>
<metadata>
<codes class="bip:countries:1.0">
  <code code="UK">
    <editdetail attribution="Reuters BIP Coding Group" action="confirmed" date="1997-04-15"/>
  </code>
</codes>
<codes class="bip:topics:1.0">
  <code code="GCAT">
    <editdetail attribution="Reuters BIP Coding Group" action="confirmed" date="1997-04-15"/>
  </code>
  <code code="GPOL">
    <editdetail attribution="Reuters BIP Coding Group" action="confirmed" date="1997-04-15"/>
  </code>
  <code code="GVOTE">
    <editdetail attribution="Reuters BIP Coding Group" action="confirmed" date="1997-04-15"/>
  </code>
</codes>
<dc element="dc.date.created" value="1997-04-15"/>
<dc element="dc.publisher" value="Reuters Holdings Plc"/>
<dc element="dc.date.published" value="1997-04-15"/>
<dc element="dc.source" value="Reuters"/>
<dc element="dc.creator.location" value="LONDON"/>
<dc element="dc.creator.location.country.name" value="UK"/>
<dc element="dc.source" value="Reuters"/>
</metadata>
</newsitem>
