<?xml version="1.0" encoding="iso-8859-1" ?>
<newsitem itemid="508766" id="root" date="1997-04-15" xml:lang="en">
<title>CANADA: Canadian Exchanges Closing - April 15.</title>
<headline>Canadian Exchanges Closing - April 15.</headline>
<text>
<p>T-BILLS</p>
<p> CAN.DOLLAR 1.3979-84	1M   2.84  CALL LOAN 3.08</p>
<p>   CAD/DEM  1.2309-19	2M   3.00</p>
<p>   CAD/JPY  90.19-29	 3M   3.21</p>
<p>   CAD/CHF  1.0438-48	WI   3.24  CANADA BONDS YIELD</p>
<p>   GBP/CAD  2.2763-73	6M   3.38     2YR    102.06 4.719</p>
<p>				   WI   3.60     5YR    105.18 5.975</p>
<p> CANADA DOLLAR FORWARDS    1Y   4.30    10YR    105.08 6.540</p>
<p>	 1MTH 27.2-26.7	WI   4.33    30YR    102.95 6.835</p>
<p>	 2MTH 55.5-54.5</p>
<p>	 3MTH 78-77</p>
</text>
<copyright>(c) Reuters Limited 1997</copyright>
<metadata>
<codes class="bip:countries:1.0">
  <code code="CANA">
    <editdetail attribution="Reuters BIP Coding Group" action="confirmed" date="1997-04-15"/>
  </code>
</codes>
<codes class="bip:topics:1.0">
  <code code="M12">
    <editdetail attribution="Reuters BIP Coding Group" action="confirmed" date="1997-04-15"/>
  </code>
  <code code="M13">
    <editdetail attribution="Reuters BIP Coding Group" action="confirmed" date="1997-04-15"/>
  </code>
  <code code="M131">
    <editdetail attribution="Reuters BIP Coding Group" action="confirmed" date="1997-04-15"/>
  </code>
  <code code="MCAT">
    <editdetail attribution="Reuters BIP Coding Group" action="confirmed" date="1997-04-15"/>
  </code>
</codes>
<dc element="dc.publisher" value="Reuters Holdings Plc"/>
<dc element="dc.date.published" value="1997-04-15"/>
<dc element="dc.source" value="Reuters"/>
<dc element="dc.creator.location.country.name" value="CANADA"/>
<dc element="dc.source" value="Reuters"/>
</metadata>
</newsitem>
