<?xml version="1.0" encoding="iso-8859-1" ?>
<newsitem itemid="508757" id="root" date="1997-04-15" xml:lang="en">
<title>UK: LucasVarity share buyback, growth seen ahead.</title>
<headline>LucasVarity share buyback, growth seen ahead.</headline>
<dateline>LONDON 1997-04-15</dateline>
<text>
<p>Anglo-American car components group LucasVarity Plc announced a three percent share buyback on Tuesday after revealing pretax profits of 282 million pounds ($457 million), and it said it was set for revenue and margin growth in the current year.</p>
<p>In its first set of annual results since the merger went through last September, LucasVarity said its merger benefits remained on track. </p>
<p>Following much speculatin over whether the group would cut its dividend or launch a share buyback this year, LucasVarity opted for a halfway house.</p>
<p>It said it would pay a dividend of 2.25 pence per share for the period ending January 31 1997, payable on July 1. For the year to January 1998, it will pay a dividend of 4.5 pence per share.</p>
<p>LucasVarity said its future aim was &quot;a policy which maximises long-term value for our shareholders...It has been concluded that a combination of cash dividend and a share repurchase programme would be most consistent with this objective.&quot;</p>
<p>On its business outlook, the group said: &quot;Overall, modest revenue growth is expected this year with strong margin growth...&quot;</p>
<p>The automotive supplier group, among the 10 biggest in the sector, had total proforma sales of 4.6 billion pounds versus 4.4 billion.</p>
<p>Net debt stood at 462 million. The merged group is expected to notch up 120 million in cost savings by the end of 1998 and 140 million of working capital savings over the next two years. Tax savings over the coming two years are seen at 65 million or more.</p>
</text>
<copyright>(c) Reuters Limited 1997</copyright>
<metadata>
<codes class="bip:countries:1.0">
  <code code="UK">
    <editdetail attribution="Reuters BIP Coding Group" action="confirmed" date="1997-04-15"/>
  </code>
  <code code="USA">
    <editdetail attribution="Reuters BIP Coding Group" action="confirmed" date="1997-04-15"/>
  </code>
</codes>
<codes class="bip:industries:1.0">
  <code code="I35300">
    <editdetail attribution="Reuters BIP Coding Group" action="confirmed" date="1997-04-15"/>
  </code>
</codes>
<codes class="bip:topics:1.0">
  <code code="C15">
    <editdetail attribution="Reuters BIP Coding Group" action="confirmed" date="1997-04-15"/>
  </code>
  <code code="C152">
    <editdetail attribution="Reuters BIP Coding Group" action="confirmed" date="1997-04-15"/>
  </code>
  <code code="C17">
    <editdetail attribution="Reuters BIP Coding Group" action="confirmed" date="1997-04-15"/>
  </code>
  <code code="C171">
    <editdetail attribution="Reuters BIP Coding Group" action="confirmed" date="1997-04-15"/>
  </code>
  <code code="C18">
    <editdetail attribution="Reuters BIP Coding Group" action="confirmed" date="1997-04-15"/>
  </code>
  <code code="C181">
    <editdetail attribution="Reuters BIP Coding Group" action="confirmed" date="1997-04-15"/>
  </code>
  <code code="CCAT">
    <editdetail attribution="Reuters BIP Coding Group" action="confirmed" date="1997-04-15"/>
  </code>
</codes>
<dc element="dc.date.created" value="1997-04-15"/>
<dc element="dc.publisher" value="Reuters Holdings Plc"/>
<dc element="dc.date.published" value="1997-04-15"/>
<dc element="dc.source" value="Reuters"/>
<dc element="dc.creator.location" value="LONDON"/>
<dc element="dc.creator.location.country.name" value="UK"/>
<dc element="dc.source" value="Reuters"/>
</metadata>
</newsitem>
