<?xml version="1.0" encoding="iso-8859-1" ?>
<newsitem itemid="508771" id="root" date="1997-04-15" xml:lang="en">
<title>CANADA: Manitoba Pool grain prices - April 15 - 1000 CDT.</title>
<headline>Manitoba Pool grain prices - April 15 - 1000 CDT.</headline>
<text>
<p>MPE cash bids, Canadian dollars per tonne, FOB elevator.</p>
<p>		Spot	  May	Jun	 Jul     Aug</p>
<p>Wheat	 160.67	---	---	 ---     ---</p>
<p>Oats	  143.31	---	---	 ---     ---</p>
<p>Barley	118.38	---	---	 ---     ---</p>
<p>Flax	  345.22	---	---	 ---     ---</p>
<p>Canola	424.80	---	---	 ---     ---</p>
<p>Rye	   176.00	---	---	 ---     ---</p>
<p>Feed Peas   ---</p>
<p>Source: Manitoba Pool Elevators cash bids. Basic price - plus premium. Note: Rye quoted less freight to Vancouver. All other prices before freight deduction to Vancouver.</p>
<p>((Winnipeg bureau 204 947 3548))</p>
</text>
<copyright>(c) Reuters Limited 1997</copyright>
<metadata>
<codes class="bip:countries:1.0">
  <code code="CANA">
    <editdetail attribution="Reuters BIP Coding Group" action="confirmed" date="1997-04-15"/>
  </code>
</codes>
<codes class="bip:topics:1.0">
  <code code="M14">
    <editdetail attribution="Reuters BIP Coding Group" action="confirmed" date="1997-04-15"/>
  </code>
  <code code="M141">
    <editdetail attribution="Reuters BIP Coding Group" action="confirmed" date="1997-04-15"/>
  </code>
  <code code="MCAT">
    <editdetail attribution="Reuters BIP Coding Group" action="confirmed" date="1997-04-15"/>
  </code>
</codes>
<dc element="dc.publisher" value="Reuters Holdings Plc"/>
<dc element="dc.date.published" value="1997-04-15"/>
<dc element="dc.source" value="Reuters"/>
<dc element="dc.creator.location.country.name" value="CANADA"/>
<dc element="dc.source" value="Reuters"/>
</metadata>
</newsitem>
