<?xml version="1.0" encoding="iso-8859-1" ?>
<newsitem itemid="508761" id="root" date="1997-04-15" xml:lang="en">
<title>NEW ZEALAND: RUGBY UNION - ACT Brumbies determined to crush Otago.</title>
<headline>RUGBY UNION - ACT Brumbies determined to crush Otago.</headline>
<text>
<p>AUCKLAND, April 16 - The ACT Brumbies left Auckland for Invercargill on Wednesday thoroughly determined to lift their performance levels against the Otago Highlanders in their Super 12 match on Friday night, NZPA reports.</p>
<p>ACT were beaten 41-29 by the Auckland Blues last weekend and coach Rod Macqueen said his team had spent the last few days pondering their poor performance at Pukekohe.</p>
<p>&quot;Hindsight is an easy thing, it could be a number of reasons but we don't know why we didn't play well,&quot; Macqueen said today.</p>
<p>&quot;Auckland played well, we don't doubt that, but at the same time we didn't play to our standards.  </p>
<p>&quot;Whether we were tentative, lethargic or whatever, we're aware we need to show more urgency and passion in our next game and get back to playing the way we know we can.&quot;</p>
<p>The Brumbies, who have stayed in Auckland until today, trained well this week with the only casualty being utility back Rod Kafer who fractured a cheekbone at training on Monday. He has been replaced in the reserves by Liam O'Connor, who joined the squad yesterday.</p>
<p>ACT's biggest interest in the Otago team was All Black openside flanker Josh Kronfeld's return.  </p>
<p>However Kronfeld, who was recovering from a corked thigh which he aggravated in a club match last weekend, is a week away from returning to the Highlanders.</p>
<p>&quot;Josh is training with the team at the moment but he's still a bit sore and we didn't want to risk him,&quot; Highlanders manager Des Smith said.</p>
<p>&quot;We'd be looking to have him back in a week or so, but at the moment we want him to recover completely.&quot;</p>
<p>Teams -  </p>
<p>Otago: Matthew Carrington, Jeff Wilson, Romi Ropati, Manasa Bari, To'o Vaega, Tony Brown, Stu Forster, Taine Randell (captain), Kupu Vanisi, John Blaikie, Steve Gordon, Isotola Maka, Nick Moore, Anton Oliver, Carl Hoeft. Reserves: John Leslie, Tom McEwan, Brett McCormack, Lio Falaniko, Mike Mika, Ace Tiatia.</p>
<p>ACT Brumbies: Stephen Larkham, Mitch Hardy, James Holbeck, Joe Roff, Pat Howard, David Knox, George Gregan, Troy Coker, Brett Robinson (captain), David Giffin, John Langford, Owen Finnegan, Ewen McKenzie, Marco Caputo, Patricio Noriega. Reserves: Rod Kafer, Geoff Logan, Ipolito Fenukitau, Justin  </p>
<p>Harrison, Dean Zammit and Timote Tavalea.</p>
</text>
<copyright>(c) Reuters Limited 1997</copyright>
<metadata>
<codes class="bip:countries:1.0">
  <code code="NZ">
    <editdetail attribution="Reuters BIP Coding Group" action="confirmed" date="1997-04-15"/>
  </code>
</codes>
<codes class="bip:topics:1.0">
  <code code="GCAT">
    <editdetail attribution="Reuters BIP Coding Group" action="confirmed" date="1997-04-15"/>
  </code>
  <code code="GSPO">
    <editdetail attribution="Reuters BIP Coding Group" action="confirmed" date="1997-04-15"/>
  </code>
</codes>
<dc element="dc.publisher" value="Reuters Holdings Plc"/>
<dc element="dc.date.published" value="1997-04-15"/>
<dc element="dc.source" value="Reuters"/>
<dc element="dc.creator.location.country.name" value="NEW ZEALAND"/>
<dc element="dc.source" value="Reuters"/>
</metadata>
</newsitem>
