<?xml version="1.0" encoding="iso-8859-1" ?>
<newsitem itemid="508796" id="root" date="1997-04-15" xml:lang="en">
<title>ZIMBABWE: Prince sees more British investment in Zimbabwe.</title>
<headline>Prince sees more British investment in Zimbabwe.</headline>
<dateline>HARARE 1997-04-15</dateline>
<text>
<p>Britain's Prince Andrew urged British businesses on Thursday to explore more investment and trade opportunities in Zimbabwe, saying its economic climate was improving rapidly.</p>
<p>The prince arrived in Zimbabwe on Tuesday for a three-day official visit during which he will witness a landmark joint military exercise by eight southern African nations.</p>
<p>Speaking at a business luncheon, he said Zimbabwe's recent economic reforms and liberalisation programme had opened up opportunitites for foreign companies to boost trade and their investment portfolios.</p>
<p>Britain is currently the largest foreign investor in Zimbabwe with over 300 companies and subsidiaries in its former colony.</p>
<p>&quot;It is our desire that more British companies play a role in Zimbabwe's impressive economic development,&quot; he said.</p>
<p>&quot;All that I have read and heard about Zimbabwe's impressive development suggests to me that a rapidly liberalising business sector has been a key element in that development,&quot; he said.</p>
<p>Prince Andrew is due to meet Zimbabwean President Robert Mugabe on Wednesday before travelling to the southern African state's eastern Nyanga district where the 20-day regional military exercise is being staged.</p>
<p>Britain is partly funding the exercise which ends on April 20.</p>
<p>Some 1,100 troops from Lesotho, Malawi, Mozambique, Namibia, South Africa, Swaziland, Tanzania and Zimbabwe -- all Commonwealth members -- are taking part in the exercise, the first of its kind in Africa aimed at honing peacekeeping skills.</p>
<p>London's Zimbabwe-based British Military Advisory and Training Team is helping run the exercise, code-named Blue Hungwe (Fish Eagle), which it says shows its &quot;commitment to the development of regional peacekeeping operations in Africa&quot;.</p>
<p>President Mugabe will also witness the exercise on Thursday, which is based on United Nations tactics and techniques of international peacekeeping.</p>
<p>--Cris Chinaka, Harare Newsroom: +263-4 72 52 27/8/9.----</p>
</text>
<copyright>(c) Reuters Limited 1997</copyright>
<metadata>
<codes class="bip:countries:1.0">
  <code code="UK">
    <editdetail attribution="Reuters BIP Coding Group" action="confirmed" date="1997-04-15"/>
  </code>
  <code code="ZIMBAB">
    <editdetail attribution="Reuters BIP Coding Group" action="confirmed" date="1997-04-15"/>
  </code>
</codes>
<codes class="bip:topics:1.0">
  <code code="E51">
    <editdetail attribution="Reuters BIP Coding Group" action="confirmed" date="1997-04-15"/>
  </code>
  <code code="ECAT">
    <editdetail attribution="Reuters BIP Coding Group" action="confirmed" date="1997-04-15"/>
  </code>
</codes>
<dc element="dc.date.created" value="1997-04-15"/>
<dc element="dc.publisher" value="Reuters Holdings Plc"/>
<dc element="dc.date.published" value="1997-04-15"/>
<dc element="dc.source" value="Reuters"/>
<dc element="dc.creator.location" value="HARARE"/>
<dc element="dc.creator.location.country.name" value="ZIMBABWE"/>
<dc element="dc.source" value="Reuters"/>
</metadata>
</newsitem>
