<?xml version="1.0" encoding="iso-8859-1" ?>
<newsitem itemid="508778" id="root" date="1997-04-15" xml:lang="en">
<title>CANADA: William Resources sees jump in '97 output.</title>
<headline>William Resources sees jump in '97 output.</headline>
<byline>Darren Schuettler</byline>
<dateline>TORONTO 1997-04-15</dateline>
<text>
<p>Canadian gold miner William Resources Inc said on Tuesday it expects to &quot;easily achieve&quot; its goal of over 200,000 ounces of gold in 1997 and it has the financial resources to ride out a weak gold market.</p>
<p>In its outlook for 1997, the Toronto-based company said early tests of its Ballarat East project in Australia are promising, but its plans for Ruster's Roost are on hold.</p>
<p>William also gave a favorable update of its operations in Scandinavia and Brazil, but said its disappointing Mexican project is up for sale.</p>
<p>&quot;We had stated that in 1997 we would do over 200,00 ounces at a cash cost under US$300 an ounce. We feel that we are going to easily achieve that goal,&quot; Bharti told analysts during a conference call on Tuesday.</p>
<p>Gold production in 1996 was an annualized 100,000 ounces of gold with an average cash cost of US$349 per ounce. William Resources made three acquisitions last year which pushed it into the ranks of intermediate gold producers.</p>
<p>The Bjorkdal mine in Sweden, acquired in December 1996, is expected to exceed 100,000 ounces in 1997 at a cash cost of US$216 per ounce.</p>
<p>In Brazil, the Jacobina project is forecast this year at 65,000 ounces of gold at a cash cost of US$285 per ounce.</p>
<p>Bharti said the current downturn in gold prices and depressed stock prices due to the Bre-X Minerals Ltd controversy has undermined investor confidence.</p>
<p>The Toronto Stock Exchange's gold index was off 233 points on Tuesday as COMEX gold futures sank over US$5 an ounce.</p>
<p>&quot;We've got gold at US$345 (an ounce) this morning. Stocks with the Bre-X issue are really struggling. There's a huge malaise in the gold market where people are wondering if gold is a good investment,&quot; Bharti said.</p>
<p>But William Resources is in good shape with 90 percent of its gold hedged at over US$374 per ounce, he said.</p>
<p>Bharti added that cash flow from operations of US$25 million in 1997 gives the company the enough flexibility &quot;if this market gets any worse.&quot;</p>
<p>He said the company could also defer some capital spending. About US$15 million of William's US$20 million capital budget in 1997 is discretionary.</p>
<p>Looking at individual projects, Bharti said bulk testing at the Ballarat East gold project in Australia should be completed by the end of this month.</p>
<p>&quot;I can say the results to date...we're finding some very exciting nuggets in Ballarat that certainly we had not expected,&quot; Bharti said.</p>
<p>The outlook was less favorable for Ruster's Roost where a feasibility study indicated the project would need gold prices of around US$400 an ounce to be viable.</p>
<p>Bharti said plant construction would continue until July, but future spending would be deferred after that.</p>
<p>&quot;We would really like to see in this present gold market what the price of gold is and how the overall market performs before we put the propellers on Ruster's Roost,&quot; he said.</p>
<p>In Mexico, the Velardena project is up for sale following a disappointing performance last year. William Resources took a C$3.5 million writedown on the project in the three months ended December 31, 1996.</p>
<p>&quot;We've been approached by two or three companies that are focused on Mexico and interested in buying Valedania and we are in advanced negotiaitons with these companies,&quot; he said.</p>
<p>Earlier this week, the company said first quarter 1997 gold production exceeded 47,000 ounces at a cash cost of US$295 per ounce. The results were slightly under budget due to poor weather at Ruster's Roost in January, Bharti said.</p>
<p>He said financial results for the first quarter will be released before the company's annual meeting on May 14. At the meeting, shareholders will vote on a proposed one for three stock consolidation.</p>
<p>((Reuters Toronto Bureau (416) 941-8100))</p>
</text>
<copyright>(c) Reuters Limited 1997</copyright>
<metadata>
<codes class="bip:countries:1.0">
  <code code="AUSTR">
    <editdetail attribution="Reuters BIP Coding Group" action="confirmed" date="1997-04-15"/>
  </code>
  <code code="CANA">
    <editdetail attribution="Reuters BIP Coding Group" action="confirmed" date="1997-04-15"/>
  </code>
  <code code="MEX">
    <editdetail attribution="Reuters BIP Coding Group" action="confirmed" date="1997-04-15"/>
  </code>
  <code code="SWED">
    <editdetail attribution="Reuters BIP Coding Group" action="confirmed" date="1997-04-15"/>
  </code>
</codes>
<codes class="bip:industries:1.0">
  <code code="I21000">
    <editdetail attribution="Reuters BIP Coding Group" action="confirmed" date="1997-04-15"/>
  </code>
  <code code="I22472">
    <editdetail attribution="Reuters BIP Coding Group" action="confirmed" date="1997-04-15"/>
  </code>
</codes>
<codes class="bip:topics:1.0">
  <code code="C21">
    <editdetail attribution="Reuters BIP Coding Group" action="confirmed" date="1997-04-15"/>
  </code>
  <code code="C24">
    <editdetail attribution="Reuters BIP Coding Group" action="confirmed" date="1997-04-15"/>
  </code>
  <code code="CCAT">
    <editdetail attribution="Reuters BIP Coding Group" action="confirmed" date="1997-04-15"/>
  </code>
</codes>
<dc element="dc.date.created" value="1997-04-15"/>
<dc element="dc.publisher" value="Reuters Holdings Plc"/>
<dc element="dc.date.published" value="1997-04-15"/>
<dc element="dc.source" value="Reuters"/>
<dc element="dc.creator.location" value="TORONTO"/>
<dc element="dc.creator.location.country.name" value="CANADA"/>
<dc element="dc.source" value="Reuters"/>
</metadata>
</newsitem>
