<?xml version="1.0" encoding="iso-8859-1" ?>
<newsitem itemid="508749" id="root" date="1997-04-15" xml:lang="en">
<title>UK: EU cuts distant wheat import duties.</title>
<headline>EU cuts distant wheat import duties.</headline>
<dateline>LONDON 1997-04-15</dateline>
<text>
<p>The European Union will cut distant wheat import duties with effect from Wednesday, European Commission figures showed on Tuesday.</p>
<p>It will also raise duties on distant barley, rye, sorghum and maize duties.  </p>
<p>			EU GRAIN IMPORT TARIFFS</p>
<p>		   EFFECTIVE FROM APRIL 16 IN ECUS PER TONNE</p>
<p>		     NEARBY ORIGIN (1)   DISTANT ORIGIN (2)  DATE OF</p>
<p>		     CURRENT    PREVIOUS CURRENT    PVS	CHANGE</p>
<p> DURUM WHEAT	  18.72   21.01     8.72	11.01   16APR97</p>
<p> COM WHT HIGH QUAL  30.50   33.06    20.50	23.06   16APR97</p>
<p> MEDIUM QUALITY     36.95   37.59    26.95	27.59   16APR97</p>
<p> LOW QUALITY	  58.08   58.55    48.08	48.53   16APR97</p>
<p> BARLEY		 67.45   66.71    57.45	56.71   16APR97</p>
<p> RYE		    67.45   66.71    57.45	56.71   16APR97</p>
<p> SORGHUM		67.45   66.71    57.45	56.71   16APR97</p>
<p> MAIZE		  80.06   78.33    70.06	68.33   16APR97</p>
<p>	 EXCHANGE	 KANSAS			   MID     MID</p>
<p>	 MINNEAPOLIS    CITY   CHICAGO   CHICAGO   AMERICA AMERICA</p>
<p>PRODUCTS PERCENT PROTEIN AND 12 PERCENT HUMIDITY</p>
<p>	 HRS2(14%) HRW2(11.5%)  SRW2     YC3     HAD2   US BARLEY2</p>
<p>	 (ECUS PER TONNE)</p>
<p> QUOTES  132.65    136.06    124.24  103.26   173.54*   124.81*</p>
<p> GULF     29.11     19.25	9.93    8.93	 -	  -</p>
<p> GREAT LAKES -	   -	    -	 -	   -	 -</p>
<p>GULF OF MEXICO-ROTTERDAM 12.71 ECUS PER TONNE</p>
<p> GREAT LAKES-ROTTERDAM    24.08 ECUS PER TONNE</p>
<p>*FOB GULF</p>
<p>(1) Nearby origin covers imports by land, river or sea from Mediterranean, Black Sea and Baltic ports. (2) Distant origin covers other ports. The import duty may be adjusted if during the two-week reference period the average import duty differs by five Ecus per tonne from the fixed duty. Importers may claim a two Ecus per tonne reduction for Atlantic and Suez canal shipments to British, Danish, Swedish, Finnish and to Spanish and Portuguese Atlantic ports. A three Ecus per tonne reduction can be claimed for imports into Med ports. Importers who show they have paid a quality premium can claim a 14 or eight Ecus reduction for shipments of high quality common wheat, malting barley and flint maize.</p>
</text>
<copyright>(c) Reuters Limited 1997</copyright>
<metadata>
<codes class="bip:countries:1.0">
  <code code="EEC">
    <editdetail attribution="Reuters BIP Coding Group" action="confirmed" date="1997-04-15"/>
  </code>
  <code code="UK">
    <editdetail attribution="Reuters BIP Coding Group" action="confirmed" date="1997-04-15"/>
  </code>
</codes>
<codes class="bip:topics:1.0">
  <code code="M14">
    <editdetail attribution="Reuters BIP Coding Group" action="confirmed" date="1997-04-15"/>
  </code>
  <code code="M141">
    <editdetail attribution="Reuters BIP Coding Group" action="confirmed" date="1997-04-15"/>
  </code>
  <code code="MCAT">
    <editdetail attribution="Reuters BIP Coding Group" action="confirmed" date="1997-04-15"/>
  </code>
</codes>
<dc element="dc.date.created" value="1997-04-15"/>
<dc element="dc.publisher" value="Reuters Holdings Plc"/>
<dc element="dc.date.published" value="1997-04-15"/>
<dc element="dc.source" value="Reuters"/>
<dc element="dc.creator.location" value="LONDON"/>
<dc element="dc.creator.location.country.name" value="UK"/>
<dc element="dc.source" value="Reuters"/>
</metadata>
</newsitem>
