<?xml version="1.0" encoding="iso-8859-1" ?>
<newsitem itemid="508744" id="root" date="1997-04-15" xml:lang="en">
<title>UK: Leicester City shareholders to vote on float plans.</title>
<headline>Leicester City shareholders to vote on float plans.</headline>
<dateline>LONDON 1997-04-15</dateline>
<text>
<p>English premier league soccer club Leicester City has confirmed plans for a stock market listing, calling a meeting of shareholders to approve changes paving the way for flotation.</p>
<p>The club's 120 shareholders have been asked to attend a meeting on May 9 to vote on changes to the company's structure required in advance of a listing.</p>
<p>The club said it hopes to join the market in June, although it has not yet decided whether to seek a full listing or to join the junior Alternative Investment Market (AIM).</p>
<p>Analysts believe League Cup finalists Leicester will seek to raise some 10-15 million stg in a flotation, which will value the club at 40-45 million stg.  </p>
<p>There are now 15 British soccer clubs listed on the stock market, the sector being worth some 1.3 billion stg.</p>
<p>Former European champions Aston Villa and Bolton Wanderers, who have just won promotion to the premier league next season, will also join the market shortly.</p>
<p>The sector showed strong gains last year but prices have been under pressure in recent weeks. Shares in Newcastle United, which joined the market on April 2, stood at 126.5p on Tuesday, below their 135p issue price.</p>
<p>Leicester chairman Tom Smeaton said in a letter to shareholders that fresh funds were needed to strengthen the squad, finance youth development and improve the club's Filbert Street stadium.</p>
<p>&quot;A flotation will allow us to raise money in the City (of London) and continue to compete at the highest level,&quot; he said.</p>
<p>-- London Newsroom +44 171 542 7717</p>
</text>
<copyright>(c) Reuters Limited 1997</copyright>
<metadata>
<codes class="bip:countries:1.0">
  <code code="UK">
    <editdetail attribution="Reuters BIP Coding Group" action="confirmed" date="1997-04-15"/>
  </code>
</codes>
<codes class="bip:topics:1.0">
  <code code="C14">
    <editdetail attribution="Reuters BIP Coding Group" action="confirmed" date="1997-04-15"/>
  </code>
  <code code="C17">
    <editdetail attribution="Reuters BIP Coding Group" action="confirmed" date="1997-04-15"/>
  </code>
  <code code="C171">
    <editdetail attribution="Reuters BIP Coding Group" action="confirmed" date="1997-04-15"/>
  </code>
  <code code="CCAT">
    <editdetail attribution="Reuters BIP Coding Group" action="confirmed" date="1997-04-15"/>
  </code>
</codes>
<dc element="dc.date.created" value="1997-04-15"/>
<dc element="dc.publisher" value="Reuters Holdings Plc"/>
<dc element="dc.date.published" value="1997-04-15"/>
<dc element="dc.source" value="Reuters"/>
<dc element="dc.creator.location" value="LONDON"/>
<dc element="dc.creator.location.country.name" value="UK"/>
<dc element="dc.source" value="Reuters"/>
</metadata>
</newsitem>
