<?xml version="1.0" encoding="iso-8859-1" ?>
<newsitem itemid="508789" id="root" date="1997-04-15" xml:lang="en">
<title>CANADA: CWB details Prairie elevator space, railcar unload.</title>
<headline>CWB details Prairie elevator space, railcar unload.</headline>
<dateline>WINNIPEG 1997-04-15</dateline>
<text>
<p>Vacant primary elevator space fell to 21 percent in the week ended April 13, while railcar unloads at export ports fell below targets, Canadian Wheat Board said.</p>
<p>Average vacancy in Prairie elevators was 21 percent compared to 25 percent April 7, CWB said.</p>
<p>Weather and equipment failure have delayed shipments of grains and oilseeds to Pacific ports since early January.</p>
<p>The effect has been a long backlog of vessels on the Pacific coast and more than C$20 million in demurrage fees against the CWB.</p>
<p>CWB filed a complaint to Canadian Transportation Agency Monday against Canadian National Railway and CP Rail System.</p>
<p>Manitoba elevators had the least space available at 16 percent versus 18 percent the week before, followed by Saskatchewan at 21 percent compared to 25 percent the prior week and then Alberta at 22 percent versus 27 percent the previous week.</p>
<p>Vancouver saw 2,788 railcars unloaded compared to the target of 3,300. The prior week saw 2,523 unloads. Prince Rupert unloaded 1,362 railcars compared to the target 1,300.</p>
<p>The last week saw 1,404 hopper cars unloaded in Prince Rupert.</p>
<p>Thunder Bay unloads totalled 1,224 railcars compared to the target of 1,750 hopper cars. The prior week saw 836 unloads.</p>
<p>((Gilbert Le Gras 204 947 3548))</p>
</text>
<copyright>(c) Reuters Limited 1997</copyright>
<metadata>
<codes class="bip:countries:1.0">
  <code code="CANA">
    <editdetail attribution="Reuters BIP Coding Group" action="confirmed" date="1997-04-15"/>
  </code>
</codes>
<codes class="bip:topics:1.0">
  <code code="M14">
    <editdetail attribution="Reuters BIP Coding Group" action="confirmed" date="1997-04-15"/>
  </code>
  <code code="M141">
    <editdetail attribution="Reuters BIP Coding Group" action="confirmed" date="1997-04-15"/>
  </code>
  <code code="MCAT">
    <editdetail attribution="Reuters BIP Coding Group" action="confirmed" date="1997-04-15"/>
  </code>
</codes>
<dc element="dc.date.created" value="1997-04-15"/>
<dc element="dc.publisher" value="Reuters Holdings Plc"/>
<dc element="dc.date.published" value="1997-04-15"/>
<dc element="dc.source" value="Reuters"/>
<dc element="dc.creator.location" value="WINNIPEG"/>
<dc element="dc.creator.location.country.name" value="CANADA"/>
<dc element="dc.source" value="Reuters"/>
</metadata>
</newsitem>
