<?xml version="1.0" encoding="iso-8859-1" ?>
<newsitem itemid="508782" id="root" date="1997-04-15" xml:lang="en">
<title>CANADA: Talisman making life difficult for CanOxy.</title>
<headline>Talisman making life difficult for CanOxy.</headline>
<dateline>CALGARY 1997-04-15</dateline>
<text>
<p>A move by Talisman Energy Inc to hold onto 10.3 percent of Wascana Energy Inc stock has left questions over whether it planned to make Canadian Occidental Petroleum Ltd's acquisition of the Regina-based oil producer as difficult as possible.</p>
<p>CanOxy said on Tuesday it succeeded in acquiring all shares of Wascana by the midnight Pacific time deadline except those held by Talisman and its corporate ally, Altamira Management Ltd.</p>
<p>CanOxy spokesman Kevin Finn, whose offer for Wascana was valued at C$2-billion, played down Talisman's move, saying the takeover may just take more time than the company had planned.</p>
<p>Finn said Talisman had given no indication by late Monday whether it planned to tender the stock.</p>
<p>&quot;Because we don't have 90 percent it will take us a little longer. We won't be able to do the statutory acquisition, but that's life -- we will do it,&quot; he said.</p>
<p>Under Canadian regulations, companies must have at least 90 percent of a takeover target's shares before it can undertake a compulsory acquisition of the remainder.</p>
<p>A Talisman spokesman was not immediately available for comment.</p>
<p>Talisman, which opened the bidding for Wascana with a C$1.8 billion cash-and-stock offer in February, has been highly critical of Wascana's board of directors, which it said kept it out of the confidential data room during the bid process.</p>
<p>Talisman chief executive Jim Buckee said in a conference call last week that, by closing the door on his firm, Wascana's board took away the potential for a richer takeover bid.</p>
<p>He also suggested that legal action may be in the offing.</p>
<p>&quot;I find it hard to believe that they have much of a claim, given that they were the ones that elected not to participate in the process that Wascana set up,&quot; Finn said.</p>
<p>&quot;They certainly could have had access to the data room had they signed a confidentiality agreement. They were looking for special treatment.&quot;</p>
<p>Talisman last week let its offer expire without raising it.</p>
<p>((Reuters Calgary Bureau (403) 531-1624))</p>
</text>
<copyright>(c) Reuters Limited 1997</copyright>
<metadata>
<codes class="bip:countries:1.0">
  <code code="CANA">
    <editdetail attribution="Reuters BIP Coding Group" action="confirmed" date="1997-04-15"/>
  </code>
</codes>
<codes class="bip:industries:1.0">
  <code code="I13000">
    <editdetail attribution="Reuters BIP Coding Group" action="confirmed" date="1997-04-15"/>
  </code>
  <code code="I1300003">
    <editdetail attribution="Reuters BIP Coding Group" action="confirmed" date="1997-04-15"/>
  </code>
</codes>
<codes class="bip:topics:1.0">
  <code code="C18">
    <editdetail attribution="Reuters BIP Coding Group" action="confirmed" date="1997-04-15"/>
  </code>
  <code code="C181">
    <editdetail attribution="Reuters BIP Coding Group" action="confirmed" date="1997-04-15"/>
  </code>
  <code code="CCAT">
    <editdetail attribution="Reuters BIP Coding Group" action="confirmed" date="1997-04-15"/>
  </code>
</codes>
<dc element="dc.date.created" value="1997-04-15"/>
<dc element="dc.publisher" value="Reuters Holdings Plc"/>
<dc element="dc.date.published" value="1997-04-15"/>
<dc element="dc.source" value="Reuters"/>
<dc element="dc.creator.location" value="CALGARY"/>
<dc element="dc.creator.location.country.name" value="CANADA"/>
<dc element="dc.source" value="Reuters"/>
</metadata>
</newsitem>
