<?xml version="1.0" encoding="iso-8859-1" ?>
<newsitem itemid="508719" id="root" date="1997-04-15" xml:lang="en">
<title>UK: NWE spot gasoline steadier, swaps strengthen.</title>
<headline>NWE spot gasoline steadier, swaps strengthen.</headline>
<dateline>LONDON 1997-04-15</dateline>
<text>
<p>NWE gasoline prices were slightly steadier on Tuesday despite some weakness on crude and soft NYMEX unleaded futures, traders said.</p>
<p>Scarce fob cargo avails after recent movement of product transatlantic bolstered buying for ARA barges as traders looked to build cargoes in anticipation of further demand from the U.S. for 60kt parcels despite the currently closed arbitrage window.</p>
<p>On the key Rotterdam barge market Eurograde traded around $1 firmer at $193.50 for balance of April lifting.</p>
<p>Forward paper swaps continued to strengthen, flagging the market's seasonally firmer sentiment ahead of the U.S. driving season. Buying for May contracts was around $1 at $196 and offers held firmer at $197. June swaps put on a couple of dollars to $195.50/$196 a tonne.</p>
<p>Eurograde cargoes were pegged slightly firmer at around $197/$200 cif NWE but buying interest was thin. -- Colin Wooster, London Newsroom, +44 171 542 7456</p>
</text>
<copyright>(c) Reuters Limited 1997</copyright>
<metadata>
<codes class="bip:countries:1.0">
  <code code="UK">
    <editdetail attribution="Reuters BIP Coding Group" action="confirmed" date="1997-04-15"/>
  </code>
</codes>
<codes class="bip:topics:1.0">
  <code code="M14">
    <editdetail attribution="Reuters BIP Coding Group" action="confirmed" date="1997-04-15"/>
  </code>
  <code code="M143">
    <editdetail attribution="Reuters BIP Coding Group" action="confirmed" date="1997-04-15"/>
  </code>
  <code code="MCAT">
    <editdetail attribution="Reuters BIP Coding Group" action="confirmed" date="1997-04-15"/>
  </code>
</codes>
<dc element="dc.date.created" value="1997-04-15"/>
<dc element="dc.publisher" value="Reuters Holdings Plc"/>
<dc element="dc.date.published" value="1997-04-15"/>
<dc element="dc.source" value="Reuters"/>
<dc element="dc.creator.location" value="LONDON"/>
<dc element="dc.creator.location.country.name" value="UK"/>
<dc element="dc.source" value="Reuters"/>
</metadata>
</newsitem>
