<?xml version="1.0" encoding="iso-8859-1" ?>
<newsitem itemid="508767" id="root" date="1997-04-15" xml:lang="en">
<title>CANADA: Canadian Money Market Rates Closing - April 15.</title>
<headline>Canadian Money Market Rates Closing - April 15.</headline>
<text>
<p>CANADA T-BILLS</p>
<p> 90 DAYS   3.20</p>
<p>180 DAYS   3.38</p>
<p>FINANCE COMPANY PAPER</p>
<p> 30 DAYS   3.29</p>
<p> 60 DAYS   3.40</p>
<p> 90 DAYS   3.50</p>
<p>BANK PAPER</p>
<p> 30 DAYS   3.27</p>
<p> 60 DAYS   3.39</p>
<p> 90 DAYS   3.49</p>
<p>BANKERS ACCEPTANCES</p>
<p> 30 DAYS   3.24</p>
<p> 60 DAYS   3.36</p>
<p> 90 DAYS   3.46</p>
<p>CANADIAN DOLLAR SWAPS</p>
<p> 30 DAYS   0.94</p>
<p> 60 DAYS   1.06</p>
<p> 90 DAYS   1.15</p>
<p>CALL MONEY3.08</p>
<p>DAY MONEY 3.08</p>
<p>PRIME RATE0.75</p>
<p> U.S. DOLLAR BASE RATE   8.50</p>
</text>
<copyright>(c) Reuters Limited 1997</copyright>
<metadata>
<codes class="bip:countries:1.0">
  <code code="CANA">
    <editdetail attribution="Reuters BIP Coding Group" action="confirmed" date="1997-04-15"/>
  </code>
</codes>
<codes class="bip:topics:1.0">
  <code code="M13">
    <editdetail attribution="Reuters BIP Coding Group" action="confirmed" date="1997-04-15"/>
  </code>
  <code code="M131">
    <editdetail attribution="Reuters BIP Coding Group" action="confirmed" date="1997-04-15"/>
  </code>
  <code code="MCAT">
    <editdetail attribution="Reuters BIP Coding Group" action="confirmed" date="1997-04-15"/>
  </code>
</codes>
<dc element="dc.publisher" value="Reuters Holdings Plc"/>
<dc element="dc.date.published" value="1997-04-15"/>
<dc element="dc.source" value="Reuters"/>
<dc element="dc.creator.location.country.name" value="CANADA"/>
<dc element="dc.source" value="Reuters"/>
</metadata>
</newsitem>
