<?xml version="1.0" encoding="iso-8859-1" ?>
<newsitem itemid="508799" id="root" date="1997-04-15" xml:lang="en">
<title>SOUTH AFRICA: Britain's Hambros kicks off S.Africa fund.</title>
<headline>Britain's Hambros kicks off S.Africa fund.</headline>
<dateline>JOHANNESBURG 1996-04-16</dateline>
<text>
<p>Britain's Hambros Plc said on Wednesday that it had launched a private equity fund with commitments of 200 million rand to invest in South African companies.</p>
<p>Hambro Private Equity Investors (HPEI) will invest in medium and larger-sized firms with a total value of upwards of 50 million rand offering a minimum equity participation of 25 million rand. The fund will be advised by Hambro Private Equity SA Ltd (HPE).</p>
<p>Investors in the fund include Anglo American Corp Pension Fund, De Beers Pension Fund, Eskom Pension &amp; Provident Fund and Genbel Securities Ltd.</p>
<p>&quot;The support of the blue chip group of South African and international investors that we have assembled is significant in the development of a new asset class,&quot; said HPE chairman Tony Williamson.</p>
<p>He added that the fund would differ from local rivals through its syndication structure and would access investors' funds on a deal by deal basis.</p>
<p>There is currently estimated to be about four billion rand of dedicated private equity funds invested or available to be invested in South Africa.</p>
<p>This is expected to grow as unbundling of the country's conglomerates continues and the process of black economic empowerment takes hold.</p>
<p>HPE director Partrick Maxwell said he expected the size of private equity deals to increase in South Africa. &quot;This would mirror the development of the mature private equity market places of the United States and the UK,&quot; he said.</p>
<p>Maxwell said Hambros would focus on established businesses in sectors including mining, high technology, property and financial services.</p>
<p>-- Johannesburg newsroom +27 11 482 1003</p>
</text>
<copyright>(c) Reuters Limited 1997</copyright>
<metadata>
<codes class="bip:countries:1.0">
  <code code="SAFR">
    <editdetail attribution="Reuters BIP Coding Group" action="confirmed" date="1997-04-15"/>
  </code>
  <code code="UK">
    <editdetail attribution="Reuters BIP Coding Group" action="confirmed" date="1997-04-15"/>
  </code>
</codes>
<codes class="bip:industries:1.0">
  <code code="I16100">
    <editdetail attribution="Reuters BIP Coding Group" action="confirmed" date="1997-04-15"/>
  </code>
  <code code="I23000">
    <editdetail attribution="Reuters BIP Coding Group" action="confirmed" date="1997-04-15"/>
  </code>
  <code code="I83100">
    <editdetail attribution="Reuters BIP Coding Group" action="confirmed" date="1997-04-15"/>
  </code>
  <code code="I83960">
    <editdetail attribution="Reuters BIP Coding Group" action="confirmed" date="1997-04-15"/>
  </code>
</codes>
<codes class="bip:topics:1.0">
  <code code="C11">
    <editdetail attribution="Reuters BIP Coding Group" action="confirmed" date="1997-04-15"/>
  </code>
  <code code="C22">
    <editdetail attribution="Reuters BIP Coding Group" action="confirmed" date="1997-04-15"/>
  </code>
  <code code="CCAT">
    <editdetail attribution="Reuters BIP Coding Group" action="confirmed" date="1997-04-15"/>
  </code>
</codes>
<dc element="dc.date.created" value="1996-04-16"/>
<dc element="dc.publisher" value="Reuters Holdings Plc"/>
<dc element="dc.date.published" value="1997-04-15"/>
<dc element="dc.source" value="Reuters"/>
<dc element="dc.creator.location" value="JOHANNESBURG"/>
<dc element="dc.creator.location.country.name" value="SOUTH AFRICA"/>
<dc element="dc.source" value="Reuters"/>
</metadata>
</newsitem>
