<?xml version="1.0" encoding="iso-8859-1" ?>
<newsitem itemid="508722" id="root" date="1997-04-15" xml:lang="en">
<title>UK: Oil prices fall as Iran issue seen easing.</title>
<headline>Oil prices fall as Iran issue seen easing.</headline>
<byline>Haitham Haddadin</byline>
<dateline>LONDON 1997-04-15</dateline>
<text>
<p>World oil prices slipped slightly on Tuesday, partly on positive market sentiment that Iran was trying to solve its latest crises with the European Union.</p>
<p>The May futures contract for world benchmark crude Brent Blend was trading 19 cents a barrel down at $18.00 a barrel at 1705 GMT on London's International Petroleum Exchange (IPE), after hitting a low of $17.87 earlier in the day.</p>
<p>Brokers said there was positive sentiment in the market that there would not be an escalation in the dispute between Iran, the world's third largest crude exporter, and the European Union.</p>
<p>Crude oil prices moved up on Monday partly on a weekend report in the Washington Post, attributed to U.S. and Arab officials, linking a top Iranian government official to a group suspected of the 1996 bombing of a U.S. military compound in Saudi Arabia.</p>
<p>That report came hard on the heels of a German court's ruling on Friday that Iranian leaders were behind the killing of Kurdish dissidents in Berlin.</p>
<p>But oil brokers said they did not expect the European Union to mimic Washington's blanket ban on trade with Tehran.</p>
<p>&quot;The Iran issue has to escalate a lot further before we start to see the oil markets paying too much relevance,&quot; one IPE trader said.</p>
<p>&quot;As we know, a co-ordinated European action against Iran is not going to be something that will be easily pulled off. It's going to take a lot of bureaucracy,&quot; the broker said.</p>
<p>&quot;I get the impression that the Iranian situation is already being pushed to the side (in oil markets),&quot; he added.</p>
<p>The market was focusing instead on predictions for weekly U.S. stocks data. The American Petroleum Institute (API) is due to publish figures after the market closes on Tuesday.</p>
<p>Some traders were optimistic that the recent sharp drop in oil prices due to supply outweighing demand could be reversed.</p>
<p>Kuwait's oil minister, Isa al-Mazeedi, told a London-based newspaper in an interview that he believed the current glut would continue into the second quarter of the year but higher demand for gasoline should keep prices steady.</p>
<p>&quot;All indications are that the current production glut will continue in the second quarter of the year but because this period sees demand rising for light products...and the industry begins to build stocks, these factors should minimise the impact on prices,&quot; Mazeedi told Asharq al-Awsat newspaper.</p>
<p>&quot;You have to look at the United States as a big sponge that can absorb a lot of crude...and the overhang that we saw for the last two weeks can easily be absorbed,&quot; the trader said.</p>
<p>Crude oil prices in dollars per barrel:</p>
<p>					    Apr 15    Apr 14</p>
<p>					  (1705 GMT) (close)</p>
<p>    Dated Brent			  $17.62  $17.62</p>
<p>   IPE London Brent Futures (May)  $18.00  $18.17</p>
<p>  NYMEX light crude futures (May)  $19.84  $19.95</p>
</text>
<copyright>(c) Reuters Limited 1997</copyright>
<metadata>
<codes class="bip:countries:1.0">
  <code code="UK">
    <editdetail attribution="Reuters BIP Coding Group" action="confirmed" date="1997-04-15"/>
  </code>
</codes>
<codes class="bip:topics:1.0">
  <code code="M14">
    <editdetail attribution="Reuters BIP Coding Group" action="confirmed" date="1997-04-15"/>
  </code>
  <code code="M143">
    <editdetail attribution="Reuters BIP Coding Group" action="confirmed" date="1997-04-15"/>
  </code>
  <code code="MCAT">
    <editdetail attribution="Reuters BIP Coding Group" action="confirmed" date="1997-04-15"/>
  </code>
</codes>
<dc element="dc.date.created" value="1997-04-15"/>
<dc element="dc.publisher" value="Reuters Holdings Plc"/>
<dc element="dc.date.published" value="1997-04-15"/>
<dc element="dc.source" value="Reuters"/>
<dc element="dc.creator.location" value="LONDON"/>
<dc element="dc.creator.location.country.name" value="UK"/>
<dc element="dc.source" value="Reuters"/>
</metadata>
</newsitem>
