<?xml version="1.0" encoding="iso-8859-1" ?>
<newsitem itemid="508786" id="root" date="1997-04-15" xml:lang="en">
<title>CANADA: Caledonia updates Dunvegan sampling program.</title>
<headline>Caledonia updates Dunvegan sampling program.</headline>
<dateline>TORONTO 1997-04-15</dateline>
<text>
<p>Caledonia Mining Corp said on Tuesday its joint venture partner, BHP Minerals Canada Ltd, has completed a till sampling campaign over 80 percent of the Dunvegan property in the Northwest Territories.</p>
<p>&quot;BHP has reported that the kimberlitic indicator mineral trains found on the Dunvegan property are not likely to have originated from the Lac De Gras area, and that the mineral chemistry suggests a diamondiferous source,&quot; Caledonia said in a statement. The Dunvegan property is located 30 kilometers west of the Lac de Gras project operated by Broken Hill Proprietary Co Ltd and Dia Met Minerals Ltd.  </p>
<p>&quot;For 1997, BHP has planned an exploration program consisting of in-fill till sampling in areas with anomalous indicator minerals, regional till sampling over the newly acquired ground, airborne geophysical surveys, and drilling, if warranted,&quot; the statement said.</p>
<p>BHP has spent US$460,000 to date and can earn a 51 percent stake in the Dunvegan property if it invests a further US$1.04 million over the next two years, Caledonia said.</p>
<p>((Reuters Toronto Bureau (416) 941-8100))</p>
</text>
<copyright>(c) Reuters Limited 1997</copyright>
<metadata>
<codes class="bip:countries:1.0">
  <code code="CANA">
    <editdetail attribution="Reuters BIP Coding Group" action="confirmed" date="1997-04-15"/>
  </code>
</codes>
<codes class="bip:industries:1.0">
  <code code="I21000">
    <editdetail attribution="Reuters BIP Coding Group" action="confirmed" date="1997-04-15"/>
  </code>
  <code code="I23000">
    <editdetail attribution="Reuters BIP Coding Group" action="confirmed" date="1997-04-15"/>
  </code>
</codes>
<codes class="bip:topics:1.0">
  <code code="C11">
    <editdetail attribution="Reuters BIP Coding Group" action="confirmed" date="1997-04-15"/>
  </code>
  <code code="C24">
    <editdetail attribution="Reuters BIP Coding Group" action="confirmed" date="1997-04-15"/>
  </code>
  <code code="CCAT">
    <editdetail attribution="Reuters BIP Coding Group" action="confirmed" date="1997-04-15"/>
  </code>
</codes>
<dc element="dc.date.created" value="1997-04-15"/>
<dc element="dc.publisher" value="Reuters Holdings Plc"/>
<dc element="dc.date.published" value="1997-04-15"/>
<dc element="dc.source" value="Reuters"/>
<dc element="dc.creator.location" value="TORONTO"/>
<dc element="dc.creator.location.country.name" value="CANADA"/>
<dc element="dc.source" value="Reuters"/>
</metadata>
</newsitem>
