<?xml version="1.0" encoding="iso-8859-1" ?>
<newsitem itemid="508703" id="root" date="1997-04-15" xml:lang="en">
<title>UK: Gas oil markets busy, other products quiet in NWE.</title>
<headline>Gas oil markets busy, other products quiet in NWE.</headline>
<dateline>LONDON 1997-04-15</dateline>
<text>
<p>NWE oil products were steady to firmer on Tuesday, traders said, with gas oil cargoes busy.</p>
<p>Naphtha held steady with the short term undertone remaining soft as cheaper alternative feedstocks kept petchem buyers relaxed, although swaps firmed slightly.</p>
<p>Gasoline prices were steady despite some weakness on NYMEX unleaded futures. Eurograde barges traded $1 firmer at $193.50 for balance of April lifting.</p>
<p>Heating oil barge premiums firmed 50 cents, but most attention was fixed on a busy diesel cargo market.</p>
<p>Fuel oil markets were quiet.</p>
<p>High sulphur barges traded at $82.50 fob. Low sulphur cracked came under more pressure from straight-run, which slipped on a weak cargo deal.</p>
<p>- London newsroom +44 171 542 8060</p>
</text>
<copyright>(c) Reuters Limited 1997</copyright>
<metadata>
<codes class="bip:countries:1.0">
  <code code="UK">
    <editdetail attribution="Reuters BIP Coding Group" action="confirmed" date="1997-04-15"/>
  </code>
</codes>
<codes class="bip:topics:1.0">
  <code code="M14">
    <editdetail attribution="Reuters BIP Coding Group" action="confirmed" date="1997-04-15"/>
  </code>
  <code code="M143">
    <editdetail attribution="Reuters BIP Coding Group" action="confirmed" date="1997-04-15"/>
  </code>
  <code code="MCAT">
    <editdetail attribution="Reuters BIP Coding Group" action="confirmed" date="1997-04-15"/>
  </code>
</codes>
<dc element="dc.date.created" value="1997-04-15"/>
<dc element="dc.publisher" value="Reuters Holdings Plc"/>
<dc element="dc.date.published" value="1997-04-15"/>
<dc element="dc.source" value="Reuters"/>
<dc element="dc.creator.location" value="LONDON"/>
<dc element="dc.creator.location.country.name" value="UK"/>
<dc element="dc.source" value="Reuters"/>
</metadata>
</newsitem>
