<?xml version="1.0" encoding="iso-8859-1" ?>
<newsitem itemid="508718" id="root" date="1997-04-15" xml:lang="en">
<title>UK: NWE spot naphtha steady swaps flag gains.</title>
<headline>NWE spot naphtha steady swaps flag gains.</headline>
<dateline>LONDON 1997-04-15</dateline>
<text>
<p>NWE naphtha spot prices held steady in quiet trade on Tuesday.</p>
<p>Traders said in the short-term the undertone remained soft with cheaper alternative feedstocks keeping petrochemical buyers relaxed, but forward sentiment indicators, swaps, were slightly firmer.</p>
<p>May swaps firmed $1-$2 a tonne to around $166/$166.50 while June contracts showed similar gains and maintained a $1.50 contango at around $187.50/$188.</p>
<p>Traders said the stronger swaps probably represented perceptions of pick-up in demand from reformers once the U.S. driving season kicks-in and also fresh demand from petrochemical users as the gap to cheaper propane closes.</p>
<p>&quot;Propane is quite a good alternative to naphtha at the moment although the gap is closing,&quot; a trader for a major petrochemical company said.</p>
<p>&quot;If you booked the propane around two weeks ago it was worth up to around $16 but that gap is down to below $10 now and looks likely to close further,&quot; he added.</p>
<p>One or two late April Russian cargoes were still seen after a 14kt parcel traded into Rotterdam on Monday at a weaker $180 a tonne, around $2 under it's original offer.</p>
<p>--Colin Wooster, London Newsroom, +44 171 542 7456</p>
</text>
<copyright>(c) Reuters Limited 1997</copyright>
<metadata>
<codes class="bip:countries:1.0">
  <code code="UK">
    <editdetail attribution="Reuters BIP Coding Group" action="confirmed" date="1997-04-15"/>
  </code>
</codes>
<codes class="bip:topics:1.0">
  <code code="M14">
    <editdetail attribution="Reuters BIP Coding Group" action="confirmed" date="1997-04-15"/>
  </code>
  <code code="M143">
    <editdetail attribution="Reuters BIP Coding Group" action="confirmed" date="1997-04-15"/>
  </code>
  <code code="MCAT">
    <editdetail attribution="Reuters BIP Coding Group" action="confirmed" date="1997-04-15"/>
  </code>
</codes>
<dc element="dc.date.created" value="1997-04-15"/>
<dc element="dc.publisher" value="Reuters Holdings Plc"/>
<dc element="dc.date.published" value="1997-04-15"/>
<dc element="dc.source" value="Reuters"/>
<dc element="dc.creator.location" value="LONDON"/>
<dc element="dc.creator.location.country.name" value="UK"/>
<dc element="dc.source" value="Reuters"/>
</metadata>
</newsitem>
