<?xml version="1.0" encoding="iso-8859-1" ?>
<newsitem itemid="508717" id="root" date="1997-04-15" xml:lang="en">
<title>UK: NWE straight-run fuel falls on Irish cargo deal.</title>
<headline>NWE straight-run fuel falls on Irish cargo deal.</headline>
<dateline>LONDON 1997-04-15</dateline>
<text>
<p>A cargo deal from an Irish refinery to a German trader on Tuesday brought down straight-run fuel oil prices in Europe, traders said.</p>
<p>The 50,000 tonne cargo was heard traded at around $89.50 fob, well below the market, because it was very prompt. The material was believed headed transatlantic.</p>
<p>The deal thinned out supply and although the market looked weak, with refiners still preferring to process more profitable crude, traders said values were probably around $91/$93 fob.</p>
<p>Russian material was attracting buying. An M-40 went on Monday for 3 means flat to a British major, which was also heard to have picked up an E-4 out of Klaipeda at 3 means plus $2.50.</p>
<p>In the Mediterranean two Libyan straight-run cargoes were heard loading, with at least one on offer, while two Russian M-100 cargoes were seen coming available soon in Tuapse.</p>
<p>-- London newsroom +44 171 542 8060</p>
</text>
<copyright>(c) Reuters Limited 1997</copyright>
<metadata>
<codes class="bip:countries:1.0">
  <code code="UK">
    <editdetail attribution="Reuters BIP Coding Group" action="confirmed" date="1997-04-15"/>
  </code>
</codes>
<codes class="bip:topics:1.0">
  <code code="M14">
    <editdetail attribution="Reuters BIP Coding Group" action="confirmed" date="1997-04-15"/>
  </code>
  <code code="M143">
    <editdetail attribution="Reuters BIP Coding Group" action="confirmed" date="1997-04-15"/>
  </code>
  <code code="MCAT">
    <editdetail attribution="Reuters BIP Coding Group" action="confirmed" date="1997-04-15"/>
  </code>
</codes>
<dc element="dc.date.created" value="1997-04-15"/>
<dc element="dc.publisher" value="Reuters Holdings Plc"/>
<dc element="dc.date.published" value="1997-04-15"/>
<dc element="dc.source" value="Reuters"/>
<dc element="dc.creator.location" value="LONDON"/>
<dc element="dc.creator.location.country.name" value="UK"/>
<dc element="dc.source" value="Reuters"/>
</metadata>
</newsitem>
