<?xml version="1.0" encoding="iso-8859-1" ?>
<newsitem itemid="508742" id="root" date="1997-04-15" xml:lang="en">
<title>UK: European jet fuel touch stronger, interest limited.</title>
<headline>European jet fuel touch stronger, interest limited.</headline>
<dateline>LONDON 1997-04-15</dateline>
<text>
<p>European jet fuel premiums were unchanged on Tuesday while outright prices were showing only modest gains on the back of narrowly stronger IPE futures.</p>
<p>May IPE futures were trading 50 cents stronger at $165.50 a tonne at 1530 GMT.</p>
<p>Jet barge premiums were holding on to May IPE gas oil +$18 fob ARA while cargo differentials were in the low +$20s cif NWE.</p>
<p>Jet swaps premiums firmed $1 a tonne to around $24 a tonne above the IPE for April and $25 above for May.</p>
<p>In the Mediterranean, the physical market was showing EU spec material at high fob quotes +$8 with Libyan grade up to $3 cheaper.</p>
<p>-- London Newsroom +44 171 542 8980</p>
</text>
<copyright>(c) Reuters Limited 1997</copyright>
<metadata>
<codes class="bip:countries:1.0">
  <code code="UK">
    <editdetail attribution="Reuters BIP Coding Group" action="confirmed" date="1997-04-15"/>
  </code>
</codes>
<codes class="bip:topics:1.0">
  <code code="M14">
    <editdetail attribution="Reuters BIP Coding Group" action="confirmed" date="1997-04-15"/>
  </code>
  <code code="M143">
    <editdetail attribution="Reuters BIP Coding Group" action="confirmed" date="1997-04-15"/>
  </code>
  <code code="MCAT">
    <editdetail attribution="Reuters BIP Coding Group" action="confirmed" date="1997-04-15"/>
  </code>
</codes>
<dc element="dc.date.created" value="1997-04-15"/>
<dc element="dc.publisher" value="Reuters Holdings Plc"/>
<dc element="dc.date.published" value="1997-04-15"/>
<dc element="dc.source" value="Reuters"/>
<dc element="dc.creator.location" value="LONDON"/>
<dc element="dc.creator.location.country.name" value="UK"/>
<dc element="dc.source" value="Reuters"/>
</metadata>
</newsitem>
