<?xml version="1.0" encoding="iso-8859-1" ?>
<newsitem itemid="508764" id="root" date="1997-04-15" xml:lang="en">
<title>CANADA: Toronto stocks end one pct higher but trail Dow.</title>
<headline>Toronto stocks end one pct higher but trail Dow.</headline>
<byline>Lydia Zajc</byline>
<dateline>TORONTO</dateline>
<text>
<p>Toronto stocks closed one percent higher on Tuesday, but trailed a stronger rally in New York as fears of a U.S. interest rate hike eased on weak U.S. inflation numbers.</p>
<p>The Toronto Stock Exchange's key 300 Composite Index soared 64.22 points, or 1.1 percent, to close at 5743.55. On Monday, the index was down more than 10 percent since setting its lifetime high of 6348 points on March 11.</p>
<p>The Dow Jones Industrial Average surged 135.26 points to close at 6587.16.</p>
<p>Toronto's gains were restrained by its heavyweight gold group, which dropped two percent on weak gold prices.</p>
<p>&quot;We're just following the U.S. side. The U.S. side is very strong on consumer price index numbers,&quot; said Montreal-based analyst Bill Ram.</p>
<p>The U.S. Labor Department said on Tuesday the consumer price index rose 0.1 percent in March. Economists surveyed by Reuters had forecast a gain of 0.2 percent.</p>
<p>The weaker numbers inspired investors to put aside fears of another U.S. rate move -- at least for a while, Ram said.</p>
<p>Turnover was moderate with volume of 77.1 million shares worth C$1.35 billion ($966 million).</p>
<p>Of Toronto's 14 sub-indices, 11 rose led by banks, conglomerates and utilities. On the weak side, gold fell two percent followed by moderate losses in consumer products and real estate.</p>
<p>Advancing stocks outpaced declining issues 513 to 416 with 299 unchanged.</p>
<p>Among hot stocks, Bre-X Minerals Ltd. dropped 0.22 to 2.23 on 5.3 million shares, topping the most-active list.</p>
<p>Bank of Nova Scotia jumped 1.45 to 50.15, while the Toronto Dominion Bank rose 1.40 to 37.00.</p>
<p>Conglomerate BCE Inc., Canada's largest publicly traded company, added 2.10 to finish at 63.70 on 1.2 million shares.</p>
<p>Biotechnology firm BioChem Pharma Inc. lost 5.60 to 26.40 as the market appeared to react coolly to clinical trial results released last week on its Hepatitis B drug, lamivudine.</p>
</text>
<copyright>(c) Reuters Limited 1997</copyright>
<metadata>
<codes class="bip:countries:1.0">
  <code code="CANA">
    <editdetail attribution="Reuters BIP Coding Group" action="confirmed" date="1997-04-15"/>
  </code>
</codes>
<codes class="bip:topics:1.0">
  <code code="M11">
    <editdetail attribution="Reuters BIP Coding Group" action="confirmed" date="1997-04-15"/>
  </code>
  <code code="MCAT">
    <editdetail attribution="Reuters BIP Coding Group" action="confirmed" date="1997-04-15"/>
  </code>
</codes>
<dc element="dc.publisher" value="Reuters Holdings Plc"/>
<dc element="dc.date.published" value="1997-04-15"/>
<dc element="dc.source" value="Reuters"/>
<dc element="dc.creator.location" value="TORONTO"/>
<dc element="dc.creator.location.country.name" value="CANADA"/>
<dc element="dc.source" value="Reuters"/>
</metadata>
</newsitem>
