<?xml version="1.0" encoding="iso-8859-1" ?>
<newsitem itemid="508763" id="root" date="1997-04-15" xml:lang="en">
<title>AUSTRALIA: Rugby league-Injured Clyde misses test selection.</title>
<headline>Rugby league-Injured Clyde misses test selection.</headline>
<dateline>SYDNEY 1996-04-16</dateline>
<text>
<p>Australia selectors overlooked injured Canberra lock Brad Clyde on Tuesday when they announced the side to play New Zealand in the inaugural Super League test on Anzac Day.</p>
<p>Clyde missed last Friday's tri-series match between New South Wales and Queensland and also Canberra's win over Penrith due to ankle injury.</p>
<p>Brisbane's Darren Smith was named in Clyde's place, while Penrith teenager Craig Gower was chosen as hooker ahead of veteran rake Steve Walters.</p>
<p>Australia will be captained by Laurie Daley.</p>
<p>New Zealand on Monday announced a strong side to be captained by Steve Kearney.</p>
<p>Teams:</p>
<p>Australia - David Peachey; Ken Nagas, Andrew Ettingshausen, Ryan Girdler, Wendell Sailor; Laurie Daley (captain), Allan Langer; Glenn Lazarus, Craig Gower, Rodney Howe, David Furner, Brad Thorn, Darren Smith. Reserves: Paul Green, Julian O'Neil, Matt Adamson, Solomon Haumono.</p>
<p>New Zealand - Henry Paul; Sean Hoppe, Ruben Wiki, John Timu, Richard Barnett; Gene Ngamu, Stacey Jones; Grant Young, Syd Eru, Quentin Pongia, Steve Kearney (captain), Tony Iro, Tawera Nikau. Reserves: Joe Vagana, Tyran Smith, Robbie Paul, Tea Ropati.</p>
<p>-- Sydney Newsroom 61-2 9373-1800</p>
</text>
<copyright>(c) Reuters Limited 1997</copyright>
<metadata>
<codes class="bip:countries:1.0">
  <code code="AUSTR">
    <editdetail attribution="Reuters BIP Coding Group" action="confirmed" date="1997-04-15"/>
  </code>
  <code code="NZ">
    <editdetail attribution="Reuters BIP Coding Group" action="confirmed" date="1997-04-15"/>
  </code>
</codes>
<codes class="bip:topics:1.0">
  <code code="GCAT">
    <editdetail attribution="Reuters BIP Coding Group" action="confirmed" date="1997-04-15"/>
  </code>
  <code code="GSPO">
    <editdetail attribution="Reuters BIP Coding Group" action="confirmed" date="1997-04-15"/>
  </code>
</codes>
<dc element="dc.date.created" value="1996-04-16"/>
<dc element="dc.publisher" value="Reuters Holdings Plc"/>
<dc element="dc.date.published" value="1997-04-15"/>
<dc element="dc.source" value="Reuters"/>
<dc element="dc.creator.location" value="SYDNEY"/>
<dc element="dc.creator.location.country.name" value="AUSTRALIA"/>
<dc element="dc.source" value="Reuters"/>
</metadata>
</newsitem>
