<?xml version="1.0" encoding="iso-8859-1" ?>
<newsitem itemid="508751" id="root" date="1997-04-15" xml:lang="en">
<title>UK: London Exchange plays down survey findings.</title>
<headline>London Exchange plays down survey findings.</headline>
<dateline>LONDON 1997-04-15</dateline>
<text>
<p>The London Stock Exchange (LSE) on Tuesday played down the findings of a survey that found UK fund managers remained sceptical about the benefits of order-driven share trading, to be introduced this autumn.</p>
<p>&quot;From our own evidence, looking at how the order book works around the world,&quot; said a spokesman for the Exchange, &quot;there is enough evidence to show there is higher liquidity, faster trading and tighter spreads that lead to lower dealing costs.&quot;</p>
<p>&quot;You can't please everyone all the time but we believe it will offer benefits to large and small investors.&quot;</p>
<p>Earlier a poll for Reuters by Tempest Consultants found that most fund managers still believe the order-driven share trading regime will either make no difference to liquidity and speed of execution or will make them worse.</p>
<p>Order-driven trading, where shares are bought automatically and sold via computer instead of being dealt by a market-maker as at present, is intended to bring London into line with bourses overseas and improve its competitiveness.</p>
<p>Yet the results of the survey showed that fund managers remain sceptical of the benefits they will derive from the innovation, just as they were when it was first proposed over a year ago.</p>
<p>The survey findings were part of an annual poll of fund managers giving their ratings of individual stock analysts.</p>
<p>-- David Holmes, London Newsroom +44 171 542 4367</p>
</text>
<copyright>(c) Reuters Limited 1997</copyright>
<metadata>
<codes class="bip:countries:1.0">
  <code code="UK">
    <editdetail attribution="Reuters BIP Coding Group" action="confirmed" date="1997-04-15"/>
  </code>
</codes>
<codes class="bip:industries:1.0">
  <code code="I83100">
    <editdetail attribution="Reuters BIP Coding Group" action="confirmed" date="1997-04-15"/>
  </code>
</codes>
<codes class="bip:topics:1.0">
  <code code="C13">
    <editdetail attribution="Reuters BIP Coding Group" action="confirmed" date="1997-04-15"/>
  </code>
  <code code="C22">
    <editdetail attribution="Reuters BIP Coding Group" action="confirmed" date="1997-04-15"/>
  </code>
  <code code="CCAT">
    <editdetail attribution="Reuters BIP Coding Group" action="confirmed" date="1997-04-15"/>
  </code>
  <code code="M11">
    <editdetail attribution="Reuters BIP Coding Group" action="confirmed" date="1997-04-15"/>
  </code>
  <code code="MCAT">
    <editdetail attribution="Reuters BIP Coding Group" action="confirmed" date="1997-04-15"/>
  </code>
</codes>
<dc element="dc.date.created" value="1997-04-15"/>
<dc element="dc.publisher" value="Reuters Holdings Plc"/>
<dc element="dc.date.published" value="1997-04-15"/>
<dc element="dc.source" value="Reuters"/>
<dc element="dc.creator.location" value="LONDON"/>
<dc element="dc.creator.location.country.name" value="UK"/>
<dc element="dc.source" value="Reuters"/>
</metadata>
</newsitem>
