<?xml version="1.0" encoding="iso-8859-1" ?>
<newsitem itemid="508788" id="root" date="1997-04-15" xml:lang="en">
<title>CANADA: Canada launches Euro medium-term note program.</title>
<headline>Canada launches Euro medium-term note program.</headline>
<dateline>TORONTO 1997-04-15</dateline>
<text>
<p>The Canadian government on Tuesday announced the lauch of its Euro Medium-Term Note program, which is designed to diversify the source of funding for Canada's foreign exchange reserves.</p>
<p>The amount to be borrowed under the program was not disclosed.  </p>
<p>The government said notes issued under the new program will be denominated in a range of currencies and structured to meet investor demand. Obligations will be swapped to U.S. dollars, the primary currency held in Canada's foreign exchange reserves.</p>
<p>The Canadian government also funds its reserves with foreign currency bond issues, swaps of domestic bonds, Canada Notes and Canada Bills.</p>
<p>The medium-term note program is being arranged by Morgan Stanley &amp; Co International. The dealer group included CIBC Wood Gundy plc, Daiwa Europe Limited, Deutsche Morgan Grenfell, Goldman Sachs International, J.P. Morgan Securities Ltd., Merrill Lynch International, Morgan Stanley &amp; Co. International, Nomura International, RBC Dominion Securities Inc, and UBS Ltd.  </p>
<p>An official with the Department of Finance said the department did not have a specific target for how much it would like to borrow under the program, but that it was not foreseen to be more than US$3 billion.</p>
<p>The Finance Department on April 3 reported that Canada's foreign reserves rose to US$21.64 billion in March. Of that amount, US$18.7 billion was held as U.S. dollars.</p>
<p>((Jeffrey Hodgson (416) 941-8105, e-mail: jeffrey.hodgson@reuters.com))</p>
</text>
<copyright>(c) Reuters Limited 1997</copyright>
<metadata>
<codes class="bip:countries:1.0">
  <code code="CANA">
    <editdetail attribution="Reuters BIP Coding Group" action="confirmed" date="1997-04-15"/>
  </code>
</codes>
<codes class="bip:topics:1.0">
  <code code="E21">
    <editdetail attribution="Reuters BIP Coding Group" action="confirmed" date="1997-04-15"/>
  </code>
  <code code="E212">
    <editdetail attribution="Reuters BIP Coding Group" action="confirmed" date="1997-04-15"/>
  </code>
  <code code="ECAT">
    <editdetail attribution="Reuters BIP Coding Group" action="confirmed" date="1997-04-15"/>
  </code>
  <code code="M12">
    <editdetail attribution="Reuters BIP Coding Group" action="confirmed" date="1997-04-15"/>
  </code>
  <code code="MCAT">
    <editdetail attribution="Reuters BIP Coding Group" action="confirmed" date="1997-04-15"/>
  </code>
</codes>
<dc element="dc.date.created" value="1997-04-15"/>
<dc element="dc.publisher" value="Reuters Holdings Plc"/>
<dc element="dc.date.published" value="1997-04-15"/>
<dc element="dc.source" value="Reuters"/>
<dc element="dc.creator.location" value="TORONTO"/>
<dc element="dc.creator.location.country.name" value="CANADA"/>
<dc element="dc.source" value="Reuters"/>
</metadata>
</newsitem>
