<?xml version="1.0" encoding="iso-8859-1" ?>
<newsitem itemid="508773" id="root" date="1997-04-15" xml:lang="en">
<title>CANADA: Canada's Martin repeats no broad tax cuts yet.</title>
<headline>Canada's Martin repeats no broad tax cuts yet.</headline>
<dateline>OTTAWA 1997-04-15</dateline>
<text>
<p>Finance Minister Paul Martin said on Tuesday he would not jeopardize Canada's deficit reduction efforts by introducing broad-based tax reductions too early.</p>
<p>&quot;We want to bring down taxes and we intend to bring down taxes,&quot; Martin told reporters.</p>
<p>&quot;In fact we've already begun with selective tax cuts. But in terms of broader-based tax reductions, we are not going to do it if there is any chance that the deficit would go up or if there is any chance that health care, education or old age pensions would be threatened as a result,&quot; he said.</p>
<p>&quot;The fact of the matter is Canadians have made it very clear to all governments that they don't want to see dividends spent before they are earned.</p>
<p>&quot;They want to see us lick the deficit very clearly. We've also said that there are social priorities on which money should be spent. And we set those priorities out in the budget very clearly and we've said we'd like to work on fuller funding as the money as the country can afford it.&quot;</p>
<p>As a federal election approaches, probably in June, the ruling Liberals have been under pressure by the tax-cutting pledges of the Conservative and Reform parties.</p>
<p>((Paula Jardine, Reuters Ottawa Bureau 613-235-6745))</p>
</text>
<copyright>(c) Reuters Limited 1997</copyright>
<metadata>
<codes class="bip:countries:1.0">
  <code code="CANA">
    <editdetail attribution="Reuters BIP Coding Group" action="confirmed" date="1997-04-15"/>
  </code>
</codes>
<codes class="bip:topics:1.0">
  <code code="E21">
    <editdetail attribution="Reuters BIP Coding Group" action="confirmed" date="1997-04-15"/>
  </code>
  <code code="E211">
    <editdetail attribution="Reuters BIP Coding Group" action="confirmed" date="1997-04-15"/>
  </code>
  <code code="ECAT">
    <editdetail attribution="Reuters BIP Coding Group" action="confirmed" date="1997-04-15"/>
  </code>
</codes>
<dc element="dc.date.created" value="1997-04-15"/>
<dc element="dc.publisher" value="Reuters Holdings Plc"/>
<dc element="dc.date.published" value="1997-04-15"/>
<dc element="dc.source" value="Reuters"/>
<dc element="dc.creator.location" value="OTTAWA"/>
<dc element="dc.creator.location.country.name" value="CANADA"/>
<dc element="dc.source" value="Reuters"/>
</metadata>
</newsitem>
