<?xml version="1.0" encoding="iso-8859-1" ?>
<newsitem itemid="508780" id="root" date="1997-04-15" xml:lang="en">
<title>CANADA: WCE canola ends up on Cargill, local buying.</title>
<headline>WCE canola ends up on Cargill, local buying.</headline>
<dateline>WINNIPEG 1997-04-15</dateline>
<text>
<p>WCE canola futures ended up on day-long Cargill demand and a closing local short covering rally.</p>
<p>&quot;Cargill bought 750 July contracts through the day. Locals were the main sellers, then they had a short covering rally at the close,&quot; a trader said.</p>
<p>May WCE futures crush profit margin fell to -14.59 Tuesday from -13.65 Monday. About 500 July-Nov spread at $47.50, 500 May-Nov $43. Volume was 8,420 lots.</p>
<p>Japan bought 1,000 tonnes canola overnight, sources said.</p>
<p>May canola rose $4.40 to $421.10, July closed up $4.70 at $426.10 and November ended up $4.30 at $378.50. May flax lost $0.50 as commercials sold 100 May-July at $2.50. Volume was 400 lots.</p>
<p>May western barley fell $1.40 to $140.10 and July settled $0.90 lower at $139.60 with the Pools selling to UGG, traders said. Locals were light sellers. About 200 May-July spread from $0.80 to $0.50 sold by Benson Quinn and Alberta Wheat Pool, traders said. Volume 1,200.</p>
<p>May feed wheat slipped $0.40 to close at $171.90 and July fell $0.70 to $168.90. Alberta Wheat Pool was the best seller, a trader said. May-July was bid at $3, offered at $3.50. Volume 500 lots.</p>
<p>Oats and feed peas did not trade.</p>
<p>(All values in Canadian dollars per tonne except feed peas and oats)</p>
<p>((Gilbert Le Gras 204 947 3548))</p>
</text>
<copyright>(c) Reuters Limited 1997</copyright>
<metadata>
<codes class="bip:countries:1.0">
  <code code="CANA">
    <editdetail attribution="Reuters BIP Coding Group" action="confirmed" date="1997-04-15"/>
  </code>
</codes>
<codes class="bip:topics:1.0">
  <code code="M14">
    <editdetail attribution="Reuters BIP Coding Group" action="confirmed" date="1997-04-15"/>
  </code>
  <code code="M141">
    <editdetail attribution="Reuters BIP Coding Group" action="confirmed" date="1997-04-15"/>
  </code>
  <code code="MCAT">
    <editdetail attribution="Reuters BIP Coding Group" action="confirmed" date="1997-04-15"/>
  </code>
</codes>
<dc element="dc.date.created" value="1997-04-15"/>
<dc element="dc.publisher" value="Reuters Holdings Plc"/>
<dc element="dc.date.published" value="1997-04-15"/>
<dc element="dc.source" value="Reuters"/>
<dc element="dc.creator.location" value="WINNIPEG"/>
<dc element="dc.creator.location.country.name" value="CANADA"/>
<dc element="dc.source" value="Reuters"/>
</metadata>
</newsitem>
