<?xml version="1.0" encoding="iso-8859-1" ?>
<newsitem itemid="508785" id="root" date="1997-04-15" xml:lang="en">
<title>CANADA: BioChem Pharma falls in vigorous trading.</title>
<headline>BioChem Pharma falls in vigorous trading.</headline>
<dateline>MONTREAL 1997-04-15</dateline>
<text>
<p>Shares of BioChem Pharma Inc fell on Tuesday as the market appeared to react coolly to clinical trial results released last week on its lamivudine drug.</p>
<p>On Nasdaq where Montreal-based BioChem Pharma's stock is most traded, its shares were off 4.75 to 18 at midday on a volume of more than 3.8 million shares. On the Toronto Stock Exchange, BioChem Pharma shares were down 7.50 to 24.50 on a turnover of 17,250 shares.</p>
<p>Analysts said BioChem's share price decline could be related to clinical trial results released last week on lamivudine, a drug under development for the treatment of Hepatitis B.</p>
<p>BioChem Pharma licensed lamivudine to Glaxo Wellcome Plc in 1990 and would receive royalties if the drug is approved for commercial sale.</p>
<p>Although BioChem Pharma and Glaxo said the trial results were &quot;extremely encouraging,&quot; some analysts expressed reservations about the effectiveness of the drug in treating chronic Hepatitis B.</p>
<p>&quot;I think the data was solid, but it maybe was a little bit below expectations,&quot; said Sven Borho, of New York-based Mehta and Isaly.</p>
<p>BioChem Pharma shares have been fairly volatile in the days before and after the April 10 announcement of the trial results in London. They slipped from more than 30 on Nasdaq in mid-February to below 22 in early April.</p>
<p>((Reuters Montreal bureau 514-985-2434))</p>
</text>
<copyright>(c) Reuters Limited 1997</copyright>
<metadata>
<codes class="bip:countries:1.0">
  <code code="CANA">
    <editdetail attribution="Reuters BIP Coding Group" action="confirmed" date="1997-04-15"/>
  </code>
</codes>
<codes class="bip:industries:1.0">
  <code code="I25700">
    <editdetail attribution="Reuters BIP Coding Group" action="confirmed" date="1997-04-15"/>
  </code>
</codes>
<codes class="bip:topics:1.0">
  <code code="C15">
    <editdetail attribution="Reuters BIP Coding Group" action="confirmed" date="1997-04-15"/>
  </code>
  <code code="C152">
    <editdetail attribution="Reuters BIP Coding Group" action="confirmed" date="1997-04-15"/>
  </code>
  <code code="CCAT">
    <editdetail attribution="Reuters BIP Coding Group" action="confirmed" date="1997-04-15"/>
  </code>
</codes>
<dc element="dc.date.created" value="1997-04-15"/>
<dc element="dc.publisher" value="Reuters Holdings Plc"/>
<dc element="dc.date.published" value="1997-04-15"/>
<dc element="dc.source" value="Reuters"/>
<dc element="dc.creator.location" value="MONTREAL"/>
<dc element="dc.creator.location.country.name" value="CANADA"/>
<dc element="dc.source" value="Reuters"/>
</metadata>
</newsitem>
