<?xml version="1.0" encoding="iso-8859-1" ?>
<newsitem itemid="508838" id="root" date="1997-04-15" xml:lang="en">
<title>ZAMBIA: PRESS DIGEST - Zambia - April 15.</title>
<headline>PRESS DIGEST - Zambia - April 15.</headline>
<dateline>LUSAKA 1997-04-15</dateline>
<text>
<p>These are the leading stories in the Zambian press on Tuesday.</p>
<p>Reuters has not verified these stories and does not vouch for their accuracy.</p>
<p>- - - -</p>
<p>TIMES OF ZAMBIA</p>
<p>- Sweden says it will drop donor conditions to aid provided to Zaire, in an effort to encourage better relations with donor-dependent African countries.</p>
<p>- The Irish embassy urged the Lusaka government to consult various stakeholders before pushing through controversial media reforms.</p>
<p>- Four Zambians drowned in the Zambezi river.</p>
<p>- - - -</p>
<p>ZAMBIA DAILY MAIL</p>
<p>- Over 100 soldiers from the special presidential guard of embattled Zairean president Mobuto Sese Seko have fled into Zambia.</p>
<p>- President Frederick Chiluba is to go to Tanzania for a one-day regional summit on the situation in Burundi.</p>
<p>- - - -</p>
<p>THE POST</p>
<p>- The farmers' union had projected a three percent drop in maize output in 1997.</p>
<p>- The law association of Zambia says it will conduct a prison audit to establish why over-crowding is increasing in the country's jails.</p>
</text>
<copyright>(c) Reuters Limited 1997</copyright>
<metadata>
<codes class="bip:countries:1.0">
  <code code="ZAMBIA">
    <editdetail attribution="Reuters BIP Coding Group" action="confirmed" date="1997-04-15"/>
  </code>
</codes>
<codes class="bip:topics:1.0">
  <code code="GCAT">
    <editdetail attribution="Reuters BIP Coding Group" action="confirmed" date="1997-04-15"/>
  </code>
</codes>
<dc element="dc.date.created" value="1997-04-15"/>
<dc element="dc.publisher" value="Reuters Holdings Plc"/>
<dc element="dc.date.published" value="1997-04-15"/>
<dc element="dc.source" value="Reuters"/>
<dc element="dc.creator.location" value="LUSAKA"/>
<dc element="dc.creator.location.country.name" value="ZAMBIA"/>
<dc element="dc.source" value="Reuters"/>
</metadata>
</newsitem>
