<?xml version="1.0" encoding="iso-8859-1" ?>
<newsitem itemid="508819" id="root" date="1997-04-15" xml:lang="en">
<title>SOUTH AFRICA: Fire breaks out at Harties mine.</title>
<headline>Fire breaks out at Harties mine.</headline>
<dateline>JOHANNESBURG 1997-04-15</dateline>
<text>
<p>Hartebeestfontein Gold Mining Company Ltd said on Tuesday a fire started at its No 6 shaft this morning and that 258 employees were evacuated.</p>
<p>The fire affected five stopes and one development area in a &quot;relatively&quot; low grade section of the mine. Eighty employees were referred to the Duff Scott Hospital for observation as a routine precaution, the mine said.</p>
<p>The mine which is in the Avgold Ltd stable was still attempting to put out the fire.</p>
<p>-- Johannesburg newsroom, +27 11 482 1003</p>
</text>
<copyright>(c) Reuters Limited 1997</copyright>
<metadata>
<codes class="bip:countries:1.0">
  <code code="SAFR">
    <editdetail attribution="Reuters BIP Coding Group" action="confirmed" date="1997-04-15"/>
  </code>
</codes>
<codes class="bip:industries:1.0">
  <code code="I21000">
    <editdetail attribution="Reuters BIP Coding Group" action="confirmed" date="1997-04-15"/>
  </code>
  <code code="I83960">
    <editdetail attribution="Reuters BIP Coding Group" action="confirmed" date="1997-04-15"/>
  </code>
</codes>
<codes class="bip:topics:1.0">
  <code code="C24">
    <editdetail attribution="Reuters BIP Coding Group" action="confirmed" date="1997-04-15"/>
  </code>
  <code code="CCAT">
    <editdetail attribution="Reuters BIP Coding Group" action="confirmed" date="1997-04-15"/>
  </code>
  <code code="GCAT">
    <editdetail attribution="Reuters BIP Coding Group" action="confirmed" date="1997-04-15"/>
  </code>
  <code code="GDIS">
    <editdetail attribution="Reuters BIP Coding Group" action="confirmed" date="1997-04-15"/>
  </code>
</codes>
<dc element="dc.date.created" value="1997-04-15"/>
<dc element="dc.publisher" value="Reuters Holdings Plc"/>
<dc element="dc.date.published" value="1997-04-15"/>
<dc element="dc.source" value="Reuters"/>
<dc element="dc.creator.location" value="JOHANNESBURG"/>
<dc element="dc.creator.location.country.name" value="SOUTH AFRICA"/>
<dc element="dc.source" value="Reuters"/>
</metadata>
</newsitem>
