<?xml version="1.0" encoding="iso-8859-1" ?>
<newsitem itemid="508800" id="root" date="1997-04-15" xml:lang="en">
<title>NIGERIA: Nigerian oil minister seeks funds for refineries.</title>
<headline>Nigerian oil minister seeks funds for refineries.</headline>
<dateline>LAGOS 1997-04-15</dateline>
<text>
<p>Nigerian oil minister Dan Etete has urged the military government to release funds to repair the nation's four oil refineries, his aides said on Tuesday.</p>
<p>The low productivity of the refineries is partly to blame for a three-week-old fuel supply crunch that has caused long queues of vehicles at pump stations.</p>
<p>His aides said Etete, addressing the committee on Vision 2010 in the capital Abuja last week, lamented that four months into 1997 the government was yet to release $230 million voted for the oil sector to refurbish the refineries and pipelines.</p>
<p>Vision 2010 committee is a 197-strong group of business and political leaders appointed by the military government to fashion ways of improving Nigeria's economy.</p>
<p>Etete said practical measures were needed to strengthen the oil industry, Nigeria's economic backbone.</p>
<p>The sector is heavily underfunded despite providing the bulk of Nigeria's export revenue.</p>
<p>Poor management and inadequate maintenance are responsible for why the four refineries often run at a fraction of their combined installed capacity to process 445,000 barrels per day (bpd) of crude oil.</p>
<p>Etete said Nigeria's oil industry was beset with a series of problems including ageing refineries, vandalised pipelines and poor maintenance of fuel depots and pump stations.</p>
<p>&quot;In general, the refineries, except for the new Port Harcourt plant, are old and often face equipment failure and breakdowns,&quot; he said, adding &quot;They require a comprehesive rehabilitation programme.&quot;</p>
<p>A turn around maintenance of the plants due to have been undertaken in the first quarter of this year was reschuled to late summer after the finance ministry failed to release funding on schedule.</p>
<p>--Lagos newsroom +234 1 2630317</p>
</text>
<copyright>(c) Reuters Limited 1997</copyright>
<metadata>
<codes class="bip:countries:1.0">
  <code code="NIGEA">
    <editdetail attribution="Reuters BIP Coding Group" action="confirmed" date="1997-04-15"/>
  </code>
</codes>
<codes class="bip:industries:1.0">
  <code code="I14000">
    <editdetail attribution="Reuters BIP Coding Group" action="confirmed" date="1997-04-15"/>
  </code>
</codes>
<codes class="bip:topics:1.0">
  <code code="C13">
    <editdetail attribution="Reuters BIP Coding Group" action="confirmed" date="1997-04-15"/>
  </code>
  <code code="C17">
    <editdetail attribution="Reuters BIP Coding Group" action="confirmed" date="1997-04-15"/>
  </code>
  <code code="C24">
    <editdetail attribution="Reuters BIP Coding Group" action="confirmed" date="1997-04-15"/>
  </code>
  <code code="CCAT">
    <editdetail attribution="Reuters BIP Coding Group" action="confirmed" date="1997-04-15"/>
  </code>
</codes>
<dc element="dc.date.created" value="1997-04-15"/>
<dc element="dc.publisher" value="Reuters Holdings Plc"/>
<dc element="dc.date.published" value="1997-04-15"/>
<dc element="dc.source" value="Reuters"/>
<dc element="dc.creator.location" value="LAGOS"/>
<dc element="dc.creator.location.country.name" value="NIGERIA"/>
<dc element="dc.source" value="Reuters"/>
</metadata>
</newsitem>
