<?xml version="1.0" encoding="iso-8859-1" ?>
<newsitem itemid="508876" id="root" date="1997-04-15" xml:lang="en">
<title>ROMANIA: Port conditions update - Romania - Lloyds Shipping.</title>
<headline>Port conditions update - Romania - Lloyds Shipping.</headline>
<text>
<p>Port conditions from Lloyds Shipping Intelligence Service --</p>
<p>BUCHAREST, April 15 - Sulina Channel was reopened at 0640 local , April 15.</p>
<p>CONSTANTA, April 15 - Port was reopened at 0745 local, April 15.</p>
</text>
<copyright>(c) Reuters Limited 1997</copyright>
<metadata>
<codes class="bip:countries:1.0">
  <code code="ROM">
    <editdetail attribution="Reuters BIP Coding Group" action="confirmed" date="1997-04-15"/>
  </code>
</codes>
<codes class="bip:industries:1.0">
  <code code="I76300">
    <editdetail attribution="Reuters BIP Coding Group" action="confirmed" date="1997-04-15"/>
  </code>
</codes>
<codes class="bip:topics:1.0">
  <code code="C24">
    <editdetail attribution="Reuters BIP Coding Group" action="confirmed" date="1997-04-15"/>
  </code>
  <code code="CCAT">
    <editdetail attribution="Reuters BIP Coding Group" action="confirmed" date="1997-04-15"/>
  </code>
</codes>
<dc element="dc.publisher" value="Reuters Holdings Plc"/>
<dc element="dc.date.published" value="1997-04-15"/>
<dc element="dc.source" value="Reuters"/>
<dc element="dc.creator.location.country.name" value="ROMANIA"/>
<dc element="dc.source" value="Reuters"/>
</metadata>
</newsitem>
