<?xml version="1.0" encoding="iso-8859-1" ?>
<newsitem itemid="508844" id="root" date="1997-04-15" xml:lang="en">
<title>KENYA: Kenya's Serena comfortably oversubcribed.</title>
<headline>Kenya's Serena comfortably oversubcribed.</headline>
<dateline>NAIROBI 1997-04-15</dateline>
<text>
<p>A last-minute rush for the public share offer of Kenya's leading tourism concern Serena Lodges &amp; Hotels racked up sales and brokers said it was oversubscribed.</p>
<p>&quot;At this stage, you could say it's comfortably oversubscribed,&quot; said Amish Gupta of sponsoring brokerage house Shah, Munge and Partners. The offer closed on Monday.</p>
<p>He said Shah, Munge sold 5.8 million shares -- 64 percent of the total share issue. Out of this, 72 percent of the total value was brought by individuals and 28 percent by companies.</p>
<p>On offer were 9,025,100 shares held by government tourism agency Kenya Tourism Development Corporation at a discounted price of 13 shillings per share.</p>
<p>Brokers said there was a remarkably low level of foreign interest in Serena in the primary market.</p>
<p>&quot;The shares on offer were too few and it was not very clear from the prospectus exactly how many shares would be allocated to foreign investors,&quot; one broker said.</p>
<p>He speculated the political and foreign exchange risk associated with locking up funds for the entire flotation period could have discouraged foreign investors.</p>
<p>&quot;The foreign element will definitely play a role in the success of the share in the secondary market,&quot; said another broker.</p>
</text>
<copyright>(c) Reuters Limited 1997</copyright>
<metadata>
<codes class="bip:countries:1.0">
  <code code="KENYA">
    <editdetail attribution="Reuters BIP Coding Group" action="confirmed" date="1997-04-15"/>
  </code>
</codes>
<codes class="bip:industries:1.0">
  <code code="I66500">
    <editdetail attribution="Reuters BIP Coding Group" action="confirmed" date="1997-04-15"/>
  </code>
</codes>
<codes class="bip:topics:1.0">
  <code code="C17">
    <editdetail attribution="Reuters BIP Coding Group" action="confirmed" date="1997-04-15"/>
  </code>
  <code code="C171">
    <editdetail attribution="Reuters BIP Coding Group" action="confirmed" date="1997-04-15"/>
  </code>
  <code code="CCAT">
    <editdetail attribution="Reuters BIP Coding Group" action="confirmed" date="1997-04-15"/>
  </code>
</codes>
<dc element="dc.date.created" value="1997-04-15"/>
<dc element="dc.publisher" value="Reuters Holdings Plc"/>
<dc element="dc.date.published" value="1997-04-15"/>
<dc element="dc.source" value="Reuters"/>
<dc element="dc.creator.location" value="NAIROBI"/>
<dc element="dc.creator.location.country.name" value="KENYA"/>
<dc element="dc.source" value="Reuters"/>
</metadata>
</newsitem>
