<?xml version="1.0" encoding="iso-8859-1" ?>
<newsitem itemid="508877" id="root" date="1997-04-15" xml:lang="en">
<title>RUSSIA: Yeltsin appeals for help in &quot;Buy Russian&quot; campaign.</title>
<headline>Yeltsin appeals for help in &quot;Buy Russian&quot; campaign.</headline>
<byline>Janet Guttsman</byline>
<dateline>MOSCOW 1997-04-15</dateline>
<text>
<p>President Boris Yeltsin tugged at Russians' nationalist heartstrings on Tuesday, appealing to his fellow citizens to buy Russian goods.</p>
<p>&quot;Is Russian chocolate worse than imported chocolate? No, it's better,&quot; he said in a nationwide radio address. &quot;And bread, sausage, dairy products and beer. Not to mention vodka! These goods are in no way inferior to imports and are often superior.&quot;</p>
<p>Yeltsin's appeal, part of a broadside intended to create jobs, help factories and propel the economy back to growth, is targeted at the brightly-packaged imported goods which fill once-bare shop shelves across Russia.</p>
<p>They have crowded out drab domestic products in the five years since the Soviet Union fell apart and given Russians their first taste of goods advertised around the world.</p>
<p>A bitter local joke says Russian children, asked to name the planets, reply: &quot;Earth, Venus, Mars and Snickers&quot;, a reference to U.S. chocolate bars.</p>
<p>&quot;When we buy domestic goods, we help our country, our Russian industry, we help ourselves. This is the sort of patriotism I like,&quot; Yeltsin, 66, said.</p>
<p>Yeltsin's communist opponents in the State Duma, the lower house of parliament, gave the president their cautious support, but members of the pro-government party and the liberal opposition were not so sure.</p>
<p>&quot;Domestic producers should be protected by changing the tax system and the budget and fighting corruption -- which means doing the things that Boris Nikolayevich (Yeltsin) is not doing,&quot; said Sergei Ivanenko of the liberal Yabloko group.</p>
<p>&quot;In civilised countries such appeals work, but in our conditions it can have the opposite effect. We have a different attitude to the government and have the instinct of doing precisely the opposite to what it recommends.&quot;</p>
<p>Pavel Bunich, from the pro-government Our Home is Russia bloc, said Yeltsin's appeal should be accompanied by higher customs duties -- something the president himself ruled out.</p>
<p>&quot;The president is trying to influence people,&quot; he said. &quot;There is no doubt where he saw the example -- they tell us that Americans prefer U.S.-made cars. That's true, I would also prefer a U.S. model.&quot;</p>
<p>But communist Valentin Varennikov praised Yeltsin. &quot;I have to admit that this time the president is playing on the people's side and doing the right thing,&quot; he said.</p>
<p>Yeltsin has already issued a decree ordering officials to auction off the sleek imported cars now lining up in ministerial car parks in Moscow and replace them with domestic models.</p>
<p>&quot;Soon bureaucrats will only drive Russian cars,&quot; he said.</p>
<p>Yeltsin said his &quot;Buy Russian&quot; campaign would help the economy, which officials say is on the point of growing again after seven years of severe recession.</p>
<p>&quot;Do you want fewer unemployed? Do you want to help Russian enterprises? Do you want us to stand on our own feet and work at full strength? Then I say to you, buy our goods, our Russian goods, and you won't regret it,&quot; he said.</p>
<p>He complained that Russia was flooded with promotions of foreign goods, but domestic firms could not afford to advertise.</p>
<p>Yeltsin acknowledged that some Russian factories had to improve the quality of their goods to make them competitive at home, but he singled out food and drink, and the arms and space industries, as sectors which could prosper.</p>
<p>&quot;Russia has always been proud of its armaments and space technologies. We are not behind other countries, we are often in front of them. Many countries are keen to buy Russian arms.&quot;</p>
</text>
<copyright>(c) Reuters Limited 1997</copyright>
<metadata>
<codes class="bip:countries:1.0">
  <code code="RUSS">
    <editdetail attribution="Reuters BIP Coding Group" action="confirmed" date="1997-04-15"/>
  </code>
</codes>
<codes class="bip:topics:1.0">
  <code code="E51">
    <editdetail attribution="Reuters BIP Coding Group" action="confirmed" date="1997-04-15"/>
  </code>
  <code code="E512">
    <editdetail attribution="Reuters BIP Coding Group" action="confirmed" date="1997-04-15"/>
  </code>
  <code code="ECAT">
    <editdetail attribution="Reuters BIP Coding Group" action="confirmed" date="1997-04-15"/>
  </code>
  <code code="GCAT">
    <editdetail attribution="Reuters BIP Coding Group" action="confirmed" date="1997-04-15"/>
  </code>
  <code code="GPOL">
    <editdetail attribution="Reuters BIP Coding Group" action="confirmed" date="1997-04-15"/>
  </code>
</codes>
<dc element="dc.date.created" value="1997-04-15"/>
<dc element="dc.publisher" value="Reuters Holdings Plc"/>
<dc element="dc.date.published" value="1997-04-15"/>
<dc element="dc.source" value="Reuters"/>
<dc element="dc.creator.location" value="MOSCOW"/>
<dc element="dc.creator.location.country.name" value="RUSSIA"/>
<dc element="dc.source" value="Reuters"/>
</metadata>
</newsitem>
