<?xml version="1.0" encoding="iso-8859-1" ?>
<newsitem itemid="508809" id="root" date="1997-04-15" xml:lang="en">
<title>ZAMBIA: Zambia postpones legislation controlling press.</title>
<headline>Zambia postpones legislation controlling press.</headline>
<dateline>LUSAKA 1997-04-15</dateline>
<text>
<p>The Zambian government on Tuesday indefinitely postponed proposed legislation to regulate the press after public and diplomatic pressure.</p>
<p>&quot;In order to allow for further consultation, with all stakeholders and principally the electors, the government has defered the proposed Media Council Bill,&quot; Information Minister David Mpamba said in a statement.</p>
<p>Scores of Zambian journalists staged angry protests at the weekend against the proposed law which aims to give government the power to bar journalists from working.</p>
<p>The bill has been condemned as oppressive by international observers, including the Namibian-based Media Institute for Southern Africa (MISA) and the International Federation of Journalists (IFJ).</p>
<p>&quot;There is no reference to the rights of freedom of expression and access to information (in the bill), there is detailed and dangerously wide reference to disciplinary procedures to be taken against journalists,&quot; the IFJ said in a statement.</p>
<p>Mpamba accused some foreign diplomats of exerting undue pressure on the government to withdraw the bill.</p>
<p>&quot;It is a matter of profound regret that some diplomats accredited to Zambia have taken it open themselves to issue very crude instructions to the government of the Republic of Zambia,&quot; he said.</p>
<p>&quot;Established norms and etiquette dictate that diplomats conduct affairs regarding countries they are accredited to through normal diplomatic channels,&quot; he added.</p>
<p>State newspapers reported on Tuesday that the Irish embassy had urged the government to suspend the bill until consensus had been reached with journalists and other interested parties.</p>
<p>The government has been criticised for obstructing press freedom. At least one Zambian journalist has been jailed for contempt of court over an article he wrote criticising the government. Three journalists face court charges for articles they published on the government.</p>
<p>Western donors cut aid to Zambia last year after the government introduced constitutional changes barring some opposition parties from participating in last November's general election, won by President Frederick Chiluba.</p>
</text>
<copyright>(c) Reuters Limited 1997</copyright>
<metadata>
<codes class="bip:countries:1.0">
  <code code="ZAMBIA">
    <editdetail attribution="Reuters BIP Coding Group" action="confirmed" date="1997-04-15"/>
  </code>
</codes>
<codes class="bip:industries:1.0">
  <code code="I47510">
    <editdetail attribution="Reuters BIP Coding Group" action="confirmed" date="1997-04-15"/>
  </code>
</codes>
<codes class="bip:topics:1.0">
  <code code="C13">
    <editdetail attribution="Reuters BIP Coding Group" action="confirmed" date="1997-04-15"/>
  </code>
  <code code="CCAT">
    <editdetail attribution="Reuters BIP Coding Group" action="confirmed" date="1997-04-15"/>
  </code>
  <code code="GCAT">
    <editdetail attribution="Reuters BIP Coding Group" action="confirmed" date="1997-04-15"/>
  </code>
  <code code="GPOL">
    <editdetail attribution="Reuters BIP Coding Group" action="confirmed" date="1997-04-15"/>
  </code>
</codes>
<dc element="dc.date.created" value="1997-04-15"/>
<dc element="dc.publisher" value="Reuters Holdings Plc"/>
<dc element="dc.date.published" value="1997-04-15"/>
<dc element="dc.source" value="Reuters"/>
<dc element="dc.creator.location" value="LUSAKA"/>
<dc element="dc.creator.location.country.name" value="ZAMBIA"/>
<dc element="dc.source" value="Reuters"/>
</metadata>
</newsitem>
