<?xml version="1.0" encoding="iso-8859-1" ?>
<newsitem itemid="508848" id="root" date="1997-04-15" xml:lang="en">
<title>SOUTH AFRICA: De Beers still awaits Russian gem decision.</title>
<headline>De Beers still awaits Russian gem decision.</headline>
<dateline>JOHANNESBURG 1997-04-15</dateline>
<text>
<p>De Beers Consolidated Mines Ltd was still awaiting a Russian decision on a stalled diamond trade deal but hoped to be back on a contractual basis soon, a company spokesman said on Tuesday.</p>
<p>Russia's diamond-producing company Almazy Rossii-Sakha (ARS) said on April 3 that Russia would decide on April 15 whether to sign the trade deal with De Beers after a draft agreement was struck last year.</p>
<p>De Beers spokesman Tom Tweedy said the company was still awaiting the Russian decision with interest.</p>
<p>&quot;We hope we will be back on a contractual basis soon. I think they will decide if they will sign it and probably decide when they will sign it,&quot; Tweedy said.</p>
<p>An ARS spokeswoman said on Tuesday that talks on the deal were continuing but a decision on whether to sign the deal may not be taken on Tuesday.</p>
<p>&quot;All I know is that talks on the deal are continuing,&quot; she said. &quot;We had expected agreement on the signing today, but it is still impossible to say exactly when the deal will go through.&quot;</p>
<p>Earlier this month ARS said Russia's First Deputy Prime Minister Anatoly Chubais had said that the decision on whether to sign the deal or not would be taken on April 15.</p>
<p>Russia's Itar-Tass news agency, quoting a senior government source, also said on Tuesday that a presidential decree, needed before any agreement can come into effect, would be signed within the next 10 days.</p>
<p>De Beers, frustrated at Moscow's inability to communicate its position on a draft trade agreement submitted to the cabinet in October 1996, stopped buying stones from Russia at the end of last year.</p>
<p>ARS had said earlier that De Beers bought some ARS diamonds in February, but that the South African company was not able to export the diamonds because of Russian government delays in resolving export quota issues, which are part of a stalled deal.</p>
</text>
<copyright>(c) Reuters Limited 1997</copyright>
<metadata>
<codes class="bip:countries:1.0">
  <code code="RUSS">
    <editdetail attribution="Reuters BIP Coding Group" action="confirmed" date="1997-04-15"/>
  </code>
  <code code="SAFR">
    <editdetail attribution="Reuters BIP Coding Group" action="confirmed" date="1997-04-15"/>
  </code>
</codes>
<codes class="bip:industries:1.0">
  <code code="I23000">
    <editdetail attribution="Reuters BIP Coding Group" action="confirmed" date="1997-04-15"/>
  </code>
</codes>
<codes class="bip:topics:1.0">
  <code code="C13">
    <editdetail attribution="Reuters BIP Coding Group" action="confirmed" date="1997-04-15"/>
  </code>
  <code code="C33">
    <editdetail attribution="Reuters BIP Coding Group" action="confirmed" date="1997-04-15"/>
  </code>
  <code code="CCAT">
    <editdetail attribution="Reuters BIP Coding Group" action="confirmed" date="1997-04-15"/>
  </code>
</codes>
<dc element="dc.date.created" value="1997-04-15"/>
<dc element="dc.publisher" value="Reuters Holdings Plc"/>
<dc element="dc.date.published" value="1997-04-15"/>
<dc element="dc.source" value="Reuters"/>
<dc element="dc.creator.location" value="JOHANNESBURG"/>
<dc element="dc.creator.location.country.name" value="SOUTH AFRICA"/>
<dc element="dc.source" value="Reuters"/>
</metadata>
</newsitem>
