<?xml version="1.0" encoding="iso-8859-1" ?>
<newsitem itemid="508810" id="root" date="1997-04-15" xml:lang="en">
<title>SOUTH AFRICA: Australian paedophile suspect fights extradition.</title>
<headline>Australian paedophile suspect fights extradition.</headline>
<dateline>GRAHAMSTOWN, South Africa 1997-04-15</dateline>
<text>
<p>Lawyer for Australian paedophile suspect Phillip Bell asked a South African court on Tuesday to overturn a ruling ordering Bell's extradition to stand trial back home.</p>
<p>Bell faces 215 sex offences relating to boys aged 10 to 18 in Australia. He is in police custody awaiting a final decision.</p>
<p>His lawyer Allan Frost argued Bell's constitutional rights had been infringed by his detention since he was unable to challenge evidence against him.</p>
<p>State advocate Carl Fischer countered by arguing it was not the responsibility of South African judicial authorities to decide the merits of the charges against Bell.</p>
<p>&quot;This is a matter for the Australian prosecuting authorities and not that of South Africa. It is not our position to formulate what constitutes charges in their law,&quot; Fischer said.</p>
<p>The two judges hearing the argument have reserved judgment, without setting a date when their ruling can be expected.</p>
<p>A South African magistrate ruled in February that Bell should be extradited to Australia to stand trial.</p>
<p>Once the high court makes its ruling, his extradition is subject to the final approval of South African Justice Minister Dullah Omar.</p>
<p>Bell, 62, was arrested in the surfing mecca of Jeffrey's Bay -- where he ran a surfing school for youngsters -- in January after a 10-month worldwide police hunt.</p>
</text>
<copyright>(c) Reuters Limited 1997</copyright>
<metadata>
<codes class="bip:countries:1.0">
  <code code="AUSTR">
    <editdetail attribution="Reuters BIP Coding Group" action="confirmed" date="1997-04-15"/>
  </code>
  <code code="SAFR">
    <editdetail attribution="Reuters BIP Coding Group" action="confirmed" date="1997-04-15"/>
  </code>
</codes>
<codes class="bip:topics:1.0">
  <code code="GCAT">
    <editdetail attribution="Reuters BIP Coding Group" action="confirmed" date="1997-04-15"/>
  </code>
  <code code="GCRIM">
    <editdetail attribution="Reuters BIP Coding Group" action="confirmed" date="1997-04-15"/>
  </code>
</codes>
<dc element="dc.date.created" value="1997-04-15"/>
<dc element="dc.publisher" value="Reuters Holdings Plc"/>
<dc element="dc.date.published" value="1997-04-15"/>
<dc element="dc.source" value="Reuters"/>
<dc element="dc.creator.location" value="GRAHAMSTOWN, South Africa"/>
<dc element="dc.creator.location.country.name" value="SOUTH AFRICA"/>
<dc element="dc.source" value="Reuters"/>
</metadata>
</newsitem>
