<?xml version="1.0" encoding="iso-8859-1" ?>
<newsitem itemid="508851" id="root" date="1997-04-15" xml:lang="en">
<title>SOUTH AFRICA: S.Africa to launch rand/dollar futures April 30.</title>
<headline>S.Africa to launch rand/dollar futures April 30.</headline>
<dateline>JOHANNESBURG 1997-04-15</dateline>
<text>
<p>The South African Futures Exchange (Safex) said on Tuesday that it would start trading a rand/dollar futures contract and options thereon from April 30.  </p>
<p>The exchange said in a statement that the authorities had approved the futures and options contracts on Monday.</p>
<p>Approval in principle for the futures contract was given in the March 12 budget, as part of the ongoing relaxation of exchange controls. Trade in the contracts will initially be limited to non-resident clients of Safex members and authorised dealers.  </p>
<p>Residents with an exposure to the rand/dollar exchange rate will be able to hedge by obtaining a forward deal through authorised dealers. They in turn will be able to offset the risk either in the forward cover market or via futures.</p>
<p>Safex members will be able to trade, as agent, with non-resident clients and authorised dealers.</p>
<p>The Reserve Bank agreed that trading in rand futures should evolve in line with the broader process of relaxing exchange controls and the restrictions will be gradually lifted until the products are freely traded locally and abroad, Safex said.  </p>
<p>The underlying instrument on the futures will be the spot rand/dollar exchange rate, quoted to four decimal places, and contracts will be valued at $100,000 each.</p>
<p>Expiry dates would follow the same cycle as equity contracts -- March, June, September and December -- with expiry prices determined by taking a notional offer to buy and sell from six authorised dealers at the expiry time, followed by the arithmetic average of the middle four rates.</p>
<p>The futures will be cash settled in rand.</p>
<p>Safex will list options on futures with strike prices at intervals of 0.01 rand/dollar.</p>
<p>-- Johannesburg newsroom +27 11 482 1003</p>
</text>
<copyright>(c) Reuters Limited 1997</copyright>
<metadata>
<codes class="bip:countries:1.0">
  <code code="SAFR">
    <editdetail attribution="Reuters BIP Coding Group" action="confirmed" date="1997-04-15"/>
  </code>
</codes>
<codes class="bip:topics:1.0">
  <code code="M13">
    <editdetail attribution="Reuters BIP Coding Group" action="confirmed" date="1997-04-15"/>
  </code>
  <code code="M132">
    <editdetail attribution="Reuters BIP Coding Group" action="confirmed" date="1997-04-15"/>
  </code>
  <code code="MCAT">
    <editdetail attribution="Reuters BIP Coding Group" action="confirmed" date="1997-04-15"/>
  </code>
</codes>
<dc element="dc.date.created" value="1997-04-15"/>
<dc element="dc.publisher" value="Reuters Holdings Plc"/>
<dc element="dc.date.published" value="1997-04-15"/>
<dc element="dc.source" value="Reuters"/>
<dc element="dc.creator.location" value="JOHANNESBURG"/>
<dc element="dc.creator.location.country.name" value="SOUTH AFRICA"/>
<dc element="dc.source" value="Reuters"/>
</metadata>
</newsitem>
