<?xml version="1.0" encoding="iso-8859-1" ?>
<newsitem itemid="508825" id="root" date="1997-04-15" xml:lang="en">
<title>SOUTH AFRICA: S.Africa to announce employment plans on Thursday.</title>
<headline>S.Africa to announce employment plans on Thursday.</headline>
<dateline>JOHANNESBURG 1997-04-15</dateline>
<text>
<p>South African Labour Minister Tito Mboweni will on Thursday announce the cabinet's decision on planned employment legislation which has split business and labour, his office said.</p>
<p>Mboweni will address a news conference in Johannesburg which was expected to start at around 10 a.m. (0800 GMT) on Thursday, spokeswoman Estelle Randall told Reuters. Cabinet meets on Wednesday to discuss the pending legislation.</p>
<p>Employers, who fear the legislation will increase its costs, object to a proposed reduction in maximum working hours to 45 from 46 and subsequently to 40 hours over five years.</p>
<p>Other proposals expected include an increase in annual paid leave from two to three weeks a year and maternity leave from three months to four months, as well as raising the overtime premium from time and a third to time and a half.</p>
<p>Two major concerns for employers are the increased unit labour costs and limited labour market flexibility implied by the bill.</p>
<p>The Congress of South African Trade Unions (Cosatu), which generally favours the proposals, said earlier on Tuesday its leadership would react on Friday, once they had had a chance to assess the cabinet's decision and any changes which could be made.</p>
<p>Cosatu, an alliance partner of the ruling African National Congress and the largest union federation in the country, is mobilising for a one-day strike on May 12 to ensure key elements of the Employment Standards Bill are not watered down.</p>
<p>Labour, business and government have been in talks in the labour market chamber of the National Economic Development and Labour Council (Nedlac) on the new employment standards law since early last year but have so far failed to reach agreement.</p>
<p>-- Johannesburg newsroom +27 11 482 1003</p>
</text>
<copyright>(c) Reuters Limited 1997</copyright>
<metadata>
<codes class="bip:countries:1.0">
  <code code="SAFR">
    <editdetail attribution="Reuters BIP Coding Group" action="confirmed" date="1997-04-15"/>
  </code>
</codes>
<codes class="bip:topics:1.0">
  <code code="C42">
    <editdetail attribution="Reuters BIP Coding Group" action="confirmed" date="1997-04-15"/>
  </code>
  <code code="CCAT">
    <editdetail attribution="Reuters BIP Coding Group" action="confirmed" date="1997-04-15"/>
  </code>
  <code code="E41">
    <editdetail attribution="Reuters BIP Coding Group" action="confirmed" date="1997-04-15"/>
  </code>
  <code code="ECAT">
    <editdetail attribution="Reuters BIP Coding Group" action="confirmed" date="1997-04-15"/>
  </code>
  <code code="GCAT">
    <editdetail attribution="Reuters BIP Coding Group" action="confirmed" date="1997-04-15"/>
  </code>
  <code code="GJOB">
    <editdetail attribution="Reuters BIP Coding Group" action="confirmed" date="1997-04-15"/>
  </code>
  <code code="GPOL">
    <editdetail attribution="Reuters BIP Coding Group" action="confirmed" date="1997-04-15"/>
  </code>
</codes>
<dc element="dc.date.created" value="1997-04-15"/>
<dc element="dc.publisher" value="Reuters Holdings Plc"/>
<dc element="dc.date.published" value="1997-04-15"/>
<dc element="dc.source" value="Reuters"/>
<dc element="dc.creator.location" value="JOHANNESBURG"/>
<dc element="dc.creator.location.country.name" value="SOUTH AFRICA"/>
<dc element="dc.source" value="Reuters"/>
</metadata>
</newsitem>
