<?xml version="1.0" encoding="iso-8859-1" ?>
<newsitem itemid="508860" id="root" date="1997-04-15" xml:lang="en">
<title>SOUTH AFRICA: Wage deal ends Nestle S.Africa strike.</title>
<headline>Wage deal ends Nestle S.Africa strike.</headline>
<dateline>JOHANNESBURG 1997-04-15</dateline>
<text>
<p>A four-week strike for higher pay by about 2,800 workers at 10 South African factories of food and beverage group Nestle SA has ended following an agreement reached on Monday, the Swiss-based company said.</p>
<p>The wage deal with the Food and Allied Workers Union (FAWU) includes a minimum increase of 9.0 percent, resulting in a minimum wage of 2,300 rand a month.</p>
<p>The increase has been linked to productivity issues which Nestle said would enhance its competitive position.</p>
<p>Nestle employs 6,000 workers nationally. Those not on strike continued with their normal duty.</p>
<p>-- Johannesburg newsroom +27 11 482 1003</p>
</text>
<copyright>(c) Reuters Limited 1997</copyright>
<metadata>
<codes class="bip:countries:1.0">
  <code code="SAFR">
    <editdetail attribution="Reuters BIP Coding Group" action="confirmed" date="1997-04-15"/>
  </code>
  <code code="SWITZ">
    <editdetail attribution="Reuters BIP Coding Group" action="confirmed" date="1997-04-15"/>
  </code>
</codes>
<codes class="bip:industries:1.0">
  <code code="I41000">
    <editdetail attribution="Reuters BIP Coding Group" action="confirmed" date="1997-04-15"/>
  </code>
</codes>
<codes class="bip:topics:1.0">
  <code code="C42">
    <editdetail attribution="Reuters BIP Coding Group" action="confirmed" date="1997-04-15"/>
  </code>
  <code code="CCAT">
    <editdetail attribution="Reuters BIP Coding Group" action="confirmed" date="1997-04-15"/>
  </code>
  <code code="E41">
    <editdetail attribution="Reuters BIP Coding Group" action="confirmed" date="1997-04-15"/>
  </code>
  <code code="ECAT">
    <editdetail attribution="Reuters BIP Coding Group" action="confirmed" date="1997-04-15"/>
  </code>
  <code code="GCAT">
    <editdetail attribution="Reuters BIP Coding Group" action="confirmed" date="1997-04-15"/>
  </code>
  <code code="GJOB">
    <editdetail attribution="Reuters BIP Coding Group" action="confirmed" date="1997-04-15"/>
  </code>
</codes>
<dc element="dc.date.created" value="1997-04-15"/>
<dc element="dc.publisher" value="Reuters Holdings Plc"/>
<dc element="dc.date.published" value="1997-04-15"/>
<dc element="dc.source" value="Reuters"/>
<dc element="dc.creator.location" value="JOHANNESBURG"/>
<dc element="dc.creator.location.country.name" value="SOUTH AFRICA"/>
<dc element="dc.source" value="Reuters"/>
</metadata>
</newsitem>
