<?xml version="1.0" encoding="iso-8859-1" ?>
<newsitem itemid="508814" id="root" date="1997-04-15" xml:lang="en">
<title>SOUTH AFRICA: SAfrica govt urges mines to preserve rural economy.</title>
<headline>SAfrica govt urges mines to preserve rural economy.</headline>
<dateline>CAPE TOWN 1997-04-15</dateline>
<text>
<p>The downscaling of the labour force in the mining industry should not take place at the expense of the mostly rural areas that have traditionally been recruitment areas, a new government policy paper said.</p>
<p>Released on Tuesday, the paper was commissioned by the Labour Ministry in the wake of major moves to cut costs in the gold mining industry as more mines became marginal.</p>
<p>&quot;Currently, the social costs of downscaling are in effect being displaced on to the economies of the countryside,&quot; the paper said.</p>
<p>In the medium term, ways should be investigated in which infrastructure and resources from mining could be transferred to local economies after downscaling.</p>
<p>All this called for the gradual downscaling of mines, &quot;adequate&quot; retrenchment packages and the diversification of rural economies to create jobs and growth.</p>
<p>At the same time, the labour market should be restructured to establish a more stabilised workforce while recognising the broader dependence on mining wages in some areas.</p>
<p>Particular attention would have to be paid to the position of miners from neighbouring countries through a revision of agreements on their working conditions and an investigation into welfare provisions for them, the report said.</p>
<p>The report said wages in the mining industry were below the poverty line and wage revisions should be accompanied by revised grading, the removal of racial hierarchies and better skills training.</p>
<p>&quot;New standards need to set to ensure that accidents and diseases associated with mining are no longer seen as inevitable consequences of the nature of the work,&quot; the report said.</p>
<p>--Cape Town newsroom +27 21 403-2502</p>
</text>
<copyright>(c) Reuters Limited 1997</copyright>
<metadata>
<codes class="bip:countries:1.0">
  <code code="SAFR">
    <editdetail attribution="Reuters BIP Coding Group" action="confirmed" date="1997-04-15"/>
  </code>
</codes>
<codes class="bip:industries:1.0">
  <code code="I01000">
    <editdetail attribution="Reuters BIP Coding Group" action="confirmed" date="1997-04-15"/>
  </code>
  <code code="I21000">
    <editdetail attribution="Reuters BIP Coding Group" action="confirmed" date="1997-04-15"/>
  </code>
</codes>
<codes class="bip:topics:1.0">
  <code code="C13">
    <editdetail attribution="Reuters BIP Coding Group" action="confirmed" date="1997-04-15"/>
  </code>
  <code code="C24">
    <editdetail attribution="Reuters BIP Coding Group" action="confirmed" date="1997-04-15"/>
  </code>
  <code code="C42">
    <editdetail attribution="Reuters BIP Coding Group" action="confirmed" date="1997-04-15"/>
  </code>
  <code code="CCAT">
    <editdetail attribution="Reuters BIP Coding Group" action="confirmed" date="1997-04-15"/>
  </code>
  <code code="E41">
    <editdetail attribution="Reuters BIP Coding Group" action="confirmed" date="1997-04-15"/>
  </code>
  <code code="ECAT">
    <editdetail attribution="Reuters BIP Coding Group" action="confirmed" date="1997-04-15"/>
  </code>
  <code code="GCAT">
    <editdetail attribution="Reuters BIP Coding Group" action="confirmed" date="1997-04-15"/>
  </code>
  <code code="GJOB">
    <editdetail attribution="Reuters BIP Coding Group" action="confirmed" date="1997-04-15"/>
  </code>
</codes>
<dc element="dc.date.created" value="1997-04-15"/>
<dc element="dc.publisher" value="Reuters Holdings Plc"/>
<dc element="dc.date.published" value="1997-04-15"/>
<dc element="dc.source" value="Reuters"/>
<dc element="dc.creator.location" value="CAPE TOWN"/>
<dc element="dc.creator.location.country.name" value="SOUTH AFRICA"/>
<dc element="dc.source" value="Reuters"/>
</metadata>
</newsitem>
