<?xml version="1.0" encoding="iso-8859-1" ?>
<newsitem itemid="508862" id="root" date="1997-04-15" xml:lang="en">
<title>SOUTH AFRICA: Foreigners buy 288.24 mln rand S.African bonds Mon.</title>
<headline>Foreigners buy 288.24 mln rand S.African bonds Mon.</headline>
<dateline>JOHANNESBURG 1997-04-15</dateline>
<text>
<p>Foreigners were net buyers of 288.24 million rand's worth of South African bonds on Monday after buying 171.67 million on Friday, the Bond Exchange said.</p>
<p>-- Johannesburg newsroom +27 11 482-1003</p>
</text>
<copyright>(c) Reuters Limited 1997</copyright>
<metadata>
<codes class="bip:countries:1.0">
  <code code="SAFR">
    <editdetail attribution="Reuters BIP Coding Group" action="confirmed" date="1997-04-15"/>
  </code>
</codes>
<codes class="bip:topics:1.0">
  <code code="M12">
    <editdetail attribution="Reuters BIP Coding Group" action="confirmed" date="1997-04-15"/>
  </code>
  <code code="MCAT">
    <editdetail attribution="Reuters BIP Coding Group" action="confirmed" date="1997-04-15"/>
  </code>
</codes>
<dc element="dc.date.created" value="1997-04-15"/>
<dc element="dc.publisher" value="Reuters Holdings Plc"/>
<dc element="dc.date.published" value="1997-04-15"/>
<dc element="dc.source" value="Reuters"/>
<dc element="dc.creator.location" value="JOHANNESBURG"/>
<dc element="dc.creator.location.country.name" value="SOUTH AFRICA"/>
<dc element="dc.source" value="Reuters"/>
</metadata>
</newsitem>
