<?xml version="1.0" encoding="iso-8859-1" ?>
<newsitem itemid="508841" id="root" date="1997-04-15" xml:lang="en">
<title>NIGERIA: PRESS DIGEST - Nigeria - April 15.</title>
<headline>PRESS DIGEST - Nigeria - April 15.</headline>
<dateline>LAGOS 1997-04-15</dateline>
<text>
<p>These are significant stories in the Nigerian press on Tuesday. Reuters has not verified these stories and does not vouch for their accuracy.</p>
<p>DAILY TIMES</p>
<p>- More than 1,000 road tankers discharge petrol in Lagos area over the weekend in a bid to end crippling fuel shortage.</p>
<p>- Afrobeat musician Fela Anikulapo-Kuti sues drug enforcement agency for 100 million naira over his arrest for alleged possession of cannabis.</p>
<p>- Volume of trade on Nigerian stock exchange drops sharply as traders observe rather than trade with newly installed computerised clearing system.</p>
<p>THE GUARDIAN</p>
<p>- Shell oil company lost a total of 800,000 barrels of oil when production was shut down for one week last month in Nembe over communal disturbances, says the company's community liaison officer Aderemi Oni.</p>
<p>- Nigeria railways confirms two people died when a train derailed near Lagos on Saturday night.</p>
<p>THISDAY</p>
<p>- Military ruler General Sani Abacha, in a message to an air force conference in Kaduna, northern Nigeria, restates his commitment to hand over power to a democratically elected civilian president next year.</p>
<p>- Federal government begins payment of cash calls, funds due to oil companies in their joint venture operations with Nigeria.</p>
<p>($1=85 naira)</p>
<p>-- Lagos newsroom +234 1 2630317</p>
</text>
<copyright>(c) Reuters Limited 1997</copyright>
<metadata>
<codes class="bip:countries:1.0">
  <code code="NIGEA">
    <editdetail attribution="Reuters BIP Coding Group" action="confirmed" date="1997-04-15"/>
  </code>
</codes>
<codes class="bip:topics:1.0">
  <code code="GCAT">
    <editdetail attribution="Reuters BIP Coding Group" action="confirmed" date="1997-04-15"/>
  </code>
</codes>
<dc element="dc.date.created" value="1997-04-15"/>
<dc element="dc.publisher" value="Reuters Holdings Plc"/>
<dc element="dc.date.published" value="1997-04-15"/>
<dc element="dc.source" value="Reuters"/>
<dc element="dc.creator.location" value="LAGOS"/>
<dc element="dc.creator.location.country.name" value="NIGERIA"/>
<dc element="dc.source" value="Reuters"/>
</metadata>
</newsitem>
