<?xml version="1.0" encoding="iso-8859-1" ?>
<newsitem itemid="508892" id="root" date="1997-04-15" xml:lang="en">
<title>ROMANIA: Fate of Romania Petromidia refinery still unclear.</title>
<headline>Fate of Romania Petromidia refinery still unclear.</headline>
<byline>Adrian Dascalu</byline>
<dateline>BUCHAREST 1997-04-15</dateline>
<text>
<p>Romania's government will decide this week the fate of the Petromidia SA oil refinery which the reformist cabinet included among loss-making firms shortlisted for closure, the reform minister said on Tuesday.</p>
<p>&quot;We will find a solution for Petromidia within the next days,&quot; Ulm Spineanu told a news conference.</p>
<p>Last week, the government said it planned to close Petromidia and nine other loss-making companies as part of moves to restructure oversized industries in line with suggestions made by international lenders.</p>
<p>The move was bitterly attacked by Petromidia's management and by trade unions.</p>
<p>Petromidia's losses amounted to some 300 billion lei in 1996, or 4.9 percent of total losses recorded by Romania's economy last year.</p>
<p>Its managers blamed the losses on what they called an inappropriate pricing and a lack of funds to import crued to keep the plant running efficiently.</p>
<p>&quot;We will analyse Petromidia's situation. The problem is that there are huge discrepancies between their (Petromidia's) data and our figures,&quot; Spineanu said.</p>
<p>A government statement said on Tuesday Prime Minister Victor Ciorbea had suggested a partial cut in the refinery's activity in order to recoup losses.</p>
<p>Under the plan, Petromidia would honour current contracts but no other funds would be made available for investments, the statement said. The government, it said, &quot;will select the most suitable foreign investor for Petromidia's privatisation.&quot;</p>
<p>Refinery officials were unavailable for comment.</p>
<p>Petromidia was built in the 1980s, with good access to export markets via the Black Sea. It operates a single train of 70,000 barrels a day and can produce a full range of main fuel products and coking coal. It also has a petrochemical plant.</p>
<p>It underwent a $50 million modernisation in 1993 to improve its performance. But analysts said the performance was achieved only by increasing Petrmidia's indebtness to such an extent that the refinery found it difficult to meet its obligations.</p>
<p>Romania has a processing capacity of 34 million tonnes a year, exceeding by far the country's needs.</p>
<p>Ciorbea has vowed tough action to cut losses in industry. Romania is seeking some $400 million in International Monetary Fund credits and $600 million from the World Bank.</p>
<p>-- Bucharest Newsroom 40-1 3120264</p>
</text>
<copyright>(c) Reuters Limited 1997</copyright>
<metadata>
<codes class="bip:countries:1.0">
  <code code="ROM">
    <editdetail attribution="Reuters BIP Coding Group" action="confirmed" date="1997-04-15"/>
  </code>
</codes>
<codes class="bip:industries:1.0">
  <code code="I14000">
    <editdetail attribution="Reuters BIP Coding Group" action="confirmed" date="1997-04-15"/>
  </code>
</codes>
<codes class="bip:topics:1.0">
  <code code="C11">
    <editdetail attribution="Reuters BIP Coding Group" action="confirmed" date="1997-04-15"/>
  </code>
  <code code="C13">
    <editdetail attribution="Reuters BIP Coding Group" action="confirmed" date="1997-04-15"/>
  </code>
  <code code="C17">
    <editdetail attribution="Reuters BIP Coding Group" action="confirmed" date="1997-04-15"/>
  </code>
  <code code="C173">
    <editdetail attribution="Reuters BIP Coding Group" action="confirmed" date="1997-04-15"/>
  </code>
  <code code="C24">
    <editdetail attribution="Reuters BIP Coding Group" action="confirmed" date="1997-04-15"/>
  </code>
  <code code="CCAT">
    <editdetail attribution="Reuters BIP Coding Group" action="confirmed" date="1997-04-15"/>
  </code>
</codes>
<dc element="dc.date.created" value="1997-04-15"/>
<dc element="dc.publisher" value="Reuters Holdings Plc"/>
<dc element="dc.date.published" value="1997-04-15"/>
<dc element="dc.source" value="Reuters"/>
<dc element="dc.creator.location" value="BUCHAREST"/>
<dc element="dc.creator.location.country.name" value="ROMANIA"/>
<dc element="dc.source" value="Reuters"/>
</metadata>
</newsitem>
