<?xml version="1.0" encoding="iso-8859-1" ?>
<newsitem itemid="508820" id="root" date="1997-04-15" xml:lang="en">
<title>SOUTH AFRICA: Mandela, De Klerk see cracks in S.African unity.</title>
<headline>Mandela, De Klerk see cracks in S.African unity.</headline>
<byline>Brendan Boyle</byline>
<dateline>CAPE TOWN 1997-04-15</dateline>
<text>
<p>President Nelson Mandela and his predecessor F.W. de Klerk, who shared a Nobel prize for bringing democracy to South Africa, on Tuesday warned that their country's post-apartheid unity was cracking.</p>
<p>Mandela told parliament in a routine annual debate on his budget that South Africa's first democratic government had made great strides to improve the lives of the black majority.</p>
<p>&quot;Yet we are burdened with the legacy of decades, indeed centuries of deliberate division, conflict and hostility. It would be a mighty error to imagine that three years could eradicate all trace of what kept us apart for so long.</p>
<p>&quot;Today, in some ways, the old fault lines in our society are showing more sharply,&quot; he said.</p>
<p>De Klerk, who freed Mandela from political imprisonment in February 1990 and four years later surrendered power to his African National Congress, appeared to agree.</p>
<p>&quot;Reconciliation, cooperation and nation building have become central themes of your presidency. Unfortunately ... objective analysis shows that we are slipping downwards, that we are beginning to lose out,&quot; he said.</p>
<p>Mandela said he was aware that Afrikaners -- who dominated the final 50 years of white rule -- felt they were being singled out by the Truth and Reconciliation Commission (TRC), which is probing human rights abuses under apartheid.</p>
<p>But he said that when torturers and killers were called to account it was as individuals and not as Afrikaners.</p>
<p>&quot;Afrikaners are an inextricable part of our rainbow nation.</p>
<p>&quot;There is no place for any sense that any racial, ethnic, linguistic, religious or other group is collectively in the dock ... It is not in the nature of the Afrikaner as such to be brutal to others.</p>
<p>&quot;All of us, as a nation that has newly found itself, share in the shame at the capacity of human beings ... to be inhumane to other human beings,&quot; he said.</p>
<p>Former policemen and soldiers, claiming they were doing what their leaders expected of them, have given wrenching testimony of torture, assassination and sexual abuse in the name of apartheid.</p>
<p>Mandela, who marks his third anniversary as South Africa's first democratically elected leader on May 10, has made forgiveness and reconciliation the hallmark of his rule.</p>
<p>De Klerk, who shared the 1993 Nobel Peace Prize with him, paid tribute to Mandela for his efforts to heal their divided nation, but warned that division was resurfacing.</p>
<p>&quot;Some cultural and language groups are being threatened and believe that they are being deliberately disadvantaged. A spirit of opposition and resistance is growing,&quot; he said.</p>
<p>De Klerk highlighted the work of Archbisop Desmond Tutu's statutory truth commission.</p>
<p>&quot;We must find a way to handle the conflict of the past that does not encourage polarisation. The current reckless efforts to demonise individuals, organisations and parties directly undermines the reconciliation efforts of the Truth and Reconciliation Commission,&quot; he said.</p>
<p>De Klerk has repeatedly denied any knowledge of police and military units that tortured and killed anti-apartheid activists during the final decade of white rule.</p>
<p>But leaders in Mandela's ANC insist that as president from 1989 to 1994, de Klerk had to accept responsibility for their actions, which he should have known about.</p>
<p>Warning that &quot;the spirit of reconciliation has dimmed&quot;, de Klerk urged Mandela to renew his commitment to national unity.</p>
</text>
<copyright>(c) Reuters Limited 1997</copyright>
<metadata>
<codes class="bip:countries:1.0">
  <code code="SAFR">
    <editdetail attribution="Reuters BIP Coding Group" action="confirmed" date="1997-04-15"/>
  </code>
</codes>
<codes class="bip:topics:1.0">
  <code code="GCAT">
    <editdetail attribution="Reuters BIP Coding Group" action="confirmed" date="1997-04-15"/>
  </code>
  <code code="GPOL">
    <editdetail attribution="Reuters BIP Coding Group" action="confirmed" date="1997-04-15"/>
  </code>
</codes>
<dc element="dc.date.created" value="1997-04-15"/>
<dc element="dc.publisher" value="Reuters Holdings Plc"/>
<dc element="dc.date.published" value="1997-04-15"/>
<dc element="dc.source" value="Reuters"/>
<dc element="dc.creator.location" value="CAPE TOWN"/>
<dc element="dc.creator.location.country.name" value="SOUTH AFRICA"/>
<dc element="dc.source" value="Reuters"/>
</metadata>
</newsitem>
