<?xml version="1.0" encoding="iso-8859-1" ?>
<newsitem itemid="508895" id="root" date="1997-04-15" xml:lang="en">
<title>YUGOSLAVIA: Serbia outlines Zastava car plant 97 target.</title>
<headline>Serbia outlines Zastava car plant 97 target.</headline>
<byline>Gordana Kukic</byline>
<dateline>BELGRADE 1997-04-15</dateline>
<text>
<p>The Serbian government presented production plans on Tuesday for its Zastava car producer as a part of its wider strategy to kick-start the country's idle metal-processing industry.</p>
<p>Serbia's first Privatisation Minister Milan Beko said the state must also help companies like Zastava revive their production along with creating the right business climate.</p>
<p>&quot;The important thing is to help enterprises revive their production,&quot; Beko told a news conference.</p>
<p>Zastava has proposed a programme worth 970 million dinars ($170.7 million) to initiate production of 22,250 cars from April to the end of the year.</p>
<p>Some 12,250 cars were earmarked for sales at home and 10,000 cars for exports to Macedonia, Egypt, Jordan and Ecuador to the value of some 64 million German marks.</p>
<p>The programme is also expected to bring 193 million dinars into empty state coffers.</p>
<p>&quot;The programme is good and possible to carry out. The state must provide financial aid,&quot; Beko said.</p>
<p>The government promised to secure 70.2 million dinars in initial funding to kick-start the production, mainly through commercial bank loans.</p>
<p>&quot;Jugobanka will help by discounting letters of credit issued by foreign companies for Zastava exports and Beobanka will provide initial dinar funds to be used locally,&quot; Beko said.</p>
<p>Succesful revival of Zastava car production means rehabilitation and recovery of its subcontractors, especially of the Belgrade industries.</p>
<p>&quot;But besides the effect on production it has a social impact too,&quot; he said.</p>
<p>Zastava's programme would revive production in some 200 firms in 63 towns throughout the country.</p>
<p>In the first three months of the year Zastava produced some 2,000 cars only because of the lack of working capital.</p>
<p>In 1996, despite the government help Zastava failed to produce targeted 15,000 cars. The output was up 30 percent on the previous year to about 10,000 cars, but still a far cry from the pre-war annual output of 200,000 cars.</p>
<p>Srboljub Vasovic, executive director of the entire Zastava Group, saw the targeted output as extremely high for the car plant at present but said it was a minimum it had to produce to keep production going.</p>
<p>&quot;This programme is to be or not to be for Zastava. It is an enormous obligation for all of us, but it simply must be carried out as it secures production continuity not only for the car plant but for the entire group and regular payments for employees,&quot; Vasovic said.</p>
<p>&quot;It would also secure necessary working capital for the beginning of the next year.&quot;</p>
<p>-- Gordana Kukic, Belgrade Newsroom ++381 11 222 4254</p>
</text>
<copyright>(c) Reuters Limited 1997</copyright>
<metadata>
<codes class="bip:countries:1.0">
  <code code="YUG">
    <editdetail attribution="Reuters BIP Coding Group" action="confirmed" date="1997-04-15"/>
  </code>
</codes>
<codes class="bip:industries:1.0">
  <code code="I35101">
    <editdetail attribution="Reuters BIP Coding Group" action="confirmed" date="1997-04-15"/>
  </code>
</codes>
<codes class="bip:topics:1.0">
  <code code="C13">
    <editdetail attribution="Reuters BIP Coding Group" action="confirmed" date="1997-04-15"/>
  </code>
  <code code="C21">
    <editdetail attribution="Reuters BIP Coding Group" action="confirmed" date="1997-04-15"/>
  </code>
  <code code="CCAT">
    <editdetail attribution="Reuters BIP Coding Group" action="confirmed" date="1997-04-15"/>
  </code>
</codes>
<dc element="dc.date.created" value="1997-04-15"/>
<dc element="dc.publisher" value="Reuters Holdings Plc"/>
<dc element="dc.date.published" value="1997-04-15"/>
<dc element="dc.source" value="Reuters"/>
<dc element="dc.creator.location" value="BELGRADE"/>
<dc element="dc.creator.location.country.name" value="YUGOSLAVIA"/>
<dc element="dc.source" value="Reuters"/>
</metadata>
</newsitem>
