<?xml version="1.0" encoding="iso-8859-1" ?>
<newsitem itemid="508835" id="root" date="1997-04-15" xml:lang="en">
<title>COTE D'IVOIRE: PRESS DIGEST - Ivory Coast - April 15.</title>
<headline>PRESS DIGEST - Ivory Coast - April 15.</headline>
<dateline>ABIDJAN 1997-04-15</dateline>
<text>
<p>These are significant items in the Ivorian press on Tuesday. Reuters has not verified these items and does not vouch for their accuracy.</p>
<p>FRATERNITE MATIN</p>
<p>- Ivory Coast's higher education minister, Saliou Toure, says that despite student unrest the current academic year will not be lost.</p>
<p>- Ivory Coast holds workshops for businessmen and women on progress towards creation of common market in the seven-nation Francophone West African Economic and Monetary Union (UEMOA) zone.</p>
<p>LA VOIE</p>
<p>- Britain grants political asylum to former Ivorian student leader; students in northern town of Korhogo strike over academic and living conditions followings similar protests in West African nation's two main towns Abidjan and Bouake.</p>
<p>LE JOUR</p>
<p>- Officials from West African ports of Abidjan in Ivory Coast and Dakar in Senegal meet to swap notes on the sector as part of efforts to learn from one another's experiences - Timber industry union SYNPERFOS-CI says some sawmills pay workers below minimum wage and regularly resort unfair dismissals; urges Ivorian government to intervene</p>
<p>($1=578 CFA francs)</p>
<p>-- Abidjan newsroom +225 21 90 90</p>
</text>
<copyright>(c) Reuters Limited 1997</copyright>
<metadata>
<codes class="bip:countries:1.0">
  <code code="ICST">
    <editdetail attribution="Reuters BIP Coding Group" action="confirmed" date="1997-04-15"/>
  </code>
</codes>
<codes class="bip:topics:1.0">
  <code code="GCAT">
    <editdetail attribution="Reuters BIP Coding Group" action="confirmed" date="1997-04-15"/>
  </code>
</codes>
<dc element="dc.date.created" value="1997-04-15"/>
<dc element="dc.publisher" value="Reuters Holdings Plc"/>
<dc element="dc.date.published" value="1997-04-15"/>
<dc element="dc.source" value="Reuters"/>
<dc element="dc.creator.location" value="ABIDJAN"/>
<dc element="dc.creator.location.country.name" value="COTE D'IVOIRE"/>
<dc element="dc.source" value="Reuters"/>
</metadata>
</newsitem>
