<?xml version="1.0" encoding="iso-8859-1" ?>
<newsitem itemid="508898" id="root" date="1997-04-15" xml:lang="en">
<title>POLAND: Polish president to visit Germany for two days.</title>
<headline>Polish president to visit Germany for two days.</headline>
<dateline>WARSAW 1997-04-15</dateline>
<text>
<p>Poland's President Aleksander Kwasniewski is to pay a working visit to Germany on Thursday and Friday during which he will meet Chancellor Helmut Kohl and other top officials, his office said.</p>
<p>It said in a statement on Tuesday that Kwasniewski would visit the Baden-Wuerttemberg chamber of commerce and industry in Stuttgart. He nd would give a lecture, in Freiburg, on Poland's reforms and another in St. Augustin on Polish-German relations.</p>
<p>His programme includes meetings with Kohl, Foreign Minister Klaus Kinkel and Bundestag (lower house) speaker Rita Suessmuth.</p>
<p>His visit has been preceded by a conference on Polish-German relations in Bonn this week, during which Kinkel restated his country's firm backing for Poland's key foreign policy goals of joining the European Union and NATO.</p>
</text>
<copyright>(c) Reuters Limited 1997</copyright>
<metadata>
<codes class="bip:countries:1.0">
  <code code="GFR">
    <editdetail attribution="Reuters BIP Coding Group" action="confirmed" date="1997-04-15"/>
  </code>
  <code code="POL">
    <editdetail attribution="Reuters BIP Coding Group" action="confirmed" date="1997-04-15"/>
  </code>
</codes>
<codes class="bip:topics:1.0">
  <code code="GCAT">
    <editdetail attribution="Reuters BIP Coding Group" action="confirmed" date="1997-04-15"/>
  </code>
  <code code="GDIP">
    <editdetail attribution="Reuters BIP Coding Group" action="confirmed" date="1997-04-15"/>
  </code>
</codes>
<dc element="dc.date.created" value="1997-04-15"/>
<dc element="dc.publisher" value="Reuters Holdings Plc"/>
<dc element="dc.date.published" value="1997-04-15"/>
<dc element="dc.source" value="Reuters"/>
<dc element="dc.creator.location" value="WARSAW"/>
<dc element="dc.creator.location.country.name" value="POLAND"/>
<dc element="dc.source" value="Reuters"/>
</metadata>
</newsitem>
