<?xml version="1.0" encoding="iso-8859-1" ?>
<newsitem itemid="508899" id="root" date="1997-04-15" xml:lang="en">
<title>BULGARIA: Bulgarian clairvoyants predict UDF election win.</title>
<headline>Bulgarian clairvoyants predict UDF election win.</headline>
<byline>Liliana Semerdjieva</byline>
<dateline>SOFIA 1997-04-15</dateline>
<text>
<p>Bulgaria's clairvoyants agree the Union of Democratic Forces (UDF) will win a clear majority in Saturday's elections but have widely differing views on the way out of the country's economic crisis.</p>
<p>Clairvoyant Neika Nadeva, known as Selena, and Vili Getova from the Secret fortune-telling house, both gave predictions on Tuesday in line with more conventional opinion polls.</p>
<p>&quot;I see the UDF as clear winner of the parliamentary elections on April 19 with some 61-62 percent of the votes cast,&quot; Selena told a news conference.</p>
<p>Both Selena and Getova said Bulgaria was a victim of black magic and the first to be affected were politicians.</p>
<p>Selena was more optimistic over Bulgaria's future than Getova, who predicted a difficult two years ahead though she said there was plenty of gold left over from the ancient Romans and Thracians.</p>
<p>&quot;Bulgaria will get out of the deep economic crisis by 2000 and within 10 years it will become a prosperous country,&quot; Selena said.</p>
<p>Getova said the new government would not be able to meet the requirements of the international financial institutions and the planned currency board fixed exchange rate mechanism would run into trouble.</p>
<p>&quot;Nothing will come out of the board, the conditions are difficult for us and the government will face a hurdle it will not be able to jump. Then parliament may collapse,&quot; she said.</p>
<p>&quot;The richest people, and there are very rich people in Bulgaria, will take advantage of an non-working board.&quot;</p>
<p>Economists have also warned that powerful business interests could derail the mechanism for their own ends.</p>
<p>Getova promised there would eventually be a way out of the crisis, started by a &quot;strong arm from abroad. An influential person who has no friends in the country&quot;.</p>
<p>She said this person would be linked to Russian President Boris Yeltsin's successor, as Bulgarian politicians would be increasingly influenced from the East, rather than the West.</p>
<p>She said it would not be exiled King Simeon, as the monarchy could not be restored, but Selena said the king, who lives in Madrid, would play a major role in Bulgaria's future.</p>
<p>&quot;Within two years he will enter political life,&quot; she said, but added she was not able to predict in what form.</p>
<p>Bulgaria's best known clairvoyant, Granny Vanga, died last year aged 85. Blind from childhood, she was said to have predicted events ranging from World War Two to the collapse of communism and her own death.</p>
<p>Late Soviet leader Leonid Brezhnev and assassinated Indian prime minister Indira Gandhi were among those reported to have consulted her over the decades.</p>
</text>
<copyright>(c) Reuters Limited 1997</copyright>
<metadata>
<codes class="bip:countries:1.0">
  <code code="BUL">
    <editdetail attribution="Reuters BIP Coding Group" action="confirmed" date="1997-04-15"/>
  </code>
</codes>
<codes class="bip:topics:1.0">
  <code code="GCAT">
    <editdetail attribution="Reuters BIP Coding Group" action="confirmed" date="1997-04-15"/>
  </code>
  <code code="GODD">
    <editdetail attribution="Reuters BIP Coding Group" action="confirmed" date="1997-04-15"/>
  </code>
  <code code="GPOL">
    <editdetail attribution="Reuters BIP Coding Group" action="confirmed" date="1997-04-15"/>
  </code>
  <code code="GVOTE">
    <editdetail attribution="Reuters BIP Coding Group" action="confirmed" date="1997-04-15"/>
  </code>
</codes>
<dc element="dc.date.created" value="1997-04-15"/>
<dc element="dc.publisher" value="Reuters Holdings Plc"/>
<dc element="dc.date.published" value="1997-04-15"/>
<dc element="dc.source" value="Reuters"/>
<dc element="dc.creator.location" value="SOFIA"/>
<dc element="dc.creator.location.country.name" value="BULGARIA"/>
<dc element="dc.source" value="Reuters"/>
</metadata>
</newsitem>
