<?xml version="1.0" encoding="iso-8859-1" ?>
<newsitem itemid="508878" id="root" date="1997-04-15" xml:lang="en">
<title>ALBANIA: Multinational security force reaches Albania.</title>
<headline>Multinational security force reaches Albania.</headline>
<byline>Jude Webber</byline>
<dateline>DURRES, Albania 1997-04-15</dateline>
<text>
<p>The main landing force of a multinational security mission for violence-racked Albania began arriving shortly after dawn on Tuesday in the western port of Durres and at Tirana airport.</p>
<p>Braving strong winds and cold temperatures under a cloudy sky, hundreds of French and Italian troops reached Albania's main port and began unloading equipment for the mission to protect humanitarian aid convoys.</p>
<p>In a well-orchestrated landing, the French transport ship Orage carrying 450 troops reached Durres at seven a.m. (0500) GMT just moments after 150 Italian paratroopers on six transport planes landed at Tirana airport, 40 km (25 miles) to the east.</p>
<p>French general Maurice Godinot, the deputy commander of the force, was welcomed in Durres by Mayor Arqili Gorea, who expressed his expressed his thanks on behalf of Albania.</p>
<p>&quot;The multinational force is here to bring security to Albania,&quot; Godinot said. &quot;We are ready to bring assistance.&quot;</p>
<p>Nearly 1,200 Italian, French and Spanish troops were set to arrive in Albania on Tuesday through Durres and Tirana airport. They will set up two entry points for the 6,000-strong, eight-nation mission.</p>
<p>Nearly 300 people have been killed and 700 injured in the violence which erupted in February. Albania requested international military help in early March.</p>
<p>Tens of thousands of weapons ended up in the hands of mafias and ordinary Albanians after raids on abandoned state armouries.</p>
<p>&quot;This is not a demonstration of force,&quot; Godinot said. &quot;It is a security mission.&quot;</p>
<p>French marines made a pre-dawn sweep of Durres harbour before the landing began because of reports there might be a guerrilla attack, French military officials said.</p>
<p>About 60 marines inspected the harbour before four French, Italian and Spanish naval vessels arrived.</p>
<p>&quot;We got information last night from the Italians that there were rumours of terrorist actions in Durres,&quot; a senior French official said. &quot;Because we didn't take risks, we sent a sufficient number of commandos to secure the harbour.&quot;</p>
<p>The Italian amphibious assault ship San Marco dropped anchor next to the Orage and about 200 Italian troops quickly began disembarking.</p>
<p>The Spanish ship Hernan Cortes was expected to follow the Orage into Durres. The ships were carrying 200 Italian soldiers and 350 Spanish troops.</p>
<p>&quot;The whole operation will take three to four hours,&quot; Italian captain Fabrello Panella told reporters in Durres.</p>
<p>Panella said some of the Italian forces would stay in Durres and some would travel 100 km (60 miles) south to Vlore.</p>
<p>Italy is leading the operation, which it has called &quot;Alba&quot; or &quot;Dawn&quot;. It marks the first time in post-war history that Italy has led a multinational mission.</p>
<p>The force has been tasked to safeguard the distribution of aid to the troubled Balkan state, which sank into near anarchy after fraudulent savings schemes collapsed early this year.</p>
<p>&quot;These troops are welcome in Albania,&quot; said Pjeter Jame, an Albanian French teacher who travelled from Tirana to witness the landing. &quot;Right now they are the only hope of the Albanian people. Let's hope for the best.&quot;</p>
</text>
<copyright>(c) Reuters Limited 1997</copyright>
<metadata>
<codes class="bip:countries:1.0">
  <code code="ALB">
    <editdetail attribution="Reuters BIP Coding Group" action="confirmed" date="1997-04-15"/>
  </code>
  <code code="FRA">
    <editdetail attribution="Reuters BIP Coding Group" action="confirmed" date="1997-04-15"/>
  </code>
  <code code="ITALY">
    <editdetail attribution="Reuters BIP Coding Group" action="confirmed" date="1997-04-15"/>
  </code>
  <code code="SPAIN">
    <editdetail attribution="Reuters BIP Coding Group" action="confirmed" date="1997-04-15"/>
  </code>
</codes>
<codes class="bip:topics:1.0">
  <code code="GCAT">
    <editdetail attribution="Reuters BIP Coding Group" action="confirmed" date="1997-04-15"/>
  </code>
  <code code="GDEF">
    <editdetail attribution="Reuters BIP Coding Group" action="confirmed" date="1997-04-15"/>
  </code>
  <code code="GDIP">
    <editdetail attribution="Reuters BIP Coding Group" action="confirmed" date="1997-04-15"/>
  </code>
  <code code="GVIO">
    <editdetail attribution="Reuters BIP Coding Group" action="confirmed" date="1997-04-15"/>
  </code>
</codes>
<dc element="dc.date.created" value="1997-04-15"/>
<dc element="dc.publisher" value="Reuters Holdings Plc"/>
<dc element="dc.date.published" value="1997-04-15"/>
<dc element="dc.source" value="Reuters"/>
<dc element="dc.creator.location" value="DURRES, Albania"/>
<dc element="dc.creator.location.country.name" value="ALBANIA"/>
<dc element="dc.source" value="Reuters"/>
</metadata>
</newsitem>
