<?xml version="1.0" encoding="iso-8859-1" ?>
<newsitem itemid="508846" id="root" date="1997-04-15" xml:lang="en">
<title>KENYA: Burundi sanctions fail in political aim, report.</title>
<headline>Burundi sanctions fail in political aim, report.</headline>
<byline>Peter Smerdon</byline>
<dateline>NAIROBI 1997-04-15</dateline>
<text>
<p>A study of sanctions imposed on Burundi by regional states found no hard evidence they had succeeded in their political aims while smuggling was weakening their impact.</p>
<p>The findings were overall a blow to proponents of sanctions, with Burundi as the latest international case of states using embargoes in a bid to force stubborn foreign rulers to buckle.</p>
<p>Initial findings issued on Tuesday by the U.N. Department of Humanitarian Affairs (DHA) suggested Burundi sanctions should be re-targeted to protect the vulnerable and more items exempted for aid agencies.</p>
<p>&quot;While it is possible that concessions by the regime may, in part, be the result of prolonged sanctions, there is no concrete evidence that sanctions have been (politically) successful,&quot; said researchers from Brown University in the United States.</p>
<p>&quot;Although the willingness of the Burundi regime to undertake unconditional negotiations is an important and positive step, whether it resulted from pressure due to sanctions is unknown.&quot;</p>
<p>The preliminary report was released by DHA in Nairobi on the eve of a summit of regional leaders in the northern Tanzanian town of Arusha to review sanctions since July 31 last year to force military ruler Pierre Buyoya into talks with Hutu rebels.</p>
<p>&quot;A combination of profiteering, insecurity, lack of enforcement and weakening political resolve has resulted in a high level of smuggling and cross-border trade which have diluted sanctions' impact,&quot; the report for DHA said.</p>
<p>The report noted that smuggling and humanitarian aid had become the only two sources of imported essential goods.</p>
<p>&quot;Sanctions have therefore created shortages of fuel, raw materials, retail goods, spare parts, agricultural inputs and medicine. Those items still available (through smuggling) are available at high cost to the consumer.</p>
<p>&quot;The result has been hyper-inflation, paralysis of the commercial and industrial sectors of the economy, loss of income and rising unemployment,&quot; said the report, adding Bujumbura port on Lake Tanganyika had closed as had factories in the capital.</p>
<p>The report said sanctions hit the five percent of Burundi's population in urban areas harder than subsistence farmers in rural areas, who were still short of seeds and fertilisers.</p>
<p>In particular, the report said sanctions were hard on aid agencies as exemptions were slowly granted for some items and higher costs forced agencies to reduce the scope of programmes.</p>
<p>Aid agencies had even had to buy fuel on the black market at high cost until exemptions for fuel were approved, it said.</p>
<p>It added sanctions-breaking air corridors had been set up between Bujumbura and African and European countries and fuel and other basic supplies were imported and coffee was exported.</p>
<p>&quot;A high rate of smuggling exists across borders with neighbouring countries. The border with eastern Zaire is porous, facilitating unhindered movement of goods,&quot; the report said.</p>
<p>&quot;Sanctions have, in many ways, increased tensions between the Burundi regime and neighbouring countries,&quot; said the report, adding the military-appointed government had some success in portraying sanctions as an attack on people rather than itself.</p>
<p>The seizure of east Zaire since October by Tutsi-dominated rebels has benefitted Burundi's Tutsi-dominated army because Hutu rebels based in Zaire were uprooted. Kinshasa has accused Burundi of sending its troops into Zaire to aid the rebellion.</p>
<p>Burundi's government denies such accusations, as does Rwanda and Uganda. Kenya, Ethiopia, Rwanda, Tanzania, Uganda, Zaire and Zambia said when they imposed sanctions that they expected them to achieve their main objectives within one to two months.</p>
</text>
<copyright>(c) Reuters Limited 1997</copyright>
<metadata>
<codes class="bip:countries:1.0">
  <code code="BURUN">
    <editdetail attribution="Reuters BIP Coding Group" action="confirmed" date="1997-04-15"/>
  </code>
  <code code="UN">
    <editdetail attribution="Reuters BIP Coding Group" action="confirmed" date="1997-04-15"/>
  </code>
</codes>
<codes class="bip:topics:1.0">
  <code code="E51">
    <editdetail attribution="Reuters BIP Coding Group" action="confirmed" date="1997-04-15"/>
  </code>
  <code code="E512">
    <editdetail attribution="Reuters BIP Coding Group" action="confirmed" date="1997-04-15"/>
  </code>
  <code code="ECAT">
    <editdetail attribution="Reuters BIP Coding Group" action="confirmed" date="1997-04-15"/>
  </code>
  <code code="GCAT">
    <editdetail attribution="Reuters BIP Coding Group" action="confirmed" date="1997-04-15"/>
  </code>
  <code code="GDIP">
    <editdetail attribution="Reuters BIP Coding Group" action="confirmed" date="1997-04-15"/>
  </code>
  <code code="GVIO">
    <editdetail attribution="Reuters BIP Coding Group" action="confirmed" date="1997-04-15"/>
  </code>
</codes>
<dc element="dc.date.created" value="1997-04-15"/>
<dc element="dc.publisher" value="Reuters Holdings Plc"/>
<dc element="dc.date.published" value="1997-04-15"/>
<dc element="dc.source" value="Reuters"/>
<dc element="dc.creator.location" value="NAIROBI"/>
<dc element="dc.creator.location.country.name" value="KENYA"/>
<dc element="dc.source" value="Reuters"/>
</metadata>
</newsitem>
