<?xml version="1.0" encoding="iso-8859-1" ?>
<newsitem itemid="508834" id="root" date="1997-04-15" xml:lang="en">
<title>SOUTH AFRICA: S.Africa to ask private sector to build, run jails.</title>
<headline>S.Africa to ask private sector to build, run jails.</headline>
<dateline>CAPE TOWN 1997-04-15</dateline>
<text>
<p>Foreign and local companies will for the first time be invited to bid for the construction and operation of seven jails in South Africa, prisons minister Sipo Mzimela said on Tuesday.</p>
<p>He told a news conference that the tendering process would open on April 21 for the jails -- two of them super-maximum security facilities housing 1,500 inmates each -- and that construction should start on October 1.</p>
<p>&quot;We know for a fact that this will contribute greatly to our fight against crime,&quot; Mzimela said, adding that South Africa's jails were holding 50 percent more prisoners than the number for which they were designed.</p>
<p>Overcrowding, outdated security features and corrupt wardens mean that escapes from South African jails are routine.</p>
<p>The super-maximum jails, which would be the first to be built in South Africa, &quot;are designed to house very dangerous criminals who have shown by their behaviour that they cannot be part of society&quot;, Mzimela said.</p>
<p>Inmates would be locked in their cells for 23 hours a day with one hour for exercise.</p>
<p>Mzimela said South Africa was following the example of countries like the United States and Britain by involving the private sector in building and running its jails.</p>
<p>&quot;The whole idea is based on the assumption that the government will never have enough money to build the kind of facilities that South Africa needs,&quot; he said.</p>
<p>Mzimela said the government was still studying the idea, mooted by his department earlier this year, that disused mine shafts could be converted to super-maximum security jails.</p>
<p>He said South Africa now spent about 70 rand ($15) a day per prisoner.</p>
</text>
<copyright>(c) Reuters Limited 1997</copyright>
<metadata>
<codes class="bip:countries:1.0">
  <code code="SAFR">
    <editdetail attribution="Reuters BIP Coding Group" action="confirmed" date="1997-04-15"/>
  </code>
</codes>
<codes class="bip:topics:1.0">
  <code code="GCAT">
    <editdetail attribution="Reuters BIP Coding Group" action="confirmed" date="1997-04-15"/>
  </code>
  <code code="GCRIM">
    <editdetail attribution="Reuters BIP Coding Group" action="confirmed" date="1997-04-15"/>
  </code>
  <code code="GPOL">
    <editdetail attribution="Reuters BIP Coding Group" action="confirmed" date="1997-04-15"/>
  </code>
</codes>
<dc element="dc.date.created" value="1997-04-15"/>
<dc element="dc.publisher" value="Reuters Holdings Plc"/>
<dc element="dc.date.published" value="1997-04-15"/>
<dc element="dc.source" value="Reuters"/>
<dc element="dc.creator.location" value="CAPE TOWN"/>
<dc element="dc.creator.location.country.name" value="SOUTH AFRICA"/>
<dc element="dc.source" value="Reuters"/>
</metadata>
</newsitem>
