<?xml version="1.0" encoding="iso-8859-1" ?>
<newsitem itemid="508813" id="root" date="1997-04-15" xml:lang="en">
<title>SOUTH AFRICA: Amplats says EU not relevant to expansion.</title>
<headline>Amplats says EU not relevant to expansion.</headline>
<dateline>JOHANNESBURG 1997-04-15</dateline>
<text>
<p>Anglo American Platinum Corp Ltd said on Tuesday the European Union's view of the South African platinum industry was not relevant to its planned restructuring or expansion.</p>
<p>The EU will decide on May 5 whether to grant regulatory approval of Anglo American Corp of South Africa Ltd's acquisition of 28.4 percent of Lonrho Plc.</p>
<p>The EU has said Anglo's stake in Lonrho effectively puts the platinum market under the control of Anglo and another South African mining house, Gencor Ltd.</p>
<p>But Amplats managing director Barry Davison, announcing a merger of the group's four platinum mines and a major mine expansion, said on Tuesday the EU stance had no bearing on the new moves.</p>
<p>&quot;I don't believe the EU's attitude to the structure of the South African platinum industry has any bearing on those opportunities. I am sure that the EU is not in any position to decide by how much we should increase or decrease our production at any stage,&quot; he said.</p>
<p>&quot;And certainly none of our plans are concerned with amalgamating, purchasing or merging with any existing producers.</p>
<p>&quot;The opportunities I speak of are those in the market place for us to increase our production and so supply that increased demand which arises both from growth and demand and a reduction in Russian supplies. I don't believe the EU's positition is relevant to that or the merger of our operations,&quot; Davison said.</p>
<p>Amplats said earlier it planned to merge its four listed companies which at present constitute the group -- Rustenburg Platinum Holdings Ltd (Rusplat), Lebowa Platinum Mines Ltd (Leplat), Potgietersrust Platinums Ltd (PP Rust) and Amplats itself.</p>
<p>The merger, together with the development of a new mine at Boschkoppie and expansion of PP Rust's concentrator, would enhance Amplats position as world leader in platinum, it said.</p>
<p>-- Marius Bosch, Johannesburg newsroom, +27-11 482 1003</p>
</text>
<copyright>(c) Reuters Limited 1997</copyright>
<metadata>
<codes class="bip:countries:1.0">
  <code code="EEC">
    <editdetail attribution="Reuters BIP Coding Group" action="confirmed" date="1997-04-15"/>
  </code>
  <code code="SAFR">
    <editdetail attribution="Reuters BIP Coding Group" action="confirmed" date="1997-04-15"/>
  </code>
  <code code="UK">
    <editdetail attribution="Reuters BIP Coding Group" action="confirmed" date="1997-04-15"/>
  </code>
</codes>
<codes class="bip:industries:1.0">
  <code code="I21000">
    <editdetail attribution="Reuters BIP Coding Group" action="confirmed" date="1997-04-15"/>
  </code>
  <code code="I22472">
    <editdetail attribution="Reuters BIP Coding Group" action="confirmed" date="1997-04-15"/>
  </code>
  <code code="I63000">
    <editdetail attribution="Reuters BIP Coding Group" action="confirmed" date="1997-04-15"/>
  </code>
  <code code="I83960">
    <editdetail attribution="Reuters BIP Coding Group" action="confirmed" date="1997-04-15"/>
  </code>
</codes>
<codes class="bip:topics:1.0">
  <code code="C13">
    <editdetail attribution="Reuters BIP Coding Group" action="confirmed" date="1997-04-15"/>
  </code>
  <code code="C18">
    <editdetail attribution="Reuters BIP Coding Group" action="confirmed" date="1997-04-15"/>
  </code>
  <code code="C181">
    <editdetail attribution="Reuters BIP Coding Group" action="confirmed" date="1997-04-15"/>
  </code>
  <code code="C31">
    <editdetail attribution="Reuters BIP Coding Group" action="confirmed" date="1997-04-15"/>
  </code>
  <code code="C34">
    <editdetail attribution="Reuters BIP Coding Group" action="confirmed" date="1997-04-15"/>
  </code>
  <code code="CCAT">
    <editdetail attribution="Reuters BIP Coding Group" action="confirmed" date="1997-04-15"/>
  </code>
  <code code="G15">
    <editdetail attribution="Reuters BIP Coding Group" action="confirmed" date="1997-04-15"/>
  </code>
  <code code="G152">
    <editdetail attribution="Reuters BIP Coding Group" action="confirmed" date="1997-04-15"/>
  </code>
  <code code="G157">
    <editdetail attribution="Reuters BIP Coding Group" action="confirmed" date="1997-04-15"/>
  </code>
  <code code="G158">
    <editdetail attribution="Reuters BIP Coding Group" action="confirmed" date="1997-04-15"/>
  </code>
  <code code="GCAT">
    <editdetail attribution="Reuters BIP Coding Group" action="confirmed" date="1997-04-15"/>
  </code>
</codes>
<dc element="dc.date.created" value="1997-04-15"/>
<dc element="dc.publisher" value="Reuters Holdings Plc"/>
<dc element="dc.date.published" value="1997-04-15"/>
<dc element="dc.source" value="Reuters"/>
<dc element="dc.creator.location" value="JOHANNESBURG"/>
<dc element="dc.creator.location.country.name" value="SOUTH AFRICA"/>
<dc element="dc.source" value="Reuters"/>
</metadata>
</newsitem>
