<?xml version="1.0" encoding="iso-8859-1" ?>
<newsitem itemid="508833" id="root" date="1997-04-15" xml:lang="en">
<title>ANGOLA: Elf sees strong flow from new Angola well.</title>
<headline>Elf sees strong flow from new Angola well.</headline>
<dateline>LUANDA 1997-04-15</dateline>
<text>
<p>French oil company Elf Aquitaine's appraisal well off the Angola coast is capable of becoming the country's most productive single deep-water well, a senior Elf official said on Tuesday.</p>
<p>&quot;This find is very, very good,&quot; Jean-Jacques Biteau, Elf's Explorations Director in Angola told Reuters.</p>
<p>&quot;At the present flow rate of 18,000 barrels per day the new well is producing more than any deep well in the country,&quot; he said.</p>
<p>Elf announced last Tuesday it had struck oil at a second tier in the Girassol field on Block 17 in 1,300 metres (4,265 feet) of water northwest of Luanda. Tests confirmed the existence of a reservoir discovered in April 1996.</p>
<p>Production tests showed a cumulative daily flow rate of 18,000 barrels of oil per day on two reservoirs of good quality.</p>
<p>Most offshore wells in Angola have so far been drilled in shallow waters, Biteau said.</p>
<p>British Petroleum Director General in Angola, Richard Field, said the find showed the potential of Angola's deep water blocks.</p>
<p>BP Exploration Angola holds a 16.67 percent stake in Block 17 which also has five other oil prospectors currently involved under Elf Exploration Angola -- a subsidiary of Elf Aquitaine.</p>
<p>Elf is operator of Block 17 in which it has a 35 percent stake.</p>
<p>&quot;If this flow rate keeps up then this is a sign of what the deep water might hold,&quot; Field said.</p>
<p>Elf is also drilling a deviated well at the same site to further define the size of the oil structure. Test results should be known within three weeks.</p>
<p>The deep water of Girassol requires an output of at least 10,000 barrels per day (bpd) per well to ensure a return on investments, Elf geologist Pierre Zarolinska said.</p>
<p>&quot;If we can keep up this 18,000 barrels it will be excellent and gives us every reason to go forward with widening our exploration of the field,&quot; Zarolinska said, adding that production on Block 17 was likely to start around the year 2000.</p>
<p>Elf officials refused to comment on the estimated size of the field, saying they only had data showing the size of the structure and could not release that data.</p>
<p>Editor of Angola's Energy review magazine and a close watcher of the industry, Jose de Oliveira, put the field's reserves at a billion barrels.</p>
<p>&quot;The second appraisal well indicated that there is around one billion barrels in reserve,&quot; de Oliveira said.</p>
<p>Other partners in the Girassol exploration include the Esso unit of U.S.-based Exxon, Den Norske Stats Oljeselskap ASA (Statoil), Norsk Hydro ASA and Belgium's Fina Inc.</p>
<p>-- John Fleming, Luanda Newsroom + 2442 360849</p>
</text>
<copyright>(c) Reuters Limited 1997</copyright>
<metadata>
<codes class="bip:countries:1.0">
  <code code="ANGOL">
    <editdetail attribution="Reuters BIP Coding Group" action="confirmed" date="1997-04-15"/>
  </code>
  <code code="FRA">
    <editdetail attribution="Reuters BIP Coding Group" action="confirmed" date="1997-04-15"/>
  </code>
</codes>
<codes class="bip:industries:1.0">
  <code code="I13000">
    <editdetail attribution="Reuters BIP Coding Group" action="confirmed" date="1997-04-15"/>
  </code>
  <code code="I1300003">
    <editdetail attribution="Reuters BIP Coding Group" action="confirmed" date="1997-04-15"/>
  </code>
  <code code="I14000">
    <editdetail attribution="Reuters BIP Coding Group" action="confirmed" date="1997-04-15"/>
  </code>
</codes>
<codes class="bip:topics:1.0">
  <code code="C21">
    <editdetail attribution="Reuters BIP Coding Group" action="confirmed" date="1997-04-15"/>
  </code>
  <code code="C24">
    <editdetail attribution="Reuters BIP Coding Group" action="confirmed" date="1997-04-15"/>
  </code>
  <code code="CCAT">
    <editdetail attribution="Reuters BIP Coding Group" action="confirmed" date="1997-04-15"/>
  </code>
</codes>
<dc element="dc.date.created" value="1997-04-15"/>
<dc element="dc.publisher" value="Reuters Holdings Plc"/>
<dc element="dc.date.published" value="1997-04-15"/>
<dc element="dc.source" value="Reuters"/>
<dc element="dc.creator.location" value="LUANDA"/>
<dc element="dc.creator.location.country.name" value="ANGOLA"/>
<dc element="dc.source" value="Reuters"/>
</metadata>
</newsitem>
