<?xml version="1.0" encoding="iso-8859-1" ?>
<newsitem itemid="508859" id="root" date="1997-04-15" xml:lang="en">
<title>SOUTH AFRICA: Persetel buys another European network firm.</title>
<headline>Persetel buys another European network firm.</headline>
<dateline>JOHANNESBURG 1997-04-15</dateline>
<text>
<p>South African information technology firm, Persetel Holdings Ltd, said on Tuesday it has bought a 70 percent stake in ComTech, a leading network systems integrator in Belgium and Luxembourg.</p>
<p>Persetel said in a published announcement that the purchase had taken place through its European subsidiary, Telemation Netzwerk AG, which it bought control of in January.</p>
<p>It said the acquisition price for ComTech will depend on the achievement of the budgeted earnings before tax for the years ending December 31, 1997 and 1998.</p>
<p>The price will be funded from internal cash and represents a historical price earnings multiple of about 10 times. The acquisition, which is effective from December 1, 1996, will not have a material effect on Persetel's earnings.</p>
<p>Persetel said the pruchase is in line with its objectives of expanding Telemation's business in Europe through organic growth and by means of strategic acqusitions.</p>
<p>Shareholders were referred to a cautionary dated February 27 relating to a strategic investment in a Brazilian information technology firm. Persetel said the ComTech acquisition has delayed these negotiations, which are not expected to be finalised before the end of May.</p>
<p>Shareholders were accordingly advised to exercise caution in their sharedealings.</p>
<p>-- Johannesburg newsroom 27 11 482 1003</p>
</text>
<copyright>(c) Reuters Limited 1997</copyright>
<metadata>
<codes class="bip:countries:1.0">
  <code code="BELG">
    <editdetail attribution="Reuters BIP Coding Group" action="confirmed" date="1997-04-15"/>
  </code>
  <code code="LUX">
    <editdetail attribution="Reuters BIP Coding Group" action="confirmed" date="1997-04-15"/>
  </code>
  <code code="SAFR">
    <editdetail attribution="Reuters BIP Coding Group" action="confirmed" date="1997-04-15"/>
  </code>
</codes>
<codes class="bip:industries:1.0">
  <code code="I33020">
    <editdetail attribution="Reuters BIP Coding Group" action="confirmed" date="1997-04-15"/>
  </code>
  <code code="I33030">
    <editdetail attribution="Reuters BIP Coding Group" action="confirmed" date="1997-04-15"/>
  </code>
</codes>
<codes class="bip:topics:1.0">
  <code code="C18">
    <editdetail attribution="Reuters BIP Coding Group" action="confirmed" date="1997-04-15"/>
  </code>
  <code code="C181">
    <editdetail attribution="Reuters BIP Coding Group" action="confirmed" date="1997-04-15"/>
  </code>
  <code code="CCAT">
    <editdetail attribution="Reuters BIP Coding Group" action="confirmed" date="1997-04-15"/>
  </code>
</codes>
<dc element="dc.date.created" value="1997-04-15"/>
<dc element="dc.publisher" value="Reuters Holdings Plc"/>
<dc element="dc.date.published" value="1997-04-15"/>
<dc element="dc.source" value="Reuters"/>
<dc element="dc.creator.location" value="JOHANNESBURG"/>
<dc element="dc.creator.location.country.name" value="SOUTH AFRICA"/>
<dc element="dc.source" value="Reuters"/>
</metadata>
</newsitem>
