<?xml version="1.0" encoding="iso-8859-1" ?>
<newsitem itemid="508812" id="root" date="1997-04-15" xml:lang="en">
<title>SOUTH AFRICA: S.Africa's Hanekom wins first round against KWV.</title>
<headline>S.Africa's Hanekom wins first round against KWV.</headline>
<dateline>CAPE TOWN 1997-04-15</dateline>
<text>
<p>A South African court on Tuesday ruled in favour of Agriculture Minister Derek Hanekom's bid to delay the conversion of wine and spirits co-operative KWV into a private company.</p>
<p>KWV, statutory regulator of the wine industry, had planned to complete the conversion by the end of April but the Cape Town court granted an application by Hanekom that effectively suspended the process at least until August 18, when both sides will return to court.</p>
<p>Hanekom sought the postponement to allow further study of his concerns that the KWV plan would lead to state assets being transferred to private hands, to KWV gaining an unfair market advantage and to a regulatory vacuum being created in the industry.</p>
<p>The minister welcomed the court decision but KWV Chairman Lourens Jonker said the co-operative, which markets wine and brandy in about 50 countries, was &quot;extremely disappointed&quot;.</p>
<p>&quot;This conversion is now supported by wholesalers -- through the Cape Wine and Spirit Institute -- as being a step which is in the interest of the whole South African wine industry,&quot; he said.</p>
<p>&quot;We believe this delay will lead to further abortive expenses for both KWV and the taxpayer,&quot; Jonker said.</p>
<p>&quot;No postponement will distract KWV from its objective to convert to a company in the interest of the consumers in its international markets and of the broad South African wine community and its workers.&quot;</p>
<p>Jonker said every day lost was costing KWV business opportunities and was also delaying one of the aims Hanekom hopes to achieve, the entry of blacks into the industry.</p>
<p>Hanekom said in a statement that he had no wish to hamper KWV's efforts to become more competitive and develop foreign markets.</p>
<p>But he added that he hoped the court-ordered delay would allow all the parties to arrive at a negotiated settlement &quot;that addresses all the major issues&quot;.</p>
<p>&quot;I would like to see a new dispensation for the wine industry where the interests of everyone including new entrants -- growers, producers, workers, wholesalers and consumers -- are addressed,&quot; he said.</p>
<p>-- Cape Town newsroom +2721 403-2502</p>
</text>
<copyright>(c) Reuters Limited 1997</copyright>
<metadata>
<codes class="bip:countries:1.0">
  <code code="SAFR">
    <editdetail attribution="Reuters BIP Coding Group" action="confirmed" date="1997-04-15"/>
  </code>
</codes>
<codes class="bip:industries:1.0">
  <code code="I42600">
    <editdetail attribution="Reuters BIP Coding Group" action="confirmed" date="1997-04-15"/>
  </code>
  <code code="I81502">
    <editdetail attribution="Reuters BIP Coding Group" action="confirmed" date="1997-04-15"/>
  </code>
</codes>
<codes class="bip:topics:1.0">
  <code code="C12">
    <editdetail attribution="Reuters BIP Coding Group" action="confirmed" date="1997-04-15"/>
  </code>
  <code code="C18">
    <editdetail attribution="Reuters BIP Coding Group" action="confirmed" date="1997-04-15"/>
  </code>
  <code code="C183">
    <editdetail attribution="Reuters BIP Coding Group" action="confirmed" date="1997-04-15"/>
  </code>
  <code code="CCAT">
    <editdetail attribution="Reuters BIP Coding Group" action="confirmed" date="1997-04-15"/>
  </code>
  <code code="GCAT">
    <editdetail attribution="Reuters BIP Coding Group" action="confirmed" date="1997-04-15"/>
  </code>
  <code code="GCRIM">
    <editdetail attribution="Reuters BIP Coding Group" action="confirmed" date="1997-04-15"/>
  </code>
  <code code="GPOL">
    <editdetail attribution="Reuters BIP Coding Group" action="confirmed" date="1997-04-15"/>
  </code>
</codes>
<dc element="dc.date.created" value="1997-04-15"/>
<dc element="dc.publisher" value="Reuters Holdings Plc"/>
<dc element="dc.date.published" value="1997-04-15"/>
<dc element="dc.source" value="Reuters"/>
<dc element="dc.creator.location" value="CAPE TOWN"/>
<dc element="dc.creator.location.country.name" value="SOUTH AFRICA"/>
<dc element="dc.source" value="Reuters"/>
</metadata>
</newsitem>
