<?xml version="1.0" encoding="iso-8859-1" ?>
<newsitem itemid="508822" id="root" date="1997-04-15" xml:lang="en">
<title>SOUTH AFRICA: Amplats shares jump on mine, merger news.</title>
<headline>Amplats shares jump on mine, merger news.</headline>
<dateline>JOHANNESBURG 1997-04-15</dateline>
<text>
<p>News that Anglo American Platinum Corp of South Africa plans to merge its platinum companies and a big new platinum mine sent its companies' shares to a day's high on Tuesday, dealers said.</p>
<p>Rustenburg Platinum Holdings Ltd (Rusplat) climbed 100 cents to 72 rand with 121,500 shares changing hands and Potgietersrust Platinums Ltd rose 150 cents to 26.50 rand with 114,100 shares changing hands.</p>
<p>Amplats itself added 60 cents to 29 rand in a volume of 221,100 shares on an otherwise fairly quiet day.</p>
<p>Dealers said the Amplats' shares were strengthening on the announcment of the a new mine at Boschkoppie, in the Rustenburg area, and expansion of PP Rust's concentrator, which Amplats said would enhance its position as world leader in platinum.</p>
<p>&quot;A new mine like that means that Amplats has got confidence in the future and that's likely to push the shares up for a whileing costs is also a positive thing,&quot; one dealer said.</p>
<p>Annual platinum output from Boschkoppie was expected to be about 250,000 ounces of refined platinum metal when full production is reached in 2002, the company said in a statement.</p>
<p>Amplats said the new projects would increase operational flexibility and cut costs.</p>
<p>But shares in smaller Lebowa PLatinum Mines Ltd shed eight cents to a day's low of 2.86 rand after gaining 20 cents to 294 cents on Monday.</p>
<p>Dealers were puzzled as to why Lebowa should slip, but added it could be due to speculation over the possible merger ratios which had yet to be announced and which the market seemed to fear would not favour Lebowa.</p>
<p>Amplats said on Tuesday it planned to merge its four listed companies which at present constitute the group -- Rusplat, Lebowa, PP Rust and Amplats itself.</p>
<p>&quot;The concept of the merger, or bundling, has been in the market for a long time now. They still have to announce the terms of the deal and until then the market will determine the level the shares should be at,&quot; one dealer said.</p>
<p>Amplats said in a statement that it hoped to make a further announcement within two months detailing the proposed merger.</p>
<p>-- Melanie Cheary, Johannesburg newsroom +27 11 482-1003</p>
</text>
<copyright>(c) Reuters Limited 1997</copyright>
<metadata>
<codes class="bip:countries:1.0">
  <code code="SAFR">
    <editdetail attribution="Reuters BIP Coding Group" action="confirmed" date="1997-04-15"/>
  </code>
</codes>
<codes class="bip:industries:1.0">
  <code code="I21000">
    <editdetail attribution="Reuters BIP Coding Group" action="confirmed" date="1997-04-15"/>
  </code>
  <code code="I22472">
    <editdetail attribution="Reuters BIP Coding Group" action="confirmed" date="1997-04-15"/>
  </code>
</codes>
<codes class="bip:topics:1.0">
  <code code="C15">
    <editdetail attribution="Reuters BIP Coding Group" action="confirmed" date="1997-04-15"/>
  </code>
  <code code="C152">
    <editdetail attribution="Reuters BIP Coding Group" action="confirmed" date="1997-04-15"/>
  </code>
  <code code="C18">
    <editdetail attribution="Reuters BIP Coding Group" action="confirmed" date="1997-04-15"/>
  </code>
  <code code="C181">
    <editdetail attribution="Reuters BIP Coding Group" action="confirmed" date="1997-04-15"/>
  </code>
  <code code="C24">
    <editdetail attribution="Reuters BIP Coding Group" action="confirmed" date="1997-04-15"/>
  </code>
  <code code="CCAT">
    <editdetail attribution="Reuters BIP Coding Group" action="confirmed" date="1997-04-15"/>
  </code>
</codes>
<dc element="dc.date.created" value="1997-04-15"/>
<dc element="dc.publisher" value="Reuters Holdings Plc"/>
<dc element="dc.date.published" value="1997-04-15"/>
<dc element="dc.source" value="Reuters"/>
<dc element="dc.creator.location" value="JOHANNESBURG"/>
<dc element="dc.creator.location.country.name" value="SOUTH AFRICA"/>
<dc element="dc.source" value="Reuters"/>
</metadata>
</newsitem>
