<?xml version="1.0" encoding="iso-8859-1" ?>
<newsitem itemid="508801" id="root" date="1997-04-15" xml:lang="en">
<title>MALI: Mali bans marches on eve of election protest.</title>
<headline>Mali bans marches on eve of election protest.</headline>
<dateline>BAMAKO 1997-04-15</dateline>
<text>
<p>Mali's government banned all street protests ahead of a planned opposition demonstration on Wednesday to demand fresh elections after a chaotic weekend parliamentary poll.</p>
<p>Territorial Administration and Security Minister Lieutenant-Colonel Sada Samake announced the move in a statement issued on Tuesday.</p>
<p>Earlier, officials from two opposition alliances urged their supporters to turn out in force on Wednesday to demonstrate their rejection of Sunday's election which was dogged by organisational glitches which prevented many people voting.</p>
<p>The poll for a new 147-seat national assembly and presidential and municipal elections in May and June are a test of how deeply democracy has taken root in Mali, which won widespread praise for its 1992 democratic transition from military dictatorship.</p>
<p>Voters turned out in force for the election, which launched the impoverished nation's second multi-party national polls since independence from France in 1960. They cited problems with voter cards and electoral lists and lack of voting materials.</p>
<p>The opposition alliances has called for the election process to be suspended and reorganised. They have also demanded the resignation of President Alpha Oumar Konare's government for failing to arrange proper polling.</p>
<p>Konare, a historian elected in 1992, is due to face nine challengers in a May 4 presidential poll. He has steered Mali on a course of economic liberalisation, winning praise from the United States and the World Bank.</p>
</text>
<copyright>(c) Reuters Limited 1997</copyright>
<metadata>
<codes class="bip:countries:1.0">
  <code code="MALI">
    <editdetail attribution="Reuters BIP Coding Group" action="confirmed" date="1997-04-15"/>
  </code>
</codes>
<codes class="bip:topics:1.0">
  <code code="GCAT">
    <editdetail attribution="Reuters BIP Coding Group" action="confirmed" date="1997-04-15"/>
  </code>
  <code code="GPOL">
    <editdetail attribution="Reuters BIP Coding Group" action="confirmed" date="1997-04-15"/>
  </code>
  <code code="GVIO">
    <editdetail attribution="Reuters BIP Coding Group" action="confirmed" date="1997-04-15"/>
  </code>
  <code code="GVOTE">
    <editdetail attribution="Reuters BIP Coding Group" action="confirmed" date="1997-04-15"/>
  </code>
</codes>
<dc element="dc.date.created" value="1997-04-15"/>
<dc element="dc.publisher" value="Reuters Holdings Plc"/>
<dc element="dc.date.published" value="1997-04-15"/>
<dc element="dc.source" value="Reuters"/>
<dc element="dc.creator.location" value="BAMAKO"/>
<dc element="dc.creator.location.country.name" value="MALI"/>
<dc element="dc.source" value="Reuters"/>
</metadata>
</newsitem>
