<?xml version="1.0" encoding="iso-8859-1" ?>
<newsitem itemid="508849" id="root" date="1997-04-15" xml:lang="en">
<title>KENYA: Britain urges Kenya to cut corruption.</title>
<headline>Britain urges Kenya to cut corruption.</headline>
<dateline>NAIROBI 1997-04-15</dateline>
<text>
<p>British business leaders urged Kenya on Tuesday to improve infrastructure and cut corruption in order to encourage investment in this East African country.</p>
<p>&quot;Infrastructure is known to be deficient in Kenya and corruption is also of concern,&quot; Martin Laing, chairman of the British Overseas Trade Board (BOTK), said at the opening of &quot;Britain-in-Kenya&quot; trade exhibition in the capital Nairobi.</p>
<p>Kenyan President Daniel arap Moi said it was known to Kenyans that infrastructure rehabilitation posed &quot;a great challenge&quot; and was one of Kenya's major priorities.</p>
<p>Britain is Kenya's top trading partner, with over one billion pounds ($1.62 billion) worth of investments and combined trade of over 430 million pounds in 1996, of which 191 million pounds were Kenyan exports to Britain.</p>
<p>($1=0.614 British pounds)</p>
<p>--Nairobi Newsroom ++254-2 330-261</p>
</text>
<copyright>(c) Reuters Limited 1997</copyright>
<metadata>
<codes class="bip:countries:1.0">
  <code code="KENYA">
    <editdetail attribution="Reuters BIP Coding Group" action="confirmed" date="1997-04-15"/>
  </code>
  <code code="UK">
    <editdetail attribution="Reuters BIP Coding Group" action="confirmed" date="1997-04-15"/>
  </code>
</codes>
<codes class="bip:topics:1.0">
  <code code="E51">
    <editdetail attribution="Reuters BIP Coding Group" action="confirmed" date="1997-04-15"/>
  </code>
  <code code="E512">
    <editdetail attribution="Reuters BIP Coding Group" action="confirmed" date="1997-04-15"/>
  </code>
  <code code="ECAT">
    <editdetail attribution="Reuters BIP Coding Group" action="confirmed" date="1997-04-15"/>
  </code>
  <code code="GCAT">
    <editdetail attribution="Reuters BIP Coding Group" action="confirmed" date="1997-04-15"/>
  </code>
  <code code="GCRIM">
    <editdetail attribution="Reuters BIP Coding Group" action="confirmed" date="1997-04-15"/>
  </code>
  <code code="GDIP">
    <editdetail attribution="Reuters BIP Coding Group" action="confirmed" date="1997-04-15"/>
  </code>
</codes>
<dc element="dc.date.created" value="1997-04-15"/>
<dc element="dc.publisher" value="Reuters Holdings Plc"/>
<dc element="dc.date.published" value="1997-04-15"/>
<dc element="dc.source" value="Reuters"/>
<dc element="dc.creator.location" value="NAIROBI"/>
<dc element="dc.creator.location.country.name" value="KENYA"/>
<dc element="dc.source" value="Reuters"/>
</metadata>
</newsitem>
