<?xml version="1.0" encoding="iso-8859-1" ?>
<newsitem itemid="508887" id="root" date="1997-04-15" xml:lang="en">
<title>BELARUS: Ukraine says U.S. overreacts to drunk driving case.</title>
<headline>Ukraine says U.S. overreacts to drunk driving case.</headline>
<dateline>MINSK 1997-04-15</dateline>
<text>
<p>Ukraine on Tuesday accused Washington of overreacting by publicly asking Kiev to waive diplomatic immunity for the wife of a Ukrainian diplomat charged with causing a car accident after drinking alcohol.</p>
<p>&quot;A diplomat's wife got a bit tight and got behind the wheel. There are stories like that about foreign diplomats in Kiev every day, but we don't tell the whole world about it,&quot; Ukrainian Foreign Minister Hennady Udovenko said during a visit to neighbouring Belarus.</p>
<p>Udovenko, in Minsk to initial a border agreement between the two former Soviet republics, was responding to an announcement by U.S. State Department spokesman Nicholas Burns on Monday.</p>
<p>Burns said Olesy Yarotskiy, wife of second secretary Vadym Yarotskiy, would appear in court for prosecution if the Ukrainian government waived her immunity -- or her driving privileges would be suspended for a year.</p>
<p>Yarotskiy, 45, was charged with driving while intoxicated after she failed a breathalyser test following the collision late on Saturday. Her car struck a second car, pushing it into the car ahead of it. No one was injured.</p>
<p>It was the fourth drunken driving incident involving a diplomat from the former Soviet Union in the Washington area this year, and the third in recent months involving a Ukrainian living in North America.</p>
<p>Figure skating star Oksana Baiul was admitted to an alcohol education programme after crashing her car while under the influence of alcohol, and a Ukrainian diplomat in the Canadian city of Toronto was declared persona non grata after he was charged with drunk driving.</p>
</text>
<copyright>(c) Reuters Limited 1997</copyright>
<metadata>
<codes class="bip:countries:1.0">
  <code code="UKRN">
    <editdetail attribution="Reuters BIP Coding Group" action="confirmed" date="1997-04-15"/>
  </code>
  <code code="USA">
    <editdetail attribution="Reuters BIP Coding Group" action="confirmed" date="1997-04-15"/>
  </code>
</codes>
<codes class="bip:topics:1.0">
  <code code="GCAT">
    <editdetail attribution="Reuters BIP Coding Group" action="confirmed" date="1997-04-15"/>
  </code>
  <code code="GDIP">
    <editdetail attribution="Reuters BIP Coding Group" action="confirmed" date="1997-04-15"/>
  </code>
</codes>
<dc element="dc.date.created" value="1997-04-15"/>
<dc element="dc.publisher" value="Reuters Holdings Plc"/>
<dc element="dc.date.published" value="1997-04-15"/>
<dc element="dc.source" value="Reuters"/>
<dc element="dc.creator.location" value="MINSK"/>
<dc element="dc.creator.location.country.name" value="BELARUS"/>
<dc element="dc.source" value="Reuters"/>
</metadata>
</newsitem>
