<?xml version="1.0" encoding="iso-8859-1" ?>
<newsitem itemid="508831" id="root" date="1997-04-15" xml:lang="en">
<title>ZIMBABWE: African oil sector reforms slow - U.N. expert.</title>
<headline>African oil sector reforms slow - U.N. expert.</headline>
<dateline>HARARE 1997-04-15</dateline>
<text>
<p>A United Nations consultant said on Tuesday African governments were unwilling to relinquish control of domestic oil pricing due to fears current poor distribution networks would create private monopolies.</p>
<p>&quot;Liberalisation of the oil industry is moving slowly because African governments are afraid private monopolies will replace state monopolies,&quot; Claudine Sigam, a consultant with the United Nations Conference on Trade and Development told an oil trade conference in Harare.</p>
<p>Most African governments, including those with oil industries, still determine domestic oil pricing and heavily regulate operations, although a few have started cautious reforms.</p>
<p>Sigam said many governments on the world's poorest continent were afraid liberalising pricing systems to reflect international fluctuations would be unpopular. They were also reluctant to pay subsidies to regions where it would be uneconomic for private companies to operate.</p>
<p>&quot;Consumers here still do not have influence on demand,&quot; Sigam said.</p>
<p>Sigam said the challenge for Africa in the long-term was to formulate measures that would tie domestic prices to international price movements, but this was hampered by poor fiscal and monetary policies.</p>
<p>--Harare newsroom: +263-4 72 52 27/8/9--</p>
</text>
<copyright>(c) Reuters Limited 1997</copyright>
<metadata>
<codes class="bip:countries:1.0">
  <code code="AFRICA">
    <editdetail attribution="Reuters BIP Coding Group" action="confirmed" date="1997-04-15"/>
  </code>
  <code code="UN">
    <editdetail attribution="Reuters BIP Coding Group" action="confirmed" date="1997-04-15"/>
  </code>
  <code code="ZIMBAB">
    <editdetail attribution="Reuters BIP Coding Group" action="confirmed" date="1997-04-15"/>
  </code>
</codes>
<codes class="bip:industries:1.0">
  <code code="I13000">
    <editdetail attribution="Reuters BIP Coding Group" action="confirmed" date="1997-04-15"/>
  </code>
</codes>
<codes class="bip:topics:1.0">
  <code code="C13">
    <editdetail attribution="Reuters BIP Coding Group" action="confirmed" date="1997-04-15"/>
  </code>
  <code code="C31">
    <editdetail attribution="Reuters BIP Coding Group" action="confirmed" date="1997-04-15"/>
  </code>
  <code code="CCAT">
    <editdetail attribution="Reuters BIP Coding Group" action="confirmed" date="1997-04-15"/>
  </code>
  <code code="E51">
    <editdetail attribution="Reuters BIP Coding Group" action="confirmed" date="1997-04-15"/>
  </code>
  <code code="E512">
    <editdetail attribution="Reuters BIP Coding Group" action="confirmed" date="1997-04-15"/>
  </code>
  <code code="ECAT">
    <editdetail attribution="Reuters BIP Coding Group" action="confirmed" date="1997-04-15"/>
  </code>
</codes>
<dc element="dc.date.created" value="1997-04-15"/>
<dc element="dc.publisher" value="Reuters Holdings Plc"/>
<dc element="dc.date.published" value="1997-04-15"/>
<dc element="dc.source" value="Reuters"/>
<dc element="dc.creator.location" value="HARARE"/>
<dc element="dc.creator.location.country.name" value="ZIMBABWE"/>
<dc element="dc.source" value="Reuters"/>
</metadata>
</newsitem>
