<?xml version="1.0" encoding="iso-8859-1" ?>
<newsitem itemid="508816" id="root" date="1997-04-15" xml:lang="en">
<title>SOUTH AFRICA: Sanlam says to stop investing in S.African CBDs.</title>
<headline>Sanlam says to stop investing in S.African CBDs.</headline>
<dateline>JOHANNESBURG 1997-04-15</dateline>
<text>
<p>South Africa's largest property investor Sanlam Properties said on Tuesday that it would no longer invest in the country's central business districts (CBDs) due to the flight of commerce in the face of a crime wave.</p>
<p>South Africa is plagued by violent crime against people and property that has seen some city centres, such as that of Johannesburg, become virtual no-go areas after dark.</p>
<p>Sanlam Properties managing director Banus van der Walt said the areas now had huge amounts of vacant space as business fled to out-of-town locations.</p>
<p>&quot;Vacant space in commercial buildings represents idle capital and has a negative impact on investments and the profit of companies,&quot; he said.</p>
<p>He said Sanlam will cease to invest CBDs until the problem is solved.</p>
<p>He blamed crime as the main reason. &quot;First and foremost is the increase in crime. People do not feel safe going to work or shopping in the CBDs,&quot; he said.</p>
<p>Van der Walt said all South Africa's main cities shared the problem with about 300,000 square metres of vacant space in the Johannesburg CBD, 71,500 in Cape Town's, 88,000 in Durban's and 129,000 in Pretoria's.</p>
<p>He warned that the whole economy was suffering. &quot;The country cannot afford so much unused space and it does not contribute to real economic growth,&quot; he said.</p>
<p>He also warned that the problem was spreading out from the CBDs and hitting the new business centres, such as Johannesburg's Rosebank area.</p>
<p>&quot;There is also a trend that crime is expanding to decentralised areas which can lead to these areas becoming as undesirable as the CBDs,&quot; he said.</p>
<p>Sanlam also believes the problem is exacerbated by poor infrastructure, such as parking, and the fact that too many purpose-built business parks are springing up outside the traditional CBDs.</p>
<p>Van der Walt said the government must act to tackle crime and tempt businesses back to city centres by suitable legislation.</p>
<p>&quot;Sanlam Properties appeals to the government to take steps to ensure that the country's economy does not buckle under the crime wave,&quot; he said.</p>
<p>Many of South Africa's largest property firms have huge assets locked up in the country's CBDs and the industry fears it cannot afford to let the situation deteriorate any further.</p>
<p>-- Johannesburg newsroom +27 11 482 1003</p>
</text>
<copyright>(c) Reuters Limited 1997</copyright>
<metadata>
<codes class="bip:countries:1.0">
  <code code="SAFR">
    <editdetail attribution="Reuters BIP Coding Group" action="confirmed" date="1997-04-15"/>
  </code>
</codes>
<codes class="bip:industries:1.0">
  <code code="I82002">
    <editdetail attribution="Reuters BIP Coding Group" action="confirmed" date="1997-04-15"/>
  </code>
  <code code="I85000">
    <editdetail attribution="Reuters BIP Coding Group" action="confirmed" date="1997-04-15"/>
  </code>
  <code code="I8500021">
    <editdetail attribution="Reuters BIP Coding Group" action="confirmed" date="1997-04-15"/>
  </code>
</codes>
<codes class="bip:topics:1.0">
  <code code="C11">
    <editdetail attribution="Reuters BIP Coding Group" action="confirmed" date="1997-04-15"/>
  </code>
  <code code="C24">
    <editdetail attribution="Reuters BIP Coding Group" action="confirmed" date="1997-04-15"/>
  </code>
  <code code="CCAT">
    <editdetail attribution="Reuters BIP Coding Group" action="confirmed" date="1997-04-15"/>
  </code>
</codes>
<dc element="dc.date.created" value="1997-04-15"/>
<dc element="dc.publisher" value="Reuters Holdings Plc"/>
<dc element="dc.date.published" value="1997-04-15"/>
<dc element="dc.source" value="Reuters"/>
<dc element="dc.creator.location" value="JOHANNESBURG"/>
<dc element="dc.creator.location.country.name" value="SOUTH AFRICA"/>
<dc element="dc.source" value="Reuters"/>
</metadata>
</newsitem>
