<?xml version="1.0" encoding="iso-8859-1" ?>
<newsitem itemid="508842" id="root" date="1997-04-15" xml:lang="en">
<title>SOUTH AFRICA: S.African rand/dollar futures seen slow at start.</title>
<headline>S.African rand/dollar futures seen slow at start.</headline>
<byline>Paul Richardson</byline>
<dateline>JOHANNESBURG 1997-04-15</dateline>
<text>
<p>Volumes traded in rand/dollar futures contracts were likely to be sluggish to start with, but would pick up when exchange controls were eased further, foreign exchange traders siad on Tuesday.</p>
<p>The South African Futures Exchange's (Safex) announced earlier that it would begin trading rand/dollar futures on April 30, but that trade in the contracts would be limited to non-resident clients of Safex members and authorised dealers.</p>
<p>&quot;Initially it will be slowish until more restrictions are eased and then it will probably take off,&quot; Standard Bank's director of foreign exchange Willie Potgieter said.</p>
<p>&quot;But we would welcome the introduction of the future as banks because it is certainly another instrument that we can use.&quot;</p>
<p>Another senior trader who did not want to be named said: &quot;The fact that they are setting it up is a good sign because it helps to keep the market in sync in terms of arbitrage opportunities and efficiency.&quot;</p>
<p>&quot;In the short-term, however, it is limited to authorised dealers, which is quite limiting in terms of volumes. But as time goes on and more pepople are allowed to speculate and/or hedge, it should pick up,&quot; he said.</p>
<p>Because volumes were expected to initially be low, traders said that in the short-term, while the contracts would provide an alternative to the forward market, they were unlikely to have any impact on forward market volumes.</p>
<p>&quot;The dollar/rand forward market does massive volumes and I don't think to start off the future will be able to handle those volumes,&quot; the trader said.</p>
<p>The underlying instrument on the futures will be the spot rand/dollar exchange rate, quoted to four decimal places, and contracts will be valued at $100,000 each.</p>
<p>Expiry dates would follow the same cycle as equity contracts -- March, June, September and December -- with expiry prices determined by taking a notional offer to buy and sell from six authorised dealers at the expiry time, followed by the arithmetic average of the middle four rates.</p>
<p>The futures will be cash settled in rand.</p>
<p>Safex will list options on futures with strike prices at intervals of 0.01 rand/dollar.</p>
<p>-- Johannesburg newsroom +27 11 482 1003</p>
</text>
<copyright>(c) Reuters Limited 1997</copyright>
<metadata>
<codes class="bip:countries:1.0">
  <code code="SAFR">
    <editdetail attribution="Reuters BIP Coding Group" action="confirmed" date="1997-04-15"/>
  </code>
</codes>
<codes class="bip:topics:1.0">
  <code code="M12">
    <editdetail attribution="Reuters BIP Coding Group" action="confirmed" date="1997-04-15"/>
  </code>
  <code code="M13">
    <editdetail attribution="Reuters BIP Coding Group" action="confirmed" date="1997-04-15"/>
  </code>
  <code code="M132">
    <editdetail attribution="Reuters BIP Coding Group" action="confirmed" date="1997-04-15"/>
  </code>
  <code code="MCAT">
    <editdetail attribution="Reuters BIP Coding Group" action="confirmed" date="1997-04-15"/>
  </code>
</codes>
<dc element="dc.date.created" value="1997-04-15"/>
<dc element="dc.publisher" value="Reuters Holdings Plc"/>
<dc element="dc.date.published" value="1997-04-15"/>
<dc element="dc.source" value="Reuters"/>
<dc element="dc.creator.location" value="JOHANNESBURG"/>
<dc element="dc.creator.location.country.name" value="SOUTH AFRICA"/>
<dc element="dc.source" value="Reuters"/>
</metadata>
</newsitem>
