<?xml version="1.0" encoding="iso-8859-1" ?>
<newsitem itemid="508875" id="root" date="1997-04-15" xml:lang="en">
<title>RUSSIA: Russia, NATO seek breakthrough on future ties.</title>
<headline>Russia, NATO seek breakthrough on future ties.</headline>
<byline>Oleg Shchedrov</byline>
<dateline>MOSCOW 1997-04-15</dateline>
<text>
<p>Russian Foreign Minister Yevgeny Primakov and NATO Secretary General Javier Solana met on Tuesday to try to resolve differences over terms for their future relations despite heated rhetoric from both the Cold War foes.</p>
<p>Solana was rushed straight from the airport to a ministry mansion in central Moscow where negotiations started at noon (0800 GMT). In a sign of the sensitivity of the meeting, the two sides agreed not to leak any information until the end of talks.</p>
<p>Interfax news agency said the talks were scheduled to last three hours but could continue longer. A joint statement was expected to be released simultaneously in Moscow and Brussels.</p>
<p>Both sides said they were hoping for a breakthrough to enable them to put aside disagreements over NATO's plans to expand eastwards and sign an accord in the coming weeks setting out terms for peaceful coexistence into the next century.</p>
<p>&quot;The main thing is to reach a result, not to tell the world who did what to bring about the success,&quot; Interfax quoted a Russian foreign ministry source as saying on Monday.</p>
<p>Primakov said last week that Russia hopes to sign a partnership document with NATO on May 27 in Paris.</p>
<p>But both sides have been talking tough, accusing each other of doing too little to come to terms.</p>
<p>The main sticking point is Russia's fear that the alliance's plans to invite in former Soviet bloc countries in July will lead to a military build-up near its borders. Poland, Hungary and the Czech Republic are the front-runners to join.</p>
<p>Russia is also demanding a say in some NATO decision-making.</p>
<p>&quot;So far NATO has not changed enough for us not to feel a threat if the alliance's military structures approach our borders,&quot; Itar-Tass news agency quoted Deputy Foreign Minister Georgy Mamedov, who recently held talks in Washington, as saying.</p>
<p>Yeltsin's spokesman Sergei Yastrzhembsky, in charge of coordinating foreign policy in the Kremlin, complained on the eve of talks that some NATO members &quot;are not showing enough desire to seek a compromise&quot;.</p>
<p>&quot;Such an agreement must be reached on an equal basis, but not at all costs,&quot; he told Interfax.</p>
<p>In Brussels, diplomats said they were disappointed with the tough conditions laid down by Primakov when he visited Paris last week. They said he had effectively asked NATO to rule out the future military reinforcement of new alliance members.</p>
<p>&quot;Solana is going to have to be very tough, we have made a generous offer which meets many Russian concerns. Whether Moscow takes it or not, enlargement is going ahead anyway,&quot; a senior Western diplomat said on Monday.</p>
<p>Russia has made clear it is searching for new allies to counterbalance NATO expansion.</p>
<p>Kremlin leaders gave a warm welcome to Indian Prime Minister H.D.Deve Gowda last month and Iranian parliamentary speeker Ali-Akbar Nateq-Nouri, who left Moscow on Monday. Chinese President Jiang Zemin is due to visit Moscow on April 22-26.</p>
<p>&quot;We are against any attempts to return the world artificially to one-sided decisions on key global political and economic problems in the interests of a narrow group of states,&quot; RIA news agency quoted Primakov as saying in an interview to the Indian newspaper Hindu.</p>
</text>
<copyright>(c) Reuters Limited 1997</copyright>
<metadata>
<codes class="bip:countries:1.0">
  <code code="NATO">
    <editdetail attribution="Reuters BIP Coding Group" action="confirmed" date="1997-04-15"/>
  </code>
  <code code="RUSS">
    <editdetail attribution="Reuters BIP Coding Group" action="confirmed" date="1997-04-15"/>
  </code>
</codes>
<codes class="bip:topics:1.0">
  <code code="GCAT">
    <editdetail attribution="Reuters BIP Coding Group" action="confirmed" date="1997-04-15"/>
  </code>
  <code code="GDEF">
    <editdetail attribution="Reuters BIP Coding Group" action="confirmed" date="1997-04-15"/>
  </code>
  <code code="GDIP">
    <editdetail attribution="Reuters BIP Coding Group" action="confirmed" date="1997-04-15"/>
  </code>
</codes>
<dc element="dc.date.created" value="1997-04-15"/>
<dc element="dc.publisher" value="Reuters Holdings Plc"/>
<dc element="dc.date.published" value="1997-04-15"/>
<dc element="dc.source" value="Reuters"/>
<dc element="dc.creator.location" value="MOSCOW"/>
<dc element="dc.creator.location.country.name" value="RUSSIA"/>
<dc element="dc.source" value="Reuters"/>
</metadata>
</newsitem>
