<?xml version="1.0" encoding="iso-8859-1" ?>
<newsitem itemid="508888" id="root" date="1997-04-15" xml:lang="en">
<title>CZECH REPUBLIC: Czech FinMin approves opening closed Harvard funds.</title>
<headline>Czech FinMin approves opening closed Harvard funds.</headline>
<dateline>PRAGUE 1997-04-15</dateline>
<text>
<p>The Czech Finance Ministry on Tuesday said it had approved an application by Harvard Capital and Consulting (HC&amp;C) to open its closed-ended mutual investment funds.</p>
<p>&quot;It (the application to open the funds) has been approved. It was signed this morning,&quot; ministry spokewoman Ludmila Nutilova told Reuters.  </p>
<p>Nutilova gave no further details.</p>
<p>In mid-January, HC&amp;C applied to the Finance Ministry to transform its closed-end unit trusts into open-end funds in order to &quot;extend investment opportunities.&quot;</p>
<p>But in March, the ministry rejected Harvard's original application to open the funds, which were created during the second wave of the government's voucher privatisation scheme which ended in 1995, saying unit holders of the funds needed to be protected.</p>
<p>Harvard immediately re-applied, and said it had met the requirements of the ministry, which have not been disclosed.</p>
<p>Harvard officials were not imediately available for comment.</p>
<p>HC&amp;C has said that if the measure was approved, it would offer to buy out shareholders from the funds at a price equal to the net asset value per share.</p>
<p>Harvard currently has some 12 funds publicly-traded on the Prague Stock Exchange. It was not clear if the approval would allow all of the Harvard funds to open.</p>
<p>-- Pavel Novak, Prague Newsroom, 420-2-2423-0003</p>
</text>
<copyright>(c) Reuters Limited 1997</copyright>
<metadata>
<codes class="bip:countries:1.0">
  <code code="CZREP">
    <editdetail attribution="Reuters BIP Coding Group" action="confirmed" date="1997-04-15"/>
  </code>
</codes>
<codes class="bip:industries:1.0">
  <code code="I81502">
    <editdetail attribution="Reuters BIP Coding Group" action="confirmed" date="1997-04-15"/>
  </code>
</codes>
<codes class="bip:topics:1.0">
  <code code="C11">
    <editdetail attribution="Reuters BIP Coding Group" action="confirmed" date="1997-04-15"/>
  </code>
  <code code="C13">
    <editdetail attribution="Reuters BIP Coding Group" action="confirmed" date="1997-04-15"/>
  </code>
  <code code="CCAT">
    <editdetail attribution="Reuters BIP Coding Group" action="confirmed" date="1997-04-15"/>
  </code>
</codes>
<dc element="dc.date.created" value="1997-04-15"/>
<dc element="dc.publisher" value="Reuters Holdings Plc"/>
<dc element="dc.date.published" value="1997-04-15"/>
<dc element="dc.source" value="Reuters"/>
<dc element="dc.creator.location" value="PRAGUE"/>
<dc element="dc.creator.location.country.name" value="CZECH REPUBLIC"/>
<dc element="dc.source" value="Reuters"/>
</metadata>
</newsitem>
