<?xml version="1.0" encoding="iso-8859-1" ?>
<newsitem itemid="508826" id="root" date="1997-04-15" xml:lang="en">
<title>CAMEROON: Cameroon steps up coffee, cocoa quality checks.</title>
<headline>Cameroon steps up coffee, cocoa quality checks.</headline>
<byline>Emmanuel Wotany</byline>
<dateline>YAOUNDE 1997-04-15</dateline>
<text>
<p>Cameroon, stung by customer complaints over cocoa and coffee quality after free-market reforms in the sector, has announced plans to tighten monitoring.</p>
<p>&quot;All cocoa and coffee beans destined for export will be subjected to strict quality control measures,&quot; the government said in a decree just signed by Prime Minister Peter Musonge Mafany.</p>
<p>The National Cocoa and Coffee Board (NCCB) would emphasise checks by quality controllers certified by the ministry of trade and industry, it added.</p>
<p>Cameroon liberalised internal and external marketing in 1991 as part of donor-sponsored reforms, but a booming number of unregulated exporters and buyers put pressure on farmers to harvest crops earlier and skimp on fermenting and drying times.</p>
<p>Foreign buyers have complained about quality and handling, National Cocoa and Coffee Board (NCCB) director Hope Soan Ebai told Reuters.</p>
<p>Only three international chocolate firms had ventured into the produce sector in the past two years, he said, adding that Cameroon cocoa, which had traditionally attracted a premium for high butter-to-bean content, had lost its cachet.</p>
<p>European Union analyst Marc Litvine said good quality cocoa plunged from 76 percent of total exports in 1998/89 (Oct-Sept) to 17 percent in 1995/96.</p>
<p>Hauliers pointed to inadequate quality checks at port.</p>
<p>&quot;At the port in Douala, whether the cocoa is good or bad, it is shipped,&quot; said one, adding that some exporters were also poorly equipped. &quot;Here you can become an exporter without owning a storehouse,&quot; he said.</p>
<p>The NCCB relaxed its export monitoring role in 1991 and stopped providing guarantees for low-interest bank credits for exporters. Much of Cameroon's cocoa is now sold on a spot basis.</p>
<p>Ebai said in March that Cameroon aimed to regain the confidence of buyers and exporters so that forward sales, which once made up the bulk Cameroon's cocoa sales in the past, could be restored.</p>
<p>Coffee farmers say poor access to finance for hiring labour and treating crops encourages sloppy husbandry, harvesting and preparation for sale, leading to drops in output.</p>
<p>One told Reuters he had produced 233 tonnes of coffee from 200,000 coffee bushes in 1986/87. By the mid-1990s, output from his 20 hectares had dwindled to 50 tonnes.</p>
<p>&quot;In the West Province, people rooted out their coffee after liberalisation and are now shifting to the production of groundnuts, which gives them far more revenue and less production cost,&quot; said Timothee Yimo, who is also vice-president of Cameroon's Interprofessional Council of Coffee and Cocoa.</p>
<p>Agriculture Minister Frederick Kodock said quality losses &quot;had a disastrous effect on (Cameroon's) exports and balance of trade&quot;.</p>
<p>&quot;Despite the annual increase of cocoa production from 109,000 tonnes in 1994/95 to 130,000 tonnes in 1995/96 quality fell drastically,&quot; he said after the decree.</p>
<p>Cameroon's 1996/97 cocoa harvest was estimated in March at 120,000 tonnes.</p>
<p>Yimo said coffee farmers needed state help.</p>
<p>&quot;In 1995, Ivory Coast  exported 180,000 tonnes of coffee while our production stood at 20,000 tonnes,&quot; he said. &quot;The absence of support to those involved in the sector seems to be the major reason behind this poor quantity and quality.&quot;</p>
<p>A new mutual fund to guarantee export contracts was being considered, Ebai told Reuters in March.</p>
<p>--Abidjan newsroom + 225 21 90 90</p>
</text>
<copyright>(c) Reuters Limited 1997</copyright>
<metadata>
<codes class="bip:countries:1.0">
  <code code="CAMER">
    <editdetail attribution="Reuters BIP Coding Group" action="confirmed" date="1997-04-15"/>
  </code>
</codes>
<codes class="bip:industries:1.0">
  <code code="I01001">
    <editdetail attribution="Reuters BIP Coding Group" action="confirmed" date="1997-04-15"/>
  </code>
  <code code="I0100137">
    <editdetail attribution="Reuters BIP Coding Group" action="confirmed" date="1997-04-15"/>
  </code>
  <code code="I0100144">
    <editdetail attribution="Reuters BIP Coding Group" action="confirmed" date="1997-04-15"/>
  </code>
</codes>
<codes class="bip:topics:1.0">
  <code code="C13">
    <editdetail attribution="Reuters BIP Coding Group" action="confirmed" date="1997-04-15"/>
  </code>
  <code code="CCAT">
    <editdetail attribution="Reuters BIP Coding Group" action="confirmed" date="1997-04-15"/>
  </code>
  <code code="M14">
    <editdetail attribution="Reuters BIP Coding Group" action="confirmed" date="1997-04-15"/>
  </code>
  <code code="M141">
    <editdetail attribution="Reuters BIP Coding Group" action="confirmed" date="1997-04-15"/>
  </code>
  <code code="MCAT">
    <editdetail attribution="Reuters BIP Coding Group" action="confirmed" date="1997-04-15"/>
  </code>
</codes>
<dc element="dc.date.created" value="1997-04-15"/>
<dc element="dc.publisher" value="Reuters Holdings Plc"/>
<dc element="dc.date.published" value="1997-04-15"/>
<dc element="dc.source" value="Reuters"/>
<dc element="dc.creator.location" value="YAOUNDE"/>
<dc element="dc.creator.location.country.name" value="CAMEROON"/>
<dc element="dc.source" value="Reuters"/>
</metadata>
</newsitem>
