<?xml version="1.0" encoding="iso-8859-1" ?>
<newsitem itemid="508873" id="root" date="1997-04-15" xml:lang="en">
<title>RUSSIA: Russia's Gazprom shakeup keeps giant whole.</title>
<headline>Russia's Gazprom shakeup keeps giant whole.</headline>
<dateline>MOSCOW</dateline>
<text>
<p>Russian natural gas giant Gazprom announced restructuring and cost-cutting plans Tuesday, but the world's biggest gas producer downplayed discord with the government over its fate and said it would stay intact.</p>
<p>Gazprom board chairman Rem Vyakhirev said the company -- one of Russia's most powerful entities but increasingly under government scrutiny -- had mostly resolved a dispute with ministries and property officials over restructuring.</p>
<p>He told a news conference the firm would shed 100,000 jobs this year -- a massive 26 percent of the workforce.</p>
<p>But Vyakhirev said Gazprom would remain a monopoly and would not be split up.</p>
<p>&quot;All of the internal blocs will remain within the Gazprom organisation,&quot; he said, referring to internal restructuring which would create up to half a dozen units within the monopoly for output, marketing, transport, finance and other issues.</p>
<p>Gazprom is one of Russia's most politically influential and well-connected companies, but it has come under attack by the International Monetary Fund and some government officials over its opaque financial books and strict control over access to its pipelines.</p>
</text>
<copyright>(c) Reuters Limited 1997</copyright>
<metadata>
<codes class="bip:countries:1.0">
  <code code="RUSS">
    <editdetail attribution="Reuters BIP Coding Group" action="confirmed" date="1997-04-15"/>
  </code>
</codes>
<codes class="bip:industries:1.0">
  <code code="I13000">
    <editdetail attribution="Reuters BIP Coding Group" action="confirmed" date="1997-04-15"/>
  </code>
</codes>
<codes class="bip:topics:1.0">
  <code code="C11">
    <editdetail attribution="Reuters BIP Coding Group" action="confirmed" date="1997-04-15"/>
  </code>
  <code code="C42">
    <editdetail attribution="Reuters BIP Coding Group" action="confirmed" date="1997-04-15"/>
  </code>
  <code code="CCAT">
    <editdetail attribution="Reuters BIP Coding Group" action="confirmed" date="1997-04-15"/>
  </code>
  <code code="E41">
    <editdetail attribution="Reuters BIP Coding Group" action="confirmed" date="1997-04-15"/>
  </code>
  <code code="ECAT">
    <editdetail attribution="Reuters BIP Coding Group" action="confirmed" date="1997-04-15"/>
  </code>
  <code code="GCAT">
    <editdetail attribution="Reuters BIP Coding Group" action="confirmed" date="1997-04-15"/>
  </code>
  <code code="GJOB">
    <editdetail attribution="Reuters BIP Coding Group" action="confirmed" date="1997-04-15"/>
  </code>
</codes>
<dc element="dc.publisher" value="Reuters Holdings Plc"/>
<dc element="dc.date.published" value="1997-04-15"/>
<dc element="dc.source" value="Reuters"/>
<dc element="dc.creator.location" value="MOSCOW"/>
<dc element="dc.creator.location.country.name" value="RUSSIA"/>
<dc element="dc.source" value="Reuters"/>
</metadata>
</newsitem>
