<?xml version="1.0" encoding="iso-8859-1" ?>
<newsitem itemid="508839" id="root" date="1997-04-15" xml:lang="en">
<title>ANGOLA: New Angolan unity government gets down to work.</title>
<headline>New Angolan unity government gets down to work.</headline>
<byline>John Fleming</byline>
<dateline>LUANDA 1997-04-15</dateline>
<text>
<p>Angola's former bitter enemies have got down to work in a power-sharing government after two decades of civil war.</p>
<p>But political and economic change in the battle-scarred country is expected to be slow as the new partners work to overcome years of distrust.</p>
<p>The ruling MPLA and former rebel UNITA last Friday formed a government of national unity as they agreed in a U.N.-brokered 1994 peace accord.</p>
<p>Political observers in Luanda said immediate change was not likely, as political power stayed firmly in the hands of President Jose Eduardo dos Santos.</p>
<p>A Western diplomat said dos Santos and a handful of advisers ran the country from the secluded presidential palace, Futungo das Belas, on the outskirts of the capital.</p>
<p>&quot;Policy decisions in Angola are meant to be made in the government through the council of ministers, the prime minister and so on. But in fact all the decisions are made by a very small group of people in Futungo,&quot; he told Reuters.</p>
<p>Another diplomat there would be little immediate change in the ministries occupied by UNITA -- geology and mines, tourism, trade and health.</p>
<p>New Geology and Mines Minister Marcos Samondo told Reuters he was already at his desk on Monday and had been warmly greeted by ministry staff.</p>
<p>He faces the tricky task of working with the state-run Endiama diamond company to transform the diamond areas in the northeast, controlled mainly by UNITA.</p>
<p>Samondo is expected to have some authority over diamond deals that could see the establishment of legal partnerships between UNITA and foreign companies.</p>
<p>UNITA's diamond wealth has generated an estimated $600 million annually, funding the war against the government and now the main source of party revenues.</p>
<p>But Samando says his priority is to diversify the country's approach towards exploiting Angola's resources.</p>
<p>&quot;Right now my ministry has too much emphasis on diamonds,&quot; Samondo said.</p>
<p>&quot;Angola is a mineral-rich nation, we need to take advantage of all our natural resources.&quot;</p>
<p>Analysts said parliament, which until now has sat with an MPLA majority and just some small opposition parties, will become the centre for real debate on policy issues and the country's future.</p>
<p>&quot;Now there will be a very vocal opposition in the National Assembly for a change and the MPLA will be forced to answer some tough questions,&quot; said one analyst.</p>
<p>&quot;With 70 members in the assembly, UNITA can deny MPLA the two-thirds majority they need to make constitutional change.&quot;</p>
<p>No parliamentary programme has yet been worked out, but one of the main focuses over the next two years will be rewriting the constitution, to be followed by elections.</p>
<p>&quot;UNITA will definitely demand more transparency in the budgetary process, something that has so far not happened. UNITA will use this as ammunition during the next round of elections if the government is slow to deliver,&quot; the analyst said.</p>
<p>The MPLA of dos Santos went to war with UNITA shortly after independence in 1975. Millions of land mines still have to be cleared and a vast task of rebuilding devastated infrastructure awaits the new government.</p>
</text>
<copyright>(c) Reuters Limited 1997</copyright>
<metadata>
<codes class="bip:countries:1.0">
  <code code="ANGOL">
    <editdetail attribution="Reuters BIP Coding Group" action="confirmed" date="1997-04-15"/>
  </code>
</codes>
<codes class="bip:topics:1.0">
  <code code="GCAT">
    <editdetail attribution="Reuters BIP Coding Group" action="confirmed" date="1997-04-15"/>
  </code>
  <code code="GPOL">
    <editdetail attribution="Reuters BIP Coding Group" action="confirmed" date="1997-04-15"/>
  </code>
</codes>
<dc element="dc.date.created" value="1997-04-15"/>
<dc element="dc.publisher" value="Reuters Holdings Plc"/>
<dc element="dc.date.published" value="1997-04-15"/>
<dc element="dc.source" value="Reuters"/>
<dc element="dc.creator.location" value="LUANDA"/>
<dc element="dc.creator.location.country.name" value="ANGOLA"/>
<dc element="dc.source" value="Reuters"/>
</metadata>
</newsitem>
