<?xml version="1.0" encoding="iso-8859-1" ?>
<newsitem itemid="508823" id="root" date="1997-04-15" xml:lang="en">
<title>KENYA: Kenyan CBK says mills seek coffee industry control.</title>
<headline>Kenyan CBK says mills seek coffee industry control.</headline>
<byline>Manoah Esipisu</byline>
<dateline>NAIROBI 1997-04-15</dateline>
<text>
<p>The Coffee Board of Kenya (CBK) said on Tuesday that wealthy Kenyans, in the name of competition and transparency in coffee marketing, were seeking to distort sales by central auction and take control of the industry.</p>
<p>CBK Public Relations Manager Paul Kivila told Reuters: &quot;It is a ploy to create room for the wealthy to hijack the industry. All they want is funds from coffee sales to be channelled through them instead of directly to farmers as we are doing.&quot;</p>
<p>With 16 billion shillings ($291.4 million) in foreign exchange receipts in 1995/96 (October/September), coffee is Kenya's third largest hard currency earner, behind tourism and tea. Kenya produces mild arabicas that fetch premium prices on the global market.</p>
<p>On Monday, top executives from the Kenya Planters' Cooperative Union (KPCU) and Thika Coffee Mills said they wanted auctions to be retained but the government to give them an option to sell coffee outside the auction if that provided better prices.</p>
<p>KPCU mills around 70 percent of Kenya's total production while Thika Coffee Mills (TCM) has a 10 percent share. KPCU is owned by small coffee growers while TCM is private.</p>
<p>KPCU Board Managing Director James Nyaga and TCM Chairman Pius Ngugi said they sought the option to sell other than via a central auction to encourage competition and transparency.</p>
<p>They said they planned to withhold milled coffee to force the coffee board to agree to their demand for licensing of other companies to join the board in marketing.</p>
<p>Kivila said the millers would be in contravention of the law and agreements with farmers if they withheld milled coffee.</p>
<p>&quot;Withholding of coffee is illegal. Millers do not own coffee and have no powers to effect such action,&quot; Kivila said.</p>
<p>&quot;We would like to assure consumers that coffee is available and we shall consistently supply it without any interruptions.&quot;</p>
<p>Under Kenyan law, millers hand over all processed coffee to the CBK which sells it at the export auction and passes on payments directly to farmers. CBK pays miller charges directly.</p>
<p>Kivila said KPCU and TCM were licensed to purchase coffee at the central auction for their clients. If the argument was that they could strike better prices outside of the auction, then they should purchase at the auction for resale and make the huge profits, he said.</p>
<p>Answering miller queries over CBK accounts, Kivila said CBK had not published its annual report since 1991/92 due to delays by the office of the state auditor-general for corporations.</p>
<p>But Kivila said auditors KPMG Peat Marwick were given CBK accounts since 1993/94 in February and asked to present a report in six months. CBK was recently exempted from Kenya's State Corporations Act to allow it to enhance its management style and cut government involvement.</p>
<p>This month, President Daniel arap Moi appeared to signal a change in policy, saying millers would be allowed an influential marketing role provided they raised one billion shillings ($18 million) as bail protection against any farmer losses.</p>
<p>But in an unexpected turnaround Moi later said coffee marketing lay under the sole authority of the coffee board and no one should interfere with that mandate.</p>
<p>Kivila said the CBK planned to sell part of its 65 percent shareholding in Kenya Coffee Auctions Ltd to stakeholders. He would not give a date for when that would be done.</p>
<p>($1=54.9 Kenyan shillings)</p>
</text>
<copyright>(c) Reuters Limited 1997</copyright>
<metadata>
<codes class="bip:countries:1.0">
  <code code="KENYA">
    <editdetail attribution="Reuters BIP Coding Group" action="confirmed" date="1997-04-15"/>
  </code>
</codes>
<codes class="bip:industries:1.0">
  <code code="I01001">
    <editdetail attribution="Reuters BIP Coding Group" action="confirmed" date="1997-04-15"/>
  </code>
  <code code="I0100137">
    <editdetail attribution="Reuters BIP Coding Group" action="confirmed" date="1997-04-15"/>
  </code>
</codes>
<codes class="bip:topics:1.0">
  <code code="C13">
    <editdetail attribution="Reuters BIP Coding Group" action="confirmed" date="1997-04-15"/>
  </code>
  <code code="C31">
    <editdetail attribution="Reuters BIP Coding Group" action="confirmed" date="1997-04-15"/>
  </code>
  <code code="CCAT">
    <editdetail attribution="Reuters BIP Coding Group" action="confirmed" date="1997-04-15"/>
  </code>
  <code code="M14">
    <editdetail attribution="Reuters BIP Coding Group" action="confirmed" date="1997-04-15"/>
  </code>
  <code code="M141">
    <editdetail attribution="Reuters BIP Coding Group" action="confirmed" date="1997-04-15"/>
  </code>
  <code code="MCAT">
    <editdetail attribution="Reuters BIP Coding Group" action="confirmed" date="1997-04-15"/>
  </code>
</codes>
<dc element="dc.date.created" value="1997-04-15"/>
<dc element="dc.publisher" value="Reuters Holdings Plc"/>
<dc element="dc.date.published" value="1997-04-15"/>
<dc element="dc.source" value="Reuters"/>
<dc element="dc.creator.location" value="NAIROBI"/>
<dc element="dc.creator.location.country.name" value="KENYA"/>
<dc element="dc.source" value="Reuters"/>
</metadata>
</newsitem>
