<?xml version="1.0" encoding="iso-8859-1" ?>
<newsitem itemid="508866" id="root" date="1997-04-15" xml:lang="en">
<title>CROATIA: Opposition protests poll results in Zagreb.</title>
<headline>Opposition protests poll results in Zagreb.</headline>
<byline>Zoran Radosavljevic</byline>
<dateline>ZAGREB 1997-04-15</dateline>
<text>
<p>An opposition coalition cried foul on Tuesday at voting returns for the Zagreb city assembly that yielded more seats to Croatia's ruling nationalist party although it got fewer votes than rivals.</p>
<p>A final unofficial count announced by the state electoral commission said the ex-communist Social Democrats (SDP) and the Social Liberals (HSLS) won a combined 36.76 percent of the vote, while the governing Croatian Democratic Union (HDZ) took 35.67 percent.</p>
<p>But the long-ruling HDZ of authoritarian President Franjo Tudjman said on Tuesday that it would get 24 seats in the Zagreb assembly, against 23 for the SDP-HSLS coalition. The HDZ still needs two more seats to cement an absolute majority.</p>
<p>Another three seats were awarded by the HDZ-led commission to the Peasants Party (HSS), which had refused to associate with SDP because of its communist past.</p>
<p>HDZ Zagreb party chairman Zlatko Canjuga claimed the party had posted &quot;a complete and clear&quot; victory in Sunday's polls.</p>
<p>HSLS secretary Karlo Gorinsek shot back: &quot;We (opposition) definitely got more votes. This is a deceit, unless the HDZ has already managed to rig the results.</p>
<p>&quot;The electoral commission procrastinates with publishing official results for Zagreb. They are now flaunting the county and upper House of Counties results (heavily pro-HDZ) and meanwhile they will manipulate results here,&quot; he told Reuters.</p>
<p>The HDZ, riding on the &quot;Father-of-the-Nation&quot; charisma of Tudjman, cruised to a renewed absolute majority in 18 of 21 county assemblies. That gave it at least 41 of 68 seats in the Upper House of the parliament.</p>
<p>However, the party appeared to have lost in virtually all major cities, according to the independent weekly Nacional on Tuesday, although final results have yet to be released.</p>
<p>&quot;Croatia has some similarities to Serbia - the ruling party loses towns and wins in rural areas,&quot; said political analyst Davor Gjenero.</p>
<p>Serbia's opposition coalition won the capital Belgrade last November and the ruling socialist party refused to recognise its defeat until after three months of street protests.</p>
<p>Zagreb controls most of the country's economy and finance. However, an opposition victory in the city is likely to be only a symbolic defeat for the HDZ, which already got an absolute majority in Zagreb county, a ring around the capital.</p>
<p>The SDP said the sudden reversal of the opposition's fortune in Zagreb resulted from a complicated method of distributing seats accounting for the popular vote of parties that did not clear a five percent threshold for representation.</p>
<p>&quot;This is electoral engineering which suits best the HDZ, that's why they devised it,&quot; SDP co-leader Zdravko Tomac said.</p>
<p>The HDZ wasted no time beginning post-electoral manoeuvring by offering &quot;cooperation&quot; to the HSLS and HSS, in a bid to achieve at least a one-seat majority in the assembly by splintering the opposition coalition.</p>
<p>HSS leader Zlatko Tomcic told Reuters the party was &quot;not going to form any coalitions at the moment&quot;.</p>
<p>The HDZ lost to a loose seven-party coalition in Zagreb in 1995. But Tudjman, citing &quot;national security&quot; as grounds, vetoed four opposition mayoral nominees and imposed a provisional HDZ city administration.</p>
<p>His move brought accusations of authoritarianism and was condemned in the West. Tudjman argued the HDZ had won a &quot;relative majority&quot; while the opposition was an unstable mishmash of parties ranging from far left to far right.</p>
<p>Former rebel Serbs also completed their first election in post-independence Croatia, judged by the United Nations to be fair despite technical hitches that almost ruined it.</p>
<p>Voting in the Eastern Slavonia enclave, which reverts to Croatian rule this summer after 18 months under U.N. protection, was extended into Monday to make up time for technical delays. One polling station was open even on Tuesday.</p>
<p>Organisational bungling led to misplaced and insufficient ballot forms, halting voting there for hours on Sunday.</p>
<p>The first unofficial results will be released on Wednesday and it was still unknown how many of the eligible 150,000 Serbs had actually voted, the Croatian state news agency HINA said.</p>
<p>The U.N. said its administrator Jacques Klein is expected to proclaim the voting free and fair.</p>
</text>
<copyright>(c) Reuters Limited 1997</copyright>
<metadata>
<codes class="bip:countries:1.0">
  <code code="CRTIA">
    <editdetail attribution="Reuters BIP Coding Group" action="confirmed" date="1997-04-15"/>
  </code>
</codes>
<codes class="bip:topics:1.0">
  <code code="GCAT">
    <editdetail attribution="Reuters BIP Coding Group" action="confirmed" date="1997-04-15"/>
  </code>
  <code code="GPOL">
    <editdetail attribution="Reuters BIP Coding Group" action="confirmed" date="1997-04-15"/>
  </code>
  <code code="GVOTE">
    <editdetail attribution="Reuters BIP Coding Group" action="confirmed" date="1997-04-15"/>
  </code>
</codes>
<dc element="dc.date.created" value="1997-04-15"/>
<dc element="dc.publisher" value="Reuters Holdings Plc"/>
<dc element="dc.date.published" value="1997-04-15"/>
<dc element="dc.source" value="Reuters"/>
<dc element="dc.creator.location" value="ZAGREB"/>
<dc element="dc.creator.location.country.name" value="CROATIA"/>
<dc element="dc.source" value="Reuters"/>
</metadata>
</newsitem>
