<?xml version="1.0" encoding="iso-8859-1" ?>
<newsitem itemid="508829" id="root" date="1997-04-15" xml:lang="en">
<title>SOUTH AFRICA: Amplats plans to merge platinum interests.</title>
<headline>Amplats plans to merge platinum interests.</headline>
<dateline>JOHANNESBURG 1997-04-15</dateline>
<text>
<p>Anglo American Platinum Corp (Amplats) of South Africa Ltd said on Tuesday it planned to merge its four listed companies which at present constitute the group -- Rustenburg Platinum Holdings Ltd (Rusplat), Lebowa Platinum Mines Ltd (Leplat), Potgietersrust Platinums Ltd (PP Rust) and Amplats itself.  </p>
<p>Amplats said in a statement that it hoped to make a further announcement within two months detailing the proposed merger.</p>
<p>&quot;The proposed restructuring supports the Amplats group's strategy of moving its operations down the cost curve and increasing operational flexibility to take full advantage of market conditions by facilitating optimal use of its combined asset base,&quot; it said.</p>
<p>The merger, together with the development of a new mine at Boschkoppie and expansion of PP Rust's concentrator, would enhance Amplats position as world leader in platinum, it said.</p>
<p>-- Johannesburg newsroom +27 11 482 1003</p>
</text>
<copyright>(c) Reuters Limited 1997</copyright>
<metadata>
<codes class="bip:countries:1.0">
  <code code="SAFR">
    <editdetail attribution="Reuters BIP Coding Group" action="confirmed" date="1997-04-15"/>
  </code>
</codes>
<codes class="bip:industries:1.0">
  <code code="I21000">
    <editdetail attribution="Reuters BIP Coding Group" action="confirmed" date="1997-04-15"/>
  </code>
  <code code="I22472">
    <editdetail attribution="Reuters BIP Coding Group" action="confirmed" date="1997-04-15"/>
  </code>
</codes>
<codes class="bip:topics:1.0">
  <code code="C11">
    <editdetail attribution="Reuters BIP Coding Group" action="confirmed" date="1997-04-15"/>
  </code>
  <code code="C18">
    <editdetail attribution="Reuters BIP Coding Group" action="confirmed" date="1997-04-15"/>
  </code>
  <code code="C181">
    <editdetail attribution="Reuters BIP Coding Group" action="confirmed" date="1997-04-15"/>
  </code>
  <code code="CCAT">
    <editdetail attribution="Reuters BIP Coding Group" action="confirmed" date="1997-04-15"/>
  </code>
</codes>
<dc element="dc.date.created" value="1997-04-15"/>
<dc element="dc.publisher" value="Reuters Holdings Plc"/>
<dc element="dc.date.published" value="1997-04-15"/>
<dc element="dc.source" value="Reuters"/>
<dc element="dc.creator.location" value="JOHANNESBURG"/>
<dc element="dc.creator.location.country.name" value="SOUTH AFRICA"/>
<dc element="dc.source" value="Reuters"/>
</metadata>
</newsitem>
