<?xml version="1.0" encoding="iso-8859-1" ?>
<newsitem itemid="508815" id="root" date="1997-04-15" xml:lang="en">
<title>SOUTH AFRICA: S.African shares power to close after U.S. CPI.</title>
<headline>S.African shares power to close after U.S. CPI.</headline>
<dateline>JOHANNESBURG</dateline>
<text>
<p>South African shares powered ahead to finish Tuesday on a high following a  better-than-expected U.S. CPI number and were further propelled by an early jump on Wall Street.</p>
<p>Dealers said that shares had been treading water awaiting the release of the U.S. data which would remove uncertainty from Wall Street and other markets.</p>
<p>U.S. March Consumer Price inflation rose 0.1 percent compared to a 0.3 percent rise in February. Analysts had expected a 0.2 percent rise.</p>
<p>After Wall Street's 148-point plunge last Friday, local stocks have been anxiously waiting for the U.S. market to settle down. Many believed there would be a further correction on Wall Street and that Monday's firmer close could not be taken to seriously.</p>
<p>But dealers were saying late on Tuesday that things were starting to look much better for equities worldwide.</p>
<p>Volumes for the day were fair to large, improving particularly when market uncertainty evaporated.</p>
<p>Gold shares continued to disappoint, dipping from the start of trade and shedding more in later as investors climbed into industrials, dragging the gold index to its lowest level in 17 months.</p>
<p>Industrials added 70.7 points to 8,237.5 points, all-shares climbed 30.9 points to 6,997.3 and golds lost 12.6 to 1,270.7.</p>
</text>
<copyright>(c) Reuters Limited 1997</copyright>
<metadata>
<codes class="bip:countries:1.0">
  <code code="SAFR">
    <editdetail attribution="Reuters BIP Coding Group" action="confirmed" date="1997-04-15"/>
  </code>
</codes>
<codes class="bip:topics:1.0">
  <code code="M11">
    <editdetail attribution="Reuters BIP Coding Group" action="confirmed" date="1997-04-15"/>
  </code>
  <code code="MCAT">
    <editdetail attribution="Reuters BIP Coding Group" action="confirmed" date="1997-04-15"/>
  </code>
</codes>
<dc element="dc.publisher" value="Reuters Holdings Plc"/>
<dc element="dc.date.published" value="1997-04-15"/>
<dc element="dc.source" value="Reuters"/>
<dc element="dc.creator.location" value="JOHANNESBURG"/>
<dc element="dc.creator.location.country.name" value="SOUTH AFRICA"/>
<dc element="dc.source" value="Reuters"/>
</metadata>
</newsitem>
