<?xml version="1.0" encoding="iso-8859-1" ?>
<newsitem itemid="508836" id="root" date="1997-04-15" xml:lang="en">
<title>MALAWI: PRESS DIGEST - Malawi - April 15.</title>
<headline>PRESS DIGEST - Malawi - April 15.</headline>
<dateline>BLANTYRE, Malawi 1997-04-15</dateline>
<text>
<p>These are the leading stories in the Malawian press on Tuesday.</p>
<p>Reuters has not verified these stories and does not vouch for their accuracy.</p>
<p>- - - -</p>
<p>THE NATION</p>
<p>- The chairman of the cabinet committee on the economy, Cassim Chilumpha, said the government would have to halve the 100,000-strong civil service if it were to implement recommendations of an independent commission of inquiry that it raise civil service wages by 100 percent.</p>
<p>- The Supreme Court of Appeal rejected an appeal by the attorney-general to throw out of court a case over the status of member of parliament Fred Nseula, who changed parties.</p>
<p>- - - -</p>
<p>DAILY TIMES</p>
<p>- Malawi was isolated from the international community when aircraft could not land nor take off from the airport following a massive strike by civil servants which has entered its second week.</p>
<p>-- Blantyre newsroom: -265-630-033</p>
</text>
<copyright>(c) Reuters Limited 1997</copyright>
<metadata>
<codes class="bip:countries:1.0">
  <code code="MALAW">
    <editdetail attribution="Reuters BIP Coding Group" action="confirmed" date="1997-04-15"/>
  </code>
</codes>
<codes class="bip:topics:1.0">
  <code code="GCAT">
    <editdetail attribution="Reuters BIP Coding Group" action="confirmed" date="1997-04-15"/>
  </code>
</codes>
<dc element="dc.date.created" value="1997-04-15"/>
<dc element="dc.publisher" value="Reuters Holdings Plc"/>
<dc element="dc.date.published" value="1997-04-15"/>
<dc element="dc.source" value="Reuters"/>
<dc element="dc.creator.location" value="BLANTYRE, Malawi"/>
<dc element="dc.creator.location.country.name" value="MALAWI"/>
<dc element="dc.source" value="Reuters"/>
</metadata>
</newsitem>
