<?xml version="1.0" encoding="iso-8859-1" ?>
<newsitem itemid="508830" id="root" date="1997-04-15" xml:lang="en">
<title>ZAIRE: Zaire's Kabila encounters some dissent in Shaba.</title>
<headline>Zaire's Kabila encounters some dissent in Shaba.</headline>
<byline>Douglas Hamilton</byline>
<dateline>LUBUMBASHI, Zaire 1997-04-15</dateline>
<text>
<p>Rebel leader Laurent Kabila remained in seclusion in Lubumbashi on Tuesday, 24 hours after he arrived to mark the capture of Zaire's second city.</p>
<p>Lubumbashi's one million people were still awaiting a rally, a victory parade or even a clear glimpse of Kabila, who swept into town on Monday in Mercedes jeep with dark-tinted windows, in the middle of a convoy of soldiers.</p>
<p>The only political show in town was a demonstration by several hundred people who welcomed Kabila but at the same time denounced him for imposing an interim governor on Shaba province instead of holding quick elections here as elsewhere.</p>
<p>The man they supported, incumbent governor Kyungu wa Kumwanza, did not appear at the demonstration and there were unconfirmed rumours that he was under house arrest.</p>
<p>Kabila, Kyungu and the interim governor, Gaetan Kakudji, grew up together in the same village in Shaba, known to its people by the old name, Katanga province. But they have clearly travelled different political routes.</p>
<p>The delay and the dissent in Lubumbashi were unusual.</p>
<p>Kabila has usually appeared quickly in public during victory visits to towns in the centre and east as they were captured by rebel forces.</p>
<p>A news conference called for Monday evening failed to take place and Kabila officials offered no explanation.</p>
<p>One source said the leader of the Alliance of Democratic Forces for the Liberation of Congo-Zaire (AFDL) was too busy seeing businessmen to meet the press.</p>
<p>About a dozen white businessmen were lodged at the city's main hotel, including some big players in the diamond and minerals industry. The AFDL says it intends to break up monopoly deals in the industry and renegotiate contracts.</p>
<p>Demonstrators outside the hotel, a temporary base of some senior Kabila officials, said they would continue their protest and possibly call for a strike if Kabila refused to call elections or give them an explanation.</p>
<p>&quot;We're disappointed with this,&quot; said spokesman Gustave Kakala N'goy. &quot;We don't like these methods. We should have an election and if Kyungu should lose then fine. But we want democracy not dictatorship.&quot;</p>
<p>The nationalist Katangese party says governor Kyungu helped Kabila's rebels to take Lubumbashi with few casualties by persuading the Zaire army to change sides.</p>
<p>Critics of the Shaba governor say he is simply an opportunist attempting to jump on the Kabila bandwagon, evidently without success so far.</p>
</text>
<copyright>(c) Reuters Limited 1997</copyright>
<metadata>
<codes class="bip:countries:1.0">
  <code code="ZAIRE">
    <editdetail attribution="Reuters BIP Coding Group" action="confirmed" date="1997-04-15"/>
  </code>
</codes>
<codes class="bip:topics:1.0">
  <code code="GCAT">
    <editdetail attribution="Reuters BIP Coding Group" action="confirmed" date="1997-04-15"/>
  </code>
  <code code="GPOL">
    <editdetail attribution="Reuters BIP Coding Group" action="confirmed" date="1997-04-15"/>
  </code>
  <code code="GVIO">
    <editdetail attribution="Reuters BIP Coding Group" action="confirmed" date="1997-04-15"/>
  </code>
</codes>
<dc element="dc.date.created" value="1997-04-15"/>
<dc element="dc.publisher" value="Reuters Holdings Plc"/>
<dc element="dc.date.published" value="1997-04-15"/>
<dc element="dc.source" value="Reuters"/>
<dc element="dc.creator.location" value="LUBUMBASHI, Zaire"/>
<dc element="dc.creator.location.country.name" value="ZAIRE"/>
<dc element="dc.source" value="Reuters"/>
</metadata>
</newsitem>
