<?xml version="1.0" encoding="iso-8859-1" ?>
<newsitem itemid="508832" id="root" date="1997-04-15" xml:lang="en">
<title>CONGO: Angolan cargo plane crashes in Congo, three dead.</title>
<headline>Angolan cargo plane crashes in Congo, three dead.</headline>
<dateline>BRAZZAVILLE 1997-04-15</dateline>
<text>
<p>An Angolan cargo plane crashed on take off from Congo's capital Brazzaville, killing three of the seven people on board, state radio reported on Tuesday.</p>
<p>The four survivors of Monday's crash at Brazzaville's Maya-Maya international airport were all injured but ferried to hospital in a U.S. military helicopter, it said.</p>
<p>The plane, a Fokker 27, belonged to the Angolan national airline TAAG.</p>
<p>The cause of the crash was not immediately known.</p>
<p>U.S., French, Belgian and British forces are deployed in Brazzaville to evacuate their nationals from Zaire's capital in the event of violence linked to efforts by rebels and opponents of President Mobutu Sese Seko to topple the veteran leader.</p>
</text>
<copyright>(c) Reuters Limited 1997</copyright>
<metadata>
<codes class="bip:countries:1.0">
  <code code="ANGOL">
    <editdetail attribution="Reuters BIP Coding Group" action="confirmed" date="1997-04-15"/>
  </code>
  <code code="CONGO">
    <editdetail attribution="Reuters BIP Coding Group" action="confirmed" date="1997-04-15"/>
  </code>
</codes>
<codes class="bip:industries:1.0">
  <code code="I75000">
    <editdetail attribution="Reuters BIP Coding Group" action="confirmed" date="1997-04-15"/>
  </code>
</codes>
<codes class="bip:topics:1.0">
  <code code="C24">
    <editdetail attribution="Reuters BIP Coding Group" action="confirmed" date="1997-04-15"/>
  </code>
  <code code="CCAT">
    <editdetail attribution="Reuters BIP Coding Group" action="confirmed" date="1997-04-15"/>
  </code>
  <code code="GCAT">
    <editdetail attribution="Reuters BIP Coding Group" action="confirmed" date="1997-04-15"/>
  </code>
  <code code="GDIS">
    <editdetail attribution="Reuters BIP Coding Group" action="confirmed" date="1997-04-15"/>
  </code>
</codes>
<dc element="dc.date.created" value="1997-04-15"/>
<dc element="dc.publisher" value="Reuters Holdings Plc"/>
<dc element="dc.date.published" value="1997-04-15"/>
<dc element="dc.source" value="Reuters"/>
<dc element="dc.creator.location" value="BRAZZAVILLE"/>
<dc element="dc.creator.location.country.name" value="CONGO"/>
<dc element="dc.source" value="Reuters"/>
</metadata>
</newsitem>
