<?xml version="1.0" encoding="iso-8859-1" ?>
<newsitem itemid="508827" id="root" date="1997-04-15" xml:lang="en">
<title>SOUTH AFRICA: SAfrica to get laws improving investor protection.</title>
<headline>SAfrica to get laws improving investor protection.</headline>
<dateline>CAPE TOWN 1997-04-15</dateline>
<text>
<p>South Africa's parliamentary finance committee on Tuesday approved the first of about 20 bills intended to improve investor protection.</p>
<p>The Financial Services Board, which regulates and supervises the financial services industry, excluding banks, proposed the bills to increase its powers to act against dishonesty or fraud committed by financial brokers.</p>
<p>The board's head of Research, Franso van Zyl, said the Financial Institutions Amendment Bill contained the most urgent of a wide range of legal amendments.</p>
<p>It would now go to parliament for approval by the legislature.</p>
<p>Van Zyl said that two other bills approved by the cabinet were being finalised for the short- and long-term insurance industries.</p>
<p>The board, a statutory body, oversees the insurance industry, unit trusts, participation bonds, pension funds, the stock exchange and the money market.</p>
<p>-- Parliamentary office +27 21 403-2502</p>
</text>
<copyright>(c) Reuters Limited 1997</copyright>
<metadata>
<codes class="bip:countries:1.0">
  <code code="SAFR">
    <editdetail attribution="Reuters BIP Coding Group" action="confirmed" date="1997-04-15"/>
  </code>
</codes>
<codes class="bip:industries:1.0">
  <code code="I81402">
    <editdetail attribution="Reuters BIP Coding Group" action="confirmed" date="1997-04-15"/>
  </code>
  <code code="I81502">
    <editdetail attribution="Reuters BIP Coding Group" action="confirmed" date="1997-04-15"/>
  </code>
  <code code="I83100">
    <editdetail attribution="Reuters BIP Coding Group" action="confirmed" date="1997-04-15"/>
  </code>
</codes>
<codes class="bip:topics:1.0">
  <code code="C13">
    <editdetail attribution="Reuters BIP Coding Group" action="confirmed" date="1997-04-15"/>
  </code>
  <code code="CCAT">
    <editdetail attribution="Reuters BIP Coding Group" action="confirmed" date="1997-04-15"/>
  </code>
</codes>
<dc element="dc.date.created" value="1997-04-15"/>
<dc element="dc.publisher" value="Reuters Holdings Plc"/>
<dc element="dc.date.published" value="1997-04-15"/>
<dc element="dc.source" value="Reuters"/>
<dc element="dc.creator.location" value="CAPE TOWN"/>
<dc element="dc.creator.location.country.name" value="SOUTH AFRICA"/>
<dc element="dc.source" value="Reuters"/>
</metadata>
</newsitem>
