<?xml version="1.0" encoding="iso-8859-1" ?>
<newsitem itemid="508811" id="root" date="1997-04-15" xml:lang="en">
<title>SOUTH AFRICA: FOCUS - Amplats to develop &quot;jewel in crown&quot;.</title>
<headline>FOCUS - Amplats to develop &quot;jewel in crown&quot;.</headline>
<byline>Marius Bosch</byline>
<dateline>JOHANNESBURG 1997-04-15</dateline>
<text>
<p>The world's largest platinum producer, South Africa's Amplats, said on Tuesday it will start mining its &quot;jewel in the crown&quot; and also merge its existing four mines into one.</p>
<p>Amplats, Anglo American Platinum Corp of South Africa Ltd, announced plans to merge its four listed companies which at present constitute the group -- Rustenburg Platinum Holdings Ltd (Rusplat), Lebowa Platinum Mines Ltd (Leplat), Potgietersrust Platinums Ltd (PP Rust) and Amplats itself.</p>
<p>The merger, together with the development of a new mine at Boschkoppie and expansion of PP Rust's concentrator, would enhance Amplats position as world leader in platinum, the company said.</p>
<p>Amplats managing director Barry Davison said the development of Boschkoppie as a division of Rusplat, will see about 250,000 ounces of newly-mined platinum being produced.</p>
<p>&quot;This is the jewel in the crown, that property (Boschkoppie),&quot; Davison said.</p>
<p>The mine, on the rich Merensky Reef in South Africa's Rustenburg area, will reach full operation in 2002 and will be erected at a capital cost of 1.2 billion rand.</p>
<p>It will provide around 60 million tonnes of ore for milling at an estimated head grade for Platinum Group Metals (PGM) -- platinum, rhodium and palladium -- and gold of 6.1 grammes per tonne.</p>
<p>Amplats also said it was considering the merger of the four listed companies in the group.</p>
<p>&quot;The proposed restructuring supports the Amplats group's strategy of moving its operations down the cost curve and increasing operational flexibility to take full advantage of market conditions by facilitating the optimal use of its combined asset base,&quot; the company said.</p>
<p>Davison said there was a gap in the market to increase its production as platinum demand is expected to increase by two percent per annum in the period to 2010 and Russian platinum supplies are seen dropping.</p>
<p>He said the expansion at Boschkoppie and PP Rust would see Amplats increase production from around 1.8 million ounces of platinum a year to 2.1 million ounces.</p>
<p>&quot;By the time Boschkoppie comes on stream, the (supply) gap will be in the market place,&quot; Davison said.</p>
<p>Davison said Amplats expected the platinum business to remain a fundamentally good business up to 2010.</p>
<p>&quot;We hopefully expect growth in volume demand of two percent per annum,&quot; he said.</p>
<p>&quot;It certainly provides us with opportunities on the marketing side.&quot;</p>
<p>Amplats expects 1997 supply to total 4.963 million ounces against demand of 4.898 million, compared to supply of 4.850 million ounces in 1996 and demand of 4.770 million.</p>
<p>-- Johannesburg newsroom, +27-11 482 1003</p>
</text>
<copyright>(c) Reuters Limited 1997</copyright>
<metadata>
<codes class="bip:countries:1.0">
  <code code="SAFR">
    <editdetail attribution="Reuters BIP Coding Group" action="confirmed" date="1997-04-15"/>
  </code>
</codes>
<codes class="bip:industries:1.0">
  <code code="I21000">
    <editdetail attribution="Reuters BIP Coding Group" action="confirmed" date="1997-04-15"/>
  </code>
  <code code="I22472">
    <editdetail attribution="Reuters BIP Coding Group" action="confirmed" date="1997-04-15"/>
  </code>
</codes>
<codes class="bip:topics:1.0">
  <code code="C11">
    <editdetail attribution="Reuters BIP Coding Group" action="confirmed" date="1997-04-15"/>
  </code>
  <code code="C18">
    <editdetail attribution="Reuters BIP Coding Group" action="confirmed" date="1997-04-15"/>
  </code>
  <code code="C181">
    <editdetail attribution="Reuters BIP Coding Group" action="confirmed" date="1997-04-15"/>
  </code>
  <code code="C24">
    <editdetail attribution="Reuters BIP Coding Group" action="confirmed" date="1997-04-15"/>
  </code>
  <code code="CCAT">
    <editdetail attribution="Reuters BIP Coding Group" action="confirmed" date="1997-04-15"/>
  </code>
</codes>
<dc element="dc.date.created" value="1997-04-15"/>
<dc element="dc.publisher" value="Reuters Holdings Plc"/>
<dc element="dc.date.published" value="1997-04-15"/>
<dc element="dc.source" value="Reuters"/>
<dc element="dc.creator.location" value="JOHANNESBURG"/>
<dc element="dc.creator.location.country.name" value="SOUTH AFRICA"/>
<dc element="dc.source" value="Reuters"/>
</metadata>
</newsitem>
