<?xml version="1.0" encoding="iso-8859-1" ?>
<newsitem itemid="508837" id="root" date="1997-04-15" xml:lang="en">
<title>SOUTH AFRICA: Kabila expected in S.Africa, timing uncertain.</title>
<headline>Kabila expected in S.Africa, timing uncertain.</headline>
<byline>Brendan Boyle</byline>
<dateline>CAPE TOWN 1997-04-15</dateline>
<text>
<p>South Africa said on Tuesday it expected a visit from rebel leader Laurent Kabila to discuss a possible ceasefire in Zaire's civil war but was unsure of the timing of his visit.</p>
<p>Deputy Foreign Minister Aziz Pahad told parliament's defence committee South Africa would accelerate its efforts to promote peace talks between Kabila's rebel alliance and Zaire's ailing President Mobutu Sese Seko.</p>
<p>&quot;It is probable Mr Kabila, at the appropriate time, will visit South Africa to get our assessment of how this process has unfolded and what is the way forward,&quot; he said.</p>
<p>Pahad, who helped to organise the first direct talks between the Zairean government and rebels earlier this month, said reports that Kabila was in South Africa or expected in the country on Tuesday were premature.</p>
<p>&quot;We, up to date, have not had any formal, official indication that Kabila will be coming into South Africa. He is not in South Africa at the moment. We are still waiting to officially hear when he is arriving, if he is arriving,&quot; Pahad said.</p>
<p>He told the committee that Zaire could be on the brink of formal negotiations about a transition to democracy, but said it would be up to Zaireans themselves to settle the details.</p>
<p>&quot;What has happened in an interesting way in the last few days is that both parties have signalled their commitment to meet directly at the principal level in order to negotiate the future dispensation in Zaire,&quot; he said.</p>
<p>&quot;For the first time...there is an opportunity for Zaire to achieve the democracy that has eluded it for so long.&quot;</p>
<p>Pahad said President Nelson Mandela had discussed the future of Zaire with other African leaders during a brief visit to Angola last week and remained in constant touch with them.</p>
<p>&quot;The three sides, the non-violent opposition as well, believe that ultimately you have to find the possibilities for genuine negotiation which can then lead into a transitional authority, which can then lead to a future democratic dispensation in Zaire,&quot; he said.</p>
<p>Pahad said South Africa expected significant and not merely token change in Zaire, but had not taken a position on whether Mobutu should step down after 32 years in power.</p>
<p>&quot;We have had no indication from him that he is willing to go,&quot; he said.</p>
<p>Pahad said Mobutu had not requested political asylum in South Africa, but added that such a request would receive &quot;positive&quot; consideration if it were made.</p>
</text>
<copyright>(c) Reuters Limited 1997</copyright>
<metadata>
<codes class="bip:countries:1.0">
  <code code="SAFR">
    <editdetail attribution="Reuters BIP Coding Group" action="confirmed" date="1997-04-15"/>
  </code>
  <code code="ZAIRE">
    <editdetail attribution="Reuters BIP Coding Group" action="confirmed" date="1997-04-15"/>
  </code>
</codes>
<codes class="bip:topics:1.0">
  <code code="GCAT">
    <editdetail attribution="Reuters BIP Coding Group" action="confirmed" date="1997-04-15"/>
  </code>
  <code code="GDIP">
    <editdetail attribution="Reuters BIP Coding Group" action="confirmed" date="1997-04-15"/>
  </code>
  <code code="GVIO">
    <editdetail attribution="Reuters BIP Coding Group" action="confirmed" date="1997-04-15"/>
  </code>
</codes>
<dc element="dc.date.created" value="1997-04-15"/>
<dc element="dc.publisher" value="Reuters Holdings Plc"/>
<dc element="dc.date.published" value="1997-04-15"/>
<dc element="dc.source" value="Reuters"/>
<dc element="dc.creator.location" value="CAPE TOWN"/>
<dc element="dc.creator.location.country.name" value="SOUTH AFRICA"/>
<dc element="dc.source" value="Reuters"/>
</metadata>
</newsitem>
