<?xml version="1.0" encoding="iso-8859-1" ?>
<newsitem itemid="508893" id="root" date="1997-04-15" xml:lang="en">
<title>HUNGARY: Hungary sets up Jewish survivors' foundation.</title>
<headline>Hungary sets up Jewish survivors' foundation.</headline>
<byline>Michael Roddy</byline>
<dateline>BUDAPEST 1997-04-15</dateline>
<text>
<p>Hungary's Jewish community, overcoming years of delay, inaugurated a public foundation on Tuesday to aid the country's estimated 20,000 to 40,000 Holocaust survivors.</p>
<p>&quot;This is a historic moment,&quot; Gusztav Zoltai, managing director of the Confederation of Jewish Communities in Hungary (MAZSIHISZ), said at a ceremony held in a meeting hall in the Jewish community's office building in Budapest.</p>
<p>&quot;After 50 years we can win the very little pieces of our claims,&quot; Zoltai said. &quot;But it is a good example for other European countries.&quot;</p>
<p>Zoltai spoke at the first meeting of the Hungarian Jewish Heritage Foundation, which was established by an act of Parliament and approved by the government earlier this month.</p>
<p>After years of often bitter debate between the government and the Jewish community, and within the Jewish community itself, the government agreed to establish the foundation and to give it four billion forints ($24 million) of compensation coupons, plus some other property.</p>
<p>Jewish community leaders say that the financial bequest should be sufficient to provide elderly Holocaust survivors, most of whom are now in their 70s or 80s, with supplemental pensions of about 5,000 forints ($30) a month.</p>
<p>&quot;It's actually a very big amount because it's about 1.2 billion forints ($6.8 million) a year,&quot; one community official said earlier.</p>
<p>But one big unknown is how many survivors of the Nazi Holocaust are still alive in Hungary, which at the outbreak of World War Two had the second largest Jewish community in central Europe, after Poland.</p>
<p>&quot;It could be 20,000 or possibly 40,000,&quot; Zoltai said. &quot;In two or three months we will know.&quot;</p>
<p>&quot;It is unfortunate that this has taken so long because every year 600 to 800 die and they are all Holocaust survivors,&quot; he added.</p>
<p>Jewish officials said the 21-member public foundation is the first of its kind in central Europe to deal with the issue of providing compensation for Jewish property confiscated under both the fascist and communist eras.</p>
<p>It will also have the role of promoting Jewish culture, education and religion in Hungary, whose 80,000 to 100,000 Jews now constitute the biggest Jewish community in the region.</p>
</text>
<copyright>(c) Reuters Limited 1997</copyright>
<metadata>
<codes class="bip:countries:1.0">
  <code code="HUNG">
    <editdetail attribution="Reuters BIP Coding Group" action="confirmed" date="1997-04-15"/>
  </code>
</codes>
<codes class="bip:topics:1.0">
  <code code="GCAT">
    <editdetail attribution="Reuters BIP Coding Group" action="confirmed" date="1997-04-15"/>
  </code>
  <code code="GPOL">
    <editdetail attribution="Reuters BIP Coding Group" action="confirmed" date="1997-04-15"/>
  </code>
</codes>
<dc element="dc.date.created" value="1997-04-15"/>
<dc element="dc.publisher" value="Reuters Holdings Plc"/>
<dc element="dc.date.published" value="1997-04-15"/>
<dc element="dc.source" value="Reuters"/>
<dc element="dc.creator.location" value="BUDAPEST"/>
<dc element="dc.creator.location.country.name" value="HUNGARY"/>
<dc element="dc.source" value="Reuters"/>
</metadata>
</newsitem>
