<?xml version="1.0" encoding="iso-8859-1" ?>
<newsitem itemid="508891" id="root" date="1997-04-15" xml:lang="en">
<title>ALBANIA: Agency plans first aid shipment for Albania's poor.</title>
<headline>Agency plans first aid shipment for Albania's poor.</headline>
<byline>David Brough</byline>
<dateline>TIRANA 1996-04-16</dateline>
<text>
<p>The U.N. World Food Programme (WFP) geared up to unload the biggest food aid shipment to Albania since the launch of a multinational security mission to the chaotic Balkan state, officials said.</p>
<p>A Reuters Television producer at the main port of Durres said a ship bringing more than 400 tonnes of wheat flour, beans and vegetable oil arrived on Tuesday. Aid officials said it was expected to start unloading to a nearby warehouse on Wednesday.</p>
<p>Asked when deliveries of food aid to Albania's poor would start, Jean-Marie Boucher, head of the WFP Albania mission, told reporters in Durres: &quot;It could be Wednesday or Thursday.&quot;</p>
<p>He said WFP, the world's biggest food aid agency, was discussing a strategy to distribute the aid in cooperation with the Italian-led multinational force.</p>
<p>&quot;We are not going to distribute food in unsafe areas without a military escort,&quot; WFP spokeswoman Laura Boldrini told Reuters by telephone from Rome.</p>
<p>Nearly 1,200 Italian, French and Spanish soldiers belonging to the eight-nation U.N.-backed force arrived by land and sea in Albania on Tuesday at the start of a mission to protect delivery of emergency food aid and medicines to the country's poor.</p>
<p>Albania slid into near-anarchy earlier this year after the failure of fraudulent investment plans in which many had invested their life savings.</p>
<p>Nearly 300 people have been killed in the armed uprising after people looted armouries deserted by soldiers and police.</p>
<p>In Durres, 40 km (25 miles) west of Tirana, Boucher estimated that the relief effort would last for a few months. The aid is aimed at hospitals, orphanages, homes for the handicapped and elderly and destitute families across Albania.</p>
<p>&quot;As this is not a famine, we are acting as a bridge until things return to normal,&quot; he said.</p>
<p>Albania's poor desperately need food. Basic food costs have shot up, social security payments have stopped and state food supplies are not reaching institutions, aid officials said.</p>
<p>Relief agencies estimate that one in 10 Albanians needs humanitarian aid. The Geneva-based International Committee of the Red Cross (ICRC), which does not rely on armed escorts, has been distributing food and medicines since last month.</p>
<p>The Albanian government warmly welcomed the arrival of the soldiers on Tuesday and said they could help restore order.</p>
<p>U.N. Secretary-General Kofi Annan applauded the start of &quot;Operation Alba&quot;, but said the soldiers should leave the disarming of rebels to the Albanian authorities.</p>
<p>&quot;This operation is a humanitarian one to make sure aid gets to the people,&quot; he said in Rome.</p>
<p>Albania said on Tuesday it wanted to meet donors and international investors as soon as possible to try to kick-start its economy, which has been throttled by the violence.</p>
<p>Finance Minister Arben Malaj said he had had recent meetings with the International Monetary Fund and the World Bank.</p>
<p>&quot;We have it confirmed from Italy that it will invite donors, possible donors and others to an international conference,&quot; he told the annual meeting of the European Bank for Reconstruction and Development in London. He gave no date.</p>
<p>There were no signs on Tuesday of an end to the violence in Albania. Police killed an escaped convict in a shoot-out in the south-eastern town of Bilisht after he wounded two officers.</p>
<p>Police in Gramsh, 100 km (60 miles) south of Tirana, confiscated three trucks full of automatic rifles, machine guns and grenade launchers in a raid, Albania's news agency ATA said.</p>
<p>Gramsh has been a centre for the illegal arms trade after three army depots nearby were emptied and 100,000 Kalashnikov assault rifles were stolen.</p>
</text>
<copyright>(c) Reuters Limited 1997</copyright>
<metadata>
<codes class="bip:countries:1.0">
  <code code="ALB">
    <editdetail attribution="Reuters BIP Coding Group" action="confirmed" date="1997-04-15"/>
  </code>
  <code code="FRA">
    <editdetail attribution="Reuters BIP Coding Group" action="confirmed" date="1997-04-15"/>
  </code>
  <code code="ITALY">
    <editdetail attribution="Reuters BIP Coding Group" action="confirmed" date="1997-04-15"/>
  </code>
  <code code="SPAIN">
    <editdetail attribution="Reuters BIP Coding Group" action="confirmed" date="1997-04-15"/>
  </code>
  <code code="UN">
    <editdetail attribution="Reuters BIP Coding Group" action="confirmed" date="1997-04-15"/>
  </code>
</codes>
<codes class="bip:topics:1.0">
  <code code="E51">
    <editdetail attribution="Reuters BIP Coding Group" action="confirmed" date="1997-04-15"/>
  </code>
  <code code="ECAT">
    <editdetail attribution="Reuters BIP Coding Group" action="confirmed" date="1997-04-15"/>
  </code>
  <code code="GCAT">
    <editdetail attribution="Reuters BIP Coding Group" action="confirmed" date="1997-04-15"/>
  </code>
  <code code="GDIP">
    <editdetail attribution="Reuters BIP Coding Group" action="confirmed" date="1997-04-15"/>
  </code>
  <code code="GPOL">
    <editdetail attribution="Reuters BIP Coding Group" action="confirmed" date="1997-04-15"/>
  </code>
  <code code="GVIO">
    <editdetail attribution="Reuters BIP Coding Group" action="confirmed" date="1997-04-15"/>
  </code>
</codes>
<dc element="dc.date.created" value="1996-04-16"/>
<dc element="dc.publisher" value="Reuters Holdings Plc"/>
<dc element="dc.date.published" value="1997-04-15"/>
<dc element="dc.source" value="Reuters"/>
<dc element="dc.creator.location" value="TIRANA"/>
<dc element="dc.creator.location.country.name" value="ALBANIA"/>
<dc element="dc.source" value="Reuters"/>
</metadata>
</newsitem>
