<?xml version="1.0" encoding="iso-8859-1" ?>
<newsitem itemid="508897" id="root" date="1997-04-15" xml:lang="en">
<title>BOSNIA: Bosnian army parade honours bid for independence.</title>
<headline>Bosnian army parade honours bid for independence.</headline>
<dateline>SARAJEVO 1997-04-15</dateline>
<text>
<p>Bosnian Moslem commanders staged a vast military parade on Tuesday to honour the army that fought to save Bosnia's independence.</p>
<p>Some 35,000 people turned out to see columns of soldiers march to the strains of patriotic anthems in a Sarajevo soccer stadium.</p>
<p>Moslem political and military leaders said the army had served heroically and stood as a deterrent to any potential foe.</p>
<p>&quot;The people are proud of you. They know that you are the best soldiers in the world and you really are,&quot; said Alija Izetbegovic, Moslem chairman of the peacetime collective presidency.</p>
<p>&quot;The enemy knows that, and next time they will think twice before they dare to raise a hand against this country and its people.&quot;</p>
<p>Some 2,500 soldiers and a row of wounded veterans in wheelchairs watched as Izetbegovic pinned a medal on the army's wartime commander, General Rasim Delic.</p>
<p>Delic said the Bosnian army had &quot;prevented the disappearance of one people, Bosniaks (Moslems), and one country, Bosnia-Herzegovina&quot;.</p>
<p>The army formed by the Bosnian government during the 1992-95 war eventually became identified as a mainly Moslem force fighting against Serb separatists and later Croat separatists.</p>
<p>The Bosnian army was heavily outgunned by Serb forces during most of the war, suffering heavy losses as it tried to break the Serb siege of the capital Sarajevo.</p>
<p>Bosnian Croat and Moslem leaders have agreed to form a joint army as part of a Moslem-Croat federation, which covers half the country under a peace treaty signed in December 1995.</p>
<p>The United States has tied a military aid programme to progress in creating a unifed federation army.</p>
<p>A joint command has been established after lengthy negotiations and Croat and Moslem brigades are supposed to gradually merge over a three-year period.</p>
<p>Izetbegovic, who served as Bosnia's wartime president, said the Bosnian army had helped preserve the country's multi-ethnic character.</p>
<p>&quot;Where ever you were -- mosques, churches, cathedrals and synagogues remained. This is your and our biggest victory.&quot;</p>
<p>The NATO-led peace force waived restrictions on weapons and allowed soldiers in the parade to carry rifles.</p>
</text>
<copyright>(c) Reuters Limited 1997</copyright>
<metadata>
<codes class="bip:countries:1.0">
  <code code="BSHZG">
    <editdetail attribution="Reuters BIP Coding Group" action="confirmed" date="1997-04-15"/>
  </code>
</codes>
<codes class="bip:topics:1.0">
  <code code="GCAT">
    <editdetail attribution="Reuters BIP Coding Group" action="confirmed" date="1997-04-15"/>
  </code>
  <code code="GDEF">
    <editdetail attribution="Reuters BIP Coding Group" action="confirmed" date="1997-04-15"/>
  </code>
  <code code="GPOL">
    <editdetail attribution="Reuters BIP Coding Group" action="confirmed" date="1997-04-15"/>
  </code>
</codes>
<dc element="dc.date.created" value="1997-04-15"/>
<dc element="dc.publisher" value="Reuters Holdings Plc"/>
<dc element="dc.date.published" value="1997-04-15"/>
<dc element="dc.source" value="Reuters"/>
<dc element="dc.creator.location" value="SARAJEVO"/>
<dc element="dc.creator.location.country.name" value="BOSNIA"/>
<dc element="dc.source" value="Reuters"/>
</metadata>
</newsitem>
