<?xml version="1.0" encoding="iso-8859-1" ?>
<newsitem itemid="508896" id="root" date="1997-04-15" xml:lang="en">
<title>BOSNIA: Bosnia agrees on central bank, currency - officials.</title>
<headline>Bosnia agrees on central bank, currency - officials.</headline>
<byline>Sabina Cosic</byline>
<dateline>SARAJEVO 1997-04-15</dateline>
<text>
<p>Bosnia's Serb, Croat and Moslem leaders agreed on Tuesday to form a single central bank and an interim currency with different designs for each of its two territories, U.S. and Bosnian officials said.</p>
<p>After months of haggling, Serb leaders dropped a demand for two central banks for the first time and accepted the central bank concept set out under a peace treaty, said Mirza Hajric, aide to the chairman of the collective presidency.</p>
<p>As a concession to the Serbs it was agreed that an interim bank note, called a &quot;convertible coupon&quot;, will be issued with different designs, Hajric told Reuters.</p>
<p>&quot;The concession was in the design issue, but the essence -- that it is to be used throughout Bosnia -- is more important,&quot; Hajric said.</p>
<p>The convertible coupons, pegged at parity to the German mark, will be issued by one central bank and will not bear the names of Bosnia's two entities, the Moslem-Croat federation and Serb republic.</p>
<p>&quot;The differences are in pictures, but they will not bear nationalist symbols, just some pictures acceptable to everyone,&quot; Hajric said.</p>
<p>He said an acceptable design had not yet been agreed but said he did not expect the design issue to present a problem.</p>
<p>Political leaders are under pressure to adopt a central bank law, of which the currency is only one issue, to clear the way for an international fund-raising conference for reconstruction.</p>
<p>The donors conference has already been postponed twice since its original March date because the inter-ethnic government has failed to pass a set of economic reform laws required by the international community before the conference.</p>
<p>Bosnia also needs to clinch a deal with the International Monetary Fund (IMF) which wants to see a functioning central bank and budget laws adopted before the conference, likely to be held at the end of May in Brussels.</p>
<p>&quot;With this solution (interim currency) we shall establish a unified payment system in Bosnia-Herzegovina,&quot; Hajric said.</p>
<p>The convertible coupons will take up to three months to be printed and are expected to be in use about one year, until Bosnia's proper, permanent currency is agreed.</p>
<p>The agreement, announced after talks attended by U.S. envoy John Kornblum, must be approved as part of the central bank law by an inter-ethnic parliament.</p>
<p>The presidency members agreed on the name of future single currency, the convertible mark or &quot;marka&quot; in Bosnian, but left other issues unresolved.</p>
<p>&quot;So far, there is only an agreement on the future currency's name -- convertible mark -- but not on its design.</p>
<p>&quot;We shall insist that the interim solution does not grow into a permanent one,&quot; Hajric said.</p>
<p>The Dayton peace agreement, signed in December 1995, calls for a single central bank operating for six years as a currency board.</p>
<p>Under the treaty, the currency board rules stipulate that the central bank can only issue Bosnian currency backed by hard currency reserves.</p>
</text>
<copyright>(c) Reuters Limited 1997</copyright>
<metadata>
<codes class="bip:countries:1.0">
  <code code="BSHZG">
    <editdetail attribution="Reuters BIP Coding Group" action="confirmed" date="1997-04-15"/>
  </code>
  <code code="CRTIA">
    <editdetail attribution="Reuters BIP Coding Group" action="confirmed" date="1997-04-15"/>
  </code>
  <code code="YUG">
    <editdetail attribution="Reuters BIP Coding Group" action="confirmed" date="1997-04-15"/>
  </code>
</codes>
<codes class="bip:industries:1.0">
  <code code="I81401">
    <editdetail attribution="Reuters BIP Coding Group" action="confirmed" date="1997-04-15"/>
  </code>
</codes>
<codes class="bip:topics:1.0">
  <code code="C11">
    <editdetail attribution="Reuters BIP Coding Group" action="confirmed" date="1997-04-15"/>
  </code>
  <code code="C13">
    <editdetail attribution="Reuters BIP Coding Group" action="confirmed" date="1997-04-15"/>
  </code>
  <code code="CCAT">
    <editdetail attribution="Reuters BIP Coding Group" action="confirmed" date="1997-04-15"/>
  </code>
  <code code="E12">
    <editdetail attribution="Reuters BIP Coding Group" action="confirmed" date="1997-04-15"/>
  </code>
  <code code="ECAT">
    <editdetail attribution="Reuters BIP Coding Group" action="confirmed" date="1997-04-15"/>
  </code>
  <code code="M13">
    <editdetail attribution="Reuters BIP Coding Group" action="confirmed" date="1997-04-15"/>
  </code>
  <code code="M132">
    <editdetail attribution="Reuters BIP Coding Group" action="confirmed" date="1997-04-15"/>
  </code>
  <code code="MCAT">
    <editdetail attribution="Reuters BIP Coding Group" action="confirmed" date="1997-04-15"/>
  </code>
</codes>
<dc element="dc.date.created" value="1997-04-15"/>
<dc element="dc.publisher" value="Reuters Holdings Plc"/>
<dc element="dc.date.published" value="1997-04-15"/>
<dc element="dc.source" value="Reuters"/>
<dc element="dc.creator.location" value="SARAJEVO"/>
<dc element="dc.creator.location.country.name" value="BOSNIA"/>
<dc element="dc.source" value="Reuters"/>
</metadata>
</newsitem>
