<?xml version="1.0" encoding="iso-8859-1" ?>
<newsitem itemid="508847" id="root" date="1997-04-15" xml:lang="en">
<title>MAURITIUS: Mauritian rupee weaker on dollar, firmer on pound.</title>
<headline>Mauritian rupee weaker on dollar, firmer on pound.</headline>
<dateline>PORT LOUIS 1997-04-15</dateline>
<text>
<p>The Mauritian rupee weakened against the dollar and strengthened against the pound on Tuesday, reflecting international trends, foreign exchange dealers aid.</p>
<p>The rupee was posted at a mean commercial rate of 20.547 to the dollar from 20.4665 on Monday. Against the pound, the rupee traded at a mean commercial rate of 33.324 from 33.354 on Monday.</p>
<p>Dealers said the central bank sold dollars to a commercial bank on the interbank market on Tuesday morning at the prevailing interbank rate.</p>
</text>
<copyright>(c) Reuters Limited 1997</copyright>
<metadata>
<codes class="bip:countries:1.0">
  <code code="MAURTS">
    <editdetail attribution="Reuters BIP Coding Group" action="confirmed" date="1997-04-15"/>
  </code>
</codes>
<codes class="bip:topics:1.0">
  <code code="M13">
    <editdetail attribution="Reuters BIP Coding Group" action="confirmed" date="1997-04-15"/>
  </code>
  <code code="M132">
    <editdetail attribution="Reuters BIP Coding Group" action="confirmed" date="1997-04-15"/>
  </code>
  <code code="MCAT">
    <editdetail attribution="Reuters BIP Coding Group" action="confirmed" date="1997-04-15"/>
  </code>
</codes>
<dc element="dc.date.created" value="1997-04-15"/>
<dc element="dc.publisher" value="Reuters Holdings Plc"/>
<dc element="dc.date.published" value="1997-04-15"/>
<dc element="dc.source" value="Reuters"/>
<dc element="dc.creator.location" value="PORT LOUIS"/>
<dc element="dc.creator.location.country.name" value="MAURITIUS"/>
<dc element="dc.source" value="Reuters"/>
</metadata>
</newsitem>
