<?xml version="1.0" encoding="iso-8859-1" ?>
<newsitem itemid="508803" id="root" date="1997-04-15" xml:lang="en">
<title>NIGERIA: Nigeria Airways deal with Air France reaps profit.</title>
<headline>Nigeria Airways deal with Air France reaps profit.</headline>
<dateline>LAGOS 1997-04-15</dateline>
<text>
<p>Nigeria Airways makes a profit of $110 on each passenger on a weekly Air France flight from the southeastern Nigerian oil city of Port Harcourt, the aviation ministry said on Tuesday.</p>
<p>A spokesman for the ministry told the News Agency of Nigeria that the deal was aimed at enhancing the revenue base of the airline to help it repay its debt of 7.5 billion naira.</p>
<p>Nigeria Airways lacks the aircraft to operate the flights and has been looking for partnerships with foreign airlines to service its routes.</p>
<p>The aviation spokesman said the deal with Air France was also meant to enhance the use of the Port Harcourt airport.</p>
<p>Port Harcourt is the nerve centre of Nigeria's oil industry and the flights, which began in January, allow passengers from there to fly abroad without having to travel to Lagos. Air France seperately operates a twice-weekly flight to Lagos from Paris.</p>
<p>-- Lagos newsroom +234 1 2630317</p>
</text>
<copyright>(c) Reuters Limited 1997</copyright>
<metadata>
<codes class="bip:countries:1.0">
  <code code="FRA">
    <editdetail attribution="Reuters BIP Coding Group" action="confirmed" date="1997-04-15"/>
  </code>
  <code code="NIGEA">
    <editdetail attribution="Reuters BIP Coding Group" action="confirmed" date="1997-04-15"/>
  </code>
</codes>
<codes class="bip:industries:1.0">
  <code code="I75000">
    <editdetail attribution="Reuters BIP Coding Group" action="confirmed" date="1997-04-15"/>
  </code>
</codes>
<codes class="bip:topics:1.0">
  <code code="C11">
    <editdetail attribution="Reuters BIP Coding Group" action="confirmed" date="1997-04-15"/>
  </code>
  <code code="C33">
    <editdetail attribution="Reuters BIP Coding Group" action="confirmed" date="1997-04-15"/>
  </code>
  <code code="CCAT">
    <editdetail attribution="Reuters BIP Coding Group" action="confirmed" date="1997-04-15"/>
  </code>
</codes>
<dc element="dc.date.created" value="1997-04-15"/>
<dc element="dc.publisher" value="Reuters Holdings Plc"/>
<dc element="dc.date.published" value="1997-04-15"/>
<dc element="dc.source" value="Reuters"/>
<dc element="dc.creator.location" value="LAGOS"/>
<dc element="dc.creator.location.country.name" value="NIGERIA"/>
<dc element="dc.source" value="Reuters"/>
</metadata>
</newsitem>
