<?xml version="1.0" encoding="iso-8859-1" ?>
<newsitem itemid="508870" id="root" date="1997-04-15" xml:lang="en">
<title>RUSSIA: Russia, NATO differ on future relations after talks.</title>
<headline>Russia, NATO differ on future relations after talks.</headline>
<dateline>MOSCOW 1997-04-15</dateline>
<text>
<p>Russia and NATO on Tuesday failed to iron out differences holding up a deal on future relations between Moscow and the Western alliance, the Foreign Ministry said.</p>
<p>&quot;A practical conversation took place. It was stated that positions on some issues became closer,&quot; it said in a brief statement after almost three hours of tense talks between Foreign Minister Yevgeny Primakov and NATO Secretary-General Javier Solana.</p>
<p>&quot;At the same time some difficult questions remain which must be resolved to pave the way for a mutually acceptable document on relations between Russia and NATO,&quot; the statement said.</p>
<p>Consultations would continue, it added.</p>
<p>Russia and NATO are working on a document which would define their relations after the Western alliance grants membership to some Eastern and Central European countries. First invitations are expected to be issued at a NATO summit in Madrid in July.</p>
<p>Russia bitterly opposes NATO expansion but has said it is ready to strike a deal which would ensure at least some of its security interests.</p>
<p>Moscow wants NATO to promise not to move its military infrastructure closer to Russian borders. It also wants a say in aspects of NATO activities which it says concern its security.</p>
<p>NATO says it is ready to meet some of Russia's security concerns in a loose charter. But it appears reluctant to accept any conditions which would affect rights of the new members.</p>
</text>
<copyright>(c) Reuters Limited 1997</copyright>
<metadata>
<codes class="bip:countries:1.0">
  <code code="NATO">
    <editdetail attribution="Reuters BIP Coding Group" action="confirmed" date="1997-04-15"/>
  </code>
  <code code="RUSS">
    <editdetail attribution="Reuters BIP Coding Group" action="confirmed" date="1997-04-15"/>
  </code>
</codes>
<codes class="bip:topics:1.0">
  <code code="GCAT">
    <editdetail attribution="Reuters BIP Coding Group" action="confirmed" date="1997-04-15"/>
  </code>
  <code code="GDEF">
    <editdetail attribution="Reuters BIP Coding Group" action="confirmed" date="1997-04-15"/>
  </code>
  <code code="GDIP">
    <editdetail attribution="Reuters BIP Coding Group" action="confirmed" date="1997-04-15"/>
  </code>
</codes>
<dc element="dc.date.created" value="1997-04-15"/>
<dc element="dc.publisher" value="Reuters Holdings Plc"/>
<dc element="dc.date.published" value="1997-04-15"/>
<dc element="dc.source" value="Reuters"/>
<dc element="dc.creator.location" value="MOSCOW"/>
<dc element="dc.creator.location.country.name" value="RUSSIA"/>
<dc element="dc.source" value="Reuters"/>
</metadata>
</newsitem>
