<?xml version="1.0" encoding="iso-8859-1" ?>
<newsitem itemid="508808" id="root" date="1997-04-15" xml:lang="en">
<title>SOUTH AFRICA: King Food buys three franchises.</title>
<headline>King Food buys three franchises.</headline>
<dateline>JOHANNESBURG 1997-04-15</dateline>
<text>
<p>King Food Holdings said on Tuesday it had bought franchised pub chains Keg and McGinty and franchised restaurant chain Saddles for an undisclosed sum of money.</p>
<p>Keg and McGinty have been bought from Keg Franchising South Africa (Pty) Ltd with effect from May 1, 1997 and Saddles were acquired from Saddles Steak Franchising (Pty) Ltd with effect from March 1, this year.</p>
<p>The new chains bring the total number of King Food's outlets to 208, including Mike's Kitchen, Mike's Pantry, Bimbos and Porterhouse.</p>
<p>King said the acquisitions would make substantial contributions to the net profit for the year ending February 1998.</p>
<p>Had the acqusitions been acquired and held for the 12 months ended August 31, 1996, the estimated annualised earning per share would have increased by 5.6 cents based on the 66,21 million shares in issue at that date, King added.</p>
<p>-- Johannesburg newsroom, +27 11 482 1003</p>
</text>
<copyright>(c) Reuters Limited 1997</copyright>
<metadata>
<codes class="bip:countries:1.0">
  <code code="SAFR">
    <editdetail attribution="Reuters BIP Coding Group" action="confirmed" date="1997-04-15"/>
  </code>
</codes>
<codes class="bip:topics:1.0">
  <code code="C18">
    <editdetail attribution="Reuters BIP Coding Group" action="confirmed" date="1997-04-15"/>
  </code>
  <code code="C182">
    <editdetail attribution="Reuters BIP Coding Group" action="confirmed" date="1997-04-15"/>
  </code>
  <code code="CCAT">
    <editdetail attribution="Reuters BIP Coding Group" action="confirmed" date="1997-04-15"/>
  </code>
</codes>
<dc element="dc.date.created" value="1997-04-15"/>
<dc element="dc.publisher" value="Reuters Holdings Plc"/>
<dc element="dc.date.published" value="1997-04-15"/>
<dc element="dc.source" value="Reuters"/>
<dc element="dc.creator.location" value="JOHANNESBURG"/>
<dc element="dc.creator.location.country.name" value="SOUTH AFRICA"/>
<dc element="dc.source" value="Reuters"/>
</metadata>
</newsitem>
