<?xml version="1.0" encoding="iso-8859-1" ?>
<newsitem itemid="508864" id="root" date="1997-04-15" xml:lang="en">
<title>BULGARIA: Bulgaria's King Simeon urges coalition government.</title>
<headline>Bulgaria's King Simeon urges coalition government.</headline>
<byline>Elisaveta Konstantinova</byline>
<dateline>VELIKO TARNOVO, Bulgaria 1997-04-15</dateline>
<text>
<p>Bulgaria's King Simeon returned to his homeland on Tuesday to appeal to political forces contesting Saturday's elections to unite in a broad coalition to push forward badly-needed economic reforms.</p>
<p>Simeon urged voters to turn out to support the reforms, which he said were essential to attract foreign investment and integrate Bulgaria with the European mainstream.</p>
<p>&quot;Political pluralism is more appropriate to Bulgaria than the two-party Anglo-Saxon model,&quot; the bearded monarch told a ceremony commemorating Bulgaria's first constitution.</p>
<p>Simeon received a rapturous welcome from thousands of supporters in the northern town of Veliko Tarnovo, where the 1879 law calling for a constitutional monarchy was drafted.</p>
<p>&quot;We all suffered in the past from the rule of a single party, be that good or bad. I am not a political leader and my function is not to bless one political force or chastise another,&quot; he told a news conference in the mountain village of Arbanassy after the ceremony.</p>
<p>&quot;It is up to the political forces to decide and negotiate how they would form a coalition. This is an issue of balance and maximal representation of all Bulgarians in the government.&quot;</p>
<p>The main monarchist parties contested the last elections in coalition with the centre-right Union of Democratic Forces (UDF), which is expected to win a majority on Saturday, but this time several have formed an alliance with the ethnic Turks' Movement for Rights and Freedoms.</p>
<p>UDF spokeswoman Nadezhda Mihailova, who attended the ceremony, said the King's speech had raised many serious issues and the UDF welcomed his visit.</p>
<p>&quot;These elections will show how much weight each political force has. The configuration of the next parliament will open the way for discussion on future coalitions. We are open for a broad discussion,&quot; she said.</p>
<p>Simeon flew with a special plane to an airfield near Veliko Tarnovo, once capital of the Second Bulgarian Kingdom which existed between 1185 and 1396, when its medieval civilisation was wiped out by the Ottoman Turks.</p>
<p>The 59-year-old King will spend the night in Arbanassy at a residence built by former communist dictator Todor Zhivkov and fly to Sofia on Wednesday for lunch with reformist president Petar Stoyanov before returning to Madrid.</p>
<p>Simeon went into exile as a child in 1946 when the Soviet army installed a communist regime and returned for the first time for a three-week visit last May.</p>
<p>Tuesday's speech, his most outspoken political intervention yet, included an attack on misrepresentation of his position by politicians and journalists.</p>
<p>&quot;Attempts by many people to use my name...as well as implausible speculation, made me come here today in order that you may hear clearly from me in my mother tongue what concerns me,&quot; said the balding, bearded monarch.</p>
<p>&quot;Those who think that Simeon divides Bulgarians into Monarchists and Republicans, Left and Right, are wrong, as I am stretching out my hand to everyone. I am interested in what unites us, not what divides us. Patriots can be found in every camp,&quot; he said in a speech frequently interrupted with applause and chants of &quot;Simeon, Simeon&quot;.</p>
<p>&quot;I am appealing to everyone to vote. Vote for implementation of reforms and thereby for the integration of the country into the European structures,&quot; he said.</p>
</text>
<copyright>(c) Reuters Limited 1997</copyright>
<metadata>
<codes class="bip:countries:1.0">
  <code code="BUL">
    <editdetail attribution="Reuters BIP Coding Group" action="confirmed" date="1997-04-15"/>
  </code>
</codes>
<codes class="bip:topics:1.0">
  <code code="GCAT">
    <editdetail attribution="Reuters BIP Coding Group" action="confirmed" date="1997-04-15"/>
  </code>
  <code code="GPOL">
    <editdetail attribution="Reuters BIP Coding Group" action="confirmed" date="1997-04-15"/>
  </code>
  <code code="GVOTE">
    <editdetail attribution="Reuters BIP Coding Group" action="confirmed" date="1997-04-15"/>
  </code>
</codes>
<dc element="dc.date.created" value="1997-04-15"/>
<dc element="dc.publisher" value="Reuters Holdings Plc"/>
<dc element="dc.date.published" value="1997-04-15"/>
<dc element="dc.source" value="Reuters"/>
<dc element="dc.creator.location" value="VELIKO TARNOVO, Bulgaria"/>
<dc element="dc.creator.location.country.name" value="BULGARIA"/>
<dc element="dc.source" value="Reuters"/>
</metadata>
</newsitem>
