<?xml version="1.0" encoding="iso-8859-1" ?>
<newsitem itemid="508869" id="root" date="1997-04-15" xml:lang="en">
<title>RUSSIA: Russia, NATO fail to reach breakthrough at talks.</title>
<headline>Russia, NATO fail to reach breakthrough at talks.</headline>
<byline>Oleg Shchedrov</byline>
<dateline>MOSCOW 1997-04-15</dateline>
<text>
<p>Negotiations on Tuesday failed to bring a breakthrough to ease relations between Moscow and NATO, strained by the alliance's plans to accept new members from Eastern Europe.</p>
<p>After almost three hours of talks between Foreign Minister Yevgeny Primakov and NATO Secretary General Javier Solana, the Russian side came out with a brief statement which said that a planned pact on future relations was far from ready.</p>
<p>&quot;A practical conversation took place. It was stated that positions on some issues became closer,&quot; the foreign ministry statement said.</p>
<p>&quot;At the same time, some difficult questions remain which must be resolved to pave the way for a mutually acceptable document on relations between Russia and NATO,&quot; it said, adding consultations between the two sides would continue.</p>
<p>Primakov said last week that Russia hoped to sign a partnership document with NATO on May 27 in Paris.</p>
<p>But President Boris Yeltsin, who will discuss NATO enlargement and the proposed agreement with German Chencellor Helmut Kohl later this week, made clear that Moscow would not sign the document just for the sake of sticking to the target date.</p>
<p>&quot;The road leading to the agreement is long and difficult,&quot; Yeltsin said in an interview with German magazine Stern, made public on Tuesday.</p>
<p>&quot;Naturally, such a document will be signed only if the results of the talks suit Russia,&quot; he added.</p>
<p>The latest fourth round of talks in Moscow was marred by tough rhethoric on both sides, blaming each other for doing too little to come to terms.</p>
<p>The main sticking point is Russia's fear that the alliance's plans to invite in former Soviet bloc countries in July will lead to a military build-up near its borders. Poland, Hungary and the Czech Republic are the front-runners to join.</p>
<p>Russia is also demanding a say in some NATO decision-making.</p>
<p>&quot;So far NATO has not changed enough for us not to feel a threat if the alliance's military structures approach our borders,&quot; Itar-Tass news agency quoted Deputy Foreign Minister Georgy Mamedov, who recently held talks in Washington, as saying.</p>
<p>Yeltsin's spokesman Sergei Yastrzhembsky, in charge of coordinating foreign policy in the Kremlin, complained on the eve of talks that some NATO members &quot;are not showing enough desire to seek a compromise&quot;.</p>
<p>In Brussels, diplomats said they were disappointed with the tough conditions laid down by Primakov when he visited Paris last week. They said he had effectively asked NATO to rule out the future military reinforcement of new alliance members.</p>
<p>&quot;Solana is going to have to be very tough, we have made a generous offer which meets many Russian concerns. Whether Moscow takes it or not, enlargement is going ahead anyway,&quot; a senior Western diplomat said on Monday.</p>
<p>Russia has made clear it is searching for new allies to counterbalance NATO expansion.</p>
<p>Kremlin leaders gave a warm welcome to Indian Prime Minister H.D.Deve Gowda last month and Iranian parliamentary speaker Ali-Akbar Nateq-Nouri, who left Moscow on Monday. Chinese President Jiang Zemin is due to visit Moscow on April 22-26.</p>
<p>&quot;We are against any attempts to return the world artificially to one-sided decisions on key global political and economic problems in the interests of a narrow group of states,&quot; RIA news agency quoted Primakov as saying in an interview with the Indian newspaper Hindu.</p>
</text>
<copyright>(c) Reuters Limited 1997</copyright>
<metadata>
<codes class="bip:countries:1.0">
  <code code="NATO">
    <editdetail attribution="Reuters BIP Coding Group" action="confirmed" date="1997-04-15"/>
  </code>
  <code code="RUSS">
    <editdetail attribution="Reuters BIP Coding Group" action="confirmed" date="1997-04-15"/>
  </code>
</codes>
<codes class="bip:topics:1.0">
  <code code="GCAT">
    <editdetail attribution="Reuters BIP Coding Group" action="confirmed" date="1997-04-15"/>
  </code>
  <code code="GDEF">
    <editdetail attribution="Reuters BIP Coding Group" action="confirmed" date="1997-04-15"/>
  </code>
  <code code="GDIP">
    <editdetail attribution="Reuters BIP Coding Group" action="confirmed" date="1997-04-15"/>
  </code>
</codes>
<dc element="dc.date.created" value="1997-04-15"/>
<dc element="dc.publisher" value="Reuters Holdings Plc"/>
<dc element="dc.date.published" value="1997-04-15"/>
<dc element="dc.source" value="Reuters"/>
<dc element="dc.creator.location" value="MOSCOW"/>
<dc element="dc.creator.location.country.name" value="RUSSIA"/>
<dc element="dc.source" value="Reuters"/>
</metadata>
</newsitem>
