<?xml version="1.0" encoding="iso-8859-1" ?>
<newsitem itemid="508871" id="root" date="1997-04-15" xml:lang="en">
<title>LITHUANIA: Lithuanian shares slide in dull trade.</title>
<headline>Lithuanian shares slide in dull trade.</headline>
<dateline>VILNIUS 1997-04-15</dateline>
<text>
<p>Lithuanian shares slid in dull trade on Tuesday, leaving dealers in a bearish mood.</p>
<p>&quot;Prices should stop falling at the end of this week or the start of next week, but they probably won't rise very much for a while,&quot; said one dealer.</p>
<p>Dealers said that the market seemed still to be in the process of correcting itself after January's brief bull run, when prices surged to new highs.</p>
<p>&quot;January's price increases were speculative and not really based on the activities of the companies concerned,&quot; said Robertas Berzinskas of Vilniaus Bank's brokerage house.</p>
<p>&quot;A number of shares still seem to be overpriced,&quot; he said.</p>
<p>Dealers also said that market activity was being kept to a minimum while investors waited for first quarter results from a number of key companies.</p>
<p>Another factor cited by dealers is the general situation across Eastern Europe, where share prices have declined in recent days.</p>
<p>But Warsaw offered some hope to Lithuanian market players, rebounding on Tuesday after a three-session fall.</p>
<p>Lithuania's blue chip losses were across the board, hitting companies from the energy to the banking sector.</p>
<p>Lithuanian Gas returned to the market after being suspended from trade for several days for a shareholders' meeting that never was and promptly lost ten percent, falling to 1.98 litas from 2.20 litas.</p>
<p>The company's shareholders' meeting, originally scheduled for Monday, was postponed for two weeks because of a dispute with the auditors over legal documents.</p>
<p>Officials from the state-run firm also confirmed that its 1996 losses may exceed 78 million litas.</p>
<p>Hermis Bank fell to 190.00 litas from 195.00 litas in trade of 24,320 litas, while Vilniaus Bank remained unchanged at 245.00 litas in trade of over 56,000 litas.</p>
<p>--Ed Stoddard, Vilnius newsroom +370 2 22 35 18</p>
</text>
<copyright>(c) Reuters Limited 1997</copyright>
<metadata>
<codes class="bip:countries:1.0">
  <code code="LATV">
    <editdetail attribution="Reuters BIP Coding Group" action="confirmed" date="1997-04-15"/>
  </code>
</codes>
<codes class="bip:topics:1.0">
  <code code="M11">
    <editdetail attribution="Reuters BIP Coding Group" action="confirmed" date="1997-04-15"/>
  </code>
  <code code="MCAT">
    <editdetail attribution="Reuters BIP Coding Group" action="confirmed" date="1997-04-15"/>
  </code>
</codes>
<dc element="dc.date.created" value="1997-04-15"/>
<dc element="dc.publisher" value="Reuters Holdings Plc"/>
<dc element="dc.date.published" value="1997-04-15"/>
<dc element="dc.source" value="Reuters"/>
<dc element="dc.creator.location" value="VILNIUS"/>
<dc element="dc.creator.location.country.name" value="LITHUANIA"/>
<dc element="dc.source" value="Reuters"/>
</metadata>
</newsitem>
