<?xml version="1.0" encoding="iso-8859-1" ?>
<newsitem itemid="508868" id="root" date="1997-04-15" xml:lang="en">
<title>ALBANIA: Foreign troops reach violence-ridden Albania.</title>
<headline>Foreign troops reach violence-ridden Albania.</headline>
<byline>Erik Kirschbaum</byline>
<dateline>TIRANA 1997-04-15</dateline>
<text>
<p>Italian, French and Spanish troops arrived in Albania by air and sea on Tuesday to safeguard humanitarian aid in a well-orchestrated show of military force.</p>
<p>Nearly 1,200 soldiers began landing in the western port city of Durres and at Tirana airport shortly after dawn. They set up two key bridgeheads in the volatile Balkan nation, preparing the way for an eight-nation force of 6,000 soldiers.</p>
<p>U.N. Secretary-General Kofi Annan applauded the mission to Albania, racked by violence since an armed uprising erupted following the collapse of fraudulent investment schemes.</p>
<p>But Annan said the soldiers on the Italian-led mission were in Albania to protect aid convoys and not disarm rebels, a task that should be left to Albanian authorities.</p>
<p>&quot;I think the concept of the mission...has the right approach,&quot; Annan said in Rome. &quot;This operation is a humanitarian one to make sure aid gets to the people.&quot;</p>
<p>Albanian Prime Minister Bashkim Fino warmly welcomed the start of &quot;Operation Alba&quot;, the Italian word for &quot;dawn&quot;. He said the presence of the soldiers would help restore peace and order.</p>
<p>&quot;They will help Albania overcome the grave crisis that has gripped our country,&quot; Fino said.</p>
<p>Some 300 people have been killed and 700 injured during the weeks of armed anarchy and banditry that have swept Europe's poorest nation.</p>
<p>Tens of thousands of weapons ended up in the hands of rebel gangs and ordinary Albanians after raids on armouries, left undefended when soldiers and police deserted their posts. An estimated one million rifles were stolen during the mayhem.</p>
<p>There were no signs on Tuesday of an end to the violence. Police killed an escaped convict in a shootout in the southeastern town of Bilisht after he wounded two officers.</p>
<p>In the northern town of Shkoder, a gunman shot dead a hospital patient undergoing surgery for gunshot wounds.</p>
<p>Special police forces in Gramsh confiscated three trucks on Tuesday filled with automatic rifles, machine guns and grenade launchers during a raid, Albania's news agency ATA said.</p>
<p>Gramsh, about 100 km (60 miles) south of Tirana, has been a centre for the illegal arms trade after three army depots nearby were emptied last month and 100,000 Kalashnikov assault rifles went missing.</p>
<p>In Tepelene, also in the south, two secondary schools were reopened after parents agreed they would take turns guarding them with Kalashnikovs.</p>
<p>&quot;We are here to help Albania in a moment of national difficulty,&quot; said Italian Defence Minister Beniamino Andreatta, who flew to Durres port to observe the landing.</p>
<p>Just moments after six Italian military planes carrying 150 paratroopers landed at Tirana airport, the French troop transport ship Orage, with 450 French soldiers, reached Durres, Albania's main port 40 km (25 miles) west of the capital.</p>
<p>In cold, windy conditions, the French troops unloaded four helicopters, six tanks and dozens of armoured vehicols as the Italian navy flagship Vittorio Veneto patrolled offshore.</p>
<p>A team of 60 French marines had made a sweep of Durres harbour before the landing began because of reports there might be a guerrilla attack, French military officials said.</p>
<p>The Italian amphibious assault ship San Marco dropped anchor next to the Orage and 200 Italian troops disembarked. The Spanish ship Hernan Cortes, with 350 Spanish troops on board, followed the Orage into Durres.</p>
<p>Dozens of Albanians watched the troops and equipment unload. Many said the troops were a symbol of hope.</p>
<p>&quot;These troops are welcome in Albania,&quot; said Pjeter Jame, a teacher who travelled from Tirana to witness the landing. &quot;Right now they are the only hope of the Albanian people.&quot;</p>
<p>The U.N. World Food Programme plans to distribute aid throughout Albania as soon as possible. A ship with 400 tonnes of wheat, beans and vegetable oil arrived in Durres on Tuesday.</p>
<p>Officials said the country's poor were desperately in need of food and one in 10 Albanians needed humanitarian aid.</p>
<p>Admiral Guido Venturoni, Italy's defence chief of staff and overall commander of the eight-nation force, said the troops would use force if necessary to defend themselves.</p>
<p>He also said the soldiers would not stand by and do nothing if they witnessed violence against individuals, as U.N peacekeepers had to do in Bosnia at times.</p>
<p>Greece, Turkey, Austria, Denmark and Romania are also contributing soldiers to the mission.</p>
<p>In London, an Albanian official told international bankers the economy would contract by between three and seven percent this year as a result of the recent orgy of violence.</p>
</text>
<copyright>(c) Reuters Limited 1997</copyright>
<metadata>
<codes class="bip:countries:1.0">
  <code code="ALB">
    <editdetail attribution="Reuters BIP Coding Group" action="confirmed" date="1997-04-15"/>
  </code>
  <code code="FRA">
    <editdetail attribution="Reuters BIP Coding Group" action="confirmed" date="1997-04-15"/>
  </code>
  <code code="ITALY">
    <editdetail attribution="Reuters BIP Coding Group" action="confirmed" date="1997-04-15"/>
  </code>
</codes>
<codes class="bip:topics:1.0">
  <code code="GCAT">
    <editdetail attribution="Reuters BIP Coding Group" action="confirmed" date="1997-04-15"/>
  </code>
  <code code="GDEF">
    <editdetail attribution="Reuters BIP Coding Group" action="confirmed" date="1997-04-15"/>
  </code>
  <code code="GVIO">
    <editdetail attribution="Reuters BIP Coding Group" action="confirmed" date="1997-04-15"/>
  </code>
</codes>
<dc element="dc.date.created" value="1997-04-15"/>
<dc element="dc.publisher" value="Reuters Holdings Plc"/>
<dc element="dc.date.published" value="1997-04-15"/>
<dc element="dc.source" value="Reuters"/>
<dc element="dc.creator.location" value="TIRANA"/>
<dc element="dc.creator.location.country.name" value="ALBANIA"/>
<dc element="dc.source" value="Reuters"/>
</metadata>
</newsitem>
