<?xml version="1.0" encoding="iso-8859-1" ?>
<newsitem itemid="508855" id="root" date="1997-04-15" xml:lang="en">
<title>KENYA: PRESS DIGEST - Kenya - April 15.</title>
<headline>PRESS DIGEST - Kenya - April 15.</headline>
<dateline>NAIROBI 1997-04-15</dateline>
<text>
<p>These are the leading stories in the Kenyan press on Tuesday. Reuters has not verified these stories and does not vouch for their accuracy.</p>
<p>DAILY NATION</p>
<p>- Police investigate allegations of foul play in the death of former government minister Davidson Ngibuini Kuguru.</p>
<p>- Eight more people reported dead in weekend floods.</p>
<p>- Former ruling Kenya African National Union party branch chairman quits and says he will join opposition. EAST AFRICAN STANDARD</p>
<p>- Police gun down a suspected gangster, recover four guns and 78 rounds of ammunition.</p>
<p>- Nairobi's Jomo Kenyatta International Airport is a haven for white-collar criminals, stealing passports and valuable items.</p>
<p>- Businessmen and residents of Malindi on Kenya's coast petititon government to act against powerful Italian tycoons operating a Mafia-style tax evasion and illegal immigration ring.</p>
<p>KENYA TIMES</p>
<p>- Local Government Minister Francis Lotodo denies rejecting recommendations made by the presidential commission on local government.</p>
<p>- Five people are drowned when their car is swept away by floodwaters.</p>
<p>- Ruling Kenya African National Union party clarifies that only people aged 35 or less can be appointed party youth wingers. ($1=54 Kenyan Shillings)</p>
</text>
<copyright>(c) Reuters Limited 1997</copyright>
<metadata>
<codes class="bip:countries:1.0">
  <code code="KENYA">
    <editdetail attribution="Reuters BIP Coding Group" action="confirmed" date="1997-04-15"/>
  </code>
</codes>
<codes class="bip:topics:1.0">
  <code code="GCAT">
    <editdetail attribution="Reuters BIP Coding Group" action="confirmed" date="1997-04-15"/>
  </code>
</codes>
<dc element="dc.date.created" value="1997-04-15"/>
<dc element="dc.publisher" value="Reuters Holdings Plc"/>
<dc element="dc.date.published" value="1997-04-15"/>
<dc element="dc.source" value="Reuters"/>
<dc element="dc.creator.location" value="NAIROBI"/>
<dc element="dc.creator.location.country.name" value="KENYA"/>
<dc element="dc.source" value="Reuters"/>
</metadata>
</newsitem>
