<?xml version="1.0" encoding="iso-8859-1" ?>
<newsitem itemid="508843" id="root" date="1997-04-15" xml:lang="en">
<title>BURUNDI: Burundi leader departs for sanctions summit.</title>
<headline>Burundi leader departs for sanctions summit.</headline>
<dateline>BUJUMBURA 1997-04-15</dateline>
<text>
<p>Burundi leader Major Pierre Buyoya left on Tuesday for the first regional meeting in Tanzania since neighbouring countries imposed an economic embargo to force him to restore democracy.</p>
<p>Witnesses said Buyoya, who overthrew civilian Hutu president Sylvestre Ntibantunganya last year, left on his presidential jet for a heads of state summit on Wednesday in the northern Tanzanian city of Arusha.</p>
<p>The summit will decide whether to tighten or lift transport and economic sanctions imposed last July 31 to force Buyoya into talks with Hutu rebels. It is the first time Buyoya will be at a regional meeting since the embargo was imposed.</p>
<p>A United Nations study of the sanctions released this week found no hard evidence they had succeeded in their political aims while smuggling was weakening their impact.</p>
<p>Initial findings issued on Tuesday by the U.N. Department of Humanitarian Affairs suggested Burundi sanctions should be retargetted to protect the vulnerable and more items exempted for aid agencies.</p>
</text>
<copyright>(c) Reuters Limited 1997</copyright>
<metadata>
<codes class="bip:countries:1.0">
  <code code="BURUN">
    <editdetail attribution="Reuters BIP Coding Group" action="confirmed" date="1997-04-15"/>
  </code>
  <code code="TANZA">
    <editdetail attribution="Reuters BIP Coding Group" action="confirmed" date="1997-04-15"/>
  </code>
</codes>
<codes class="bip:topics:1.0">
  <code code="E51">
    <editdetail attribution="Reuters BIP Coding Group" action="confirmed" date="1997-04-15"/>
  </code>
  <code code="E512">
    <editdetail attribution="Reuters BIP Coding Group" action="confirmed" date="1997-04-15"/>
  </code>
  <code code="ECAT">
    <editdetail attribution="Reuters BIP Coding Group" action="confirmed" date="1997-04-15"/>
  </code>
  <code code="GCAT">
    <editdetail attribution="Reuters BIP Coding Group" action="confirmed" date="1997-04-15"/>
  </code>
  <code code="GDIP">
    <editdetail attribution="Reuters BIP Coding Group" action="confirmed" date="1997-04-15"/>
  </code>
  <code code="GPOL">
    <editdetail attribution="Reuters BIP Coding Group" action="confirmed" date="1997-04-15"/>
  </code>
</codes>
<dc element="dc.date.created" value="1997-04-15"/>
<dc element="dc.publisher" value="Reuters Holdings Plc"/>
<dc element="dc.date.published" value="1997-04-15"/>
<dc element="dc.source" value="Reuters"/>
<dc element="dc.creator.location" value="BUJUMBURA"/>
<dc element="dc.creator.location.country.name" value="BURUNDI"/>
<dc element="dc.source" value="Reuters"/>
</metadata>
</newsitem>
