<?xml version="1.0" encoding="iso-8859-1" ?>
<newsitem itemid="508874" id="root" date="1997-04-15" xml:lang="en">
<title>ALBANIA: Foreign troops reach violence-stricken Albania.</title>
<headline>Foreign troops reach violence-stricken Albania.</headline>
<byline>Erik Kirschbaum</byline>
<dateline>TIRANA 1997-04-15</dateline>
<text>
<p>Italian, French and Spanish troops arrived by air and sea in Albania on Tuesday in a well-orchestrated show of military force to launch a multinational effort to safeguard humanitarian aid supplies.</p>
<p>A force of 1,200 began landing in the western port city of Durres and at Tirana airport shortly after dawn. A total of 6,000 are due to reach the volatile Balkan nation within the next three weeks.</p>
<p>Albania's Prime Minister Bashkim Fino warmly welcomed the arrival of U.N.-backed &quot;Operation Alba&quot;. He said the presence of foreign soldiers would help restore peace and order to a country racked by months of lawlessness and violence.</p>
<p>&quot;The government of Albania extends its best thanks in the name of the Albanian people for the readiness demonstrated in helping us at this delicate time,&quot; Fino said. &quot;They will help Albania overcome the grave crisis that has gripped our country.&quot;</p>
<p>More than 300 people have died and 700 have been injured during the armed anarchy that swept Albania following the collapse of a string of fraudulent get-rich-quick savings schemes earlier this year.</p>
<p>Tens of thousands of weapons ended up in the hands of rebel gangs and ordinary Albanians after raids on armouries left undefended when soldiers and police deserted their posts.</p>
<p>There were still no signs on Tuesday of an end to the violence. Police killed an escaped convict in a shootout in the southeastern town of Bilisht after he had shot and wounded two police officers.</p>
<p>In the northern town of Shkoder, a gunman shot dead a hospital patient undergoing surgery for gunshot wounds.</p>
<p>Fino's emergency all-party government appealed in vain a month ago for foreign military intervention to help disarm the population. The multinational force that began arriving on Tuesday under Italian command will limit its operations to protecting aid convoys.</p>
<p>&quot;We are here to help Albania in a moment of national difficulty,&quot; said Italian Defence Minister Beniamino Andreatta, who flew to Durres to observe the landing.</p>
<p>&quot;I think all Albanians understand this,&quot; Andreatta said, adding that the main aim of Operation Alba was &quot;to leave behind a country reunified with a renewed sense of national identity.</p>
<p>Just moments after six Italian military planes carrying 150 paratroopers landed at Tirana airport, the French troop transport ship Orage with 450 French soldiers reached Durres, Albania's main port 40 km (25 miles) west of the capital.</p>
<p>In cold, windy conditions, the French troops began unloading four helicopters, six tanks and dozens of armoured vehicols as the Italian navy flagship Vittorio Veneto patrolled offshore.</p>
<p>French general Maurice Godinot, deputy commander of the force, was welcomed in Durres by Mayor Arqili Gorea.</p>
<p>&quot;The multinational force is here to bring security to Albania,&quot; Godinot said. &quot;We are ready to bring assistance.&quot;</p>
<p>A team of 60 French marines had made a sweep of Durres harbour before the landing began because of reports there might be a guerrilla attack, French military officials said.</p>
<p>&quot;We got information last night from the Italians that there were rumours of terrorist actions in Durres,&quot; a senior French official said. &quot;Because we didn't take risks, we sent a sufficient number of commandos to secure the harbour.&quot;</p>
<p>The Italian amphibious assault ship San Marco dropped anchor next to the Orage and 200 Italian troops disembarked.</p>
<p>The Spanish ship Hernan Cortes with 350 Spanish troops on board followed the Orage into Durres.</p>
<p>Dozens of Albanians watched the disembarcation of troops and equipment. Many said the troops were a symbol of hope for Europe's poorest country.</p>
<p>&quot;These troops are welcome in Albania,&quot; said Pjeter Jame, a teacher who travelled from Tirana to witness the landing. &quot;Right now they are the only hope of the Albanian people.&quot;</p>
<p>The U.N. World Food Programme plans to distribute aid throughout Albania as soon as possible. A ship with 400 tonnes of wheat, beans and vegetable oil was due on Tuesday.</p>
<p>Officials said the country's poor were desperately in need of food and one in 10 Albanians needed humanitarian aid.</p>
<p>Admiral Guido Venturoni, Italy's defence chief of staff and overall commander of the eight-nation force, said the troops would use force if necessary to defend themselves.</p>
<p>He also said the soldiers would not stand by and do nothing if they witnessed violence against individuals, as U.N peacekeepers had to do in Bosnia at times.</p>
<p>Greece, Turkey, Austria, Denmark and Romania are also contributing soldiers to the mission.</p>
</text>
<copyright>(c) Reuters Limited 1997</copyright>
<metadata>
<codes class="bip:countries:1.0">
  <code code="ALB">
    <editdetail attribution="Reuters BIP Coding Group" action="confirmed" date="1997-04-15"/>
  </code>
  <code code="FRA">
    <editdetail attribution="Reuters BIP Coding Group" action="confirmed" date="1997-04-15"/>
  </code>
  <code code="ITALY">
    <editdetail attribution="Reuters BIP Coding Group" action="confirmed" date="1997-04-15"/>
  </code>
  <code code="SPAIN">
    <editdetail attribution="Reuters BIP Coding Group" action="confirmed" date="1997-04-15"/>
  </code>
</codes>
<codes class="bip:topics:1.0">
  <code code="E51">
    <editdetail attribution="Reuters BIP Coding Group" action="confirmed" date="1997-04-15"/>
  </code>
  <code code="ECAT">
    <editdetail attribution="Reuters BIP Coding Group" action="confirmed" date="1997-04-15"/>
  </code>
  <code code="GCAT">
    <editdetail attribution="Reuters BIP Coding Group" action="confirmed" date="1997-04-15"/>
  </code>
  <code code="GDEF">
    <editdetail attribution="Reuters BIP Coding Group" action="confirmed" date="1997-04-15"/>
  </code>
  <code code="GDIP">
    <editdetail attribution="Reuters BIP Coding Group" action="confirmed" date="1997-04-15"/>
  </code>
  <code code="GVIO">
    <editdetail attribution="Reuters BIP Coding Group" action="confirmed" date="1997-04-15"/>
  </code>
</codes>
<dc element="dc.date.created" value="1997-04-15"/>
<dc element="dc.publisher" value="Reuters Holdings Plc"/>
<dc element="dc.date.published" value="1997-04-15"/>
<dc element="dc.source" value="Reuters"/>
<dc element="dc.creator.location" value="TIRANA"/>
<dc element="dc.creator.location.country.name" value="ALBANIA"/>
<dc element="dc.source" value="Reuters"/>
</metadata>
</newsitem>
