<?xml version="1.0" encoding="iso-8859-1" ?>
<newsitem itemid="508889" id="root" date="1997-04-15" xml:lang="en">
<title>POLAND: Poland sets up three special economic zones.</title>
<headline>Poland sets up three special economic zones.</headline>
<dateline>WARSAW 1997-04-15</dateline>
<text>
<p>The Polish government passed on Tuesday a regulation setting up special economic zones in three areas to spur investment in regions hit by high unemployment or facing industrial restructuring, its press office said.</p>
<p>It said in a statement the zones, which would offer income tax reliefs to investors, would be created in southwestern Legnica and Walbrzych provinces and the central Lodz province.</p>
<p>It said the Legnica zone covering a 382 hectare area, would help utilise real estate left behind by Russian troops, who had been stationed there since World War Two, and reduce the region's dependency on the KGHM Polska Miedz copper concern.  </p>
<p>The government said it expected the new zone to create 15,000 new jobs by offering 10-year tax breaks for companies investing an equivalent of at least 850,000 Ecu.</p>
<p>In the mining region of Walbrzych, threatened by pit-closures, the 256.4-hectare zone which will grant 10-year income tax relief to firms investing at least 500,000 Ecus, is expected to create 6,000 new jobs.</p>
<p>The Lodz zone is designed to reduce the dominance of the textile industry and encourage development of high-tech companies in the region. The government plan assumes that 9,700 new jobs will be created over the next 20 years in the region.</p>
<p>Tax relief will be offered to companies investing at least two million Ecu.</p>
<p>Poland has been already operating similar zones in the northeastern rural province of Suwalki and in the southern industrial and mining region of Upper Silesia with the latter attracting most investment including Adam Opel's 500 million mark auto plant.</p>
<p>(( -- Warsaw Newsroom +48 22 653 9700 ))</p>
</text>
<copyright>(c) Reuters Limited 1997</copyright>
<metadata>
<codes class="bip:countries:1.0">
  <code code="POL">
    <editdetail attribution="Reuters BIP Coding Group" action="confirmed" date="1997-04-15"/>
  </code>
</codes>
<codes class="bip:topics:1.0">
  <code code="E12">
    <editdetail attribution="Reuters BIP Coding Group" action="confirmed" date="1997-04-15"/>
  </code>
  <code code="E41">
    <editdetail attribution="Reuters BIP Coding Group" action="confirmed" date="1997-04-15"/>
  </code>
  <code code="ECAT">
    <editdetail attribution="Reuters BIP Coding Group" action="confirmed" date="1997-04-15"/>
  </code>
  <code code="GCAT">
    <editdetail attribution="Reuters BIP Coding Group" action="confirmed" date="1997-04-15"/>
  </code>
  <code code="GJOB">
    <editdetail attribution="Reuters BIP Coding Group" action="confirmed" date="1997-04-15"/>
  </code>
</codes>
<dc element="dc.date.created" value="1997-04-15"/>
<dc element="dc.publisher" value="Reuters Holdings Plc"/>
<dc element="dc.date.published" value="1997-04-15"/>
<dc element="dc.source" value="Reuters"/>
<dc element="dc.creator.location" value="WARSAW"/>
<dc element="dc.creator.location.country.name" value="POLAND"/>
<dc element="dc.source" value="Reuters"/>
</metadata>
</newsitem>
