<?xml version="1.0" encoding="iso-8859-1" ?>
<newsitem itemid="508802" id="root" date="1997-04-15" xml:lang="en">
<title>SOUTH AFRICA: Denmark to switch South African aid to region.</title>
<headline>Denmark to switch South African aid to region.</headline>
<dateline>CAPE TOWN 1997-04-15</dateline>
<text>
<p>Denmark, pronouncing its five-year aid relationship with South Africa a success, will shift its focus to the southern African region from 1998, Development Cooperation Minister Poul Nielson said on Tuesday.</p>
<p>Nielson, in South Africa to review the success of a 750 million crown transitional aid package, said the programme launched in 1994 would be wound down on schedule after 1998.</p>
<p>&quot;South Africa has been a success,&quot; he said.</p>
<p>&quot;I would say South Africa is an example where the quality and intensity and creativity of the relationship has been more important to both sides than resources in the form of money.&quot;  </p>
<p>Nielson said a programme twinning Danish companies with emerging black businesses in South Africa would be the last aid project to go around 2001 or 2002.</p>
<p>Denmark would continue to inject around a billion crowns a year into southern Africa, but South Africa's share would be switched to other countries in the region after 1998.</p>
<p>He hoped South Africa would participate in the regional aid programme and share its experience with other countries in the Southern African Development Community (SADC).</p>
<p>&quot;We hope to stimulate regional cooperation within the SADC and that South Africa will not be a recipient, but a partner in the region,&quot; he said.</p>
<p>Nielson said Denmark would continue to work with South Africa on environmental programmes, but would not provide the sort of direct aid it committed after white rule ended in 1994.</p>
<p>Denmark was one of the major supporters of President Nelson Mandela's African National Congress during its struggle against white rule.</p>
<p>-- Johannesburg newsroom +27 11 4821003 --</p>
</text>
<copyright>(c) Reuters Limited 1997</copyright>
<metadata>
<codes class="bip:countries:1.0">
  <code code="DEN">
    <editdetail attribution="Reuters BIP Coding Group" action="confirmed" date="1997-04-15"/>
  </code>
  <code code="SAFR">
    <editdetail attribution="Reuters BIP Coding Group" action="confirmed" date="1997-04-15"/>
  </code>
  <code code="SOUAFR">
    <editdetail attribution="Reuters BIP Coding Group" action="confirmed" date="1997-04-15"/>
  </code>
</codes>
<codes class="bip:topics:1.0">
  <code code="E51">
    <editdetail attribution="Reuters BIP Coding Group" action="confirmed" date="1997-04-15"/>
  </code>
  <code code="ECAT">
    <editdetail attribution="Reuters BIP Coding Group" action="confirmed" date="1997-04-15"/>
  </code>
  <code code="GCAT">
    <editdetail attribution="Reuters BIP Coding Group" action="confirmed" date="1997-04-15"/>
  </code>
  <code code="GDIP">
    <editdetail attribution="Reuters BIP Coding Group" action="confirmed" date="1997-04-15"/>
  </code>
</codes>
<dc element="dc.date.created" value="1997-04-15"/>
<dc element="dc.publisher" value="Reuters Holdings Plc"/>
<dc element="dc.date.published" value="1997-04-15"/>
<dc element="dc.source" value="Reuters"/>
<dc element="dc.creator.location" value="CAPE TOWN"/>
<dc element="dc.creator.location.country.name" value="SOUTH AFRICA"/>
<dc element="dc.source" value="Reuters"/>
</metadata>
</newsitem>
