<?xml version="1.0" encoding="iso-8859-1" ?>
<newsitem itemid="508845" id="root" date="1997-04-15" xml:lang="en">
<title>KENYA: Kenya shilling strengthening on dollar surplus.</title>
<headline>Kenya shilling strengthening on dollar surplus.</headline>
<dateline>NAIROBI 1997-04-15</dateline>
<text>
<p>The Kenyan shilling continued firm against the dollar on a strong dollar surplus amid poor demand, commercial bank dealers said on Tuesday.</p>
<p>The Central Bank of Kenya posted a shilling mean rate of 54.41 against the dollar compared to 54.48 on Monday. Against the pound it was posted at a mean rate of 88.25 from 88.71.</p>
<p>&quot;Market sentiment for a stronger shilling is very strong,&quot; a dealer said.</p>
<p>Dealers said despite reports that the strengthening shilling was hurting exporters, basic market fundamentals were the main thrust behind the shilling's bull.</p>
<p>&quot;Demand is very very low, while inflows from agriculture, tourism and foreign investors are flowing in steadily,&quot; one dealer said. The money market was liquid with overnight rates quoted below 10 percent unchanged.</p>
<p>--Wambui Chege, Nairobi Newsroom ++254-2 330-261</p>
</text>
<copyright>(c) Reuters Limited 1997</copyright>
<metadata>
<codes class="bip:countries:1.0">
  <code code="KENYA">
    <editdetail attribution="Reuters BIP Coding Group" action="confirmed" date="1997-04-15"/>
  </code>
</codes>
<codes class="bip:topics:1.0">
  <code code="M13">
    <editdetail attribution="Reuters BIP Coding Group" action="confirmed" date="1997-04-15"/>
  </code>
  <code code="M132">
    <editdetail attribution="Reuters BIP Coding Group" action="confirmed" date="1997-04-15"/>
  </code>
  <code code="MCAT">
    <editdetail attribution="Reuters BIP Coding Group" action="confirmed" date="1997-04-15"/>
  </code>
</codes>
<dc element="dc.date.created" value="1997-04-15"/>
<dc element="dc.publisher" value="Reuters Holdings Plc"/>
<dc element="dc.date.published" value="1997-04-15"/>
<dc element="dc.source" value="Reuters"/>
<dc element="dc.creator.location" value="NAIROBI"/>
<dc element="dc.creator.location.country.name" value="KENYA"/>
<dc element="dc.source" value="Reuters"/>
</metadata>
</newsitem>
