<?xml version="1.0" encoding="iso-8859-1" ?>
<newsitem itemid="508852" id="root" date="1997-04-15" xml:lang="en">
<title>ZIMBABWE: Zimbabwe's Cairns lifts half-yr shr.</title>
<headline>Zimbabwe's Cairns lifts half-yr shr.</headline>
<dateline>HARARE 1997-04-15</dateline>
<text>
<p>Half-yr ended February 28.</p>
<p>	     (million Zimbabwe dollars unless stated)</p>
<p>    Shr (cts)			 41.9    vs   31.8</p>
<p>    Div (cts)			 12.0    vs   10.0</p>
<p>    Operating profit		26.9    vs   19.3</p>
<p>    Interest payable		 2.8    vs    3.0</p>
<p>    Pre-tax profit		  24.1    vs   16.3</p>
<p>    Taxation			   9.6    vs    5.9</p>
<p>    After-tax profit		14.4    vs   10.4</p>
<p>    Turnover			  234.1   vs   172.0</p>
<p>Div payable May 27</p>
<p>on register April 25.</p>
<p>Full name: Cairns Holdings Limited</p>
<p>NOTE:- The company said while supply conditions had been adversely affected by recent heavy rains, it remained optimistic that it would exceed its year end earnings forecast of Z$25.5 million.</p>
<p>--Harare Newsroom: +263-4 72 52 27/8/9--</p>
</text>
<copyright>(c) Reuters Limited 1997</copyright>
<metadata>
<codes class="bip:countries:1.0">
  <code code="ZIMBAB">
    <editdetail attribution="Reuters BIP Coding Group" action="confirmed" date="1997-04-15"/>
  </code>
</codes>
<codes class="bip:topics:1.0">
  <code code="C15">
    <editdetail attribution="Reuters BIP Coding Group" action="confirmed" date="1997-04-15"/>
  </code>
  <code code="C151">
    <editdetail attribution="Reuters BIP Coding Group" action="confirmed" date="1997-04-15"/>
  </code>
  <code code="CCAT">
    <editdetail attribution="Reuters BIP Coding Group" action="confirmed" date="1997-04-15"/>
  </code>
</codes>
<dc element="dc.date.created" value="1997-04-15"/>
<dc element="dc.publisher" value="Reuters Holdings Plc"/>
<dc element="dc.date.published" value="1997-04-15"/>
<dc element="dc.source" value="Reuters"/>
<dc element="dc.creator.location" value="HARARE"/>
<dc element="dc.creator.location.country.name" value="ZIMBABWE"/>
<dc element="dc.source" value="Reuters"/>
</metadata>
</newsitem>
