<?xml version="1.0" encoding="iso-8859-1" ?>
<newsitem itemid="508974" id="root" date="1997-04-15" xml:lang="en">
<title>HUNGARY: INDICATORS - Hungary - updated April 15.</title>
<headline>INDICATORS - Hungary - updated April 15.</headline>
<dateline>BUDAPEST 1997-04-15</dateline>
<text>
<p>The latest indicators:</p>
<p> GDP (prelim. pct)    1996 +1.0pct (Q4 3.0 yr/yr Q3 +1.0 yr/yr)</p>
<p> CPI (pct)		March +1.9m/m +18.8yr/yr (Feb +2.2 +18.8)</p>
<p> PPI (pct)		Feb +2.1 m/m +22.5 yr/yr (Jan +4.7 +22.2)</p>
<p> Industry output(pct) March +2.4m/m +6.8 yr/yr  (Feb +3.1 +7.8)</p>
<p> Current account	Jan-Dec $1.678 bln   (Jan-Nov $1.177 bln)</p>
<p> NBH trade deficit    Jan-Dec $2.645 bln   (Jan-Nov $2.229 bln)</p>
<p> MIT trade balance($) Jan-Feb $431.4	(Jan-Dec 1996 2.7bln)</p>
<p> Gross foreign debt   Dec $26,258.5 million     (Nov $26,387.3 million)</p>
<p> Net foreign debt     Dec $12,870 million	 (Nov $12,565.8 million)</p>
<p> Unemployment (pct)   March 11.0 pct		   Feb 11.1 pct</p>
<p>Budget balance (HUF) Jan-March -113.1 bln  (Jan-Feb -46.3 bln)</p>
<p>T-bill yields% (1mo) 21.15 (3mo) 20.96 (6mo) 20.89 (1yr) 20.50</p>
<p>Government bond yields:(2-yr 1999/F) 18.61 (3-yr 2000/E) 17.36</p>
<p>(5-yr 2001/C) 15.85  7-yr bond price: (2004/F) 103.08 pct</p>
<p>The NBH is BBB-minus by S&amp;P, IBCA, Duff &amp; Phelps and</p>
<p>Thomson BankWatch, Baa3 by Moody's Investors Service, BBB+ by the Japan Credit Rating Agency. The NBH trade data is based on cash flow, MIT data on customs statistics.</p>
<p>-- Budapest newsroom +36 1 327 4040</p>
</text>
<copyright>(c) Reuters Limited 1997</copyright>
<metadata>
<codes class="bip:countries:1.0">
  <code code="HUNG">
    <editdetail attribution="Reuters BIP Coding Group" action="confirmed" date="1997-04-15"/>
  </code>
</codes>
<codes class="bip:topics:1.0">
  <code code="E71">
    <editdetail attribution="Reuters BIP Coding Group" action="confirmed" date="1997-04-15"/>
  </code>
  <code code="ECAT">
    <editdetail attribution="Reuters BIP Coding Group" action="confirmed" date="1997-04-15"/>
  </code>
</codes>
<dc element="dc.date.created" value="1997-04-15"/>
<dc element="dc.publisher" value="Reuters Holdings Plc"/>
<dc element="dc.date.published" value="1997-04-15"/>
<dc element="dc.source" value="Reuters"/>
<dc element="dc.creator.location" value="BUDAPEST"/>
<dc element="dc.creator.location.country.name" value="HUNGARY"/>
<dc element="dc.source" value="Reuters"/>
</metadata>
</newsitem>
