<?xml version="1.0" encoding="iso-8859-1" ?>
<newsitem itemid="508943" id="root" date="1997-04-15" xml:lang="en">
<title>YUGOSLAVIA: Yugoslav Dec '96 oil output rises to 85,000 tonnes.</title>
<headline>Yugoslav Dec '96 oil output rises to 85,000 tonnes.</headline>
<dateline>BELGRADE 1997-04-15</dateline>
<text>
<p>The Federal Statistics Office</p>
<p>reported the following economic indicator details.</p>
<p> YUGOSLAV CRUDE PETROLEUM	    DEC 96	NOV 96	DEC 95</p>
<p> crude petroleum (tonnes)	     85,000     83,000	 87,000</p>
<p> natural gas (million cu.meters)     60	   60	     86</p>
<p>NOTE -- Data refer to Federal Republic of Yugoslavia, comprising Serbia and Montenegro. -- Amra Kevic, Belgrade newsroom +381 11 222 4305</p>
</text>
<copyright>(c) Reuters Limited 1997</copyright>
<metadata>
<codes class="bip:countries:1.0">
  <code code="YUG">
    <editdetail attribution="Reuters BIP Coding Group" action="confirmed" date="1997-04-15"/>
  </code>
</codes>
<codes class="bip:industries:1.0">
  <code code="I13000">
    <editdetail attribution="Reuters BIP Coding Group" action="confirmed" date="1997-04-15"/>
  </code>
</codes>
<codes class="bip:topics:1.0">
  <code code="C21">
    <editdetail attribution="Reuters BIP Coding Group" action="confirmed" date="1997-04-15"/>
  </code>
  <code code="CCAT">
    <editdetail attribution="Reuters BIP Coding Group" action="confirmed" date="1997-04-15"/>
  </code>
</codes>
<dc element="dc.date.created" value="1997-04-15"/>
<dc element="dc.publisher" value="Reuters Holdings Plc"/>
<dc element="dc.date.published" value="1997-04-15"/>
<dc element="dc.source" value="Reuters"/>
<dc element="dc.creator.location" value="BELGRADE"/>
<dc element="dc.creator.location.country.name" value="YUGOSLAVIA"/>
<dc element="dc.source" value="Reuters"/>
</metadata>
</newsitem>
