<?xml version="1.0" encoding="iso-8859-1" ?>
<newsitem itemid="508928" id="root" date="1997-04-15" xml:lang="en">
<title>POLAND: Okocim plans no 1996 payout.</title>
<headline>Okocim plans no 1996 payout.</headline>
<dateline>WARSAW 1997-04-15</dateline>
<text>
<p>Polish brewer Okocim SA does not plan a 1996 dividend and wants to earmark its last year's profit mainly for reserve capital, the company said in a statement on Tuesday.</p>
<p>Okocim said 26.8 million zlotys of its net profit would be earmarked for reserve capital and 300,000 zlotys for the firm's social fund.</p>
<p>The managements proposal will be voted on at the general shareholders meeting on April 25.</p>
<p>-- Warsaw Newsroom +48 22 653 9700</p>
</text>
<copyright>(c) Reuters Limited 1997</copyright>
<metadata>
<codes class="bip:countries:1.0">
  <code code="POL">
    <editdetail attribution="Reuters BIP Coding Group" action="confirmed" date="1997-04-15"/>
  </code>
</codes>
<codes class="bip:industries:1.0">
  <code code="I42700">
    <editdetail attribution="Reuters BIP Coding Group" action="confirmed" date="1997-04-15"/>
  </code>
</codes>
<codes class="bip:topics:1.0">
  <code code="C15">
    <editdetail attribution="Reuters BIP Coding Group" action="confirmed" date="1997-04-15"/>
  </code>
  <code code="C151">
    <editdetail attribution="Reuters BIP Coding Group" action="confirmed" date="1997-04-15"/>
  </code>
  <code code="CCAT">
    <editdetail attribution="Reuters BIP Coding Group" action="confirmed" date="1997-04-15"/>
  </code>
</codes>
<dc element="dc.date.created" value="1997-04-15"/>
<dc element="dc.publisher" value="Reuters Holdings Plc"/>
<dc element="dc.date.published" value="1997-04-15"/>
<dc element="dc.source" value="Reuters"/>
<dc element="dc.creator.location" value="WARSAW"/>
<dc element="dc.creator.location.country.name" value="POLAND"/>
<dc element="dc.source" value="Reuters"/>
</metadata>
</newsitem>
