<?xml version="1.0" encoding="iso-8859-1" ?>
<newsitem itemid="508970" id="root" date="1997-04-15" xml:lang="en">
<title>UKRAINE: Ukraine to sell 52 pct of Odessa oil refinery.</title>
<headline>Ukraine to sell 52 pct of Odessa oil refinery.</headline>
<text>
<p>KIEV, April 15 (Reuter ) - Ukraine's State Property Fund plans to sell a 52 percent stake in the Odessa oil refinery to local and foreign strategic investors, the refinery's deputy chief said on Tuesday.</p>
<p>Hryhoriy Podhornyak said investors' shares would be divided into stakes of 26 percent each.</p>
<p>&quot;I am visiting Kiev often to prepare and fine-tune details for these tenders,&quot; he said from Odessa.</p>
<p>No date for the tender has yet been set.</p>
<p>Investors would have to modernise the refinery, built in 1937. Odessa refined 1.48 million tonnes of oil last year and 2.02 million tonnes in 1995.</p>
<p>The property fund said the government would keep 25.1 percent of the refinery's shares, 14.9 percent have been sold for privatisation certificates and to financial investment firms, and workers and managers would own the balance.</p>
<p>Ukraine's six refineries' total refining capacity is up to 60 million tonnes and privatisation has started on all of them.</p>
<p>-- Yuri Kulikov, Kiev Newsroom +380 44 244-9150</p>
</text>
<copyright>(c) Reuters Limited 1997</copyright>
<metadata>
<codes class="bip:countries:1.0">
  <code code="UKRN">
    <editdetail attribution="Reuters BIP Coding Group" action="confirmed" date="1997-04-15"/>
  </code>
</codes>
<codes class="bip:industries:1.0">
  <code code="I14000">
    <editdetail attribution="Reuters BIP Coding Group" action="confirmed" date="1997-04-15"/>
  </code>
</codes>
<codes class="bip:topics:1.0">
  <code code="C18">
    <editdetail attribution="Reuters BIP Coding Group" action="confirmed" date="1997-04-15"/>
  </code>
  <code code="C183">
    <editdetail attribution="Reuters BIP Coding Group" action="confirmed" date="1997-04-15"/>
  </code>
  <code code="CCAT">
    <editdetail attribution="Reuters BIP Coding Group" action="confirmed" date="1997-04-15"/>
  </code>
</codes>
<dc element="dc.publisher" value="Reuters Holdings Plc"/>
<dc element="dc.date.published" value="1997-04-15"/>
<dc element="dc.source" value="Reuters"/>
<dc element="dc.creator.location.country.name" value="UKRAINE"/>
<dc element="dc.source" value="Reuters"/>
</metadata>
</newsitem>
