<?xml version="1.0" encoding="iso-8859-1" ?>
<newsitem itemid="508922" id="root" date="1997-04-15" xml:lang="en">
<title>RUSSIA: Russia's Novolipetsk said planning share buyback.</title>
<headline>Russia's Novolipetsk said planning share buyback.</headline>
<dateline>MOSCOW 1997-04-15</dateline>
<text>
<p>A leading shareholder in Russia steelmaker Novolipetsk Metals Combine said the company is planning to buy back a 37.5 percent stake owned by a group of investors.</p>
<p>London-based Trans-World Group said Novolipetsky Metallurgichesky Kombinat (NLMK), which faces a court hearing over investor rights on Wednesday, was interested in purchasing the 37.5 percent held by a group of shareholders including Trans-World.</p>
<p>&quot;There appears to be some interest from the plant to purchase our shares. The group is open to the proposition at an appropriate price,&quot; metal trading company Trans-World, a member of the shareholder group, said in a statement.</p>
<p>Senior managers at Novolipetsk were unavailable for comment on Tuesday.</p>
<p>The Trans-World statement said the 37.5 percent stake had been proxied to the factory, &quot;because they are in the best position to know what's good for the plant&quot;.</p>
<p>Another group of investors has taken Novolipetsk to court because they say it has failed to observe their shareholders' rights, including the right to nominate members of the board of directors.</p>
<p>Sources familiar with the dispute questioned how Novolipetsk would now be able to fund the buyback.</p>
<p>Industry experts say Novolipetsk relies heavily on the London-based Trans-World, which sells it raw materials. Novolipetsk repays Trans-World with a finished product which is often sold at below market rates.</p>
<p>U.S. investment fund Cambridge Capital Management, the Sputnik fund, an investment arm of Renaissance Capital, and Bank MFK, associated with Uneximbank (Oneksimbank in Russian) are all involved in the cases against the plant.</p>
<p>The Federal Securities Commission is also investigating the company.</p>
<p>--Christina Ling, Moscow Newsroom, +7095 941 8520</p>
</text>
<copyright>(c) Reuters Limited 1997</copyright>
<metadata>
<codes class="bip:countries:1.0">
  <code code="RUSS">
    <editdetail attribution="Reuters BIP Coding Group" action="confirmed" date="1997-04-15"/>
  </code>
</codes>
<codes class="bip:industries:1.0">
  <code code="I22000">
    <editdetail attribution="Reuters BIP Coding Group" action="confirmed" date="1997-04-15"/>
  </code>
</codes>
<codes class="bip:topics:1.0">
  <code code="C18">
    <editdetail attribution="Reuters BIP Coding Group" action="confirmed" date="1997-04-15"/>
  </code>
  <code code="C181">
    <editdetail attribution="Reuters BIP Coding Group" action="confirmed" date="1997-04-15"/>
  </code>
  <code code="CCAT">
    <editdetail attribution="Reuters BIP Coding Group" action="confirmed" date="1997-04-15"/>
  </code>
</codes>
<dc element="dc.date.created" value="1997-04-15"/>
<dc element="dc.publisher" value="Reuters Holdings Plc"/>
<dc element="dc.date.published" value="1997-04-15"/>
<dc element="dc.source" value="Reuters"/>
<dc element="dc.creator.location" value="MOSCOW"/>
<dc element="dc.creator.location.country.name" value="RUSSIA"/>
<dc element="dc.source" value="Reuters"/>
</metadata>
</newsitem>
