<?xml version="1.0" encoding="iso-8859-1" ?>
<newsitem itemid="508968" id="root" date="1997-04-15" xml:lang="en">
<title>ALBANIA: Albanians hope troops will help restore peace.</title>
<headline>Albanians hope troops will help restore peace.</headline>
<byline>David Brough</byline>
<dateline>TIRANA 1997-04-15</dateline>
<text>
<p>Weary Albanians welcomed the arrival of foreign troops on Tuesday after months of unchecked violence, saying they hoped the force would bring peace to the chaotic Balkan state.</p>
<p>&quot;I am delighted the force is here,&quot; said Artan Hoxha, a 36-year-old lawyer, as he sipped a coffee in a Tirana cafe.</p>
<p>&quot;They will help bring back peace. If the force does a good job of protecting aid deliveries and if it wins people's confidence, then maybe it should be allowed to take weapons from people,&quot; he added.</p>
<p>At a busy market in central Tirana, a former solder named Thoma said he was glad the troops had finally reached Albania, but added the force should not try to disarm the nation.</p>
<p>&quot;It's good the soldiers are here,&quot; said the 45-year-old man who declined to provide his last name as he sorted shirts on a stand in the open air market. &quot;People will realise now we haven't been forgotten. The soldiers will make it easier for our police to chase criminals.</p>
<p>&quot;I doubt any Albanians will attack the foreign soldiers, but if they do, the soldiers should respond. Only the Albanian police should take weapons away from our people,&quot; he said.</p>
<p>Italian officials have said the Italian-led eight-nation force would have the right to self-defence, but they were not authorised to disarm Albanians.</p>
<p>Soldiers on the mission called &quot;Operation Alba&quot; would not stand by and watch if they see violence against individuals -- as was the case at times with U.N. peacekeepers in Bosnia.</p>
<p>&quot;The soldiers won't see Albanians fight each other,&quot; said Bejto Malo, a 36-year-old journalist. &quot;The soldiers will help distribute aid by day, the Albanians kill each other by night.&quot;</p>
<p>Albania's leading newspapers hailed the landing and the biggest independent daily Koha Jone said in a page one headline: &quot;Operation Alba arrives with hope for Albanians.&quot;</p>
<p>The Gazeta Shqiptare daily said: &quot;Soldiers of peace arrive.&quot;</p>
<p>Flutra Xhani, a 45-year-old economist, said as she shopped at the market: &quot;I would prefer it if the foreign soldiers disarmed people. I don't like to hear shooting.&quot;</p>
<p>Albania, Europe's poorest country, is awash with guns since people looted armouries, abandoned by police and soldiers, during an uprising that followed the failure of fraudulent savings schemes earlier this year.</p>
<p>Almost 300 people have been killed during two months of near-anarchy. Rebel-held committees control much of the south, blaming President Sali Berisha, a northerner, for the loss of their money.</p>
<p>Nearly 1,200 Italian, French and Spanish soldiers landed in Albania on Tuesday and fanned out across the country at the start of their mission to deliver emergency food and medicines.</p>
<p>Albania's Prime Minister Bashkim Fino welcomed them, saying they would help restore peace and order.</p>
<p>&quot;The government of Albania extends its best thanks in the name of the Albanian people for the readiness they have demonstrated in helping us at this delicate time,&quot; Fino said.</p>
<p>Etleva Beqolli, an unemployed 20-year-old, said she feared the aid would not reach many needy Albanians.</p>
<p>&quot;How will the foreigners know which families to help? There are so many who need it,&quot; she said.</p>
<p>Relief agencies are targeting aid to hospitals, orphanages and homes for the elderly and handicapped, as well as destitute families. Officials say one in 10 people need aid.</p>
<p>Gani Saliasi, a 50-year-old technician, said the multinational force would set a good example to the Albanian police and encourage them to restore law and order.</p>
<p>&quot;Only the restoration of order will convince people to give up their arms,&quot; he said, standing by the offices of a pyramid investment scheme where he and dozens of others waited, hoping to be reimbursed for their investments.</p>
<p>Saliasi had deposited a sum equivalent to $8,000 -- about eight years' pay for the average Albanian -- in a pyramid scheme.</p>
<p>Saliasi said he kept a Kalashnikov rifle at home because he was not convinced the police could protect him.</p>
<p>&quot;I am ready to hand my weapon in as soon as I am sure that order has been restored in this country,&quot; he said.</p>
</text>
<copyright>(c) Reuters Limited 1997</copyright>
<metadata>
<codes class="bip:countries:1.0">
  <code code="ALB">
    <editdetail attribution="Reuters BIP Coding Group" action="confirmed" date="1997-04-15"/>
  </code>
  <code code="ITALY">
    <editdetail attribution="Reuters BIP Coding Group" action="confirmed" date="1997-04-15"/>
  </code>
  <code code="SPAIN">
    <editdetail attribution="Reuters BIP Coding Group" action="confirmed" date="1997-04-15"/>
  </code>
</codes>
<codes class="bip:topics:1.0">
  <code code="GCAT">
    <editdetail attribution="Reuters BIP Coding Group" action="confirmed" date="1997-04-15"/>
  </code>
  <code code="GDEF">
    <editdetail attribution="Reuters BIP Coding Group" action="confirmed" date="1997-04-15"/>
  </code>
  <code code="GDIP">
    <editdetail attribution="Reuters BIP Coding Group" action="confirmed" date="1997-04-15"/>
  </code>
  <code code="GPOL">
    <editdetail attribution="Reuters BIP Coding Group" action="confirmed" date="1997-04-15"/>
  </code>
  <code code="GVIO">
    <editdetail attribution="Reuters BIP Coding Group" action="confirmed" date="1997-04-15"/>
  </code>
</codes>
<dc element="dc.date.created" value="1997-04-15"/>
<dc element="dc.publisher" value="Reuters Holdings Plc"/>
<dc element="dc.date.published" value="1997-04-15"/>
<dc element="dc.source" value="Reuters"/>
<dc element="dc.creator.location" value="TIRANA"/>
<dc element="dc.creator.location.country.name" value="ALBANIA"/>
<dc element="dc.source" value="Reuters"/>
</metadata>
</newsitem>
