<?xml version="1.0" encoding="iso-8859-1" ?>
<newsitem itemid="508914" id="root" date="1997-04-15" xml:lang="en">
<title>CZECH REPUBLIC: Gross yield in Czech 4-wk T-bill auction 11.79 pct.</title>
<headline>Gross yield in Czech 4-wk T-bill auction 11.79 pct.</headline>
<dateline>PRAGUE 1997-04-15</dateline>
<text>
<p>The Gross yield in a Czech National Bank (CNB) Dutch-style auction of a four billion crown tranche of four week treasury bills was 11.79 percent, the CNB said on Tuesday.</p>
<p>The CNB said the issue was oversubscribed with bids totalling 7.879 billion. Net yield reached 8.843 percent, CNB said.</p>
<p>The four-week Prague interbank offered rate (PRIBOR) stood at 12.33 percent on Tuesday, up one basis point from Monday.</p>
<p>-- Prague Newsroom, 420-2-2423-0003</p>
</text>
<copyright>(c) Reuters Limited 1997</copyright>
<metadata>
<codes class="bip:countries:1.0">
  <code code="CZREP">
    <editdetail attribution="Reuters BIP Coding Group" action="confirmed" date="1997-04-15"/>
  </code>
</codes>
<codes class="bip:topics:1.0">
  <code code="M13">
    <editdetail attribution="Reuters BIP Coding Group" action="confirmed" date="1997-04-15"/>
  </code>
  <code code="M131">
    <editdetail attribution="Reuters BIP Coding Group" action="confirmed" date="1997-04-15"/>
  </code>
  <code code="MCAT">
    <editdetail attribution="Reuters BIP Coding Group" action="confirmed" date="1997-04-15"/>
  </code>
</codes>
<dc element="dc.date.created" value="1997-04-15"/>
<dc element="dc.publisher" value="Reuters Holdings Plc"/>
<dc element="dc.date.published" value="1997-04-15"/>
<dc element="dc.source" value="Reuters"/>
<dc element="dc.creator.location" value="PRAGUE"/>
<dc element="dc.creator.location.country.name" value="CZECH REPUBLIC"/>
<dc element="dc.source" value="Reuters"/>
</metadata>
</newsitem>
