<?xml version="1.0" encoding="iso-8859-1" ?>
<newsitem itemid="508981" id="root" date="1997-04-15" xml:lang="en">
<title>HUNGARY: Hungary OTC shares trade - April 7 to 13.</title>
<headline>Hungary OTC shares trade - April 7 to 13.</headline>
<dateline>BUDAPEST 1997-04-15</dateline>
<text>
<p>The following table provides information from the Budapest Stock Exchange on the last week's trading in stocks on Hungary's over-the-counter market.</p>
<p>THE FIGURES ARE PRELIMINARY AND DO NOT NECESSARILY INCLUDE</p>
<p>REPORTS FROM ALL PARTICIPANTS IN THE MARKET.</p>
<p>		  WEEKLY OTC TURNOVER ( Apr 7 to 13, 1997)</p>
<p>		     Avr.    No.of    Max.	 Min.	Turnover</p>
<p> Martfu	3,072.81   1,237    3,075.00   3,055.00   3,801.00</p>
<p> Global	2,100.00   1,130    2,100.00   2,100.00   2,373.00</p>
<p> OTP r/ord/  3,992.43   2,658    4,005.00   3,960.00  10,612.00</p>
<p> MOL r/ ord/ 3,065.46   8,500    3,400.00   3,015.00  26,056.00</p>
<p> BB 2 ord/  18,008.62     116   19,000.00  17,500.00   2,089.00</p>
<p> BB 4 pr/	935.37     270	970.00     860.00     253.00</p>
<p> BB 3 int/  15,000.00	13   15,000.00  15,000.00     195.00</p>
<p> Meinl	 7,200.00	24    7,200.00   7,200.00     173.00</p>
<p> Elso Pesti 10,000.00	 9   10,000.00  10,000.00	90.00</p>
<p> MKB A ord/ 30,000.00     200   30,000.00  30,000.00   6,000.00</p>
<p> OTP A pr/   1,600.00   1,500    1,650.00   1,500.00   2,400.00</p>
<p>Postabank B</p>
<p>    pr/ b/   5,500.00	 2    5,500.00   5,500.00	11.00</p>
<p> Antenna	 540.67     600	560.00     420.00     324.00</p>
<p> Biogal	7,206.25	32    7,300.00   7,000.00     231.00</p>
<p> Virginia B    750.00	55	750.00     750.00	41.00</p>
<p>Deviza F.II. b/ord/</p>
<p>		13,772.73     110   14,000.00  13,000.00   1,515.00</p>
<p>Demasz series A/r/ord/</p>
<p>		 6,709.21   2,940    7,100.00   5,600.00  19,725.00</p>
<p>Mezobank r/ ord/</p>
<p>		 7,650.00	80    8,500.00   7,500.00     612.00</p>
<p>Emasz series A/ord</p>
<p>		 6,037.64   1,559    6,500.00   5,000.00   9,413.00</p>
<p>Edasz series A/r/ ord</p>
<p>		 8,021.77  13,455    8,400.00   7,000.00 107,933.00</p>
<p> Titasz ord/ 5,766.81   1,523    6,000.00   4,800.00   8,783.00</p>
<p> Dedasz	6,319.71   1,053    7,000.00   5,500.00   6,655.00</p>
<p> Riziko F.   9,550.00	42   10,300.00   9,400.00     401.00</p>
<p> Elmu	  9,751.46  14,375   10,400.00   8,650.00 140,177.00</p>
<p> TOTAL		     51,483				349,862.00</p>
<p>NOTE: int - interest-bearing; - registered; b - bearer; ord - ordinary; pr - preference.</p>
<p>-- Budapest newsroom +36 1 327-4040</p>
</text>
<copyright>(c) Reuters Limited 1997</copyright>
<metadata>
<codes class="bip:countries:1.0">
  <code code="HUNG">
    <editdetail attribution="Reuters BIP Coding Group" action="confirmed" date="1997-04-15"/>
  </code>
</codes>
<codes class="bip:topics:1.0">
  <code code="M11">
    <editdetail attribution="Reuters BIP Coding Group" action="confirmed" date="1997-04-15"/>
  </code>
  <code code="MCAT">
    <editdetail attribution="Reuters BIP Coding Group" action="confirmed" date="1997-04-15"/>
  </code>
</codes>
<dc element="dc.date.created" value="1997-04-15"/>
<dc element="dc.publisher" value="Reuters Holdings Plc"/>
<dc element="dc.date.published" value="1997-04-15"/>
<dc element="dc.source" value="Reuters"/>
<dc element="dc.creator.location" value="BUDAPEST"/>
<dc element="dc.creator.location.country.name" value="HUNGARY"/>
<dc element="dc.source" value="Reuters"/>
</metadata>
</newsitem>
