<?xml version="1.0" encoding="iso-8859-1" ?>
<newsitem itemid="508942" id="root" date="1997-04-15" xml:lang="en">
<title>POLAND: Espebepe to offer creditors new debt deal.</title>
<headline>Espebepe to offer creditors new debt deal.</headline>
<dateline>WARSAW 1997-04-15</dateline>
<text>
<p>Debt-ridden Polish construction firm Espebepe SA wants to offer its creditors a new programme to save the company from bankruptcy which includes raising the firm's share capital, Espebepe's president said.</p>
<p>Andrzej Hass told Reuters on Tuesday the company, which has debts of about 75 million zlotys, had already presented to shareholders the new programme which includes a 20-percent raise of share capital, but declined to give any details.</p>
<p>&quot;We have already presented the programme (of raising share capital) to our shareholders and they accepted it,&quot; Hass said. @</p>
<p>Espepebe earlier offered its creditors a debt restructuring deal envisaging a 95-percent debt write-off, but creditors' meetings on March 14 and April 14 failed to reach any decisions and a new one was set for May 16.</p>
<p>If the plan failed, Espebepe could become the first bankruptcy on the Warsaw Stock Exchange since it was restored in 1991.</p>
<p>It was not immediately clear whether the new Espebepe proposal would envisage a share or convertible bond issue, as proposed earlier by its largest creditor Pomorski Bank Kredytowy SA (PBKS).</p>
<p>PBKS earlier insisted that the debt restructuring be combined with a debt-for-equity swap through a convertible bond issue, but Espebepe rejected it as too time-consuming.</p>
<p>Espebepe said in a statement that during Monday's creditors meeting a large majority of creditors' votes was in favour of the debt write-off deal, but it still lacked a required majority of capital represented in the debts.</p>
<p>-- Warsaw Newsroom +48 22 653 9700</p>
</text>
<copyright>(c) Reuters Limited 1997</copyright>
<metadata>
<codes class="bip:countries:1.0">
  <code code="POL">
    <editdetail attribution="Reuters BIP Coding Group" action="confirmed" date="1997-04-15"/>
  </code>
</codes>
<codes class="bip:industries:1.0">
  <code code="I50100">
    <editdetail attribution="Reuters BIP Coding Group" action="confirmed" date="1997-04-15"/>
  </code>
</codes>
<codes class="bip:topics:1.0">
  <code code="C17">
    <editdetail attribution="Reuters BIP Coding Group" action="confirmed" date="1997-04-15"/>
  </code>
  <code code="C171">
    <editdetail attribution="Reuters BIP Coding Group" action="confirmed" date="1997-04-15"/>
  </code>
  <code code="CCAT">
    <editdetail attribution="Reuters BIP Coding Group" action="confirmed" date="1997-04-15"/>
  </code>
</codes>
<dc element="dc.date.created" value="1997-04-15"/>
<dc element="dc.publisher" value="Reuters Holdings Plc"/>
<dc element="dc.date.published" value="1997-04-15"/>
<dc element="dc.source" value="Reuters"/>
<dc element="dc.creator.location" value="WARSAW"/>
<dc element="dc.creator.location.country.name" value="POLAND"/>
<dc element="dc.source" value="Reuters"/>
</metadata>
</newsitem>
