<?xml version="1.0" encoding="iso-8859-1" ?>
<newsitem itemid="508979" id="root" date="1997-04-15" xml:lang="en">
<title>RUSSIA: Russia's Red October plans Eurobond.</title>
<headline>Russia's Red October plans Eurobond.</headline>
<dateline>MOSCOW 1997-04-15</dateline>
<text>
<p>Russia's biggest confectioner Red October plans to issue a Eurobond this autumn or winter, the company's chief economist Yuri Yegorov said on Monday.</p>
<p>&quot;The placement is scheduled for the last third of 1997 in Europe under English law,&quot; Yegorov told a news conference.</p>
<p>He said OAO Konditerskaya Fabrika Krasny Oktyabr planned to raise about the same amount of funds as it planned from preferred shares issue this year.</p>
<p>Red October plans to sell about 1.48 million preferred shares with a face value of 1,000 roubles at 75-80 percent of the market value of ordinary shares at the time of placement.</p>
<p>Red October was last traded on April 11 on the Russian Trading System, at $20.00, putting a value of about $22 million on the entire issue.</p>
<p>Funds from Eurobond and shares sales will be used to buy new equipment, said Red October president Anatoly Daursky. Sixty percent of the company's equipment is outdated, he said.</p>
<p>--Julie Tolkacheva, Moscow Newsroom, +7095 941 8520</p>
</text>
<copyright>(c) Reuters Limited 1997</copyright>
<metadata>
<codes class="bip:countries:1.0">
  <code code="RUSS">
    <editdetail attribution="Reuters BIP Coding Group" action="confirmed" date="1997-04-15"/>
  </code>
</codes>
<codes class="bip:industries:1.0">
  <code code="I42100">
    <editdetail attribution="Reuters BIP Coding Group" action="confirmed" date="1997-04-15"/>
  </code>
</codes>
<codes class="bip:topics:1.0">
  <code code="C17">
    <editdetail attribution="Reuters BIP Coding Group" action="confirmed" date="1997-04-15"/>
  </code>
  <code code="C172">
    <editdetail attribution="Reuters BIP Coding Group" action="confirmed" date="1997-04-15"/>
  </code>
  <code code="CCAT">
    <editdetail attribution="Reuters BIP Coding Group" action="confirmed" date="1997-04-15"/>
  </code>
</codes>
<dc element="dc.date.created" value="1997-04-15"/>
<dc element="dc.publisher" value="Reuters Holdings Plc"/>
<dc element="dc.date.published" value="1997-04-15"/>
<dc element="dc.source" value="Reuters"/>
<dc element="dc.creator.location" value="MOSCOW"/>
<dc element="dc.creator.location.country.name" value="RUSSIA"/>
<dc element="dc.source" value="Reuters"/>
</metadata>
</newsitem>
