<?xml version="1.0" encoding="iso-8859-1" ?>
<newsitem itemid="508912" id="root" date="1997-04-15" xml:lang="en">
<title>YUGOSLAVIA: Serbia privatisation to boost other reforms.</title>
<headline>Serbia privatisation to boost other reforms.</headline>
<dateline>BELGRADE 1997-04-15</dateline>
<text>
<p>Upcoming privatisation in Serbia will give boost to further reforms and help local companies find new business partners, Serbia's Privatisation Minister, Milan Beko, said on Tuesday.</p>
<p>&quot;We are preparing a privatisation law, we talk about ownership and structural changes. It is a way to help companies find new business partners to upgrade their technology and organisation,&quot; Beko told a news conference.</p>
<p>Beko insisted the state was there to create the right economic climate.</p>
<p>&quot;The important thing is that we react and that along with creating the right environment for a market economy we also help companies revive their production. The state will retain an important role and should assist companies in their rehabilitation programmes,&quot; Beko added.</p>
<p>&quot;It is important to increase production. Once a company increases capacity utilisation, that moment it can start to privatise,&quot; Beko told Reuters.</p>
<p>The first Serbian privatisation minister said the final version of the draft privatisation law will be ready in few weeks and offered first to the government and then to the parliament.</p>
<p>&quot;Most companies will be able to embark on privatisation right away, while a few, including the Zastava car producer will first have to restructure and then privatise,&quot; the minister said. -- Gordana Filipovic, Belgrade newsroom, +381 11 222 4254</p>
</text>
<copyright>(c) Reuters Limited 1997</copyright>
<metadata>
<codes class="bip:countries:1.0">
  <code code="YUG">
    <editdetail attribution="Reuters BIP Coding Group" action="confirmed" date="1997-04-15"/>
  </code>
</codes>
<codes class="bip:topics:1.0">
  <code code="C18">
    <editdetail attribution="Reuters BIP Coding Group" action="confirmed" date="1997-04-15"/>
  </code>
  <code code="C183">
    <editdetail attribution="Reuters BIP Coding Group" action="confirmed" date="1997-04-15"/>
  </code>
  <code code="CCAT">
    <editdetail attribution="Reuters BIP Coding Group" action="confirmed" date="1997-04-15"/>
  </code>
  <code code="E12">
    <editdetail attribution="Reuters BIP Coding Group" action="confirmed" date="1997-04-15"/>
  </code>
  <code code="ECAT">
    <editdetail attribution="Reuters BIP Coding Group" action="confirmed" date="1997-04-15"/>
  </code>
</codes>
<dc element="dc.date.created" value="1997-04-15"/>
<dc element="dc.publisher" value="Reuters Holdings Plc"/>
<dc element="dc.date.published" value="1997-04-15"/>
<dc element="dc.source" value="Reuters"/>
<dc element="dc.creator.location" value="BELGRADE"/>
<dc element="dc.creator.location.country.name" value="YUGOSLAVIA"/>
<dc element="dc.source" value="Reuters"/>
</metadata>
</newsitem>
