<?xml version="1.0" encoding="iso-8859-1" ?>
<newsitem itemid="508980" id="root" date="1997-04-15" xml:lang="en">
<title>BULGARIA: Exiled Bulgaria king arrives on pre-election visit.</title>
<headline>Exiled Bulgaria king arrives on pre-election visit.</headline>
<dateline>GORNA ORIAHOVITSA, Bulgaria 1997-04-15</dateline>
<text>
<p>Exiled King Simeon arrived in northern Bulgaria on Tuesday on his second visit to the homeland he fled as a child in 1946.</p>
<p>Simeon flew into an airfield near the town of Veliko Tarnovo, where he will attend ceremonies for the anniversary of Bulgaria's first constitution. Parliamentary elections are set for Saturday, but aides say Simeon's visit is not political.  </p>
<p>Simeon was greeted by a crowd of about 3,000 people waving national and monarchist flags and chanting his name. Girls in national costume offered bread and salt in a traditional gesture of welcome.</p>
<p>&quot;The King is in no position to influence Bulgarian politics directly but he can always show his support for a particular political force or political trend,&quot; said Ahmed Dogan, whose ethnic Turkish Movement for Rights and Freedoms is contesting the elections in coalition with the main monarchist movements.</p>
<p>The King will stay overnight at the mountain village of Arbanassy, in a residence built and used by former communist dictator Todor Zhivkov.</p>
<p>On Wednesday, he will fly to Sofia for lunch with President Petar Stoyanov before returning to Madrid.</p>
</text>
<copyright>(c) Reuters Limited 1997</copyright>
<metadata>
<codes class="bip:countries:1.0">
  <code code="BUL">
    <editdetail attribution="Reuters BIP Coding Group" action="confirmed" date="1997-04-15"/>
  </code>
</codes>
<codes class="bip:topics:1.0">
  <code code="GCAT">
    <editdetail attribution="Reuters BIP Coding Group" action="confirmed" date="1997-04-15"/>
  </code>
  <code code="GPOL">
    <editdetail attribution="Reuters BIP Coding Group" action="confirmed" date="1997-04-15"/>
  </code>
  <code code="GVOTE">
    <editdetail attribution="Reuters BIP Coding Group" action="confirmed" date="1997-04-15"/>
  </code>
</codes>
<dc element="dc.date.created" value="1997-04-15"/>
<dc element="dc.publisher" value="Reuters Holdings Plc"/>
<dc element="dc.date.published" value="1997-04-15"/>
<dc element="dc.source" value="Reuters"/>
<dc element="dc.creator.location" value="GORNA ORIAHOVITSA, Bulgaria"/>
<dc element="dc.creator.location.country.name" value="BULGARIA"/>
<dc element="dc.source" value="Reuters"/>
</metadata>
</newsitem>
