<?xml version="1.0" encoding="iso-8859-1" ?>
<newsitem itemid="508961" id="root" date="1997-04-15" xml:lang="en">
<title>POLAND: Zloty fixed stronger at 3.11 pct from parity rate.</title>
<headline>Zloty fixed stronger at 3.11 pct from parity rate.</headline>
<dateline>WARSAW 1997-04-15</dateline>
<text>
<p>The National Bank of Poland fixed the zloty at 3.1300 to the dollar, down from 3.1200 on Monday and at 1.8060 to the mark, up from 1.8110, the NBP said.</p>
<p>The central bank fixed the zloty at an average of 3.11 percent from the weighted dollar and mark parity rates, slightly stronger than Monday's 3.09 percent fix.</p>
<p>The zloty was fixed at 3.09 percent from the floating parity rate, which changes in line with intraday currency swings on world markets, flat from Monday's 3.09 percent fixing.</p>
<p>-- Warsaw Newsroom +48 22 653 9700</p>
</text>
<copyright>(c) Reuters Limited 1997</copyright>
<metadata>
<codes class="bip:countries:1.0">
  <code code="POL">
    <editdetail attribution="Reuters BIP Coding Group" action="confirmed" date="1997-04-15"/>
  </code>
</codes>
<codes class="bip:topics:1.0">
  <code code="M13">
    <editdetail attribution="Reuters BIP Coding Group" action="confirmed" date="1997-04-15"/>
  </code>
  <code code="M132">
    <editdetail attribution="Reuters BIP Coding Group" action="confirmed" date="1997-04-15"/>
  </code>
  <code code="MCAT">
    <editdetail attribution="Reuters BIP Coding Group" action="confirmed" date="1997-04-15"/>
  </code>
</codes>
<dc element="dc.date.created" value="1997-04-15"/>
<dc element="dc.publisher" value="Reuters Holdings Plc"/>
<dc element="dc.date.published" value="1997-04-15"/>
<dc element="dc.source" value="Reuters"/>
<dc element="dc.creator.location" value="WARSAW"/>
<dc element="dc.creator.location.country.name" value="POLAND"/>
<dc element="dc.source" value="Reuters"/>
</metadata>
</newsitem>
