<?xml version="1.0" encoding="iso-8859-1" ?>
<newsitem itemid="508931" id="root" date="1997-04-15" xml:lang="en">
<title>HUNGARY: Hungary's forint ends firmer against the dollar.</title>
<headline>Hungary's forint ends firmer against the dollar.</headline>
<dateline>BUDAPEST 1997-04-15</dateline>
<text>
<p>Hungary's forint closed afternoon trade a shade firmer against the dollar on Tuesday, after tracking the movements of the dollar/mark cross all day, dealers said.</p>
<p>The forint closed at 181.15/20 to the dollar, compared with 181.22/25 at midday and 181.10/15 at the opening.</p>
<p>&quot;We followed the dollar/mark at the NBH bid (central bank resistance level),&quot; said Unicbank's Gabor Liener.</p>
<p>The forint floats within the National Bank of Hungary's 4.5 percent wide intervention range, against a currency basket made up 30 percent of the dollar and 70 percent of the mark.</p>
<p>-- Budapest newsroom (36 1) 327 4040</p>
</text>
<copyright>(c) Reuters Limited 1997</copyright>
<metadata>
<codes class="bip:countries:1.0">
  <code code="HUNG">
    <editdetail attribution="Reuters BIP Coding Group" action="confirmed" date="1997-04-15"/>
  </code>
</codes>
<codes class="bip:topics:1.0">
  <code code="M13">
    <editdetail attribution="Reuters BIP Coding Group" action="confirmed" date="1997-04-15"/>
  </code>
  <code code="M132">
    <editdetail attribution="Reuters BIP Coding Group" action="confirmed" date="1997-04-15"/>
  </code>
  <code code="MCAT">
    <editdetail attribution="Reuters BIP Coding Group" action="confirmed" date="1997-04-15"/>
  </code>
</codes>
<dc element="dc.date.created" value="1997-04-15"/>
<dc element="dc.publisher" value="Reuters Holdings Plc"/>
<dc element="dc.date.published" value="1997-04-15"/>
<dc element="dc.source" value="Reuters"/>
<dc element="dc.creator.location" value="BUDAPEST"/>
<dc element="dc.creator.location.country.name" value="HUNGARY"/>
<dc element="dc.source" value="Reuters"/>
</metadata>
</newsitem>
