<?xml version="1.0" encoding="iso-8859-1" ?>
<newsitem itemid="508934" id="root" date="1997-04-15" xml:lang="en">
<title>ESTONIA: Estonia stocks continue upward climb.</title>
<headline>Estonia stocks continue upward climb.</headline>
<dateline>TALLINN 1997-04-15</dateline>
<text>
<p>Trade on the Estonian bourse on Tuesday overcame its nervousness and most stocks moved higher on solid trade, dealers said.</p>
<p>The Talse increased by 1.82 percent to close on 256.36 with 60.2 million kroons of shares traded on the main list.</p>
<p>&quot;We thought a prediction of a market fall last week was a bit early and the market is now coming around to keep prices a little higher, but generally stable,&quot; one analyst said.</p>
<p>Total market capitalisation reached 13.88 billion kroons compared to Friday's 13.69 billion kroons.</p>
<p>The most active stock was Uhispank with 22.1 million kroons traded to be 0.20 kroons higher with a close on 56.95 kroons.</p>
<p>Hansapank turned over 13.7 million kroons of shares to end 8.50 kroons higher on 265.00 kroons.</p>
<p>&quot;This sort of sudden rise is what Hansapank's bonus issue will overcome and slow some of the more dramatic price changes,&quot; a dealer said.</p>
<p>Hansapank has said it wants to double its share capital with a bonus issue of one new share for every existing stock.</p>
<p>On the over-the-counter market, total trade was 8.6 million kroons of shares with Rakvere meat plant the most traded stock.</p>
<p>Rakvere turned over 2.8 million kroons of shares to lose 0.10 kroons for a close on 16.15 kroons.</p>
<p>Tallinna kaubamaja annouced a bonus share issue worth 3.4 million kroons to improve access to the company's stock by small share holders.</p>
<p>Tallinna Kaubamaja's stock rose one kroon to 89.50 with a trade of 1.9 million kroons.</p>
<p>-- David Mardiste, Tallinn newsroom +372 630 8400 reuters@reuters.ee</p>
</text>
<copyright>(c) Reuters Limited 1997</copyright>
<metadata>
<codes class="bip:countries:1.0">
  <code code="ESTNIA">
    <editdetail attribution="Reuters BIP Coding Group" action="confirmed" date="1997-04-15"/>
  </code>
</codes>
<codes class="bip:topics:1.0">
  <code code="M11">
    <editdetail attribution="Reuters BIP Coding Group" action="confirmed" date="1997-04-15"/>
  </code>
  <code code="MCAT">
    <editdetail attribution="Reuters BIP Coding Group" action="confirmed" date="1997-04-15"/>
  </code>
</codes>
<dc element="dc.date.created" value="1997-04-15"/>
<dc element="dc.publisher" value="Reuters Holdings Plc"/>
<dc element="dc.date.published" value="1997-04-15"/>
<dc element="dc.source" value="Reuters"/>
<dc element="dc.creator.location" value="TALLINN"/>
<dc element="dc.creator.location.country.name" value="ESTONIA"/>
<dc element="dc.source" value="Reuters"/>
</metadata>
</newsitem>
