<?xml version="1.0" encoding="iso-8859-1" ?>
<newsitem itemid="508944" id="root" date="1997-04-15" xml:lang="en">
<title>RUSSIA: Moscow to announce Eurobond roadshow date soon.</title>
<headline>Moscow to announce Eurobond roadshow date soon.</headline>
<dateline>MOSCOW 1997-04-15</dateline>
<text>
<p>The City of Moscow, which plans to issue its debut Eurobond, will announce the dates of the roadshow at the end of the week, Moscow municipal loans department head Mechislav Klimovich said on Tuesday.</p>
<p>&quot;We have decided with our lead managers that they will make the annoucement at the end of the week,&quot; he told Reuters.</p>
<p>CS First Boston and Nomura International will both underwrite the issue.</p>
<p>President Boris Yeltsin issued a decree last week limiting the total debts of Moscow, St Petersburg and Nizhny Novgorod regional governments to 30 percent of their revenues and total debt service charges to 15 percent of non-debt revenues.</p>
<p>Western bankers expect Moscow to issue a bond for up to $500 million.</p>
<p>--Julie Tolkacheva, Moscow Newsroom, +7095 941 8520</p>
</text>
<copyright>(c) Reuters Limited 1997</copyright>
<metadata>
<codes class="bip:countries:1.0">
  <code code="RUSS">
    <editdetail attribution="Reuters BIP Coding Group" action="confirmed" date="1997-04-15"/>
  </code>
</codes>
<codes class="bip:topics:1.0">
  <code code="E21">
    <editdetail attribution="Reuters BIP Coding Group" action="confirmed" date="1997-04-15"/>
  </code>
  <code code="E212">
    <editdetail attribution="Reuters BIP Coding Group" action="confirmed" date="1997-04-15"/>
  </code>
  <code code="ECAT">
    <editdetail attribution="Reuters BIP Coding Group" action="confirmed" date="1997-04-15"/>
  </code>
  <code code="M12">
    <editdetail attribution="Reuters BIP Coding Group" action="confirmed" date="1997-04-15"/>
  </code>
  <code code="MCAT">
    <editdetail attribution="Reuters BIP Coding Group" action="confirmed" date="1997-04-15"/>
  </code>
</codes>
<dc element="dc.date.created" value="1997-04-15"/>
<dc element="dc.publisher" value="Reuters Holdings Plc"/>
<dc element="dc.date.published" value="1997-04-15"/>
<dc element="dc.source" value="Reuters"/>
<dc element="dc.creator.location" value="MOSCOW"/>
<dc element="dc.creator.location.country.name" value="RUSSIA"/>
<dc element="dc.source" value="Reuters"/>
</metadata>
</newsitem>
