<?xml version="1.0" encoding="iso-8859-1" ?>
<newsitem itemid="508993" id="root" date="1997-04-15" xml:lang="en">
<title>ROMANIA: Romania to propose Constanta for Caspian oil route.</title>
<headline>Romania to propose Constanta for Caspian oil route.</headline>
<dateline>BUCHAREST 1997-04-15</dateline>
<text>
<p>Romanian Foreign Minister Adrian Severin on Tuesday proposed using the Black Sea port of Constanta and the Danube as the safest route for oil and gas from the Caspian Sea and ex-Soviet Central Asia into into Europe.</p>
<p>In an interview before leaving for talks in Italy and the United States, Severin said Romania's stability in the volatile Balkan region made it a logical choice for sending oil, using the Georgian port of Poti as a staging point for tankers.</p>
<p>&quot;There are different routes for transporting natural gas and crude oil from Central Asia, the Caspian Sea and the Caucusus,&quot; he said.</p>
<p>&quot;The need is crucial for Europe and consequently there is a need to assure the stability of these routes. Romania is one of the countries that can ensure that stability. We can keep open these routes.&quot;</p>
<p>Severin said he would raise the issue in talks next week with U.S. Secretary of State Madeleine Albright as part of Romania's efforts to promote regional stability and win early membership of NATO.</p>
<p>A number of countries in the region have proposed using their territory for oil transit from Azerbaijan, Kazakhstan and other former Soviet republics to Europe, avoiding the volatile Caucasus region of southern Russia.</p>
<p>Ukraine has suggested sending oil from Poti to a terminal it is building near the port of Odessa. Bulgaria has proposed a route linking its port of Bourgas to Russia's Black Sea port Novorossiisk.</p>
<p>-- Ron Popeski, Bucharest newsroom +401 312-0264</p>
</text>
<copyright>(c) Reuters Limited 1997</copyright>
<metadata>
<codes class="bip:countries:1.0">
  <code code="AZERB">
    <editdetail attribution="Reuters BIP Coding Group" action="confirmed" date="1997-04-15"/>
  </code>
  <code code="ITALY">
    <editdetail attribution="Reuters BIP Coding Group" action="confirmed" date="1997-04-15"/>
  </code>
  <code code="KAZK">
    <editdetail attribution="Reuters BIP Coding Group" action="confirmed" date="1997-04-15"/>
  </code>
  <code code="ROM">
    <editdetail attribution="Reuters BIP Coding Group" action="confirmed" date="1997-04-15"/>
  </code>
  <code code="USA">
    <editdetail attribution="Reuters BIP Coding Group" action="confirmed" date="1997-04-15"/>
  </code>
</codes>
<codes class="bip:industries:1.0">
  <code code="I13000">
    <editdetail attribution="Reuters BIP Coding Group" action="confirmed" date="1997-04-15"/>
  </code>
</codes>
<codes class="bip:topics:1.0">
  <code code="C24">
    <editdetail attribution="Reuters BIP Coding Group" action="confirmed" date="1997-04-15"/>
  </code>
  <code code="C31">
    <editdetail attribution="Reuters BIP Coding Group" action="confirmed" date="1997-04-15"/>
  </code>
  <code code="C312">
    <editdetail attribution="Reuters BIP Coding Group" action="confirmed" date="1997-04-15"/>
  </code>
  <code code="CCAT">
    <editdetail attribution="Reuters BIP Coding Group" action="confirmed" date="1997-04-15"/>
  </code>
  <code code="GCAT">
    <editdetail attribution="Reuters BIP Coding Group" action="confirmed" date="1997-04-15"/>
  </code>
  <code code="GDIP">
    <editdetail attribution="Reuters BIP Coding Group" action="confirmed" date="1997-04-15"/>
  </code>
</codes>
<dc element="dc.date.created" value="1997-04-15"/>
<dc element="dc.publisher" value="Reuters Holdings Plc"/>
<dc element="dc.date.published" value="1997-04-15"/>
<dc element="dc.source" value="Reuters"/>
<dc element="dc.creator.location" value="BUCHAREST"/>
<dc element="dc.creator.location.country.name" value="ROMANIA"/>
<dc element="dc.source" value="Reuters"/>
</metadata>
</newsitem>
