<?xml version="1.0" encoding="iso-8859-1" ?>
<newsitem itemid="508987" id="root" date="1997-04-15" xml:lang="en">
<title>HUNGARY: Bayernwerk seek reason for failed Hungary plant bid.</title>
<headline>Bayernwerk seek reason for failed Hungary plant bid.</headline>
<dateline>BUDAPEST 1997-04-15</dateline>
<text>
<p>The German utility company Bayernwerk AG said on Tuesday it was seeking clarification over its failed bid to purchase the Hungarian Pecs power station in a tender that was declared unsuccessful in February.</p>
<p>&quot;We are meeting (state privatisation agency) APV officials today,&quot; Bayernwerk Director Rainer Frank Elsasser told Reuters. &quot;We heard that all bids had been declared invalid but we were never told why.&quot;</p>
<p>APV declared unsuccessful three tenders for coal-fired plants at Bakony, Pecs and Vertes for which four bids had been received. APV did not name the bidders.</p>
<p>On offer were over 61 percent stakes in Bakony and Pecs, each worth over nine billion forints at face valiue and an almost 75 percent stake in Vertes, worth 17 billion.</p>
<p>APV was reported to have said the main obstacle to the privatisation was unsatisfactory proposals on the integration of a number of mines and their employees, which are included with the plants.</p>
<p>Elsasser said Bayernwerk had put in a bid for Pecs in January and told a conference on Tuesday on power generation investment in Hungary that the bid was still on the table.</p>
<p>If Bayernwerk was to acquire Pecs, company plans included the possible replacement of the present plant by a new 200 megawatt station which would be cleaner and cheaper to run.</p>
<p>Bayernwerk currently has a 47 percent stake in regional electricity distribution company DEDASZ which serves the area around Pecs. It acquired the stake at the end of 1995.</p>
<p>-- Duncan Shiels, Budapest newsroom (361) 327 4040</p>
</text>
<copyright>(c) Reuters Limited 1997</copyright>
<metadata>
<codes class="bip:countries:1.0">
  <code code="GFR">
    <editdetail attribution="Reuters BIP Coding Group" action="confirmed" date="1997-04-15"/>
  </code>
  <code code="HUNG">
    <editdetail attribution="Reuters BIP Coding Group" action="confirmed" date="1997-04-15"/>
  </code>
</codes>
<codes class="bip:industries:1.0">
  <code code="I83960">
    <editdetail attribution="Reuters BIP Coding Group" action="confirmed" date="1997-04-15"/>
  </code>
</codes>
<codes class="bip:topics:1.0">
  <code code="C18">
    <editdetail attribution="Reuters BIP Coding Group" action="confirmed" date="1997-04-15"/>
  </code>
  <code code="C181">
    <editdetail attribution="Reuters BIP Coding Group" action="confirmed" date="1997-04-15"/>
  </code>
  <code code="C183">
    <editdetail attribution="Reuters BIP Coding Group" action="confirmed" date="1997-04-15"/>
  </code>
  <code code="CCAT">
    <editdetail attribution="Reuters BIP Coding Group" action="confirmed" date="1997-04-15"/>
  </code>
</codes>
<dc element="dc.date.created" value="1997-04-15"/>
<dc element="dc.publisher" value="Reuters Holdings Plc"/>
<dc element="dc.date.published" value="1997-04-15"/>
<dc element="dc.source" value="Reuters"/>
<dc element="dc.creator.location" value="BUDAPEST"/>
<dc element="dc.creator.location.country.name" value="HUNGARY"/>
<dc element="dc.source" value="Reuters"/>
</metadata>
</newsitem>
