<?xml version="1.0" encoding="iso-8859-1" ?>
<newsitem itemid="508949" id="root" date="1997-04-15" xml:lang="en">
<title>CZECH REPUBLIC: Czech transmitter shares rated &quot;hold&quot;.</title>
<headline>Czech transmitter shares rated &quot;hold&quot;.</headline>
<byline>Dusan Bucanek</byline>
<dateline>PRAGUE 1997-04-15</dateline>
<text>
<p>Shares in Czech radio transmission company Ceske Radiokomunikace a.s. are still rated as a long term hold despite last year's drop in profit and the absence of dividend payments, analysts said.</p>
<p>Equity analysts polled by Reuters said the company, which has a monopoly position on the radio transmission network market, has strong potential for development.</p>
<p>&quot;Development perspectives of the firm are good, and the shareholder structure is apparently stabilised,&quot; said Karel Vojacek of Expandia Finance.</p>
<p>&quot;Shares in this company should be a part of every quality portfolio,&quot; added Ceskoslovenska Obchodni Banka's Ivan Masar.</p>
<p>The firm's shares, which are traded on the main market of the Prague Stock Exchange, rose 18 crowns on Tuesday to 3,540, at which level analysts recommend holding the stock.</p>
<p>They suggested that the &quot;buy&quot; level was 3,500 crowns.</p>
<p>The company posted a preliminary 1996 gross profit of 161 million crowns, down 45 million from 1995, and analysts expect the figure will be revised further downward after the audit is completed.</p>
<p>&quot;The company is going through an audit, there will be certain changes from the preliminary results,&quot; said Akro Capital's Michal Kusak.</p>
<p>&quot;The gross profit should fall from (1995's) 206 milLion to 155 million,&quot; said Hana Kozusznikova of Brno Broker Group.</p>
<p>Respondents to the Reuters survey said that the fall in profits was mainly caused by the start-up of a mobile telephone network run by RadioMobil, a joint venture between Radiokomunikace and Germany's DeTeMobil in September 1996.</p>
<p>&quot;The reason for lower profit are costs of some 100 million crowns connected with the launch of the digital mobile telephone network of RadioMobil, where Radiokomunikace have a 51 percent share,&quot; said Kozuzsnikova.</p>
<p>The firm plans to increase its gross profit to 181 million crowns this year on rising sales. Masar said he viewed the company's financial position as stable and healthy.</p>
<p>Radiokomunikace plans no dividend payouts until at least 2000 and reinvestment of all profits until that time. Investments should reach 880 million crowns this year, of which 500 million crowns should be raised by a bank loan or a share issue.</p>
<p>&quot;If the increase in basic cpaital materialises, its form could significantly affect the share price,&quot; said Leos Jirman of Delta Securities.</p>
<p>He added that if the state privatisation agency, the National Property Fund, which holds 71 percent of the company, does not take part in the issue, increased free-float will help the shares.</p>
<p>Radiokomunikace is considered to be a strategic company, and any sell-off of the states holding must be approved by the government.</p>
<p>-- Prague Newsroom, 420-2-2423-0003</p>
</text>
<copyright>(c) Reuters Limited 1997</copyright>
<metadata>
<codes class="bip:countries:1.0">
  <code code="CZREP">
    <editdetail attribution="Reuters BIP Coding Group" action="confirmed" date="1997-04-15"/>
  </code>
</codes>
<codes class="bip:industries:1.0">
  <code code="I79020">
    <editdetail attribution="Reuters BIP Coding Group" action="confirmed" date="1997-04-15"/>
  </code>
</codes>
<codes class="bip:topics:1.0">
  <code code="C15">
    <editdetail attribution="Reuters BIP Coding Group" action="confirmed" date="1997-04-15"/>
  </code>
  <code code="C152">
    <editdetail attribution="Reuters BIP Coding Group" action="confirmed" date="1997-04-15"/>
  </code>
  <code code="CCAT">
    <editdetail attribution="Reuters BIP Coding Group" action="confirmed" date="1997-04-15"/>
  </code>
</codes>
<dc element="dc.date.created" value="1997-04-15"/>
<dc element="dc.publisher" value="Reuters Holdings Plc"/>
<dc element="dc.date.published" value="1997-04-15"/>
<dc element="dc.source" value="Reuters"/>
<dc element="dc.creator.location" value="PRAGUE"/>
<dc element="dc.creator.location.country.name" value="CZECH REPUBLIC"/>
<dc element="dc.source" value="Reuters"/>
</metadata>
</newsitem>
