<?xml version="1.0" encoding="iso-8859-1" ?>
<newsitem itemid="508923" id="root" date="1997-04-15" xml:lang="en">
<title>POLAND: Polish Polifarbs still keen on merger, fear delay.</title>
<headline>Polish Polifarbs still keen on merger, fear delay.</headline>
<dateline>WARSAW 1997-04-15</dateline>
<text>
<p>Polish paintmakers Polifarb Cieszyn and Polifarb Wroclaw said on Tuesday a treasury ministry demand of a new Wroclaw share issue might delay a planned merger of the two firms.</p>
<p>On Monday Polifarb Wroclaw reported that the Treasury Ministry, controlling about 16 percent of its shares, requested an extraordinary meeting and a new bonus issue of between 6.375 million and 10 million shares.</p>
<p>The move would shift the control of the planned new company in favour of Wroclaw shareholders after Cieszyn shareholders increased their planned bonus issue to give them bigger control of the new firm than the originally planned 50-50 control.</p>
<p>&quot;It (the treasury decision) is certainly a complication and certainly a delay,&quot; Polifarb Cieszyn spokesman Jacek Nagorniewicz told Reuters.</p>
<p>Wroclaw President Edward Platek said that if the ministry, which had yet to present detailed drafts for a prospective shareholders meeting, upheld its proposal, the meeting could take place after May 20 at the earliest.</p>
<p>&quot;If the shareholders of the two companies failed to reach a compromise they will lose because the merger will clearly benefit shareholders of both firms,&quot; Platek said.</p>
<p>The ministry declined comment on its proposal.</p>
<p>Cieszyn's Nagorniewicz said his company would wait for the final Wroclaw decision and might be forced to call another shareholders' meeting to allow them make a decision of the merger plan's future.</p>
<p>&quot;If Polifarb Wroclaw decides along the lines of the Treasury Ministry proposal I suppose we will have to have our shareholders decide on the further merger plan,&quot; he said.</p>
<p>Last month Cieszyn shareholders approved a version of the merger giving them 53.5 percent rather than 50 percent of the new firm by increasing a planned pre-merger bonus issue for Cieszyn shareholders to 6.375 from 2.98 million shares.</p>
<p>Cieszyn currently has 19,125,000 shares, 2,978,820 fewer than Wroclaw and a new bonus issue was originally designed to make up for the difference.</p>
<p>-- Warsaw Newsroom +48 22 653 9700</p>
</text>
<copyright>(c) Reuters Limited 1997</copyright>
<metadata>
<codes class="bip:countries:1.0">
  <code code="POL">
    <editdetail attribution="Reuters BIP Coding Group" action="confirmed" date="1997-04-15"/>
  </code>
</codes>
<codes class="bip:industries:1.0">
  <code code="I25510">
    <editdetail attribution="Reuters BIP Coding Group" action="confirmed" date="1997-04-15"/>
  </code>
</codes>
<codes class="bip:topics:1.0">
  <code code="C18">
    <editdetail attribution="Reuters BIP Coding Group" action="confirmed" date="1997-04-15"/>
  </code>
  <code code="C181">
    <editdetail attribution="Reuters BIP Coding Group" action="confirmed" date="1997-04-15"/>
  </code>
  <code code="CCAT">
    <editdetail attribution="Reuters BIP Coding Group" action="confirmed" date="1997-04-15"/>
  </code>
</codes>
<dc element="dc.date.created" value="1997-04-15"/>
<dc element="dc.publisher" value="Reuters Holdings Plc"/>
<dc element="dc.date.published" value="1997-04-15"/>
<dc element="dc.source" value="Reuters"/>
<dc element="dc.creator.location" value="WARSAW"/>
<dc element="dc.creator.location.country.name" value="POLAND"/>
<dc element="dc.source" value="Reuters"/>
</metadata>
</newsitem>
