<?xml version="1.0" encoding="iso-8859-1" ?>
<newsitem itemid="508958" id="root" date="1997-04-15" xml:lang="en">
<title>ALBANIA: Italian minister says troops in Albania seek peace.</title>
<headline>Italian minister says troops in Albania seek peace.</headline>
<byline>Jude Webber</byline>
<dateline>DURRES, Albania 1997-04-15</dateline>
<text>
<p>Italian Defence Minister Beniamino Andreatta said a multinational force that arrived in Albania on Tuesday would help restore peace in a nation racked by weeks of anarchy.</p>
<p>Speaking in the windswept western port city of Durres after more than 1,000 Italian, French and Spanish troops landed, Andreatta said the soldiers were armed with weapons they hoped they would not have to use.</p>
<p>&quot;We are here to help the Albanian people at a time of national difficulty and I hope that this will be understood by all Albanians,&quot; Andreatta told the troops in Durres.</p>
<p>&quot;We hope that in three months, or a few months more, that everyone will return home together, leaving behind them an Albanian people proud of its destiny and proud of its future.&quot;</p>
<p>The Italian-led eight-nation force reached Albania on Tuesday in a well-orchestrated show of military force. French, Italian and Spanish troops came on shore in Durres while Italian paratroopers landed at Tirana airport 40 km (25 miles) east.</p>
<p>Greece, Turkey, Austria, Denmark and Romania are also contributing soldiers to the mission.</p>
<p>&quot;The soldiers that have come to Durres are all carrying arms but they have a profound sense of humanity,&quot; Andreatta said. &quot;They know they are ambassadors of civility and humanity.&quot;</p>
<p>He warned there were no easy solutions to the problems in Albania, where nearly 300 people have been killed during a spasm of lawlessness following the collapse of fraudulent get-rich-quick investment schemes earlier this year.</p>
<p>&quot;The principal difficulty facing the mission is the very reason why we have come to Albania,&quot; said the defence minister.</p>
<p>&quot;It is certainly a risk to work in an environment of anarchy. There can be tensions and incidents. We are here precisely to help reconciliation come about. The presence of military forces could lead people in hot spots of violence to realise the futility of that violence.&quot;</p>
<p>Italy is sending 2,500 troops to Albania, Europe's poorest nation. A total of 6,000 troops are expected to arrive within three weeks and will stay for at least three months. They may stay for another three months if needed.</p>
<p>Andreatta attended a ceremony earlier on Tuesday at the southeast Italian port of Brindisi where he handed the mission's flag to the commander of the operation of the ground, General Luigi Forlani.</p>
<p>&quot;The arms that you carry and which, if necessary, you will use, are at the service of the aims and objectives which Europe and the United Nations have clearly indicated,&quot; Andreatta said.</p>
<p>He said Italy and Europe were committed to helping Albania &quot;find unity again and strengthen its democratic system which has shown great fragility in these first years following the end of totalitarianism.&quot;</p>
</text>
<copyright>(c) Reuters Limited 1997</copyright>
<metadata>
<codes class="bip:countries:1.0">
  <code code="ALB">
    <editdetail attribution="Reuters BIP Coding Group" action="confirmed" date="1997-04-15"/>
  </code>
  <code code="FRA">
    <editdetail attribution="Reuters BIP Coding Group" action="confirmed" date="1997-04-15"/>
  </code>
  <code code="ITALY">
    <editdetail attribution="Reuters BIP Coding Group" action="confirmed" date="1997-04-15"/>
  </code>
  <code code="SPAIN">
    <editdetail attribution="Reuters BIP Coding Group" action="confirmed" date="1997-04-15"/>
  </code>
</codes>
<codes class="bip:topics:1.0">
  <code code="GCAT">
    <editdetail attribution="Reuters BIP Coding Group" action="confirmed" date="1997-04-15"/>
  </code>
  <code code="GDEF">
    <editdetail attribution="Reuters BIP Coding Group" action="confirmed" date="1997-04-15"/>
  </code>
  <code code="GDIP">
    <editdetail attribution="Reuters BIP Coding Group" action="confirmed" date="1997-04-15"/>
  </code>
  <code code="GPOL">
    <editdetail attribution="Reuters BIP Coding Group" action="confirmed" date="1997-04-15"/>
  </code>
  <code code="GVIO">
    <editdetail attribution="Reuters BIP Coding Group" action="confirmed" date="1997-04-15"/>
  </code>
</codes>
<dc element="dc.date.created" value="1997-04-15"/>
<dc element="dc.publisher" value="Reuters Holdings Plc"/>
<dc element="dc.date.published" value="1997-04-15"/>
<dc element="dc.source" value="Reuters"/>
<dc element="dc.creator.location" value="DURRES, Albania"/>
<dc element="dc.creator.location.country.name" value="ALBANIA"/>
<dc element="dc.source" value="Reuters"/>
</metadata>
</newsitem>
