<?xml version="1.0" encoding="iso-8859-1" ?>
<newsitem itemid="508907" id="root" date="1997-04-15" xml:lang="en">
<title>ESTONIA: Estonia moves step closer to protective tariffs.</title>
<headline>Estonia moves step closer to protective tariffs.</headline>
<dateline>TALLINN 1997-04-15</dateline>
<text>
<p>Estonia's government on Tuesday approved in principle a plan for customs duty legislation, bringing it a step closer to the imposition of its first protective tariffs.</p>
<p>The plan calls for the adoption this year of a law on customs tariffs.</p>
<p>The setting of import tariffs would be a radical move for Estonia, which has boasted of its very open economy since quitting the former Soviet Union in 1991.</p>
<p>Since then it has had virtually no import tariffs although rural politicians have demanded tariffs for a long time, saying they need the protection from foreign imports.</p>
<p>&quot;If passed, a customs duty law would establish the order in which tariffs may be established,&quot; Agriculture Minister Andres Varik told a news conference.</p>
<p>Varik said there was no decision yet on whether the law will define the levels of tariffs as well.</p>
<p>An import duty law has so far only been discussed by parliament's economic commission and the government will discuss the laws needed at its next session on April 22, Varik added.</p>
<p>A government commission in March proposed the establishment of 30 to 35 percent tariffs on imported pork and said it was the only agricultural sector where tariffs may be effective.</p>
<p>-- Eva Palu, Tallinn newsroom, +372 630 8400, reuters@reuters.ee</p>
</text>
<copyright>(c) Reuters Limited 1997</copyright>
<metadata>
<codes class="bip:countries:1.0">
  <code code="ESTNIA">
    <editdetail attribution="Reuters BIP Coding Group" action="confirmed" date="1997-04-15"/>
  </code>
</codes>
<codes class="bip:topics:1.0">
  <code code="E51">
    <editdetail attribution="Reuters BIP Coding Group" action="confirmed" date="1997-04-15"/>
  </code>
  <code code="E512">
    <editdetail attribution="Reuters BIP Coding Group" action="confirmed" date="1997-04-15"/>
  </code>
  <code code="ECAT">
    <editdetail attribution="Reuters BIP Coding Group" action="confirmed" date="1997-04-15"/>
  </code>
</codes>
<dc element="dc.date.created" value="1997-04-15"/>
<dc element="dc.publisher" value="Reuters Holdings Plc"/>
<dc element="dc.date.published" value="1997-04-15"/>
<dc element="dc.source" value="Reuters"/>
<dc element="dc.creator.location" value="TALLINN"/>
<dc element="dc.creator.location.country.name" value="ESTONIA"/>
<dc element="dc.source" value="Reuters"/>
</metadata>
</newsitem>
