<?xml version="1.0" encoding="iso-8859-1" ?>
<newsitem itemid="508948" id="root" date="1997-04-15" xml:lang="en">
<title>RUSSIA: Russia to sell 51 pct of Sibneft oil firm May 12.</title>
<headline>Russia to sell 51 pct of Sibneft oil firm May 12.</headline>
<dateline>MOSCOW 1997-04-15</dateline>
<text>
<p>Russia will sell 51 percent of shares in NK Sibneft oil company at an investment tender on May 12, the Russian Federal Property Fund said on Tuesday.</p>
<p>It gave no other details of the tender.</p>
<p>The shares represent a package of shares managed by ZAO Neftyanaya Finansovaya Kompaniya, founded by United Bank and Russian oil trader ZAO FORNEFT under a government's shares-for-loans scheme.  </p>
<p>Sibneft's main production unit is AO Noyabrskneftegaz.</p>
<p>Sibneft produced 18.61 million tonnes of oil in 1996, down from 20.34 million tonnes in 1995.</p>
<p>Vertically-integrated Sibirskaya Neftyanaya Kompaniya is one of Russia's mini-majors. Its authorised capital is 7.23 billion roubles.</p>
</text>
<copyright>(c) Reuters Limited 1997</copyright>
<metadata>
<codes class="bip:countries:1.0">
  <code code="RUSS">
    <editdetail attribution="Reuters BIP Coding Group" action="confirmed" date="1997-04-15"/>
  </code>
</codes>
<codes class="bip:industries:1.0">
  <code code="I13000">
    <editdetail attribution="Reuters BIP Coding Group" action="confirmed" date="1997-04-15"/>
  </code>
  <code code="I32450">
    <editdetail attribution="Reuters BIP Coding Group" action="confirmed" date="1997-04-15"/>
  </code>
</codes>
<codes class="bip:topics:1.0">
  <code code="C17">
    <editdetail attribution="Reuters BIP Coding Group" action="confirmed" date="1997-04-15"/>
  </code>
  <code code="C171">
    <editdetail attribution="Reuters BIP Coding Group" action="confirmed" date="1997-04-15"/>
  </code>
  <code code="C18">
    <editdetail attribution="Reuters BIP Coding Group" action="confirmed" date="1997-04-15"/>
  </code>
  <code code="C183">
    <editdetail attribution="Reuters BIP Coding Group" action="confirmed" date="1997-04-15"/>
  </code>
  <code code="CCAT">
    <editdetail attribution="Reuters BIP Coding Group" action="confirmed" date="1997-04-15"/>
  </code>
</codes>
<dc element="dc.date.created" value="1997-04-15"/>
<dc element="dc.publisher" value="Reuters Holdings Plc"/>
<dc element="dc.date.published" value="1997-04-15"/>
<dc element="dc.source" value="Reuters"/>
<dc element="dc.creator.location" value="MOSCOW"/>
<dc element="dc.creator.location.country.name" value="RUSSIA"/>
<dc element="dc.source" value="Reuters"/>
</metadata>
</newsitem>
