<?xml version="1.0" encoding="iso-8859-1" ?>
<newsitem itemid="508969" id="root" date="1997-04-15" xml:lang="en">
<title>CROATIA: Croatia sells HRK156 mln 42-day T-bills,rate down.</title>
<headline>Croatia sells HRK156 mln 42-day T-bills,rate down.</headline>
<dateline>ZAGREB 1997-04-15</dateline>
<text>
<p>Croatia's Finance Ministry raised 156 million kuna through 42-day treasury bills at an auction on Tuesday.</p>
<p>The issue was priced higher at 98.891 percent with the rate of 9.75 percent, down from 10 percent on April 1.</p>
<p>The bills are payable in two days and they mature on May 29, the ministry said in a statement faxed to Reuters.</p>
<p>It had offered 120 million kuna but raised another 36 million due to strong demand.</p>
<p>Over 97 percent of the issue was sold to the banking sector while other investors bought only 2.3 percent.</p>
<p>The ministry set a new auction for April 29, when it will offer to investors 65 million kuna worth of 42-day bills.</p>
<p>Foreigners have no direct access to bill sales but can place their bids through Croatian banks. -- Zoran Radosavljevic, Zagreb Newsroom, 385-1-4557075</p>
</text>
<copyright>(c) Reuters Limited 1997</copyright>
<metadata>
<codes class="bip:countries:1.0">
  <code code="CRTIA">
    <editdetail attribution="Reuters BIP Coding Group" action="confirmed" date="1997-04-15"/>
  </code>
</codes>
<codes class="bip:topics:1.0">
  <code code="M13">
    <editdetail attribution="Reuters BIP Coding Group" action="confirmed" date="1997-04-15"/>
  </code>
  <code code="M131">
    <editdetail attribution="Reuters BIP Coding Group" action="confirmed" date="1997-04-15"/>
  </code>
  <code code="MCAT">
    <editdetail attribution="Reuters BIP Coding Group" action="confirmed" date="1997-04-15"/>
  </code>
</codes>
<dc element="dc.date.created" value="1997-04-15"/>
<dc element="dc.publisher" value="Reuters Holdings Plc"/>
<dc element="dc.date.published" value="1997-04-15"/>
<dc element="dc.source" value="Reuters"/>
<dc element="dc.creator.location" value="ZAGREB"/>
<dc element="dc.creator.location.country.name" value="CROATIA"/>
<dc element="dc.source" value="Reuters"/>
</metadata>
</newsitem>
