<?xml version="1.0" encoding="iso-8859-1" ?>
<newsitem itemid="508939" id="root" date="1997-04-15" xml:lang="en">
<title>RUSSIA: Battle looms for Russia chocolate market - analysts.</title>
<headline>Battle looms for Russia chocolate market - analysts.</headline>
<byline>Mike Collett-White</byline>
<dateline>MOSCOW 1997-04-14</dateline>
<text>
<p>Russians are unlikely to rush to the shops to stock up on home-made chocolate despite an appeal by President Boris Yeltsin on Tuesday to buy Russian goods, industry analysts said.</p>
<p>Confectionery industry sources and cocoa analysts said Russia's appetite for chocolate had stabilised after collapsing earlier in the decade, and that consumption of cocoa and its products was unlikely change much in the medium term.</p>
<p>&quot;Russian cocoa consumption will not be much higher this year than last year, and I think cocoa imports will be about the same level as last year,&quot; said Alexander Pavlov, head of the Agriculture Ministry's confectionery industry department.</p>
<p>But analysts said that Yeltsin's Buy Russian remarks showed that the battle was on to win market share.</p>
<p>&quot;Looking at the Russian chocolate confectionery market as a whole, I see it as growing steadily,&quot; said a representative at a Western confectionery company with operations in Russia.</p>
<p>&quot;The key question is, who is getting this market?&quot;</p>
<p>Yeltsin said Russia could hold its own in the face of stiff competition from abroad.</p>
<p>&quot;Is Russian chocolate worse than imported chocolate? No, it's better,&quot; he said in a radio address.</p>
<p>Domestic chocolate manufacturers have had to battle against a rising influx of brightly-packaged, often high-quality Western goods which have flooded supermarket shelves in recent years.</p>
<p>Chocolate-making giants Cadbury of Britain and Masterfoods of the United States advertise their goods regularly on Russian television - giving them an advantage most domestic manufacturers cannot afford.</p>
<p>Cadbury, Mars and Nestle of Switzerland all have investments in confectionery production in Russia.</p>
<p>Pavlov said domestic confectioners did not need Yeltsin to advertise their goods and that the overall quality of Russian chocolate US hard red w wheat was improving.</p>
<p>But the Western manufacturer said research indicated that more and more Russians were complaining about falling quality standards in domestic confectionery.</p>
<p>Russian chocolate makers welcomed Yeltsin's attempts to support them, but they said that the president made no declaration about concrete steps they needed in order to prosper.</p>
<p>&quot;Yeltsin's statement was a very strong one,&quot; said Anatoly Daursky, president of Russia's biggest confectioner OAO Red October.</p>
<p>&quot;But it would have been more powerful if the government had lifted customs duties on some key products.&quot;</p>
<p>He said the company paid a five percent duty on cocoa bean imports and a 25 percent duty on sugar imports.</p>
<p>&quot;Our outlook is very good if the government supports us, but if it does not, small and medium-sized companies will be ruined,&quot; he said.</p>
<p>Russia imported 55,900 tonnes of cocoa beans in 1996, down slightly from 56,300 tonnes in 1995. In the first two months of this year cocoa imports slipped to 11,000 tonnes from 12,200 tonnes over the same year-ago period, official data shows.</p>
<p>Analysts said official cocoa bean imports did not give a full picture of Russian chocolate consumption trends because Western manufacturers operating in the country were importing more cocoa in the form of cocoa liquor and butter.</p>
<p>The London-based International Cocoa Organization said Russian consumption was 144,000 tonnes cocoa bean equivalent in 1994/95, the last year for which data was available. This was down slightly from 148,000 tonnes consumed in 1993/94.</p>
<p>&quot;I don't think there will be a significant change in consumption over the next few years,&quot; said one Western analyst.</p>
<p>Analysts linked Russian consumption trends to the country's overall economic performance. The purchasing power of the average Russian would have to increase significantly before cocoa and cocoa-product offtake took off, they said.</p>
<p>&quot;Demand is there, but nowadays not a lot of people will be putting chocolate products at the top of their shopping lists,&quot; a second analyst added.</p>
<p>--Moscow Newsroom +7095 941 8520</p>
</text>
<copyright>(c) Reuters Limited 1997</copyright>
<metadata>
<codes class="bip:countries:1.0">
  <code code="RUSS">
    <editdetail attribution="Reuters BIP Coding Group" action="confirmed" date="1997-04-15"/>
  </code>
</codes>
<codes class="bip:industries:1.0">
  <code code="I42100">
    <editdetail attribution="Reuters BIP Coding Group" action="confirmed" date="1997-04-15"/>
  </code>
</codes>
<codes class="bip:topics:1.0">
  <code code="C13">
    <editdetail attribution="Reuters BIP Coding Group" action="confirmed" date="1997-04-15"/>
  </code>
  <code code="C31">
    <editdetail attribution="Reuters BIP Coding Group" action="confirmed" date="1997-04-15"/>
  </code>
  <code code="CCAT">
    <editdetail attribution="Reuters BIP Coding Group" action="confirmed" date="1997-04-15"/>
  </code>
</codes>
<dc element="dc.date.created" value="1997-04-14"/>
<dc element="dc.publisher" value="Reuters Holdings Plc"/>
<dc element="dc.date.published" value="1997-04-15"/>
<dc element="dc.source" value="Reuters"/>
<dc element="dc.creator.location" value="MOSCOW"/>
<dc element="dc.creator.location.country.name" value="RUSSIA"/>
<dc element="dc.source" value="Reuters"/>
</metadata>
</newsitem>
