<?xml version="1.0" encoding="iso-8859-1" ?>
<newsitem itemid="508900" id="root" date="1997-04-15" xml:lang="en">
<title>BELARUS: Udovenko slams &quot;anti-Ukraine campaign&quot; in U.S.</title>
<headline>Udovenko slams &quot;anti-Ukraine campaign&quot; in U.S.</headline>
<byline>Larisa Sayenko</byline>
<dateline>MINSK 1997-04-15</dateline>
<text>
<p>Ukraine hit back on Tuesday at criticism in the United States of its treatment of investors and progress with reforms, saying a campaign was being waged against the former Soviet republic.</p>
<p>Ukrainian Foreign Minister Hennady Udovenko, on a visit to Belarus to initial a border deal, also accused Washington of overreacting by asking Kiev to waive diplomatic immunity for the wife of a diplomat charged with drunk driving.</p>
<p>&quot;We put pressure on an American businessman who did not pay his taxes and he ran to a senator. Now an anti-Ukrainian campaign is being waged, saying Ukraine insults U.S. businessmen,&quot; Foreign Minister Hennady Udovenko told a news briefing during a visit to neighbouring Belarus.</p>
<p>&quot;I do not know who gains from slandering Ukraine. Opinion is really being forced without concrete facts,&quot; he added, without saying who in particular was opposing Ukraine.</p>
<p>Udovenko was also asked about the case of Olesy Yarotskiy, 45, wife of the Ukrainian embassy's second secretary in Washington who failed a breathalyser test after her car hit a second car and pushed it into a third vehicle late on Saturday.</p>
<p>&quot;A diplomat's wife got a bit tight and got behind the wheel. There are stories like that about foreign diplomats in Kiev every day, but we don't tell the whole world about it,&quot; he said.</p>
<p>Officials in Washington who decide how money is spent in newly independent states have expressed concern that reforms could be at risk in Ukraine.</p>
<p>They are also worried about reports in the media about U.S. business people coming under pressure -- even stretching to violence -- as they conduct their operations.</p>
<p>Washington, keen to keep Ukraine reforming, the former Soviet Union stable and Kiev independent, has supported Ukraine at international lending bodies. The country has received more than a billion dollars since it broke free from Moscow in 1991.</p>
<p>Ukraine is also due to receive $675 million in U.S. bilateral aid this year to support reforms, agriculture and the destruction of former Soviet missile bases.</p>
<p>But diplomats say reforms have stalled so badly that Ukraine's status as the third largest recipient of U.S. cash after Israel and Egypt could be at risk.</p>
<p>Ukraine's conservative-dominated parliament has failed to pass a budget for this year and a stringent tax reform package underpinning it which would have reduced corruption.</p>
<p>Richard Morningstar, an aide to President Bill Clinton, said this month &quot;tough messages&quot; had to be given to Ukraine &quot;with respect to the need for reforms to continue and for corruption to be cleaned up&quot; though he did not say aid should be cut.</p>
<p>U.S. embassy notes from a meeting he attended on April 9 of the House Subcommittee on Foreign Operations quoted one member of the committee as saying at least half the aid should be tied to big progress in tackling corruption.</p>
<p>Udovenko did not deny that there was corruption among officials -- a fact widely accepted even by senior ministers -- but made clear he thought the Americans were overreacting.</p>
<p>&quot;I tell the Americans -- you have forgotten the end of the 1920s and the start of the 1930s, when money was laundered in America. Mafia is not an Ukrainian word,&quot; he said.</p>
<p>A new foreign investment body whose creation was decreed by President Leonid Kuchma on Tuesday was designed in part to reduce corruption.</p>
</text>
<copyright>(c) Reuters Limited 1997</copyright>
<metadata>
<codes class="bip:countries:1.0">
  <code code="UKRN">
    <editdetail attribution="Reuters BIP Coding Group" action="confirmed" date="1997-04-15"/>
  </code>
  <code code="USA">
    <editdetail attribution="Reuters BIP Coding Group" action="confirmed" date="1997-04-15"/>
  </code>
</codes>
<codes class="bip:topics:1.0">
  <code code="GCAT">
    <editdetail attribution="Reuters BIP Coding Group" action="confirmed" date="1997-04-15"/>
  </code>
  <code code="GDIP">
    <editdetail attribution="Reuters BIP Coding Group" action="confirmed" date="1997-04-15"/>
  </code>
</codes>
<dc element="dc.date.created" value="1997-04-15"/>
<dc element="dc.publisher" value="Reuters Holdings Plc"/>
<dc element="dc.date.published" value="1997-04-15"/>
<dc element="dc.source" value="Reuters"/>
<dc element="dc.creator.location" value="MINSK"/>
<dc element="dc.creator.location.country.name" value="BELARUS"/>
<dc element="dc.source" value="Reuters"/>
</metadata>
</newsitem>
