<?xml version="1.0" encoding="iso-8859-1" ?>
<newsitem itemid="508905" id="root" date="1997-04-15" xml:lang="en">
<title>BOSNIA: Police investigate mines planted on Papal route.</title>
<headline>Police investigate mines planted on Papal route.</headline>
<dateline>SARAJEVO 1997-04-15</dateline>
<text>
<p>Bosnian security forces questioned 20 people but have not yet charged anyone in connection with explosives planted along the route taken by Pope John Paul II in Sarajevo, police said on Tuesday.</p>
<p>Police dismantled 23 anti-tank mines and plastic explosives last Saturday under a main boulevard shortly before the Pope arrived in Sarajevo.</p>
<p>Authorities were investigating &quot;two groups&quot; as possible perpetrators, Mehmed Zilic, Moslem-Croat federation interior minister, told a news conference.</p>
<p>Zilic said he could not give details.</p>
<p>&quot;This must have been done by special (military) forces because very few people can handle such devices,&quot; he said.</p>
<p>The mines were connected to a detonator and a remote control walkie-talkie, allowing the explosives to be detonated at a distance of up to 1,000 metres (yards), Zilic said.</p>
<p>Zilic said the interior ministry had not ruled out the possibility that the bombing of a Roman Catholic church in Sarajevo last month may have been linked to the explosives found on Saturday.</p>
<p>The bomb that detonated at the back door of the church on March 4 had a clock mechanism, Zilic said.</p>
<p>Authorities found the explosives after receiving a tip from a guard at a nearby building. The guard reported seeing a man in boots with a shovel walking away from the bridge on Mesa Selimovic boulevard.</p>
<p>&quot;We suspect that this person spotted was connecting the mines and setting up the detonator,&quot; Zilic said.</p>
<p>Police had also found footprints from an army boot, he said.</p>
<p>The interior ministry insisted its security precautions for the Papal trip had proved effective and rejected criticism from U.N. police monitors.</p>
<p>A spokesman for the United Nations mission said on Monday that it was &quot;extremely worrying&quot; that local police had failed to detect the explosives through its own security measures.</p>
</text>
<copyright>(c) Reuters Limited 1997</copyright>
<metadata>
<codes class="bip:countries:1.0">
  <code code="BSHZG">
    <editdetail attribution="Reuters BIP Coding Group" action="confirmed" date="1997-04-15"/>
  </code>
</codes>
<codes class="bip:topics:1.0">
  <code code="GCAT">
    <editdetail attribution="Reuters BIP Coding Group" action="confirmed" date="1997-04-15"/>
  </code>
  <code code="GCRIM">
    <editdetail attribution="Reuters BIP Coding Group" action="confirmed" date="1997-04-15"/>
  </code>
  <code code="GREL">
    <editdetail attribution="Reuters BIP Coding Group" action="confirmed" date="1997-04-15"/>
  </code>
  <code code="GVIO">
    <editdetail attribution="Reuters BIP Coding Group" action="confirmed" date="1997-04-15"/>
  </code>
</codes>
<dc element="dc.date.created" value="1997-04-15"/>
<dc element="dc.publisher" value="Reuters Holdings Plc"/>
<dc element="dc.date.published" value="1997-04-15"/>
<dc element="dc.source" value="Reuters"/>
<dc element="dc.creator.location" value="SARAJEVO"/>
<dc element="dc.creator.location.country.name" value="BOSNIA"/>
<dc element="dc.source" value="Reuters"/>
</metadata>
</newsitem>
