<?xml version="1.0" encoding="iso-8859-1" ?>
<newsitem itemid="508925" id="root" date="1997-04-15" xml:lang="en">
<title>CZECH REPUBLIC: Czech CNB-120 index falls 4.2 points to 780.8 pts.</title>
<headline>Czech CNB-120 index falls 4.2 points to 780.8 pts.</headline>
<dateline>PRAGUE 1997-04-15</dateline>
<text>
<p>The CNB-120 index, a broad daily measure of Czech equities, fell 4.2 points, or 0.54 percent, on Tuesday to 780.8, the Czech National Bank (CNB) said.</p>
<p>Eigth of the ten sectoral indices lost, with the trade index losing the most, down 4.5 points, or 1.80 percent, to 245 points.</p>
<p>-- Prague Newsroom, 420-2-2423-0003</p>
</text>
<copyright>(c) Reuters Limited 1997</copyright>
<metadata>
<codes class="bip:countries:1.0">
  <code code="CZREP">
    <editdetail attribution="Reuters BIP Coding Group" action="confirmed" date="1997-04-15"/>
  </code>
</codes>
<codes class="bip:topics:1.0">
  <code code="M11">
    <editdetail attribution="Reuters BIP Coding Group" action="confirmed" date="1997-04-15"/>
  </code>
  <code code="MCAT">
    <editdetail attribution="Reuters BIP Coding Group" action="confirmed" date="1997-04-15"/>
  </code>
</codes>
<dc element="dc.date.created" value="1997-04-15"/>
<dc element="dc.publisher" value="Reuters Holdings Plc"/>
<dc element="dc.date.published" value="1997-04-15"/>
<dc element="dc.source" value="Reuters"/>
<dc element="dc.creator.location" value="PRAGUE"/>
<dc element="dc.creator.location.country.name" value="CZECH REPUBLIC"/>
<dc element="dc.source" value="Reuters"/>
</metadata>
</newsitem>
