<?xml version="1.0" encoding="iso-8859-1" ?>
<newsitem itemid="508941" id="root" date="1997-04-15" xml:lang="en">
<title>RUSSIA: Russian MinFins firm after U.S. CPI data.</title>
<headline>Russian MinFins firm after U.S. CPI data.</headline>
<dateline>MOSCOW 1997-04-15</dateline>
<text>
<p>Russian MinFin bonds firmed on Tuesday on a smaller-than-expected rise in the U.S. March consumer price index, which eased market fears of a U.S. interest rate hike, dealers said.</p>
<p>They said the market ignored earlier news about Russia's plans to issue another Eurobond in the near future.</p>
<p>MinFins closely track Brady Bonds and other emerging market debt. Fears of a possible U.S. interest rate rise in May have pressured emerging market prices.</p>
<p>			tranche   Apr 15		   Apr 14</p>
<p>    1999 maturity   (3)     84.50-84.80	   84.50-84.80</p>
<p>    2003 maturity   (4)     60.10-60.40	   59.85-60.15</p>
<p>    2008 maturity   (5)     41.10-41.40	   40.90-41.20</p>
<p>    2006 maturity   (6)     47.20-47.50	   46.85-47.15</p>
<p>    2011 maturity   (7)     36.65-36.85	   36.30-36.60</p>
<p>The U.S. Labor Department said the Consumer Price Index (CPI) rose 0.1 percent in March, below forecasts of 0.2 percent and below a 0.3 percent increase in February.</p>
<p>First Deputy Prime Minister Anatoly Chubais said on Tuesday Russia planned to return to international capital markets soon with a dollar Eurobond. The bond, running for at least five years, would be issued through SBC Warburg and JP Morgan.</p>
<p>&quot;The market saw CPI data as positive and prices firmed 0.15-0.20 points at average,&quot; an ICFI Moscow Partners Bank dealer said. &quot;But it does not imply an upward trend has begun, it seems just a correction.&quot;</p>
<p>Dealers said no impact had been seen earlier on the market on Russia's Eurobond plans as the MinFins, like other emerging markets, are bound to track U.S. Treasuries moves.</p>
<p>&quot;The day was quiet until (U.S.) CPI figures,&quot; one dealer said. &quot;There was no reaction on Eurobonds, as what is more important for the market is what they are going to do with interest rates in the U.S.&quot;</p>
<p>--Artyom Danielyan, Moscow Newsroom (095) 941 8520</p>
</text>
<copyright>(c) Reuters Limited 1997</copyright>
<metadata>
<codes class="bip:countries:1.0">
  <code code="RUSS">
    <editdetail attribution="Reuters BIP Coding Group" action="confirmed" date="1997-04-15"/>
  </code>
</codes>
<codes class="bip:topics:1.0">
  <code code="M12">
    <editdetail attribution="Reuters BIP Coding Group" action="confirmed" date="1997-04-15"/>
  </code>
  <code code="MCAT">
    <editdetail attribution="Reuters BIP Coding Group" action="confirmed" date="1997-04-15"/>
  </code>
</codes>
<dc element="dc.date.created" value="1997-04-15"/>
<dc element="dc.publisher" value="Reuters Holdings Plc"/>
<dc element="dc.date.published" value="1997-04-15"/>
<dc element="dc.source" value="Reuters"/>
<dc element="dc.creator.location" value="MOSCOW"/>
<dc element="dc.creator.location.country.name" value="RUSSIA"/>
<dc element="dc.source" value="Reuters"/>
</metadata>
</newsitem>
