<?xml version="1.0" encoding="iso-8859-1" ?>
<newsitem itemid="508933" id="root" date="1997-04-15" xml:lang="en">
<title>ALBANIA: Alabian port springs to life as troops land.</title>
<headline>Alabian port springs to life as troops land.</headline>
<byline>Jude Webber</byline>
<dateline>DURRES, Albania 1997-04-15</dateline>
<text>
<p>On the seafront just beyond the gates of Albania's main port is a huge Stalinist era statue of a soldier with his rifle aloft, looking out to sea.</p>
<p>His gaze seemed to focuson a flotilla of grey warships on the horizon as &quot;D-Day&quot; dawned on Tuesday and a multinational security force for the troubled Balkan state began to deploy.</p>
<p>First to land were 450 French troops whose ship docked in the dilapidated port of Durres at 7 a.m. (0500 GMT), an hour after the end of Albania's dusk-to-dawn curfew.</p>
<p>The port, 40 km (25 miles) west of the capital Tirana, stood idle last month when chaos spread across Albania and only recently reopened.</p>
<p>&quot;It's pretty impressive,&quot; said Pjeter Jame, a teacher from Tirana who made a special trip to Durres to watch the landing of the Italian-led force. Its job will be to secure aid convoys.</p>
<p>Beggars, a common sight on the streets of Europe's poorest country, were more interested in the pack of reporters.</p>
<p>While French troops unloaded their tanks and trucks, an Italian amphibious assault ship moored alongside and paratroopers in red berets marched off.</p>
<p>Several hours later, the first of 350 Spanish troops disembarked from two ships and gathered on the docks, their rucksacks heaped besides them, looking a little forlorn as they awaited orders.</p>
<p>Outside the gates of Durres port, the start of the long-awaited &quot;Operation Alba&quot; drew a small crowd. The mission's name means &quot;dawn&quot; in Italian.</p>
<p>A couple of bystanders leaned against bicycles observing the bustle as Albanian police waved cars to a halt to let a troop convoy pass. One elderly man who served in the Albanian navy for 25 years put on his old black uniform for the occasion.</p>
<p>&quot;They can stay as long as they like,&quot; said Ali Velci as he headed for a commercial ferry bound for Italy, where he has a job. &quot;I'm very happy. Albania needs a lot of help.&quot;</p>
<p>On the quayside next to the ship, where Italy's 200 troops were unloading, a private consignment of sacks of flour was being winched into trucks from a rusting Albanian ship.</p>
<p>&quot;There's nothing for all these soldiers to do,&quot; said one lorry driver who declined to be named. &quot;Maybe it would have been better to send them to the south.&quot;</p>
<p>Apart from the armed police check-points at the entry to Durres, city life seemed normal. But bullet holes in the window of a deserted shop were a reminder of the mayhem that swept the country at the end of February after the collapse of dubious savings schemes with the life savings of countless Albanians.</p>
<p>The security mission has no mandate to repossess rifles looted from army depots at the height of the insurrection and southern Albania, still largely in the hands of anti-government rebels, remains potentially risky bandit country.</p>
<p>Frederic, a French solider just back from Sarajevo, said he was not looking for action in Albania. He was more worried about where he could buy a radio. The camp the French will stay in outside Durres is in bad shape with no water or electricity.</p>
<p>&quot;I think we're going to get bored,&quot; he said.</p>
</text>
<copyright>(c) Reuters Limited 1997</copyright>
<metadata>
<codes class="bip:countries:1.0">
  <code code="ALB">
    <editdetail attribution="Reuters BIP Coding Group" action="confirmed" date="1997-04-15"/>
  </code>
  <code code="FRA">
    <editdetail attribution="Reuters BIP Coding Group" action="confirmed" date="1997-04-15"/>
  </code>
  <code code="ITALY">
    <editdetail attribution="Reuters BIP Coding Group" action="confirmed" date="1997-04-15"/>
  </code>
  <code code="SPAIN">
    <editdetail attribution="Reuters BIP Coding Group" action="confirmed" date="1997-04-15"/>
  </code>
</codes>
<codes class="bip:topics:1.0">
  <code code="GCAT">
    <editdetail attribution="Reuters BIP Coding Group" action="confirmed" date="1997-04-15"/>
  </code>
  <code code="GDEF">
    <editdetail attribution="Reuters BIP Coding Group" action="confirmed" date="1997-04-15"/>
  </code>
  <code code="GDIP">
    <editdetail attribution="Reuters BIP Coding Group" action="confirmed" date="1997-04-15"/>
  </code>
  <code code="GPOL">
    <editdetail attribution="Reuters BIP Coding Group" action="confirmed" date="1997-04-15"/>
  </code>
  <code code="GVIO">
    <editdetail attribution="Reuters BIP Coding Group" action="confirmed" date="1997-04-15"/>
  </code>
</codes>
<dc element="dc.date.created" value="1997-04-15"/>
<dc element="dc.publisher" value="Reuters Holdings Plc"/>
<dc element="dc.date.published" value="1997-04-15"/>
<dc element="dc.source" value="Reuters"/>
<dc element="dc.creator.location" value="DURRES, Albania"/>
<dc element="dc.creator.location.country.name" value="ALBANIA"/>
<dc element="dc.source" value="Reuters"/>
</metadata>
</newsitem>
