<?xml version="1.0" encoding="iso-8859-1" ?>
<newsitem itemid="508976" id="root" date="1997-04-15" xml:lang="en">
<title>HUNGARY: Hungary budget gap rise was expected - ministry.</title>
<headline>Hungary budget gap rise was expected - ministry.</headline>
<dateline>BUDAPEST 1997-04-15</dateline>
<text>
<p>A substantial rise in Hungary's central state budget deficit in March is seasonal and in line with the government's expectations, the Finance Ministry said on Tuesday.</p>
<p>The central state budget deficit, announced earlier on Tuesday, more than doubled to 113.1 billion forints in March from 46.8 billion forints in February. The deficit target for 1997 is 309.7 billion forints.</p>
<p>&quot;The central budget is running as expected,&quot; deputy secretary of state Csaba Laszlo told a news conference.</p>
<p>The Finance Ministry said the larger than average March deficit was mainly due to the seasonal impact of increased debt service expenditures.</p>
<p>Laszlo said he expected the deficit to widen by only 15 to 20 billion forints in April, compared with 66.8 billion forints in March.</p>
<p>The central state budget is a sub-system of the general government budget, which also includes the social security and government funds.</p>
<p>Laszlo said the government funds, which target a total deficit of 14.8 billion forints for 1997, posted a surplus of 13.1 billion forints in March.</p>
<p>But the social security gap was estimated between 15 and 20 billion forints in March, compared with the 13.5 billion target for the whole year, he added.</p>
<p>Laszlo said the Finance Ministry was in talks with the social security funds about potential measures to keep the deficit at the target.</p>
<p>-- Sandor Peto, Budapest newsroom (36 1) 327 4040</p>
</text>
<copyright>(c) Reuters Limited 1997</copyright>
<metadata>
<codes class="bip:countries:1.0">
  <code code="HUNG">
    <editdetail attribution="Reuters BIP Coding Group" action="confirmed" date="1997-04-15"/>
  </code>
</codes>
<codes class="bip:topics:1.0">
  <code code="E21">
    <editdetail attribution="Reuters BIP Coding Group" action="confirmed" date="1997-04-15"/>
  </code>
  <code code="E211">
    <editdetail attribution="Reuters BIP Coding Group" action="confirmed" date="1997-04-15"/>
  </code>
  <code code="ECAT">
    <editdetail attribution="Reuters BIP Coding Group" action="confirmed" date="1997-04-15"/>
  </code>
</codes>
<dc element="dc.date.created" value="1997-04-15"/>
<dc element="dc.publisher" value="Reuters Holdings Plc"/>
<dc element="dc.date.published" value="1997-04-15"/>
<dc element="dc.source" value="Reuters"/>
<dc element="dc.creator.location" value="BUDAPEST"/>
<dc element="dc.creator.location.country.name" value="HUNGARY"/>
<dc element="dc.source" value="Reuters"/>
</metadata>
</newsitem>
