<?xml version="1.0" encoding="iso-8859-1" ?>
<newsitem itemid="508913" id="root" date="1997-04-15" xml:lang="en">
<title>SLOVAKIA: Slovak SAX index falls on broader issues losses.</title>
<headline>Slovak SAX index falls on broader issues losses.</headline>
<dateline>BRATISLAVA 1997-04-15</dateline>
<text>
<p>Slovak blue chips, hit hard in recent days, stabilised on the Bratislava Stock Exchange on Tuesday, but losses to several broader pharmaceutical issues pulled the 16-share SAX index down 4.8 points to 197.08.</p>
<p>Slovakofarma fell 670 crowns to 4,200 and Biotika lost 145 crowns to close at 755, while major issues Slovnaft and VSZ steel were unchanged.</p>
<p>&quot;Foreign investors, who helped to keep the prices at these issues over last few weeks, have fulfilled their buy orders and have abandoned the market for a while,&quot; said Libor Briska of Creditanstalt.</p>
<p>He added current general downturn in the market, however, should not hurt larger issues such as Slovnaft and VSZ in the near future.</p>
<p>&quot;We will maybe see a correction of a few crowns, in these (issues), but I don't expect any serious decline there,&quot; he said.</p>
<p>Overall volume decreased to 195,174 shares, from 322,626 shares traded on Monday, while turnover fell to 77.35 million crowns, from 102.96 million.</p>
</text>
<copyright>(c) Reuters Limited 1997</copyright>
<metadata>
<codes class="bip:countries:1.0">
  <code code="SLVAK">
    <editdetail attribution="Reuters BIP Coding Group" action="confirmed" date="1997-04-15"/>
  </code>
</codes>
<codes class="bip:topics:1.0">
  <code code="M11">
    <editdetail attribution="Reuters BIP Coding Group" action="confirmed" date="1997-04-15"/>
  </code>
  <code code="MCAT">
    <editdetail attribution="Reuters BIP Coding Group" action="confirmed" date="1997-04-15"/>
  </code>
</codes>
<dc element="dc.date.created" value="1997-04-15"/>
<dc element="dc.publisher" value="Reuters Holdings Plc"/>
<dc element="dc.date.published" value="1997-04-15"/>
<dc element="dc.source" value="Reuters"/>
<dc element="dc.creator.location" value="BRATISLAVA"/>
<dc element="dc.creator.location.country.name" value="SLOVAKIA"/>
<dc element="dc.source" value="Reuters"/>
</metadata>
</newsitem>
