<?xml version="1.0" encoding="iso-8859-1" ?>
<newsitem itemid="508903" id="root" date="1997-04-15" xml:lang="en">
<title>RUSSIA: Russia's Murmansk Shipping to sell 23.5 pct May 16.</title>
<headline>Russia's Murmansk Shipping to sell 23.5 pct May 16.</headline>
<dateline>MOSCOW 1997-04-15</dateline>
<text>
<p>Russia's Murmansk Shipping Company will offer 23.5 percent of its shares in an investment tender on May 16, the Russian Federal Property Fund said on Tuesday.</p>
<p>No further details of the tender were available.</p>
<p>--Moscow Newsroom, +7095 941 8520</p>
</text>
<copyright>(c) Reuters Limited 1997</copyright>
<metadata>
<codes class="bip:countries:1.0">
  <code code="RUSS">
    <editdetail attribution="Reuters BIP Coding Group" action="confirmed" date="1997-04-15"/>
  </code>
</codes>
<codes class="bip:industries:1.0">
  <code code="I74000">
    <editdetail attribution="Reuters BIP Coding Group" action="confirmed" date="1997-04-15"/>
  </code>
</codes>
<codes class="bip:topics:1.0">
  <code code="C18">
    <editdetail attribution="Reuters BIP Coding Group" action="confirmed" date="1997-04-15"/>
  </code>
  <code code="C181">
    <editdetail attribution="Reuters BIP Coding Group" action="confirmed" date="1997-04-15"/>
  </code>
  <code code="CCAT">
    <editdetail attribution="Reuters BIP Coding Group" action="confirmed" date="1997-04-15"/>
  </code>
</codes>
<dc element="dc.date.created" value="1997-04-15"/>
<dc element="dc.publisher" value="Reuters Holdings Plc"/>
<dc element="dc.date.published" value="1997-04-15"/>
<dc element="dc.source" value="Reuters"/>
<dc element="dc.creator.location" value="MOSCOW"/>
<dc element="dc.creator.location.country.name" value="RUSSIA"/>
<dc element="dc.source" value="Reuters"/>
</metadata>
</newsitem>
