<?xml version="1.0" encoding="iso-8859-1" ?>
<newsitem itemid="508972" id="root" date="1997-04-15" xml:lang="en">
<title>CROATIA: Croatian stocks mixed, new gains for blue chips.</title>
<headline>Croatian stocks mixed, new gains for blue chips.</headline>
<dateline>ZAGREB 1997-04-15</dateline>
<text>
<p>Croatian stocks closed mixed with new gains among blue chips on Tuesday amid renewed investor interest.</p>
<p>* Six of 19 active issues rose, seven fell, five were flat and one traded for the first time.</p>
<p>* Volume rose to 30,580 units and turnover to 21 million kuna from last Friday's 17 million.</p>
<p>* Chocolate maker Kras was top gainer, rising 4.77 percent to 461 kuna on volume of 801 shares.</p>
<p>* Textile firm Varteks, dipping 10.9 percent with 100 shares sold, led decliners.</p>
<p>* Podravka food concern was the most actively traded issue with 3,310 shares, closing one kuna lower at 308 kuna.</p>
<p>* New entry on the parallel bourse list Mednik, an agricultural firm, sold 18,833 units in what looked like two pre-arranged deals. It closed at 714.96 kuna. -- Zagreb Newsroom, 385-1-4557075</p>
</text>
<copyright>(c) Reuters Limited 1997</copyright>
<metadata>
<codes class="bip:countries:1.0">
  <code code="CRTIA">
    <editdetail attribution="Reuters BIP Coding Group" action="confirmed" date="1997-04-15"/>
  </code>
</codes>
<codes class="bip:topics:1.0">
  <code code="M11">
    <editdetail attribution="Reuters BIP Coding Group" action="confirmed" date="1997-04-15"/>
  </code>
  <code code="MCAT">
    <editdetail attribution="Reuters BIP Coding Group" action="confirmed" date="1997-04-15"/>
  </code>
</codes>
<dc element="dc.date.created" value="1997-04-15"/>
<dc element="dc.publisher" value="Reuters Holdings Plc"/>
<dc element="dc.date.published" value="1997-04-15"/>
<dc element="dc.source" value="Reuters"/>
<dc element="dc.creator.location" value="ZAGREB"/>
<dc element="dc.creator.location.country.name" value="CROATIA"/>
<dc element="dc.source" value="Reuters"/>
</metadata>
</newsitem>
