<?xml version="1.0" encoding="iso-8859-1" ?>
<newsitem itemid="508992" id="root" date="1997-04-15" xml:lang="en">
<title>SLOVENIA: Slovenian shares ease on back of bank SKB.</title>
<headline>Slovenian shares ease on back of bank SKB.</headline>
<dateline>LJUBLJANA 1997-04-15</dateline>
<text>
<p>Slovenian shares eased on Tuesday, pulled down by a fall in SKB bank, and traders forecast shares would remain range-bound over the short term.</p>
<p>* The SBI index fell 8.92 points to 1,334.94.</p>
<p>* Overall nine shares fell and seven rose, while 11 were untraded.</p>
<p>* SKB had the highest turnover, falling 0.89 percent to 50,000 tolars on volume of 491 shares for total turnover of 24.6 million tolars.</p>
<p>-- Ljubljana newsroom, 386-61-125-8439</p>
</text>
<copyright>(c) Reuters Limited 1997</copyright>
<metadata>
<codes class="bip:countries:1.0">
  <code code="SLVNIA">
    <editdetail attribution="Reuters BIP Coding Group" action="confirmed" date="1997-04-15"/>
  </code>
</codes>
<codes class="bip:topics:1.0">
  <code code="M11">
    <editdetail attribution="Reuters BIP Coding Group" action="confirmed" date="1997-04-15"/>
  </code>
  <code code="MCAT">
    <editdetail attribution="Reuters BIP Coding Group" action="confirmed" date="1997-04-15"/>
  </code>
</codes>
<dc element="dc.date.created" value="1997-04-15"/>
<dc element="dc.publisher" value="Reuters Holdings Plc"/>
<dc element="dc.date.published" value="1997-04-15"/>
<dc element="dc.source" value="Reuters"/>
<dc element="dc.creator.location" value="LJUBLJANA"/>
<dc element="dc.creator.location.country.name" value="SLOVENIA"/>
<dc element="dc.source" value="Reuters"/>
</metadata>
</newsitem>
