<?xml version="1.0" encoding="iso-8859-1" ?>
<newsitem itemid="508984" id="root" date="1997-04-15" xml:lang="en">
<title>LATVIA: Latvia shares volume slips, Daugavpils gains.</title>
<headline>Latvia shares volume slips, Daugavpils gains.</headline>
<dateline>RIGA 1997-04-15</dateline>
<text>
<p>Latvian stock volumes slipped on Tuesday amid slow trade although Daugavpils Chain factory again advanced ahead of a shareholders' meeting, dealers said.</p>
<p>Turnover came to 116,000 lats against 129,000 lats and the Rietumu index closed down 1.69 percent at 195.49.</p>
<p>&quot;This was a calm day, in line with April's trend towards stagnation,&quot; Parex Bank dealer Leonid Ruderman said.</p>
<p>&quot;I would also link it to current T-bill rates and the remarks of the finance minister about possible rises (in T-bill rates),&quot; he added.</p>
<p>If people are expecting T-bills rates to rise, they will be less eager to trade shares, he added.</p>
<p>Daugavpils Chain was the most traded stock on volume of 42,800 lats as it added five santimes to 2.65 lats.</p>
<p>&quot;Daugavpils is fluctuating and will come to its actual price after the shareholders' meeting,&quot; Ruderman said. The company's shareholders meeting is on April 18.</p>
<p>Official list's Unibanka and Riga Transport Fleet were also in demand on volume of 21,600 and 19,500 lats respectively. Unibanka was stable at 3.80 lats and RTF slipped to 1.58 lats from 1.61 lats.</p>
<p>Valmiera and Lode Brick, both active secondary list shares, maintained recent fluctuations and slipped.</p>
<p>Valmiera saw 7,400 lats of shares traded as it closed down at 1.62 lats from 1.79 lats while Lode dropped to 2.48 from 2.60 lats on a small volume of 300 lats.</p>
<p>&quot;It (Valmiera) could be explained by one rather big shareholder being in need of funds... its price may go up from this level,&quot; Dmitri Krutik, Rietumu Bank trader, said in his daily statement on the market's activity.</p>
<p>Elsewhere on the official list, Staburadze advanced five santimes to 2.66 lats on volume of 6,700 lats.</p>
<p>Roja fish cannery registered business worth 4,500 lats as it lost one santime to 2.82 lats.</p>
<p>Kaija, ready to join the official list soon after April 20, maintained its rise, adding another two santimes to 2.56 lats. It had volume of 2,000 lats.</p>
<p>Rigas Alus remained stable at 1.70 lats and traded 2,000 lats while finished two santimes down at 0.60 santimes on volume of 1,600 lats.</p>
<p>-- Martinsh Gravitis, Riga Newsroom +371 721 5240</p>
</text>
<copyright>(c) Reuters Limited 1997</copyright>
<metadata>
<codes class="bip:countries:1.0">
  <code code="LATV">
    <editdetail attribution="Reuters BIP Coding Group" action="confirmed" date="1997-04-15"/>
  </code>
</codes>
<codes class="bip:topics:1.0">
  <code code="M11">
    <editdetail attribution="Reuters BIP Coding Group" action="confirmed" date="1997-04-15"/>
  </code>
  <code code="MCAT">
    <editdetail attribution="Reuters BIP Coding Group" action="confirmed" date="1997-04-15"/>
  </code>
</codes>
<dc element="dc.date.created" value="1997-04-15"/>
<dc element="dc.publisher" value="Reuters Holdings Plc"/>
<dc element="dc.date.published" value="1997-04-15"/>
<dc element="dc.source" value="Reuters"/>
<dc element="dc.creator.location" value="RIGA"/>
<dc element="dc.creator.location.country.name" value="LATVIA"/>
<dc element="dc.source" value="Reuters"/>
</metadata>
</newsitem>
