<?xml version="1.0" encoding="iso-8859-1" ?>
<newsitem itemid="508910" id="root" date="1997-04-15" xml:lang="en">
<title>YUGOSLAVIA: Yugoslav airlines JAT, Airbus discuss cooperation.</title>
<headline>Yugoslav airlines JAT, Airbus discuss cooperation.</headline>
<dateline>BELGRADE 1997-04-15</dateline>
<text>
<p>Yugoslav airlines Jugoslovenski aerotransport held talks with representatives of Airbus Industrie on Tuesday on possibilities for renewing JAT's fleet with Airbus planes.</p>
<p>At the meeting, the European aircraft manufacturer presented its offer of planes from the A320 series, JAT said in a press release faxed to Reuters.</p>
<p>In June last year, Airbus organised a promotion flight in Yugoslavia of its A319 aircraft.</p>
<p>&quot;Renewal of the national carrier's fleet is linked with marketing the Yugoslav economy's potential in the world through compensation programmes as a means of payment for the planes,&quot; JAT said.</p>
<p>A decision on the choice of aircraft will be made by the end of the year after offers from both European and U.S. manufacturers whose planes are already in JAT's fleet are reviewed.</p>
<p>JAT last year announced plans to rejuvenate its fleet and said it was negotiating with Airbus, Boeing Co and McDonnell Douglas Corp, but that a decision depended on favourable credit conditions and on part of the deals being covered through compensation contracts with Yugoslav companies.</p>
<p>The Yugoslav carrier's current fleet of some 30 aircraft includes mainly DC9s, Boeing 727s and 737s and ATR 72s. Several aircraft are on lease to foreign companies. -- Amra Kevic, Belgrade newsroom +381 11 222 4305</p>
</text>
<copyright>(c) Reuters Limited 1997</copyright>
<metadata>
<codes class="bip:countries:1.0">
  <code code="YUG">
    <editdetail attribution="Reuters BIP Coding Group" action="confirmed" date="1997-04-15"/>
  </code>
</codes>
<codes class="bip:industries:1.0">
  <code code="I36400">
    <editdetail attribution="Reuters BIP Coding Group" action="confirmed" date="1997-04-15"/>
  </code>
  <code code="I3640010">
    <editdetail attribution="Reuters BIP Coding Group" action="confirmed" date="1997-04-15"/>
  </code>
  <code code="I75000">
    <editdetail attribution="Reuters BIP Coding Group" action="confirmed" date="1997-04-15"/>
  </code>
</codes>
<codes class="bip:topics:1.0">
  <code code="C33">
    <editdetail attribution="Reuters BIP Coding Group" action="confirmed" date="1997-04-15"/>
  </code>
  <code code="CCAT">
    <editdetail attribution="Reuters BIP Coding Group" action="confirmed" date="1997-04-15"/>
  </code>
</codes>
<dc element="dc.date.created" value="1997-04-15"/>
<dc element="dc.publisher" value="Reuters Holdings Plc"/>
<dc element="dc.date.published" value="1997-04-15"/>
<dc element="dc.source" value="Reuters"/>
<dc element="dc.creator.location" value="BELGRADE"/>
<dc element="dc.creator.location.country.name" value="YUGOSLAVIA"/>
<dc element="dc.source" value="Reuters"/>
</metadata>
</newsitem>
