<?xml version="1.0" encoding="iso-8859-1" ?>
<newsitem itemid="508965" id="root" date="1997-04-15" xml:lang="en">
<title>POLAND: Polish shares rise, eye Wall Street for clues.</title>
<headline>Polish shares rise, eye Wall Street for clues.</headline>
<dateline>WARSAW 1997-04-15</dateline>
<text>
<p>Polish shares rebounded after a three-session fall on Tuesday, following Monday's Wall Street gains, and analysts said investors were likely to keep watching the U.S. market before making their investment decisions.</p>
<p>The main market's WIG index rose 1.2 percent, to 16,038.5, and turnover rose 8.4 percent to 174.4 million zlotys ($58 million) on all three markets as 53 issues rose, 15 fell and 25 were flat.</p>
<p>&quot;Our market keeps imitating Dow Jones as our investors act on expectations of large foreign investor decisions,&quot; said Cezary Markiewicz, an analyst at Bank Gdanski brokerage.</p>
<p>Analysts said March 0.8 percent month-on-month inflation, realeased on Tuesday, was lower than expected, but said it was likely to have an effect on the market only in the longer-term seeing a rate-cut no sooner than in the second half of 1997.</p>
<p>Some analysts said the Warsaw bourse was unlikely to experience strong gains at least in the next few weeks due to current and forthcoming large and attractive primary market offers and expected a horizontal trend or falls.</p>
<p>The paper firm Celuloza Swiecie SA's primary market offer of at least 112.5 million zlotys ($37.5 million) started on Tuesday and the metals trader Impexmetal SA will offer at least 222-million-zloty ($74 million) shares next week.</p>
<p>Some analysts also said that some investors were likely to postpone major investment decison until after Polish parliamentary elections due in autumn and expected more significant growth only in the end of the year.</p>
<p>Traders said the debt-ridden construction company Espebepe SA surged 10 percent but did not trade after price fixing due to excess demand on speculation that the firm might still win a debt write-off deal.</p>
<p>Continuous trade turnover amounted to 13.5 million zlotys ($4.5 million) with the WIG 20 index closing flat at 1,585.7.</p>
</text>
<copyright>(c) Reuters Limited 1997</copyright>
<metadata>
<codes class="bip:countries:1.0">
  <code code="POL">
    <editdetail attribution="Reuters BIP Coding Group" action="confirmed" date="1997-04-15"/>
  </code>
</codes>
<codes class="bip:topics:1.0">
  <code code="M11">
    <editdetail attribution="Reuters BIP Coding Group" action="confirmed" date="1997-04-15"/>
  </code>
  <code code="MCAT">
    <editdetail attribution="Reuters BIP Coding Group" action="confirmed" date="1997-04-15"/>
  </code>
</codes>
<dc element="dc.date.created" value="1997-04-15"/>
<dc element="dc.publisher" value="Reuters Holdings Plc"/>
<dc element="dc.date.published" value="1997-04-15"/>
<dc element="dc.source" value="Reuters"/>
<dc element="dc.creator.location" value="WARSAW"/>
<dc element="dc.creator.location.country.name" value="POLAND"/>
<dc element="dc.source" value="Reuters"/>
</metadata>
</newsitem>
