<?xml version="1.0" encoding="iso-8859-1" ?>
<newsitem itemid="508973" id="root" date="1997-04-15" xml:lang="en">
<title>GEORGIA: British Airways begins Georgia service.</title>
<headline>British Airways begins Georgia service.</headline>
<dateline>TBILISI 1997-04-15</dateline>
<text>
<p>British Airways plc began service to former Soviet Georgia on Tuesday, the first major international carrier to fly scheduled direct routes into the Transcaucasus country.</p>
<p>Geoff Rhodes, British Airways general manager for Russia and the CIS countries, said the company would fly on Mondays, Wednesdays and Fridays from London Heathrow to the Georgian capital Tbilisi. The evening departure from London means return flights from Tbilisi on Tuesdays, Thursdays and Saturdays.</p>
<p>&quot;We are optimistic about the service. We hope to be able to increase the number of flights to a daily basis in the course of the year,&quot; he told a news conference after the first plane landed.</p>
<p>Rhodes said British Airways expected business from customers engaged in oil pipeline projects currently underway in Georgia.</p>
<p>British Airways is using 150-seat Airbus 320 passenger craft to operate the service. Rhodes said the company's partner, British Mediterranean, was operating the planes and supplying flight crews while British Airways would handle marketing.</p>
<p>He said the cheapest round-trip fare would cost approximately $775. The flight takes just under five hours.</p>
<p>-- Lawrence Sheets, Tbilisi newsroom  +995-32 999-370</p>
</text>
<copyright>(c) Reuters Limited 1997</copyright>
<metadata>
<codes class="bip:countries:1.0">
  <code code="GRGIA">
    <editdetail attribution="Reuters BIP Coding Group" action="confirmed" date="1997-04-15"/>
  </code>
  <code code="RUSS">
    <editdetail attribution="Reuters BIP Coding Group" action="confirmed" date="1997-04-15"/>
  </code>
  <code code="UK">
    <editdetail attribution="Reuters BIP Coding Group" action="confirmed" date="1997-04-15"/>
  </code>
</codes>
<codes class="bip:industries:1.0">
  <code code="I75000">
    <editdetail attribution="Reuters BIP Coding Group" action="confirmed" date="1997-04-15"/>
  </code>
</codes>
<codes class="bip:topics:1.0">
  <code code="C21">
    <editdetail attribution="Reuters BIP Coding Group" action="confirmed" date="1997-04-15"/>
  </code>
  <code code="CCAT">
    <editdetail attribution="Reuters BIP Coding Group" action="confirmed" date="1997-04-15"/>
  </code>
</codes>
<dc element="dc.date.created" value="1997-04-15"/>
<dc element="dc.publisher" value="Reuters Holdings Plc"/>
<dc element="dc.date.published" value="1997-04-15"/>
<dc element="dc.source" value="Reuters"/>
<dc element="dc.creator.location" value="TBILISI"/>
<dc element="dc.creator.location.country.name" value="GEORGIA"/>
<dc element="dc.source" value="Reuters"/>
</metadata>
</newsitem>
