<?xml version="1.0" encoding="iso-8859-1" ?>
<newsitem itemid="508957" id="root" date="1997-04-15" xml:lang="en">
<title>POLAND: Polish zloty passively edges higher vs basket.</title>
<headline>Polish zloty passively edges higher vs basket.</headline>
<dateline>WARSAW 1997-04-15</dateline>
<text>
<p>The zloty finished Tuesday's quiet session barely changed against the basket of currencies as small-scale client orders could not snap the market out of its passive mood, dealers said.</p>
<p>They said several banks tried to latch on to small client orders to create some zloty movement but that the local currency remained pitted around 3.1 percent from parity for most of the session.</p>
<p>&quot;Small orders and intraday trading speculation dominated the day, but the zloty hardly budged,&quot; said Mateusz Bieniek, forex dealer at Societe Generale in Warsaw.  </p>
<p>The zloty closed at 3.13/3.10 percent from the trading band centre, just up from Monday's 3.09/3.06 percent close.</p>
<p>It finished at 3.1290/00 to the dollar, down from 3.1198/08 on Monday and at 1.8059/65 to the mark, up from 1.8110/15.</p>
<p>Dealers said foreign capital flows on Tuesday were kept to a minimum, with foreigners mainly selling Polish treasuries in secondary trade, as international investors tended to concentrate on the Czech crown's swift rise today.</p>
<p>The Czech crown was fixed at 0.76 percent below its basket mid-point on Tuesday, more than a percentage point stronger than Monday's fixing at -1.9 percent from parity.  </p>
<p>Dealers said the central bank again refrained from intervening on the forex market on Tuesday because it did not want to pull down the zloty and make Polish debt more attractive to speculative foreign capital.</p>
<p>In the past the central bank had stepped in with currency-buying operations when the zloty firmed above three percent from parity.</p>
<p>On the money market overnight rates inched down 0.30 point to around 22.60 percent in afternoon trade as cash inflows from the clearing session created additional liquidity.  </p>
<p>Tomorrow/next closed around 22.80 percent, down some 0.10 point lower than Monday's close.</p>
<p>On Tuesday the central bank increased the average yield of its 91-day NBP-bills to 21.17 percent from 21.15, but the maximum yield fell to 22.18 from 22.20 at the previous sale.</p>
<p>-- Wojciech Moskwa +48 22 653 9700</p>
</text>
<copyright>(c) Reuters Limited 1997</copyright>
<metadata>
<codes class="bip:countries:1.0">
  <code code="POL">
    <editdetail attribution="Reuters BIP Coding Group" action="confirmed" date="1997-04-15"/>
  </code>
</codes>
<codes class="bip:topics:1.0">
  <code code="M13">
    <editdetail attribution="Reuters BIP Coding Group" action="confirmed" date="1997-04-15"/>
  </code>
  <code code="M132">
    <editdetail attribution="Reuters BIP Coding Group" action="confirmed" date="1997-04-15"/>
  </code>
  <code code="MCAT">
    <editdetail attribution="Reuters BIP Coding Group" action="confirmed" date="1997-04-15"/>
  </code>
</codes>
<dc element="dc.date.created" value="1997-04-15"/>
<dc element="dc.publisher" value="Reuters Holdings Plc"/>
<dc element="dc.date.published" value="1997-04-15"/>
<dc element="dc.source" value="Reuters"/>
<dc element="dc.creator.location" value="WARSAW"/>
<dc element="dc.creator.location.country.name" value="POLAND"/>
<dc element="dc.source" value="Reuters"/>
</metadata>
</newsitem>
