<?xml version="1.0" encoding="iso-8859-1" ?>
<newsitem itemid="508967" id="root" date="1997-04-15" xml:lang="en">
<title>RUSSIA: Russia sees difficult questions after NATO talks.</title>
<headline>Russia sees difficult questions after NATO talks.</headline>
<dateline>MOSCOW 1997-04-15</dateline>
<text>
<p>The Russian Foreign Ministry said on Tuesday that differences still prevented Moscow from signing a deal on future relations with the NATO alliance.</p>
<p>A brief foreign ministry statement issued after talks between minister Yevgeny Primakov and NATO Secretary General Javier Solana on Tuesday said the two sides had come closer on some issues. But it added: &quot;Some difficult questions remain which must be resolved to pave the way for a mutually acceptable document on relations between Russia and NATO&quot;.  </p>
<p>The statement said consultations between Russia and NATO would continue.</p>
<p>Russia is seeking a deal with NATO to prevent the military infrastructure of the Western alliance from moving nearer its borders when NATO brings in Eastern European countries as new members.</p>
<p>Moscow also wants a say in aspects of NATO activities which it says concern its security.</p>
<p>NATO says it is ready to meet some of Russia's security concerns in a loose charter. But it appears reluctant to accept any conditions which would affect rights of the new members.</p>
</text>
<copyright>(c) Reuters Limited 1997</copyright>
<metadata>
<codes class="bip:countries:1.0">
  <code code="NATO">
    <editdetail attribution="Reuters BIP Coding Group" action="confirmed" date="1997-04-15"/>
  </code>
  <code code="RUSS">
    <editdetail attribution="Reuters BIP Coding Group" action="confirmed" date="1997-04-15"/>
  </code>
</codes>
<codes class="bip:topics:1.0">
  <code code="GCAT">
    <editdetail attribution="Reuters BIP Coding Group" action="confirmed" date="1997-04-15"/>
  </code>
  <code code="GDEF">
    <editdetail attribution="Reuters BIP Coding Group" action="confirmed" date="1997-04-15"/>
  </code>
  <code code="GDIP">
    <editdetail attribution="Reuters BIP Coding Group" action="confirmed" date="1997-04-15"/>
  </code>
</codes>
<dc element="dc.date.created" value="1997-04-15"/>
<dc element="dc.publisher" value="Reuters Holdings Plc"/>
<dc element="dc.date.published" value="1997-04-15"/>
<dc element="dc.source" value="Reuters"/>
<dc element="dc.creator.location" value="MOSCOW"/>
<dc element="dc.creator.location.country.name" value="RUSSIA"/>
<dc element="dc.source" value="Reuters"/>
</metadata>
</newsitem>
