<?xml version="1.0" encoding="iso-8859-1" ?>
<newsitem itemid="508908" id="root" date="1997-04-15" xml:lang="en">
<title>ALBANIA: Former Albanian leader Ramiz Alia still on the run.</title>
<headline>Former Albanian leader Ramiz Alia still on the run.</headline>
<dateline>TIRANA 1997-04-15</dateline>
<text>
<p>Albania's last communist leader, Ramiz Alia, who fled from jail last month with hundreds of other prisoners is still on the run, the Justice Ministry said on Tuesday.</p>
<p>Albanian newspapers on Tuesday reported that Alia had fled the country and was in France, where he was with son, Arben.</p>
<p>&quot;Alia has not returned voluntarily to jail so far, and we really don't know where he is,&quot; Justice Ministry spokesman Agim Neza said of the handpicked successor to dictator Enver Hoxha who led Albania between 1985 and 1992.</p>
<p>Alia, 72, and other former communist senior officials were among 1,309 inmates who escaped from Albania's seven jails when their guards fled during an armed uprising swept Europe's poorest country in March.</p>
<p>Alia was arrested last year and charged with crimes against humanity. He was awaiting trial when he fled jail last month. If convicted, he would face a sentence of 15 years to death.</p>
<p>Prosecutors started investigating Alia after parliament passed a law in 1995 which banned former communist officials from holding public office until 2002.</p>
<p>Three senior ex-communists were sentenced to death in May, charged with crimes against humanity for ordering the deportation of anti-communist dissidents. An appeals court revoked the sentences and imposed lengthy jail terms instead.</p>
<p>More than 30 ex-communists were sentenced to up to 25 years in jail for crimes against humanity.</p>
<p>Around 100,000 Albanians are thought to have been forced into internal exile in remote villages during the 45 years of communist rule because of opposition to the Stalinist government or for trying to escape from the isolated Balkan country.</p>
<p>But Alia, president until March 1992 when President Sali Berisha's Democratic Party won a landslide victory in general elections, has the denied allegations and said his arrest was politically motivated.</p>
<p>&quot;It is clear I am a political prisoner and being tried as an opponent of the current regime,&quot; he wrote in a newspaper commentary early this year.</p>
<p>Neza said about 700 of the 1,309 escaped prisoners would not have to spend any more time behind bars because of an amnesty offered to all those who returned voluntarily. Those who returned before April 12 had their sentences cut by one-third.</p>
<p>&quot;So far, only 67 out of 600 people who left the jails had returned on their own free will&quot; Neza said.</p>
</text>
<copyright>(c) Reuters Limited 1997</copyright>
<metadata>
<codes class="bip:countries:1.0">
  <code code="ALB">
    <editdetail attribution="Reuters BIP Coding Group" action="confirmed" date="1997-04-15"/>
  </code>
  <code code="FRA">
    <editdetail attribution="Reuters BIP Coding Group" action="confirmed" date="1997-04-15"/>
  </code>
</codes>
<codes class="bip:topics:1.0">
  <code code="GCAT">
    <editdetail attribution="Reuters BIP Coding Group" action="confirmed" date="1997-04-15"/>
  </code>
  <code code="GCRIM">
    <editdetail attribution="Reuters BIP Coding Group" action="confirmed" date="1997-04-15"/>
  </code>
  <code code="GPOL">
    <editdetail attribution="Reuters BIP Coding Group" action="confirmed" date="1997-04-15"/>
  </code>
  <code code="GVIO">
    <editdetail attribution="Reuters BIP Coding Group" action="confirmed" date="1997-04-15"/>
  </code>
</codes>
<dc element="dc.date.created" value="1997-04-15"/>
<dc element="dc.publisher" value="Reuters Holdings Plc"/>
<dc element="dc.date.published" value="1997-04-15"/>
<dc element="dc.source" value="Reuters"/>
<dc element="dc.creator.location" value="TIRANA"/>
<dc element="dc.creator.location.country.name" value="ALBANIA"/>
<dc element="dc.source" value="Reuters"/>
</metadata>
</newsitem>
