<?xml version="1.0" encoding="iso-8859-1" ?>
<newsitem itemid="508916" id="root" date="1997-04-15" xml:lang="en">
<title>UKRAINE: Ukraine T-bill yields:3-,6-mo same,9-,12-mo down.</title>
<headline>Ukraine T-bill yields:3-,6-mo same,9-,12-mo down.</headline>
<dateline>KIEV 1997-04-15</dateline>
<text>
<p>Average yields at auctions of three- and six-month treasury bills were unchanged, and yields on nine- and 12-month bills fell from the last sales, a central bank statement said on Tuesday.</p>
<p>Three-month bills remained at 24.47 percent, six-month bills stayed at 31.27 percent, nine-month bills eased to 34.84 percent from 34.86 percent, and 12-month bills slipped to 39.89 percent from 39.93 percent.</p>
<p>The results of Tuesday's three-month discount T-bill auction, compared to the last issue, were as follows:</p>
<p> Auction Number	  172		     168</p>
<p> Issue date		April 15, 1997	April 14, 1997</p>
<p> Maturity date	   July 16, 1997	 July 16, 1997</p>
<p> Denominations	   100 hryvnia	   100 hryvnia (UAH)</p>
<p> Issue volume	    6.00 million UAH    4.30 million UAH</p>
<p> Amount sold	     6.00 million UAH    2.05 million UAH</p>
<p> Actual amount raised  5.65 million UAH    1.94 million UAH</p>
<p> Average yield	   24.47 percent	 24.47 percent</p>
<p> Average price	   94.25 hryvnia	 94.25 hryvnia</p>
<p> Cut-off price	   94.25 hryvnia	 94.25 hryvnia</p>
<p>The central bank sold 60,000 T-bills, the bank's statement said.</p>
<p>The date of the next auction of three-month discount T-bills is scheduled for April 16.</p>
<p>The results of six-month discount T-bill auction, compared to the last issue, were as follows:</p>
<p> Auction Number	   173		     169</p>
<p> Issue date		 April 15, 1997	April 14, 1997</p>
<p> Maturity date	    October 15, 1997    October 15, 1997</p>
<p> Denominations	    100 hryvnia	   100 hryvnia</p>
<p> Issue volume	     35.00 million UAH   23.00 million UAH</p>
<p> Amount sold		9.77 million UAH    7.65 million UAH</p>
<p> Actual amount raised   8.45 million UAH    6.62 million UAH</p>
<p> Average yield	    31.27 percent	 31.27 percent</p>
<p> Average price	    86.51 hryvnia	 86.51 hryvnia</p>
<p> Cut-off price	    86.50 hryvnia	 86.50 hryvnia</p>
<p>The central bank sold 97,663 T-bills, the bank's statement said.</p>
<p>The date of the next auction of six-month discount T-bills is scheduled for April 16.</p>
<p>The results of the nine-month discount T-bill auction, compared to the last issue, were as follows:</p>
<p> Auction Number	   174		   170</p>
<p> Issue date		 April 15, 1997    April 14, 1997</p>
<p> Maturity date	    January 14, 1998  January 14, 1998</p>
<p> Denominations	    100 hryvnia	 100 hryvnia</p>
<p> Issue volume	     no limit stated   no limit stated</p>
<p> Amount sold		2.28 million UAH  1.10 million UAH</p>
<p> Actual amount raised   1.80 million UAH  0.87 million UAH</p>
<p> Average yield	    34.84 percent     34.86 percent</p>
<p> Average price	    79.33 hryvnia     79.32 hryvnia</p>
<p> Cut-off price	    79.32 hryvnia     79.32 hryvnia</p>
<p>The central bank sold 22,760 T-bills, the bank's statement said.</p>
<p>The date of the next auction of nine-month discount T-bills is April 16.</p>
<p>The results of the 12-month discount T-bill auction, compared to the last issue, were as follows:</p>
<p> Auction Number	   175		    171</p>
<p> Issue Date		 April 15, 1997     April 14, 1997</p>
<p> Maturity date	    April 15, 1998     April 15, 1998</p>
<p> Denominations	    100 hryvnia	  100 hryvnia</p>
<p> Issue volume	     35.00 million UAH  23.00 million UAH</p>
<p> Amount sold		10.33 million UAH  12.69 million UAH</p>
<p> Actual amount raised   7.39 million UAH   9.07 million UAH</p>
<p> Average yield	    39.89 percent	39.93 percent</p>
<p> Average price	    71.54 hryvnia	71.52 hryvnia</p>
<p> Cut-off price	    71.51 hryvnia	71.51 hryvnia</p>
<p>The central bank sold 103,285 T-bills, the bank's statement said.</p>
<p>The date of the next auction of 12-month discount T-bills is scheduled for April 16.</p>
<p>--Kiev newsroom, +380 44 244 9150</p>
</text>
<copyright>(c) Reuters Limited 1997</copyright>
<metadata>
<codes class="bip:countries:1.0">
  <code code="UKRN">
    <editdetail attribution="Reuters BIP Coding Group" action="confirmed" date="1997-04-15"/>
  </code>
</codes>
<codes class="bip:topics:1.0">
  <code code="M13">
    <editdetail attribution="Reuters BIP Coding Group" action="confirmed" date="1997-04-15"/>
  </code>
  <code code="M131">
    <editdetail attribution="Reuters BIP Coding Group" action="confirmed" date="1997-04-15"/>
  </code>
  <code code="MCAT">
    <editdetail attribution="Reuters BIP Coding Group" action="confirmed" date="1997-04-15"/>
  </code>
</codes>
<dc element="dc.date.created" value="1997-04-15"/>
<dc element="dc.publisher" value="Reuters Holdings Plc"/>
<dc element="dc.date.published" value="1997-04-15"/>
<dc element="dc.source" value="Reuters"/>
<dc element="dc.creator.location" value="KIEV"/>
<dc element="dc.creator.location.country.name" value="UKRAINE"/>
<dc element="dc.source" value="Reuters"/>
</metadata>
</newsitem>
