<?xml version="1.0" encoding="iso-8859-1" ?>
<newsitem itemid="508947" id="root" date="1997-04-15" xml:lang="en">
<title>HUNGARY: Hungary says Q2 energy price rise 3.3 pct at most.</title>
<headline>Hungary says Q2 energy price rise 3.3 pct at most.</headline>
<byline>Duncan Shiels</byline>
<dateline>BUDAPEST 1997-04-15</dateline>
<text>
<p>Hungary said on Tuesday demands by Western energy investors for more costs to be included in the country's quarterly adjustment to retail energy prices would not be met, meaning a probable July 1 price rise of no more than 3.3 percent.</p>
<p>&quot;You can only count on 3.3 percent (for July 1),&quot; Hungarian Energy Office (MEH) vice president Bela Nemeth told Reuters.</p>
<p>The MEH announced a 3.6 percent rise for April 1 which only took into account the devaluation of the forint in the first three months of the year and none of the other costs that outside investors have sought.</p>
<p>Western utilities such as Electricite de France (EdF) and German giant RWE, which have large stakes in Hungary's energy distribution companies, have been pushing since January for costs such as environmental safeguards, insurance and depreciation to be included in the government's energy pricing formula.</p>
<p>The July figure of 3.3 percent is based on the central bank crawling-peg devaluation rate for the forint, which was reduced on April 1 to 1.1 percent from 1.2 percent.</p>
<p>Pierre Abou, EdF representative in Hungary, told Reuters earlier that if no solution was found by the end of June, EdF would reconsider its position on future investments.</p>
<p>&quot;If agreement is not reached before June we shall give them our precise standpoint,&quot; he said. &quot;It is in our common interest to have this problem solved by the end of the quarter.&quot;</p>
<p>Nemeth said that the inclusion of any new costs such as environmental improvements in the new formula depended on a new legal framework being put in place.</p>
<p>&quot;I hope it isn't (ready by June)...the time would be too short,&quot; he said, adding that agreement was unlikely before the end of 1997. &quot;With the environmental costs, maybe the end of this year or next year.&quot;</p>
<p>In addition to EdF and RWE, other major Western utilities such as Gaz de France and Tractabel bought large stakes in the energy distribution sector at the end of 1995 and were promised an eight percent return on investment.</p>
<p>But they believe the government contravened the original sales agreements by cancelling planned price rises in last October and by fixing January energy price rises that still did not secure the expected margins.</p>
<p>&quot;We are continuing not to get the promised profit,&quot; said Abou.</p>
</text>
<copyright>(c) Reuters Limited 1997</copyright>
<metadata>
<codes class="bip:countries:1.0">
  <code code="HUNG">
    <editdetail attribution="Reuters BIP Coding Group" action="confirmed" date="1997-04-15"/>
  </code>
</codes>
<codes class="bip:industries:1.0">
  <code code="I16100">
    <editdetail attribution="Reuters BIP Coding Group" action="confirmed" date="1997-04-15"/>
  </code>
  <code code="I16200">
    <editdetail attribution="Reuters BIP Coding Group" action="confirmed" date="1997-04-15"/>
  </code>
  <code code="I83960">
    <editdetail attribution="Reuters BIP Coding Group" action="confirmed" date="1997-04-15"/>
  </code>
</codes>
<codes class="bip:topics:1.0">
  <code code="C13">
    <editdetail attribution="Reuters BIP Coding Group" action="confirmed" date="1997-04-15"/>
  </code>
  <code code="C31">
    <editdetail attribution="Reuters BIP Coding Group" action="confirmed" date="1997-04-15"/>
  </code>
  <code code="CCAT">
    <editdetail attribution="Reuters BIP Coding Group" action="confirmed" date="1997-04-15"/>
  </code>
</codes>
<dc element="dc.date.created" value="1997-04-15"/>
<dc element="dc.publisher" value="Reuters Holdings Plc"/>
<dc element="dc.date.published" value="1997-04-15"/>
<dc element="dc.source" value="Reuters"/>
<dc element="dc.creator.location" value="BUDAPEST"/>
<dc element="dc.creator.location.country.name" value="HUNGARY"/>
<dc element="dc.source" value="Reuters"/>
</metadata>
</newsitem>
