<?xml version="1.0" encoding="iso-8859-1" ?>
<newsitem itemid="508919" id="root" date="1997-04-15" xml:lang="en">
<title>HUNGARY: La Lyonnaise, RWE get stake in Budapest waterworks.</title>
<headline>La Lyonnaise, RWE get stake in Budapest waterworks.</headline>
<dateline>BUDAPEST 1997-04-15</dateline>
<text>
<p>A consortium made up of 51 percent of La Lyonnaise des Eaux and 49 percent of RWE Aqua, part of the German group RWE, signed on Tuesday a 25-year water management and distribution contract with Budapest, officials said.</p>
<p>&quot;We are here for the long term and not to make a quick mark or franc,&quot; RWE Director Richard Klein told a news conference after the signing.</p>
<p>Under the deal, the consortium bought 25 percent plus one share of the Budapest water company, Fovarosi Vizmuvek, which provides the city's water and employs 2,200.</p>
<p>The investment is worth a total $91.6 million, city hall officials said.</p>
<p>The consortium will have management rights, but all investment decisions will have to be taken in accordance with the Budapest council, Mayor Gabor Demszky said.</p>
<p>Another official said the consortium will receive part of the operating cost savings but will not be entitled to a dividend.</p>
<p>RWE already has stakes in the Budapest Electricity Works (ELMU), regional electricity distribution company EDASZ and the Matrai power station and also plans to build a three-billion-mark coal-fired plant in north-east Hungary.</p>
<p>RWE also operates a waste disposal unit in the city of Miskolc.</p>
<p>Lyonnaise des Eaux already manages the waterworks of the south Hungarian cities of Kaposvar and Pecs.</p>
<p>-- Denes Albert, Budapest newsroom +36 1 327 4040</p>
</text>
<copyright>(c) Reuters Limited 1997</copyright>
<metadata>
<codes class="bip:countries:1.0">
  <code code="GFR">
    <editdetail attribution="Reuters BIP Coding Group" action="confirmed" date="1997-04-15"/>
  </code>
  <code code="HUNG">
    <editdetail attribution="Reuters BIP Coding Group" action="confirmed" date="1997-04-15"/>
  </code>
</codes>
<codes class="bip:industries:1.0">
  <code code="I16100">
    <editdetail attribution="Reuters BIP Coding Group" action="confirmed" date="1997-04-15"/>
  </code>
  <code code="I17000">
    <editdetail attribution="Reuters BIP Coding Group" action="confirmed" date="1997-04-15"/>
  </code>
  <code code="I83960">
    <editdetail attribution="Reuters BIP Coding Group" action="confirmed" date="1997-04-15"/>
  </code>
</codes>
<codes class="bip:topics:1.0">
  <code code="C33">
    <editdetail attribution="Reuters BIP Coding Group" action="confirmed" date="1997-04-15"/>
  </code>
  <code code="CCAT">
    <editdetail attribution="Reuters BIP Coding Group" action="confirmed" date="1997-04-15"/>
  </code>
</codes>
<dc element="dc.date.created" value="1997-04-15"/>
<dc element="dc.publisher" value="Reuters Holdings Plc"/>
<dc element="dc.date.published" value="1997-04-15"/>
<dc element="dc.source" value="Reuters"/>
<dc element="dc.creator.location" value="BUDAPEST"/>
<dc element="dc.creator.location.country.name" value="HUNGARY"/>
<dc element="dc.source" value="Reuters"/>
</metadata>
</newsitem>
