<?xml version="1.0" encoding="iso-8859-1" ?>
<newsitem itemid="508935" id="root" date="1997-04-15" xml:lang="en">
<title>UKRAINE: Russian tariff seen damaging Ukraine sugar sector.</title>
<headline>Russian tariff seen damaging Ukraine sugar sector.</headline>
<byline>Irene Marushko</byline>
<dateline>KIEV 1997-04-15</dateline>
<text>
<p>Russia's decision to levy a 25 percent duty on sugar imports starting May 15 will severely hurt neighbouring Ukraine's sugar market, Western traders said on Tuesday.</p>
<p>&quot;It will be tragic if they don't remove it by autumn,&quot; said one trader, adding that Ukrainian sugar would be taxed at 35 percent because of a 10 percent value added tax imposed by Russia last year.</p>
<p>&quot;The chief reason for this is to maintain Russian sugar prices, which are rising, and to prevent dumping from the Ukrainian side,&quot; he said.</p>
<p>The trader predicted that Ukraine, which produced 3.26 million tonnes of refined sugar from its last beet crop and 3.49 million tonnes in 1995/96, would start moving whatever sugar was left over -- estimated at 300,000 tonnes -- immediately.</p>
<p>He also said Ukraine would continue to export to central Asian countries, which have no duties.</p>
<p>The Russian decree, dated April 11, excluded imports from Belarus, Kazakhstan and Kyrgyzstan, which hold customs treaties with Russia.</p>
<p>Another trader said the tax would hurt Ukraine's ageing refineries, since many of them barter their sugar with Russia for oil and petroleum to run their refineries.</p>
<p>&quot;They already have the 10 percent duty, so that means the Ukrainian partners can provide 10 percent less. Now they will get another 25 percent less in oil and this will affect them,&quot; he said. &quot;I'm a bit anxious about it.&quot;</p>
<p>The trader said that only 150 of 191 refineries were working, and only 25 of them efficiently and profitably.</p>
<p>Russia annually produces around two million tonnes of refined sugar, imports 1.5 million tonnes of raws for refining and imports two million tonnes of white sugar from other countries.</p>
<p>It has threatened since last year to restrict refined sugar imports to 1.5 million tonnes a year, including a cap on Ukraine of 1.15 million tonnes.</p>
<p>The second trader questioned whether Russia would maintain the duty in the long term.</p>
<p>&quot;They do things, then they reconsider them,&quot; he said. &quot;At this moment it's not that important because there isn't a lot of sugar left in Ukraine. But it's bad news anyway.&quot;</p>
<p>Ukraine Agriculture Minister Mykhailo Zubets, also deputy prime minister in charge of agriculture, said last week Ukraine would reduce refined sugar production because it lacked export outlets -- plans traders considered unrealistic.</p>
<p>--Kiev Newsroom +380 44 244 9150</p>
</text>
<copyright>(c) Reuters Limited 1997</copyright>
<metadata>
<codes class="bip:countries:1.0">
  <code code="RUSS">
    <editdetail attribution="Reuters BIP Coding Group" action="confirmed" date="1997-04-15"/>
  </code>
  <code code="UKRN">
    <editdetail attribution="Reuters BIP Coding Group" action="confirmed" date="1997-04-15"/>
  </code>
</codes>
<codes class="bip:industries:1.0">
  <code code="I01001">
    <editdetail attribution="Reuters BIP Coding Group" action="confirmed" date="1997-04-15"/>
  </code>
  <code code="I0100128">
    <editdetail attribution="Reuters BIP Coding Group" action="confirmed" date="1997-04-15"/>
  </code>
  <code code="I42000">
    <editdetail attribution="Reuters BIP Coding Group" action="confirmed" date="1997-04-15"/>
  </code>
</codes>
<codes class="bip:topics:1.0">
  <code code="C13">
    <editdetail attribution="Reuters BIP Coding Group" action="confirmed" date="1997-04-15"/>
  </code>
  <code code="C31">
    <editdetail attribution="Reuters BIP Coding Group" action="confirmed" date="1997-04-15"/>
  </code>
  <code code="C311">
    <editdetail attribution="Reuters BIP Coding Group" action="confirmed" date="1997-04-15"/>
  </code>
  <code code="CCAT">
    <editdetail attribution="Reuters BIP Coding Group" action="confirmed" date="1997-04-15"/>
  </code>
  <code code="M14">
    <editdetail attribution="Reuters BIP Coding Group" action="confirmed" date="1997-04-15"/>
  </code>
  <code code="M141">
    <editdetail attribution="Reuters BIP Coding Group" action="confirmed" date="1997-04-15"/>
  </code>
  <code code="MCAT">
    <editdetail attribution="Reuters BIP Coding Group" action="confirmed" date="1997-04-15"/>
  </code>
</codes>
<dc element="dc.date.created" value="1997-04-15"/>
<dc element="dc.publisher" value="Reuters Holdings Plc"/>
<dc element="dc.date.published" value="1997-04-15"/>
<dc element="dc.source" value="Reuters"/>
<dc element="dc.creator.location" value="KIEV"/>
<dc element="dc.creator.location.country.name" value="UKRAINE"/>
<dc element="dc.source" value="Reuters"/>
</metadata>
</newsitem>
