<?xml version="1.0" encoding="iso-8859-1" ?>
<newsitem itemid="508964" id="root" date="1997-04-15" xml:lang="en">
<title>HUNGARY: Budapest grains futures rise across the board.</title>
<headline>Budapest grains futures rise across the board.</headline>
<dateline>BUDAPEST 1997-04-15</dateline>
<text>
<p>Surging Chicago prices caused limit rises in most grains contracts for the second day running on the Budapest Commodity Exchange (BCE) on Tuesday in minimal turnover, traders said.</p>
<p>&quot;Nobody was prepared to sell as the market expects at least another limit rise,&quot; said Istvan Grebats of Termin.</p>
<p>The only actively traded position was the May maize contract which put on 100 forints per tonne to end at 18,550. It accounted for 250 of the day's 330 turnover of contracts.</p>
<p>Grebats added that it was difficult to judge where prices would peak in the hectic Hungarian market.</p>
<p>&quot;There doesn't seem to be a psychological (price) ceiling any longer,&quot; he said.</p>
<p>However, current price increases are becoming dangerous for some minor market players, he said.</p>
<p>&quot;There is an increasing danger that some will not be able to finance the current upward movement and will be forced to liquidate positions,&quot; Grebats said.</p>
<p>Total grains turnover slumped to 139.2 million forints from Monday's 478.2 million.</p>
<p>Lot size= 20,000 kgs</p>
<p>($1=181.15 Hungarian forints)</p>
<p>--Denes Albert, Budapest newsroom +36 1 327 4040</p>
</text>
<copyright>(c) Reuters Limited 1997</copyright>
<metadata>
<codes class="bip:countries:1.0">
  <code code="HUNG">
    <editdetail attribution="Reuters BIP Coding Group" action="confirmed" date="1997-04-15"/>
  </code>
</codes>
<codes class="bip:topics:1.0">
  <code code="M14">
    <editdetail attribution="Reuters BIP Coding Group" action="confirmed" date="1997-04-15"/>
  </code>
  <code code="M141">
    <editdetail attribution="Reuters BIP Coding Group" action="confirmed" date="1997-04-15"/>
  </code>
  <code code="MCAT">
    <editdetail attribution="Reuters BIP Coding Group" action="confirmed" date="1997-04-15"/>
  </code>
</codes>
<dc element="dc.date.created" value="1997-04-15"/>
<dc element="dc.publisher" value="Reuters Holdings Plc"/>
<dc element="dc.date.published" value="1997-04-15"/>
<dc element="dc.source" value="Reuters"/>
<dc element="dc.creator.location" value="BUDAPEST"/>
<dc element="dc.creator.location.country.name" value="HUNGARY"/>
<dc element="dc.source" value="Reuters"/>
</metadata>
</newsitem>
