<?xml version="1.0" encoding="iso-8859-1" ?>
<newsitem itemid="508917" id="root" date="1997-04-15" xml:lang="en">
<title>HUNGARY: Mark,dlr basket deals lead Hungary FX futures mkt.</title>
<headline>Mark,dlr basket deals lead Hungary FX futures mkt.</headline>
<dateline>BUDAPEST 1997-04-15</dateline>
<text>
<p>Basket deals in marks and dollars set the pattern for Tuesday trading on Budapest's currency futures market, dealers said.</p>
<p>Selling of September and March marks and dollars in the 70-30 proportion the two units take up in the basket against which the forint floats accounted for half of all forex futures trade on the Budapest Commodity Exchange and over 60 percent of turnover on the Budapest Stock Exchange.</p>
<p>BCE turnover totalled a moderate 4.85 billion forints while trade on the much smaller BSE forex futures market stood at 105 million forints for the day.</p>
<p>Basket deals are seen as a means of hedging against future large fluctuations of the dollar/mark and are based on the central bank's currency basket against which the forint is devalued by 1.1 percet per month.</p>
<p>The basket is made up 70 percent of the mark and 30 percent of the dollar.</p>
<p>Within the basket deals, mark falls were counterbalanced by dollar rises.</p>
<p>The mark fell 0.26 to 112.00 forints for September and by 0.3 to 119.8 forints for March. The dollar rose 0.6 to 191.9 for September and by the same amount to 202.1 for March.</p>
<p>The June dollar also saw significant turnover and rose one forint to 186.1.</p>
<p>The BSE also saw a basket deal for September, with the September mark falling 0.30 to 112.2 and the September dollar 1.28 to 192.28.</p>
<p>The central bank quoted the two currencies in its midday fix at 104.67 forints to the mark, down 0.12, and 181.15 to the dollar, up 0.64.</p>
<p>-- Duncan Shiels, Budapest newsroom (361) 327 4040</p>
</text>
<copyright>(c) Reuters Limited 1997</copyright>
<metadata>
<codes class="bip:countries:1.0">
  <code code="HUNG">
    <editdetail attribution="Reuters BIP Coding Group" action="confirmed" date="1997-04-15"/>
  </code>
</codes>
<codes class="bip:topics:1.0">
  <code code="M13">
    <editdetail attribution="Reuters BIP Coding Group" action="confirmed" date="1997-04-15"/>
  </code>
  <code code="M132">
    <editdetail attribution="Reuters BIP Coding Group" action="confirmed" date="1997-04-15"/>
  </code>
  <code code="MCAT">
    <editdetail attribution="Reuters BIP Coding Group" action="confirmed" date="1997-04-15"/>
  </code>
</codes>
<dc element="dc.date.created" value="1997-04-15"/>
<dc element="dc.publisher" value="Reuters Holdings Plc"/>
<dc element="dc.date.published" value="1997-04-15"/>
<dc element="dc.source" value="Reuters"/>
<dc element="dc.creator.location" value="BUDAPEST"/>
<dc element="dc.creator.location.country.name" value="HUNGARY"/>
<dc element="dc.source" value="Reuters"/>
</metadata>
</newsitem>
