<?xml version="1.0" encoding="iso-8859-1" ?>
<newsitem itemid="508920" id="root" date="1997-04-15" xml:lang="en">
<title>RUSSIA: Aeroflot may remerge with some &quot;babyflots&quot;.</title>
<headline>Aeroflot may remerge with some &quot;babyflots&quot;.</headline>
<byline>Viktor Anoshkin</byline>
<dateline>MOSCOW 1997-04-15</dateline>
<text>
<p>Russian international airline Aeroflot said on Tuesday it planned to remerge with some of the &quot;babyflots&quot; that split off after the collapse of communism.</p>
<p>Valery Okulov, Aeroflot's acting chief executive, told a news conference that several small regional carriers were willing to come back under the wing of the Russian commercial aviation giant.</p>
<p>On their own, they feared that they could not survive the rapidly changing domestic airlines market, he said.</p>
<p>Okulov said one airline had already accepted Aeroflot's offer. &quot;Nizhegorodskiye airlines has decided to merge with Aeroflot,&quot; he said, without giving details.</p>
<p>Some airlines, however, were worried by the proposal, fearing Aeroflot may &quot;eat&quot; them, he said, adding that Aeroflot was not at war with regional airlines.</p>
<p>&quot;We are opening new domestic routes...but that does not mean sharper competition with local carriers,&quot; he said, adding that the main target for Aeroflot was to compete with Western airlines which were expanding their routes to Russia.</p>
<p>&quot;There are 337 carriers officially listed in Russia now, but many of them have serious financial problems. We want to help them survive,&quot; Okulov said.</p>
<p>The Federal Aviation Service, a state agency regulating civil aviation in Russia, said about 100 airlines went out of business due to lack of funds in 1996.</p>
<p>After the collapse of the Soviet Union in 1991, Aeroflot's divisions throughout the former superpower split off, even those within Russia. The numbers of &quot;babyflots&quot; were bolstered further by the establishment of new small private airlines.</p>
<p>Last week Aeroflot opened an office in Khabarovsk as the first stage in setting up a new hub in the Russian Far East.</p>
<p>Aeroflot plans to use Khabarovsk airport as a centre for its international and domestic cargo flights, including a new regular Moscow-Khabarovsk cargo route.</p>
<p>Aeroflot spokesman Alexander Luchaninov has said that the airline will start regular domestic passenger flights from Moscow to Kaliningrad, Krasnodar, Vladikavkaz, Vladivostok, Magadan, Chelyabinsk, Yekaterinburg and Nizhny Novgorod later this year.</p>
<p>The company makes scheduled flights from Moscow to 11 destinations in Russia and to former Soviet republics in the Commonwealth of Independent States (CIS).</p>
</text>
<copyright>(c) Reuters Limited 1997</copyright>
<metadata>
<codes class="bip:countries:1.0">
  <code code="RUSS">
    <editdetail attribution="Reuters BIP Coding Group" action="confirmed" date="1997-04-15"/>
  </code>
</codes>
<codes class="bip:industries:1.0">
  <code code="I75000">
    <editdetail attribution="Reuters BIP Coding Group" action="confirmed" date="1997-04-15"/>
  </code>
</codes>
<codes class="bip:topics:1.0">
  <code code="C11">
    <editdetail attribution="Reuters BIP Coding Group" action="confirmed" date="1997-04-15"/>
  </code>
  <code code="C18">
    <editdetail attribution="Reuters BIP Coding Group" action="confirmed" date="1997-04-15"/>
  </code>
  <code code="C181">
    <editdetail attribution="Reuters BIP Coding Group" action="confirmed" date="1997-04-15"/>
  </code>
  <code code="CCAT">
    <editdetail attribution="Reuters BIP Coding Group" action="confirmed" date="1997-04-15"/>
  </code>
</codes>
<dc element="dc.date.created" value="1997-04-15"/>
<dc element="dc.publisher" value="Reuters Holdings Plc"/>
<dc element="dc.date.published" value="1997-04-15"/>
<dc element="dc.source" value="Reuters"/>
<dc element="dc.creator.location" value="MOSCOW"/>
<dc element="dc.creator.location.country.name" value="RUSSIA"/>
<dc element="dc.source" value="Reuters"/>
</metadata>
</newsitem>
