<?xml version="1.0" encoding="iso-8859-1" ?>
<newsitem itemid="508953" id="root" date="1997-04-15" xml:lang="en">
<title>BULGARIA: Yields fall on Bulgaria 1-,4-week discount T-bills.</title>
<headline>Yields fall on Bulgaria 1-,4-week discount T-bills.</headline>
<dateline>SOFIA 1997-04-15</dateline>
<text>
<p>Yields fell at Tuesday's auctions of Bulgaria's Finance Ministry one-week and four-week discount T-bills, central bank figures showed.</p>
<p>The average yields to maturity of the two issues were 1.69 percent and 10.69 percent, respectively, down from 1.95 and 12.75 percent at Monday's auctions.</p>
<p>Bids were received for a total of 81.688 billion levs of T-bills for today's auctions but the ministry approved bids for 53.035 billion levs worth of paper.</p>
<p>Details of the issues follow. Prices in percent of par:</p>
<p> Issue number		  BG3028097007	 BG3028197005</p>
<p> Term			    one week	     four weeks</p>
<p> Par value		     25,000 million levs    40,000 million levs</p>
<p> Issue date		    April 15	     April 15</p>
<p> Maturity date		 April 22	     May 13</p>
<p> Bids received		 13,035 million levs    68,652.8 million levs</p>
<p> Avg price of bids	   98.34 pct	    90.09</p>
<p> Bids approved		 13,035 million levs    40,000 million levs</p>
<p> Avg accepted price	  98.34 pct	    90.34 pct</p>
<p> Avg yield to maturity     1.69 pct	     10.69 pct</p>
<p>-- Sofia Newsroom, (++359-2) 91188</p>
</text>
<copyright>(c) Reuters Limited 1997</copyright>
<metadata>
<codes class="bip:countries:1.0">
  <code code="BUL">
    <editdetail attribution="Reuters BIP Coding Group" action="confirmed" date="1997-04-15"/>
  </code>
</codes>
<codes class="bip:topics:1.0">
  <code code="M13">
    <editdetail attribution="Reuters BIP Coding Group" action="confirmed" date="1997-04-15"/>
  </code>
  <code code="M131">
    <editdetail attribution="Reuters BIP Coding Group" action="confirmed" date="1997-04-15"/>
  </code>
  <code code="MCAT">
    <editdetail attribution="Reuters BIP Coding Group" action="confirmed" date="1997-04-15"/>
  </code>
</codes>
<dc element="dc.date.created" value="1997-04-15"/>
<dc element="dc.publisher" value="Reuters Holdings Plc"/>
<dc element="dc.date.published" value="1997-04-15"/>
<dc element="dc.source" value="Reuters"/>
<dc element="dc.creator.location" value="SOFIA"/>
<dc element="dc.creator.location.country.name" value="BULGARIA"/>
<dc element="dc.source" value="Reuters"/>
</metadata>
</newsitem>
