<?xml version="1.0" encoding="iso-8859-1" ?>
<newsitem itemid="508902" id="root" date="1997-04-15" xml:lang="en">
<title>GEORGIA: Australia's Mcconnel wins Georgian pipeline tender.</title>
<headline>Australia's Mcconnel wins Georgian pipeline tender.</headline>
<dateline>TBILISI 1997-04-15</dateline>
<text>
<p>Mcconnel Dowell Middle East, a division of Australia's McConnel Dowell Corp, won a $60 million tender to carry out work on an oil pipeline through Georgia, John Hollis, senior vice president of the Azerbaijan International Operating Co (AIOC) said on Tuesday.</p>
<p>The AIOC, a 13-member international consortium, has said it intended to use the route, which terminates at the Georgian port of Supsa in the Black Sea, for handling some early oil from its $8-billion project to develop three Azeri Caspian Sea fields.</p>
<p>The consortium is led by British Petroleum Plc and Norway's Den norske stats oljeselskap (Statoil).</p>
<p>Mcconnel Dowell, which a Georgian International Oil Corporation (GIOC) press release said specializes in construction works and pipeline projects, will build a 39-km extension of the 530-millimeter diameter pipeline which runs from Georgia's border with Azerbaijan.</p>
<p>GIOC officials said Mcconnel Dowell would also carry out repairs on other sections of the 380-km Georgian portion of the line, which originates near the Azeri capital of Baku.</p>
<p>Hollis told reporters that a joint venture between the state-owned Azeri oil company SOCAR and private Turkish construction company Tekfen Inshatt ve Tesisat A.S. had won a $60 million tender to carry out repair and construction work on the Azeri portion of the line.</p>
<p>&quot;The work will be completed as fast as possible and we expect the first shipment of oil to arrive in Supsa by the end of 1998,&quot; he said.</p>
<p>The AIOC said five companies had competed for the contracts, but it did not name them.</p>
<p>--Jana Sommerlund, Tbilisi Newsroom +995-32 999-370</p>
</text>
<copyright>(c) Reuters Limited 1997</copyright>
<metadata>
<codes class="bip:countries:1.0">
  <code code="AUSTR">
    <editdetail attribution="Reuters BIP Coding Group" action="confirmed" date="1997-04-15"/>
  </code>
  <code code="AZERB">
    <editdetail attribution="Reuters BIP Coding Group" action="confirmed" date="1997-04-15"/>
  </code>
  <code code="GRGIA">
    <editdetail attribution="Reuters BIP Coding Group" action="confirmed" date="1997-04-15"/>
  </code>
</codes>
<codes class="bip:industries:1.0">
  <code code="I13000">
    <editdetail attribution="Reuters BIP Coding Group" action="confirmed" date="1997-04-15"/>
  </code>
  <code code="I1300003">
    <editdetail attribution="Reuters BIP Coding Group" action="confirmed" date="1997-04-15"/>
  </code>
  <code code="I50100">
    <editdetail attribution="Reuters BIP Coding Group" action="confirmed" date="1997-04-15"/>
  </code>
  <code code="I50200">
    <editdetail attribution="Reuters BIP Coding Group" action="confirmed" date="1997-04-15"/>
  </code>
  <code code="I5020043">
    <editdetail attribution="Reuters BIP Coding Group" action="confirmed" date="1997-04-15"/>
  </code>
</codes>
<codes class="bip:topics:1.0">
  <code code="C24">
    <editdetail attribution="Reuters BIP Coding Group" action="confirmed" date="1997-04-15"/>
  </code>
  <code code="C33">
    <editdetail attribution="Reuters BIP Coding Group" action="confirmed" date="1997-04-15"/>
  </code>
  <code code="CCAT">
    <editdetail attribution="Reuters BIP Coding Group" action="confirmed" date="1997-04-15"/>
  </code>
</codes>
<dc element="dc.date.created" value="1997-04-15"/>
<dc element="dc.publisher" value="Reuters Holdings Plc"/>
<dc element="dc.date.published" value="1997-04-15"/>
<dc element="dc.source" value="Reuters"/>
<dc element="dc.creator.location" value="TBILISI"/>
<dc element="dc.creator.location.country.name" value="GEORGIA"/>
<dc element="dc.source" value="Reuters"/>
</metadata>
</newsitem>
