<?xml version="1.0" encoding="iso-8859-1" ?>
<newsitem itemid="508986" id="root" date="1997-04-15" xml:lang="en">
<title>POLAND: Polish firms show Jan-Feb PLN 1.6 bln net profit.</title>
<headline>Polish firms show Jan-Feb PLN 1.6 bln net profit.</headline>
<dateline>WARSAW 1997-04-15</dateline>
<text>
<p>Polish enterprises reported an overall 1.6 billion zloty net profit in the January-February period, compared with a 1.1 billion zloty net profit in the same period of 1996, the Central Statistical Office (GUS) said.</p>
<p>GUS said the private sector had a net profit of 0.9 billion zlotys on total revenues of 48.1 billion in the period against a profit of 0.3 billion and sales of 33.8 in the same period last year.</p>
<p>The state-owned sector reported a profit of 0.7 billion on sales of 47.1 billion versus last year's 0.8 billion and 39.5 billion respectively.</p>
<p> POLISH ENTERPRISES RESULTS	     Jan-Feb  Jan-Feb 96  1996</p>
<p> total revenues bln PLN		     95.2    73.3	543.1</p>
<p> total costs				    91.5    70.6	527.4</p>
<p> total net profit				1.6     1.1	  8.5</p>
<p> total gross profit			    3.8     2.9	 18.4</p>
<p> net profit margin (pct)		     1.7     1.5	  1.6</p>
<p> gross profit margin (pct)		   4.0     4.0	  3.4</p>
<p> liquidity ratio     (pct)		  20.1    22.9	 22.2</p>
<p>NOTES: Data collected from all companies employing more than 50 people in main sectors of the economy.</p>
<p>Liquidity ratio is a percentage relation of cash reserves and tradable securities to short-term liabilities.</p>
<p>-- Warsaw Newsroom +48 22 653 9700</p>
</text>
<copyright>(c) Reuters Limited 1997</copyright>
<metadata>
<codes class="bip:countries:1.0">
  <code code="POL">
    <editdetail attribution="Reuters BIP Coding Group" action="confirmed" date="1997-04-15"/>
  </code>
</codes>
<codes class="bip:topics:1.0">
  <code code="C15">
    <editdetail attribution="Reuters BIP Coding Group" action="confirmed" date="1997-04-15"/>
  </code>
  <code code="C151">
    <editdetail attribution="Reuters BIP Coding Group" action="confirmed" date="1997-04-15"/>
  </code>
  <code code="CCAT">
    <editdetail attribution="Reuters BIP Coding Group" action="confirmed" date="1997-04-15"/>
  </code>
</codes>
<dc element="dc.date.created" value="1997-04-15"/>
<dc element="dc.publisher" value="Reuters Holdings Plc"/>
<dc element="dc.date.published" value="1997-04-15"/>
<dc element="dc.source" value="Reuters"/>
<dc element="dc.creator.location" value="WARSAW"/>
<dc element="dc.creator.location.country.name" value="POLAND"/>
<dc element="dc.source" value="Reuters"/>
</metadata>
</newsitem>
