<?xml version="1.0" encoding="iso-8859-1" ?>
<newsitem itemid="508955" id="root" date="1997-04-15" xml:lang="en">
<title>CROATIA: Croatian stocks mixed, mild growth to continue.</title>
<headline>Croatian stocks mixed, mild growth to continue.</headline>
<dateline>ZAGREB 1997-04-15</dateline>
<text>
<p>Croatian stocks closed mixed in active post-election buying on Tuesday with new gains for blue chips, and market watchers expected a sustained mild rising trend through the week.</p>
<p>&quot;The trading activity is intense and that could last, but I don't expect anything spectacular,&quot; said Davor Relja, analyst at Faktor brokerage.</p>
<p>Results of the municipal and regional polls, at which the ruling HDZ won in 18 of 21 counties, came as no big surprise, traders said.</p>
<p>&quot;Stronger buying began five days before, I'm not sure it has anything to do with elections. We expected such results anyway,&quot; said Velimir Zelimorski of brokerage FIMA.</p>
<p>Rather than polls, he traced positive events to blue chip Zagrebacka Banka, which released buoyant 1996 results last week and triggered a new wave of investment in Croatia's tiny share market.</p>
<p>Its rise last week in turn boosted hoteliers Istraturist and Jadranturist, in which the bank has majority holdings.</p>
<p>But some other stocks also gained on the back of stronger buying interest.</p>
<p>&quot;Most prices are stabilising now, but some are rising,&quot; Zelimorski said.</p>
<p>Six of 19 active issues rose on Tuesday -- first day of trade on the Zagreb Stock Exchange -- seven fell, five were flat and one traded for the first time.</p>
<p>Zagrebacka's ordinary shares added 10 kuna to 2,000 on Tuesday on volume of 2,518.</p>
<p>Another fully-listed issue Pliva firmed five kuna to 475 with 3,272 units changing hands. The company announced a news conference to release its last year's profit on April 18.</p>
<p>&quot;When it does, the market could rise further,&quot; said Relja.</p>
<p>Chocolate maker Kras was the day's top gainer, rising 4.77 percent to 461 kuna on volume of 801 shares.</p>
<p>Podravka food concern was the most actively traded issue with 3,310 shares, closing one kuna lower at 308 kuna.</p>
<p>Textile firm Varteks, dipping 10.9 percent with 100 shares sold, led decliners which also included some hotel issues and Zagrebacka's preferred and bearer stocks.</p>
<p>Another loser, the 1-issue of Varazdinska Banka, which last week joined Pliva and Zagrebacka in the Zagreb bourse's first quotation, dropped 2,000 kuna to 49,000, but on a meagre volume of four shares.</p>
<p>Varazdinska's 2-issue, also fully-listed, traded 30 kuna up to 1,450, selling seven shares.</p>
<p>New entry on the parallel bourse list, agricultural firm Mednik, sold 18,833 units in what looked like two pre-arranged deals. It closed at 714.96 kuna.</p>
<p>Volume rose to 30,580 units and turnover to 21 million kuna from last Friday's 17 million. It compares to only a few million kuna a day no earlier than 10 days ago when trade languished ahead of the elections.</p>
</text>
<copyright>(c) Reuters Limited 1997</copyright>
<metadata>
<codes class="bip:countries:1.0">
  <code code="CRTIA">
    <editdetail attribution="Reuters BIP Coding Group" action="confirmed" date="1997-04-15"/>
  </code>
</codes>
<codes class="bip:topics:1.0">
  <code code="M11">
    <editdetail attribution="Reuters BIP Coding Group" action="confirmed" date="1997-04-15"/>
  </code>
  <code code="MCAT">
    <editdetail attribution="Reuters BIP Coding Group" action="confirmed" date="1997-04-15"/>
  </code>
</codes>
<dc element="dc.date.created" value="1997-04-15"/>
<dc element="dc.publisher" value="Reuters Holdings Plc"/>
<dc element="dc.date.published" value="1997-04-15"/>
<dc element="dc.source" value="Reuters"/>
<dc element="dc.creator.location" value="ZAGREB"/>
<dc element="dc.creator.location.country.name" value="CROATIA"/>
<dc element="dc.source" value="Reuters"/>
</metadata>
</newsitem>
