<?xml version="1.0" encoding="iso-8859-1" ?>
<newsitem itemid="508926" id="root" date="1997-04-15" xml:lang="en">
<title>HUNGARY: Hungarian shares end higher, regain Monday's.</title>
<headline>Hungarian shares end higher, regain Monday's.</headline>
<dateline>BUDAPEST 1997-04-15</dateline>
<text>
<p>Hungarian share prices rebounded on Tuesday more than making up for Monday's losses, traders said.</p>
<p>The BUX index finished at 5,506.52 points, up 63.94.</p>
<p>Analysts said the Dow's movements were important from the Hungarian market's point of view but other factors also had their effect.</p>
<p>&quot;If the Dow Jones moves strongly one way or the other the Hungarian market usually ends up following it in the short-term,&quot; said Tommy Erdei of ABN AMRO Hoare Govett.</p>
<p>&quot;But for the time being we're going to see the market driven by a couple of bigger money managers out there, deciding on what companies they want to hold in their portfolios and what they don't.&quot;</p>
<p>Traders said investors were hungry for any news.</p>
<p>&quot;The market starts to be increasingly nervous with investors beginning to lose their patience,&quot; said Szabolcs Gyongyosi of Daewoo Securities, adding demand in MOL shares has been on the rise as the company is preparing for a new phase of its selloff.</p>
<p>&quot;Before the MOL issue they began to buy good volumes in MOL.&quot;</p>
<p>MOL shares strengthened to a daily high of 3,100 forints before retreating to end at 3,060, up 35.</p>
<p>The market's newcomer, curtain factory Gardenia, continued its rally up to a daily high of 1,990 forints in heavy trade before retreating to close at 1,980, up 215.</p>
<p>BUX futures closed higher for all maturities. June BUX finished at 5,839.5 points, up 75.</p>
<p>The market's short-term outlook was seen remaining flat after massive gains earlier this year, analysts said.</p>
<p>&quot;After the first couple of months of strong fund flows to the market we saw people start to consolidate their holdings, reviewing what they had bought,&quot; Erdei said.</p>
<p>&quot;I think we can more or less expect the same trend to continue for the next month or so, until earnings come out.&quot;</p>
</text>
<copyright>(c) Reuters Limited 1997</copyright>
<metadata>
<codes class="bip:countries:1.0">
  <code code="HUNG">
    <editdetail attribution="Reuters BIP Coding Group" action="confirmed" date="1997-04-15"/>
  </code>
</codes>
<codes class="bip:topics:1.0">
  <code code="M11">
    <editdetail attribution="Reuters BIP Coding Group" action="confirmed" date="1997-04-15"/>
  </code>
  <code code="MCAT">
    <editdetail attribution="Reuters BIP Coding Group" action="confirmed" date="1997-04-15"/>
  </code>
</codes>
<dc element="dc.date.created" value="1997-04-15"/>
<dc element="dc.publisher" value="Reuters Holdings Plc"/>
<dc element="dc.date.published" value="1997-04-15"/>
<dc element="dc.source" value="Reuters"/>
<dc element="dc.creator.location" value="BUDAPEST"/>
<dc element="dc.creator.location.country.name" value="HUNGARY"/>
<dc element="dc.source" value="Reuters"/>
</metadata>
</newsitem>
