<?xml version="1.0" encoding="iso-8859-1" ?>
<newsitem itemid="508995" id="root" date="1997-04-15" xml:lang="en">
<title>RUSSIA: Aeroflot, Boeing sign plane deal Apr 3.</title>
<headline>Aeroflot, Boeing sign plane deal Apr 3.</headline>
<dateline>MOSCOW 1997-04-15</dateline>
<text>
<p>Russia's Aeroflot-Russian International Airlines will sign a final deal with U.S. plane-maker Boeing Co on April 30 to buy ten 737-400 jets worth about $400 million, a senior official said on Tuesday.</p>
<p>Aeroflot's acting chief executive Valery Okulov said the planes would be delivered in 1998-1999.</p>
<p>&quot;We will sign a final agreement on April 30,&quot; Okulov told a news conference.</p>
<p>The two sides signed a memorandum of agreement on the deal last September.</p>
<p>Okulov said the 737-400s would replace short-range Tupolev Tu-134 jets on Aeroflot's domestic and international routes.</p>
<p>&quot;We need these planes to improve air safety and to make our flights more profitable,&quot; he said.</p>
<p>Aeroflot operates 12 Tu-134s in its fleet of 115 aircraft.</p>
<p>Okulov also said the Boeing deal would be Aeroflot's first major purchase made with Russian government financial guarantees.</p>
<p>-- Viktor Anoshkin, Moscow Newsroom, +7095 941 8520</p>
</text>
<copyright>(c) Reuters Limited 1997</copyright>
<metadata>
<codes class="bip:countries:1.0">
  <code code="RUSS">
    <editdetail attribution="Reuters BIP Coding Group" action="confirmed" date="1997-04-15"/>
  </code>
  <code code="USA">
    <editdetail attribution="Reuters BIP Coding Group" action="confirmed" date="1997-04-15"/>
  </code>
</codes>
<codes class="bip:industries:1.0">
  <code code="I36400">
    <editdetail attribution="Reuters BIP Coding Group" action="confirmed" date="1997-04-15"/>
  </code>
  <code code="I3640010">
    <editdetail attribution="Reuters BIP Coding Group" action="confirmed" date="1997-04-15"/>
  </code>
  <code code="I75000">
    <editdetail attribution="Reuters BIP Coding Group" action="confirmed" date="1997-04-15"/>
  </code>
</codes>
<codes class="bip:topics:1.0">
  <code code="C24">
    <editdetail attribution="Reuters BIP Coding Group" action="confirmed" date="1997-04-15"/>
  </code>
  <code code="C33">
    <editdetail attribution="Reuters BIP Coding Group" action="confirmed" date="1997-04-15"/>
  </code>
  <code code="CCAT">
    <editdetail attribution="Reuters BIP Coding Group" action="confirmed" date="1997-04-15"/>
  </code>
</codes>
<dc element="dc.date.created" value="1997-04-15"/>
<dc element="dc.publisher" value="Reuters Holdings Plc"/>
<dc element="dc.date.published" value="1997-04-15"/>
<dc element="dc.source" value="Reuters"/>
<dc element="dc.creator.location" value="MOSCOW"/>
<dc element="dc.creator.location.country.name" value="RUSSIA"/>
<dc element="dc.source" value="Reuters"/>
</metadata>
</newsitem>
