<?xml version="1.0" encoding="iso-8859-1" ?>
<newsitem itemid="508988" id="root" date="1997-04-15" xml:lang="en">
<title>HUNGARY: Hungary Jan-Mar soc.sec gap over 1997 target - govt.</title>
<headline>Hungary Jan-Mar soc.sec gap over 1997 target - govt.</headline>
<dateline>BUDAPEST 1997-04-15</dateline>
<text>
<p>Hungary's January-March social security deficit overshot planned targets for the whole year but the Finance Ministry said it still planned to ensure the deficit stays within target, the ministry said on Tuesday.</p>
<p>&quot;I estimate the (accumulated) deficit was between 15 and 20 billion forints in March,&quot; deputy secreatry of state Csaba Laszlo told a news conference on Tuesday.</p>
<p>Hungary targets a social security deficit of 13.5 billion forints for 1997.</p>
<p>Laszlo said the figure was only an estimate as the Finance Ministry had not yet received detailed figures for February and March from the two social security funds, covering health care and pensions.</p>
<p>However, the ministry said in a statement that social security contribution payments were lower than planned and added that most of the deficit was posted by the health care fund.</p>
<p>Laszlo said the Finance Ministry was engaged in talks with the social security funds about the possible measures by which the 1997 target could be met.</p>
<p>&quot;Currently we do not consider that we should give concessions from the deficit target approve by the Parliament,&quot; he added.</p>
<p>The social security posted a deficit of some 73 billion forints last year, up from a target of 17.8 billion forints.</p>
<p>The International Monetary Fund (IMF), with which Hungary concluded a stand-by loan agreement last March, has warned the government that it should tackle the problem of soaring social security deficits.</p>
<p>-- Sandor Peto, Budapest newsroom (36 1) 327 4040</p>
</text>
<copyright>(c) Reuters Limited 1997</copyright>
<metadata>
<codes class="bip:countries:1.0">
  <code code="HUNG">
    <editdetail attribution="Reuters BIP Coding Group" action="confirmed" date="1997-04-15"/>
  </code>
</codes>
<codes class="bip:topics:1.0">
  <code code="E21">
    <editdetail attribution="Reuters BIP Coding Group" action="confirmed" date="1997-04-15"/>
  </code>
  <code code="E211">
    <editdetail attribution="Reuters BIP Coding Group" action="confirmed" date="1997-04-15"/>
  </code>
  <code code="ECAT">
    <editdetail attribution="Reuters BIP Coding Group" action="confirmed" date="1997-04-15"/>
  </code>
  <code code="GCAT">
    <editdetail attribution="Reuters BIP Coding Group" action="confirmed" date="1997-04-15"/>
  </code>
  <code code="GWELF">
    <editdetail attribution="Reuters BIP Coding Group" action="confirmed" date="1997-04-15"/>
  </code>
</codes>
<dc element="dc.date.created" value="1997-04-15"/>
<dc element="dc.publisher" value="Reuters Holdings Plc"/>
<dc element="dc.date.published" value="1997-04-15"/>
<dc element="dc.source" value="Reuters"/>
<dc element="dc.creator.location" value="BUDAPEST"/>
<dc element="dc.creator.location.country.name" value="HUNGARY"/>
<dc element="dc.source" value="Reuters"/>
</metadata>
</newsitem>
