<?xml version="1.0" encoding="iso-8859-1" ?>
<newsitem itemid="508978" id="root" date="1997-04-15" xml:lang="en">
<title>CZECH REPUBLIC: Czech IPB tender shortlist seen soon - CTK.</title>
<headline>Czech IPB tender shortlist seen soon - CTK.</headline>
<dateline>PRAGUE 1997-04-15</dateline>
<text>
<p>The Czech state privatisation agency, the National Property Fund (NPF), said on Tuesday a shortlist of bidders for a one-third stake in bank IPB a.s. by the end of April, the CTK news agency reported.</p>
<p>CTK quoted NPF Vice-chairman Michal Hruby as saying the whole process of the selloff of 31.5 percent state stake and 4.45 percent stake of state-run post service Ceska Posta s.p. should be finalised by mid-year.</p>
<p>The government has picked the U.S.-based investment bank Salomon Brothers to arrange the selloff, including drawing up the short-list.</p>
<p>&quot;Serious and high quality investors, which we could imagine as IPB's strategic partners, are largely represented among the interested parties,&quot; CTK quoted Hruby as saying.</p>
<p>NPF chairman Roman Ceska, who does not have a seat in the cabinet which must approve the sale, has said Japanese investment bank Nomura had the &quot;best chance&quot; to win the tender.</p>
<p>Czech media have also said Dutch ING Groep NV and ABN AMRO as parties are interested in taking a stake in IPB, although both have refused to comment on the matter.</p>
<p>-- Jan Lopatka, Prague Newsroom, 420-2-2423-0003</p>
</text>
<copyright>(c) Reuters Limited 1997</copyright>
<metadata>
<codes class="bip:countries:1.0">
  <code code="CZREP">
    <editdetail attribution="Reuters BIP Coding Group" action="confirmed" date="1997-04-15"/>
  </code>
</codes>
<codes class="bip:industries:1.0">
  <code code="I79010">
    <editdetail attribution="Reuters BIP Coding Group" action="confirmed" date="1997-04-15"/>
  </code>
  <code code="I81402">
    <editdetail attribution="Reuters BIP Coding Group" action="confirmed" date="1997-04-15"/>
  </code>
  <code code="I83954">
    <editdetail attribution="Reuters BIP Coding Group" action="confirmed" date="1997-04-15"/>
  </code>
  <code code="I8395448">
    <editdetail attribution="Reuters BIP Coding Group" action="confirmed" date="1997-04-15"/>
  </code>
</codes>
<codes class="bip:topics:1.0">
  <code code="C18">
    <editdetail attribution="Reuters BIP Coding Group" action="confirmed" date="1997-04-15"/>
  </code>
  <code code="C181">
    <editdetail attribution="Reuters BIP Coding Group" action="confirmed" date="1997-04-15"/>
  </code>
  <code code="C183">
    <editdetail attribution="Reuters BIP Coding Group" action="confirmed" date="1997-04-15"/>
  </code>
  <code code="CCAT">
    <editdetail attribution="Reuters BIP Coding Group" action="confirmed" date="1997-04-15"/>
  </code>
</codes>
<dc element="dc.date.created" value="1997-04-15"/>
<dc element="dc.publisher" value="Reuters Holdings Plc"/>
<dc element="dc.date.published" value="1997-04-15"/>
<dc element="dc.source" value="Reuters"/>
<dc element="dc.creator.location" value="PRAGUE"/>
<dc element="dc.creator.location.country.name" value="CZECH REPUBLIC"/>
<dc element="dc.source" value="Reuters"/>
</metadata>
</newsitem>
