<?xml version="1.0" encoding="iso-8859-1" ?>
<newsitem itemid="508954" id="root" date="1997-04-15" xml:lang="en">
<title>BOSNIA: In chilly Sarajevo, no outcry over gas cut-off.</title>
<headline>In chilly Sarajevo, no outcry over gas cut-off.</headline>
<byline>Sabina Cosic</byline>
<dateline>SARAJEVO 1997-04-15</dateline>
<text>
<p>Freezing weather has sent a bitter chill through war-blasted Sarajevo where people have been without cooking and heating gas for the past two weeks, residents said on Tuesday.</p>
<p>A dispute over a $12.4 million owed to a Russian gas supplier has left Sarajevans shivering in wintry weather more than a year after their 43-month war ended.</p>
<p>Bosnia's Serb and Moslem-Croat federation officials have been quarreling over how to pay the debt, prompting the Russian gas company to cut off supplies on April 1.</p>
<p>International officials have urged the central government to pay now and settle the issue later for the sake of the city's 360,000 residents.</p>
<p>A major source of heating in Sarajevo, gas is a precious source of energy to almost every household. But instead of protesting, Sarajevans have sought alternatives to gas heating to stave off the cold.</p>
<p>&quot;We continue to be concerned with the gas issue and frankly we are a little bit astonished that there isn't a more democratic outcry and complaint about the lack of gas,&quot; said Colum Murphy, spokesman for the international High Representative to Bosnia.</p>
<p>&quot;I think it's the war psychology and it's also a legacy of the communist era...People just grit their teeth and say: 'Soon it'll be spring and summer and this is just another thing to bear at the moment,' instead of complaining,&quot; Murphy told Reuters.</p>
<p>&quot;I'm afraid I have no influence over the issue,&quot; shrugged 22-year old Eldin. &quot;It didn't even occur to me (to complain).&quot;</p>
<p>Some Sarajevans say the city government, which is involved in the gas talks, is shirking its responsibilities.</p>
<p>&quot;Yeah, I'd like to complain to our mayor, but we don't have one,&quot; said Mladen, 32.</p>
<p>The capital has been without a mayor for more than a year because Moslem and Croat politicians could not agree on the ethnic composition of the city government.</p>
<p>In the meantime, city residents have started to look for other sources of heating, buying electric heaters or rigging up wood-burning stoves.</p>
<p>&quot;People are looking to remove gas as a source of energy and are trying to find alternatives instead of protesting and saying something is wrong with the system,&quot; an embittered lawyer said.</p>
<p>&quot;They think: 'At least there is no shelling' and they submit themselves for more punishment,&quot; Darko, 37, said. &quot;We lived better in some periods of war then we do now.&quot;</p>
<p>Besieged by Bosnian Serb forces from April 1992 until March 1996, Sarajevo went for months without electricity, water and gas as the Serbs turned utilities on and off at will.</p>
<p>Western envoys working to implement Bosnia's peace treaty said they hoped Bosnians would shrug off the numbing effects of war and eventually demand accountability from politicians.</p>
<p>&quot;Surely the society we are all trying to improve and build here will one day be one where the system stands up to demand better service from their politicians,&quot; Murphy said.</p>
</text>
<copyright>(c) Reuters Limited 1997</copyright>
<metadata>
<codes class="bip:countries:1.0">
  <code code="BSHZG">
    <editdetail attribution="Reuters BIP Coding Group" action="confirmed" date="1997-04-15"/>
  </code>
  <code code="RUSS">
    <editdetail attribution="Reuters BIP Coding Group" action="confirmed" date="1997-04-15"/>
  </code>
</codes>
<codes class="bip:industries:1.0">
  <code code="I16200">
    <editdetail attribution="Reuters BIP Coding Group" action="confirmed" date="1997-04-15"/>
  </code>
</codes>
<codes class="bip:topics:1.0">
  <code code="C24">
    <editdetail attribution="Reuters BIP Coding Group" action="confirmed" date="1997-04-15"/>
  </code>
  <code code="C33">
    <editdetail attribution="Reuters BIP Coding Group" action="confirmed" date="1997-04-15"/>
  </code>
  <code code="CCAT">
    <editdetail attribution="Reuters BIP Coding Group" action="confirmed" date="1997-04-15"/>
  </code>
  <code code="E21">
    <editdetail attribution="Reuters BIP Coding Group" action="confirmed" date="1997-04-15"/>
  </code>
  <code code="E212">
    <editdetail attribution="Reuters BIP Coding Group" action="confirmed" date="1997-04-15"/>
  </code>
  <code code="ECAT">
    <editdetail attribution="Reuters BIP Coding Group" action="confirmed" date="1997-04-15"/>
  </code>
</codes>
<dc element="dc.date.created" value="1997-04-15"/>
<dc element="dc.publisher" value="Reuters Holdings Plc"/>
<dc element="dc.date.published" value="1997-04-15"/>
<dc element="dc.source" value="Reuters"/>
<dc element="dc.creator.location" value="SARAJEVO"/>
<dc element="dc.creator.location.country.name" value="BOSNIA"/>
<dc element="dc.source" value="Reuters"/>
</metadata>
</newsitem>
