<?xml version="1.0" encoding="iso-8859-1" ?>
<newsitem itemid="508906" id="root" date="1997-04-15" xml:lang="en">
<title>RUSSIA: Russia says to speed up payments on T-bill mkt.</title>
<headline>Russia says to speed up payments on T-bill mkt.</headline>
<dateline>MOSCOW 1997-04-15</dateline>
<text>
<p>Russia's central bank plans to move to a &quot;day on day&quot; payment system on the government securities market and will undertake steps to cancel pre-payments soon, a top bank official said on Tuesday.</p>
<p>&quot;We will allow money transfers from the market during a trading day as soon as possible, after which we intend to widen open position limits, first for primary dealers and then for everyone, with the final end of cancelling the pre-payment altogether,&quot; First Deputy Chairman Sergei Aleksashenko told State Duma lower house of parliament members.</p>
<p>He said the Moscow Interbank Currency Exchange was preparing a new depositary system which would allow deposit operations.</p>
<p>MICEX would also set up the basis for a repurchase market in which commercial banks would be able to trade with each other, rather than just with the Central Bank under the current system, Aleksashenko said.</p>
<p>--Anna Smirnova, Moscow Newsroom, +7095 941 8520</p>
</text>
<copyright>(c) Reuters Limited 1997</copyright>
<metadata>
<codes class="bip:countries:1.0">
  <code code="RUSS">
    <editdetail attribution="Reuters BIP Coding Group" action="confirmed" date="1997-04-15"/>
  </code>
</codes>
<codes class="bip:topics:1.0">
  <code code="M13">
    <editdetail attribution="Reuters BIP Coding Group" action="confirmed" date="1997-04-15"/>
  </code>
  <code code="M131">
    <editdetail attribution="Reuters BIP Coding Group" action="confirmed" date="1997-04-15"/>
  </code>
  <code code="MCAT">
    <editdetail attribution="Reuters BIP Coding Group" action="confirmed" date="1997-04-15"/>
  </code>
</codes>
<dc element="dc.date.created" value="1997-04-15"/>
<dc element="dc.publisher" value="Reuters Holdings Plc"/>
<dc element="dc.date.published" value="1997-04-15"/>
<dc element="dc.source" value="Reuters"/>
<dc element="dc.creator.location" value="MOSCOW"/>
<dc element="dc.creator.location.country.name" value="RUSSIA"/>
<dc element="dc.source" value="Reuters"/>
</metadata>
</newsitem>
