<?xml version="1.0" encoding="iso-8859-1" ?>
<newsitem itemid="508915" id="root" date="1997-04-15" xml:lang="en">
<title>HUNGARY: Hungary rate hike keeps short-term capital - analyst.</title>
<headline>Hungary rate hike keeps short-term capital - analyst.</headline>
<byline>Sandor Peto</byline>
<dateline>BUDAPEST 1997-04-14</dateline>
<text>
<p>A recent hike in Hungary's central bank rates partly served to keep short term foreign investment in the country and keep the current account deficit at bay, a Postabank Securities analyst said on Monday.</p>
<p>Attila Torok told a news conference that a category of Hungary's balance of payments defined as 'mistakes and omissions' (MAO) was likely to indicate a rise in short-term speculative investment capital inflow into Hungary since 1995.</p>
<p>&quot;An examination of monthly figures showed a connection between the changes in this column and the temporary slowing and quickening of an interest rate decline,&quot; Torok said, adding the category was likely to include speculative capital inflow.</p>
<p>Finance Ministry deputy secretary of state Laszlo Csaba neither confirmed or denied what Torok said.</p>
<p>&quot;Experts argue about MAO but nobody really knows what it is,&quot; he said.</p>
<p>&quot;About hot money you can only know that it is hot money when it leaves,&quot; he said, adding that Hungary did not have to fear a capital flight as government securities offered attractive real yields.</p>
<p>The amount covered by the quoted column rose from $190 million in 1994 to $1.2 billion in 1995, when Hungary launched a strict austerity programme by which it cut the soaring budget and current account deficits substantially, Torok said.</p>
<p>In 1996, this amount rose further to $1.8 billion, he said, adding that the estimated amount of so-called &quot;hot money&quot; in the country increased to around $1 billion.</p>
<p>Torok said real yields on Hungary's government securities dropped so quickly in the first three months of the year that the NBH had to intervene to prevent an outflow of short-term foreign investments and a fall in domestic savings.</p>
<p>The NBH raised the interest rate on its six-month deposit facility by 0.25 percent to 21 percent three weeks ago, surprising the markets which had expected repo rate cuts.</p>
<p>Torok said Hungary needed foreign hot money to some extent as the working capital inflow is not likely to cover the current account deficit this year, and in case of a capital flight the country's foreign debt could rise.</p>
<p>Postabank Securities expects Hungary's working capital inflow to drop to $1.8 billion this year from $1.9 billion in 1996, while it forecasts $2.1 billion current account deficit for 1997, up from $1.7 billion last year.</p>
<p>Torok said household consumption was likely to rise by up to 2.5 percent in 1997, following a four percent drop in 1996, and in line with that the pace of the rise in household savings would probably slow down in the second half of the year.</p>
<p>In the light of that, the NBH rate hike, which reduced the pace of decline in interest rates, was also aimed at preventing the reversal of a rising trend in household savings, he added.</p>
<p>-- Sandor Peto, Budapest newsroom (36 1) 327 4040</p>
</text>
<copyright>(c) Reuters Limited 1997</copyright>
<metadata>
<codes class="bip:countries:1.0">
  <code code="HUNG">
    <editdetail attribution="Reuters BIP Coding Group" action="confirmed" date="1997-04-15"/>
  </code>
</codes>
<codes class="bip:topics:1.0">
  <code code="E12">
    <editdetail attribution="Reuters BIP Coding Group" action="confirmed" date="1997-04-15"/>
  </code>
  <code code="E51">
    <editdetail attribution="Reuters BIP Coding Group" action="confirmed" date="1997-04-15"/>
  </code>
  <code code="E511">
    <editdetail attribution="Reuters BIP Coding Group" action="confirmed" date="1997-04-15"/>
  </code>
  <code code="ECAT">
    <editdetail attribution="Reuters BIP Coding Group" action="confirmed" date="1997-04-15"/>
  </code>
</codes>
<dc element="dc.date.created" value="1997-04-14"/>
<dc element="dc.publisher" value="Reuters Holdings Plc"/>
<dc element="dc.date.published" value="1997-04-15"/>
<dc element="dc.source" value="Reuters"/>
<dc element="dc.creator.location" value="BUDAPEST"/>
<dc element="dc.creator.location.country.name" value="HUNGARY"/>
<dc element="dc.source" value="Reuters"/>
</metadata>
</newsitem>
