<?xml version="1.0" encoding="iso-8859-1" ?>
<newsitem itemid="508921" id="root" date="1997-04-15" xml:lang="en">
<title>BOSNIA: Bosnia Feb retail prices down 0.1 pct m/m.</title>
<headline>Bosnia Feb retail prices down 0.1 pct m/m.</headline>
<dateline>SARAJEVO 1997-03-24</dateline>
<text>
<p>The Statistics Bureau of Bosnia's Moslem-Croat federation issued the following economic indicator details on Monday.</p>
<p>    BOSNIA RETAIL PRICES		 MARCH    FEB     MARCH 96</p>
<p>    Monthly change (pct)		 -0.1     +1.0    +O.3</p>
<p>    Year-on-year change		  +12.0    +11.4   -27.8</p>
<p>NOTES -- The data cover 51 percent of Bosnia-Hercegovina territory. Data for remaining 49 percent are not available.</p>
<p>Retail prices in Jan-March 1997 rose by 10.9 percent compared to the same period in 1996, the office said.</p>
<p>-- Sarajevo newsroom, +387-71-663-864.</p>
</text>
<copyright>(c) Reuters Limited 1997</copyright>
<metadata>
<codes class="bip:countries:1.0">
  <code code="BSHZG">
    <editdetail attribution="Reuters BIP Coding Group" action="confirmed" date="1997-04-15"/>
  </code>
</codes>
<codes class="bip:topics:1.0">
  <code code="E13">
    <editdetail attribution="Reuters BIP Coding Group" action="confirmed" date="1997-04-15"/>
  </code>
  <code code="E131">
    <editdetail attribution="Reuters BIP Coding Group" action="confirmed" date="1997-04-15"/>
  </code>
  <code code="ECAT">
    <editdetail attribution="Reuters BIP Coding Group" action="confirmed" date="1997-04-15"/>
  </code>
</codes>
<dc element="dc.date.created" value="1997-03-24"/>
<dc element="dc.publisher" value="Reuters Holdings Plc"/>
<dc element="dc.date.published" value="1997-04-15"/>
<dc element="dc.source" value="Reuters"/>
<dc element="dc.creator.location" value="SARAJEVO"/>
<dc element="dc.creator.location.country.name" value="BOSNIA"/>
<dc element="dc.source" value="Reuters"/>
</metadata>
</newsitem>
