<?xml version="1.0" encoding="iso-8859-1" ?>
<newsitem itemid="508990" id="root" date="1997-04-15" xml:lang="en">
<title>POLAND: Polish govt accepts Vatican deal before Pope visit.</title>
<headline>Polish govt accepts Vatican deal before Pope visit.</headline>
<byline>Anthony Barker</byline>
<dateline>WARSAW 1997-04-15</dateline>
<text>
<p>Poland's parliament may ratify a long-delayed treaty with the Vatican in time for a visit by Pope John Paul next month after cabinet approved a compromise deal on Tuesday.</p>
<p>Prime Minister Wlodzimierz Cimoszewicz signed a declaration clearing up controversial or unclear issues which had held up ratification of the concordat treaty by Polish legislators.</p>
<p>&quot;I want publicly to express satisfaction that after many months of negotiations with...the Apostolic See, the contents were agreed of the declaration which the Polish government accepted today,&quot; Cimoszewicz told reporters.</p>
<p>Parliament is dominated by ex-communists and its  refusal to ratify the treaty, signed by a previous pro-Catholic centre-right government just before losing elections in 1993, has long been a contentious issue.</p>
<p>If unresolved, it threatened to cast a shadow over the Pope's May 31-June 10 visit to his homeland and provide a key rallying point for the rightist opposition grouped around the pro-Church Solidarity union at September parliamentary polls.</p>
<p>Ex-communist President Aleksander Kwasniewski, who visited the Pope this month, and Poland's foreign minister both argued for ratification, partly to show that Poland honoured treaties.</p>
<p>Members of the ruling ex-communist Democratic Left Alliance (SLD) have argued that the concordat, regulating church-state relations, risked giving the church undue influence.</p>
<p>They refused to approve it, at least until after a new Polish constitution was in place setting out religion's role.</p>
<p>Solidarity chiefs said this reflected deep anti-clericalism among ex-communists who persecuted the church in the past.</p>
<p>After years of debate since the 1989 fall of communism, a new constitution has been agreed by parliamentary parties and is due to be subjected to a referendum on May 25.</p>
<p>Solidarity opposes it partly on the grounds that its world-view is too secular, but if it passes, the constitution will help clear the way for the concordat to be clinched.</p>
<p>The document approved on Tuesday is a unilateral Polish declaration but was settled in long secret negotiations with the Vatican and has the force of an agreement.</p>
<p>Among issues which it settles are an undertaking that the Catholic church will not start to refuse burial in Catholic cemeteries to people of other faiths or none.</p>
<p>Civil and religious marriages will have the same legal status and priests providing voluntary religious education in state schools will be treated like other staff and paid.</p>
<p>Cimoszewicz said that it made clear that specific questions would be regulated by Polish law, without infringing the sovereign powers of parliament or government.</p>
<p>He said the declaration would be sent later on Tuesday to parliament for inclusion in a legislative package ratifying the concordat.</p>
<p>Earlier he told a radio interviewer that parliament may be ready to vote on ratification in late May or early June, which would coincide with the Pope's visit.</p>
</text>
<copyright>(c) Reuters Limited 1997</copyright>
<metadata>
<codes class="bip:countries:1.0">
  <code code="POL">
    <editdetail attribution="Reuters BIP Coding Group" action="confirmed" date="1997-04-15"/>
  </code>
  <code code="VCAN">
    <editdetail attribution="Reuters BIP Coding Group" action="confirmed" date="1997-04-15"/>
  </code>
</codes>
<codes class="bip:topics:1.0">
  <code code="GCAT">
    <editdetail attribution="Reuters BIP Coding Group" action="confirmed" date="1997-04-15"/>
  </code>
  <code code="GDIP">
    <editdetail attribution="Reuters BIP Coding Group" action="confirmed" date="1997-04-15"/>
  </code>
  <code code="GREL">
    <editdetail attribution="Reuters BIP Coding Group" action="confirmed" date="1997-04-15"/>
  </code>
</codes>
<dc element="dc.date.created" value="1997-04-15"/>
<dc element="dc.publisher" value="Reuters Holdings Plc"/>
<dc element="dc.date.published" value="1997-04-15"/>
<dc element="dc.source" value="Reuters"/>
<dc element="dc.creator.location" value="WARSAW"/>
<dc element="dc.creator.location.country.name" value="POLAND"/>
<dc element="dc.source" value="Reuters"/>
</metadata>
</newsitem>
