<?xml version="1.0" encoding="iso-8859-1" ?>
<newsitem itemid="508909" id="root" date="1997-04-15" xml:lang="en">
<title>ESTONIA: EU urges Estonia to speed adoption of EU laws.</title>
<headline>EU urges Estonia to speed adoption of EU laws.</headline>
<dateline>TALLINN 1997-04-15</dateline>
<text>
<p>European Union Commissioner Hans van den Broek on Tuesday urged the Baltic state of Estonia to speed harmonisation of laws in line with EU legislation and continue working to integrate its large Russian population.</p>
<p>&quot;I am impressed with the commitment to reform I meet everywhere and find the work to prepare for EU membership encouraging,&quot; van den Broek said in a statement during a two-day visit to the small nation of 1.5 million people.</p>
<p>&quot;Nevertheless, much remains to be done in the field of single market legislation as well as in terms of law implementation and enforcement,&quot; he added.</p>
<p>Estonia, the smallest of the Baltic nations, has carved out an impressive reputation as a committed reformer, trying to throw off the legacy of 50 years of Soviet rule.</p>
<p>Like neighbours Lithuania and Latvia, it has set its sights on EU and NATO membership.</p>
<p>Van den Broek also discussed the situation of the 500,000 strong Russian minority in Estonia.</p>
<p>&quot;We have also offered assistance in stepping up language training efforts which in our view would help accelerate certain naturalisation procedures in meeting the requirements for citzenship,&quot; he told a news conference. 151548 GMT apr 97</p>
</text>
<copyright>(c) Reuters Limited 1997</copyright>
<metadata>
<codes class="bip:countries:1.0">
  <code code="EEC">
    <editdetail attribution="Reuters BIP Coding Group" action="confirmed" date="1997-04-15"/>
  </code>
  <code code="ESTNIA">
    <editdetail attribution="Reuters BIP Coding Group" action="confirmed" date="1997-04-15"/>
  </code>
</codes>
<codes class="bip:topics:1.0">
  <code code="E51">
    <editdetail attribution="Reuters BIP Coding Group" action="confirmed" date="1997-04-15"/>
  </code>
  <code code="E512">
    <editdetail attribution="Reuters BIP Coding Group" action="confirmed" date="1997-04-15"/>
  </code>
  <code code="ECAT">
    <editdetail attribution="Reuters BIP Coding Group" action="confirmed" date="1997-04-15"/>
  </code>
  <code code="G15">
    <editdetail attribution="Reuters BIP Coding Group" action="confirmed" date="1997-04-15"/>
  </code>
  <code code="G158">
    <editdetail attribution="Reuters BIP Coding Group" action="confirmed" date="1997-04-15"/>
  </code>
  <code code="GCAT">
    <editdetail attribution="Reuters BIP Coding Group" action="confirmed" date="1997-04-15"/>
  </code>
  <code code="GDIP">
    <editdetail attribution="Reuters BIP Coding Group" action="confirmed" date="1997-04-15"/>
  </code>
</codes>
<dc element="dc.date.created" value="1997-04-15"/>
<dc element="dc.publisher" value="Reuters Holdings Plc"/>
<dc element="dc.date.published" value="1997-04-15"/>
<dc element="dc.source" value="Reuters"/>
<dc element="dc.creator.location" value="TALLINN"/>
<dc element="dc.creator.location.country.name" value="ESTONIA"/>
<dc element="dc.source" value="Reuters"/>
</metadata>
</newsitem>
