<?xml version="1.0" encoding="iso-8859-1" ?>
<newsitem itemid="508962" id="root" date="1997-04-15" xml:lang="en">
<title>RUSSIA: Russia Red October 96 pre-tax falls to 168 bn rbls.</title>
<headline>Russia Red October 96 pre-tax falls to 168 bn rbls.</headline>
<dateline>MOSCOW 1997-04-15</dateline>
<text>
<p>Year ended December 31</p>
<p>				    1996		   1995</p>
<p>    Pre-tax profit	    168 bln rbls	 185.04 bln rbls</p>
<p>    Net profit		  127.76 bln rbls    136.49 bln rbls</p>
<p>    Dividend			1,900 rbls	   1,800 rbls</p>
<p>    Net sales		   779.80 bln rbls    n/a</p>
<p>(excluding VAT)</p>
<p>    Operating profit	  163.41 bln rbls    n/a</p>
<p>Profit on financial</p>
<p>    activity		    181.80 bln rbls    n/a</p>
<p>    Production volume	 57,223 tonnes	58,906 tonnes</p>
<p>NOTE - Full company name is OAO Konditerskaya Fabrika Krasny Octyabr.</p>
<p>Dividends per ordinary share with a face value of 1,000 roubles.</p>
<p>Financial results, with the exception of production volume, are not consolidated, only cover Red October parent company.</p>
<p>These figures are not prepared to international accounting standards but to cash-based Russian accounting standards, which differ significantly from those normally supplied in the West. Russian accounts are designed to meet the requirements of the tax authorities. Definitions of profit and assets differ significantly from those in the West, and converting Russian accounts to international standards can turn a profit into a loss.</p>
<p>Figures are not adjusted for inflation or the depreciation of the rouble, but the following data may be helpful.</p>
<p>Dollar on Moscow Interbank Currency Exchange (MICEX):</p>
<p>    Dec 27, 1996	 5,554</p>
<p>    Dec 29, 1995	 4,640</p>
<p>    Dec 29, 1994	 3,550</p>
<p>Year-on-year consumer price inflation rate in December 1996 was 21.8 percent in December 1996 after 131 percent in December 1995 and 215 percent in December 1994 and 840 percent in December 1993.</p>
<p>Figures audited by Grant-Audit. Coopers &amp; Lybrand is currently restating the Russian accounts to international standards and conducting an audit to international standards.</p>
<p>--Julie Tolkacheva, Moscow Newsroom, +7095 941 8520</p>
</text>
<copyright>(c) Reuters Limited 1997</copyright>
<metadata>
<codes class="bip:countries:1.0">
  <code code="RUSS">
    <editdetail attribution="Reuters BIP Coding Group" action="confirmed" date="1997-04-15"/>
  </code>
</codes>
<codes class="bip:industries:1.0">
  <code code="I42100">
    <editdetail attribution="Reuters BIP Coding Group" action="confirmed" date="1997-04-15"/>
  </code>
</codes>
<codes class="bip:topics:1.0">
  <code code="C15">
    <editdetail attribution="Reuters BIP Coding Group" action="confirmed" date="1997-04-15"/>
  </code>
  <code code="C151">
    <editdetail attribution="Reuters BIP Coding Group" action="confirmed" date="1997-04-15"/>
  </code>
  <code code="C1511">
    <editdetail attribution="Reuters BIP Coding Group" action="confirmed" date="1997-04-15"/>
  </code>
  <code code="CCAT">
    <editdetail attribution="Reuters BIP Coding Group" action="confirmed" date="1997-04-15"/>
  </code>
</codes>
<dc element="dc.date.created" value="1997-04-15"/>
<dc element="dc.publisher" value="Reuters Holdings Plc"/>
<dc element="dc.date.published" value="1997-04-15"/>
<dc element="dc.source" value="Reuters"/>
<dc element="dc.creator.location" value="MOSCOW"/>
<dc element="dc.creator.location.country.name" value="RUSSIA"/>
<dc element="dc.source" value="Reuters"/>
</metadata>
</newsitem>
