<?xml version="1.0" encoding="iso-8859-1" ?>
<newsitem itemid="508936" id="root" date="1997-04-15" xml:lang="en">
<title>CZECH REPUBLIC: Direct bond trades on the Czech PSE - April 15.</title>
<headline>Direct bond trades on the Czech PSE - April 15.</headline>
<dateline>PRAGUE 1997-04-15</dateline>
<text>
<p>The following is a list of direct bond trades made on the Prague Stock Exchange:</p>
<p> ISSUE		    Min. Price  Max. Price  Volume  Turnover</p>
<p> BANKA HANA KOMB/98	100.00    100.00	3500   34616.155</p>
<p> CEZ 10,90/01		 99.18     99.18	1000   10793.030</p>
<p> CEZ 11,0625/08	    100.45    100.50	2000   21883.440</p>
<p> CEZ 11,3/05		 100.40    100.50	2000   22048.660</p>
<p> CEZ 14 3/8 /01	    102.50    103.04	2049   21686.439</p>
<p> CMD 13,75/98		101.05    101.05	1000   10563.330</p>
<p> CSOB 11,00/00		99.90    100.00	3150   34414.503</p>
<p> CSOB 11,125/97	     99.45     99.55	  68    1450.323</p>
<p> IPB 11,125/98		98.70     99.10	4950   50303.075</p>
<p> IPB VAR/01		   98.45     98.71     61000  596786.933</p>
<p> JIP 13,875/01	     102.10    102.10	 291    3000.271</p>
<p> KB 11,4/01		  100.30    100.50     10000  106673.000</p>
<p> KB 2 VAR/99		  99.65    101.00     18712  197015.375</p>
<p> KB VAR/99		    99.93     99.93	1000    9975.140</p>
<p> NOVA HUT 12,7/03	  100.15    100.15	1138   11995.248</p>
<p> RYCHNOV/KN 13,1/02	100.00    100.00	 500    5116.445</p>
<p> SAZKA 12,7/01	     100.50    101.37	4800   48216.492</p>
<p> SEVC.PLYN.11,85/03	101.00    101.30	4100   42510.603</p>
<p> ST.DLUHOP. 8,7/00	  98.45     98.60	2000   19963.580</p>
<p> ST.DLUHOP.10,55/02	 99.49     99.70     11000  111599.294</p>
<p> ST.DLUHOP.10,95/01	104.90    105.70     11000  123651.760</p>
<p> ST.DLUHOP.11,4/98	 102.00    102.55     19000  203475.990</p>
<p> ST.DLUHOP.9,15/00	  99.30     99.40	5000   52730.000</p>
<p> ST.DLUHOP.9,25/99	  99.35     99.45	5000   52855.400</p>
<p> ST.DLUHOP.9,4/97	  100.10    100.10	3000   31212.840</p>
<p> ST.DLUHOP.9,40/98	 100.15    100.50     19500  194172.460</p>
<p> ST.DLUHOP.9,45/01	 100.15    100.40	6000   61116.500</p>
<p> SKOFIN 11,625/98	   99.98     99.98	1000   10220.810</p>
<p> TRINEC.ZEL.12,5/01	 95.50     95.50	 100   10511.806</p>
<p>-- Prague Newsroom, 420-2-2423-0003</p>
</text>
<copyright>(c) Reuters Limited 1997</copyright>
<metadata>
<codes class="bip:countries:1.0">
  <code code="CZREP">
    <editdetail attribution="Reuters BIP Coding Group" action="confirmed" date="1997-04-15"/>
  </code>
</codes>
<codes class="bip:topics:1.0">
  <code code="M12">
    <editdetail attribution="Reuters BIP Coding Group" action="confirmed" date="1997-04-15"/>
  </code>
  <code code="MCAT">
    <editdetail attribution="Reuters BIP Coding Group" action="confirmed" date="1997-04-15"/>
  </code>
</codes>
<dc element="dc.date.created" value="1997-04-15"/>
<dc element="dc.publisher" value="Reuters Holdings Plc"/>
<dc element="dc.date.published" value="1997-04-15"/>
<dc element="dc.source" value="Reuters"/>
<dc element="dc.creator.location" value="PRAGUE"/>
<dc element="dc.creator.location.country.name" value="CZECH REPUBLIC"/>
<dc element="dc.source" value="Reuters"/>
</metadata>
</newsitem>
