<?xml version="1.0" encoding="iso-8859-1" ?>
<newsitem itemid="508966" id="root" date="1997-04-15" xml:lang="en">
<title>POLAND: Polish shares close mixed in continuous trade.</title>
<headline>Polish shares close mixed in continuous trade.</headline>
<dateline>WARSAW 1997-04-15</dateline>
<text>
<p>Six stocks rose, two fell and nine were flat in Warsaw bourse 13.5-million-zloty continuous trade on Tuesday with the WIG 20 index closing virtually flat at 1,585.7 points.</p>
<p>The remaining five stocks did not trade.</p>
<p>NFI units rose 0.3 percent to 148 zlotys in a 5.7-million-zloty turnover.</p>
<p>-- Warsaw Newsroom +48 22 653 9700</p>
</text>
<copyright>(c) Reuters Limited 1997</copyright>
<metadata>
<codes class="bip:countries:1.0">
  <code code="POL">
    <editdetail attribution="Reuters BIP Coding Group" action="confirmed" date="1997-04-15"/>
  </code>
</codes>
<codes class="bip:topics:1.0">
  <code code="M11">
    <editdetail attribution="Reuters BIP Coding Group" action="confirmed" date="1997-04-15"/>
  </code>
  <code code="MCAT">
    <editdetail attribution="Reuters BIP Coding Group" action="confirmed" date="1997-04-15"/>
  </code>
</codes>
<dc element="dc.date.created" value="1997-04-15"/>
<dc element="dc.publisher" value="Reuters Holdings Plc"/>
<dc element="dc.date.published" value="1997-04-15"/>
<dc element="dc.source" value="Reuters"/>
<dc element="dc.creator.location" value="WARSAW"/>
<dc element="dc.creator.location.country.name" value="POLAND"/>
<dc element="dc.source" value="Reuters"/>
</metadata>
</newsitem>
