<?xml version="1.0" encoding="iso-8859-1" ?>
<newsitem itemid="508982" id="root" date="1997-04-15" xml:lang="en">
<title>SLOVENIA: Slovenian shares slip, seen treading water.</title>
<headline>Slovenian shares slip, seen treading water.</headline>
<dateline>LJUBLJANA 1997-04-15</dateline>
<text>
<p>Slovenian shares eased on Tuesday, pulled down by a fall in SKB bank, and traders forecast shares would remain range-bound over the short term.</p>
<p>&quot;Liquidity is very low at the moment and in such a situation it is hard to forecast any significant moves in the short-term,&quot; said Bogdan Pusnik of brokers Medvesek Pusnik.</p>
<p>The SBI index fell 8.92 points or 0.66 percent to 1,334.94.</p>
<p>Overall nine shares fell and seven rose, while 11 were untraded. Turnover jumped to 82.9 million tolars from 39.2 million.</p>
<p>SKB had the highest turnover, falling 0.89 percent to 50,000 tolars on volume of 491 shares for total turnover of 24.6 million tolars.</p>
<p>Brokerage Primofin led the day's decliners, tumbling 8.33 percent to 13,200 tolars on volume of 12 shares.</p>
<p>Brokerage Dadas was the top gainer, jumping 8.59 percent to 8,090 tolars, but volume was very low at just five shares. -- Ljubljana newsroom, 386-61-125-8439</p>
</text>
<copyright>(c) Reuters Limited 1997</copyright>
<metadata>
<codes class="bip:countries:1.0">
  <code code="SLVNIA">
    <editdetail attribution="Reuters BIP Coding Group" action="confirmed" date="1997-04-15"/>
  </code>
</codes>
<codes class="bip:topics:1.0">
  <code code="M11">
    <editdetail attribution="Reuters BIP Coding Group" action="confirmed" date="1997-04-15"/>
  </code>
  <code code="MCAT">
    <editdetail attribution="Reuters BIP Coding Group" action="confirmed" date="1997-04-15"/>
  </code>
</codes>
<dc element="dc.date.created" value="1997-04-15"/>
<dc element="dc.publisher" value="Reuters Holdings Plc"/>
<dc element="dc.date.published" value="1997-04-15"/>
<dc element="dc.source" value="Reuters"/>
<dc element="dc.creator.location" value="LJUBLJANA"/>
<dc element="dc.creator.location.country.name" value="SLOVENIA"/>
<dc element="dc.source" value="Reuters"/>
</metadata>
</newsitem>
