<?xml version="1.0" encoding="iso-8859-1" ?>
<newsitem itemid="508977" id="root" date="1997-04-15" xml:lang="en">
<title>POLAND: Polish '97 CPI goal within reach after March data.</title>
<headline>Polish '97 CPI goal within reach after March data.</headline>
<byline>Jan Strupczewski</byline>
<dateline>WARSAW 1997-04-15</dateline>
<text>
<p>Poland's consumer price index fell to year-on-year 16.6 percent in March from 17.3 percent in February, putting the country's ambitious 13 percent target for December this year within reach, analysts said on Tuesday.</p>
<p>They said the overall index was pulled down by the slow growth of food prices, which rose 0.3 percent in March, to bring the year-on-year food price index down to 14.1 percent.</p>
<p>&quot;Food prices have been pulling down the CPI index and the 13-percent goal has become realistic, with inflation below 14 percent in December very possible,&quot; Adam Czyzewski, economist at the independent NOBE economic institute.</p>
<p>Analysts expected slow food price growth to keep the overall index edging down for at least the next three months.</p>
<p>&quot;I expect food prices will not rise more than 0.5 point each month in the next quarter, taking the year-on-year index below 16 percent already in April,&quot; said Taduesz Chroscicki, chief analyst at the government Centre for Strategic Studies.</p>
<p>Analysts said the 13 percent December target could be jeopardised if bad weather conditions damaged Poland's crops or fuel prices jumped on world markets.</p>
<p>They also said Poland needed to watch wage growth, which stood at more than four percent in real terms after the first quarter, against this year's budget target of a 2.5 percent real-term increase in 1997.</p>
<p>Poland is scheduled to hold parliamentary polls in the fourth quarter of the year.</p>
<p>Analysts said that although optimistic, the March data did not give sufficient grounds for a rate cut, as the National Bank of Poland and the finance ministry were more concerned with cooling the country's robust domestic demand.</p>
<p>-- Warsaw Newsroom +48 22 653 9700</p>
</text>
<copyright>(c) Reuters Limited 1997</copyright>
<metadata>
<codes class="bip:countries:1.0">
  <code code="POL">
    <editdetail attribution="Reuters BIP Coding Group" action="confirmed" date="1997-04-15"/>
  </code>
</codes>
<codes class="bip:topics:1.0">
  <code code="E13">
    <editdetail attribution="Reuters BIP Coding Group" action="confirmed" date="1997-04-15"/>
  </code>
  <code code="E131">
    <editdetail attribution="Reuters BIP Coding Group" action="confirmed" date="1997-04-15"/>
  </code>
  <code code="ECAT">
    <editdetail attribution="Reuters BIP Coding Group" action="confirmed" date="1997-04-15"/>
  </code>
</codes>
<dc element="dc.date.created" value="1997-04-15"/>
<dc element="dc.publisher" value="Reuters Holdings Plc"/>
<dc element="dc.date.published" value="1997-04-15"/>
<dc element="dc.source" value="Reuters"/>
<dc element="dc.creator.location" value="WARSAW"/>
<dc element="dc.creator.location.country.name" value="POLAND"/>
<dc element="dc.source" value="Reuters"/>
</metadata>
</newsitem>
