<?xml version="1.0" encoding="iso-8859-1" ?>
<newsitem itemid="508940" id="root" date="1997-04-15" xml:lang="en">
<title>BOSNIA: Bosnia March output up 12.3 pct m/m, 52.9 y/y.</title>
<headline>Bosnia March output up 12.3 pct m/m, 52.9 y/y.</headline>
<dateline>SARAJEVO 1997-04-15</dateline>
<text>
<p>The Statistics Buraeu of Bosnia's Moslem-Croat federation issued the following economic indicator details on Monday.</p>
<p>    BOSNIA INDUSTRIAL PRODUCTION	MARCH   FEB     MARCH 96</p>
<p>    Monthly change (pct)		  +12.3   -3.9    +5.5</p>
<p>    Year-on-year change		   +52.9   +42.2   +65.4</p>
<p>NOTES -- The data cover 51 percent of the territory of Bosnia-Hercegovina. No data are available for remaining 49 percent. Bosnian industrial output is up 52.9 percent in Jan-March period compared to the same period in 1996, but March 1997 production is down 87.4 percent compared to the prewar March 1991 output, the office said.</p>
<p>    BOSNIA RETAIL PRICES		 MARCH    FEB     MARCH 96</p>
<p>    Monthly change (pct)		 -0.1     +1.0    +O.3</p>
<p>    Year-on-year change		  +12.0    +11.4   -27.8</p>
<p>NOTES -- The data cover 51 percent of Bosnia-Hercegovina territory. Data for remaining 49 percent are not available. Retail prices in Jan-March 1997 rose by 10.9 percent compared to the same period in 1996, the office said.</p>
<p>    INDUSTRIAL PRODUCER PRICES	MARCH    FEB   MARCH 96</p>
<p>    Monthly change (pct)		-8.6     -0.2  -8.1</p>
<p>    Year-on-year change		 +5.8     +6.4  -9.6</p>
<p>NOTES -- The data cover 51 percent of Bosnia-Hercegovina territory. Data for remaining 49 percent are not available. -- Sarajevo newsroom, +387-71-663-864.</p>
</text>
<copyright>(c) Reuters Limited 1997</copyright>
<metadata>
<codes class="bip:countries:1.0">
  <code code="BSHZG">
    <editdetail attribution="Reuters BIP Coding Group" action="confirmed" date="1997-04-15"/>
  </code>
</codes>
<codes class="bip:topics:1.0">
  <code code="E31">
    <editdetail attribution="Reuters BIP Coding Group" action="confirmed" date="1997-04-15"/>
  </code>
  <code code="E311">
    <editdetail attribution="Reuters BIP Coding Group" action="confirmed" date="1997-04-15"/>
  </code>
  <code code="ECAT">
    <editdetail attribution="Reuters BIP Coding Group" action="confirmed" date="1997-04-15"/>
  </code>
</codes>
<dc element="dc.date.created" value="1997-04-15"/>
<dc element="dc.publisher" value="Reuters Holdings Plc"/>
<dc element="dc.date.published" value="1997-04-15"/>
<dc element="dc.source" value="Reuters"/>
<dc element="dc.creator.location" value="SARAJEVO"/>
<dc element="dc.creator.location.country.name" value="BOSNIA"/>
<dc element="dc.source" value="Reuters"/>
</metadata>
</newsitem>
