<?xml version="1.0" encoding="iso-8859-1" ?>
<newsitem itemid="508963" id="root" date="1997-04-15" xml:lang="en">
<title>CROATIA: Croatian lending rate rises 20 bps to 11.5 pct.</title>
<headline>Croatian lending rate rises 20 bps to 11.5 pct.</headline>
<dateline>ZAGREB 1997-04-15</dateline>
<text>
<p>Croatian average lending rate rose 20 basis points to 11.5 percent on Tuesday boosted by higher volume of term loans.</p>
<p>The daily trade was put at 41.8 million kuna, leaving some 10 million on the supply side.</p>
<p>Fresh borrowings accounted for only 18 million kuna. Two thirds of the trade were call money deals granted mostly at a steady 10.5 percent.</p>
<p>Insurers rolled over one-week funds at nine percent and two-week borrowings at 12 percent. Banks charged between 12 and 16 percent for renewed deals.</p>
<p>The central bank calculated its kuna midrates for Wednesday weaker at 6.1870 against the dollar and firmer at 3.57300 versus the German mark. -- Sandra Kalogjera, Zagreb Newsroom, 385-1-4557075</p>
</text>
<copyright>(c) Reuters Limited 1997</copyright>
<metadata>
<codes class="bip:countries:1.0">
  <code code="CRTIA">
    <editdetail attribution="Reuters BIP Coding Group" action="confirmed" date="1997-04-15"/>
  </code>
</codes>
<codes class="bip:topics:1.0">
  <code code="M13">
    <editdetail attribution="Reuters BIP Coding Group" action="confirmed" date="1997-04-15"/>
  </code>
  <code code="M131">
    <editdetail attribution="Reuters BIP Coding Group" action="confirmed" date="1997-04-15"/>
  </code>
  <code code="MCAT">
    <editdetail attribution="Reuters BIP Coding Group" action="confirmed" date="1997-04-15"/>
  </code>
</codes>
<dc element="dc.date.created" value="1997-04-15"/>
<dc element="dc.publisher" value="Reuters Holdings Plc"/>
<dc element="dc.date.published" value="1997-04-15"/>
<dc element="dc.source" value="Reuters"/>
<dc element="dc.creator.location" value="ZAGREB"/>
<dc element="dc.creator.location.country.name" value="CROATIA"/>
<dc element="dc.source" value="Reuters"/>
</metadata>
</newsitem>
