<?xml version="1.0" encoding="iso-8859-1" ?>
<newsitem itemid="508901" id="root" date="1997-04-15" xml:lang="en">
<title>ROMANIA: Romania government to control privatisation agency.</title>
<headline>Romania government to control privatisation agency.</headline>
<dateline>BUCHAREST 1997-04-15</dateline>
<text>
<p>Romania's government has decided to place the country's key privatisation agency under its direct control to speed up reforms, Reform Minister Ulm Spineanu said on Tuesday.</p>
<p>Spineanu told a news conference that the State Ownership Fund (FPS) would now be responsible to the centrist government elected last November, rather than parliament.</p>
<p>&quot;We had expected a quicker pace of selloffs in the past two months,&quot; Spineanu said after a cabinet meeting. &quot;We want to put greater responsibility on (FPS) employees or board members and make them implement the government's reform strategy.&quot;</p>
<p>Since its creation in 1992, the FPS has sold some 3,000 of more than 6,500 companies in which it held 70 percent of shares. It has been frequently accused of irregularities and of delaying sell-offs.</p>
<p>Spineanu cited studies showing that 50 companies which received FPS funds to make them more profitable before privatisation had in fact increased their losses. Managers of state-run companies, he said, were concealing unprofitability.</p>
<p>&quot;Chaos in data on companies' performance makes it impossible to take concrete decisions,&quot; Spineanu said.</p>
<p>The government's overall privatisation plan calls for the private sector to account for 80 percent of gross domestic product by the year 2000 against 52 percent last year.</p>
<p>A new FPS president, Sorin Dimitriu, was elected early this year in a reshuffle replacing all 17 members on its board following last November's election defeat of ex-communists.</p>
<p>Spineanu also said that 40 percent of privatisation receipts would become state budget revenues. Half would go towards regional development and environment protection.</p>
<p>Earlier this year Dimitriu pledged to put 75 percent of the economy in private hands within two years, through offerings through the stock exchange, the over-the-counter market and direct negotiations for attractive equities.</p>
<p>Western and Romanian analysts accused the ousted government of stalling reforms and doing little to encourage foreign investment in Romania, eastern Europe's second largest market after Poland. Direct foreign investment since 1989 stands at $2.3 billion, far lower than most other ex-communist countries.</p>
</text>
<copyright>(c) Reuters Limited 1997</copyright>
<metadata>
<codes class="bip:countries:1.0">
  <code code="ROM">
    <editdetail attribution="Reuters BIP Coding Group" action="confirmed" date="1997-04-15"/>
  </code>
</codes>
<codes class="bip:topics:1.0">
  <code code="C18">
    <editdetail attribution="Reuters BIP Coding Group" action="confirmed" date="1997-04-15"/>
  </code>
  <code code="C183">
    <editdetail attribution="Reuters BIP Coding Group" action="confirmed" date="1997-04-15"/>
  </code>
  <code code="CCAT">
    <editdetail attribution="Reuters BIP Coding Group" action="confirmed" date="1997-04-15"/>
  </code>
  <code code="E12">
    <editdetail attribution="Reuters BIP Coding Group" action="confirmed" date="1997-04-15"/>
  </code>
  <code code="ECAT">
    <editdetail attribution="Reuters BIP Coding Group" action="confirmed" date="1997-04-15"/>
  </code>
</codes>
<dc element="dc.date.created" value="1997-04-15"/>
<dc element="dc.publisher" value="Reuters Holdings Plc"/>
<dc element="dc.date.published" value="1997-04-15"/>
<dc element="dc.source" value="Reuters"/>
<dc element="dc.creator.location" value="BUCHAREST"/>
<dc element="dc.creator.location.country.name" value="ROMANIA"/>
<dc element="dc.source" value="Reuters"/>
</metadata>
</newsitem>
