<?xml version="1.0" encoding="iso-8859-1" ?>
<newsitem itemid="508932" id="root" date="1997-04-15" xml:lang="en">
<title>YUGOSLAVIA: Serbia to establish export support fund. [CORRECTED 17:45 GMT]</title>
<headline>Serbia to establish export support fund. [CORRECTED 17:45 GMT]</headline>
<dateline>BELGRADE 1997-04-15</dateline>
<text>
<p>Serbia plans to set up an export support fund to help its industries increase competitiveness abroad, Industry Minister Zivota Cosic (Corrects Minister's last name from Ristic) said on Tuesday.</p>
<p>&quot;The government has taken the initiative to establish a fund to help export-oriented industries and we expect the federal government to accept it,&quot; Cosic told Reuters.</p>
<p>The government will give its final say on the issue by June 1, Cosic said.</p>
<p>&quot;I cannot talk about the size of the fund because first we need to see what sources of financing we have. But any financing will come from real sources. This is a big step forward and an offensive approach by the government,&quot; he said.</p>
<p>The establishment of the export support fund was a part of the government's wider strategy to kick-start its vital metal-processing complex to take part in five billion dinars ($880 million) worth of various industrial programmes.</p>
<p>The metal-processing industry was promised to take an active part in the China oil-for-industrial goods barter deal, revitalising the Zastava car production, some local power industry projects, telecommunications, railroads and trans-Yugoslav highways. -- Gordana Filipovic, Belgrade newsroom, +381 11 222 4254</p>
</text>
<copyright>(c) Reuters Limited 1997</copyright>
<metadata>
<codes class="bip:countries:1.0">
  <code code="YUG">
    <editdetail attribution="Reuters BIP Coding Group" action="confirmed" date="1997-04-15"/>
  </code>
</codes>
<codes class="bip:topics:1.0">
  <code code="E51">
    <editdetail attribution="Reuters BIP Coding Group" action="confirmed" date="1997-04-15"/>
  </code>
  <code code="E512">
    <editdetail attribution="Reuters BIP Coding Group" action="confirmed" date="1997-04-15"/>
  </code>
  <code code="ECAT">
    <editdetail attribution="Reuters BIP Coding Group" action="confirmed" date="1997-04-15"/>
  </code>
</codes>
<dc element="dc.date.created" value="1997-04-15"/>
<dc element="dc.publisher" value="Reuters Holdings Plc"/>
<dc element="dc.date.published" value="1997-04-15"/>
<dc element="dc.source" value="Reuters"/>
<dc element="dc.creator.location" value="BELGRADE"/>
<dc element="dc.creator.location.country.name" value="YUGOSLAVIA"/>
<dc element="dc.source" value="Reuters"/>
</metadata>
</newsitem>
