<?xml version="1.0" encoding="iso-8859-1" ?>
<newsitem itemid="508937" id="root" date="1997-04-15" xml:lang="en">
<title>CZECH REPUBLIC: Direct equity trades on the Czech PSE - April 15.</title>
<headline>Direct equity trades on the Czech PSE - April 15.</headline>
<dateline>PRAGUE 1997-04-15</dateline>
<text>
<p>The following is a list of</p>
<p>direct equity trades made on the Prague Stock Exchange:</p>
<p> ISSUE		    Min. Price  Max.Price  Volume   Turnover</p>
<p>				   CZK	  CZK   (shares)(CZK 000's)</p>
<p> 1.IF ZIVNOBANKA	   457.70    463.73	9247    4259.285</p>
<p> AGB, PODILOVY FOND	600.00    600.00	1000     600.000</p>
<p> ATAS NACHOD		 300.00    300.00	2234     670.200</p>
<p> C. RADIOKOMUNIKACE     3510.00   3510.00	 500    1755.000</p>
<p> CESKA POJISTOVNA	 2940.22   2976.11	1400    4141.441</p>
<p> CESKA SPORITELNA	  297.99    304.00     26560    7965.724</p>
<p> CESKA ZBROJOVKA	  1869.55   1869.55	 338     631.910</p>
<p> CEZ			  1037.00   1065.00     92500   97066.301</p>
<p> CKD PRAHA HOLDING	 885.00    890.00     20000   17750.000</p>
<p> ELEKTRARNY OPATOV.     4368.55   4450.00	3600   15873.556</p>
<p> ENERG. STROJ. BRNO	170.00    170.00     30810    5237.700</p>
<p> FATRA			 633.28    633.28	1877    1188.667</p>
<p> GALENA		     1492.06   1492.70	1736    2590.867</p>
<p> CHEMOPETROL GROUP	1340.00   1361.59	6651    8951.593</p>
<p> IPS PRAHA		   253.04    254.00     40000   10140.950</p>
<p> KAUCUK GROUP	     1435.00   1442.00	5500    7919.200</p>
<p> KOMERCNI BANKA	   2200.00   2565.36    152800  349134.840</p>
<p> KOMERCNI BANKA IF	 590.00    590.00	1000     590.000</p>
<p> LECIVA PRAHA	     2220.00   2450.00	4000    9400.000</p>
<p> NOVA HUT		    522.00    522.00	2500    1305.000</p>
<p> OKD			   172.70    173.70     17098    2959.954</p>
<p> OMNIPOL		     285.00    285.00     17737    5055.045</p>
<p> PF IKS KB PLUS	    182.00    182.00     10000    1820.000</p>
<p> PF YSE AKCIONARU	  277.20    277.20	2589     717.671</p>
<p> PRVNI SEVZAP.TEPL.     1400.00   1400.00	1368    1915.200</p>
<p> PVT			  2892.80   2892.80	 303     876.518</p>
<p> RAKOV.KER. ZAVODY	1425.00   1435.00	6390    9137.700</p>
<p> RIF			   680.69    680.69	6500    4424.485</p>
<p> SEVEROCES.TEPLARNY	723.75    723.75	6576    4759.380</p>
<p> SKLO UNION TEPLICE	 94.33     94.33	2424     228.678</p>
<p> SPIF VYNOSOVY	     174.39    177.09     23500    4134.676</p>
<p> SPT TELECOM		3328.00   3520.00     76650  264792.344</p>
<p> SSZ			  1285.00   1300.00	4500    5842.500</p>
<p> SYNTHESIA		   229.73    229.73	 879     201.933</p>
<p> SKODA PLZEN		 960.00    970.00	3600    3468.637</p>
<p> SKODA PRAHA		 884.41    884.41	7500    6633.075</p>
<p> TABAK			8300.00   8300.00	 142    1178.600</p>
<p> TRANSAKTA		   150.00    155.00	4764     726.510</p>
<p> VITKOVICE		   200.00    205.00	6000    1215.000</p>
<p> VODNI STAVBY PRAHA     1100.00   1105.00     10000   11025.000</p>
<p> ZAPC. ENERGETIKA	 2312.00   2312.00	 683    1579.096</p>
<p>-- Prague Newsroom, 420-2-2423-0003</p>
</text>
<copyright>(c) Reuters Limited 1997</copyright>
<metadata>
<codes class="bip:countries:1.0">
  <code code="CZREP">
    <editdetail attribution="Reuters BIP Coding Group" action="confirmed" date="1997-04-15"/>
  </code>
</codes>
<codes class="bip:topics:1.0">
  <code code="M11">
    <editdetail attribution="Reuters BIP Coding Group" action="confirmed" date="1997-04-15"/>
  </code>
  <code code="MCAT">
    <editdetail attribution="Reuters BIP Coding Group" action="confirmed" date="1997-04-15"/>
  </code>
</codes>
<dc element="dc.date.created" value="1997-04-15"/>
<dc element="dc.publisher" value="Reuters Holdings Plc"/>
<dc element="dc.date.published" value="1997-04-15"/>
<dc element="dc.source" value="Reuters"/>
<dc element="dc.creator.location" value="PRAGUE"/>
<dc element="dc.creator.location.country.name" value="CZECH REPUBLIC"/>
<dc element="dc.source" value="Reuters"/>
</metadata>
</newsitem>
