<?xml version="1.0" encoding="iso-8859-1" ?>
<newsitem itemid="508959" id="root" date="1997-04-15" xml:lang="en">
<title>RUSSIA: FOCUS-Russia to issue Eurobond to cover deficit.</title>
<headline>FOCUS-Russia to issue Eurobond to cover deficit.</headline>
<byline>Christina Ling</byline>
<dateline>MOSCOW 1997-04-15</dateline>
<text>
<p>Russia announced on Tuesday it planned to call for funds again soon from international capital markets with a new dollar Eurobond after its recent successful dollar and mark issues.</p>
<p>A brief statement from First Deputy Prime Minister Anatoly Chubais said the dollar bond, running for at least five years, would be managed by investment banks JP Morgan and SBC Warburg.</p>
<p>Russia issued a heavily oversubscribed $1 billion dollar five-year bond in November last year, and a well received two billion mark ($1.2 billion), seven-year bond in March this year.</p>
<p>Officials have repeatedly said there will be further borrowing this year, with a dollar Eurobond and one denominated in a currency still to be decided, but had previously said these issues would probably follow in the autumn.</p>
<p>But economists said plans to tap the market now had been spurred by intense budget deficit pressure.</p>
<p>&quot;All the money they get now goes into paying pensions and wages -- that is what happened with the Deutschemark issue,&quot; said Florian Fenner, research analyst at Brunswick.</p>
<p>&quot;They don't care how they do that, they just want to do it.&quot;</p>
<p>Tax revenues in the first quarter were only 60 percent of budgeted levels.</p>
<p>Economists said the Russian government, already the focus of domestic outrage over chronic wage and pension arrears and facing severe budget cuts this month, desperately needed the bond money.</p>
<p>The International Monetary Fund has effectively suspended payments of its $10 billion three-year loan this year and there are no signs that a resumption of lending is imminent.</p>
<p>&quot;I would have thought they'd want the Eurobond out as quickly as possible because of the delay in IMF disbursement this year,&quot; said Charles Robertson, East European analyst at Hilfe.</p>
<p>Economists said Russia also hoped to capitalise on the positive tone of recent coments by IMF head Michel Camdessus and World Bank President James Wolfensohn by issuing the bond soon.</p>
<p>Camdessus said Russia could become an economic superpower if it pursued reforms actively, and Wolfensohn pledged $6 billion in loans to Russia over the next two years during his visit.</p>
<p>&quot;I imagine they're going to be aiming at a lower yield than either of (the previous) two, as they have seemingly more enthusiastic IMF backing and top reformists in key positions in the government since the March reshuffle,&quot; Robertson said.</p>
<p>Russia's November 9.25 percent bond, the largest ever sovereign debut issue, was priced to yield 345 basis points over five-year U.S. Treasury notes.</p>
<p>Russia was rated BB- by Standard and Poor's, Ba2 by Moody's and BB+ by IBCA for the issue.</p>
<p>Demand for Russia's Eurobonds, and an active domestic government securities market on which foreign investors are active players have reduced Russia's dependence on the IMF as a source of funds.</p>
<p>Chubais said last week Russia might receive its last IMF loan this year and economic conditions allowed a transition from World Bank loans directly funding the budget to concrete investment projects.</p>
<p>But the presence of an IMF programme is still an important source of customers to investors in Russian paper.</p>
<p>Several regional governments and companies have announced plans to issue Eurobonds, and the cities of Moscow, St Petersburg and Nizhny Novgorod region were last week granted permission to issue their own bonds.</p>
<p>&quot;In a year's time its not going to be big news anymore that Russia is issuing Eurobonds,&quot; Fenner said.</p>
</text>
<copyright>(c) Reuters Limited 1997</copyright>
<metadata>
<codes class="bip:countries:1.0">
  <code code="RUSS">
    <editdetail attribution="Reuters BIP Coding Group" action="confirmed" date="1997-04-15"/>
  </code>
</codes>
<codes class="bip:topics:1.0">
  <code code="E21">
    <editdetail attribution="Reuters BIP Coding Group" action="confirmed" date="1997-04-15"/>
  </code>
  <code code="E212">
    <editdetail attribution="Reuters BIP Coding Group" action="confirmed" date="1997-04-15"/>
  </code>
  <code code="ECAT">
    <editdetail attribution="Reuters BIP Coding Group" action="confirmed" date="1997-04-15"/>
  </code>
</codes>
<dc element="dc.date.created" value="1997-04-15"/>
<dc element="dc.publisher" value="Reuters Holdings Plc"/>
<dc element="dc.date.published" value="1997-04-15"/>
<dc element="dc.source" value="Reuters"/>
<dc element="dc.creator.location" value="MOSCOW"/>
<dc element="dc.creator.location.country.name" value="RUSSIA"/>
<dc element="dc.source" value="Reuters"/>
</metadata>
</newsitem>
