<?xml version="1.0" encoding="iso-8859-1" ?>
<newsitem itemid="508985" id="root" date="1997-04-15" xml:lang="en">
<title>RUSSIA: Russian Red October to issue shares.</title>
<headline>Russian Red October to issue shares.</headline>
<dateline>MOSCOW 1997-04-15</dateline>
<text>
<p>Russia's biggest confectioner OAO Red October plans to issue preferred shares through a private placement in April or May this year, the company's president Anatoly Daursky said on Tuesday.</p>
<p>&quot;We have been in a hurry with our shareholders' meeting and with the audit due to our preferred shares issue,&quot; Daursky told a news conference. &quot;June and July will be a dead season, but April or May will be right for the launch.&quot;</p>
<p>The Red October shareholders' meeting on April 12 approved an issue of about 1.48 million preferred shares, to be sold at 75-80 percent of the market value of ordinary shares at the time of placement, the company said in a statement. It is Red October's first issue of preferred shares.</p>
<p>On the Russian Trading System, a local version of NASDAQ, Red October was last traded at $20.0 on April 11.</p>
<p>Brunswick is the company's lead manager on the issue.</p>
<p>The company raised the 1996 dividend on ordinary shares to 1,900 roubles from 1,800 roubles in 1,800.</p>
<p>Currently Red October's single biggest shareholder is the Moscow government with 19.7 percent of shares. Foreign companies own 31.7 percent.</p>
<p>--Julie Tolkacheva, Moscow Newsroom, +7095 941 8520</p>
</text>
<copyright>(c) Reuters Limited 1997</copyright>
<metadata>
<codes class="bip:countries:1.0">
  <code code="RUSS">
    <editdetail attribution="Reuters BIP Coding Group" action="confirmed" date="1997-04-15"/>
  </code>
</codes>
<codes class="bip:industries:1.0">
  <code code="I42100">
    <editdetail attribution="Reuters BIP Coding Group" action="confirmed" date="1997-04-15"/>
  </code>
</codes>
<codes class="bip:topics:1.0">
  <code code="C14">
    <editdetail attribution="Reuters BIP Coding Group" action="confirmed" date="1997-04-15"/>
  </code>
  <code code="C17">
    <editdetail attribution="Reuters BIP Coding Group" action="confirmed" date="1997-04-15"/>
  </code>
  <code code="C171">
    <editdetail attribution="Reuters BIP Coding Group" action="confirmed" date="1997-04-15"/>
  </code>
  <code code="CCAT">
    <editdetail attribution="Reuters BIP Coding Group" action="confirmed" date="1997-04-15"/>
  </code>
</codes>
<dc element="dc.date.created" value="1997-04-15"/>
<dc element="dc.publisher" value="Reuters Holdings Plc"/>
<dc element="dc.date.published" value="1997-04-15"/>
<dc element="dc.source" value="Reuters"/>
<dc element="dc.creator.location" value="MOSCOW"/>
<dc element="dc.creator.location.country.name" value="RUSSIA"/>
<dc element="dc.source" value="Reuters"/>
</metadata>
</newsitem>
