<?xml version="1.0" encoding="iso-8859-1" ?>
<newsitem itemid="508929" id="root" date="1997-04-15" xml:lang="en">
<title>RUSSIA: Big hurdles face Yeltsin in &quot;Buy Russian&quot; campaign.</title>
<headline>Big hurdles face Yeltsin in &quot;Buy Russian&quot; campaign.</headline>
<byline>Timothy Heritage</byline>
<dateline>MOSCOW 1997-04-15</dateline>
<text>
<p>President Boris Yeltsin reaped some immediate political capital on Tuesday from a new &quot;Buy Russian&quot; campaign but politicians and analysts played down the chances of any rapid economic gains.</p>
<p>Yeltsin's appeal for Russians to buy domestic goods instead of imports was the latest effort by the Kremlin leader to regain his place as paramount leader, partly by tackling economic problems, after months off the scene with ill health.</p>
<p>The call crossed political barriers, just as a new crusade against corruption has a broad appeal, and appealed at least as much to nationalists and communists as his more traditional liberal supporters.</p>
<p>&quot;Yeltsin is showing himself searching for a way out of the economic crisis and making up for his long absence,&quot; said Irina Kobrinskaya, a political analyst at the Moscow office of the Carnegie Endowment for International Peace.</p>
<p>Admiring Yeltsin's delivery of the radio address, in which he recalled his pride in giving his wife Russian-made white gym shoes many years ago, she said: &quot;Neither the left, the right, the communists or anyone can be against this.&quot;</p>
<p>Since he returned to the Kremlin less than two months ago after heart problems followed by pneumonia, Yeltsin has been trying to reassert his grip on power and show a firm hand. He has criticised those around him and reshuffled the government.</p>
<p>In his sixth year in office, and almost a year into his second and final presidential term, the 66-year-old Kremlin leader is trying to shake off the image as a destroyer which he gained by helping end communist rule and bury the Soviet Union.</p>
<p>Many political commentators say he now wants to show he is a creator, or builder, by putting economic reforms on track and uniting Russians of all political colours behind his efforts.</p>
<p>Opposition politicians reacted positively to the idea behind his campaign, just as they welcomed his declaration of war on corruption through gritted teeth earlier this month.</p>
<p>&quot;I have to admit that this time the president is playing on the people's side and doing the right thing,&quot; Valentin Varennikov, a communist member of parliament, said.</p>
<p>&quot;It is a step in the right direction. He has started thinking positively,&quot; conservative Agrarian leader Nikolai Kharitonov said begrudgingly.</p>
<p>But even some of the politicians who welcomed the campaign gave it little chance of a quick success in economic terms.</p>
<p>A glance at any of the thousands of street kiosks in Moscow provides a clue to the size of the task Yeltsin faces.</p>
<p>The kiosks are monuments to the growth of private enterprise and the economic changes since the Soviet Union collapsed in 1991, but Russians goods are often hard to find alongside the brightly-coloured imported products.</p>
<p>&quot;The campaign is a good thing but it is unclear how effective it will be,&quot; said liberal parliamentarian Vladimir Lukin.</p>
<p>&quot;I'll buy domestic goods when they are better and cheaper than foreign ones. You know what choice any normal person will make if he has to choose between domestic goods which are expensive and of poor quality, and good and cheap foreign products.&quot;</p>
<p>Critics said Yeltsin must take separate measures to give Russians a reason to buy national products.</p>
<p>They said some foreign companies produce their goods in Russia and provide a source of employment for Russians.</p>
<p>Liberal parliamentarian Sergei Ivanenko called for tax relief to help domestic producers. Centrist deputy Pavel Bunich proposed high customs duties.</p>
<p>But Yeltsin has ruled out protectionist moves, which would risk a row with Western countries that could dent Russia's hopes of joining international trade and economic groups.</p>
<p>Andrei Kortunov, a political analyst who heads the independent Russian Science Foundation, said Yeltsin still had a long way to go to turn his words into deeds and overcome Russians' traditional lack of faith in their leaders.</p>
<p>&quot;These are very fine words but this is very difficult to implement,&quot; he said. &quot;I don't think the people are impressed.&quot;</p>
</text>
<copyright>(c) Reuters Limited 1997</copyright>
<metadata>
<codes class="bip:countries:1.0">
  <code code="RUSS">
    <editdetail attribution="Reuters BIP Coding Group" action="confirmed" date="1997-04-15"/>
  </code>
</codes>
<codes class="bip:topics:1.0">
  <code code="E12">
    <editdetail attribution="Reuters BIP Coding Group" action="confirmed" date="1997-04-15"/>
  </code>
  <code code="ECAT">
    <editdetail attribution="Reuters BIP Coding Group" action="confirmed" date="1997-04-15"/>
  </code>
  <code code="GCAT">
    <editdetail attribution="Reuters BIP Coding Group" action="confirmed" date="1997-04-15"/>
  </code>
  <code code="GPOL">
    <editdetail attribution="Reuters BIP Coding Group" action="confirmed" date="1997-04-15"/>
  </code>
</codes>
<dc element="dc.date.created" value="1997-04-15"/>
<dc element="dc.publisher" value="Reuters Holdings Plc"/>
<dc element="dc.date.published" value="1997-04-15"/>
<dc element="dc.source" value="Reuters"/>
<dc element="dc.creator.location" value="MOSCOW"/>
<dc element="dc.creator.location.country.name" value="RUSSIA"/>
<dc element="dc.source" value="Reuters"/>
</metadata>
</newsitem>
