<?xml version="1.0" encoding="iso-8859-1" ?>
<newsitem itemid="508904" id="root" date="1997-04-15" xml:lang="en">
<title>RUSSIA: Russian shares edge up, but no trend seen yet.</title>
<headline>Russian shares edge up, but no trend seen yet.</headline>
<dateline>MOSCOW 1997-04-15</dateline>
<text>
<p>Leading Russian shares rose on Tuesday, bolstered by U.S. consumer price index (CPI) data showing a 0.1 percent rise in March, which Russian traders said was positive because it showed largely quiet inflation.</p>
<p>But they said that prices may start to ease again soon.</p>
<p>&quot;Tomorrow everything will rise, but it's hard to say after that. I think we'll find lots of people who want to start selling,&quot; said Dmitry Yevenko, head of securities at UCB.</p>
<p>The Russian Trading System 23-share index closed at 291.41 on Tuesday from Monday's close of 286.07. Total traded volume on Tuesday was $23.2 million.</p>
<p>A healthy trading volume for Russia's emerging market is considered to be around $40 million.</p>
<p>Dealers said the positive CPI news had not led to a marked increase in Western activity on the Russian market.</p>
<p>Market bellwether and national power utility UES rose to $0.2090 after closing on Monday at $0.2009, and regional power utility Mosenergo edged up to $1.197 from $1.170.</p>
<p>Mining concern Norilsk Nickel ordinaries rose to $5.25 from $5.00.</p>
<p>RAO Norilsky Nikel announced on Tuesday it hoped to issue level-one ADRs under the U.S. Securities and Exchange Commission's rule 144a in the first half of the year.</p>
<p>American Depositary Receipts are share look-alikes which allow stock in companies to be traded on foreign markets and which ease custody and settlement problems common in developing and emerging markets.</p>
<p>Some dealers said they did not see a long-term trend arising from the day's rise in prices.</p>
<p>&quot;We'll have growth when we get some real money. For now there's only support on the Russian market,&quot; said one.</p>
<p>--Olga Popova, Moscow Newsroom, +7095 941 8520</p>
</text>
<copyright>(c) Reuters Limited 1997</copyright>
<metadata>
<codes class="bip:countries:1.0">
  <code code="RUSS">
    <editdetail attribution="Reuters BIP Coding Group" action="confirmed" date="1997-04-15"/>
  </code>
</codes>
<codes class="bip:topics:1.0">
  <code code="M11">
    <editdetail attribution="Reuters BIP Coding Group" action="confirmed" date="1997-04-15"/>
  </code>
  <code code="MCAT">
    <editdetail attribution="Reuters BIP Coding Group" action="confirmed" date="1997-04-15"/>
  </code>
</codes>
<dc element="dc.date.created" value="1997-04-15"/>
<dc element="dc.publisher" value="Reuters Holdings Plc"/>
<dc element="dc.date.published" value="1997-04-15"/>
<dc element="dc.source" value="Reuters"/>
<dc element="dc.creator.location" value="MOSCOW"/>
<dc element="dc.creator.location.country.name" value="RUSSIA"/>
<dc element="dc.source" value="Reuters"/>
</metadata>
</newsitem>
