<?xml version="1.0" encoding="iso-8859-1" ?>
<newsitem itemid="508960" id="root" date="1997-04-15" xml:lang="en">
<title>HUNGARY: Hungary fin min sees falling CPI, steady rates.</title>
<headline>Hungary fin min sees falling CPI, steady rates.</headline>
<dateline>BUDAPEST 1997-04-15</dateline>
<text>
<p>Hungary's inflation is likely to drop steadily in the next two years and a substantial increase in interest rates would not be justified, the Finance Ministry said on Tuesday.</p>
<p>&quot;We expect inflation to drop slowly and gradually... in the next two years,&quot; deputy secretary of state Csaba Laszlo told a news conference.</p>
<p>The Central Statistical Office said last week that the consumer price index (CPI) showed an 18.8 percent year-on-year rise in March, the same rate as in February.</p>
<p>The March figure broke a 14-month trend of decline, but was better than expected and the Finance Ministry maintains its forecast of 18 percent average inflation for 1997, Laszlo said.</p>
<p>&quot;A substantial rise in inflation during the year cannot be expected,&quot; he added.</p>
<p>Analysts earlier said that the CPI may climb up during the period between June and September due to an unusually low basis of seasonal goods prices in 1996.</p>
<p>Laszlo said government securities yields went through an upward correction in the past three weeks, following the National Bank of Hungary's 0.25 percent increase in its six-month deposit interest rates to 21.00 percent.</p>
<p>&quot;But there is no special reason for a further substantial rise in interest rates,&quot; he said. &quot;From the inflation side, it's not justified that yields should begin to go upward.&quot;</p>
<p>-- Sandor Peto, Budapest newsroom (36 1) 327 4040</p>
</text>
<copyright>(c) Reuters Limited 1997</copyright>
<metadata>
<codes class="bip:countries:1.0">
  <code code="HUNG">
    <editdetail attribution="Reuters BIP Coding Group" action="confirmed" date="1997-04-15"/>
  </code>
</codes>
<codes class="bip:topics:1.0">
  <code code="E13">
    <editdetail attribution="Reuters BIP Coding Group" action="confirmed" date="1997-04-15"/>
  </code>
  <code code="E131">
    <editdetail attribution="Reuters BIP Coding Group" action="confirmed" date="1997-04-15"/>
  </code>
  <code code="ECAT">
    <editdetail attribution="Reuters BIP Coding Group" action="confirmed" date="1997-04-15"/>
  </code>
</codes>
<dc element="dc.date.created" value="1997-04-15"/>
<dc element="dc.publisher" value="Reuters Holdings Plc"/>
<dc element="dc.date.published" value="1997-04-15"/>
<dc element="dc.source" value="Reuters"/>
<dc element="dc.creator.location" value="BUDAPEST"/>
<dc element="dc.creator.location.country.name" value="HUNGARY"/>
<dc element="dc.source" value="Reuters"/>
</metadata>
</newsitem>
