<?xml version="1.0" encoding="iso-8859-1" ?>
<newsitem itemid="508950" id="root" date="1997-04-15" xml:lang="en">
<title>CZECH REPUBLIC: Czech BICS100 bond index falls 0.210pts to 103.200.</title>
<headline>Czech BICS100 bond index falls 0.210pts to 103.200.</headline>
<dateline>PRAGUE 1997-04-15</dateline>
<text>
<p>The BICS 100 index measuring the Czech Republic's most liquid bonds fell 0.210 points in Tuesday's trading to 103.200 points, bank Ceska Sporitelna said.</p>
<p>It said the duration of the index portfolio rose 0.069 points to 2.827 years.</p>
<p>The BICSG 100 index, which Ceska Sporitelna calculates using only government bonds, fell 0.240 points to 100.677, the bank said, and the duration of the index portfolio shortened by 0.004 points to 2.367 years.</p>
<p>It said the yield index YBICS 1000 rose 8.355 points to 1,031.404.</p>
<p>-- Prague Newsroom, 420-2-2423-0003</p>
</text>
<copyright>(c) Reuters Limited 1997</copyright>
<metadata>
<codes class="bip:countries:1.0">
  <code code="CZREP">
    <editdetail attribution="Reuters BIP Coding Group" action="confirmed" date="1997-04-15"/>
  </code>
</codes>
<codes class="bip:topics:1.0">
  <code code="M12">
    <editdetail attribution="Reuters BIP Coding Group" action="confirmed" date="1997-04-15"/>
  </code>
  <code code="MCAT">
    <editdetail attribution="Reuters BIP Coding Group" action="confirmed" date="1997-04-15"/>
  </code>
</codes>
<dc element="dc.date.created" value="1997-04-15"/>
<dc element="dc.publisher" value="Reuters Holdings Plc"/>
<dc element="dc.date.published" value="1997-04-15"/>
<dc element="dc.source" value="Reuters"/>
<dc element="dc.creator.location" value="PRAGUE"/>
<dc element="dc.creator.location.country.name" value="CZECH REPUBLIC"/>
<dc element="dc.source" value="Reuters"/>
</metadata>
</newsitem>
