<?xml version="1.0" encoding="iso-8859-1" ?>
<newsitem itemid="508911" id="root" date="1997-04-15" xml:lang="en">
<title>GEORGIA: Georgian route for Azeri oil cheaper-AIOC official.</title>
<headline>Georgian route for Azeri oil cheaper-AIOC official.</headline>
<dateline>TBILISI 1997-04-15</dateline>
<text>
<p>A proposed pipeline to transport oil through Georgia from a consortium developing Azerbaijan's Caspian reserves would be cheaper than an alternative route through Russia, a consortium official said on Tuesday.</p>
<p>Ex-Soviet Georgia and Russia have been competing for the route, which would carry oil to world markets via Black Sea ports, and the lucrative transit fees the pipeline could bring.</p>
<p>&quot;The capital cost of this pipeline has been calculated and the cheapest capital cost would be using a Baku-Supsa route,&quot; said John W. Hollins, Senior Vice President of the Azerbaijan International Operating Company (AIOC).</p>
<p>Baku is the capital of Azerbaijan and Supsa is on Georgia's Black Sea Coast.</p>
<p>AIOC, a 13-member consortium, signed an $8 billion deal in 1994 with the Azeri government to develop three offshore fields. The consortium is led by British Petroleum Plc and Norway's Den norse stats oljeselskap (Statoil).</p>
<p>First crude oil from the project is scheduled to come on stream later this year. AIOC intends to use two existing pipelines to get early oil to Black Sea outlets, one through Russia and one through ex-Soviet Georgia.</p>
<p>The pipelines do not have the combined capacity to handle later peak production from the project. AIOC says it will announce where it will build the new pipeline needed to accomodate full production later this year.</p>
<p>AIOC expects early oil output of around 100,000 barrels per day, rising to 700,000 to 800,000 bpd by 2010.</p>
<p>Other options being considered for carrying Caspian oil to world markets include a link to the Mediterranean via Ceyhan in Turkey and routes bypassing the Bosphorous, including a Balkan link between Bourgas in Bulgaria and Alexandroupolis in Greece.</p>
<p>Bob Moore, Senior Vice President of the Georgian Pipeline Company, which represents the AIOC in Georgia, said the republic had &quot;a good chance&quot; of securing the new pipeline.</p>
<p>&quot;Georgia is on the map in terms of international oil transportation,&quot; he said.</p>
<p>Georgia will announce the winner of a tender for a feasibility study on a pipeline crossing its territory by the start of May, officials of the state oil company said.</p>
<p>Nikolai Gvazava, coordinator for the Georgian International Oil Corporation (GIOC), told Reuters that seven foreign firms had put in bids for the project.</p>
<p>He said they were Caffney, Cline and Associates of the United Kingdom, Gulf Interstate Engineering of the U.S., John Brown E&amp;C of the U.S., Ukraine's Ukragasproekt, SNC-Lavalin International Inc. of Canada, and Tebodin Consultants and Engineering of the Netherlands.</p>
<p>&quot;All of these companies have very good experience in the field,&quot; Gvazava told Reuters.</p>
<p>The World Bank last week approved a $1.4 million long-term credit to Georgia to help pay for the study.</p>
</text>
<copyright>(c) Reuters Limited 1997</copyright>
<metadata>
<codes class="bip:countries:1.0">
  <code code="AZERB">
    <editdetail attribution="Reuters BIP Coding Group" action="confirmed" date="1997-04-15"/>
  </code>
  <code code="GRGIA">
    <editdetail attribution="Reuters BIP Coding Group" action="confirmed" date="1997-04-15"/>
  </code>
  <code code="RUSS">
    <editdetail attribution="Reuters BIP Coding Group" action="confirmed" date="1997-04-15"/>
  </code>
  <code code="USSR">
    <editdetail attribution="Reuters BIP Coding Group" action="confirmed" date="1997-04-15"/>
  </code>
</codes>
<codes class="bip:industries:1.0">
  <code code="I13000">
    <editdetail attribution="Reuters BIP Coding Group" action="confirmed" date="1997-04-15"/>
  </code>
  <code code="I1300003">
    <editdetail attribution="Reuters BIP Coding Group" action="confirmed" date="1997-04-15"/>
  </code>
  <code code="I50200">
    <editdetail attribution="Reuters BIP Coding Group" action="confirmed" date="1997-04-15"/>
  </code>
</codes>
<codes class="bip:topics:1.0">
  <code code="C21">
    <editdetail attribution="Reuters BIP Coding Group" action="confirmed" date="1997-04-15"/>
  </code>
  <code code="CCAT">
    <editdetail attribution="Reuters BIP Coding Group" action="confirmed" date="1997-04-15"/>
  </code>
</codes>
<dc element="dc.date.created" value="1997-04-15"/>
<dc element="dc.publisher" value="Reuters Holdings Plc"/>
<dc element="dc.date.published" value="1997-04-15"/>
<dc element="dc.source" value="Reuters"/>
<dc element="dc.creator.location" value="TBILISI"/>
<dc element="dc.creator.location.country.name" value="GEORGIA"/>
<dc element="dc.source" value="Reuters"/>
</metadata>
</newsitem>
