<?xml version="1.0" encoding="iso-8859-1" ?>
<newsitem itemid="508983" id="root" date="1997-04-15" xml:lang="en">
<title>POLAND: Espebepe up on debt-deal speculation.</title>
<headline>Espebepe up on debt-deal speculation.</headline>
<dateline>WARSAW 1997-04-15</dateline>
<text>
<p>Polish debt-ridden construction company Espebepe SA surged 10 percent to 4.95 zlotys on speculation that the firm might win a debt write-off deal, traders said.</p>
<p>Espebepe did not trade after price fixing due to excess demand.</p>
<p>&quot;It's pure speculation of well-trained speculators, the company's capitalisation is now of about 10 million zlotys so it's not difficult to cause such rise, but the possibility of winning the deal is as likely as bankruptcy,&quot; one trader said.</p>
<p>On Monday Espebepe's creditors' second meeting was postponed till May 16. Traders said the stock was prone to sharp price movements before the next creditors meeting.</p>
<p>-- Warsaw Newsroom +48 22 653 9700</p>
</text>
<copyright>(c) Reuters Limited 1997</copyright>
<metadata>
<codes class="bip:countries:1.0">
  <code code="POL">
    <editdetail attribution="Reuters BIP Coding Group" action="confirmed" date="1997-04-15"/>
  </code>
</codes>
<codes class="bip:industries:1.0">
  <code code="I50100">
    <editdetail attribution="Reuters BIP Coding Group" action="confirmed" date="1997-04-15"/>
  </code>
</codes>
<codes class="bip:topics:1.0">
  <code code="C15">
    <editdetail attribution="Reuters BIP Coding Group" action="confirmed" date="1997-04-15"/>
  </code>
  <code code="C152">
    <editdetail attribution="Reuters BIP Coding Group" action="confirmed" date="1997-04-15"/>
  </code>
  <code code="C17">
    <editdetail attribution="Reuters BIP Coding Group" action="confirmed" date="1997-04-15"/>
  </code>
  <code code="CCAT">
    <editdetail attribution="Reuters BIP Coding Group" action="confirmed" date="1997-04-15"/>
  </code>
</codes>
<dc element="dc.date.created" value="1997-04-15"/>
<dc element="dc.publisher" value="Reuters Holdings Plc"/>
<dc element="dc.date.published" value="1997-04-15"/>
<dc element="dc.source" value="Reuters"/>
<dc element="dc.creator.location" value="WARSAW"/>
<dc element="dc.creator.location.country.name" value="POLAND"/>
<dc element="dc.source" value="Reuters"/>
</metadata>
</newsitem>
