<?xml version="1.0" encoding="iso-8859-1" ?>
<newsitem itemid="545585" id="root" date="1997-04-29" xml:lang="en">
<title>EU:  Official Journal contents - OJ L 112 of April 29, 1997.</title>
<headline>Official Journal contents - OJ L 112 of April 29, 1997.</headline>
<text>
<p>*</p>
<p>(Note - contents are displayed in reverse order to that in the printed Journal)</p>
<p>*</p>
<p>COMMISSION DECISION of 28 April 1997 amending Decision 97/116/EC concerning certain protection measures relating to classical swine fever in Germany (Text with EEA relevance) (97/282/EC)</p>
<p>COMMISSION DECISION of 21 April 1997 on the role of Eurostat as regards the production of Community statistics (97/281/EC)</p>
<p>COMMISSION DECISION of 17 April 1997 recognizing that the production of certain quality wines produced in specified regions in Austria, by reason of their qualitative characteristics, is far from able to satisfy demand (Only the German text is authentic) (97/280/EC)</p>
<p>COMMISSION DECISION of 4 April 1997 amending Decision 95/196/EC on the long-term national aid scheme for agriculture in the northern regions of Finland (Only the Finnish and Swedish texts are authentic) (97/279/EC)</p>
<p>COMMISSION REGULATION (EC) No 778/97 of 28 April 1997 amending representative prices and additional duties for the import of certain products in the sugar sector</p>
<p>COMMISSION REGULATION (EC) No 777/97 of 28 April 1997 establishing the standard import values for determining the entry price of certain fruit and vegetables</p>
<p>COMMISSION REGULATION (EC) No 776/97 of 28 April 1997 correcting Regulation (EC) No 717/97 on applications for import licences for rice and broken rice submitted in the first five working days of April 1997 pursuant to the arrangements provided for in Council Regulation (EC) No 1522/96</p>
<p>COMMISSION REGULATION (EC) No 775/97 of 28 April 1997 determining the extent to which applications lodged in April 1997 for import licences for certain poultrymeat sector products pursuant to Regulation (EC) No 2497/96 can be accepted</p>
<p>COMMISSION REGULATION (EC) No 774/97 of 28 April 1997 determining the extent to which applications lodged in April 1997 for import licences for certain poultrymeat sector products pursuant to Regulation (EC) No 509/97 can be accepted</p>
<p>COMMISSION REGULATION (EC) No 773/97 of 28 April 1997 determining the extent to which applications lodged in April 1997 for import licences for certain poultrymeat products under the regime provided for in Council Regulation (EC) No 774/94 opening and providing for the administration of certain Community tariff quotas for poultrymeat and certain other agricultural products can be accepted</p>
<p>COMMISSION REGULATION (EC) No 772/97 of 28 April 1997 amending Regulation (EC) No 581/97 adopting exceptional support measures for the market in pigmeat in Belgium</p>
<p>COMMISSION REGULATION (EC) No 771/97 of 28 April 1997 amending for the third time Regulation (EC) No 413/97 adopting exceptional support measures for the market in pigmeat in the Netherlands</p>
<p>COMMISSION REGULATION (EC) No 770/97 of 28 April 1997 amending for the second time Regulation (EC) No 414/97 adopting exceptional support measures for the market in pigmeat in Germany</p>
<p>COMMISSION REGULATION (EC) No 769/97 of 28 April 1997 fixing the minimum import price applicable to certain types of processed cherries during the 1997/98 marketing year</p>
<p>COMMISSION REGULATION (EC) No 768/97 of 28 April 1997 amending Regulation (EC) No 2479/96 laying down detailed rules for the application of the minimum import price system for certain soft fruit originating in Estonia, Latvia and Lithuania and fixing the minimum import prices</p>
<p>COMMISSION REGULATION (EC) No 767/97 of 28 April 1997 fixing the minimum import prices for certain soft fruits originating in Hungary, Poland, the Czech Republic, Slovakia, Romania and Bulgaria for the 1997/98 marketing year</p>
<p>COMMISSION REGULATION (EC) No 766/97 of 28 April 1997 amending Regulation (EEC) No 2251/92 on quality inspection of fresh fruit and vegetables</p>
<p>COMMISSION REGULATION (EC) No 765/97 of 28 April 1997 on the supply of cereals as food aid</p>
<p>COMMISSION REGULATION (EC) No 764/97 of 23 April 1997 introducing safeguard measures in respect of imports of rice originating in the overseas countries and territories (OCTs)</p>
<p>COMMISSION REGULATION (EC) No 763/97 of 28 April 1997 establishing a system for the surveillance of imports of fresh sour cherries originating in the Republics of Bosnia-Herzegovina, Croatia and the former Yugoslav Republic of Macedonia END OF DOCUMENT.</p>
</text>
<copyright>(c) Reuters Limited 1997</copyright>
<metadata>
<codes class="bip:countries:1.0">
  <code code="EEC">
    <editdetail attribution="Reuters BIP Coding Group" action="confirmed" date="1997-04-29"/>
  </code>
</codes>
<codes class="bip:topics:1.0">
  <code code="G15">
    <editdetail attribution="Reuters BIP Coding Group" action="confirmed" date="1997-04-29"/>
  </code>
  <code code="G151">
    <editdetail attribution="Reuters BIP Coding Group" action="confirmed" date="1997-04-29"/>
  </code>
  <code code="GCAT">
    <editdetail attribution="Reuters BIP Coding Group" action="confirmed" date="1997-04-29"/>
  </code>
</codes>
<dc element="dc.publisher" value="Reuters Holdings Plc"/>
<dc element="dc.date.published" value="1997-04-29"/>
<dc element="dc.source" value="Reuters"/>
<dc element="dc.creator.location.country.name" value="EU"/>
<dc element="dc.source" value="Reuters"/>
</metadata>
</newsitem>
