<?xml version="1.0" encoding="iso-8859-1" ?>
<newsitem itemid="545595" id="root" date="1997-04-29" xml:lang="en">
<title>USA: Smoking song, nicknames recalled at Reynolds trial.</title>
<headline>Smoking song, nicknames recalled at Reynolds trial.</headline>
<byline>June Bell</byline>
<dateline>JACKSONVILLE, Fla. 1997-04-29</dateline>
<text>
<p>An expert witness for R.J. Reynolds Tobacco Co. played a recording of an old Tex Williams song and recalled cigarette nicknames like &quot;coffin nails&quot; on Tuesday to show that the health risks of smoking have been part of common public knowledge for a long time.</p>
<p>Using a multimedia presentation that included snippets of old news broadcasts and the 1947 Williams song &quot;Smoke, Smoke, Smoke That Cigarette,&quot; University of South Carolina historian Lacy Ford told jurors in a wrongful death trial that there was substantial publicity on the possible links between smoking and illness from the 1900s through the 1960s.</p>
<p>Lawyers for Reynolds, a unit of RJR Nabisco Holdings Corp., appeared to be using the testimony to bolster their claim that the late Jean Connor chose to smoke despite knowing the possible health risks.</p>
<p>Connor, who smoked from the time she was a teenager and eventually developed a three-pack-a-day habit, died of lung cancer at age 49. Her sister, Dana Raulerson, sued Reynolds for wrongful death on behalf of Connor's estate and her three children.</p>
<p>The smoking song, written in 1947 by Merle Travis for Tex Williams and later popularised by the group Commander Cody and the Lost Planet Airmen, includes the lyrics &quot;puff, puff, puff until you smoke yourself to death,&quot; and &quot;nicotine slaves are all the same, at a petting party or a poker game.&quot;</p>
<p>Williams, who was a heavy smoker, died in 1985 following a year-long battle with cancer.</p>
<p>Ford said he had researched the history of &quot;common knowledge&quot; about cigarette smoking by combing old magazines, newspapers, television shows and curricula from Jacksonville public schools.</p>
<p>He said that from the turn of the century until the 1950s, cigarettes were referred to as &quot;coffin nails,&quot; &quot;cancer sticks&quot; and &quot;little white slavers&quot; and the term &quot;nic-fit&quot; was used to describe the alleged habit-forming nature of the product.</p>
<p>Defence lawyers played a segment of a CBS News report on the 1964 U.S. Surgeon-General's report that linked smoking with lung ailments. In it, moderator Harry Reasoner said, &quot;If you smoke cigarettes, you increase your chances of dying early.&quot;</p>
<p>&quot;This was really just saturation coverage&quot; of the Surgeon-General's report, Ford said, comparing the media reporting to that of the O.J. Simpson murder saga.</p>
<p>He said the public was aware not only of the possible health risk, but also of the allegedly addictive nature of cigarettes.</p>
<p>There was a &quot;broad public awareness amounting to common knowledge of those facts for a very long time,&quot; Ford said.</p>
<p>Ford, who said he did not read medical journals or internal tobacco company documents to form his perceptions on common knowledge about smoking, cited a 1954 Gallup Poll in which 90 percent of those questioned had heard or read that smoking may cause lung cancer.</p>
</text>
<copyright>(c) Reuters Limited 1997</copyright>
<metadata>
<codes class="bip:countries:1.0">
  <code code="USA">
    <editdetail attribution="Reuters BIP Coding Group" action="confirmed" date="1997-04-29"/>
  </code>
</codes>
<codes class="bip:industries:1.0">
  <code code="I42900">
    <editdetail attribution="Reuters BIP Coding Group" action="confirmed" date="1997-04-29"/>
  </code>
</codes>
<codes class="bip:topics:1.0">
  <code code="C12">
    <editdetail attribution="Reuters BIP Coding Group" action="confirmed" date="1997-04-29"/>
  </code>
  <code code="CCAT">
    <editdetail attribution="Reuters BIP Coding Group" action="confirmed" date="1997-04-29"/>
  </code>
  <code code="GCAT">
    <editdetail attribution="Reuters BIP Coding Group" action="confirmed" date="1997-04-29"/>
  </code>
  <code code="GCRIM">
    <editdetail attribution="Reuters BIP Coding Group" action="confirmed" date="1997-04-29"/>
  </code>
  <code code="GHEA">
    <editdetail attribution="Reuters BIP Coding Group" action="confirmed" date="1997-04-29"/>
  </code>
</codes>
<dc element="dc.date.created" value="1997-04-29"/>
<dc element="dc.publisher" value="Reuters Holdings Plc"/>
<dc element="dc.date.published" value="1997-04-29"/>
<dc element="dc.source" value="Reuters"/>
<dc element="dc.creator.location" value="JACKSONVILLE, Fla."/>
<dc element="dc.creator.location.country.name" value="USA"/>
<dc element="dc.source" value="Reuters"/>
</metadata>
</newsitem>
