<?xml version="1.0" encoding="iso-8859-1" ?>
<newsitem itemid="545598" id="root" date="1997-04-29" xml:lang="en">
<title>CANADA: Bre-X expects to release report Monday.</title>
<headline>Bre-X expects to release report Monday.</headline>
<dateline>TORONTO 1997-04-29</dateline>
<text>
<p>Bre-X Minerals Ltd said on Tuesday it expected to release an interim report before the North American market opening on Monday on its Busang gold project, conducted by Strathcona Mineral Services Ltd.</p>
<p>The Calgary-based gold prospector said last Friday that it expected to receive Strathcona's report late this week and would issue a news release after reviewing the report.</p>
<p>&quot;Bre-X expects to release the interim report next Monday morning prior to the opening of financial markets in North America,&quot; Bre-X spokesman Richard Wool said in a telephone interview.</p>
<p>He said the specific timing of the release had not yet been set. North American financial markets generally open at 0930 EDT/1330 GMT.</p>
<p>Rumors have swirled around Busang since the century's biggest gold find was cast into doubt on March 26 when partner Freeport-McMoRan Copper and Gold Inc said its preliminary tests found &quot;insignificant&quot; amounts of gold.</p>
<p>Panic selling of Bre-X shares lopped almost C$3 billion or 80 percent from the company's stock market value.</p>
<p>Since then investors have anxiously awaited Strathcona's findings from Busang, once estimated by Bre-X to contain 71 million ounces of gold.</p>
<p>Bre-X shares closed up 0.15 at C$3.80 in turnover of 5.6 million shares on the Toronto Stock Exchange on Tuesday.</p>
<p>((Reuters Toronto Bureau (416) 941-8100))</p>
</text>
<copyright>(c) Reuters Limited 1997</copyright>
<metadata>
<codes class="bip:countries:1.0">
  <code code="CANA">
    <editdetail attribution="Reuters BIP Coding Group" action="confirmed" date="1997-04-29"/>
  </code>
  <code code="INDON">
    <editdetail attribution="Reuters BIP Coding Group" action="confirmed" date="1997-04-29"/>
  </code>
</codes>
<codes class="bip:industries:1.0">
  <code code="I21000">
    <editdetail attribution="Reuters BIP Coding Group" action="confirmed" date="1997-04-29"/>
  </code>
</codes>
<codes class="bip:topics:1.0">
  <code code="C24">
    <editdetail attribution="Reuters BIP Coding Group" action="confirmed" date="1997-04-29"/>
  </code>
  <code code="CCAT">
    <editdetail attribution="Reuters BIP Coding Group" action="confirmed" date="1997-04-29"/>
  </code>
</codes>
<dc element="dc.date.created" value="1997-04-29"/>
<dc element="dc.publisher" value="Reuters Holdings Plc"/>
<dc element="dc.date.published" value="1997-04-29"/>
<dc element="dc.source" value="Reuters"/>
<dc element="dc.creator.location" value="TORONTO"/>
<dc element="dc.creator.location.country.name" value="CANADA"/>
<dc element="dc.source" value="Reuters"/>
</metadata>
</newsitem>
