<?xml version="1.0" encoding="iso-8859-1" ?>
<newsitem itemid="545584" id="root" date="1997-04-29" xml:lang="en">
<title>EU:  Official Journal contents - OJ C 134 of April 29, 1997.</title>
<headline>Official Journal contents - OJ C 134 of April 29, 1997.</headline>
<text>
<p>*</p>
<p>(Note - contents are displayed in reverse order to that in the printed Journal)</p>
<p>*</p>
<p>Joint call for proposals for RTD activities on transmissible spongiform encephalopathies under the specific programmes of research and technological development, including demonstration, in the fields of agriculture and fisheries (including agro-industry, food technologies, forestry, aquaculture and rural development), of biotechnology, of biomedicine and health (1994 to 1998) (97/C 134/07)</p>
<p>SHERLOCK PROGRAMME - 1997 ANNUAL PROGRAMME (1) (97/C 134/06)</p>
<p>Outcome of the invitation to tender (Community food aid) (97/C 134/05)</p>
<p>Proposal for a Council Decision concluding the Agreement for scientific and technological cooperation between the European Community and the Republic of South Africa (97/C 134/04) COM(97) 119 final - 97/0112(CNS)</p>
<p>Authorization for State aid pursuant to Articles 92 and 93 of the EC Treaty Cases where the Commission raises no objections (97/C 134/03)</p>
<p>LIST OF DOCUMENTS FORWARDED BY THE COMMISSION TO THE COUNCIL DURING THE PERIOD 14 TO 18. 4. 1997 (97/C 134/02)</p>
<p>Ecu (1) 28 April 1997 (97/C 134/01).</p>
</text>
<copyright>(c) Reuters Limited 1997</copyright>
<metadata>
<codes class="bip:countries:1.0">
  <code code="EEC">
    <editdetail attribution="Reuters BIP Coding Group" action="confirmed" date="1997-04-29"/>
  </code>
</codes>
<codes class="bip:topics:1.0">
  <code code="G15">
    <editdetail attribution="Reuters BIP Coding Group" action="confirmed" date="1997-04-29"/>
  </code>
  <code code="GCAT">
    <editdetail attribution="Reuters BIP Coding Group" action="confirmed" date="1997-04-29"/>
  </code>
</codes>
<dc element="dc.publisher" value="Reuters Holdings Plc"/>
<dc element="dc.date.published" value="1997-04-29"/>
<dc element="dc.source" value="Reuters"/>
<dc element="dc.creator.location.country.name" value="EU"/>
<dc element="dc.source" value="Reuters"/>
</metadata>
</newsitem>
