<?xml version="1.0" encoding="iso-8859-1" ?>
<newsitem itemid="545593" id="root" date="1997-04-29" xml:lang="en">
<title>USA: Mexico vows anti-drug step before Clinton visit.</title>
<headline>Mexico vows anti-drug step before Clinton visit.</headline>
<byline>Martin Langfield</byline>
<dateline>ATLANTA, Ga. 1997-04-29</dateline>
<text>
<p>Mexico's President Ernesto Zedillo said on Tuesday he was planning a &quot;radical&quot; new step in the war on drugs as Latin American and Caribbean leaders met in a forum to seek a joint agenda with the United States for the 21st century.</p>
<p>Addressing one of the key topics of the two-day meeting, called by former U.S. President Jimmy Carter, Zedillo gave no details but said in a speech that the &quot;radical and surprising step&quot; against narcotics would come in a few days.</p>
<p>U.S. President Bill Clinton begins his first trip to Latin America by visiting Mexico for three days beginning on May 5.</p>
<p>A Zedillo aide said the measure would likely include abolishing the National Institute for Combating Drugs (INCD), Mexico's equivalent of the U.S. Drug Enforcement Administration.</p>
<p>The head of INCD was arrested this year on drug corruption charges in a major embarrassment for Zedillo and for U.S. drug czar Gen. Barry McCaffrey, who had praised the integrity of the now-jailed Gen. Jesus Gutierrez Rebollo.</p>
<p>&quot;The INCD is gone,&quot; the aide said, although he had no details on what would replace it. Media reports have said Mexico was working closely with the United States on setting up a new anti-narcotics agency.</p>
<p>Latin American and Caribbean leaders at the meeting accused the United States of arrogance in its war on drugs, especially the annual &quot;certification&quot; process wherein the U.S. government grades other countries' anti-narcotics efforts.</p>
<p>Zedillo, while acknowledging drug corruption in Mexico, demanded respect for the sovereignty of other nations. &quot;The United States has never given Mexico an ultimatum on anything, at least during my government,&quot; he said. &quot;If that were to happen my government would reject it radically.&quot;</p>
<p>The leaders also accused the United States of dragging its feet on expanding free trade in Latin America and the Caribbean and U.S. special envoy to the Americas Thomas &quot;Mack&quot; McLarty pledged late on Monday that Clinton's trip -- he will also visit Central America and the Caribbean -- would bring renewed efforts to boost free trade beyond North American Free Trade Agreement partners Mexico, the United States and Canada.</p>
<p>Inter American Development Bank President Enrique Iglesias, a Uruguayan, said strong growth in Latin America would make the Western Hemisphere &quot;a major engine of growth for the whole world&quot; in the next century. &quot;In 2010 we will be the first area for exports of the United States,&quot; he said.</p>
<p>Latin American economies would grow by an average 4.5 percent this year and 5.0 percent next year amid falling inflation, he said, while production of goods and services would grow from $1.5 trillion now to $1.7 trillion by the end of the century.</p>
<p>Growth, fuelled by free trade, was necessary to help the 200 million people in the region now living below the poverty line -- out of a total population of 460 million -- to improve their standard of living, he said. &quot;This is not a Biblical curse,&quot; he said. &quot;Poverty can be addressed and can be solved.&quot;</p>
<p>Jamaican Prime Minister P.J. Patterson demanded that the Caribbean not be left out of free trade efforts, saying any new U.S. trade legislation must act as &quot;a gateway to NAFTA.&quot; He said exclusion from the benefits of NAFTA had hit the area's economy hard, causing investment to dry up and thousands of jobs to be lost.</p>
</text>
<copyright>(c) Reuters Limited 1997</copyright>
<metadata>
<codes class="bip:countries:1.0">
  <code code="MEX">
    <editdetail attribution="Reuters BIP Coding Group" action="confirmed" date="1997-04-29"/>
  </code>
  <code code="USA">
    <editdetail attribution="Reuters BIP Coding Group" action="confirmed" date="1997-04-29"/>
  </code>
</codes>
<codes class="bip:topics:1.0">
  <code code="GCAT">
    <editdetail attribution="Reuters BIP Coding Group" action="confirmed" date="1997-04-29"/>
  </code>
  <code code="GCRIM">
    <editdetail attribution="Reuters BIP Coding Group" action="confirmed" date="1997-04-29"/>
  </code>
  <code code="GDIP">
    <editdetail attribution="Reuters BIP Coding Group" action="confirmed" date="1997-04-29"/>
  </code>
</codes>
<dc element="dc.date.created" value="1997-04-29"/>
<dc element="dc.publisher" value="Reuters Holdings Plc"/>
<dc element="dc.date.published" value="1997-04-29"/>
<dc element="dc.source" value="Reuters"/>
<dc element="dc.creator.location" value="ATLANTA, Ga."/>
<dc element="dc.creator.location.country.name" value="USA"/>
<dc element="dc.source" value="Reuters"/>
</metadata>
</newsitem>
