<?xml version="1.0" encoding="iso-8859-1" ?>
<newsitem itemid="545586" id="root" date="1997-04-29" xml:lang="en">
<title>EU:  Official Journal contents - OJ C 133 of April 28, 1997.</title>
<headline>Official Journal contents - OJ C 133 of April 28, 1997.</headline>
<text>
<p>*</p>
<p>(Note - contents are displayed in reverse order to that in the printed Journal)</p>
<p>*</p>
<p>Opinion of the Economic and Social Committee on:</p>
<p>- the 'Proposal for a Council Regulation (EC) temporarily withdrawing access to generalized tariff preferences for industrial goods from the Union of Myanmar', and</p>
<p>- the 'Proposal for a Council Regulation (EC) temporarily withdrawing access to generalized tariff preferences for agricultural goods from the Union of Myanmar' (97/C 133/16)</p>
<p>Opinion of the Economic and Social Committee on the 'Green Paper on education, training and research - the obstacles to transnational mobility' (97/C 133/15)</p>
<p>Opinion of the Economic and Social Committee on the 'Proposal for a European Parliament and Council Directive on the application of open network provision (ONP) to voice telephony and on universal service for telecommunications in a competitive environment' (97/C 133/14)</p>
<p>Opinion of the Economic and Social Committee on the 'Proposal for a European Parliament and Council Directive amending for the 17th time Directive 76/769/EEC on the approximation of the laws, regulations and administrative provisions of the Member States relating to restrictions on the marketing and use of certain dangerous substances and preparations' (97/C 133/13)</p>
<p>Opinion of the Economic and Social Committee on the 'Proposal for a Council Directive on the burden of proof in cases of discrimination based on sex' (97/C 133/12)</p>
<p>Opinion of the Economic and Social Committee on the 'Proposal for a Council Regulation (EC) supplementing Regulation (EEC) No 2092/91 on organic production of agricultural products and indications referring thereto on agricultural products and foodstuffs to include livestock production' (97/C 133/11)</p>
<p>Opinion of the Economic and Social Committee on the 'Proposal for a Council Regulation (EC) amending Council Regulation (EEC) No 2377/90 laying down a Community procedure for the establishment of maximum residue limits of veterinary medicinal products in foodstuffs of animal origin' (97/C 133/10)</p>
<p>Opinion of the Economic and Social Committee on the 'Proposal for a Council Directive amending Directive 93/113/EC concerning the use and marketing of enzymes, micro-organisms and their preparations in animal nutrition' (97/C 133/09)</p>
<p>Opinion of the Economic and Social Committee on the 'Proposal for a Council Regulation (EC) amending Regulation (EEC) No 1442/88 on the granting, for the 1988/1989-1997/1998 wine years, of permanent abandonment premiums in respect of wine-growing areas' (97/C 133/08)</p>
<p>Opinion of the Economic and Social Committee on the 'Proposal for a Council Regulation (EC) introducing arrangements for the management of fishing effort in the Baltic Sea' (97/C 133/07)</p>
<p>Opinion of the Economic and Social Committee on the 'Communication from the Commission: Inventing tomorrow - Europe's research at the service of its people' (97/C 133/06)</p>
<p>Opinion of the Economic and Social Committee on the 'Proposal for a Council Decision on the promotion of sustainable and safe mobility' (97/C 133/05)</p>
<p>Opinion of the Economic and Social Committee on the 'Proposal for a Council Directive amending Directive 93/75/EEC concerning minimum requirements for vessels bound for or leaving Community ports and carrying dangerous or polluting goods' (97/C 133/04)</p>
<p>Opinion of the Economic and Social Committee on the 'Proposal for a European Parliament and Council Directive on the approximation of the laws of the Member States relating to machinery' (97/C 133/03)</p>
<p>Opinion of the Economic and Social Committee on the 'Proposal for a European Parliament and Council Directive laying down a procedure for the provision of information in the field of technical standards and regulations' (97/C 133/02)</p>
<p>Opinion of the Economic and Social Committee on the 'Green Paper - The role, the position and the liability of the statutory auditor within the European Union' (97/C 133/01).</p>
</text>
<copyright>(c) Reuters Limited 1997</copyright>
<metadata>
<codes class="bip:countries:1.0">
  <code code="EEC">
    <editdetail attribution="Reuters BIP Coding Group" action="confirmed" date="1997-04-29"/>
  </code>
</codes>
<codes class="bip:topics:1.0">
  <code code="G15">
    <editdetail attribution="Reuters BIP Coding Group" action="confirmed" date="1997-04-29"/>
  </code>
  <code code="G151">
    <editdetail attribution="Reuters BIP Coding Group" action="confirmed" date="1997-04-29"/>
  </code>
  <code code="GCAT">
    <editdetail attribution="Reuters BIP Coding Group" action="confirmed" date="1997-04-29"/>
  </code>
</codes>
<dc element="dc.publisher" value="Reuters Holdings Plc"/>
<dc element="dc.date.published" value="1997-04-29"/>
<dc element="dc.source" value="Reuters"/>
<dc element="dc.creator.location.country.name" value="EU"/>
<dc element="dc.source" value="Reuters"/>
</metadata>
</newsitem>
