<?xml version="1.0" encoding="iso-8859-1" ?>
<newsitem itemid="545599" id="root" date="1997-04-29" xml:lang="en">
<title>CANADA: DBRS reviews Cambridge Markborough.</title>
<headline>DBRS reviews Cambridge Markborough.</headline>
<dateline>TORONTO 1997-04-29</dateline>
<text>
<p>Dominion Bond Rating Service said on Tuesday it placed the debt ratings of Cambridge Shopping Centres Ltd, Cambridge Leaseholds Ltd and Markborough Properties Inc under review after Cambridge announced its intentions to buy Markborough.</p>
<p>The Toronto-based ratings agency said it currently rated Cambridge Shopping convertible subordinated debentures at BBB with a stable trend and Cambridge Leaseholds secured debentures series A, B, C and D at A (low) with a stable trend. DBRS said it currently rated Cambridge Leaseholds secured debentures series I, II and III at BBB (high) and commercial paper at R-2 (high) all with a stable trend.</p>
<p>Dominion said it rated Markborough Properties series A, secured debentures at BBB with a stable trend.</p>
<p>Dominion said the purcahse would affect cash flow for Cambridge.</p>
<p>&quot;The impending transaction will increase Cambridge's ownership of major regional shopping centres across Canada and is expected to have an accretive effect on cash flow and earnings,&quot; Dominion Bond said in a statement.</p>
</text>
<copyright>(c) Reuters Limited 1997</copyright>
<metadata>
<codes class="bip:countries:1.0">
  <code code="CANA">
    <editdetail attribution="Reuters BIP Coding Group" action="confirmed" date="1997-04-29"/>
  </code>
</codes>
<codes class="bip:industries:1.0">
  <code code="I85000">
    <editdetail attribution="Reuters BIP Coding Group" action="confirmed" date="1997-04-29"/>
  </code>
</codes>
<codes class="bip:topics:1.0">
  <code code="C17">
    <editdetail attribution="Reuters BIP Coding Group" action="confirmed" date="1997-04-29"/>
  </code>
  <code code="C174">
    <editdetail attribution="Reuters BIP Coding Group" action="confirmed" date="1997-04-29"/>
  </code>
  <code code="C18">
    <editdetail attribution="Reuters BIP Coding Group" action="confirmed" date="1997-04-29"/>
  </code>
  <code code="C181">
    <editdetail attribution="Reuters BIP Coding Group" action="confirmed" date="1997-04-29"/>
  </code>
  <code code="CCAT">
    <editdetail attribution="Reuters BIP Coding Group" action="confirmed" date="1997-04-29"/>
  </code>
</codes>
<dc element="dc.date.created" value="1997-04-29"/>
<dc element="dc.publisher" value="Reuters Holdings Plc"/>
<dc element="dc.date.published" value="1997-04-29"/>
<dc element="dc.source" value="Reuters"/>
<dc element="dc.creator.location" value="TORONTO"/>
<dc element="dc.creator.location.country.name" value="CANADA"/>
<dc element="dc.source" value="Reuters"/>
</metadata>
</newsitem>
