<?xml version="1.0" encoding="iso-8859-1" ?>
<newsitem itemid="545597" id="root" date="1997-04-29" xml:lang="en">
<title>CANADA: Toronto stocks open one pct higher on U.S. data.</title>
<headline>Toronto stocks open one pct higher on U.S. data.</headline>
<dateline>TORONTO 1997-04-29</dateline>
<text>
<p>CHANGE				    CHANGE</p>
<p>TSE	  5894.50    +58.89   HI 5895.55	    LO  5895.55</p>
<p>DJI	  6860.08    +77.06   GOLD (LONDON)   US$338.95 -1.25</p>
<p>FTSE100    4418.00    +28.30   GOLD (NY-COMEX) US$341.30 -0.10</p>
<p>NIKKEI    18670.37    +57.51   LME CASH NICKEL US$7280   -50.0</p>
<p>CANDLR	1.3970		 LME CASH ALUM   US$1610.0  +3.5</p>
<p>CAN 30-YR   108.75     +1.55   BRENT CRUDE     US$18.21  -0.06</p>
<p>--------------------MARKET COMMENT----------------------------</p>
<p>* Toronto's key stock index climbed one percent at Tuesday's open, boosted by favorable U.S. economic data. * Banks, Bre-X strengthen. * 14.5 million shares traded worth C$236 million.  </p>
<p>Toronto's key stock index rose one percent at Tuesday's open, rallying on surprisingly weak U.S. employment cost numbers that eased inflation fears.</p>
<p>&quot;We're soaring for now. Knee-jerk reaction to the data,&quot; said MMS International analyst Katherine Beattie. The U.S. employment cost index rose 0.6 percent in the first quarter, compared with economists' expectations of a 0.9 percent hike. Beattie said the data was so much weaker than forecast that investors are considering the possibility that the U.S. Federal Reserve will not have to hike short-term interest rates to quell growing inflationary pressures.</p>
</text>
<copyright>(c) Reuters Limited 1997</copyright>
<metadata>
<codes class="bip:countries:1.0">
  <code code="CANA">
    <editdetail attribution="Reuters BIP Coding Group" action="confirmed" date="1997-04-29"/>
  </code>
</codes>
<codes class="bip:topics:1.0">
  <code code="M11">
    <editdetail attribution="Reuters BIP Coding Group" action="confirmed" date="1997-04-29"/>
  </code>
  <code code="MCAT">
    <editdetail attribution="Reuters BIP Coding Group" action="confirmed" date="1997-04-29"/>
  </code>
</codes>
<dc element="dc.date.created" value="1997-04-29"/>
<dc element="dc.publisher" value="Reuters Holdings Plc"/>
<dc element="dc.date.published" value="1997-04-29"/>
<dc element="dc.source" value="Reuters"/>
<dc element="dc.creator.location" value="TORONTO"/>
<dc element="dc.creator.location.country.name" value="CANADA"/>
<dc element="dc.source" value="Reuters"/>
</metadata>
</newsitem>
