<?xml version="1.0" encoding="iso-8859-1" ?>
<newsitem itemid="545596" id="root" date="1997-04-29" xml:lang="en">
<title>SPAIN: Spain's Retevision takes three bids, not Unisource.</title>
<headline>Spain's Retevision takes three bids, not Unisource.</headline>
<dateline>MADRID, Spain</dateline>
<text>
<p>Retevision, which will soon become Spain's second basic telephone operator, said Tuesday three bids had been accepted for the state's sale of 60 percent of the company.</p>
<p>The AT&amp;T Corp.-led Unisource request for participation could not be accepted because it did not conform to the rules of the bid, Retevision said in a statement.</p>
<p>The three groups accepted are: Deutsche Telekom, France Telecom, Sprint Corp. and Banco Central Hispano; Stet International, Endesa, Union Fensoa, Basque group Euskaltel and several Basque banks; and Mannesmann.</p>
<p>In a statement last week, Retevision said Mannesmann had said it was in talks with AT&amp;T on possible participation in the bid, but there was no mention of the U.S.-based telecommunications operator in the statement Tuesday.</p>
<p>The groups must present a final list of their participants by May 12 and their bids by June 9.</p>
<p>Unisource, a consortium of telecom flagships from the Netherlands, Switzerland and Sweden, had requested a delay in the deadline to present its candidacy. Although that request was denied, it can still participate in the bid by joining another group.</p>
</text>
<copyright>(c) Reuters Limited 1997</copyright>
<metadata>
<codes class="bip:countries:1.0">
  <code code="SPAIN">
    <editdetail attribution="Reuters BIP Coding Group" action="confirmed" date="1997-04-29"/>
  </code>
</codes>
<codes class="bip:industries:1.0">
  <code code="I16100">
    <editdetail attribution="Reuters BIP Coding Group" action="confirmed" date="1997-04-29"/>
  </code>
  <code code="I32000">
    <editdetail attribution="Reuters BIP Coding Group" action="confirmed" date="1997-04-29"/>
  </code>
  <code code="I79020">
    <editdetail attribution="Reuters BIP Coding Group" action="confirmed" date="1997-04-29"/>
  </code>
  <code code="I81402">
    <editdetail attribution="Reuters BIP Coding Group" action="confirmed" date="1997-04-29"/>
  </code>
  <code code="I9741102">
    <editdetail attribution="Reuters BIP Coding Group" action="confirmed" date="1997-04-29"/>
  </code>
</codes>
<codes class="bip:topics:1.0">
  <code code="C18">
    <editdetail attribution="Reuters BIP Coding Group" action="confirmed" date="1997-04-29"/>
  </code>
  <code code="C181">
    <editdetail attribution="Reuters BIP Coding Group" action="confirmed" date="1997-04-29"/>
  </code>
  <code code="C183">
    <editdetail attribution="Reuters BIP Coding Group" action="confirmed" date="1997-04-29"/>
  </code>
  <code code="CCAT">
    <editdetail attribution="Reuters BIP Coding Group" action="confirmed" date="1997-04-29"/>
  </code>
</codes>
<dc element="dc.publisher" value="Reuters Holdings Plc"/>
<dc element="dc.date.published" value="1997-04-29"/>
<dc element="dc.source" value="Reuters"/>
<dc element="dc.creator.location" value="MADRID, Spain"/>
<dc element="dc.creator.location.country.name" value="SPAIN"/>
<dc element="dc.source" value="Reuters"/>
</metadata>
</newsitem>
