<?xml version="1.0" encoding="iso-8859-1" ?>
<newsitem itemid="545589" id="root" date="1997-04-29" xml:lang="en">
<title>USA: Arkansas pair settles SEC insider trading charges.</title>
<headline>Arkansas pair settles SEC insider trading charges.</headline>
<dateline>WASHINGTON</dateline>
<text>
<p>An Arkansas man and his father-in-law agreed to pay nearly $222,000 to settle insider trading charges, the Securities and Exchange Commission said Tuesday.</p>
<p>The two Little Rock residents, David Schmidt, 38, and his father-in-law Willard Whitehurst, 59, neither admitted nor denied allegations by the SEC, filed in a civil complaint in the U.S. District Court for the District of Columbia.</p>
<p>In its complaint filed Tuesday, the SEC alleged that in September 1994 Whitehurst learned of negotiations between Mark IV Industries and Purolator Products Co. during his employment with Dayco Products Inc., a subsidiary of Mark IV.</p>
<p>The complaint alleged that Whitehurst asked Schmidt to buy $10,000 worth of Puralotor's common stock and then tipped him of the negotiations. Schmidt also recommended Purolator stock to three other persons.</p>
<p>Collectively, Whitehurst, Schmidt and Schmidt's colleagues bought 15,173 Purolator common shares. Following the public announcement, the group sold or tendered their shares for a profit of $109,483.</p>
<p>Schmidt agreed to pay $105,242 in alleged insider-trading derived profits, interest of $23,333 and a civil penalty of $68,207.</p>
<p>Whitehurst agreed to turn over $4,241 in alleged ill-gotten gains, interest of $940 and a civil penalty of $19,827, the agency said.</p>
<p>Purolator, based in Tulsa, Okla., was a maker of filtration products and systems. Mark IV, based in Amherst, N.Y., makes power and fluid transfer products, transportation and audio products.</p>
<p>Dayco Products is based in Miamisburg, Ohio.</p>
</text>
<copyright>(c) Reuters Limited 1997</copyright>
<metadata>
<codes class="bip:countries:1.0">
  <code code="USA">
    <editdetail attribution="Reuters BIP Coding Group" action="confirmed" date="1997-04-29"/>
  </code>
</codes>
<codes class="bip:industries:1.0">
  <code code="I32000">
    <editdetail attribution="Reuters BIP Coding Group" action="confirmed" date="1997-04-29"/>
  </code>
  <code code="I83100">
    <editdetail attribution="Reuters BIP Coding Group" action="confirmed" date="1997-04-29"/>
  </code>
</codes>
<codes class="bip:topics:1.0">
  <code code="C12">
    <editdetail attribution="Reuters BIP Coding Group" action="confirmed" date="1997-04-29"/>
  </code>
  <code code="C13">
    <editdetail attribution="Reuters BIP Coding Group" action="confirmed" date="1997-04-29"/>
  </code>
  <code code="CCAT">
    <editdetail attribution="Reuters BIP Coding Group" action="confirmed" date="1997-04-29"/>
  </code>
  <code code="GCAT">
    <editdetail attribution="Reuters BIP Coding Group" action="confirmed" date="1997-04-29"/>
  </code>
  <code code="GCRIM">
    <editdetail attribution="Reuters BIP Coding Group" action="confirmed" date="1997-04-29"/>
  </code>
  <code code="M11">
    <editdetail attribution="Reuters BIP Coding Group" action="confirmed" date="1997-04-29"/>
  </code>
  <code code="MCAT">
    <editdetail attribution="Reuters BIP Coding Group" action="confirmed" date="1997-04-29"/>
  </code>
</codes>
<dc element="dc.publisher" value="Reuters Holdings Plc"/>
<dc element="dc.date.published" value="1997-04-29"/>
<dc element="dc.source" value="Reuters"/>
<dc element="dc.creator.location" value="WASHINGTON"/>
<dc element="dc.creator.location.country.name" value="USA"/>
<dc element="dc.source" value="Reuters"/>
</metadata>
</newsitem>
