<?xml version="1.0" encoding="iso-8859-1" ?>
<newsitem itemid="545583" id="root" date="1997-04-29" xml:lang="en">
<title>EU: Reuter EC Report Long-Term Diary for May 5-Dec 31, 1997 (page 1/6 - May 5-17).</title>
<headline>Reuter EC Report Long-Term Diary for May 5-Dec 31, 1997 (page 1/6 - May 5-17).</headline>
<text>
<p>****</p>
<p>HIGHLIGHTS</p>
<p>****</p>
<p>AMSTERDAM - The Netherlands hosts summit of European Union leaders (June 16-17).</p>
<p>MADRID - NATO holds summit to set the course for enlargement (July 8 and 9).</p>
<p>LUXEMBOURG - Luxembourg hosts summit of European Union leaders (December 12-13).</p>
<p>BRUSSELS - Conference of Bosnian donor countries originally scheduled for April has been POSTPONED to an unspecified date before June.</p>
<p>MONDAY, MAY 5</p>
<p>BRUSSELS (NEW ITEM) - Finnish Prime Minister Pavo Liipponen meets European Commission President Santer and Commissioner de Silguy; discussions to cover state of the inter-governmental conference on EU treaty reforms, economic and monetary union, EU enlargement and the EU's northern dimension.</p>
<p>BRUSSELS - The Euro Citizen Action Service (ECAS) holds conference on &quot;Preparing Citizens' Europe Day&quot; (0900/0700 GMT) (To May 6). Venue: European Parliament, Van Maerlandt II. Contact: Jessica Erba (322) 548 0499.</p>
<p>INNSBRUCK, Austria - EU Committee of the Regions holds seminar on &quot;Transport policy for sensitive areas&quot;. Contact: Committee of the Regions (322) 282 2155.</p>
<p>TUESDAY, MAY 6</p>
<p>BRUSSELS (NEW ITEM) - European Commission holds regular weekly meeting. Provisional agenda includes proposal for rules on airport slots, reports and proposals on EU fight against fraud and corruption, report on climate change.</p>
<p>BRUSSELS (NEW ITEM) - European Institute for Asian Studies holds lunchtime meeting on &quot;The Burmese economy and the GSP case&quot; covering the EU's Generalised System of Preferences trade scheme (1230/1030 GMT). Venue: European Institute for Asian Studies, 35 rue des Deux Eglises. Contact: Zoe McCarthy, European Insitute for Asian Studies (322) 230 8122.</p>
<p>LUXEMBOURG - NATO and Russia hold a new round of talks in an attempt to strike a deal on a new post-Cold War pact. NATO Secretary-General Javier Solana and Russian Foreign Minister Yevgeny Primakov attend.</p>
<p>WEDNESDAY, MAY 7</p>
<p>BRUSSELS (NEW ITEM) - European Parliament Subcommittee on Monetary Affairs meets (0930/0730 GMT).</p>
<p>BRUSSELS (NEW ITEM) - European Trade Union Confederation (ETUC) Secretary General Emilio Gabaglio holds news conference to present ETUC's views on the Amsterdam EU summit and its plans for a &quot;Tour for jobs&quot; cycle ride (1030/0830 GMT). Venue: ETUC headquarters, Auditorium 155 Blvd Emile Jacqmain. Contact: ETUC (322) 224 0411.</p>
<p>THURSDAY, MAY 8</p>
<p>- EU institutions closed for Ascension holiday.</p>
<p>FRIDAY, MAY 9</p>
<p>- EU institutions closed for &quot;Robert Schuman&quot; remembrance day.</p>
<p>BRUSSELS (NEW ITEM) - Final session of the inter-governmental conference (IGC) for young people, a simulation of EU treaty reform talks by pupils at Brussels schools. Venue: European Parliament, Leopold building.</p>
<p>SATURDAY, MAY 10</p>
<p>BRUSSELS (NEW ITEM) - Open house at European Union buildings.</p>
<p>BRUSSELS - European Association of Lawyers for Democracy and World Human Rights (EALDH) holds conference on &quot;Environmental law in Europe&quot; (1300/1100 GMT). Venue: German Land Hessen Representation to the EU.</p>
<p>MONDAY, MAY 12</p>
<p>BRUSSELS - EU finance ministers meet. Provisional agenda includes annual EU excessive deficit review, to see which countries have deficits and debt out of line with the Maastricht treaty.</p>
<p>BRUSSELS - EU agriculture ministers meet (To May 13). No agenda yet available.</p>
<p>STRASBOURG (EXPANDED ITEM) - European Parliament holds plenary session (To May 16). Provisional agenda includes debates on a code of conduct for EU lobbyists; EU energy and environment policies; trans-European telecommunications networks; EU rules on public contracts; marketing rules for weedkillers, pesticides and other &quot;biocides&quot;; European defence industries; regional cooperation between the countries of ex-Yugoslavia; ratification of the UN Law of the Sea Convention implementation agreement.</p>
<p>PARIS - Western European Union ministers meet (To May 13).</p>
<p>LONDON - IBC UK Conferences Ltd. holds conference on &quot;EC competition law&quot; (To May 13). Topics include: the green paper on vertical restraints and exhaustion of intellectual property rights. Venue: The Hyde Park Hotel. Contact: IBC UK Conferences Ltd. (44) 171 453 2711.</p>
<p>MUNICH - European Air Law Association holds seminar on &quot;Liability claims handling in the airlines and aerospace industries&quot; (1915/1715 GMT). Venue: Kempinski Hotel Airport. Contact: European Air Law Association (49) 89 365 061.</p>
<p>TUESDAY, MAY 13</p>
<p>HABAY-LA-NEUVE, Belgium - European Commissioner Van Miert addresses Arlon Committee Financial Forum on &quot;Competition: European stakes and perspectives&quot; (1130/0930 GMT). Venue: Salle d'Anlier. Contact: Arlon Committee Financial Forum (32) 63 22 39 87.</p>
<p>LONDON - The European Regions Airline Association (ERA) holds third annual crisis management conference (To May 14). Discussions will focus on the examination of every element of disaster planning, from the immediate response to longterm considerations. Venue: Ramada Hotel, Heathrow Airport. Contact: ERA (44) 276 856495.</p>
<p>WEDNESDAY, MAY 14</p>
<p>BRUSSELS - EU research ministers meet (To May 15). Provisional agenda includes preparation for discussions with Central and East European ministers, additional financing for the research Fourth Framework Programme, the Fifth Framework Programme, international cooperation on science and technology.</p>
<p>FLORENCE, Italy - European Natural Gas Vehicle Association (ENGVA) holds conference on &quot;Creating the climate for NGVs&quot; (To May 16). Contact: ENGVA (31) 20 597 3100.</p>
<p>THURSDAY, MAY 15</p>
<p>BRUSSELS - European Commission hosts round table on practical aspects of the passage to the euro. Participants include representatives of consumer assocations, small and medium-sized enterprises, banks, unions, national and local administrations.</p>
<p>BRUGES, Belgium - European grain lobby COCERAL holds congress to celebrate its 40th anniversary (To May 15). Contact: Chantal Fauth (322) 502 0808.</p>
<p>AMSTERDAM - EU Committee of the Regions holds first summit of the regions and cities (1600/1400 GMT) (To May 16). Discussions focus on structural funds, enlargement, employment, inter-governmental conference. Speakers include: Dutch Prime Minister Wim Kok, European Commission President Jacques Santer, European Parliament President Jose Maria Gil-Robles, Committee of the Regions President Pasqual Maragall. Opening news conference at 1530/1330 GMT; closing news conference on Friday at 1800/1600 GMT. Contact: Committee of the Regions (322) 282 2155.</p>
<p>SATURDAY, MAY 17</p>
<p>GENEVA - The International Telecommunications Union celebrates World Telecommunications Day - &quot;Telecommunications and humanitarian assistance&quot;, commemorating its founding in Paris 132 years ago. Contact: International Telecommunications Union (41) 22 730 5111. 291321 DED:BC-DIARY-LONGTERM =2 Reuter EC Report Long-Term Diary (page 2/6 - May 19-June 2)</p>
<p>MONDAY, MAY 19</p>
<p>- EU institutions closed for Whit Monday holiday.</p>
<p>TUESDAY, MAY 20</p>
<p>BRUSSELS - EU agriculture ministers meet (To May 21). No agenda yet available.</p>
<p>BRUSSELS - EU internal market ministers meet. Provisional agenda includes impact and effectiveness of the internal market, legislative simplification, legal protection of designs, precious metals, in vitro diagnostic equipment, masses and dimensions of certain motor vehicles, programme to improve awareness of legal professions of EU law, supervision of insurance companies, safety standards of buses and rules for making foods including sugar, honey, fruit juices and coffee extracts.</p>
<p>PARIS (NEW ITEM) - European Association of Securities Dealers (EASD) holds conference on &quot;The new European stock market for growing companies&quot; (0900/0700 GMT). Venue: Hotel Royal Monceau. Contact: EASD (322) 227 6565.</p>
<p>WEDNESDAY, MAY 21</p>
<p>BRUSSELS (NEW ITEM) - European Road Safety Federation (ERSF) holds news conference to launch its five-year medium-term programme on nonlegislative activities for road safety in the EU in the context of the communication on road safety recently adopted by the European Commission (1315/1115 GMT). Venue: Swissotel. Contact: Sandrine Poelmans, ERSF (322) 282 0828.</p>
<p>BRUSSELS (NEW ITEM) - Belgian Association for Environment Rights holds conference on &quot;Citizens and association rights in European environmental law&quot; (0845/0645 GMT). Venue: SAS Radisson Hotel. Contact: Belgian Association for Environment Rights (32) 9 264 6926.</p>
<p>BRUSSELS - World Fuels Conferences holds conference on &quot;Fuel quality and vehicle technology&quot; (To May 23). Venue: Conrad Hotel. Contact: World Fuels Conferences (1) 703 812 0902.</p>
<p>THURSDAY, MAY 22</p>
<p>BRUSSELS - British Chamber of Commerce in Belgium holds conference on &quot;A time for change: the effect of the euro on new and existing stock exchanges and the presentation of the AIM (Alternative Investment Market)&quot; (1400/1200 GMT). Venue: Auditorium Societe General, 30 rue Royale. Contact: British Chamber of Commerce in Belgium fax (322) 512 8363.</p>
<p>FRIDAY, MAY 23</p>
<p>- (possibly) EU member states hold extraordinary summit to give an extra push to efforts to seal a new treaty for the Union (location not yet announced).</p>
<p>BRUSSELS - European Institute of Public Affairs and Lobbying (EIPAL) holds conference on &quot;Practice and legal restrictions on lobbying the European institutions&quot; (1400/1200 GMT). Venue: EP. Contact: Glacomo Scuart, EIPAL (322) 481 7325.</p>
<p>SUNDAY, MAY 25</p>
<p>MIDDELBURG, Netherlands - EU agriculture ministers hold informal meeting (To May 27). No agenda yet available.</p>
<p>FRANCE - French parliamentary elections.</p>
<p>MONDAY, MAY 26</p>
<p>BRUSSELS - EU energy ministers meet. Provisional agenda includes liberalisation of gas market, EU strategy on renewable energy and Energy Charter Treaty.</p>
<p>BRUSSELS (NEW ITEM) - Academy of European Law Trier (ERA) holds conference on &quot;Should we establish European environment mediators in the member states?&quot; (0900/0700 GMT) (To May 27). Venue: Borschette Centre. Contact: ERA (49) 651 147100.</p>
<p>TUESDAY, MAY 27</p>
<p>BRUSSELS - EU justice and home affairs ministers meet (To May 28). Provisional agenda includes examination of the UNHCR repatriation plan for Bosnians, organised crime, drugs, trafficking in human beings and sexual exploitation of children, money laundering, Europol police agency, customs cooperation, asylum seekers, terrorism, racism and xenophobia, draft convention on mutual assistance in criminal matters, draft convention on corruption involving EU officials.</p>
<p>BRUSSELS - British Chamber of Commerce in Belgium holds conference on &quot;EU climate change targets: the impact on business&quot; (0900/0700 GMT). Venue: Hotel Bristol Stephanie. Contact: British Chamber of Commerce in Belgium fax (322) 512 8363.</p>
<p>BRUSSELS - Centre for European Policy Studies (CEPS) gives Bentick prize award to Former Portuguese President Mario Soares for his role in European integration and his struggle against dictatorship. Contact: CEPS (322) 229 3911.</p>
<p>BRUSSELS - Institute for International Research (IIR) holds &quot;Euro III&quot; conference on the practical consequences of the single currency on information technology, accounting and taxation (0900/0700 GMT) (To May 28). Venue: Sheraton Brussels Airport. Contact: IIR (322) 776 0400.</p>
<p>WEDNESDAY, MAY 28</p>
<p>BRUSSELS - European Parliament holds mini session (To May 29).</p>
<p>BRUSSELS (NEW ITEM) - (possibly) European Parliament and Council start conciliation procedure to iron out differences over ARIANE and RAPHAEL cultural programmes.</p>
<p>BRUSSELS - EU Economic and Social Committee (ECOSOC) holds plenary session (To May 29).</p>
<p>THE HAGUE - U.S. President Bill Clinton and EU Dutch Presidency hold bi-annual summit (To May 29). Main discussions focus on European security, the Middle East, situation in former Yugoslavia and Russia; Clinton is also expected to attend commemoration of 50th anniversary of U.S. Marshall plan for post-war reconstruction of Europe.</p>
<p>SCHEVENINGEN, Netherlands - Dutch EU presidency hosts conference on &quot;Cost/Benefits of health/safety at work&quot; (To May 30).</p>
<p>THURSDAY, MAY 29</p>
<p>BRUSSELS (MODIFIED ITEM) - EU telecoms ministers meeting has been POSTPONED to unspecified date in June.</p>
<p>BRUSSELS - (Possibly) EU transport ministers meet to finalise transport accord with Switzerland.</p>
<p>LISBON - NATO foreign ministers hold informal meeting (To May 30). Discussions focus on NATO enlargement and reform; agreement with Russia and enhanced Partnership for Peace programme; preparations for NATO summit in June.</p>
<p>THE HAGUE - Dutch EU presidency hosts seminar on &quot;Good governance for Central and Eastern European Countries&quot; (To May 30).</p>
<p>PARIS - CICERO Foundation holds conference on &quot;Results of the IGC - Preparing the Amsterdam Treaty&quot;. Main topics discussed - the issue of flexibility: will Britain block &quot;Core Europe&quot;?; the special strategy of the Dutch presidency; reforming Common Foreign and Security Policy (CFSP); the chances for a Mr CFSP; a breakthrough in the third pillar (Justice and Home Affairs)?; institutional arrangements; power struggle or compromise; the IGC seen from Central and Eastern Europe. Contact: CICERO Foundation (33) 1 43 80 18 21.</p>
<p>FRIDAY, MAY 30</p>
<p>GENEVA (NEW ITEM) - Cameron May Conferences holds second annual conference on &quot;Dispute resolution in the World Trade Organisation&quot; (0900/0700 GMT). Agenda includes: current status of WTO dispute settlement; contributions of the appellate body to rule of law; the role of economics in WTO dispute settlement; the private sector view of WTO dispute settlement; new aspects to the EU approach to the dispute settlement system - Trade barriers regulation. Venue: The Intercontinental Hotel. Contact: Cameron May Conferences (44) 171 582 7567.</p>
<p>SUNDAY, JUNE 1</p>
<p>FRANCE - French parliamentary elections.</p>
<p>MONDAY, JUNE 2</p>
<p>LUXEMBOURG - EU foreign ministers meet (To June 3). Provisional agenda includes signature of agreements with Egypt, Lebanon and Jordan; preparation for the Amsterdam EU summit; discussions on former Yugoslavia, the Middle East peace process, association agreement with Algeria, partnership and cooperation agreement with Ukraine, Nigeria, transatlantic relations. 291342 DED:BC-DIARY-LONGTERM =3 Reuter EC Report Long-Term Diary (page 3/6 - June 3-26)</p>
<p>TUESDAY, JUNE 3</p>
<p>BRUSSELS (NEW ITEM) - CEO Summit Conference on Converging Technologies (To June 4). Speakers include: European Commissioners Mario Monti, Emma Bonino, Marcelino Oreja, Karel Van Miert; U.S. Federal Communications Commission Chairman Reed Hundt; British Science and Technology Minister Ian Taylor; Microsoft Europe President Bernard Vergnes; Apple Computer CEO Gilbert Amelio; France Telecom President Michel Bon. Venue: Conrad Hotel. Contact: (1) 216 479 8420.</p>
<p>THURSDAY, JUNE 5</p>
<p>LUXEMBOURG - EU health ministers meet. Provisional agenda includes EU health monitoring and epidemiological surveillance; programmes on pollution-related diseases, injuries and rare diseases; ways to reduce smoking, organ transplants, drug dependence, EU-U.S. task force on global early-warning system for communicable diseases and &quot;mad cow&quot; related diseases in humans.</p>
<p>LUXEMBOURG - EU development ministers meet. Provisional agenda includes future EU relations with African, Caribbean and Pacific countries; human rights/good governance; forestry policies and research policies in developing countries.</p>
<p>THE HAGUE - Dutch EU presidency hosts K4 Committee (consisting of officials from interior ministeries of EU member states) meeting (To June 6). No agenda available yet.</p>
<p>SUNDAY, JUNE 8</p>
<p>NOORDWIJK, The Netherlands - Dutch EU presidency hosts conference on &quot;Regional planning and regional policy&quot; (To June 10).</p>
<p>MONDAY, JUNE 9</p>
<p>LUXEMBOURG - EU agriculture ministers meeting has been POSTPONED to June 16-17.</p>
<p>LUXEMBOURG - EU finance ministers meet. Provisional agenda includes preparation for the Amsterdam EU summit, preparations for introduction of the single currency, implementation of 1996 economic policy guidelines and draft guidelines for 1997, employment, fight against fraud.</p>
<p>STRASBOURG - European Parliament holds plenary session (To June 13).</p>
<p>TUESDAY, JUNE 10</p>
<p>BRUSSELS - EU Monetary Committee meets (1000/0800 GMT).</p>
<p>LONDON - Agra Europe holds first European cheese conference (To June 11). Venue: The Waldorf Meridien Hotel. Contact: Agra Europe (44) 1892 511807.</p>
<p>WEDNESDAY, JUNE 11</p>
<p>BRUSSELS - EU Committee of the Regions holds plenary session (To June 12).</p>
<p>THURSDAY, JUNE 12</p>
<p>LUXEMBOURG - EU social affairs ministers meet. Provisional agenda includes employment policy, burden of proof in sex discrimination cases, worker consultation, collective redundancies, part-time jobs, home working.</p>
<p>MILAN, Italy - Euromanagement holds conference on &quot;Managing the future growth of cogeneration in Europe&quot; (To June 13). Contact: Euromanagement (31) 40 2974 944.</p>
<p>MONDAY, JUNE 16</p>
<p>LUXEMBOURG - EU agriculture ministers meet (To June 17). No agenda available yet.</p>
<p>AMSTERDAM - Dutch presidency hosts European Council of heads of state or government (To June 17). Provisional agenda includes presentation of a report on organised crime, completion of the inter-governmental conference on EU treaty reforms, legal framework for introducing the euro single currency, European Commission action plan and timetable for removing remaining internal trade barriers by the time the euro is introduced.</p>
<p>TUESDAY, JUNE 17</p>
<p>LUXEMBOURG - EU transport ministers meet (To June 18). Provisional agenda includes air transport noise, air transport negotiations with the United States and Central and East European countries, EU membership in the European Organisation for the Safety of Air Navigation, proposed European organisation responsible for civil aviation safety, charges on heavy goods vehicles, seafarer training, sea passenger registration, transport negotiations with Switzerland.</p>
<p>BRUSSELS (NEW ITEM) - European Food Law sixth annual conference (To June 17). Main issues discussed are food safety; genetically modified foods and food law. Speakers include: MEPs Roth-Behrendt and Collins. Venue: Radisson Hotel. Contact: IBC (44) 1892 511 807.</p>
<p>THURSDAY, JUNE 19</p>
<p>LUXEMBOURG - EU environment ministers meet (To June 20). Provisional agenda includes climate change, control of car emissions, acidification, biological diversity, petrol and diesel fuel quality, water quality, waste landfills, waste shipments.</p>
<p>FRIDAY, JUNE 20</p>
<p>DENVER, United States - Group of Seven (Britain, U.S., Canada, France, Germany, Italy and Japan) hold summit (To June 22).</p>
<p>MONDAY, JUNE 23</p>
<p>LUXEMBOURG - EU fisheries minsters meet. Provisional agenda includes fish capacical measures, fishing management in the Baltic Sea, herring fishing for purposes other than human consumption; ratification of British agreement on straddling stocks.</p>
<p>LUXEMBOURG - EU finance ministers meet. Provisional agenda includes follow-up to the EU Amsterdam summit, preparation for introduction of the single currency, adoption of 1997 economic policy guidelines.</p>
<p>HELSINKI - International Union of Railways hold third Pan-European transport conference (To March 25). Contact: International Union of Railways (33) 1 44 49 20 50.</p>
<p>WEDNESDAY, JUNE 25</p>
<p>BRUSSELS - European Parliament hoJune 26).</p>
<p>AMSTERDAM - The Netherlands Industrial and Agricultural Biotechnology (NIAB) Foundation holds &quot;EuropaBio '97&quot; (To June 27). Speakers include: European Commissioner Brittan, Dutch Economic Affairs Minister Hans Wijers. Venue: RAI Congress Centre. Contact: Lidy Groot Congress Events (31) 20 679 3218.</p>
<p>THURSDAY, JUNE 26</p>
<p>LUXEMBOURG - EU foreign ministers meet. Provisional agenda includes signature of cooperation agreements with Albania, Yemen and Andorra; signature of partnership and cooperation agreement with Turkmenistan; follow-up to the EU Amsterdam summit; former Yugoslavia and the Middle East peace process.</p>
<p>LUXEMBOURG - EU education ministers meet. Provisional agenda includes European Commission reports on education and training, mobility in higher education, learning in the &quot;information society&quot;.</p>
<p>LONDON (NEW ITEM) - Congress on &quot;Digital television - Economics, regulation and strategy&quot; (To June 27). Venue: Le Meridien. Contact: Fiona Walker (44) 171 421 3500.</p>
<p>NORROEPING, Sweden - EU Committee of the Regions holds seminar on &quot;Transport problems in the Baltic area&quot;. Contact: Committee of the Regions (322) 282 2155. 291347 DED:BC-DIARY-LONGTERM =4 Reuter EC Report Long-Term Diary (page 4/6 - June 27-Oct 13)</p>
<p>FRIDAY, JUNE 27</p>
<p>AMSTERDAM - EU will brief central and eastern European countries on the outcome of the EU Amsterdam summit.</p>
<p>MONDAY, JUNE 30</p>
<p>LUXEMBOURG - EU culture ministers meet. Provisional agenda includes amendments to the &quot;television without frontiers&quot; directive on cross-border broadcasting, proposed fund for EU audiovisual producers, cooperation between public broadcast corporations, decision on European Cultural Cities.</p>
<p>* Dutch EU presidency ends. Luxembourg takes over to December 31, 1997.</p>
<p>THURSDAY, JULY 3</p>
<p>LUXEMBOURG - European Commission on official visit to Luxembourg.</p>
<p>MONDAY, JULY 7</p>
<p>BRUSSELS - EU finance ministers meet and hold structured dialogue with Central and East European countries.</p>
<p>TUESDAY, JULY 8</p>
<p>MADRID - NATO holds summit to chart course for enlargement and invite a number of former communist foes to begin membership talks (To July 9). (possibly) In margins of the summit, EU Luxembourg presidency, European Commission and U.S. meet to discuss trans-Atlantic issues.</p>
<p>WEDNESDAY, JULY 9</p>
<p>BRUSSELS - EU Economic and Social Committee (ECOSOC) holds plenary session (To July 10).</p>
<p>THURSDAY, JULY 10</p>
<p>EDINBURGH - Centre for European Policy Studies (CEPS) holds conference on &quot;Network industries in Europe: preparing for competition&quot; (To July 11). Speakers include: European Commissioner Neil Kinnock. Venue: Balmoral Hotel. Contact: CEPS (322) 229 3911.</p>
<p>SATURDAY, JULY 12</p>
<p>LUXEMBOURG - EU social affairs ministers hold informal meeting (To July 13). No agenda yet available.</p>
<p>MONDAY, JULY 14</p>
<p>STRASBOURG - European Parliament holds plenary session (to July 18).</p>
<p>WEDNESDAY, JULY 16</p>
<p>STRASBOURG - (possibly) European Commission gives opinions on EU membership applications of Eastern European countries.</p>
<p>STRASBOURG - Luxembourg EU presidency presents work programme to the European Parliament.</p>
<p>MONDAY, JULY 21</p>
<p>- EU institutions closed for Belgian Independence Day holiday.</p>
<p>TUESDAY, JULY 22</p>
<p>BRUSSELS - EU foreign ministers meet (To July 23). No agenda yet available.</p>
<p>BRUSSELS - EU agriculture ministers meet (To July 23). No agenda yet available.</p>
<p>THURSDAY, JULY 24</p>
<p>BRUSSELS - EU budget minsters meet. No agenda yet available.</p>
<p>AUGUST</p>
<p>- EU institutions closed for summer holidays.</p>
<p>SUNDAY, SEPTEMBER 7</p>
<p>ECHTERNACH, Luxembourg - EU agriculture ministers hold informal meeting (To September 9). No agenda yet available.</p>
<p>FRIDAY, SEPTEMBER 12</p>
<p>MONDORF, Luxembourg - EU finance ministers hold informal meeting (To September 14). No agenda yet available.</p>
<p>MONDAY, SEPTEMBER 15</p>
<p>BRUSSELS - EU foreign ministers meet (To September 16). No agenda yet available.</p>
<p>STRASBOURG - European Parliament holds plenary session (To September 19).</p>
<p>WEDNESDAY, SEPTEMBER 17</p>
<p>BRUSSELS - EU Committee of the Regions holds plenary session (To September 18).</p>
<p>FRIDAY, SEPTEMBER 19</p>
<p>BANGKOK - European and Asian finance ministers meet under the Asia-Europe Meeting (ASEM) framework.</p>
<p>MONDAY, SEPTEMBER 22</p>
<p>BRUSSELS - EU justice and home affairs ministers meet (To September 23). No agenda yet available.</p>
<p>BRUSSELS - EU agriculture ministers meet (To September 23). No agenda yet available.</p>
<p>THURSDAY, SEPTEMBER 25</p>
<p>BRUSSELS (NEW ITEM) - International Centre of Research and Information on the Public and Cooperative Economy (CIRIEC) holds conference on &quot;The public, social and cooperative economy and the general interest - Which roles in the 21st century?&quot; (0830/0630 GMT) (To September 26). Speakers include European Commissioner Monika Wulf-Mathies. Venue: Palais des Congres. Contact: CIRIEC (322) 366 2746.</p>
<p>SATURDAY, SEPTEMBER 27</p>
<p>TOKYO - Asian and European economy ministers meet under the Asia-Europe Meeting (ASEM) framework. (To September 29).</p>
<p>OCTOBER</p>
<p>LUXEMBOURG - Luxembourg EU Presidency hosts high-level meeting in the framework of preparations for the second Asia-Europe Meeting (ASEM) summit to be held in London in April 1998.</p>
<p>WEDNESDAY, OCTOBER 1</p>
<p>BRUSSELS - European Parliament holds mini session (To October 2).</p>
<p>BRUSSELS - EU Economic and Social Committee (ECOSOC) holds plenary session (To October 2).</p>
<p>THURSDAY, OCTOBER 2</p>
<p>LUXEMBOURG - EU telecoms ministers meet. No agenda yet available.</p>
<p>FRIDAY, OCTOBER 3</p>
<p>LUXEMBOURG - EU internal market ministers hold informal meeting and structured dialogue with Central and East European countries (To October 4). No agenda yet available.</p>
<p>MONDAY, OCTOBER 6</p>
<p>LUXEMBOURG - EU foreign ministers meet (To October 7). No agenda yet available.</p>
<p>TUESDAY, OCTOBER 7</p>
<p>LUXEMBOURG - EU social affairs ministers meet.</p>
<p>THURSDAY, OCTOBER 9</p>
<p>ECHTERNACH, Luxembourg - EU justice and home affairs hold informal meeting (To October 10).</p>
<p>LUXEMBOURG - EU transport ministers meet and hold structured dialogue with Central and East European countries. No agenda yet available.</p>
<p>BONN - Committee of the Regions holds seminar on &quot;Cross-border and inter-regonal cooperation&quot;. Contact: Committee of the Regions (322) 282 2155.</p>
<p>MONDAY, OCTOBER 13</p>
<p>LUXEMBOURG - EU finance ministers meet. No agenda yet available. 291706 DED:BC-DIARY-LONGTERM =5 Reuter EC Report Long-Term Diary (page 5/6 - Oct 14-Nov 24)</p>
<p>TUESDAY, OCTOBER 14</p>
<p>LUXEMBOURG - EU social affairs ministers meet. No agenda yet available.</p>
<p>THURSDAY, OCTOBER 16</p>
<p>LUXEMBOURG - EU environment ministers meet (or October 26). No agenda yet available.</p>
<p>MONDAY, OCTOBER 20</p>
<p>LUXEMBOURG - EU agriculture ministers meet (To October 21). No agenda yet available.</p>
<p>STRASBOURG - European Parliament holds plenary session (To October 24).</p>
<p>WEDNESDAY, OCTOBER 22</p>
<p>AALBORG, Denmark - Euro Communication '97 conference &quot;Electronic government - as a driving force for the information society&quot; (0900/0700 GMT) (To October 24). Venue: Congress and Culture Centre. Contact: Congress and Culture Centre (45) 99 35 5555.</p>
<p>THURSDAY, OCTOBER 23</p>
<p>LUXEMBOURG - EU environment ministers meeting has been RESCHEDULED to October 16 or 26.</p>
<p>ATHENS - EU Committee of the Regions holds seminar on &quot;Combined transport&quot;. Contact: Committee of the Regions (322) 282 2155.</p>
<p>SATURDAY, OCTOBER 25</p>
<p>MONDORF, Luxembourg - EU foreign ministers hold informal meeting (To October 26).</p>
<p>WEDNESDAY, OCTOBER 29</p>
<p>BRUSSELS - EU Economic and Social Committee (ECOSOC) holds plenary session (To October 30).</p>
<p>THURSDAY, OCTOBER 30</p>
<p>LUXEMBOURG - EU fisheries ministers meet. No agenda yet available.</p>
<p>MARRAKESH - Euro-Mediterranean ministerial meeting on industrial cooperation (To October 31).</p>
<p>MONDAY, NOVEMBER 3</p>
<p>BRUSSELS - EU consumers ministers meet. No agenda yet available.</p>
<p>WEDNESDAY, NOVEMBER 5</p>
<p>BRUSSELS - European Parliament holds mini session (To November 6).</p>
<p>MONDAY, NOVEMBER 10</p>
<p>BRUSSELS - EU research ministers meet. No agenda yet available.</p>
<p>THURSDAY, NOVEMBER 6</p>
<p>LIBREVILLE, Gabon - African, Caribbean, Pacific heads of state and government hold summit (To November 7).</p>
<p>WEDNESDAY, NOVEMBER 12</p>
<p>TOULOUSE, France - European People's Party (EPP) holds congress on &quot;Europe and globalisation&quot; (To November 14). Contact: EPP (322) 285 41 57.</p>
<p>THURSDAY, NOVEMBER 13</p>
<p>BRUSSELS - EU industry ministers meet. No agenda yet available.</p>
<p>MONDAY, NOVEMBER 17</p>
<p>BRUSSELS - EU finance ministers meet. No agenda yet available.</p>
<p>BRUSSELS - EU agriculture ministers meet (To November 18). No agenda yet available.</p>
<p>STRASBOURG - European Parliament holds plenary session (To November 21).</p>
<p>WEDNESDAY, NOVEMBER 19</p>
<p>BRUSSELS - (possibly) EU fisheries ministers meet. No agenda yet available.</p>
<p>BRUSSELS - EU Committee of the Regions holds plenary session (To November 20).</p>
<p>THURSDAY, NOVEMBER 20</p>
<p>BRUSSELS - EU education ministers meet and hold structured dialogue with Central and East European countries. No agenda yet available.</p>
<p>MILAN - Third European conference for craft/trade and small businesses (To November 22). Contact: UEAPME (322) 230 7599.</p>
<p>FRIDAY, NOVEMBER 21</p>
<p>BRUSSELS - EU budget ministers meet. No agenda yet available.</p>
<p>MONDAY, NOVEMBER 24</p>
<p>BRUSSELS - EU foreign ministers meet (To November 25). No agenda yet available.</p>
<p>BRUSSELS - EU culture ministers meet. No agenda yet available.</p>
<p>LUXEMBOURG - The European Finance Convention and the Euro Week hold 11th annual convention (To November 28). Main topics discussed are the euro's impact on financial markets; European payment systems and implications for bank profitability; an overview of the enlargement programme - benefits and disadvantages of the first wave of entries. Speakers include: European Commission President Santer; Belgian Finance Minister Philippe Maystadt; European Commissioners Yves-Thibault de Silguy, Mario Monti, Monika Wulf-Mathies, Emma Bonino and Hans van den Broek; MEP Karl Von Wogau; Bank of England Governor Eddie George; Spanish Foreign Minister Abel Matutes; Spanish Economy Minister Rodrigo de Rato; World Trade Organisation Director General Renato Ruggiero; French Economy Minister Jean Arthuis; European Investment Bank President Brian Unwin. 291707 DED:BC-DIARY-LONGTERM =6 Reuter EC Report Long-Term Diary (page 6/6 - Nov 27-Dec 31)</p>
<p>THURSDAY, NOVEMBER 27</p>
<p>BRUSSELS - EU internal market ministers meet. No agenda yet available.</p>
<p>BRUSSELS - EU development ministers meet. No agenda yet available.</p>
<p>FRIDAY, NOVEMBER 28</p>
<p>HELSINKI - Environment ministerial conference on the framework of the Barcelona process.</p>
<p>MONDAY, DECEMBER 1</p>
<p>BRUSSELS - EU finance ministers meet. No agenda yet available.</p>
<p>BRUSSELS - (possibly) EU telecoms ministers meet. No agenda yet available.</p>
<p>LONDON - EU Committee of the Regions holds seminar on &quot;Green paper on the citizens's network&quot;. European Commissioner Kinnock attends. Contact: Committee of the Regions (322) 282 2155.</p>
<p>TUESDAY, DECEMBER 2</p>
<p>BRUSSELS - EU social affairs ministers meet. No agenda yet available.</p>
<p>WEDNESDAY, DECEMBER 3</p>
<p>BRUSSELS - European Parliament holds mini session (To December 4).</p>
<p>THURSDAY, DECEMBER 4</p>
<p>BRUSSELS - EU health ministers meet. No agenda yet available.</p>
<p>BRUSSELS - Eu justice and home affairs ministers meet. No agenda yet available.</p>
<p>MONTEVIDEO (NEW ITEM) - European Association of Chambers of Commerce (Eurochambres) sponsors a trade initiative bringing together some 200 EU companies and up to 300 companies from Argentina, Brazil, Chile, Paraguay and Uruguay (To December 5). Contact: Eurochambres (322) 282 0850.</p>
<p>MONDAY, DECEMBER 8</p>
<p>BRUSSELS - EU foreign ministers meet (To December 9). No agenda yet available.</p>
<p>BRUSSELS - EU energy ministers meet. No agenda yet available.</p>
<p>WEDNESDAY, DECEMBER 10</p>
<p>BRUSSELS - EU transport ministers meet (To December 11). No agenda yet available.</p>
<p>BRUSSELS - EU Economic and Social Committee (ECOSOC) holds plenary session (To December 11).</p>
<p>FRIDAY, DECEMBER 12</p>
<p>LUXEMBOURG - Luxembourg presidency hosts European Council of heads of state and government (To December 13).</p>
<p>MONDAY, DECEMBER 15</p>
<p>BRUSSELS - EU agriculture ministers meet (To December 16). No agenda yet available.</p>
<p>STRASBOURG - European Parliament holds plenary session (To December 19).</p>
<p>TUESDAY, DECEMBER 16</p>
<p>BRUSSELS - EU environment ministers meet (To December 17). No agenda yet available.</p>
<p>TUESDAY, DECEMBER 17</p>
<p>STRASBOURG - Presentation on the outcome of the Luxembourg EU presidency to the European Parliament.</p>
<p>THURSDAY, DECEMBER 18</p>
<p>BRUSSELS - EU fisheries ministers meet (To December 19). No agenda yet available.</p>
<p>LUXEMBOURG - Closing of the European Year Against Racism (To December 19).</p>
<p>MONDAY, DECEMBER 22</p>
<p>BRUSSELS - (possibly) EU finance ministers meet. No agenda yet available.</p>
<p>WEDNESDAY, DECEMBER 24</p>
<p>- EU institutions closed for Christmas holidays until Sunday, January 4 inclusive.</p>
<p>1998</p>
<p>BIRMINGHAM, United Kingdom - Group of Seven (G7) - Britain, U.S., Canada, France, Germany, Italy and Japan - hold summit.</p>
<p>If you have items for inclusion in the Reuter European</p>
<p>Community diary, please contact:</p>
<p>Telephone: Cynthia Simpson (322) 287 6851</p>
<p>Fax: (322) 230 5573</p>
<p>For technical queries regarding</p>
<p>the service, please call (322) 287 6666</p>
<p>- - - - - - - - - - - - - - - - - - - - - - -</p>
<p>EC Report (C)opyright Reuters Limited.</p>
</text>
<copyright>(c) Reuters Limited 1997</copyright>
<metadata>
<codes class="bip:countries:1.0">
  <code code="EEC">
    <editdetail attribution="Reuters BIP Coding Group" action="confirmed" date="1997-04-29"/>
  </code>
</codes>
<codes class="bip:topics:1.0">
  <code code="G15">
    <editdetail attribution="Reuters BIP Coding Group" action="confirmed" date="1997-04-29"/>
  </code>
  <code code="GCAT">
    <editdetail attribution="Reuters BIP Coding Group" action="confirmed" date="1997-04-29"/>
  </code>
</codes>
<dc element="dc.publisher" value="Reuters Holdings Plc"/>
<dc element="dc.date.published" value="1997-04-29"/>
<dc element="dc.source" value="Reuters"/>
<dc element="dc.creator.location.country.name" value="EU"/>
<dc element="dc.source" value="Reuters"/>
</metadata>
</newsitem>
