<?xml version="1.0" encoding="iso-8859-1" ?>
<newsitem itemid="545591" id="root" date="1997-04-29" xml:lang="en">
<title>USA: Stock funds still popular in April - firms.</title>
<headline>Stock funds still popular in April - firms.</headline>
<byline>Michael Ellis</byline>
<dateline>BOSTON 1997-04-29</dateline>
<text>
<p>Mutual fund investors continued to pour cash into U.S. stock index funds in April despite the volatility in the markets, but international stock funds were also popular, fund companies said Tuesday.</p>
<p>&quot;Despite the market volatility at the beginning part of the month, at least here, investors stayed the course and continued to add to equity fund positions at the same pace they were in March,&quot; said Brian Mattes, a spokesman for Vanguard Group.</p>
<p>The stock market took investors for a roller coaster ride in April. The Dow continued to unwind from a record close of 7,085.16 set on March 11 and hit a low of 6,391.69 on April 11 before rebounding in the second half and close on Tuesday within sight of 7,000 again.</p>
<p>Tracey Gordon, a spokeswoman for Charles Schwab &amp; Co., which sells more than 2,000 funds from a wide variety of companies, said index and international funds were big sellers in April just as in March.</p>
<p>&quot;The big categories are still the same -- index and international,&quot; she said.</p>
<p>Inflows into stock funds sold by Schwab totalled $540 million in April, including $268 million in international stock funds and $184 million into index funds, up from $338 million into stock funds in March.</p>
<p>The Investment Company Institute reported that net new cash flow into U.S. stock mutual funds fell to $10.51 billion in March from $18.16 billion in February.</p>
<p>The ICI said flows to stock funds in the first three months of 1997 totalled $57.75 billion, compared with $72.54 billion for the same period in 1996. Flows into money market funds slowed sharply in March to an inflow of just $872.4 million compared with inflows of $21.12 billion in February.</p>
<p>Vanguard's flows into stock funds in April matched the $1.8 million in March, Mattes said.</p>
<p>&quot;The vast majority of the equity flows went into index funds,&quot; he said. &quot;It looks like it may be as much as $1 billion of the $1.8 billion, which is fairly consistent with flows we have seen in the past.&quot;</p>
</text>
<copyright>(c) Reuters Limited 1997</copyright>
<metadata>
<codes class="bip:countries:1.0">
  <code code="USA">
    <editdetail attribution="Reuters BIP Coding Group" action="confirmed" date="1997-04-29"/>
  </code>
</codes>
<dc element="dc.date.created" value="1997-04-29"/>
<dc element="dc.publisher" value="Reuters Holdings Plc"/>
<dc element="dc.date.published" value="1997-04-29"/>
<dc element="dc.source" value="Reuters"/>
<dc element="dc.creator.location" value="BOSTON"/>
<dc element="dc.creator.location.country.name" value="USA"/>
<dc element="dc.source" value="Reuters"/>
</metadata>
</newsitem>
