<?xml version="1.0" encoding="iso-8859-1" ?>
<newsitem itemid="545592" id="root" date="1997-04-29" xml:lang="en">
<title>USA: Ellison decides not to buy Apple at this time.</title>
<headline>Ellison decides not to buy Apple at this time.</headline>
<dateline>ATHERTON, Calif. 1997-04-29</dateline>
<text>
<p>Software billionaire Larry Ellison said Tuesday he had decided not to seek control of troubled Apple Computer Inc. at this time.</p>
<p>In a brief statement, Ellison, who is chairman of software maker Oracle Corp., said he may elect to purchase Apple stock for investment purposes or revisit the possibility of acquiring Apple in the future.  </p>
<p>Ellison has talked for two years of his interest in buying Apple with his own money. Based on current share prices, a purchase of Apple would cost about $2.1 billion.</p>
<p>Last month he approached unidentified big investors about a joint bid, and said he was discussing the idea with his friend Steve Jobs, the Apple co-founder who was kicked out of the company in 1985 and returned in December as a part-time adviser to Apple Chairman Gilbert Amelio.</p>
<p>Ellison's interest in buying Apple at a time it is struggling to recapture a profitable role in the intensely competitive PC industry, was regarded as a move to prevent Microsoft Corp. from completely dominating the market.</p>
<p>Apple was not immediately available for comment.</p>
</text>
<copyright>(c) Reuters Limited 1997</copyright>
<metadata>
<codes class="bip:countries:1.0">
  <code code="USA">
    <editdetail attribution="Reuters BIP Coding Group" action="confirmed" date="1997-04-29"/>
  </code>
</codes>
<codes class="bip:topics:1.0">
  <code code="C181">
    <editdetail attribution="Reuters BIP Coding Group" action="confirmed" date="1997-04-29"/>
  </code>
</codes>
<dc element="dc.date.created" value="1997-04-29"/>
<dc element="dc.publisher" value="Reuters Holdings Plc"/>
<dc element="dc.date.published" value="1997-04-29"/>
<dc element="dc.source" value="Reuters"/>
<dc element="dc.creator.location" value="ATHERTON, Calif."/>
<dc element="dc.creator.location.country.name" value="USA"/>
<dc element="dc.source" value="Reuters"/>
</metadata>
</newsitem>
