<?xml version="1.0" encoding="iso-8859-1" ?>
<newsitem itemid="545656" id="root" date="1997-04-29" xml:lang="en">
<title>USA: TCI preliminary Q1 revs, cash flow up.</title>
<headline>TCI preliminary Q1 revs, cash flow up.</headline>
<dateline>ENGLEWOOD, Colo 1997-04-29</dateline>
<text>
<p>Tele-Communications Inc said Tuesday that preliminary first quarter, unadjusted revenues for its cable operations were $1.556 billion, compared to $1.333 billion for the 1996 quarter.</p>
<p>The company said operating cash flow results for its domestic cable operations were $701 million, compared to cash flow of $498 million for the 1996 period.  </p>
<p>Adjusting for acquisitions and dispositions on a proforma basis, revenues in the first quarter 1997 were $1.562 billion and operating cash flow was $704 million, including financial results for TKR Cable for the 10 days before its acquisition, TCI said.</p>
<p>The company said its proforma revenues in the year-ago quarter were $1.433 billion and its proforma operating cash flow was $569 million.</p>
<p>The cable giant also said it plans to roll out a basic digital product to 75 to 90 percent of its homes passed by the end of 1997, assuming vendors meet specified timetables.  </p>
<p>It said that beginning in May, it would launch its basic digital product with an additional 40 video channels and 14 audio channels.</p>
<p>It would fund said the upgrade and roll-out of digital TV with internally generated funds.</p>
<p>TCI also said the numbers of its basic and pay subscribers fell since December 31, excluding the effect of acquisitions, and attributed the drops to rate increases.  </p>
<p>Excluding the effect of acquisitions, the number of basic cable customers fell by 83,000 from 13.9 million in December of 1996, and the number of pay subscriptions fell by more than one million from 15 million, it said.</p>
<p>&quot;The company largely attributes its basic customer and pay subscription declines to recently implemented rate increases made necessary in large part by significant increases in programming costs,&quot; the company said in a release. &quot;Despite these basic customer and pay subscription decines, revenue and cash flow were positively impacted by the pricing adjustements.&quot;</p>
<p>Including the effect of acquisitions, cable operations ended the first quarter with 14.370 million basic cable customers, a three percent increase from the number at the period ended December 31, 1996, TCI said.</p>
<p>The company said preliminary debt balance for its cable operations at the end of the first quarter was $14.480 billion, including $574 million of debt related to the TKR acquisition.</p>
</text>
<copyright>(c) Reuters Limited 1997</copyright>
<metadata>
<codes class="bip:countries:1.0">
  <code code="USA">
    <editdetail attribution="Reuters BIP Coding Group" action="confirmed" date="1997-04-29"/>
  </code>
</codes>
<codes class="bip:industries:1.0">
  <code code="I97400">
    <editdetail attribution="Reuters BIP Coding Group" action="confirmed" date="1997-04-29"/>
  </code>
</codes>
<codes class="bip:topics:1.0">
  <code code="C15">
    <editdetail attribution="Reuters BIP Coding Group" action="confirmed" date="1997-04-29"/>
  </code>
  <code code="C151">
    <editdetail attribution="Reuters BIP Coding Group" action="confirmed" date="1997-04-29"/>
  </code>
  <code code="CCAT">
    <editdetail attribution="Reuters BIP Coding Group" action="confirmed" date="1997-04-29"/>
  </code>
</codes>
<dc element="dc.date.created" value="1997-04-29"/>
<dc element="dc.publisher" value="Reuters Holdings Plc"/>
<dc element="dc.date.published" value="1997-04-29"/>
<dc element="dc.source" value="Reuters"/>
<dc element="dc.creator.location" value="ENGLEWOOD, Colo"/>
<dc element="dc.creator.location.country.name" value="USA"/>
<dc element="dc.source" value="Reuters"/>
</metadata>
</newsitem>
