<?xml version="1.0" encoding="iso-8859-1" ?>
<newsitem itemid="545638" id="root" date="1997-04-29" xml:lang="en">
<title>USA: XLConnect Solutions Q1 net rises.</title>
<headline>XLConnect Solutions Q1 net rises.</headline>
<dateline>EXTON, Pa. 1997-04-29</dateline>
<text>
<p>(In thousands, except per share data)</p>
<p>			  (unaudited)</p>
<p>					   Three Months and Year Ended,</p>
<p>							  March 31,</p>
<p>						 1997		 1996(A)</p>
<p> Revenues				 $33,075		 $23,718</p>
<p> Cost of revenues			23,074		  17,004</p>
<p> Gross profit			    10,001		   6,714</p>
<p>Operating expenses:</p>
<p>  Selling and marketing		 2,858		   1,653</p>
<p>  General and administrative	  4,603		   2,330</p>
<p>  Depreciation and amortization     1,027		   1,302</p>
<p>    Total operating expenses	  8,488		   5,285</p>
<p> Income from operations		 1,513		   1,429</p>
<p> Other expense (income), net	   (25)		   1,079</p>
<p> Income before income taxes	   1,538		     350</p>
<p> Provision for income taxes	     771		     291</p>
<p> Net income				   767			59</p>
<p> Net income per common share	   0.05		     ---</p>
<p>Shares used in computing net income per</p>
<p>  common share			   16,655		  13,888</p>
<p>(A)  Restated to reflect current year's presentation.</p>
<p>-- New York Newsdesk 212 859-1610</p>
</text>
<copyright>(c) Reuters Limited 1997</copyright>
<metadata>
<codes class="bip:countries:1.0">
  <code code="USA">
    <editdetail attribution="Reuters BIP Coding Group" action="confirmed" date="1997-04-29"/>
  </code>
</codes>
<codes class="bip:industries:1.0">
  <code code="I33020">
    <editdetail attribution="Reuters BIP Coding Group" action="confirmed" date="1997-04-29"/>
  </code>
</codes>
<codes class="bip:topics:1.0">
  <code code="C15">
    <editdetail attribution="Reuters BIP Coding Group" action="confirmed" date="1997-04-29"/>
  </code>
  <code code="C151">
    <editdetail attribution="Reuters BIP Coding Group" action="confirmed" date="1997-04-29"/>
  </code>
  <code code="CCAT">
    <editdetail attribution="Reuters BIP Coding Group" action="confirmed" date="1997-04-29"/>
  </code>
</codes>
<dc element="dc.date.created" value="1997-04-29"/>
<dc element="dc.publisher" value="Reuters Holdings Plc"/>
<dc element="dc.date.published" value="1997-04-29"/>
<dc element="dc.source" value="Reuters"/>
<dc element="dc.creator.location" value="EXTON, Pa."/>
<dc element="dc.creator.location.country.name" value="USA"/>
<dc element="dc.source" value="Reuters"/>
</metadata>
</newsitem>
