<?xml version="1.0" encoding="iso-8859-1" ?>
<newsitem itemid="545669" id="root" date="1997-04-29" xml:lang="en">
<title>USA: Kitty Hawk Inc Q1 net rises.</title>
<headline>Kitty Hawk Inc Q1 net rises.</headline>
<dateline>DALLAS 1997-04-29</dateline>
<text>
<p>1997			1996</p>
<p> Shr			  $0.14		    $0.02</p>
<p> Net			  1,414			150</p>
<p> Revs			28,103		   20,254</p>
<p> Avg shrs		  10,452		    7,968</p>
<p>(All data above 000s except per share numbers)</p>
<p>NOTE: Company held initial public offering of 2.7 million shares in October 1996.</p>
</text>
<copyright>(c) Reuters Limited 1997</copyright>
<metadata>
<codes class="bip:countries:1.0">
  <code code="USA">
    <editdetail attribution="Reuters BIP Coding Group" action="confirmed" date="1997-04-29"/>
  </code>
</codes>
<codes class="bip:industries:1.0">
  <code code="I75000">
    <editdetail attribution="Reuters BIP Coding Group" action="confirmed" date="1997-04-29"/>
  </code>
</codes>
<codes class="bip:topics:1.0">
  <code code="C15">
    <editdetail attribution="Reuters BIP Coding Group" action="confirmed" date="1997-04-29"/>
  </code>
  <code code="C151">
    <editdetail attribution="Reuters BIP Coding Group" action="confirmed" date="1997-04-29"/>
  </code>
  <code code="CCAT">
    <editdetail attribution="Reuters BIP Coding Group" action="confirmed" date="1997-04-29"/>
  </code>
</codes>
<dc element="dc.date.created" value="1997-04-29"/>
<dc element="dc.publisher" value="Reuters Holdings Plc"/>
<dc element="dc.date.published" value="1997-04-29"/>
<dc element="dc.source" value="Reuters"/>
<dc element="dc.creator.location" value="DALLAS"/>
<dc element="dc.creator.location.country.name" value="USA"/>
<dc element="dc.source" value="Reuters"/>
</metadata>
</newsitem>
