<?xml version="1.0" encoding="iso-8859-1" ?>
<newsitem itemid="545614" id="root" date="1997-04-29" xml:lang="en">
<title>USA: Comverse Technology Q1 shr $0.36 vs $0.24.</title>
<headline>Comverse Technology Q1 shr $0.36 vs $0.24.</headline>
<dateline>WOODBURY 1997-04-29</dateline>
<text>
<p>Financial Highlights</p>
<p>			   (in thousands, except per share data)</p>
<p>Operations Data:</p>
<p>							Three Months Ended</p>
<p>							     March 31,</p>
<p>							1996	     1997</p>
<p>							   (unaudited)</p>
<p> Sales					   $ 40,410	$ 63,473</p>
<p> Interest &amp; other income			1,786	   4,045</p>
<p> Total revenues				  42,196	  67,518</p>
<p> Net income					 5,507	   9,587</p>
<p>Net income per share, primary and</p>
<p>   fully diluted				   0.24	    0.36</p>
<p>NOTE: Full name is Comverse Technology Inc.</p>
</text>
<copyright>(c) Reuters Limited 1997</copyright>
<metadata>
<codes class="bip:countries:1.0">
  <code code="USA">
    <editdetail attribution="Reuters BIP Coding Group" action="confirmed" date="1997-04-29"/>
  </code>
</codes>
<codes class="bip:industries:1.0">
  <code code="I34400">
    <editdetail attribution="Reuters BIP Coding Group" action="confirmed" date="1997-04-29"/>
  </code>
</codes>
<codes class="bip:topics:1.0">
  <code code="C15">
    <editdetail attribution="Reuters BIP Coding Group" action="confirmed" date="1997-04-29"/>
  </code>
  <code code="C151">
    <editdetail attribution="Reuters BIP Coding Group" action="confirmed" date="1997-04-29"/>
  </code>
  <code code="CCAT">
    <editdetail attribution="Reuters BIP Coding Group" action="confirmed" date="1997-04-29"/>
  </code>
</codes>
<dc element="dc.date.created" value="1997-04-29"/>
<dc element="dc.publisher" value="Reuters Holdings Plc"/>
<dc element="dc.date.published" value="1997-04-29"/>
<dc element="dc.source" value="Reuters"/>
<dc element="dc.creator.location" value="WOODBURY"/>
<dc element="dc.creator.location.country.name" value="USA"/>
<dc element="dc.source" value="Reuters"/>
</metadata>
</newsitem>
