<?xml version="1.0" encoding="iso-8859-1" ?>
<newsitem itemid="545692" id="root" date="1997-04-29" xml:lang="en">
<title>USA: Charles E. Smith Q1 shr $0.36 vs $0.08.</title>
<headline>Charles E. Smith Q1 shr $0.36 vs $0.08.</headline>
<dateline>ARLINGTON, Va. 1997-04-29</dateline>
<text>
<p>(In thousands except per share data)</p>
<p>		  For the Three Months Ended March 31,</p>
<p>				 1997	  1996     %Change</p>
<p>Funds From Operations</p>
<p>of the Operating</p>
<p> Partnership		$13,647    $11,088     23.1%</p>
<p>Funds From Operations</p>
<p>attributable to</p>
<p> shareholders		 6,490	4,982     30.3%</p>
<p>    Per Share(a)	    $0.57	$0.51     11.8%</p>
<p>Net Income of the</p>
<p> Operating Partnership   $8,796     $6,696     31.4%</p>
<p>Net Income</p>
<p>attributable</p>
<p> to shareholders	    4,183	  741    464.5%</p>
<p>   Per Share(a)	     $0.36	$0.08    350.0%</p>
<p>Dividends Declared</p>
<p>    per Share		$0.505     $0.490	3.1%</p>
<p>EBITDA of the</p>
<p>  Operating Partnership $25,436    $21,895     16.2%</p>
<p>Full company name is Charles E. Smith Residential Realty Inc. --((New York Newsdesk 212 85901610))</p>
</text>
<copyright>(c) Reuters Limited 1997</copyright>
<metadata>
<codes class="bip:countries:1.0">
  <code code="USA">
    <editdetail attribution="Reuters BIP Coding Group" action="confirmed" date="1997-04-29"/>
  </code>
</codes>
<codes class="bip:industries:1.0">
  <code code="I81502">
    <editdetail attribution="Reuters BIP Coding Group" action="confirmed" date="1997-04-29"/>
  </code>
  <code code="I8150206">
    <editdetail attribution="Reuters BIP Coding Group" action="confirmed" date="1997-04-29"/>
  </code>
</codes>
<codes class="bip:topics:1.0">
  <code code="C15">
    <editdetail attribution="Reuters BIP Coding Group" action="confirmed" date="1997-04-29"/>
  </code>
  <code code="C151">
    <editdetail attribution="Reuters BIP Coding Group" action="confirmed" date="1997-04-29"/>
  </code>
  <code code="CCAT">
    <editdetail attribution="Reuters BIP Coding Group" action="confirmed" date="1997-04-29"/>
  </code>
</codes>
<dc element="dc.date.created" value="1997-04-29"/>
<dc element="dc.publisher" value="Reuters Holdings Plc"/>
<dc element="dc.date.published" value="1997-04-29"/>
<dc element="dc.source" value="Reuters"/>
<dc element="dc.creator.location" value="ARLINGTON, Va."/>
<dc element="dc.creator.location.country.name" value="USA"/>
<dc element="dc.source" value="Reuters"/>
</metadata>
</newsitem>
