<?xml version="1.0" encoding="iso-8859-1" ?>
<newsitem itemid="545654" id="root" date="1997-04-29" xml:lang="en">
<title>USA: Apple South compound annual EPS growth goal 33 pct.</title>
<headline>Apple South compound annual EPS growth goal 33 pct.</headline>
<dateline>MADISON, Ga. 1997-04-29</dateline>
<text>
<p>Apple South Inc said it has set a goal of a 33 percent compound annual growth rate in earnings per share, a 20 percent return on equity, and a 1O percent net margin.</p>
<p>&quot;We're targeting a 33 percent compound annual growth rate in earnings per share and a 20 percent return on equity. And, finally, we're striving to achieve a 1O percent net margin,&quot; chairman and chief executive officer Tom E. DuPree Jr said.  </p>
<p>The company said its long-term growth targets also include maintaining a 25 percent compound annual growth rate in the number of restaurants and a 30 percent return on investment in new restaurants.</p>
<p>Earlier the company reported a first quarter profit of $0.19 a share compared with a loss of $0.14 a share. The 1996 period included a charge of $0.32 a share.</p>
<p>The company said on Tuesday that capital expenditures in 1997 are expected to be $150 million.  </p>
<p>About half of that figure is to be financed by internally generated funds and the rest through existing credit facilities. Its revolving credit facilities now total $190 million, the company said.</p>
<p>The spending will be used to open 71 new restaurants in 1997, the company said.</p>
<p>Apple South operates 354 restaurants.</p>
</text>
<copyright>(c) Reuters Limited 1997</copyright>
<metadata>
<codes class="bip:countries:1.0">
  <code code="USA">
    <editdetail attribution="Reuters BIP Coding Group" action="confirmed" date="1997-04-29"/>
  </code>
</codes>
<codes class="bip:industries:1.0">
  <code code="I66100">
    <editdetail attribution="Reuters BIP Coding Group" action="confirmed" date="1997-04-29"/>
  </code>
</codes>
<codes class="bip:topics:1.0">
  <code code="C15">
    <editdetail attribution="Reuters BIP Coding Group" action="confirmed" date="1997-04-29"/>
  </code>
  <code code="C152">
    <editdetail attribution="Reuters BIP Coding Group" action="confirmed" date="1997-04-29"/>
  </code>
  <code code="CCAT">
    <editdetail attribution="Reuters BIP Coding Group" action="confirmed" date="1997-04-29"/>
  </code>
</codes>
<dc element="dc.date.created" value="1997-04-29"/>
<dc element="dc.publisher" value="Reuters Holdings Plc"/>
<dc element="dc.date.published" value="1997-04-29"/>
<dc element="dc.source" value="Reuters"/>
<dc element="dc.creator.location" value="MADISON, Ga."/>
<dc element="dc.creator.location.country.name" value="USA"/>
<dc element="dc.source" value="Reuters"/>
</metadata>
</newsitem>
