<?xml version="1.0" encoding="iso-8859-1" ?>
<newsitem itemid="545649" id="root" date="1997-04-29" xml:lang="en">
<title>USA: Gull Laboratories Inc Q1 net falls.</title>
<headline>Gull Laboratories Inc Q1 net falls.</headline>
<dateline>NEW YORK 1997-04-29</dateline>
<text>
<p>THREE MONTHS ENDED</p>
<p>						  3/31/97	   3/31/96</p>
<p>    REVENUES			     $4,505,774	$4,891,780</p>
<p>    OPERATING INCOME			345,107	   522,579</p>
<p>    INCOME BEFORE TAXES		   196,550	   422,591</p>
<p>    PROVISION FOR INCOME TAXES	  186,630	   196,651</p>
<p>    NET INCOME				  9,920	   225,940</p>
<p>	PER SHARE				    --	     $0.03</p>
<p>WEIGHTED AVG. NUMBER OF</p>
<p>	SHARES OUTSTANDING		6,579,208	 6,563,934</p>
<p>NOTE: The company said Q1 1997 net income was hurt by adverse currency valuation, specifically, the strong U.S. dollar, which reduced profits by $60,000.</p>
</text>
<copyright>(c) Reuters Limited 1997</copyright>
<metadata>
<codes class="bip:countries:1.0">
  <code code="USA">
    <editdetail attribution="Reuters BIP Coding Group" action="confirmed" date="1997-04-29"/>
  </code>
</codes>
<codes class="bip:industries:1.0">
  <code code="I37200">
    <editdetail attribution="Reuters BIP Coding Group" action="confirmed" date="1997-04-29"/>
  </code>
</codes>
<codes class="bip:topics:1.0">
  <code code="C15">
    <editdetail attribution="Reuters BIP Coding Group" action="confirmed" date="1997-04-29"/>
  </code>
  <code code="C151">
    <editdetail attribution="Reuters BIP Coding Group" action="confirmed" date="1997-04-29"/>
  </code>
  <code code="CCAT">
    <editdetail attribution="Reuters BIP Coding Group" action="confirmed" date="1997-04-29"/>
  </code>
</codes>
<dc element="dc.date.created" value="1997-04-29"/>
<dc element="dc.publisher" value="Reuters Holdings Plc"/>
<dc element="dc.date.published" value="1997-04-29"/>
<dc element="dc.source" value="Reuters"/>
<dc element="dc.creator.location" value="NEW YORK"/>
<dc element="dc.creator.location.country.name" value="USA"/>
<dc element="dc.source" value="Reuters"/>
</metadata>
</newsitem>
