<?xml version="1.0" encoding="iso-8859-1" ?>
<newsitem itemid="545659" id="root" date="1997-04-29" xml:lang="en">
<title>USA: Granite State to acquire Primary Bank.</title>
<headline>Granite State to acquire Primary Bank.</headline>
<dateline>KEENE, N.H. 1997-04-29</dateline>
<text>
<p>Granite State Bankshares Inc  and Primary Bank said on Tuesday that Granite agreed to acquire Primary Bank in a stock swap merger that would form a bank with $807 million in assets.</p>
<p>Each share of Primary would be converted into 0.9951 shares of Granite State Bankshares, subject to adjustment based on Granite's closing price, the companies said in a joint statement.</p>
<p>Primary would be valued at $25.25 per share, based on Granite's price of $25.375 a share at 1200 EDT on April 29, 1997, the companies said.  </p>
<p>Granite State has an option to acquire 12.9 percent of Primary Bank's common stock under certain circumstances, the companies said.</p>
<p>The companies said they anticipate $4.5 million in pretax expanse savings from consolidation opportunities and the deal will be accretive to earnings per share and book value in the first year.</p>
<p>Granite State will post a $4.4 million charge to cover transaction costs when the deal is completed, the companies said.</p>
<p>The exchange ratio for conversion of Primary common stock into Granite State shares remains fixed, unless Granite's stock rises above $27.28 a share or falls below $25.375, the companies said.</p>
<p>If Granite's common stock falls below $20.30 a share, Primary has the right to terminate the agreement unless the exchange ratio is increased, the companies said.</p>
<p>The exchange ratios will be adjusted to reflect Granites' three-for-two stock split to be effective on May 9, 1997, the companies said.</p>
</text>
<copyright>(c) Reuters Limited 1997</copyright>
<metadata>
<codes class="bip:countries:1.0">
  <code code="USA">
    <editdetail attribution="Reuters BIP Coding Group" action="confirmed" date="1997-04-29"/>
  </code>
</codes>
<codes class="bip:industries:1.0">
  <code code="I81402">
    <editdetail attribution="Reuters BIP Coding Group" action="confirmed" date="1997-04-29"/>
  </code>
</codes>
<codes class="bip:topics:1.0">
  <code code="C18">
    <editdetail attribution="Reuters BIP Coding Group" action="confirmed" date="1997-04-29"/>
  </code>
  <code code="C181">
    <editdetail attribution="Reuters BIP Coding Group" action="confirmed" date="1997-04-29"/>
  </code>
  <code code="CCAT">
    <editdetail attribution="Reuters BIP Coding Group" action="confirmed" date="1997-04-29"/>
  </code>
</codes>
<dc element="dc.date.created" value="1997-04-29"/>
<dc element="dc.publisher" value="Reuters Holdings Plc"/>
<dc element="dc.date.published" value="1997-04-29"/>
<dc element="dc.source" value="Reuters"/>
<dc element="dc.creator.location" value="KEENE, N.H."/>
<dc element="dc.creator.location.country.name" value="USA"/>
<dc element="dc.source" value="Reuters"/>
</metadata>
</newsitem>
