<?xml version="1.0" encoding="iso-8859-1" ?>
<newsitem itemid="545620" id="root" date="1997-04-29" xml:lang="en">
<title>USA: RESEARCH ALERT-Saks started hold at NatWest.</title>
<headline>RESEARCH ALERT-Saks started hold at NatWest.</headline>
<text>
<p>-- NatWest Securities said analyst Robert Buchanan started coverage of Saks Holdings Inc with a hold rating on Tuesday.</p>
<p>-- The stock was off 3/8 in afternoon trading to 19-1/4. During the session, it touched a new low of 19-1/8.</p>
</text>
<copyright>(c) Reuters Limited 1997</copyright>
<metadata>
<codes class="bip:countries:1.0">
  <code code="USA">
    <editdetail attribution="Reuters BIP Coding Group" action="confirmed" date="1997-04-29"/>
  </code>
</codes>
<codes class="bip:industries:1.0">
  <code code="I64500">
    <editdetail attribution="Reuters BIP Coding Group" action="confirmed" date="1997-04-29"/>
  </code>
</codes>
<codes class="bip:topics:1.0">
  <code code="C15">
    <editdetail attribution="Reuters BIP Coding Group" action="confirmed" date="1997-04-29"/>
  </code>
  <code code="C152">
    <editdetail attribution="Reuters BIP Coding Group" action="confirmed" date="1997-04-29"/>
  </code>
  <code code="CCAT">
    <editdetail attribution="Reuters BIP Coding Group" action="confirmed" date="1997-04-29"/>
  </code>
</codes>
<dc element="dc.publisher" value="Reuters Holdings Plc"/>
<dc element="dc.date.published" value="1997-04-29"/>
<dc element="dc.source" value="Reuters"/>
<dc element="dc.creator.location.country.name" value="USA"/>
<dc element="dc.source" value="Reuters"/>
</metadata>
</newsitem>
