<?xml version="1.0" encoding="iso-8859-1" ?>
<newsitem itemid="545631" id="root" date="1997-04-29" xml:lang="en">
<title>USA: M H Meyerson &amp; Co Inc Q1 net increases.</title>
<headline>M H Meyerson &amp; Co Inc Q1 net increases.</headline>
<dateline>JERSEY CITY, N.J. 1997-04-29</dateline>
<text>
<p>January 31, 1997     January 31, 1996</p>
<p> Revenue				41,887		   24,945</p>
<p> Net Income (Loss)		   1,820			675</p>
<p> Net Income (Loss) per Share	0.33		     0.13</p>
<p>Weighted average common</p>
<p>	shares outstanding     5,521,016		5,277,148</p>
<p>		     (Amounts in thousands except per share data)</p>
</text>
<copyright>(c) Reuters Limited 1997</copyright>
<metadata>
<codes class="bip:countries:1.0">
  <code code="USA">
    <editdetail attribution="Reuters BIP Coding Group" action="confirmed" date="1997-04-29"/>
  </code>
</codes>
<codes class="bip:industries:1.0">
  <code code="I25800">
    <editdetail attribution="Reuters BIP Coding Group" action="confirmed" date="1997-04-29"/>
  </code>
</codes>
<codes class="bip:topics:1.0">
  <code code="C15">
    <editdetail attribution="Reuters BIP Coding Group" action="confirmed" date="1997-04-29"/>
  </code>
  <code code="C151">
    <editdetail attribution="Reuters BIP Coding Group" action="confirmed" date="1997-04-29"/>
  </code>
  <code code="CCAT">
    <editdetail attribution="Reuters BIP Coding Group" action="confirmed" date="1997-04-29"/>
  </code>
</codes>
<dc element="dc.date.created" value="1997-04-29"/>
<dc element="dc.publisher" value="Reuters Holdings Plc"/>
<dc element="dc.date.published" value="1997-04-29"/>
<dc element="dc.source" value="Reuters"/>
<dc element="dc.creator.location" value="JERSEY CITY, N.J."/>
<dc element="dc.creator.location.country.name" value="USA"/>
<dc element="dc.source" value="Reuters"/>
</metadata>
</newsitem>
