<?xml version="1.0" encoding="iso-8859-1" ?>
<newsitem itemid="545652" id="root" date="1997-04-29" xml:lang="en">
<title>USA: Hightec settles suit.</title>
<headline>Hightec settles suit.</headline>
<dateline>SAN FRANCISCO 1997-04-29</dateline>
<text>
<p>Hightec Inc on Tuesday said it settled a lawsuit with Benefits Administration Inc, a provider of private label benefits, resulting in a payment of $23,000 and promissory note for $227,000 to Hightec.</p>
<p>The settlement also includes a return of all stock issued by Hightec to Benefits Administration shareholders, Hightec said in a statement. It sued Benefits Administration in February to rescind an agreement between the two companies.</p>
<p>Hightec is a holding company with three operating subsidiaries The IPO Network, Sinclare Group Inc, and Karate International Corp.</p>
</text>
<copyright>(c) Reuters Limited 1997</copyright>
<metadata>
<codes class="bip:countries:1.0">
  <code code="USA">
    <editdetail attribution="Reuters BIP Coding Group" action="confirmed" date="1997-04-29"/>
  </code>
</codes>
<codes class="bip:industries:1.0">
  <code code="I83960">
    <editdetail attribution="Reuters BIP Coding Group" action="confirmed" date="1997-04-29"/>
  </code>
</codes>
<codes class="bip:topics:1.0">
  <code code="C12">
    <editdetail attribution="Reuters BIP Coding Group" action="confirmed" date="1997-04-29"/>
  </code>
  <code code="CCAT">
    <editdetail attribution="Reuters BIP Coding Group" action="confirmed" date="1997-04-29"/>
  </code>
  <code code="GCAT">
    <editdetail attribution="Reuters BIP Coding Group" action="confirmed" date="1997-04-29"/>
  </code>
  <code code="GCRIM">
    <editdetail attribution="Reuters BIP Coding Group" action="confirmed" date="1997-04-29"/>
  </code>
</codes>
<dc element="dc.date.created" value="1997-04-29"/>
<dc element="dc.publisher" value="Reuters Holdings Plc"/>
<dc element="dc.date.published" value="1997-04-29"/>
<dc element="dc.source" value="Reuters"/>
<dc element="dc.creator.location" value="SAN FRANCISCO"/>
<dc element="dc.creator.location.country.name" value="USA"/>
<dc element="dc.source" value="Reuters"/>
</metadata>
</newsitem>
