<?xml version="1.0" encoding="iso-8859-1" ?>
<newsitem itemid="545678" id="root" date="1997-04-29" xml:lang="en">
<title>USA: Louisiana lawyer sees Congress regulating tobacco.</title>
<headline>Louisiana lawyer sees Congress regulating tobacco.</headline>
<dateline>NEW ORLEANS 1997-04-29</dateline>
<text>
<p>Louisiana Attorney General Richard Ieyoub said Tuesday he believes Congress will draft legislation acceptable to states that will regulate the tobacco industry once the companies settle suits filed by individual states.</p>
<p>To be accepted by the states, Ieyoub said federal legislation must end the marketing tobacco products to children, require tobacco companies to fully disclose the health effects of smoking and establish federal regulatory oversight of the tobacco industry.  </p>
<p>&quot;These guys are slippery. We've got to make sure we nail them down in a legislative act,&quot; he said.</p>
<p>Ieyoub declined to comments on details of ongoing talks between the state attorneys general and the industry, citing a confidentiality agreement. He said those talks could resume as early as next week.</p>
<p>Speaking a day after the attorneys general involved in litigation against tobacco companies met in Chicago to discuss strategy, Ieyoub downplayed rumors that divisions are forming among the ranks of the state's top legal advisros.</p>
<p>&quot;There is no such division,&quot; he said. &quot;We firmly established a unity of purpose.&quot;</p>
<p>Ieyoub said tobacco companies will come under increased pressure to settle with the state attorneys general as the first of their state trials approaches in the coming months.</p>
<p>&quot;It is my opinion that they would try to stave off litigation and get this thing settled,&quot; he said.</p>
</text>
<copyright>(c) Reuters Limited 1997</copyright>
<metadata>
<codes class="bip:countries:1.0">
  <code code="USA">
    <editdetail attribution="Reuters BIP Coding Group" action="confirmed" date="1997-04-29"/>
  </code>
</codes>
<codes class="bip:industries:1.0">
  <code code="I42900">
    <editdetail attribution="Reuters BIP Coding Group" action="confirmed" date="1997-04-29"/>
  </code>
</codes>
<codes class="bip:topics:1.0">
  <code code="C13">
    <editdetail attribution="Reuters BIP Coding Group" action="confirmed" date="1997-04-29"/>
  </code>
  <code code="CCAT">
    <editdetail attribution="Reuters BIP Coding Group" action="confirmed" date="1997-04-29"/>
  </code>
  <code code="GCAT">
    <editdetail attribution="Reuters BIP Coding Group" action="confirmed" date="1997-04-29"/>
  </code>
  <code code="GPOL">
    <editdetail attribution="Reuters BIP Coding Group" action="confirmed" date="1997-04-29"/>
  </code>
</codes>
<dc element="dc.date.created" value="1997-04-29"/>
<dc element="dc.publisher" value="Reuters Holdings Plc"/>
<dc element="dc.date.published" value="1997-04-29"/>
<dc element="dc.source" value="Reuters"/>
<dc element="dc.creator.location" value="NEW ORLEANS"/>
<dc element="dc.creator.location.country.name" value="USA"/>
<dc element="dc.source" value="Reuters"/>
</metadata>
</newsitem>
