<?xml version="1.0" encoding="iso-8859-1" ?>
<newsitem itemid="545694" id="root" date="1997-04-29" xml:lang="en">
<title>USA: Cerro Mining to acquire Maxxon, reorganize.</title>
<headline>Cerro Mining to acquire Maxxon, reorganize.</headline>
<dateline>TULSA, Okla. 1997-04-29</dateline>
<text>
<p>Privately-held Maxxon Inc on Tuesday said it has signed a letter of intent to be acquired by Cerro Mining Corp.</p>
<p>Maxxon said that under the terms of the deal, Cerro will issue seven million shares of restricted common stock in exchange for all of the outstanding shares of Maxxon.</p>
<p>Upon completion of the transaction, Cerro's mining assets will be sold, Cerro's board of directors will resign, and the name of the company will be changed to Maxxon Inc.</p>
<p>A Cerro spokesman was not immediately available to comment.</p>
<p>The officers and directors of Maxxon will assume operating responsibilities of the company, which will focus on its safety syringe product in the U.S. and Canada.</p>
<p>Funding will also be used to begin an international marketing campaign for the safety syringe.</p>
</text>
<copyright>(c) Reuters Limited 1997</copyright>
<metadata>
<codes class="bip:countries:1.0">
  <code code="USA">
    <editdetail attribution="Reuters BIP Coding Group" action="confirmed" date="1997-04-29"/>
  </code>
</codes>
<codes class="bip:topics:1.0">
  <code code="C18">
    <editdetail attribution="Reuters BIP Coding Group" action="confirmed" date="1997-04-29"/>
  </code>
  <code code="C181">
    <editdetail attribution="Reuters BIP Coding Group" action="confirmed" date="1997-04-29"/>
  </code>
  <code code="CCAT">
    <editdetail attribution="Reuters BIP Coding Group" action="confirmed" date="1997-04-29"/>
  </code>
</codes>
<dc element="dc.date.created" value="1997-04-29"/>
<dc element="dc.publisher" value="Reuters Holdings Plc"/>
<dc element="dc.date.published" value="1997-04-29"/>
<dc element="dc.source" value="Reuters"/>
<dc element="dc.creator.location" value="TULSA, Okla."/>
<dc element="dc.creator.location.country.name" value="USA"/>
<dc element="dc.source" value="Reuters"/>
</metadata>
</newsitem>
