<?xml version="1.0" encoding="iso-8859-1" ?>
<newsitem itemid="545699" id="root" date="1997-04-29" xml:lang="en">
<title>USA: American Classic bookings outlook positive.</title>
<headline>American Classic bookings outlook positive.</headline>
<dateline>CHICAGO 1997-04-29</dateline>
<text>
<p>American Classic Voyages Co, which operates two U.S. flag cruise lines, said Tuesday the outlook for bookings for 1997 remains positive.</p>
<p>&quot;The company's 1997 booking outlook remains positive,&quot; said Philip Calian, chief executive officer.</p>
<p>&quot;Currently Delta Queen is approximately 74 percent booked at a rate of $279 per passenger night for 1997 and American Hawaii is 76 percent booked at a rate of $213 per passenger night, per diems well head of 1996 levels,&quot; he said in a statement.</p>
<p>Earlier today, American Classic reported a 1997 first quarter loss of about $2 million or $0.14 a share, in line with the company's expectations. &quot;Our operating loss for this period, historically our weakest quarter, is the smallest it has been for the past four years and represents a continuation of our 1996 positive earnings trend,&quot; he said.</p>
<p>Shares of American Classic were trading up 1/4 to 10-1/8.</p>
<p>			 ((Chicago newsdesk 312 408 8787))</p>
</text>
<copyright>(c) Reuters Limited 1997</copyright>
<metadata>
<codes class="bip:countries:1.0">
  <code code="USA">
    <editdetail attribution="Reuters BIP Coding Group" action="confirmed" date="1997-04-29"/>
  </code>
</codes>
<codes class="bip:industries:1.0">
  <code code="I72603">
    <editdetail attribution="Reuters BIP Coding Group" action="confirmed" date="1997-04-29"/>
  </code>
</codes>
<codes class="bip:topics:1.0">
  <code code="C15">
    <editdetail attribution="Reuters BIP Coding Group" action="confirmed" date="1997-04-29"/>
  </code>
  <code code="C152">
    <editdetail attribution="Reuters BIP Coding Group" action="confirmed" date="1997-04-29"/>
  </code>
  <code code="C31">
    <editdetail attribution="Reuters BIP Coding Group" action="confirmed" date="1997-04-29"/>
  </code>
  <code code="CCAT">
    <editdetail attribution="Reuters BIP Coding Group" action="confirmed" date="1997-04-29"/>
  </code>
</codes>
<dc element="dc.date.created" value="1997-04-29"/>
<dc element="dc.publisher" value="Reuters Holdings Plc"/>
<dc element="dc.date.published" value="1997-04-29"/>
<dc element="dc.source" value="Reuters"/>
<dc element="dc.creator.location" value="CHICAGO"/>
<dc element="dc.creator.location.country.name" value="USA"/>
<dc element="dc.source" value="Reuters"/>
</metadata>
</newsitem>
