<?xml version="1.0" encoding="iso-8859-1" ?>
<newsitem itemid="545635" id="root" date="1997-04-29" xml:lang="en">
<title>USA: MC Shipping Inc Q1 net decreases.</title>
<headline>MC Shipping Inc Q1 net decreases.</headline>
<dateline>NEW YORK 1997-04-29</dateline>
<text>
<p>1997			1996</p>
<p> Shr			  $0.01		    $0.09</p>
<p> Net			     64			574</p>
<p> Revs			 6,010		    6,076</p>
<p> Avg shrs		   5,773		    6,120</p>
<p>(All data above 000s except per share numbers)</p>
<p>NOTE:  Net income for the first quarter of 1996 includes a gain of $282,519 for the termination of a lease.</p>
</text>
<copyright>(c) Reuters Limited 1997</copyright>
<metadata>
<codes class="bip:countries:1.0">
  <code code="USA">
    <editdetail attribution="Reuters BIP Coding Group" action="confirmed" date="1997-04-29"/>
  </code>
</codes>
<codes class="bip:industries:1.0">
  <code code="I74000">
    <editdetail attribution="Reuters BIP Coding Group" action="confirmed" date="1997-04-29"/>
  </code>
</codes>
<codes class="bip:topics:1.0">
  <code code="C15">
    <editdetail attribution="Reuters BIP Coding Group" action="confirmed" date="1997-04-29"/>
  </code>
  <code code="C151">
    <editdetail attribution="Reuters BIP Coding Group" action="confirmed" date="1997-04-29"/>
  </code>
  <code code="CCAT">
    <editdetail attribution="Reuters BIP Coding Group" action="confirmed" date="1997-04-29"/>
  </code>
</codes>
<dc element="dc.date.created" value="1997-04-29"/>
<dc element="dc.publisher" value="Reuters Holdings Plc"/>
<dc element="dc.date.published" value="1997-04-29"/>
<dc element="dc.source" value="Reuters"/>
<dc element="dc.creator.location" value="NEW YORK"/>
<dc element="dc.creator.location.country.name" value="USA"/>
<dc element="dc.source" value="Reuters"/>
</metadata>
</newsitem>
