<?xml version="1.0" encoding="iso-8859-1" ?>
<newsitem itemid="545687" id="root" date="1997-04-29" xml:lang="en">
<title>USA: EZCORP Inc Q2 shr rises.</title>
<headline>EZCORP Inc Q2 shr rises.</headline>
<dateline>AUSTIN, Texas 1997-04-29</dateline>
<text>
<p>(thousands, except per share amounts)</p>
<p>				 Three Months Ended  Six Months Ended</p>
<p>			  3/31/97   3/31/96	3/31/97    3/31/96</p>
<p>Revenues:</p>
<p>Merchandise</p>
<p>   sales		$ 28,108 $ 28,721     $ 55,209   $ 60,837</p>
<p>Pawn service charges</p>
<p>			    18,188   16,797	 36,929     36,112</p>
<p>  Total revenues	46,296   45,518	 92,138     96,949</p>
</text>
<copyright>(c) Reuters Limited 1997</copyright>
<metadata>
<codes class="bip:countries:1.0">
  <code code="USA">
    <editdetail attribution="Reuters BIP Coding Group" action="confirmed" date="1997-04-29"/>
  </code>
</codes>
<codes class="bip:industries:1.0">
  <code code="I65400">
    <editdetail attribution="Reuters BIP Coding Group" action="confirmed" date="1997-04-29"/>
  </code>
</codes>
<codes class="bip:topics:1.0">
  <code code="C15">
    <editdetail attribution="Reuters BIP Coding Group" action="confirmed" date="1997-04-29"/>
  </code>
  <code code="C151">
    <editdetail attribution="Reuters BIP Coding Group" action="confirmed" date="1997-04-29"/>
  </code>
  <code code="CCAT">
    <editdetail attribution="Reuters BIP Coding Group" action="confirmed" date="1997-04-29"/>
  </code>
</codes>
<dc element="dc.date.created" value="1997-04-29"/>
<dc element="dc.publisher" value="Reuters Holdings Plc"/>
<dc element="dc.date.published" value="1997-04-29"/>
<dc element="dc.source" value="Reuters"/>
<dc element="dc.creator.location" value="AUSTIN, Texas"/>
<dc element="dc.creator.location.country.name" value="USA"/>
<dc element="dc.source" value="Reuters"/>
</metadata>
</newsitem>
