<?xml version="1.0" encoding="iso-8859-1" ?>
<newsitem itemid="545695" id="root" date="1997-04-29" xml:lang="en">
<title>USA: Broad rally lifts Nasdaq 2.11 percent.</title>
<headline>Broad rally lifts Nasdaq 2.11 percent.</headline>
<dateline>NEW YORK 1997-04-29</dateline>
<text>
<p>A broad rally following favorable economic data spread to Nasdaq shares, pushing the index to its sixth-largest point gain ever.</p>
<p>The Nasdaq composite index gained 2.11 percent or 25.62 points to close unofficially at 1242.65. Advancing issues beat declining issues 2461 to 1656 on total volume of 583 million.</p>
<p>The Dow industrials surged about 179 points or 2.65 percent to 6962, while the long bond gained more than a point to yeild 6.98 percent.</p>
<p>&quot;Nasdaq stocks followed the Big Board gains, which followed the bond rally. The rally was pretty broad, lifting even some of the smaller stocks, which have been left behind lately,&quot; one trader said.</p>
<p>Investors perceived the softer-than-expected Employment Cost Index as a sign that inflation was not a problem and that the Federal Reserve may refrain from raising interest rates.</p>
<p>Big winners included Intel Corp, which gained 3-3/4 to 150, Microsoft Corp, up 4-1/8 to 119, and Dell Computer Corp up 3-13/16 to 82-3/4.</p>
<p>Less fortunate was Network General Corp, which dropped 4-1/8 to 13-3/4 after one analyst downgraded the stock after its fourth quarter results signaled rising expenses.</p>
</text>
<copyright>(c) Reuters Limited 1997</copyright>
<metadata>
<codes class="bip:countries:1.0">
  <code code="USA">
    <editdetail attribution="Reuters BIP Coding Group" action="confirmed" date="1997-04-29"/>
  </code>
</codes>
<codes class="bip:topics:1.0">
  <code code="M11">
    <editdetail attribution="Reuters BIP Coding Group" action="confirmed" date="1997-04-29"/>
  </code>
  <code code="MCAT">
    <editdetail attribution="Reuters BIP Coding Group" action="confirmed" date="1997-04-29"/>
  </code>
</codes>
<dc element="dc.date.created" value="1997-04-29"/>
<dc element="dc.publisher" value="Reuters Holdings Plc"/>
<dc element="dc.date.published" value="1997-04-29"/>
<dc element="dc.source" value="Reuters"/>
<dc element="dc.creator.location" value="NEW YORK"/>
<dc element="dc.creator.location.country.name" value="USA"/>
<dc element="dc.source" value="Reuters"/>
</metadata>
</newsitem>
