<?xml version="1.0" encoding="iso-8859-1" ?>
<newsitem itemid="545673" id="root" date="1997-04-29" xml:lang="en">
<title>USA: Statewide Financial Q1 net rises.</title>
<headline>Statewide Financial Q1 net rises.</headline>
<dateline>JERSEY CITY, N.J. 1997-04-28</dateline>
<text>
<p>(dollars in thousands)		    For the Three Months</p>
<p>						     Ended March 31,</p>
<p>							 1997	  1996</p>
<p> Interest Income				$12,487	$10,830</p>
<p> Interest Expense				 6,234	  5,629</p>
<p> Net Interest Income			    6,253	  5,201</p>
<p> Provision for Loan Losses			125	    125</p>
<p>Net Interest Income After Provision</p>
<p>  for Loan Losses				 6,128	  5,076</p>
<p> Non-Interest Income				373	    664</p>
<p> Foreclosed Real Estate Expense, Net	    7	     62</p>
<p> Other Non-Interest Expense		   4,283	  3,796</p>
<p> Income Before Income Taxes		   2,211	  1,882</p>
<p> Income Tax Expense				 827	    677</p>
<p> Net Income					 1,384	  1,205</p>
<p> Earnings Per Share				 .32	    .25</p>
<p>Weighted Average Number of Shares</p>
<p>  Outstanding				 4,339,951    4,864,186</p>
<p>NOTE: Full company name is Statewide Financial Corp.</p>
</text>
<copyright>(c) Reuters Limited 1997</copyright>
<metadata>
<codes class="bip:countries:1.0">
  <code code="USA">
    <editdetail attribution="Reuters BIP Coding Group" action="confirmed" date="1997-04-29"/>
  </code>
</codes>
<codes class="bip:industries:1.0">
  <code code="I81501">
    <editdetail attribution="Reuters BIP Coding Group" action="confirmed" date="1997-04-29"/>
  </code>
  <code code="I8150103">
    <editdetail attribution="Reuters BIP Coding Group" action="confirmed" date="1997-04-29"/>
  </code>
</codes>
<codes class="bip:topics:1.0">
  <code code="C15">
    <editdetail attribution="Reuters BIP Coding Group" action="confirmed" date="1997-04-29"/>
  </code>
  <code code="C151">
    <editdetail attribution="Reuters BIP Coding Group" action="confirmed" date="1997-04-29"/>
  </code>
  <code code="CCAT">
    <editdetail attribution="Reuters BIP Coding Group" action="confirmed" date="1997-04-29"/>
  </code>
</codes>
<dc element="dc.date.created" value="1997-04-28"/>
<dc element="dc.publisher" value="Reuters Holdings Plc"/>
<dc element="dc.date.published" value="1997-04-29"/>
<dc element="dc.source" value="Reuters"/>
<dc element="dc.creator.location" value="JERSEY CITY, N.J."/>
<dc element="dc.creator.location.country.name" value="USA"/>
<dc element="dc.source" value="Reuters"/>
</metadata>
</newsitem>
