<?xml version="1.0" encoding="iso-8859-1" ?>
<newsitem itemid="545605" id="root" date="1997-04-29" xml:lang="en">
<title>CANADA: Trilon Financial Corp Q1 profits rise.</title>
<headline>Trilon Financial Corp Q1 profits rise.</headline>
<dateline>TORONTO 1997-04-29</dateline>
<text>
<p>First quarter ended Mar 31</p>
<p>				1997			    1996</p>
<p> Shr			 C$0.14		   C$0.11</p>
<p> Net			 26,000		   24,000</p>
<p> Revs		   1,697,000		1,355,000</p>
<p> Assets		27,497,000	     20,730,000</p>
<p>	   (All data above 000s except per share numbers)</p>
<p>		  ((Reuters Toronto Bureau 416 941-8100))</p>
</text>
<copyright>(c) Reuters Limited 1997</copyright>
<metadata>
<codes class="bip:countries:1.0">
  <code code="CANA">
    <editdetail attribution="Reuters BIP Coding Group" action="confirmed" date="1997-04-29"/>
  </code>
</codes>
<codes class="bip:industries:1.0">
  <code code="I83100">
    <editdetail attribution="Reuters BIP Coding Group" action="confirmed" date="1997-04-29"/>
  </code>
</codes>
<codes class="bip:topics:1.0">
  <code code="C15">
    <editdetail attribution="Reuters BIP Coding Group" action="confirmed" date="1997-04-29"/>
  </code>
  <code code="C151">
    <editdetail attribution="Reuters BIP Coding Group" action="confirmed" date="1997-04-29"/>
  </code>
  <code code="CCAT">
    <editdetail attribution="Reuters BIP Coding Group" action="confirmed" date="1997-04-29"/>
  </code>
</codes>
<dc element="dc.date.created" value="1997-04-29"/>
<dc element="dc.publisher" value="Reuters Holdings Plc"/>
<dc element="dc.date.published" value="1997-04-29"/>
<dc element="dc.source" value="Reuters"/>
<dc element="dc.creator.location" value="TORONTO"/>
<dc element="dc.creator.location.country.name" value="CANADA"/>
<dc element="dc.source" value="Reuters"/>
</metadata>
</newsitem>
