<?xml version="1.0" encoding="iso-8859-1" ?>
<newsitem itemid="545633" id="root" date="1997-04-29" xml:lang="en">
<title>USA: American Stock Exchange says promotes four people.</title>
<headline>American Stock Exchange says promotes four people.</headline>
<dateline>NEW YORK 1997-04-29</dateline>
<text>
<p>The American Stock Exchange said Tuesday it promoted several staff members within its derivatives securities division.</p>
<p>AMEX said Richard Mikaliunas was promoted to senior vice president, capital markets.</p>
<p>James Baker was promoted to vice president, derivative markets.</p>
<p>Claire McGrath was promoted to vice president and special counsel, derivative securities division.</p>
<p>Clifford Weber was promoted to vice president, new prodcut development.</p>
<p>An AMEX spokeswoman said these positions are new titles.</p>
</text>
<copyright>(c) Reuters Limited 1997</copyright>
<metadata>
<codes class="bip:countries:1.0">
  <code code="USA">
    <editdetail attribution="Reuters BIP Coding Group" action="confirmed" date="1997-04-29"/>
  </code>
</codes>
<codes class="bip:industries:1.0">
  <code code="I83100">
    <editdetail attribution="Reuters BIP Coding Group" action="confirmed" date="1997-04-29"/>
  </code>
</codes>
<codes class="bip:topics:1.0">
  <code code="C13">
    <editdetail attribution="Reuters BIP Coding Group" action="confirmed" date="1997-04-29"/>
  </code>
  <code code="C41">
    <editdetail attribution="Reuters BIP Coding Group" action="confirmed" date="1997-04-29"/>
  </code>
  <code code="CCAT">
    <editdetail attribution="Reuters BIP Coding Group" action="confirmed" date="1997-04-29"/>
  </code>
  <code code="M11">
    <editdetail attribution="Reuters BIP Coding Group" action="confirmed" date="1997-04-29"/>
  </code>
  <code code="MCAT">
    <editdetail attribution="Reuters BIP Coding Group" action="confirmed" date="1997-04-29"/>
  </code>
</codes>
<dc element="dc.date.created" value="1997-04-29"/>
<dc element="dc.publisher" value="Reuters Holdings Plc"/>
<dc element="dc.date.published" value="1997-04-29"/>
<dc element="dc.source" value="Reuters"/>
<dc element="dc.creator.location" value="NEW YORK"/>
<dc element="dc.creator.location.country.name" value="USA"/>
<dc element="dc.source" value="Reuters"/>
</metadata>
</newsitem>
