<?xml version="1.0" encoding="iso-8859-1" ?>
<newsitem itemid="545602" id="root" date="1997-04-29" xml:lang="en">
<title>CANADA: Fletcher Challenge Canada Q3 turns to loss.</title>
<headline>Fletcher Challenge Canada Q3 turns to loss.</headline>
<dateline>VANCOUVER 1997-04-29</dateline>
<text>
<p>Q3 to March 31</p>
<p>	 1997			    1996</p>
<p> Shr  loss		 C$0.11   profit	C$0.03</p>
<p> Net  loss		 14,200   profit	 2,900</p>
<p> Revs		     436,900		  526,000</p>
<p>	   9  MONTHS</p>
<p> Shr  loss		 C$0.17   profit	C$1.24</p>
<p> Net   loss		20,800   profit     153,400</p>
<p> Revs		   1,436,000		1,844,800</p>
<p> Avg shrs		 124,200		  124,200</p>
<p>		(All data above 000s except per share numbers)</p>
<p>Note: Full name is Fletcher Challenge Canada Ltd. Company is majority owned by Fletcher Challenge Ltd of New Zealand.</p>
<p>((Reuters Vancouver Bureau (604) 664-7314))</p>
</text>
<copyright>(c) Reuters Limited 1997</copyright>
<metadata>
<codes class="bip:countries:1.0">
  <code code="CANA">
    <editdetail attribution="Reuters BIP Coding Group" action="confirmed" date="1997-04-29"/>
  </code>
  <code code="NZ">
    <editdetail attribution="Reuters BIP Coding Group" action="confirmed" date="1997-04-29"/>
  </code>
</codes>
<codes class="bip:industries:1.0">
  <code code="I02000">
    <editdetail attribution="Reuters BIP Coding Group" action="confirmed" date="1997-04-29"/>
  </code>
  <code code="I47100">
    <editdetail attribution="Reuters BIP Coding Group" action="confirmed" date="1997-04-29"/>
  </code>
</codes>
<codes class="bip:topics:1.0">
  <code code="C15">
    <editdetail attribution="Reuters BIP Coding Group" action="confirmed" date="1997-04-29"/>
  </code>
  <code code="C151">
    <editdetail attribution="Reuters BIP Coding Group" action="confirmed" date="1997-04-29"/>
  </code>
  <code code="CCAT">
    <editdetail attribution="Reuters BIP Coding Group" action="confirmed" date="1997-04-29"/>
  </code>
</codes>
<dc element="dc.date.created" value="1997-04-29"/>
<dc element="dc.publisher" value="Reuters Holdings Plc"/>
<dc element="dc.date.published" value="1997-04-29"/>
<dc element="dc.source" value="Reuters"/>
<dc element="dc.creator.location" value="VANCOUVER"/>
<dc element="dc.creator.location.country.name" value="CANADA"/>
<dc element="dc.source" value="Reuters"/>
</metadata>
</newsitem>
