<?xml version="1.0" encoding="iso-8859-1" ?>
<newsitem itemid="545613" id="root" date="1997-04-29" xml:lang="en">
<title>USA: Nasdaq closing most actives - April 29.</title>
<headline>Nasdaq closing most actives - April 29.</headline>
<dateline>NEW YORK</dateline>
<text>
<p>The following were the most active issues in Nasdaq trading Tuesday.</p>
<p>  Cisco Systems     12,472,400	 50	   up     3 1/2</p>
<p>  Intel Corp	  10,542,700	 150	  up     3 3/4</p>
<p>  Microsoft Cp	9,244,200	  119	  up     4 1/8</p>
<p>  Worldcom Inc	8,035,200	  23 1/4     up     1</p>
<p>  Tele Comm Inc A   7,837,500	  13 5/8     up     1 3/8</p>
<p>  Applied Matl	6,958,500	  53 3/4     up     2 7/8</p>
<p>  Oracle Corp	 6,123,900	  38 1/2     up     1/2</p>
<p>  Sun Microsys	5,337,500	  27 7/8     off    1/8</p>
<p>  Network Generl    5,085,800	  13 3/4     off    4 1/8</p>
<p>  MCI Comms Cp	5,051,700	  38 1/4     up     3/8</p>
<p>Total Volume:  573,419,000</p>
</text>
<copyright>(c) Reuters Limited 1997</copyright>
<metadata>
<codes class="bip:countries:1.0">
  <code code="USA">
    <editdetail attribution="Reuters BIP Coding Group" action="confirmed" date="1997-04-29"/>
  </code>
</codes>
<codes class="bip:topics:1.0">
  <code code="M11">
    <editdetail attribution="Reuters BIP Coding Group" action="confirmed" date="1997-04-29"/>
  </code>
  <code code="MCAT">
    <editdetail attribution="Reuters BIP Coding Group" action="confirmed" date="1997-04-29"/>
  </code>
</codes>
<dc element="dc.publisher" value="Reuters Holdings Plc"/>
<dc element="dc.date.published" value="1997-04-29"/>
<dc element="dc.source" value="Reuters"/>
<dc element="dc.creator.location" value="NEW YORK"/>
<dc element="dc.creator.location.country.name" value="USA"/>
<dc element="dc.source" value="Reuters"/>
</metadata>
</newsitem>
