<?xml version="1.0" encoding="iso-8859-1" ?>
<newsitem itemid="545651" id="root" date="1997-04-29" xml:lang="en">
<title>USA: Inland Resources Q1 net profit vs loss.</title>
<headline>Inland Resources Q1 net profit vs loss.</headline>
<dateline>DENVER 1997-04-29</dateline>
<text>
<p>1997			1996</p>
<p> Shr profit		 $0.09     loss	 $0.03</p>
<p> Net profit		   631     loss	   139</p>
<p> Revs			 3,600			692</p>
<p> Avg shrs		   6,708		    4,092</p>
<p>(All data above 000s except per share numbers)</p>
<p>NOTE: The company said Q1 1996 results adjusted to reflect 1-for-10 reverse stock split in June 1996.</p>
<p>The full company name is Inland Resources Inc.</p>
</text>
<copyright>(c) Reuters Limited 1997</copyright>
<metadata>
<codes class="bip:countries:1.0">
  <code code="USA">
    <editdetail attribution="Reuters BIP Coding Group" action="confirmed" date="1997-04-29"/>
  </code>
</codes>
<codes class="bip:industries:1.0">
  <code code="I13000">
    <editdetail attribution="Reuters BIP Coding Group" action="confirmed" date="1997-04-29"/>
  </code>
</codes>
<codes class="bip:topics:1.0">
  <code code="C15">
    <editdetail attribution="Reuters BIP Coding Group" action="confirmed" date="1997-04-29"/>
  </code>
  <code code="C151">
    <editdetail attribution="Reuters BIP Coding Group" action="confirmed" date="1997-04-29"/>
  </code>
  <code code="CCAT">
    <editdetail attribution="Reuters BIP Coding Group" action="confirmed" date="1997-04-29"/>
  </code>
</codes>
<dc element="dc.date.created" value="1997-04-29"/>
<dc element="dc.publisher" value="Reuters Holdings Plc"/>
<dc element="dc.date.published" value="1997-04-29"/>
<dc element="dc.source" value="Reuters"/>
<dc element="dc.creator.location" value="DENVER"/>
<dc element="dc.creator.location.country.name" value="USA"/>
<dc element="dc.source" value="Reuters"/>
</metadata>
</newsitem>
