<?xml version="1.0" encoding="iso-8859-1" ?>
<newsitem itemid="545643" id="root" date="1997-04-29" xml:lang="en">
<title>USA: Highwoods Properties Q1 oper net rises.</title>
<headline>Highwoods Properties Q1 oper net rises.</headline>
<dateline>RALEIGH, N.C. 1997-04-29</dateline>
<text>
<p>Dollars in thousands, except per share data</p>
<p>						  Quarter Ended March 31</p>
<p>							1997	    1996</p>
<p>Statement of Operations:</p>
<p>Revenue:</p>
<p>     Rental property			  $56,055	 $23,385</p>
<p>     Interest and other income		2,266	     372</p>
<p>						     58,321	  23,757</p>
<p>Operating expenses:</p>
<p>     Rental property			   15,342	   6,154</p>
<p>     Depreciation and amortization	  9,310	   3,716</p>
<p>Interest expense:</p>
<p>	Contractual				11,460	   3,542</p>
<p>Amortization of deferred financing costs and</p>
<p>	 interest rate cap			  575	     409</p>
<p>						     12,035	   3,951</p>
<p>     General and administrative	     2,080	     934</p>
<p>Income before minority interest and</p>
<p>	 extraordinary item		    19,554	   9,002</p>
<p>    Minority interest			 (3,129)	 (1,571)</p>
<p>	Income before extraordinary item   16,425	   7,431</p>
<p>Extraordinary item - loss on early extinguishment</p>
<p>     of debt				     (3,337)	     --</p>
<p>	Net income				 13,088	   7,431</p>
<p>    Dividends on preferred shares	  (1,407)	     --</p>
<p>    Net income available for common shr $11,681	  $7,431</p>
<p>    Weighted avg common shrs outstanding 35,250	  19,406</p>
<p>Net income (loss) per common share:</p>
<p>	Income before extraordinary item   $  0.43	 $ 0.38</p>
<p>Extraordinary item - loss on early</p>
<p>	 extinguishment of debt		$ (0.10)	$   --</p>
<p>	Net income				 $  0.33	 $ 0.38</p>
</text>
<copyright>(c) Reuters Limited 1997</copyright>
<metadata>
<codes class="bip:countries:1.0">
  <code code="USA">
    <editdetail attribution="Reuters BIP Coding Group" action="confirmed" date="1997-04-29"/>
  </code>
</codes>
<codes class="bip:industries:1.0">
  <code code="I81502">
    <editdetail attribution="Reuters BIP Coding Group" action="confirmed" date="1997-04-29"/>
  </code>
  <code code="I8150206">
    <editdetail attribution="Reuters BIP Coding Group" action="confirmed" date="1997-04-29"/>
  </code>
</codes>
<codes class="bip:topics:1.0">
  <code code="C15">
    <editdetail attribution="Reuters BIP Coding Group" action="confirmed" date="1997-04-29"/>
  </code>
  <code code="C151">
    <editdetail attribution="Reuters BIP Coding Group" action="confirmed" date="1997-04-29"/>
  </code>
  <code code="CCAT">
    <editdetail attribution="Reuters BIP Coding Group" action="confirmed" date="1997-04-29"/>
  </code>
</codes>
<dc element="dc.date.created" value="1997-04-29"/>
<dc element="dc.publisher" value="Reuters Holdings Plc"/>
<dc element="dc.date.published" value="1997-04-29"/>
<dc element="dc.source" value="Reuters"/>
<dc element="dc.creator.location" value="RALEIGH, N.C."/>
<dc element="dc.creator.location.country.name" value="USA"/>
<dc element="dc.source" value="Reuters"/>
</metadata>
</newsitem>
