<?xml version="1.0" encoding="iso-8859-1" ?>
<newsitem itemid="545646" id="root" date="1997-04-29" xml:lang="en">
<title>USA: Treasury's Rubin -- US growth firm, inflation low.</title>
<headline>Treasury's Rubin -- US growth firm, inflation low.</headline>
<dateline>NEW YORK 1997-04-29</dateline>
<text>
<p>U.S. Treasury Secretary Robert Rubin on Tuesday said the statement from the Group of Seven (G7) nations summit &quot;spoke very well for itself&quot; and added that U.S. economic growth remains firm and inflation low.</p>
<p>When asked about the Employment Cost Index (ECI) and durable goods data released on Tuesday, Rubin replied: &quot;The real question is what is happening in the underlying economy. In my view, growth is solid and inflation is likely to be low.&quot;</p>
<p>Both reports undershot economists' forecasts, with the ECI reading up 0.6 percent compared with the consensus forecast of a 0.9 percent rise, and durables orders off 3.0 percent against a forecast of no change from the previous month.</p>
<p>Rubin made his comments to reporters before a speaking engagement in New York.</p>
<p>(( -- N.A. Treasury Desk, 212-859-1660))</p>
</text>
<copyright>(c) Reuters Limited 1997</copyright>
<metadata>
<codes class="bip:countries:1.0">
  <code code="USA">
    <editdetail attribution="Reuters BIP Coding Group" action="confirmed" date="1997-04-29"/>
  </code>
</codes>
<codes class="bip:topics:1.0">
  <code code="E11">
    <editdetail attribution="Reuters BIP Coding Group" action="confirmed" date="1997-04-29"/>
  </code>
  <code code="E13">
    <editdetail attribution="Reuters BIP Coding Group" action="confirmed" date="1997-04-29"/>
  </code>
  <code code="E131">
    <editdetail attribution="Reuters BIP Coding Group" action="confirmed" date="1997-04-29"/>
  </code>
  <code code="ECAT">
    <editdetail attribution="Reuters BIP Coding Group" action="confirmed" date="1997-04-29"/>
  </code>
</codes>
<dc element="dc.date.created" value="1997-04-29"/>
<dc element="dc.publisher" value="Reuters Holdings Plc"/>
<dc element="dc.date.published" value="1997-04-29"/>
<dc element="dc.source" value="Reuters"/>
<dc element="dc.creator.location" value="NEW YORK"/>
<dc element="dc.creator.location.country.name" value="USA"/>
<dc element="dc.source" value="Reuters"/>
</metadata>
</newsitem>
