<?xml version="1.0" encoding="iso-8859-1" ?>
<newsitem itemid="545657" id="root" date="1997-04-29" xml:lang="en">
<title>USA: Primadonna renames flagship property.</title>
<headline>Primadonna renames flagship property.</headline>
<dateline>PRIMM, Nev. 1997-04-29</dateline>
<text>
<p>Primadonna Resorts Inc on Tuesday said it was renaming its flagship Primadonna Resort &amp; Casino to reflect its new positioning as a destination resort for the golf and business-conference markets.</p>
<p>The new name of the property, located about 40 miles west of Las Vegas, is the Primm Valley Resort &amp; Casino.</p>
<p>The Primadonna previously relied on car traffic from Interstate 15, the main thoroughfare from Southern California to Las Vegas. But the opening of the Primm Valley Golf Club in February, combined with a hotel and casino renovation program, is expected to change the customer mix, the company said.  </p>
<p>&quot;We are moving beyond the traffic intercept strategy and are in the throes of creating a destination resort complex that will be second to none,&quot; Gary Primm, the company's chief executive, said in a statement.</p>
<p>Marketing with the golf club is expected to boost midweek occupancy, broaden target markets, increase length of stays and tap into Las Vegas for visitors and local customers.</p>
<p>In 1996, all 660 rooms at the hotel were renovated. Most of the renovation and retheming of public areas is expected to be completed by autumn.</p>
<p>A new Primm Valley casino will boost floor space by nearly 50 percent. A new conference area adjacent to the casino will have a capacity of 1,250.</p>
<p>Primadonna shares were up 3/8 at 19-1/8 by midafternoon Tuesday.</p>
</text>
<copyright>(c) Reuters Limited 1997</copyright>
<metadata>
<codes class="bip:countries:1.0">
  <code code="USA">
    <editdetail attribution="Reuters BIP Coding Group" action="confirmed" date="1997-04-29"/>
  </code>
</codes>
<codes class="bip:industries:1.0">
  <code code="I66500">
    <editdetail attribution="Reuters BIP Coding Group" action="confirmed" date="1997-04-29"/>
  </code>
  <code code="I97912">
    <editdetail attribution="Reuters BIP Coding Group" action="confirmed" date="1997-04-29"/>
  </code>
</codes>
<codes class="bip:topics:1.0">
  <code code="C11">
    <editdetail attribution="Reuters BIP Coding Group" action="confirmed" date="1997-04-29"/>
  </code>
  <code code="C24">
    <editdetail attribution="Reuters BIP Coding Group" action="confirmed" date="1997-04-29"/>
  </code>
  <code code="CCAT">
    <editdetail attribution="Reuters BIP Coding Group" action="confirmed" date="1997-04-29"/>
  </code>
</codes>
<dc element="dc.date.created" value="1997-04-29"/>
<dc element="dc.publisher" value="Reuters Holdings Plc"/>
<dc element="dc.date.published" value="1997-04-29"/>
<dc element="dc.source" value="Reuters"/>
<dc element="dc.creator.location" value="PRIMM, Nev."/>
<dc element="dc.creator.location.country.name" value="USA"/>
<dc element="dc.source" value="Reuters"/>
</metadata>
</newsitem>
