<?xml version="1.0" encoding="iso-8859-1" ?>
<newsitem itemid="545666" id="root" date="1997-04-29" xml:lang="en">
<title>USA: EIS Intl named in lawsuit -- law firm.</title>
<headline>EIS Intl named in lawsuit -- law firm.</headline>
<dateline>NEW YORK 1997-04-29</dateline>
<text>
<p>EIS International Inc was named in a lawsuit filed in U.S. District Court of Connecticut on behalf of shareholders who purchased the stock, two law firms said in a joint statement.</p>
<p>Schoengold &amp; Sporn PC, of New York City, and MacMillan &amp; Lucas of Stamford, Conn., filed the case against the company, claiming that the company and its executives misled investors about the company's operations and acquisitions it had made, the law firms said.</p>
<p>The lawsuit has been brought on behalf of all persons who purchased EIS common stock during the period November 28, 1995 through and including March 31, 1997, the law firms said.</p>
<p>EIS was not immediately available for comment.</p>
</text>
<copyright>(c) Reuters Limited 1997</copyright>
<metadata>
<codes class="bip:countries:1.0">
  <code code="USA">
    <editdetail attribution="Reuters BIP Coding Group" action="confirmed" date="1997-04-29"/>
  </code>
</codes>
<codes class="bip:industries:1.0">
  <code code="I33020">
    <editdetail attribution="Reuters BIP Coding Group" action="confirmed" date="1997-04-29"/>
  </code>
</codes>
<codes class="bip:topics:1.0">
  <code code="C12">
    <editdetail attribution="Reuters BIP Coding Group" action="confirmed" date="1997-04-29"/>
  </code>
  <code code="CCAT">
    <editdetail attribution="Reuters BIP Coding Group" action="confirmed" date="1997-04-29"/>
  </code>
  <code code="GCAT">
    <editdetail attribution="Reuters BIP Coding Group" action="confirmed" date="1997-04-29"/>
  </code>
  <code code="GCRIM">
    <editdetail attribution="Reuters BIP Coding Group" action="confirmed" date="1997-04-29"/>
  </code>
</codes>
<dc element="dc.date.created" value="1997-04-29"/>
<dc element="dc.publisher" value="Reuters Holdings Plc"/>
<dc element="dc.date.published" value="1997-04-29"/>
<dc element="dc.source" value="Reuters"/>
<dc element="dc.creator.location" value="NEW YORK"/>
<dc element="dc.creator.location.country.name" value="USA"/>
<dc element="dc.source" value="Reuters"/>
</metadata>
</newsitem>
