<?xml version="1.0" encoding="iso-8859-1" ?>
<newsitem itemid="545611" id="root" date="1997-04-29" xml:lang="en">
<title>USA: Digital Recorders Q1 net loss vs profit.</title>
<headline>Digital Recorders Q1 net loss vs profit.</headline>
<dateline>RESEARCH TRIANGLE PARK, N.C. 1997-04-28</dateline>
<text>
<p>(in thousands, except share and per-share amounts)</p>
<p>							Three Months Ended</p>
<p>						  Mar 31,	   Mar 31,</p>
<p>						    1997		1996</p>
<p> Net Sales				     $2,398	    $1,751</p>
<p> Cost of Sales				  1,176		 764</p>
<p> Gross Profit				   1,222		 987</p>
<p> Operating Expenses			   1,398		 834</p>
<p> Operating Income (Loss)		    (176)		 153</p>
<p> Other Income (Expense),  net		  28		  45</p>
<p> Income (Loss) Before Income Taxes	(148)		 198</p>
<p> Income Tax Expense				--		  10</p>
<p> Net Income (Loss)			    (148)		 188</p>
<p> Preferred Dividend Requirements	   (40)		(40)</p>
<p>Net Income (Loss) Applicable to</p>
<p>  Common Stockholders			( 188)		 148</p>
<p>Net Income (Loss)</p>
<p>    Per Common Share			( 0.07)		0.06</p>
<p>Weighted Average Number of</p>
<p>Common Shares and Common</p>
<p>     Equivalent Shares Outstanding  2,674,075	 2,674,075</p>
<p>NOTE: The company said it acquired Transit-Media GmbH in April 1996.</p>
<p>Full company name is Digital Recorders Inc.</p>
</text>
<copyright>(c) Reuters Limited 1997</copyright>
<metadata>
<codes class="bip:countries:1.0">
  <code code="USA">
    <editdetail attribution="Reuters BIP Coding Group" action="confirmed" date="1997-04-29"/>
  </code>
</codes>
<codes class="bip:topics:1.0">
  <code code="C15">
    <editdetail attribution="Reuters BIP Coding Group" action="confirmed" date="1997-04-29"/>
  </code>
  <code code="C151">
    <editdetail attribution="Reuters BIP Coding Group" action="confirmed" date="1997-04-29"/>
  </code>
  <code code="CCAT">
    <editdetail attribution="Reuters BIP Coding Group" action="confirmed" date="1997-04-29"/>
  </code>
</codes>
<dc element="dc.date.created" value="1997-04-28"/>
<dc element="dc.publisher" value="Reuters Holdings Plc"/>
<dc element="dc.date.published" value="1997-04-29"/>
<dc element="dc.source" value="Reuters"/>
<dc element="dc.creator.location" value="RESEARCH TRIANGLE PARK, N.C."/>
<dc element="dc.creator.location.country.name" value="USA"/>
<dc element="dc.source" value="Reuters"/>
</metadata>
</newsitem>
