<?xml version="1.0" encoding="iso-8859-1" ?>
<newsitem itemid="545604" id="root" date="1997-04-29" xml:lang="en">
<title>CANADA: DBRS confirms Imasco with stable trends.</title>
<headline>DBRS confirms Imasco with stable trends.</headline>
<dateline>MONTREAL 1997-04-29</dateline>
<text>
<p>Dominion Bond Rating Service said on Tuesday that it confirmed the ratings of Imasco Ltd, following the company's agreement to sell its Hardee's Food Systems Inc unit.</p>
<p>DBRS confirmed the rating of Imasco's debenures and medium term notes at A, its preferred shares at Pfd-2 and its commercial paper at R-1 (low). The ratings trend for Imasco is stable, the Toronto-based agency said.</p>
<p>On Monday, Imasco said it agreed to sell Hardee's to CKE Restaurants Inc for C$457 million. Imasco will also write off deferred tax status in the amount of C$66 million and will book a provision of aobut C$60 million for certain liabilities and costs.</p>
<p>Fast Food Merchanisers, the food processing and distribution business, is not included in the transaction.</p>
<p>((Reuters Montreal bureau 514-985-2434))</p>
</text>
<copyright>(c) Reuters Limited 1997</copyright>
<metadata>
<codes class="bip:countries:1.0">
  <code code="CANA">
    <editdetail attribution="Reuters BIP Coding Group" action="confirmed" date="1997-04-29"/>
  </code>
</codes>
<codes class="bip:industries:1.0">
  <code code="I42900">
    <editdetail attribution="Reuters BIP Coding Group" action="confirmed" date="1997-04-29"/>
  </code>
  <code code="I66100">
    <editdetail attribution="Reuters BIP Coding Group" action="confirmed" date="1997-04-29"/>
  </code>
</codes>
<codes class="bip:topics:1.0">
  <code code="C18">
    <editdetail attribution="Reuters BIP Coding Group" action="confirmed" date="1997-04-29"/>
  </code>
  <code code="C181">
    <editdetail attribution="Reuters BIP Coding Group" action="confirmed" date="1997-04-29"/>
  </code>
  <code code="CCAT">
    <editdetail attribution="Reuters BIP Coding Group" action="confirmed" date="1997-04-29"/>
  </code>
</codes>
<dc element="dc.date.created" value="1997-04-29"/>
<dc element="dc.publisher" value="Reuters Holdings Plc"/>
<dc element="dc.date.published" value="1997-04-29"/>
<dc element="dc.source" value="Reuters"/>
<dc element="dc.creator.location" value="MONTREAL"/>
<dc element="dc.creator.location.country.name" value="CANADA"/>
<dc element="dc.source" value="Reuters"/>
</metadata>
</newsitem>
