<?xml version="1.0" encoding="iso-8859-1" ?>
<newsitem itemid="545619" id="root" date="1997-04-29" xml:lang="en">
<title>USA: RESEARCH ALERT - Giddings &amp; Lewis cut to sell.</title>
<headline>RESEARCH ALERT - Giddings &amp; Lewis cut to sell.</headline>
<text>
<p>-- ABN AMRO Chicago Corp said Tuesday it cut its rating on Giddings &amp; Lewis Inc to sell from hold, advising shareholders to capture the current gain in share price caused by Harnischfeger Industries Inc's $19 a share tender offer for the company.</p>
<p>-- Giddings was down 15/64 at 20-1/8 Tuesday, after surging 6-23/32 Monday.</p>
<p>-- &quot;We are changing our recommendation for (Giddings) to sell, given that there are a limited number of logical buyers, that (Giddings) does not have the negotiating leverage we earlier thought possible, and that the market's treatment of (Harnischfeger's) stock price may temper the enthusiasm of other potential bidders,&quot; analyst Robert McCarthy Jr. said in a research note.</p>
<p>-- Harnischfeger shares fell 3-1/8 to 42-1/4 Monday and were up 1-3/8 at 43-5/8 Tuesday.</p>
<p>((Chicago newsdesk, 312-408-8787))</p>
</text>
<copyright>(c) Reuters Limited 1997</copyright>
<metadata>
<codes class="bip:countries:1.0">
  <code code="USA">
    <editdetail attribution="Reuters BIP Coding Group" action="confirmed" date="1997-04-29"/>
  </code>
</codes>
<codes class="bip:industries:1.0">
  <code code="I32200">
    <editdetail attribution="Reuters BIP Coding Group" action="confirmed" date="1997-04-29"/>
  </code>
  <code code="I32754">
    <editdetail attribution="Reuters BIP Coding Group" action="confirmed" date="1997-04-29"/>
  </code>
</codes>
<codes class="bip:topics:1.0">
  <code code="C15">
    <editdetail attribution="Reuters BIP Coding Group" action="confirmed" date="1997-04-29"/>
  </code>
  <code code="C152">
    <editdetail attribution="Reuters BIP Coding Group" action="confirmed" date="1997-04-29"/>
  </code>
  <code code="CCAT">
    <editdetail attribution="Reuters BIP Coding Group" action="confirmed" date="1997-04-29"/>
  </code>
</codes>
<dc element="dc.publisher" value="Reuters Holdings Plc"/>
<dc element="dc.date.published" value="1997-04-29"/>
<dc element="dc.source" value="Reuters"/>
<dc element="dc.creator.location.country.name" value="USA"/>
<dc element="dc.source" value="Reuters"/>
</metadata>
</newsitem>
