<?xml version="1.0" encoding="iso-8859-1" ?>
<newsitem itemid="545677" id="root" date="1997-04-29" xml:lang="en">
<title>USA: Banco de A. Edwards Q1 shr $0.37.</title>
<headline>Banco de A. Edwards Q1 shr $0.37.</headline>
<dateline>NEW YORK 1997-04-29</dateline>
<text>
<p>(Million Chilean pesos, except per share data, percentage)</p>
<p>				  For the Quarter Ended March 31</p>
<p>				     1997		    1996</p>
<p>Net income	    Ch$	5,358     Ch$	 5,004</p>
<p>Net income per share	    0.93		   0.86</p>
<p>Net interest margin	     5.4%		   5.6%</p>
<p>Total assets		 1,734,281	    1,517,488</p>
<p>Total loans		  1,377,480	    1,236,359</p>
<p>Allowances for loan</p>
<p> losses/total loans	 1.22%		  1.16%</p>
<p>Note: Banco de A. Edwardxs is a commercial bank based in Santiago, Chile.</p>
<p>--((New York Newsdesk 212 859-1610))</p>
</text>
<copyright>(c) Reuters Limited 1997</copyright>
<metadata>
<codes class="bip:countries:1.0">
  <code code="CHIL">
    <editdetail attribution="Reuters BIP Coding Group" action="confirmed" date="1997-04-29"/>
  </code>
  <code code="USA">
    <editdetail attribution="Reuters BIP Coding Group" action="confirmed" date="1997-04-29"/>
  </code>
</codes>
<codes class="bip:industries:1.0">
  <code code="I81402">
    <editdetail attribution="Reuters BIP Coding Group" action="confirmed" date="1997-04-29"/>
  </code>
</codes>
<codes class="bip:topics:1.0">
  <code code="C15">
    <editdetail attribution="Reuters BIP Coding Group" action="confirmed" date="1997-04-29"/>
  </code>
  <code code="C151">
    <editdetail attribution="Reuters BIP Coding Group" action="confirmed" date="1997-04-29"/>
  </code>
  <code code="CCAT">
    <editdetail attribution="Reuters BIP Coding Group" action="confirmed" date="1997-04-29"/>
  </code>
</codes>
<dc element="dc.date.created" value="1997-04-29"/>
<dc element="dc.publisher" value="Reuters Holdings Plc"/>
<dc element="dc.date.published" value="1997-04-29"/>
<dc element="dc.source" value="Reuters"/>
<dc element="dc.creator.location" value="NEW YORK"/>
<dc element="dc.creator.location.country.name" value="USA"/>
<dc element="dc.source" value="Reuters"/>
</metadata>
</newsitem>
