<?xml version="1.0" encoding="iso-8859-1" ?>
<newsitem itemid="545612" id="root" date="1997-04-29" xml:lang="en">
<title>USA: Wandel &amp; Goltermann Q2 net falls.</title>
<headline>Wandel &amp; Goltermann Q2 net falls.</headline>
<dateline>RESEARCH TRIANGLE PARK, N.C. 1997-04-29</dateline>
<text>
<p>(in thousands, except for per share amounts)</p>
<p>	 Three Months Ended March 31, Six Months Ended March 31,</p>
<p>			     1997     1996		1997     1996</p>
<p> Total revenues	14,342   14,496	    29,797   27,959</p>
<p> Net income		 585    1,181	     1,915    1,746</p>
<p> Earnings per share    0.11     0.23		0.36     0.34</p>
<p>Weighted average number</p>
<p>of common shares</p>
<p>  outstanding	   5,427    5,155	     5,391    5,178</p>
<p>NOTE: The company said Q2 1997 results reflect a slowdown in capital spending by some U.S. network industry companies.</p>
<p>Full name is Wandel &amp; Goltermann Technologies Inc.</p>
</text>
<copyright>(c) Reuters Limited 1997</copyright>
<metadata>
<codes class="bip:countries:1.0">
  <code code="USA">
    <editdetail attribution="Reuters BIP Coding Group" action="confirmed" date="1997-04-29"/>
  </code>
</codes>
<codes class="bip:industries:1.0">
  <code code="I37100">
    <editdetail attribution="Reuters BIP Coding Group" action="confirmed" date="1997-04-29"/>
  </code>
</codes>
<codes class="bip:topics:1.0">
  <code code="C15">
    <editdetail attribution="Reuters BIP Coding Group" action="confirmed" date="1997-04-29"/>
  </code>
  <code code="C151">
    <editdetail attribution="Reuters BIP Coding Group" action="confirmed" date="1997-04-29"/>
  </code>
  <code code="CCAT">
    <editdetail attribution="Reuters BIP Coding Group" action="confirmed" date="1997-04-29"/>
  </code>
</codes>
<dc element="dc.date.created" value="1997-04-29"/>
<dc element="dc.publisher" value="Reuters Holdings Plc"/>
<dc element="dc.date.published" value="1997-04-29"/>
<dc element="dc.source" value="Reuters"/>
<dc element="dc.creator.location" value="RESEARCH TRIANGLE PARK, N.C."/>
<dc element="dc.creator.location.country.name" value="USA"/>
<dc element="dc.source" value="Reuters"/>
</metadata>
</newsitem>
