<?xml version="1.0" encoding="iso-8859-1" ?>
<newsitem itemid="545697" id="root" date="1997-04-29" xml:lang="en">
<title>USA: Long Island Lighting Q1 EPS rises to $0.62.</title>
<headline>Long Island Lighting Q1 EPS rises to $0.62.</headline>
<dateline>HICKSVILLE, N.Y. 1997-04-29</dateline>
<text>
<p>1997			1996</p>
<p> Shr			  $0.62		    $0.57</p>
<p> Net			 87,697		   81,753</p>
<p> Revs		     851,182		  864,214</p>
<p> Avg shrs		 120,995		  119,944</p>
<p>(All data above 000s except per share numbers)</p>
<p>NOTE: First quarter ended March 31.</p>
<p>Full name of company is Long Island Lighting Co</p>
</text>
<copyright>(c) Reuters Limited 1997</copyright>
<metadata>
<codes class="bip:countries:1.0">
  <code code="USA">
    <editdetail attribution="Reuters BIP Coding Group" action="confirmed" date="1997-04-29"/>
  </code>
</codes>
<codes class="bip:industries:1.0">
  <code code="I16100">
    <editdetail attribution="Reuters BIP Coding Group" action="confirmed" date="1997-04-29"/>
  </code>
</codes>
<codes class="bip:topics:1.0">
  <code code="C15">
    <editdetail attribution="Reuters BIP Coding Group" action="confirmed" date="1997-04-29"/>
  </code>
  <code code="C151">
    <editdetail attribution="Reuters BIP Coding Group" action="confirmed" date="1997-04-29"/>
  </code>
  <code code="CCAT">
    <editdetail attribution="Reuters BIP Coding Group" action="confirmed" date="1997-04-29"/>
  </code>
</codes>
<dc element="dc.date.created" value="1997-04-29"/>
<dc element="dc.publisher" value="Reuters Holdings Plc"/>
<dc element="dc.date.published" value="1997-04-29"/>
<dc element="dc.source" value="Reuters"/>
<dc element="dc.creator.location" value="HICKSVILLE, N.Y."/>
<dc element="dc.creator.location.country.name" value="USA"/>
<dc element="dc.source" value="Reuters"/>
</metadata>
</newsitem>
