<?xml version="1.0" encoding="iso-8859-1" ?>
<newsitem itemid="545610" id="root" date="1997-04-29" xml:lang="en">
<title>USA: FULL TEXT - Ellison puts off takeover of Apple.</title>
<headline>FULL TEXT - Ellison puts off takeover of Apple.</headline>
<dateline>LOS ANGELES 1997-04-29</dateline>
<text>
<p>Oracle Corp Chairman Larry Ellision Tuesday said he was putting off, for now, a takeover of Apple Computer Inc. The following is a copy of his statement.</p>
<p>----------------- NEWS RELEASE ---------------------</p>
<p>ATHERTON, Calif., April 29 /PRNewswire/ -- Lawrence J. Ellison announced today that at least for the time being, he has decided not to pursue any transaction involving Apple Computer, Inc. (Nasdaq: AAPL) or to otherwise seek control of that firm.  Mr. Ellison stated that he has not purchased any Apple stock and is not currently engaged in any discussions with Apple, or Apple shareholders or potential investors concerning any transaction involving Apple.  Mr. Ellison stated that he remains interested in developments at Apple and that he may well purchase stock for investment purposes or otherwise, or revisit in the future his decision regarding an acquisition or control of that firm.</p>
</text>
<copyright>(c) Reuters Limited 1997</copyright>
<metadata>
<codes class="bip:countries:1.0">
  <code code="USA">
    <editdetail attribution="Reuters BIP Coding Group" action="confirmed" date="1997-04-29"/>
  </code>
</codes>
<codes class="bip:industries:1.0">
  <code code="I33020">
    <editdetail attribution="Reuters BIP Coding Group" action="confirmed" date="1997-04-29"/>
  </code>
  <code code="I3302003">
    <editdetail attribution="Reuters BIP Coding Group" action="confirmed" date="1997-04-29"/>
  </code>
  <code code="I3302021">
    <editdetail attribution="Reuters BIP Coding Group" action="confirmed" date="1997-04-29"/>
  </code>
</codes>
<codes class="bip:topics:1.0">
  <code code="C18">
    <editdetail attribution="Reuters BIP Coding Group" action="confirmed" date="1997-04-29"/>
  </code>
  <code code="C181">
    <editdetail attribution="Reuters BIP Coding Group" action="confirmed" date="1997-04-29"/>
  </code>
  <code code="CCAT">
    <editdetail attribution="Reuters BIP Coding Group" action="confirmed" date="1997-04-29"/>
  </code>
</codes>
<dc element="dc.date.created" value="1997-04-29"/>
<dc element="dc.publisher" value="Reuters Holdings Plc"/>
<dc element="dc.date.published" value="1997-04-29"/>
<dc element="dc.source" value="Reuters"/>
<dc element="dc.creator.location" value="LOS ANGELES"/>
<dc element="dc.creator.location.country.name" value="USA"/>
<dc element="dc.source" value="Reuters"/>
</metadata>
</newsitem>
