<?xml version="1.0" encoding="iso-8859-1" ?>
<newsitem itemid="545685" id="root" date="1997-04-29" xml:lang="en">
<title>USA: Sybron Int'l unit completes Remel purchase.</title>
<headline>Sybron Int'l unit completes Remel purchase.</headline>
<dateline>MILWAUKEE 1997-04-29</dateline>
<text>
<p>Sybron International Corp on Tuesday said its Erie Scientific Co subsidiary completed its acquisition of Remel LP, paying $120 million and assuming about $35 million in debt.</p>
<p>The debt was repaid at the closing, Sybron said.</p>
<p>Remel, a manufacturer of disposable diagnostic products used in laboratories, is expected to generate revenues this year of $63.3 million, with earnings before interest, taxes, depreciation and amoritization (EBITDA) at $23 million, Sybron said.</p>
<p>Frank Jellinek, president of Erie, said the acquisition was part of the company's strategy of providing one-stop shopping for products used in clinical laboratories.</p>
<p>((--Chicago newsdesk, 312-408-8787))</p>
</text>
<copyright>(c) Reuters Limited 1997</copyright>
<metadata>
<codes class="bip:countries:1.0">
  <code code="USA">
    <editdetail attribution="Reuters BIP Coding Group" action="confirmed" date="1997-04-29"/>
  </code>
</codes>
<codes class="bip:industries:1.0">
  <code code="I37200">
    <editdetail attribution="Reuters BIP Coding Group" action="confirmed" date="1997-04-29"/>
  </code>
</codes>
<codes class="bip:topics:1.0">
  <code code="C18">
    <editdetail attribution="Reuters BIP Coding Group" action="confirmed" date="1997-04-29"/>
  </code>
  <code code="C181">
    <editdetail attribution="Reuters BIP Coding Group" action="confirmed" date="1997-04-29"/>
  </code>
  <code code="CCAT">
    <editdetail attribution="Reuters BIP Coding Group" action="confirmed" date="1997-04-29"/>
  </code>
</codes>
<dc element="dc.date.created" value="1997-04-29"/>
<dc element="dc.publisher" value="Reuters Holdings Plc"/>
<dc element="dc.date.published" value="1997-04-29"/>
<dc element="dc.source" value="Reuters"/>
<dc element="dc.creator.location" value="MILWAUKEE"/>
<dc element="dc.creator.location.country.name" value="USA"/>
<dc element="dc.source" value="Reuters"/>
</metadata>
</newsitem>
