<?xml version="1.0" encoding="iso-8859-1" ?>
<newsitem itemid="545693" id="root" date="1997-04-29" xml:lang="en">
<title>USA: Newpark Resources Inc Q1 net up.</title>
<headline>Newpark Resources Inc Q1 net up.</headline>
<dateline>METAIRIE, La. 1997-04-29</dateline>
<text>
<p>(Unaudited, in 000s except per share amounts)</p>
<p>					   First Qtr	 Ended Mar 31</p>
<p>						 1997		    1996</p>
<p> Revenues				  $39,811		$28,373</p>
<p> Net Income				  7,000		  3,317</p>
<p> Net Income per common share	     .45		    .28</p>
<p>Weighted average shares outstanding</p>
<p>						15,679		 11,762</p>
<p>((-- New York Newsdesk 212 859-1610 ))</p>
</text>
<copyright>(c) Reuters Limited 1997</copyright>
<metadata>
<codes class="bip:countries:1.0">
  <code code="USA">
    <editdetail attribution="Reuters BIP Coding Group" action="confirmed" date="1997-04-29"/>
  </code>
</codes>
<codes class="bip:industries:1.0">
  <code code="I92110">
    <editdetail attribution="Reuters BIP Coding Group" action="confirmed" date="1997-04-29"/>
  </code>
</codes>
<codes class="bip:topics:1.0">
  <code code="C15">
    <editdetail attribution="Reuters BIP Coding Group" action="confirmed" date="1997-04-29"/>
  </code>
  <code code="C151">
    <editdetail attribution="Reuters BIP Coding Group" action="confirmed" date="1997-04-29"/>
  </code>
  <code code="CCAT">
    <editdetail attribution="Reuters BIP Coding Group" action="confirmed" date="1997-04-29"/>
  </code>
</codes>
<dc element="dc.date.created" value="1997-04-29"/>
<dc element="dc.publisher" value="Reuters Holdings Plc"/>
<dc element="dc.date.published" value="1997-04-29"/>
<dc element="dc.source" value="Reuters"/>
<dc element="dc.creator.location" value="METAIRIE, La."/>
<dc element="dc.creator.location.country.name" value="USA"/>
<dc element="dc.source" value="Reuters"/>
</metadata>
</newsitem>
