<?xml version="1.0" encoding="iso-8859-1" ?>
<newsitem itemid="545681" id="root" date="1997-04-29" xml:lang="en">
<title>USA: Big Flower's Reilly to add CEO post.</title>
<headline>Big Flower's Reilly to add CEO post.</headline>
<dateline>NEW YORK 1997-04-29</dateline>
<text>
<p>Big Flower Press Holdings Inc said Tuesday that the board has named its president, Edward Reilly, to the additional post of chief executive officer.</p>
<p>Reilly replaces founder Theodore Ammon in the CEO post. Ammon, who has been CEO since the advertising and market services company was founded in 1993, continues to be chairman and will continue to focus on long-term strategy for the company, it said.</p>
<p>Reilly joined Big Flower as president and chief operating officer in April 1996 after more than two decades in the advertising, broadcasting and publishing businesses.</p>
<p>Before joining Big Flower, he had been president of McGraw-Hill Broadcasting for nearly a decade. Prior to that, he was executive vice president of McGraw-Hill International Book Publishing, overseeing subsidiaries around the world,     A</p>
<p>member of the Board of Directors of the Ad Council,  Reilly also serves on the Board of Trustees of Lynchburg College in Virginia.</p>
</text>
<copyright>(c) Reuters Limited 1997</copyright>
<metadata>
<codes class="bip:countries:1.0">
  <code code="USA">
    <editdetail attribution="Reuters BIP Coding Group" action="confirmed" date="1997-04-29"/>
  </code>
</codes>
<codes class="bip:industries:1.0">
  <code code="I47500">
    <editdetail attribution="Reuters BIP Coding Group" action="confirmed" date="1997-04-29"/>
  </code>
</codes>
<codes class="bip:topics:1.0">
  <code code="C41">
    <editdetail attribution="Reuters BIP Coding Group" action="confirmed" date="1997-04-29"/>
  </code>
  <code code="C411">
    <editdetail attribution="Reuters BIP Coding Group" action="confirmed" date="1997-04-29"/>
  </code>
  <code code="CCAT">
    <editdetail attribution="Reuters BIP Coding Group" action="confirmed" date="1997-04-29"/>
  </code>
</codes>
<dc element="dc.date.created" value="1997-04-29"/>
<dc element="dc.publisher" value="Reuters Holdings Plc"/>
<dc element="dc.date.published" value="1997-04-29"/>
<dc element="dc.source" value="Reuters"/>
<dc element="dc.creator.location" value="NEW YORK"/>
<dc element="dc.creator.location.country.name" value="USA"/>
<dc element="dc.source" value="Reuters"/>
</metadata>
</newsitem>
