<?xml version="1.0" encoding="iso-8859-1" ?>
<newsitem itemid="545668" id="root" date="1997-04-29" xml:lang="en">
<title>USA: Spaghetti Warehouse Q3 shr profit vs loss.</title>
<headline>Spaghetti Warehouse Q3 shr profit vs loss.</headline>
<dateline>GARLAND, Texas 1997-04-29</dateline>
<text>
<p>39-Week     39-Week	13-Week     13-Week</p>
<p>		     3/31/96     3/30/97     3/31/96	3/30/97</p>
<p>Revenues:</p>
<p>Restaurant sales</p>
<p>		 $52,955,213 $47,264,337  $16,889,558 $15,342,375</p>
<p>  Franchise	476,817     729,796	151,622     239,558</p>
<p>  Other	    405,318     423,579	139,094     136,727</p>
<p>Total revenues</p>
<p>		  53,837,348  48,417,712   17,180,274  15,718,660</p>
<p>Costs and expenses:</p>
<p>Cost of sales</p>
<p>		  13,507,577  12,373,632    4,478,776   3,917,210</p>
<p>Operating expenses</p>
<p>		  31,539,429  27,279,750   10,023,493   8,672,380</p>
<p>General and</p>
<p>administrative</p>
<p>		   4,427,464   3,978,431    1,374,389   1,321,874</p>
<p>Depreciation and</p>
<p>amortization</p>
<p>		   3,748,123   2,997,936    1,188,538     962,868</p>
<p>Restructuring</p>
<p>   charges    13,875,248   (400,000)   13,875,248	   ---</p>
<p>Impairment of long-</p>
<p>   lived assets	---   1,759,526	    ---	   ---</p>
<p>Total costs and</p>
<p>    expenses  67,097,841  47,989,275   30,940,444  14,874,332</p>
<p>Income (loss) from</p>
<p>operations</p>
<p>		(13,260,493)     428,437  (13,760,170)    844,328</p>
<p>Net interest expense</p>
<p>		     807,538     566,214	292,840     146,810</p>
<p>Income (loss) before</p>
<p>income tax expense</p>
<p>(benefit)</p>
<p>		(14,068,031)   (137,777) (14,053,010)     697,518</p>
<p>Income tax expense</p>
<p>  (benefit)  (5,468,721)    (39,101)  (5,410,724)     240,890</p>
<p>Net income (loss)</p>
<p>		 (8,599,310)    (98,676)  (8,642,286)     456,628</p>
<p>Net income (loss)</p>
<p>per common share:</p>
<p>    Primary	( 1.53)	( .02)	( 1.54)	   .08</p>
<p>Fully diluted</p>
<p>		     ( 1.53)	( .02)	( 1.54)	   .08</p>
<p>average share</p>
<p>    Primary    5,606,291   5,653,908    5,624,274   5,810,290</p>
<p>Fully diluted</p>
<p>		   5,606,291   5,653,908    5,624,274   5,816,548</p>
<p>NOTES: Q3 1996 included a $13.9 million pre-tax</p>
<p>restructuring charge.</p>
<p>Full company name is Spaghetti Warehouse Inc.</p>
<p>((-- New York Newsdesk 212 859-1610 ))</p>
</text>
<copyright>(c) Reuters Limited 1997</copyright>
<metadata>
<codes class="bip:countries:1.0">
  <code code="USA">
    <editdetail attribution="Reuters BIP Coding Group" action="confirmed" date="1997-04-29"/>
  </code>
</codes>
<codes class="bip:industries:1.0">
  <code code="I66100">
    <editdetail attribution="Reuters BIP Coding Group" action="confirmed" date="1997-04-29"/>
  </code>
</codes>
<codes class="bip:topics:1.0">
  <code code="C15">
    <editdetail attribution="Reuters BIP Coding Group" action="confirmed" date="1997-04-29"/>
  </code>
  <code code="C151">
    <editdetail attribution="Reuters BIP Coding Group" action="confirmed" date="1997-04-29"/>
  </code>
  <code code="CCAT">
    <editdetail attribution="Reuters BIP Coding Group" action="confirmed" date="1997-04-29"/>
  </code>
</codes>
<dc element="dc.date.created" value="1997-04-29"/>
<dc element="dc.publisher" value="Reuters Holdings Plc"/>
<dc element="dc.date.published" value="1997-04-29"/>
<dc element="dc.source" value="Reuters"/>
<dc element="dc.creator.location" value="GARLAND, Texas"/>
<dc element="dc.creator.location.country.name" value="USA"/>
<dc element="dc.source" value="Reuters"/>
</metadata>
</newsitem>
