<?xml version="1.0" encoding="iso-8859-1" ?>
<newsitem itemid="545680" id="root" date="1997-04-29" xml:lang="en">
<title>USA: Russia GDP to rise up to 2.5 pct in 1997--Chubais.</title>
<headline>Russia GDP to rise up to 2.5 pct in 1997--Chubais.</headline>
<dateline>WASHINGTON 1997-04-29</dateline>
<text>
<p>Russian Gross Domestic Product should rise between 0.5 percent and a maximum of 2.5 percent this year, Russian First Deputy Prime Minister Anatoly Chubais told a news conference on Tuesday.</p>
<p>&quot;But if you look at 1998, I think that is the year when you could be surprised,&quot; he added.  </p>
<p>Chubais said Russian inflation -- an annual 22 percent in 1996 -- was &quot;completely under control.&quot; Inflation would not be more than 12 percent in 1997, he said.</p>
<p>He said Russia's economic priorities comprised a realistic budget, new tax policies, radical restructuring of natural monopolies and fighting corruption.</p>
<p>The first steps toward this had already been taken, he said.</p>
</text>
<copyright>(c) Reuters Limited 1997</copyright>
<metadata>
<codes class="bip:countries:1.0">
  <code code="RUSS">
    <editdetail attribution="Reuters BIP Coding Group" action="confirmed" date="1997-04-29"/>
  </code>
  <code code="USA">
    <editdetail attribution="Reuters BIP Coding Group" action="confirmed" date="1997-04-29"/>
  </code>
</codes>
<codes class="bip:topics:1.0">
  <code code="E11">
    <editdetail attribution="Reuters BIP Coding Group" action="confirmed" date="1997-04-29"/>
  </code>
  <code code="ECAT">
    <editdetail attribution="Reuters BIP Coding Group" action="confirmed" date="1997-04-29"/>
  </code>
</codes>
<dc element="dc.date.created" value="1997-04-29"/>
<dc element="dc.publisher" value="Reuters Holdings Plc"/>
<dc element="dc.date.published" value="1997-04-29"/>
<dc element="dc.source" value="Reuters"/>
<dc element="dc.creator.location" value="WASHINGTON"/>
<dc element="dc.creator.location.country.name" value="USA"/>
<dc element="dc.source" value="Reuters"/>
</metadata>
</newsitem>
