<?xml version="1.0" encoding="iso-8859-1" ?>
<newsitem itemid="545640" id="root" date="1997-04-29" xml:lang="en">
<title>USA: Summit Technology Q1 loss vs profit.</title>
<headline>Summit Technology Q1 loss vs profit.</headline>
<dateline>WALTHAM, Mass. 1997-04-29</dateline>
<text>
<p>(in thousands, except for share and per share data)</p>
<p>						     Three Months Ended</p>
<p>					Mar 31, 1997   Mar 3l, 1996 (A)</p>
<p>					  (unaudited)</p>
<p> Total revenue			   $20,699		$25,158</p>
<p> Cost of revenue			  13,812		 17,096</p>
<p> Gross profit				6,887		  8,062</p>
<p> Operational expenses		    6,691		  8,641</p>
<p> Legal expenses			    2,000		    697</p>
<p>Operating loss from</p>
<p>  continuing operations		(1,804)		(1,276)</p>
<p> Other income				  404		  1,192</p>
<p>Loss from continuing</p>
<p>  operations			     (1,400)		   (84)</p>
<p>Loss from discontinued</p>
<p>  operations				   ---		(3,470)</p>
<p> Net Loss				  (1,400)		(3,554)</p>
<p>Loss per share from</p>
<p>  continued operations		   (.05)		    ---</p>
<p>Loss per share from</p>
<p>  discontinued operations		  ---		  (.11)</p>
<p> Net loss per share			(.05)		  (.11)</p>
<p>Weighted average number</p>
<p>of common shares</p>
<p>  outstanding			     31,020		 30,945</p>
<p>NOTE(A): The 1996 amounts have been restated to reflect the discontinuation of the Company's Vision Center business and the acquisition of Lens Express Inc.</p>
<p>(B) Includes $10 million of cash and short term investments that will be distributed to the company's Vision Center business upon divestiture.</p>
<p>-- New York Newsdesk 212 859-1610</p>
</text>
<copyright>(c) Reuters Limited 1997</copyright>
<metadata>
<codes class="bip:countries:1.0">
  <code code="USA">
    <editdetail attribution="Reuters BIP Coding Group" action="confirmed" date="1997-04-29"/>
  </code>
</codes>
<codes class="bip:industries:1.0">
  <code code="I37200">
    <editdetail attribution="Reuters BIP Coding Group" action="confirmed" date="1997-04-29"/>
  </code>
</codes>
<codes class="bip:topics:1.0">
  <code code="C15">
    <editdetail attribution="Reuters BIP Coding Group" action="confirmed" date="1997-04-29"/>
  </code>
  <code code="C151">
    <editdetail attribution="Reuters BIP Coding Group" action="confirmed" date="1997-04-29"/>
  </code>
  <code code="CCAT">
    <editdetail attribution="Reuters BIP Coding Group" action="confirmed" date="1997-04-29"/>
  </code>
</codes>
<dc element="dc.date.created" value="1997-04-29"/>
<dc element="dc.publisher" value="Reuters Holdings Plc"/>
<dc element="dc.date.published" value="1997-04-29"/>
<dc element="dc.source" value="Reuters"/>
<dc element="dc.creator.location" value="WALTHAM, Mass."/>
<dc element="dc.creator.location.country.name" value="USA"/>
<dc element="dc.source" value="Reuters"/>
</metadata>
</newsitem>
