<?xml version="1.0" encoding="iso-8859-1" ?>
<newsitem itemid="545660" id="root" date="1997-04-29" xml:lang="en">
<title>USA: Copley Q1 shr loss $0.02 vs loss $0.16.</title>
<headline>Copley Q1 shr loss $0.02 vs loss $0.16.</headline>
<dateline>CANTON, Mass. 1997-04-29</dateline>
<text>
<p>(In thousands, except per share data)</p>
<p>For the quarter ended March 31,</p>
<p>							1997	    1996</p>
<p>Net sales:</p>
<p>   Manufactured products		   $15,534	  $17,441</p>
<p>   Distributed products		     10,282	    6,906</p>
<p>	Net sales				 25,816	   24,347</p>
<p>Cost of goods sold:</p>
<p>   Manufactured products		    12,970	   15,222</p>
<p>   Distributed products			8,017	    4,477</p>
<p>	Cost of goods sold		    20,987	   19,699</p>
<p>	  Gross profit			   4,829	    4,648</p>
<p>	  Gross margin			   18.7%	    19.1%</p>
<p>Operating expenses:</p>
<p>   Research and development		  2,683	    3,904</p>
<p>   Selling, marketing and distribution   1,268	    2,053</p>
<p>   General and administrative		1,478	    2,610</p>
<p>   Recall related and litigation	     199		191</p>
<p>  Income (loss) from operations	    (799)	  (4,110)</p>
<p>	   Operating margin		   (3.1%)	  (16.9%)</p>
<p> Interest and other investment income	303		176</p>
<p> Interest expense				 (62)	     (58)</p>
<p> Other income (expenses), net		   40	  (1,031)</p>
<p>  Income (loss) before income taxes	(518)	  (5,023)</p>
<p> Provision (benefit) for income taxes    (155)	  (1,994)</p>
<p> Net income (loss)			    ( 363)	 ( 3,029)</p>
<p> average shares				 19,119	   19,070</p>
<p> Earnings (loss) per share:		( 0.02)	  ( 0.16)</p>
<p>Full company name is Copley Pharmaceutical Inc.</p>
<p>-- New York Newsdesk 212 859-1610</p>
</text>
<copyright>(c) Reuters Limited 1997</copyright>
<metadata>
<codes class="bip:countries:1.0">
  <code code="USA">
    <editdetail attribution="Reuters BIP Coding Group" action="confirmed" date="1997-04-29"/>
  </code>
</codes>
<codes class="bip:industries:1.0">
  <code code="I25700">
    <editdetail attribution="Reuters BIP Coding Group" action="confirmed" date="1997-04-29"/>
  </code>
</codes>
<codes class="bip:topics:1.0">
  <code code="C15">
    <editdetail attribution="Reuters BIP Coding Group" action="confirmed" date="1997-04-29"/>
  </code>
  <code code="C151">
    <editdetail attribution="Reuters BIP Coding Group" action="confirmed" date="1997-04-29"/>
  </code>
  <code code="CCAT">
    <editdetail attribution="Reuters BIP Coding Group" action="confirmed" date="1997-04-29"/>
  </code>
</codes>
<dc element="dc.date.created" value="1997-04-29"/>
<dc element="dc.publisher" value="Reuters Holdings Plc"/>
<dc element="dc.date.published" value="1997-04-29"/>
<dc element="dc.source" value="Reuters"/>
<dc element="dc.creator.location" value="CANTON, Mass."/>
<dc element="dc.creator.location.country.name" value="USA"/>
<dc element="dc.source" value="Reuters"/>
</metadata>
</newsitem>
