<?xml version="1.0" encoding="iso-8859-1" ?>
<newsitem itemid="545696" id="root" date="1997-04-29" xml:lang="en">
<title>USA: BISYS Group Inc Q3 shr $0.42 vs $0.38.</title>
<headline>BISYS Group Inc Q3 shr $0.42 vs $0.38.</headline>
<dateline>LITTLE FALLS, N.J. 1997-04-29</dateline>
<text>
<p>(Unaudited)</p>
<p>				 THREE MONTHS ENDED  NINE MONTHS ENDED</p>
<p>						MARCH 31,    MARCH 31,</p>
<p> Statement of Operations Data:  1997   1996     1997     1996</p>
<p> Revenues			 $83,961 $65,923 $231,153 $174,138</p>
<p>Operating costs and expenses:</p>
<p>   Service and operating     44,586  34,683  125,383   91,590</p>
<p>General and administrative</p>
<p>				     13,809  10,638   40,564   30,558</p>
<p>   Selling and conversion     3,098   2,098    9,063    6,675</p>
<p>   Research and development   2,491   2,536    7,621    7,568</p>
<p>Amortization of intangible assets</p>
<p>					  886     964    2,724    2,848</p>
<p>Merger expenses and other charges</p>
<p>					1,500	--    1,500	 --</p>
<p> Operating earnings	    17,591  15,004   44,298   34,899</p>
<p> Interest income		    665     210    1,662	108</p>
<p>Earnings before income</p>
<p>   tax provision		 18,256  15,214   45,960   35,007</p>
<p> Income tax provision	   7,304   5,770   18,385   13,291</p>
<p> Net earnings		    10,952   9,444   27,575   21,716</p>
<p>Net earnings per common share</p>
<p>					 0.42    0.38     1.05     0.88</p>
<p>Weighted average common and</p>
<p>common equivalent shares</p>
<p>  outstanding		    26,237  24,923   26,191   24,616</p>
<p>			   (In 000s, except per share data)</p>
<p>NOTE: Fiscal third quarter results include a charge of $900,000, net of tax, or $0.03 per share, arising from an additional commission charge associated with an alliance with Furman Selz LLC that occurred in June 1996.</p>
</text>
<copyright>(c) Reuters Limited 1997</copyright>
<metadata>
<codes class="bip:countries:1.0">
  <code code="USA">
    <editdetail attribution="Reuters BIP Coding Group" action="confirmed" date="1997-04-29"/>
  </code>
</codes>
<codes class="bip:industries:1.0">
  <code code="I83940">
    <editdetail attribution="Reuters BIP Coding Group" action="confirmed" date="1997-04-29"/>
  </code>
</codes>
<codes class="bip:topics:1.0">
  <code code="C15">
    <editdetail attribution="Reuters BIP Coding Group" action="confirmed" date="1997-04-29"/>
  </code>
  <code code="C151">
    <editdetail attribution="Reuters BIP Coding Group" action="confirmed" date="1997-04-29"/>
  </code>
  <code code="CCAT">
    <editdetail attribution="Reuters BIP Coding Group" action="confirmed" date="1997-04-29"/>
  </code>
</codes>
<dc element="dc.date.created" value="1997-04-29"/>
<dc element="dc.publisher" value="Reuters Holdings Plc"/>
<dc element="dc.date.published" value="1997-04-29"/>
<dc element="dc.source" value="Reuters"/>
<dc element="dc.creator.location" value="LITTLE FALLS, N.J."/>
<dc element="dc.creator.location.country.name" value="USA"/>
<dc element="dc.source" value="Reuters"/>
</metadata>
</newsitem>
