<?xml version="1.0" encoding="iso-8859-1" ?>
<newsitem itemid="545642" id="root" date="1997-04-29" xml:lang="en">
<title>USA: California Culinary Q3 shr profit $0.03.</title>
<headline>California Culinary Q3 shr profit $0.03.</headline>
<dateline>SAN FRANCISCO 1997-04-29</dateline>
<text>
<p>March 31, 1997     Q3    March 31, 1996</p>
<p> Shr     profit	   $0.03		    $ n/a</p>
<p> Net     profit	     115   profit	    58</p>
<p> Revs			 4,121		    3,998</p>
<p>					 9  MONTHS</p>
<p> Shr     profit	   $0.08     loss	 $0.11</p>
<p> Net     profit	     286     loss	   362</p>
<p> Revs			11,439		   11,191</p>
<p>(All data above 000s except per share numbers)</p>
<p>NOTE: Full name is California Culinary Academy Inc.</p>
</text>
<copyright>(c) Reuters Limited 1997</copyright>
<metadata>
<codes class="bip:countries:1.0">
  <code code="USA">
    <editdetail attribution="Reuters BIP Coding Group" action="confirmed" date="1997-04-29"/>
  </code>
</codes>
<codes class="bip:industries:1.0">
  <code code="I66100">
    <editdetail attribution="Reuters BIP Coding Group" action="confirmed" date="1997-04-29"/>
  </code>
</codes>
<codes class="bip:topics:1.0">
  <code code="C15">
    <editdetail attribution="Reuters BIP Coding Group" action="confirmed" date="1997-04-29"/>
  </code>
  <code code="C151">
    <editdetail attribution="Reuters BIP Coding Group" action="confirmed" date="1997-04-29"/>
  </code>
  <code code="CCAT">
    <editdetail attribution="Reuters BIP Coding Group" action="confirmed" date="1997-04-29"/>
  </code>
</codes>
<dc element="dc.date.created" value="1997-04-29"/>
<dc element="dc.publisher" value="Reuters Holdings Plc"/>
<dc element="dc.date.published" value="1997-04-29"/>
<dc element="dc.source" value="Reuters"/>
<dc element="dc.creator.location" value="SAN FRANCISCO"/>
<dc element="dc.creator.location.country.name" value="USA"/>
<dc element="dc.source" value="Reuters"/>
</metadata>
</newsitem>
