<?xml version="1.0" encoding="iso-8859-1" ?>
<newsitem itemid="545608" id="root" date="1997-04-29" xml:lang="en">
<title>CANADA: Canada's Martin sees no new huge spending items.</title>
<headline>Canada's Martin sees no new huge spending items.</headline>
<dateline>OTTAWA 1997-04-29</dateline>
<text>
<p>Canadian Finance Minister Paul Martin said on Tuesday the ruling Liberal Party's election platform would not include huge new spending initiatives beyond a health care announcement made on Monday.</p>
<p>&quot;What I am saying is that the (health care) announcement made by the prime minister yesterday in terms of dollars is by far the most important single announcement that will be made (in the Liberal campaign),&quot; Martin told a news conference organized by the Canadian Broadcasting Corp.  </p>
<p>Prime Minister Jean Chretien said on Monday that the Liberal government, if re-elected on June 2, would not proceed with planned cuts to health care and social transfer payments to the provinces, starting with the next fiscal year.</p>
<p>Martin told reporters in Montreal: &quot;Let me be very clear we are going to eliminate the deficit. We are going to get the debt to GDP ratio on a a downward trend. We are going to maintain inflation low and we are going to create jobs.&quot;</p>
<p>He said that economists have predicted Canada's economy would be strong over the next two years, &quot;and we are not going to let that be frittered away.&quot;  </p>
<p>Martin said he was not worried about the weakening in the Canadian dollar on Monday and Tuesday after the prime minister's announcement of the increased cash transfer to the provinces for health care.</p>
<p>&quot;No. As you know, the international markets are very volatile,&quot; Martin said.</p>
<p>&quot;You should not forget that the Canadian dollar is stronger compared with the (Japanese) yen and (German) mark and other currencies,&quot; he said.</p>
<p>Martin also repeated his opposition to tax cuts in the near term, something proposed by Conservative leader Jean Charest and Reform Party leader Preston Manning.</p>
<p>&quot;I want to lower taxes. We will lower the taxes. But all of the economists are unanimous in saying that a reduction of taxes right now, paid for by another substantial cut in (government) programs, as advocated by Jean Charest and Preston Manning, would hurt enormously the creation of jobs,&quot; Martin said.</p>
<p>Martin said taxes would be reduced once the federal government deficit was eliminated.</p>
<p>((Reuters Montreal bureau 514-985-2434))</p>
</text>
<copyright>(c) Reuters Limited 1997</copyright>
<metadata>
<codes class="bip:countries:1.0">
  <code code="CANA">
    <editdetail attribution="Reuters BIP Coding Group" action="confirmed" date="1997-04-29"/>
  </code>
</codes>
<codes class="bip:topics:1.0">
  <code code="E21">
    <editdetail attribution="Reuters BIP Coding Group" action="confirmed" date="1997-04-29"/>
  </code>
  <code code="E211">
    <editdetail attribution="Reuters BIP Coding Group" action="confirmed" date="1997-04-29"/>
  </code>
  <code code="ECAT">
    <editdetail attribution="Reuters BIP Coding Group" action="confirmed" date="1997-04-29"/>
  </code>
  <code code="GCAT">
    <editdetail attribution="Reuters BIP Coding Group" action="confirmed" date="1997-04-29"/>
  </code>
  <code code="GPOL">
    <editdetail attribution="Reuters BIP Coding Group" action="confirmed" date="1997-04-29"/>
  </code>
</codes>
<dc element="dc.date.created" value="1997-04-29"/>
<dc element="dc.publisher" value="Reuters Holdings Plc"/>
<dc element="dc.date.published" value="1997-04-29"/>
<dc element="dc.source" value="Reuters"/>
<dc element="dc.creator.location" value="OTTAWA"/>
<dc element="dc.creator.location.country.name" value="CANADA"/>
<dc element="dc.source" value="Reuters"/>
</metadata>
</newsitem>
