<?xml version="1.0" encoding="iso-8859-1" ?>
<newsitem itemid="545639" id="root" date="1997-04-29" xml:lang="en">
<title>USA: Metro Information names fifth director.</title>
<headline>Metro Information names fifth director.</headline>
<dateline>VIRGINIA BEACH, Va. 1997-04-29</dateline>
<text>
<p>Metro Information Services Inc said Tuesday A. Eugene Loving Jr has been elected to its Board of Directors, increasing the board to five members from four.</p>
<p>Loving is chairman and chief executive officer of Max Media Properties LLC, a diversified radio and television broadcast company. Loving will also serve on the audit and compensation committees of the board. Before being a founder of Max Media, he served as chairman of TVX Broadcast Group.</p>
<p>((-- New York Newsdesk 212-859-1610.))</p>
</text>
<copyright>(c) Reuters Limited 1997</copyright>
<metadata>
<codes class="bip:countries:1.0">
  <code code="USA">
    <editdetail attribution="Reuters BIP Coding Group" action="confirmed" date="1997-04-29"/>
  </code>
</codes>
<codes class="bip:topics:1.0">
  <code code="C41">
    <editdetail attribution="Reuters BIP Coding Group" action="confirmed" date="1997-04-29"/>
  </code>
  <code code="C411">
    <editdetail attribution="Reuters BIP Coding Group" action="confirmed" date="1997-04-29"/>
  </code>
  <code code="CCAT">
    <editdetail attribution="Reuters BIP Coding Group" action="confirmed" date="1997-04-29"/>
  </code>
</codes>
<dc element="dc.date.created" value="1997-04-29"/>
<dc element="dc.publisher" value="Reuters Holdings Plc"/>
<dc element="dc.date.published" value="1997-04-29"/>
<dc element="dc.source" value="Reuters"/>
<dc element="dc.creator.location" value="VIRGINIA BEACH, Va."/>
<dc element="dc.creator.location.country.name" value="USA"/>
<dc element="dc.source" value="Reuters"/>
</metadata>
</newsitem>
