<?xml version="1.0" encoding="iso-8859-1" ?>
<newsitem itemid="545684" id="root" date="1997-04-29" xml:lang="en">
<title>USA: Masco Corp Q1 continuing oper net rises.</title>
<headline>Masco Corp Q1 continuing oper net rises.</headline>
<dateline>TAYLOR, Mich. 1997-04-29</dateline>
<text>
<p>MASCO CORPORATION</p>
<p>			    Three Months Ended</p>
<p>				    March 31</p>
<p>			   1997	   1996</p>
<p> Net Sales	  $854,000    $764,000</p>
<p> Cost of Sales     539,500     480,330</p>
<p> Gross Profit	314,500     283,670</p>
<p>Selling, General and</p>
<p>Administrative</p>
<p>  Expenses	   181,000     169,530</p>
<p>Amortization of</p>
<p>  Goodwill	     3,700	 2,610</p>
<p> Operating Profit  129,800     111,530</p>
<p>Other Income</p>
<p>  (Expense), Net     9,400     (4,730)</p>
<p>Income from Continuing</p>
<p>Operations Before</p>
<p>  Income Taxes     139,200     106,800</p>
<p> Income Taxes	 55,700	44,800</p>
<p>Income from Continuing</p>
<p>  Operations	  83,500	62,000</p>
<p> Net Income (Loss)  83,500	62,000</p>
<p>Earnings Per Share(A)  </p>
<p>			     .52	   .39</p>
<p>Average Shares</p>
<p>  Outstanding	161,000     160,400</p>
<p>Amounts in thousands except per share data.</p>
<p>(A) Continuing Operations.</p>
</text>
<copyright>(c) Reuters Limited 1997</copyright>
<metadata>
<codes class="bip:countries:1.0">
  <code code="USA">
    <editdetail attribution="Reuters BIP Coding Group" action="confirmed" date="1997-04-29"/>
  </code>
</codes>
<codes class="bip:industries:1.0">
  <code code="I31000">
    <editdetail attribution="Reuters BIP Coding Group" action="confirmed" date="1997-04-29"/>
  </code>
</codes>
<codes class="bip:topics:1.0">
  <code code="C15">
    <editdetail attribution="Reuters BIP Coding Group" action="confirmed" date="1997-04-29"/>
  </code>
  <code code="C151">
    <editdetail attribution="Reuters BIP Coding Group" action="confirmed" date="1997-04-29"/>
  </code>
  <code code="CCAT">
    <editdetail attribution="Reuters BIP Coding Group" action="confirmed" date="1997-04-29"/>
  </code>
</codes>
<dc element="dc.date.created" value="1997-04-29"/>
<dc element="dc.publisher" value="Reuters Holdings Plc"/>
<dc element="dc.date.published" value="1997-04-29"/>
<dc element="dc.source" value="Reuters"/>
<dc element="dc.creator.location" value="TAYLOR, Mich."/>
<dc element="dc.creator.location.country.name" value="USA"/>
<dc element="dc.source" value="Reuters"/>
</metadata>
</newsitem>
