<?xml version="1.0" encoding="iso-8859-1" ?>
<newsitem itemid="545648" id="root" date="1997-04-29" xml:lang="en">
<title>USA: Integon stake raised by Tweedy Browne group.</title>
<headline>Integon stake raised by Tweedy Browne group.</headline>
<dateline>WASHINGTON 1997-04-29</dateline>
<text>
<p>A group including New York investment adviser Tweedy, Browne Co LP said Tuesday it has increased its stake in Integon Corp to 1,103,665 shares or 7.01 percent.</p>
<p>In a filing with the U.S. Securities and Exchange Commission, the group said it bought more than 400,000 shares of the Winston-Salem, N.C. property and casualty insurance company between March 3 and April 23 at $12.75 to $14.625 each.</p>
</text>
<copyright>(c) Reuters Limited 1997</copyright>
<metadata>
<codes class="bip:countries:1.0">
  <code code="USA">
    <editdetail attribution="Reuters BIP Coding Group" action="confirmed" date="1997-04-29"/>
  </code>
</codes>
<codes class="bip:industries:1.0">
  <code code="I82003">
    <editdetail attribution="Reuters BIP Coding Group" action="confirmed" date="1997-04-29"/>
  </code>
  <code code="I8200316">
    <editdetail attribution="Reuters BIP Coding Group" action="confirmed" date="1997-04-29"/>
  </code>
  <code code="I83100">
    <editdetail attribution="Reuters BIP Coding Group" action="confirmed" date="1997-04-29"/>
  </code>
</codes>
<codes class="bip:topics:1.0">
  <code code="C18">
    <editdetail attribution="Reuters BIP Coding Group" action="confirmed" date="1997-04-29"/>
  </code>
  <code code="C181">
    <editdetail attribution="Reuters BIP Coding Group" action="confirmed" date="1997-04-29"/>
  </code>
  <code code="CCAT">
    <editdetail attribution="Reuters BIP Coding Group" action="confirmed" date="1997-04-29"/>
  </code>
</codes>
<dc element="dc.date.created" value="1997-04-29"/>
<dc element="dc.publisher" value="Reuters Holdings Plc"/>
<dc element="dc.date.published" value="1997-04-29"/>
<dc element="dc.source" value="Reuters"/>
<dc element="dc.creator.location" value="WASHINGTON"/>
<dc element="dc.creator.location.country.name" value="USA"/>
<dc element="dc.source" value="Reuters"/>
</metadata>
</newsitem>
