<?xml version="1.0" encoding="iso-8859-1" ?>
<newsitem itemid="545664" id="root" date="1997-04-29" xml:lang="en">
<title>USA: UroCor Inc Q1 net rises.</title>
<headline>UroCor Inc Q1 net rises.</headline>
<dateline>OKLAHOMA CITY 1997-04-29</dateline>
<text>
<p>(in thousands, except per share data)</p>
<p>					   Three Months Ended March 31,</p>
<p>						    1997	  1996</p>
<p> REVENUE			     $8,079  100.0%  $5,908  100.0%</p>
<p>OPERATING EXPENSES:</p>
<p>Direct cost of services and</p>
<p>     products			 2,981   36.9%   2,138   36.1%</p>
<p>Selling, general and</p>
<p>     administrative expenses    3,690   45.7%   2,862   48.4%</p>
<p>   Research and development	 610    7.5%     644   11.0%</p>
<p>     Total operating expenses   7,281   90.1%   5,644   95.5%</p>
<p>   Income from operations	   798    9.9%     264    4.5%</p>
<p>OTHER INCOME (EXPENSE):</p>
<p>   Interest income		    454    5.6%	23    0.3%</p>
<p>   Interest expense		  (51)  (0.6%)    (56)  (0.9%)</p>
<p>Total other income (expense)</p>
<p>					    403    5.0%    (33)  (0.6%)</p>
<p> Income before income taxes     1,201   14.9%     231    3.9%</p>
<p> Income taxes			    --	--	--	--</p>
<p> NET INCOME			   1,201   14.9%     231    3.9%</p>
<p> NET INCOME PER SHARE		 .11	--     .03	--</p>
<p>SHARES USED IN COMPUTING</p>
<p>   NET INCOME PER SHARE	  11,132	--   7,523	--</p>
<p>NOTE: The company said Q1 1997 results rose due to continued demand for urological diagnostic services.</p>
<p>The company said Q1 1997 excludes income taxes as it recognizes benefits from net operating loss carryforwards.</p>
</text>
<copyright>(c) Reuters Limited 1997</copyright>
<metadata>
<codes class="bip:countries:1.0">
  <code code="USA">
    <editdetail attribution="Reuters BIP Coding Group" action="confirmed" date="1997-04-29"/>
  </code>
</codes>
<codes class="bip:topics:1.0">
  <code code="C15">
    <editdetail attribution="Reuters BIP Coding Group" action="confirmed" date="1997-04-29"/>
  </code>
  <code code="C151">
    <editdetail attribution="Reuters BIP Coding Group" action="confirmed" date="1997-04-29"/>
  </code>
  <code code="CCAT">
    <editdetail attribution="Reuters BIP Coding Group" action="confirmed" date="1997-04-29"/>
  </code>
</codes>
<dc element="dc.date.created" value="1997-04-29"/>
<dc element="dc.publisher" value="Reuters Holdings Plc"/>
<dc element="dc.date.published" value="1997-04-29"/>
<dc element="dc.source" value="Reuters"/>
<dc element="dc.creator.location" value="OKLAHOMA CITY"/>
<dc element="dc.creator.location.country.name" value="USA"/>
<dc element="dc.source" value="Reuters"/>
</metadata>
</newsitem>
