<?xml version="1.0" encoding="iso-8859-1" ?>
<newsitem itemid="545667" id="root" date="1997-04-29" xml:lang="en">
<title>USA: Masco sees record 1997 sales, earnings.</title>
<headline>Masco sees record 1997 sales, earnings.</headline>
<dateline>TAYLOR, Mich. 1997-04-29</dateline>
<text>
<p>Masco Corp Chairman Richard Manoogian said the company can achieve record sales and earnings from continuing operations in 1997 if the economy continues to grow at a moderate rate.</p>
<p>The maker of building and home improvement products, best known for its Delta and Peerless faucets and Merillat and KraftMaid cabinetry reported a 35 percent increase in first quarter net income to $83.5 million, or $0.52 a share, from $62 million, or $0.39 a share, a year earlier.  </p>
<p>Masco said its 1997 first quarter earnings benefitted from increased product sales and interest income from proceeds of the 1996 divestiture of the home furnishings business, M.</p>
<p>&quot;Our improved first quarter performance reflects our focus on our core businesses to generate sales and earnings growth both internally and through acquisitions,&quot; Manoogian said in a statement.</p>
<p>&quot;We also continue to emphasize cost containment to enhance profitability,&quot; Manoogian said. &quot;We remain committed to increasing shareholder value, and if the economy continues to grow at a moderate rate, we expect to achieve record sales and earnings from continuing operations for the full year 1997.&quot;</p>
<p>Aided by recent acquisitions, Masco said its Kitchen and Bath Products Segment sales increased 14 percent in the first quarter of 1997 to $679 million from $596 million a year earlier.</p>
<p>First quarter sales of the Other Specialty Products Segment were $175 million in 1997, an increase of only four percent over net sales of $168 million in 1996, primarily because the strength of the U.S. dollar against European currencies adversely affected the translation of European sales into dollars.</p>
</text>
<copyright>(c) Reuters Limited 1997</copyright>
<metadata>
<codes class="bip:countries:1.0">
  <code code="USA">
    <editdetail attribution="Reuters BIP Coding Group" action="confirmed" date="1997-04-29"/>
  </code>
</codes>
<codes class="bip:industries:1.0">
  <code code="I31000">
    <editdetail attribution="Reuters BIP Coding Group" action="confirmed" date="1997-04-29"/>
  </code>
</codes>
<codes class="bip:topics:1.0">
  <code code="C15">
    <editdetail attribution="Reuters BIP Coding Group" action="confirmed" date="1997-04-29"/>
  </code>
  <code code="C152">
    <editdetail attribution="Reuters BIP Coding Group" action="confirmed" date="1997-04-29"/>
  </code>
  <code code="CCAT">
    <editdetail attribution="Reuters BIP Coding Group" action="confirmed" date="1997-04-29"/>
  </code>
</codes>
<dc element="dc.date.created" value="1997-04-29"/>
<dc element="dc.publisher" value="Reuters Holdings Plc"/>
<dc element="dc.date.published" value="1997-04-29"/>
<dc element="dc.source" value="Reuters"/>
<dc element="dc.creator.location" value="TAYLOR, Mich."/>
<dc element="dc.creator.location.country.name" value="USA"/>
<dc element="dc.source" value="Reuters"/>
</metadata>
</newsitem>
