<?xml version="1.0" encoding="iso-8859-1" ?>
<newsitem itemid="545662" id="root" date="1997-04-29" xml:lang="en">
<title>USA: Robinson Nugent Inc Q3 March 31 net rises.</title>
<headline>Robinson Nugent Inc Q3 March 31 net rises.</headline>
<dateline>NEW ALBANY, Ind. 1997-04-29</dateline>
<text>
<p>March 31, 1997</p>
<p>			 (In thousands except per share data)</p>
<p>				Three Months Ended  Nine Months Ended</p>
<p>				3/31/97     3/31/96  3/31/97  3/31/96</p>
<p> Sales			 $21,651    $21,178  $62,874  $61,725</p>
<p> Gross profit		  5,177	4,744   14,152   14,277</p>
<p> GP%			     23.9%	22.4%    22.5%    23.1%</p>
<p>Selling, general and</p>
<p>  administrative expenses  3,786	3,952   11,464   11,738</p>
<p> Pretax income		 1,418	  796    2,608    2,205</p>
<p> Net income			939	  332    1,479    1,076</p>
<p> Net income per share	  .19	  .06	.30	.20</p>
<p>Weighted average shares</p>
<p>  outstanding		  4,903	5,414    4,906    5,433</p>
<p>((Chicago newsdesk, 312-408-8787))</p>
</text>
<copyright>(c) Reuters Limited 1997</copyright>
<metadata>
<codes class="bip:countries:1.0">
  <code code="USA">
    <editdetail attribution="Reuters BIP Coding Group" action="confirmed" date="1997-04-29"/>
  </code>
</codes>
<codes class="bip:industries:1.0">
  <code code="I34440">
    <editdetail attribution="Reuters BIP Coding Group" action="confirmed" date="1997-04-29"/>
  </code>
</codes>
<codes class="bip:topics:1.0">
  <code code="C15">
    <editdetail attribution="Reuters BIP Coding Group" action="confirmed" date="1997-04-29"/>
  </code>
  <code code="C151">
    <editdetail attribution="Reuters BIP Coding Group" action="confirmed" date="1997-04-29"/>
  </code>
  <code code="CCAT">
    <editdetail attribution="Reuters BIP Coding Group" action="confirmed" date="1997-04-29"/>
  </code>
</codes>
<dc element="dc.date.created" value="1997-04-29"/>
<dc element="dc.publisher" value="Reuters Holdings Plc"/>
<dc element="dc.date.published" value="1997-04-29"/>
<dc element="dc.source" value="Reuters"/>
<dc element="dc.creator.location" value="NEW ALBANY, Ind."/>
<dc element="dc.creator.location.country.name" value="USA"/>
<dc element="dc.source" value="Reuters"/>
</metadata>
</newsitem>
