<?xml version="1.0" encoding="iso-8859-1" ?>
<newsitem itemid="545686" id="root" date="1997-04-29" xml:lang="en">
<title>USA: Lamar Advertising Co Q1 shr rises.</title>
<headline>Lamar Advertising Co Q1 shr rises.</headline>
<dateline>BATON ROUGE, La. 1997-04-29</dateline>
<text>
<p>Three Months Ended</p>
<p>							  March 31</p>
<p>						1997	1996  % Increase</p>
<p> Net Revenue			     $37.8     $27.8    36.0%</p>
<p> Operating Cash Flow (EBITDA)	 15.1	 9.6    57.3%</p>
<p> Oper. Cash Flow Margin %		40%	 34%</p>
<p> Net Earnings				1.3	 1.0    30.0%</p>
<p> Earnings Per Common Share	    0.04	0.03</p>
<p>Weighted average common shares outstanding</p>
<p>						31.7	26.9</p>
<p>(in millions excecpt earnings per share)</p>
</text>
<copyright>(c) Reuters Limited 1997</copyright>
<metadata>
<codes class="bip:countries:1.0">
  <code code="USA">
    <editdetail attribution="Reuters BIP Coding Group" action="confirmed" date="1997-04-29"/>
  </code>
</codes>
<codes class="bip:industries:1.0">
  <code code="I83800">
    <editdetail attribution="Reuters BIP Coding Group" action="confirmed" date="1997-04-29"/>
  </code>
</codes>
<codes class="bip:topics:1.0">
  <code code="C15">
    <editdetail attribution="Reuters BIP Coding Group" action="confirmed" date="1997-04-29"/>
  </code>
  <code code="C151">
    <editdetail attribution="Reuters BIP Coding Group" action="confirmed" date="1997-04-29"/>
  </code>
  <code code="CCAT">
    <editdetail attribution="Reuters BIP Coding Group" action="confirmed" date="1997-04-29"/>
  </code>
</codes>
<dc element="dc.date.created" value="1997-04-29"/>
<dc element="dc.publisher" value="Reuters Holdings Plc"/>
<dc element="dc.date.published" value="1997-04-29"/>
<dc element="dc.source" value="Reuters"/>
<dc element="dc.creator.location" value="BATON ROUGE, La."/>
<dc element="dc.creator.location.country.name" value="USA"/>
<dc element="dc.source" value="Reuters"/>
</metadata>
</newsitem>
