<?xml version="1.0" encoding="iso-8859-1" ?>
<newsitem itemid="545675" id="root" date="1997-04-29" xml:lang="en">
<title>USA: Monarch Bancorp, SC Bancorp to merge.</title>
<headline>Monarch Bancorp, SC Bancorp to merge.</headline>
<dateline>LOS ANGELES 1997-04-29</dateline>
<text>
<p>Monarch Bancorp and SC Bancorp signed a definitive merger agreement, subject to regulatory approval and shareholders of both companies.</p>
<p>Under terms of the deal, each SC Bancorp shareholder would get about 3.8 shares of Monarch Bancorp.</p>
<p>The merger would create the largest bank headquartered in Orange County California with $1.4 billion in assets.</p>
</text>
<copyright>(c) Reuters Limited 1997</copyright>
<metadata>
<codes class="bip:countries:1.0">
  <code code="USA">
    <editdetail attribution="Reuters BIP Coding Group" action="confirmed" date="1997-04-29"/>
  </code>
</codes>
<codes class="bip:industries:1.0">
  <code code="I81402">
    <editdetail attribution="Reuters BIP Coding Group" action="confirmed" date="1997-04-29"/>
  </code>
</codes>
<codes class="bip:topics:1.0">
  <code code="C18">
    <editdetail attribution="Reuters BIP Coding Group" action="confirmed" date="1997-04-29"/>
  </code>
  <code code="C181">
    <editdetail attribution="Reuters BIP Coding Group" action="confirmed" date="1997-04-29"/>
  </code>
  <code code="CCAT">
    <editdetail attribution="Reuters BIP Coding Group" action="confirmed" date="1997-04-29"/>
  </code>
</codes>
<dc element="dc.date.created" value="1997-04-29"/>
<dc element="dc.publisher" value="Reuters Holdings Plc"/>
<dc element="dc.date.published" value="1997-04-29"/>
<dc element="dc.source" value="Reuters"/>
<dc element="dc.creator.location" value="LOS ANGELES"/>
<dc element="dc.creator.location.country.name" value="USA"/>
<dc element="dc.source" value="Reuters"/>
</metadata>
</newsitem>
