<?xml version="1.0" encoding="iso-8859-1" ?>
<newsitem itemid="545679" id="root" date="1997-04-29" xml:lang="en">
<title>USA: Luxottica Group SpA Q1 net rises.</title>
<headline>Luxottica Group SpA Q1 net rises.</headline>
<dateline>NEW YORK 1997-04-29</dateline>
<text>
<p>1997			1996</p>
<p> ADS			  $0.85		    $0.77</p>
<p> Net			 38,289		   34,741</p>
<p> Revs		     418,674		  409,940</p>
<p> Avg shrs		  44,930		   44,930</p>
<p>(All data above 000s except per share numbers)</p>
<p>NOTE: All results in U.S. dollars. Q1 exchange rate $1.00 =1,637.8 lire in 1997. 1996 Q1 exchange rate $1.00 = 1,573.4 lire.</p>
</text>
<copyright>(c) Reuters Limited 1997</copyright>
<metadata>
<codes class="bip:countries:1.0">
  <code code="USA">
    <editdetail attribution="Reuters BIP Coding Group" action="confirmed" date="1997-04-29"/>
  </code>
</codes>
<codes class="bip:industries:1.0">
  <code code="I37300">
    <editdetail attribution="Reuters BIP Coding Group" action="confirmed" date="1997-04-29"/>
  </code>
</codes>
<codes class="bip:topics:1.0">
  <code code="C15">
    <editdetail attribution="Reuters BIP Coding Group" action="confirmed" date="1997-04-29"/>
  </code>
  <code code="C151">
    <editdetail attribution="Reuters BIP Coding Group" action="confirmed" date="1997-04-29"/>
  </code>
  <code code="CCAT">
    <editdetail attribution="Reuters BIP Coding Group" action="confirmed" date="1997-04-29"/>
  </code>
</codes>
<dc element="dc.date.created" value="1997-04-29"/>
<dc element="dc.publisher" value="Reuters Holdings Plc"/>
<dc element="dc.date.published" value="1997-04-29"/>
<dc element="dc.source" value="Reuters"/>
<dc element="dc.creator.location" value="NEW YORK"/>
<dc element="dc.creator.location.country.name" value="USA"/>
<dc element="dc.source" value="Reuters"/>
</metadata>
</newsitem>
