<?xml version="1.0" encoding="iso-8859-1" ?>
<newsitem itemid="545624" id="root" date="1997-04-29" xml:lang="en">
<title>USA: RESEARCH ALERT - Network General cut.</title>
<headline>RESEARCH ALERT - Network General cut.</headline>
<text>
<p>-- Cowen &amp; Co analyst Chris Stix said Tuesday he had downgraded his rating for Network General Corp to buy from strong buy.</p>
<p>-- Stix told Reuters he had cut the rating because of rising expenses.</p>
<p>-- &quot;Basically you have lower earnings and lower earnings growth,&quot; he said. He reduced his 12-month price target for the stock to $27 from $38.</p>
<p>-- Shares in the Menlo Park, Calif.- based maker of computer networking products were down 4-1/2 to 13-3/8.</p>
<p>((--Ian Simpson, Wall Street desk, (212) 859-1879))</p>
</text>
<copyright>(c) Reuters Limited 1997</copyright>
<metadata>
<codes class="bip:countries:1.0">
  <code code="USA">
    <editdetail attribution="Reuters BIP Coding Group" action="confirmed" date="1997-04-29"/>
  </code>
</codes>
<codes class="bip:industries:1.0">
  <code code="I33030">
    <editdetail attribution="Reuters BIP Coding Group" action="confirmed" date="1997-04-29"/>
  </code>
</codes>
<codes class="bip:topics:1.0">
  <code code="C15">
    <editdetail attribution="Reuters BIP Coding Group" action="confirmed" date="1997-04-29"/>
  </code>
  <code code="C152">
    <editdetail attribution="Reuters BIP Coding Group" action="confirmed" date="1997-04-29"/>
  </code>
  <code code="CCAT">
    <editdetail attribution="Reuters BIP Coding Group" action="confirmed" date="1997-04-29"/>
  </code>
</codes>
<dc element="dc.publisher" value="Reuters Holdings Plc"/>
<dc element="dc.date.published" value="1997-04-29"/>
<dc element="dc.source" value="Reuters"/>
<dc element="dc.creator.location.country.name" value="USA"/>
<dc element="dc.source" value="Reuters"/>
</metadata>
</newsitem>
