<?xml version="1.0" encoding="iso-8859-1" ?>
<newsitem itemid="545691" id="root" date="1997-04-29" xml:lang="en">
<title>USA: Vesta Insurance Group Inc Q1 net rise.</title>
<headline>Vesta Insurance Group Inc Q1 net rise.</headline>
<dateline>BIRMINGHAM, Ala. 1997-04-29</dateline>
<text>
<p>(dollars in millions, except per share amounts)</p>
<p>    Three Months Ended March 31,		  1997	 1996</p>
<p>Income Statement Data:</p>
<p> Gross premiums written			    $203.8    $194.5</p>
<p> Net premiums written				 131.3     152.5</p>
<p> Net premiums earned				  125.6     145.1</p>
<p> Total revenue					  132.1     150.1</p>
<p> Net income						12.6	10.5</p>
</text>
<copyright>(c) Reuters Limited 1997</copyright>
<metadata>
<codes class="bip:countries:1.0">
  <code code="USA">
    <editdetail attribution="Reuters BIP Coding Group" action="confirmed" date="1997-04-29"/>
  </code>
</codes>
<codes class="bip:industries:1.0">
  <code code="I82000">
    <editdetail attribution="Reuters BIP Coding Group" action="confirmed" date="1997-04-29"/>
  </code>
</codes>
<codes class="bip:topics:1.0">
  <code code="C15">
    <editdetail attribution="Reuters BIP Coding Group" action="confirmed" date="1997-04-29"/>
  </code>
  <code code="C151">
    <editdetail attribution="Reuters BIP Coding Group" action="confirmed" date="1997-04-29"/>
  </code>
  <code code="CCAT">
    <editdetail attribution="Reuters BIP Coding Group" action="confirmed" date="1997-04-29"/>
  </code>
</codes>
<dc element="dc.date.created" value="1997-04-29"/>
<dc element="dc.publisher" value="Reuters Holdings Plc"/>
<dc element="dc.date.published" value="1997-04-29"/>
<dc element="dc.source" value="Reuters"/>
<dc element="dc.creator.location" value="BIRMINGHAM, Ala."/>
<dc element="dc.creator.location.country.name" value="USA"/>
<dc element="dc.source" value="Reuters"/>
</metadata>
</newsitem>
