<?xml version="1.0" encoding="iso-8859-1" ?>
<newsitem itemid="545600" id="root" date="1997-04-29" xml:lang="en">
<title>CANADA: DBRS says confirms Brascan, Edper.</title>
<headline>DBRS says confirms Brascan, Edper.</headline>
<dateline>TORONTO 1997-04-29</dateline>
<text>
<p>Dominion Bond Rating Service said on Tuesday that it confirmed its ratings for the debt of Brascan Ltd and the Edper Group Ltd after they said earlier today they planned to merge to create Edper Brascan Corp.</p>
<p>The Toronto-based ratings agency said it confirmed Brascan's senior debt ratings at BBB (high), preferred shares at Pfd-3 and commercial paper at R-1 low, all with a stable trend.</p>
<p>Dominion Bond also said it confirmed Edper's senior notes and debentures as well as medium-term notes at BBB with a positive trend, subordinated notes and debentures at BBB (low) with a positive trend, preferred shares at Pfd-3 with a stable trend and commercial paper at R-1 (low) with a stable trend.</p>
<p>The ratings agency said the merger would not change effective control of Edper and that Brascan would remain a separate entity for the near future.</p>
<p>&quot;Although from an equity perspective this transaction could be viewed as a combination of interests, Brascan for the time being will remain a separate legal entity,&quot; DBRS said in a statement. &quot;Brascan's own capital structure will not change, except that Brascan's preferred shareholders will be offered equivalent securities in Edper.&quot;</p>
<p>((Reuters Toronto Bureau 416 941-8100))</p>
</text>
<copyright>(c) Reuters Limited 1997</copyright>
<metadata>
<codes class="bip:countries:1.0">
  <code code="CANA">
    <editdetail attribution="Reuters BIP Coding Group" action="confirmed" date="1997-04-29"/>
  </code>
</codes>
<codes class="bip:industries:1.0">
  <code code="I83960">
    <editdetail attribution="Reuters BIP Coding Group" action="confirmed" date="1997-04-29"/>
  </code>
</codes>
<codes class="bip:topics:1.0">
  <code code="C17">
    <editdetail attribution="Reuters BIP Coding Group" action="confirmed" date="1997-04-29"/>
  </code>
  <code code="C174">
    <editdetail attribution="Reuters BIP Coding Group" action="confirmed" date="1997-04-29"/>
  </code>
  <code code="C18">
    <editdetail attribution="Reuters BIP Coding Group" action="confirmed" date="1997-04-29"/>
  </code>
  <code code="C181">
    <editdetail attribution="Reuters BIP Coding Group" action="confirmed" date="1997-04-29"/>
  </code>
  <code code="CCAT">
    <editdetail attribution="Reuters BIP Coding Group" action="confirmed" date="1997-04-29"/>
  </code>
</codes>
<dc element="dc.date.created" value="1997-04-29"/>
<dc element="dc.publisher" value="Reuters Holdings Plc"/>
<dc element="dc.date.published" value="1997-04-29"/>
<dc element="dc.source" value="Reuters"/>
<dc element="dc.creator.location" value="TORONTO"/>
<dc element="dc.creator.location.country.name" value="CANADA"/>
<dc element="dc.source" value="Reuters"/>
</metadata>
</newsitem>
