<?xml version="1.0" encoding="iso-8859-1" ?>
<newsitem itemid="545698" id="root" date="1997-04-29" xml:lang="en">
<title>USA: Boston Scientific Q1 net profit vs loss.</title>
<headline>Boston Scientific Q1 net profit vs loss.</headline>
<dateline>NATICK, Mass 1997-04-29</dateline>
<text>
<p>1997			1996</p>
<p> Shr  profit     $0.40	   loss   $0.01</p>
<p> Net  profit     72,609	  loss   991</p>
<p> Sales	     399,176		  322,383</p>
<p> Avg shrs	  183,663		  177,052</p>
<p>(All data above 000s except per share numbers)</p>
<p>NOTES: Q1 1996 includes purchased research and development and other special charges totalling $68.7 million for two acquisitions, ($66.5 million net-of-tax).</p>
<p>FUll company name is Boston Scientific Corp.</p>
</text>
<copyright>(c) Reuters Limited 1997</copyright>
<metadata>
<codes class="bip:countries:1.0">
  <code code="USA">
    <editdetail attribution="Reuters BIP Coding Group" action="confirmed" date="1997-04-29"/>
  </code>
</codes>
<codes class="bip:industries:1.0">
  <code code="I37200">
    <editdetail attribution="Reuters BIP Coding Group" action="confirmed" date="1997-04-29"/>
  </code>
</codes>
<codes class="bip:topics:1.0">
  <code code="C15">
    <editdetail attribution="Reuters BIP Coding Group" action="confirmed" date="1997-04-29"/>
  </code>
  <code code="C151">
    <editdetail attribution="Reuters BIP Coding Group" action="confirmed" date="1997-04-29"/>
  </code>
  <code code="CCAT">
    <editdetail attribution="Reuters BIP Coding Group" action="confirmed" date="1997-04-29"/>
  </code>
</codes>
<dc element="dc.date.created" value="1997-04-29"/>
<dc element="dc.publisher" value="Reuters Holdings Plc"/>
<dc element="dc.date.published" value="1997-04-29"/>
<dc element="dc.source" value="Reuters"/>
<dc element="dc.creator.location" value="NATICK, Mass"/>
<dc element="dc.creator.location.country.name" value="USA"/>
<dc element="dc.source" value="Reuters"/>
</metadata>
</newsitem>
