<?xml version="1.0" encoding="iso-8859-1" ?>
<newsitem itemid="545655" id="root" date="1997-04-29" xml:lang="en">
<title>USA: Argosy president Norton removed from post.</title>
<headline>Argosy president Norton removed from post.</headline>
<dateline>ALTON, Ill. 1997-04-29</dateline>
<text>
<p>Argosy Gaming Co said Tuesday it has removed president and chief operating officer from that post.</p>
<p>Also, the company said chief financial officer Joseph Uram has resigned to pursue other interests.</p>
<p>The staff moves come about a week after James Perry assumed the role of chief executive officer, the riverboat casino operator said.  </p>
<p>The company and Norton are discussing any future role he might serve, Argosy said.</p>
<p>Argosy is in the midst of a transition from a new jurisdiction casino development company to an operations company, an Argosy spokesman said.</p>
<p>Perry said in a news release that he expects to fill the position of vice president of operations in the near future.</p>
<p>Argosy shares closed up 1/8 at 3-1/2 Tuesday.</p>
<p>((Chicago newsdesk, 312-408-8787))</p>
</text>
<copyright>(c) Reuters Limited 1997</copyright>
<metadata>
<codes class="bip:countries:1.0">
  <code code="USA">
    <editdetail attribution="Reuters BIP Coding Group" action="confirmed" date="1997-04-29"/>
  </code>
</codes>
<codes class="bip:industries:1.0">
  <code code="I97912">
    <editdetail attribution="Reuters BIP Coding Group" action="confirmed" date="1997-04-29"/>
  </code>
</codes>
<codes class="bip:topics:1.0">
  <code code="C41">
    <editdetail attribution="Reuters BIP Coding Group" action="confirmed" date="1997-04-29"/>
  </code>
  <code code="C411">
    <editdetail attribution="Reuters BIP Coding Group" action="confirmed" date="1997-04-29"/>
  </code>
  <code code="CCAT">
    <editdetail attribution="Reuters BIP Coding Group" action="confirmed" date="1997-04-29"/>
  </code>
</codes>
<dc element="dc.date.created" value="1997-04-29"/>
<dc element="dc.publisher" value="Reuters Holdings Plc"/>
<dc element="dc.date.published" value="1997-04-29"/>
<dc element="dc.source" value="Reuters"/>
<dc element="dc.creator.location" value="ALTON, Ill."/>
<dc element="dc.creator.location.country.name" value="USA"/>
<dc element="dc.source" value="Reuters"/>
</metadata>
</newsitem>
