<?xml version="1.0" encoding="iso-8859-1" ?>
<newsitem itemid="545645" id="root" date="1997-04-29" xml:lang="en">
<title>USA: Summit Bancshares Inc  Q1 shr rises.</title>
<headline>Summit Bancshares Inc  Q1 shr rises.</headline>
<dateline>OAKLAND, Calif. 1997-04-29</dateline>
<text>
<p>March 31, 1997     Q1    March 31, 1996</p>
<p> Shr			  $0.82		    $0.71</p>
<p> Net			    382			327</p>
<p>(All data above 000s except per share numbers)</p>
<p>NOTE: Assets at March 31, 1997 totaled $94.5 million vs $86.6 million one year ago.</p>
</text>
<copyright>(c) Reuters Limited 1997</copyright>
<metadata>
<codes class="bip:countries:1.0">
  <code code="USA">
    <editdetail attribution="Reuters BIP Coding Group" action="confirmed" date="1997-04-29"/>
  </code>
</codes>
<codes class="bip:industries:1.0">
  <code code="I81402">
    <editdetail attribution="Reuters BIP Coding Group" action="confirmed" date="1997-04-29"/>
  </code>
</codes>
<codes class="bip:topics:1.0">
  <code code="C15">
    <editdetail attribution="Reuters BIP Coding Group" action="confirmed" date="1997-04-29"/>
  </code>
  <code code="C151">
    <editdetail attribution="Reuters BIP Coding Group" action="confirmed" date="1997-04-29"/>
  </code>
  <code code="CCAT">
    <editdetail attribution="Reuters BIP Coding Group" action="confirmed" date="1997-04-29"/>
  </code>
</codes>
<dc element="dc.date.created" value="1997-04-29"/>
<dc element="dc.publisher" value="Reuters Holdings Plc"/>
<dc element="dc.date.published" value="1997-04-29"/>
<dc element="dc.source" value="Reuters"/>
<dc element="dc.creator.location" value="OAKLAND, Calif."/>
<dc element="dc.creator.location.country.name" value="USA"/>
<dc element="dc.source" value="Reuters"/>
</metadata>
</newsitem>
