<?xml version="1.0" encoding="iso-8859-1" ?>
<newsitem itemid="545665" id="root" date="1997-04-29" xml:lang="en">
<title>USA: Western Resources files $550 million shelf.</title>
<headline>Western Resources files $550 million shelf.</headline>
<dateline>WASHINGTON 1997-04-29</dateline>
<text>
<p>Western Resources Inc filed Tuesday with the Securities and Exchange Commission a shelf registation to sell up to $550 million in first mortgage bonds and debt securities.</p>
<p>When combined with a previous registration, Western Resources will have up to $750 million in bonds and securities available for sale.  </p>
<p>The offering will be made through Dillon, Read &amp; Co Inc, Salomon Brothers Inc, Prudential Securities Inc, Smith Barney Inc and Oppenheimer &amp; Co Inc.</p>
<p>Net proceeds will be used for repayment of short-term debt, the company said.</p>
<p>Western Resources, based in Topeka, Kansas, is principally in the production, purchase, transmission, distribution and sale of electricity, and the delivery and sale of natural gas and electronic security services.</p>
</text>
<copyright>(c) Reuters Limited 1997</copyright>
<metadata>
<codes class="bip:countries:1.0">
  <code code="USA">
    <editdetail attribution="Reuters BIP Coding Group" action="confirmed" date="1997-04-29"/>
  </code>
</codes>
<codes class="bip:industries:1.0">
  <code code="I16100">
    <editdetail attribution="Reuters BIP Coding Group" action="confirmed" date="1997-04-29"/>
  </code>
</codes>
<codes class="bip:topics:1.0">
  <code code="C17">
    <editdetail attribution="Reuters BIP Coding Group" action="confirmed" date="1997-04-29"/>
  </code>
  <code code="C172">
    <editdetail attribution="Reuters BIP Coding Group" action="confirmed" date="1997-04-29"/>
  </code>
  <code code="CCAT">
    <editdetail attribution="Reuters BIP Coding Group" action="confirmed" date="1997-04-29"/>
  </code>
</codes>
<dc element="dc.date.created" value="1997-04-29"/>
<dc element="dc.publisher" value="Reuters Holdings Plc"/>
<dc element="dc.date.published" value="1997-04-29"/>
<dc element="dc.source" value="Reuters"/>
<dc element="dc.creator.location" value="WASHINGTON"/>
<dc element="dc.creator.location.country.name" value="USA"/>
<dc element="dc.source" value="Reuters"/>
</metadata>
</newsitem>
