<?xml version="1.0" encoding="iso-8859-1" ?>
<newsitem itemid="545663" id="root" date="1997-04-29" xml:lang="en">
<title>USA: NYC Council wants to curb tobacco ads near schools.</title>
<headline>NYC Council wants to curb tobacco ads near schools.</headline>
<dateline>NEW YORK 1997-04-29</dateline>
<text>
<p>The New York City Council, one of the first to restrict smoking in restaurants and workplaces, plans to unveil a bill on Wednesday that would curb tobacco advertising near schools.</p>
<p>The measure would restrict advertising and promotion of tobacco products within 1,000 feet of schools and other places where children gather, the council said in a statement.</p>
<p>&quot;This is a logical extension of the council's campaign to use the power of law to educate people about the dangers of smoking,&quot; City Council Speaker Peter Vallone said in a statement released on Tuesday by his spokeswoman.  </p>
<p>&quot;We have to get children to understand what we didn't know or understand when we were their age,&quot; said Vallone, who will formally announce the bill at a news conference on Wednesday.</p>
<p>Mary Carnovale, a spokeswoman for Philip Morris Cos Inc, said the New York-based maker of Marlboro and other cigarettes had not been given a chance to review the bill, but she said its initial reaction was not favorable.</p>
<p>&quot;It appears the proposal goes far beyond the issue of youth access to severely restricting the rights of manufacturers and storeowners to truthfully advertize a legal product,&quot; she said.  </p>
<p>She declined to say whether the company would fight the proposed restrictions, saying only: &quot;Phillip Morris believes the key to reducing youth smoking lies in restricting access, not commercial free speech.&quot;</p>
<p>Since April 1995, New York City has sharply limited smoking in restaurants, workplaces and other public areas.</p>
<p>The speaker, a Democrat running for re-election, is seen as potential candidate in next year's gubernatorial race. The new bill would have to be approved by Republican Mayor Rudolph Giuliani. The mayor's spokeswoman had no immediate comment.</p>
<p>The Supreme Court has declined to hear a challenge to a Baltimore law that banned cigarette and liquor ads on many billboards.</p>
<p>((--Joan Gralla, 212-859-1654))</p>
</text>
<copyright>(c) Reuters Limited 1997</copyright>
<metadata>
<codes class="bip:countries:1.0">
  <code code="USA">
    <editdetail attribution="Reuters BIP Coding Group" action="confirmed" date="1997-04-29"/>
  </code>
</codes>
<codes class="bip:industries:1.0">
  <code code="I42900">
    <editdetail attribution="Reuters BIP Coding Group" action="confirmed" date="1997-04-29"/>
  </code>
</codes>
<codes class="bip:topics:1.0">
  <code code="C13">
    <editdetail attribution="Reuters BIP Coding Group" action="confirmed" date="1997-04-29"/>
  </code>
  <code code="C32">
    <editdetail attribution="Reuters BIP Coding Group" action="confirmed" date="1997-04-29"/>
  </code>
  <code code="CCAT">
    <editdetail attribution="Reuters BIP Coding Group" action="confirmed" date="1997-04-29"/>
  </code>
  <code code="GCAT">
    <editdetail attribution="Reuters BIP Coding Group" action="confirmed" date="1997-04-29"/>
  </code>
  <code code="GHEA">
    <editdetail attribution="Reuters BIP Coding Group" action="confirmed" date="1997-04-29"/>
  </code>
</codes>
<dc element="dc.date.created" value="1997-04-29"/>
<dc element="dc.publisher" value="Reuters Holdings Plc"/>
<dc element="dc.date.published" value="1997-04-29"/>
<dc element="dc.source" value="Reuters"/>
<dc element="dc.creator.location" value="NEW YORK"/>
<dc element="dc.creator.location.country.name" value="USA"/>
<dc element="dc.source" value="Reuters"/>
</metadata>
</newsitem>
