<?xml version="1.0" encoding="iso-8859-1" ?>
<newsitem itemid="545661" id="root" date="1997-04-29" xml:lang="en">
<title>USA: White House official meets anti-tobacco negotiator.</title>
<headline>White House official meets anti-tobacco negotiator.</headline>
<dateline>WASHINGTON 1997-04-29</dateline>
<text>
<p>A senior White House official met Tuesday with Mississippi Attorney General Michael Moore, a key negotiator in settlement talks between anti-smoking forces and tobacco companies.</p>
<p>White House deputy counsel Bruce Lindsey received an update on the settlement talks from Moore, said a White House official who asked to remain unidentified.</p>
<p>Talks between top industry executives, states and a scattering of anti-tobacco forces began about two weeks ago concerning a settlement of suits by 22 states.  </p>
<p>The parties are probably going to meet again later this week, the White House official said.</p>
<p>The industry has been considering paying as much as a reported $300 billion over 25 years into a compensation fund for smokers who fall sick with lung cancer and other diseases. In return, the industry would get broad shelter from lawsuits.</p>
<p>President Bill Clinton on Sunday left open the possibility he could endorse a deal protecting tobacco companies from being sued by smokers whose health has been damaged.  </p>
<p>&quot;I think we ought to see what kind of agreement they come up with and let me submit it to the public health experts and see what they say,&quot; Clinton said in an interview on CBS's &quot;Face the Nation.&quot;</p>
<p>Clinton is closely monitoring the settlement talks to ensure that politically risky steps he took to increase federal oversight of the industry are protected.</p>
<p>Last year he gave broad powers to the federal Food and Drug Administration by approving its contention that nicotine is a drug. That position underpins the FDA's effort to regulate the industry and limit advertising it considers to be aimed at persuading young people to smoke.</p>
<p>The tobacco industry is fighting that regulatory effort in court, but there have been reports that the industry negotiators were considering dropping their challenge.</p>
<p>Last Friday, a federal judge in Greensboro, N.C., ruled the FDA can regulate sales and labeling of cigarettes, but that it had no authority over advertising.</p>
</text>
<copyright>(c) Reuters Limited 1997</copyright>
<metadata>
<codes class="bip:countries:1.0">
  <code code="USA">
    <editdetail attribution="Reuters BIP Coding Group" action="confirmed" date="1997-04-29"/>
  </code>
</codes>
<codes class="bip:industries:1.0">
  <code code="I42900">
    <editdetail attribution="Reuters BIP Coding Group" action="confirmed" date="1997-04-29"/>
  </code>
</codes>
<codes class="bip:topics:1.0">
  <code code="C12">
    <editdetail attribution="Reuters BIP Coding Group" action="confirmed" date="1997-04-29"/>
  </code>
  <code code="C13">
    <editdetail attribution="Reuters BIP Coding Group" action="confirmed" date="1997-04-29"/>
  </code>
  <code code="CCAT">
    <editdetail attribution="Reuters BIP Coding Group" action="confirmed" date="1997-04-29"/>
  </code>
  <code code="GCAT">
    <editdetail attribution="Reuters BIP Coding Group" action="confirmed" date="1997-04-29"/>
  </code>
  <code code="GCRIM">
    <editdetail attribution="Reuters BIP Coding Group" action="confirmed" date="1997-04-29"/>
  </code>
  <code code="GHEA">
    <editdetail attribution="Reuters BIP Coding Group" action="confirmed" date="1997-04-29"/>
  </code>
  <code code="GPOL">
    <editdetail attribution="Reuters BIP Coding Group" action="confirmed" date="1997-04-29"/>
  </code>
</codes>
<dc element="dc.date.created" value="1997-04-29"/>
<dc element="dc.publisher" value="Reuters Holdings Plc"/>
<dc element="dc.date.published" value="1997-04-29"/>
<dc element="dc.source" value="Reuters"/>
<dc element="dc.creator.location" value="WASHINGTON"/>
<dc element="dc.creator.location.country.name" value="USA"/>
<dc element="dc.source" value="Reuters"/>
</metadata>
</newsitem>
