<?xml version="1.0" encoding="iso-8859-1" ?>
<newsitem itemid="545615" id="root" date="1997-04-29" xml:lang="en">
<title>USA: Pages sees revs rising for fall season.</title>
<headline>Pages sees revs rising for fall season.</headline>
<dateline>ST. PETERSBURG 1997-04-29</dateline>
<text>
<p>Pages Inc, a publisher of leisure books and textbooks, said Tuesday it expects its revenues to increase &quot;substantially&quot; for the fall season as it benefits from its Corporate and Good Book fairs.</p>
<p>S. Robert Davis, chairman, made the forecast as the company reported revenues for the first quarter dipping to $7.1 million from $9.5 million in the comparable quarter last year.</p>
<p>The company said it posted a net loss of $239,626 or $0.04 for the quarter, compared with a net income of $3.57 million or $0.62 in the similar period in 1996.  </p>
<p>Davis said Pages has implemented several initiatives intended to significantly improve the company's long-term performance.</p>
<p>&quot;We are very encouraged by initial results from these actions, including the reduction in operating loss on lower revenues for the most recent quarter, he said.</p>
<p>The company noted that income for the first quarter of 1997 included a non-cash reduction of expense of $431,287 to record the current value of stock appreciation rights issued in 1996.</p>
<p>At the same time, income for the first quarter of 1996 includes recognition of a $3.3 million  gain from the sale of the company's United Kingdom distribution channel.</p>
<p>Also included in the income for the 1996 quarter was a $994,664 increase in income from cumulative effect of a change in accounting principle in connection with the discontinued operations of CA Short Co, it said.</p>
</text>
<copyright>(c) Reuters Limited 1997</copyright>
<metadata>
<codes class="bip:countries:1.0">
  <code code="USA">
    <editdetail attribution="Reuters BIP Coding Group" action="confirmed" date="1997-04-29"/>
  </code>
</codes>
<codes class="bip:industries:1.0">
  <code code="I47530">
    <editdetail attribution="Reuters BIP Coding Group" action="confirmed" date="1997-04-29"/>
  </code>
</codes>
<codes class="bip:topics:1.0">
  <code code="C15">
    <editdetail attribution="Reuters BIP Coding Group" action="confirmed" date="1997-04-29"/>
  </code>
  <code code="C152">
    <editdetail attribution="Reuters BIP Coding Group" action="confirmed" date="1997-04-29"/>
  </code>
  <code code="CCAT">
    <editdetail attribution="Reuters BIP Coding Group" action="confirmed" date="1997-04-29"/>
  </code>
</codes>
<dc element="dc.date.created" value="1997-04-29"/>
<dc element="dc.publisher" value="Reuters Holdings Plc"/>
<dc element="dc.date.published" value="1997-04-29"/>
<dc element="dc.source" value="Reuters"/>
<dc element="dc.creator.location" value="ST. PETERSBURG"/>
<dc element="dc.creator.location.country.name" value="USA"/>
<dc element="dc.source" value="Reuters"/>
</metadata>
</newsitem>
