<?xml version="1.0" encoding="iso-8859-1" ?>
<newsitem itemid="545628" id="root" date="1997-04-29" xml:lang="en">
<title>USA: RESEARCH ALERT - Akzo Nobel cut.</title>
<headline>RESEARCH ALERT - Akzo Nobel cut.</headline>
<text>
<p>-- Deutsche Morgan Grenfell analysts Michael Stone, Isabel Brandt and John Van de Graaff have cut their rating for Dutch chemical group Akzo Nobel NV to hold from buy.</p>
<p>-- They wrote in an April 28 report that they had made the downgrade because of &quot;disappointing&quot; first quarter results.</p>
<p>-- &quot;We are reducing our earnings estimates, by seven percent for the current year and by 12 percent for 1998, to reflect a more cautious view on pharmaceuticals and fibers.&quot;</p>
<p>-- The company's American Depositary Receipts were up 1/2 to 64-3/8 in New York.</p>
<p>((--Ian Simpson, Wall Street desk, (212) 859-1879))</p>
</text>
<copyright>(c) Reuters Limited 1997</copyright>
<metadata>
<codes class="bip:countries:1.0">
  <code code="NETH">
    <editdetail attribution="Reuters BIP Coding Group" action="confirmed" date="1997-04-29"/>
  </code>
  <code code="USA">
    <editdetail attribution="Reuters BIP Coding Group" action="confirmed" date="1997-04-29"/>
  </code>
</codes>
<codes class="bip:industries:1.0">
  <code code="I25000">
    <editdetail attribution="Reuters BIP Coding Group" action="confirmed" date="1997-04-29"/>
  </code>
</codes>
<codes class="bip:topics:1.0">
  <code code="C15">
    <editdetail attribution="Reuters BIP Coding Group" action="confirmed" date="1997-04-29"/>
  </code>
  <code code="C152">
    <editdetail attribution="Reuters BIP Coding Group" action="confirmed" date="1997-04-29"/>
  </code>
  <code code="CCAT">
    <editdetail attribution="Reuters BIP Coding Group" action="confirmed" date="1997-04-29"/>
  </code>
</codes>
<dc element="dc.publisher" value="Reuters Holdings Plc"/>
<dc element="dc.date.published" value="1997-04-29"/>
<dc element="dc.source" value="Reuters"/>
<dc element="dc.creator.location.country.name" value="USA"/>
<dc element="dc.source" value="Reuters"/>
</metadata>
</newsitem>
