<?xml version="1.0" encoding="iso-8859-1" ?>
<newsitem itemid="545676" id="root" date="1997-04-29" xml:lang="en">
<title>USA: ChiRex Inc Q1 oper shr $0.05 vs $0.11.</title>
<headline>ChiRex Inc Q1 oper shr $0.05 vs $0.11.</headline>
<dateline>WELLESLEY, Mass 1997-04-29</dateline>
<text>
<p>(In thousands, except per share amounts)</p>
<p>						   For the Quarters Ended</p>
<p>								 March 31,</p>
<p>							    1996	1997</p>
<p> Core Sales					  $10,482    $17,350</p>
<p> Non-Core Sales					4,184	1,947</p>
<p> Acetaminophen					 7,822	6,987</p>
<p>     Total Sales				    22,488     26,284</p>
<p> License and royalties				 323	  222</p>
<p>     Total Revenues				 22,811     26,506</p>
<p> Cost of sales				    (17,991)   (20,591)</p>
<p> Gross Profit					  4,820	5,915</p>
<p>		  Gross Margin			 21.1%	22.3%</p>
<p> Selling, general and administrative	 (1,789)    (2,294)</p>
<p> Research and development			  (993)    (1,187)</p>
<p> Operating profit				    2,038	2,434</p>
<p>		   % of Revenue			 8.9%	 9.2%</p>
<p> Goodwill						 (60)	(291)</p>
<p> EBIT						    1,978	2,143</p>
<p> Interest						(726)	(134)</p>
<p> Profit before tax				   1,252	2,009</p>
<p> Tax						     (431)	(811)</p>
<p> Profit after tax					821	1,198</p>
<p> Dividends					     (216)	  ---</p>
<p>	     Net income				  605	1,198</p>
<p> EBITDA						  3,830	4,707</p>
<p>		   %of Revenue			 16.8%	17.8%</p>
<p> Fully diluted shares outstanding	     11,245     11,189</p>
<p> Earnings per share				   0.05	 0.11</p>
<p> Total non-recurring charges		  (11,527)	  ---</p>
<p>Net income (adjusted for non-recurring</p>
<p>     charges)				    ( 10,922)	1,198</p>
<p>Earnings per share (adjusted for</p>
<p>     non-recurring charges)		    ( 0.97)	 0.11</p>
</text>
<copyright>(c) Reuters Limited 1997</copyright>
<metadata>
<codes class="bip:countries:1.0">
  <code code="USA">
    <editdetail attribution="Reuters BIP Coding Group" action="confirmed" date="1997-04-29"/>
  </code>
</codes>
<codes class="bip:industries:1.0">
  <code code="I25700">
    <editdetail attribution="Reuters BIP Coding Group" action="confirmed" date="1997-04-29"/>
  </code>
</codes>
<codes class="bip:topics:1.0">
  <code code="C15">
    <editdetail attribution="Reuters BIP Coding Group" action="confirmed" date="1997-04-29"/>
  </code>
  <code code="C151">
    <editdetail attribution="Reuters BIP Coding Group" action="confirmed" date="1997-04-29"/>
  </code>
  <code code="CCAT">
    <editdetail attribution="Reuters BIP Coding Group" action="confirmed" date="1997-04-29"/>
  </code>
</codes>
<dc element="dc.date.created" value="1997-04-29"/>
<dc element="dc.publisher" value="Reuters Holdings Plc"/>
<dc element="dc.date.published" value="1997-04-29"/>
<dc element="dc.source" value="Reuters"/>
<dc element="dc.creator.location" value="WELLESLEY, Mass"/>
<dc element="dc.creator.location.country.name" value="USA"/>
<dc element="dc.source" value="Reuters"/>
</metadata>
</newsitem>
