<?xml version="1.0" encoding="iso-8859-1" ?>
<newsitem itemid="545630" id="root" date="1997-04-29" xml:lang="en">
<title>USA: TCI mulls new stock tied to performance.</title>
<headline>TCI mulls new stock tied to performance.</headline>
<dateline>ENGLEWOOD, Colo 1997-04-29</dateline>
<text>
<p>Tele-Communications Inc said Tuesday evening that it is considering the creation of a new series of its common stock intended to reflect the performance of TCI Group's international and non-cable assets.</p>
<p>The company said that to do this, it is considering amending the recently approved Telephony Group tracking stock to expand that group to track such assets.</p>
<p>The assets would include @Home, Tele-Communications International Inc, United Video Satellite and others, TCI said.</p>
<p>A statement from the company said that the tracking stock may be issued through an exchange offer whereby the company's shareholders would have the opportunity to exchange their TCI Group stock for tracking stock of the new group.</p>
<p>Calls to TCI offices in Colorado were not immediately returned Tuesday evening.  </p>
<p>In the same statement, the cable giant also said it plans to roll out a basic digital product to 75 to 90 percent of its homes passed by the end of 1997.</p>
<p>It said that beginning in May, it would launch its basic digital product with an additional 40 video channels and 14 audio channels.</p>
<p>It would fund said the upgrade and roll-out of digital TV with internally generated funds.</p>
</text>
<copyright>(c) Reuters Limited 1997</copyright>
<metadata>
<codes class="bip:countries:1.0">
  <code code="USA">
    <editdetail attribution="Reuters BIP Coding Group" action="confirmed" date="1997-04-29"/>
  </code>
</codes>
<codes class="bip:industries:1.0">
  <code code="I97400">
    <editdetail attribution="Reuters BIP Coding Group" action="confirmed" date="1997-04-29"/>
  </code>
</codes>
<codes class="bip:topics:1.0">
  <code code="C17">
    <editdetail attribution="Reuters BIP Coding Group" action="confirmed" date="1997-04-29"/>
  </code>
  <code code="C171">
    <editdetail attribution="Reuters BIP Coding Group" action="confirmed" date="1997-04-29"/>
  </code>
  <code code="CCAT">
    <editdetail attribution="Reuters BIP Coding Group" action="confirmed" date="1997-04-29"/>
  </code>
</codes>
<dc element="dc.date.created" value="1997-04-29"/>
<dc element="dc.publisher" value="Reuters Holdings Plc"/>
<dc element="dc.date.published" value="1997-04-29"/>
<dc element="dc.source" value="Reuters"/>
<dc element="dc.creator.location" value="ENGLEWOOD, Colo"/>
<dc element="dc.creator.location.country.name" value="USA"/>
<dc element="dc.source" value="Reuters"/>
</metadata>
</newsitem>
