<?xml version="1.0" encoding="iso-8859-1" ?>
<newsitem itemid="545688" id="root" date="1997-04-29" xml:lang="en">
<title>USA: April U.S. vehicle sales seen held back by strikes.</title>
<headline>April U.S. vehicle sales seen held back by strikes.</headline>
<byline>David Lawder</byline>
<dateline>DETROIT 1997-04-29</dateline>
<text>
<p>Strikes at Chrysler Corp and General Motors Corp contributed to softer U.S. retail car and truck sales in April, but the walkouts will probably take a bigger bite out of May sales, analysts said on Tuesday.</p>
<p>Chrysler dealers in April sold down their inventories of Jeep Grand Cherokee sport utility vehicles and Dodge Ram and Dakota pickup trucks, the vehicles most affected by a 19-day strike at the automaker's Mound Road engine plant in Detroit.  </p>
<p>Together, the Chrysler strike and walkouts at two GM plants reduced industry  sales for April by about 25,000 to 30,000 vehicles, said Chris Cedergren, an automotive consultant with Nextrend Inc in Thousand Oaks, Calif.</p>
<p>&quot;We're seeing the beginnings of the strike effect on sales,&quot; Cedergren said. &quot;The real impact is going to be in the month of May, especially if the strikes continue into the middle of the month.&quot;</p>
<p>He estimated May sales could decline by more than 100,000 units if the strikes extend into the second half of the month.  </p>
<p>Analysts surveyed by Reuters expect automakers to report April U.S. car and light-truck sales at a seasonally adjusted annual rate of 14.7 million to 15 million units, well below the March pace of 15.8 million. The April 1996 sales rate was about 15.1 million.</p>
<p>GM and Chrysler are expected to report results on Thursday, while Ford Motor Co will release its sales on Monday, May 5.  </p>
<p>Burnham Securities analyst David Healy said he expected Chrysler truck sales to be little changed from year-ago levels at 139,800, despite the halt in production of Chrysler's most popular truck models. He forecast a 13 percent drop in Chrysler's passenger car sales.</p>
<p>The week-old strike at GM's Pontiac, Mich., truck plant has curtailed production of the automaker's popular full-size Chevrolet and GMC pickups, but GM truck sales are expected to come in about at about the same level as a year earlier.  </p>
<p>Analysts expect GM's car sales to suffer an eight percent decline, in part because a 25-day strike at GM's Oklahoma City car plant has held back the production launch of the new Chevrolet Malibu and Oldsmobile Cutlass mid-size sedans.</p>
<p>GM's car sales comparisons also were expected to suffer from slow launches of other cars and heavy sales to rental fleets in the year-ago period.</p>
<p>&quot;At this point, it appears that April's sales softness represents a pause from the first quarter's unsustainable sales pace rather than a significant decline,&quot; Healy said.  </p>
<p>Market share gains by Japanese automakers are expected to moderate in April, in part because inventories of many popular models, such as Toyota Motor Corp's new Camry, have been depleted by spring sales promotions. The Camry was the best-selling car in the United States in the first quarter.</p>
<p>&quot;The demand for the Camry is at unprecedented levels,&quot; Cedergren said. &quot;If they had more volume, they could sell it.&quot;</p>
<p>Demand by Americans for German-made cars also remains strong, with Mercedes-Benz, Bayerische Motoren-Werke AG and Volkswagen AG expected to post robust gains over year-ago sales.</p>
</text>
<copyright>(c) Reuters Limited 1997</copyright>
<metadata>
<codes class="bip:countries:1.0">
  <code code="USA">
    <editdetail attribution="Reuters BIP Coding Group" action="confirmed" date="1997-04-29"/>
  </code>
</codes>
<codes class="bip:industries:1.0">
  <code code="I35000">
    <editdetail attribution="Reuters BIP Coding Group" action="confirmed" date="1997-04-29"/>
  </code>
  <code code="I35101">
    <editdetail attribution="Reuters BIP Coding Group" action="confirmed" date="1997-04-29"/>
  </code>
  <code code="I35102">
    <editdetail attribution="Reuters BIP Coding Group" action="confirmed" date="1997-04-29"/>
  </code>
</codes>
<codes class="bip:topics:1.0">
  <code code="C31">
    <editdetail attribution="Reuters BIP Coding Group" action="confirmed" date="1997-04-29"/>
  </code>
  <code code="C42">
    <editdetail attribution="Reuters BIP Coding Group" action="confirmed" date="1997-04-29"/>
  </code>
  <code code="CCAT">
    <editdetail attribution="Reuters BIP Coding Group" action="confirmed" date="1997-04-29"/>
  </code>
  <code code="E41">
    <editdetail attribution="Reuters BIP Coding Group" action="confirmed" date="1997-04-29"/>
  </code>
  <code code="ECAT">
    <editdetail attribution="Reuters BIP Coding Group" action="confirmed" date="1997-04-29"/>
  </code>
  <code code="GCAT">
    <editdetail attribution="Reuters BIP Coding Group" action="confirmed" date="1997-04-29"/>
  </code>
  <code code="GJOB">
    <editdetail attribution="Reuters BIP Coding Group" action="confirmed" date="1997-04-29"/>
  </code>
</codes>
<dc element="dc.date.created" value="1997-04-29"/>
<dc element="dc.publisher" value="Reuters Holdings Plc"/>
<dc element="dc.date.published" value="1997-04-29"/>
<dc element="dc.source" value="Reuters"/>
<dc element="dc.creator.location" value="DETROIT"/>
<dc element="dc.creator.location.country.name" value="USA"/>
<dc element="dc.source" value="Reuters"/>
</metadata>
</newsitem>
