<?xml version="1.0" encoding="iso-8859-1" ?>
<newsitem itemid="545670" id="root" date="1997-04-29" xml:lang="en">
<title>USA: FBL Financial Group Inc Q1 oper net rises.</title>
<headline>FBL Financial Group Inc Q1 oper net rises.</headline>
<dateline>WEST DES MOINES, Iowa 1997-04-29</dateline>
<text>
<p>1997			1996</p>
<p> Oper shr		 $  0.58		  $  0.50</p>
<p> Oper net		  11,006		    9,416</p>
<p> Revs		     128,077		   93,320</p>
<p> Avg shrs		  19,057		   23,860</p>
<p>(All data above 000s except per share numbers)  </p>
<p>NOTE: 1997 Q1 operating net reduced by $13,971,000 from adjustments for realized gains, value of insurance in force acquired, unearned revenue reserve and income taxes and a loss from FBL Ventures of $326,000.</p>
<p>1996 operating net increased by $1,000,000 from adjustments for realized gains, value of insurance in force acquired, unearned revenue reserve and income taxes; loss of $1,085,000 from FBL Ventures; and proforma adjustments of $1,316,000 from preferred dividends and foregone investment income on dividends to preferred stockholders.</p>
<p>		   ((Chicago newsdesk 312 408 8787))</p>
</text>
<copyright>(c) Reuters Limited 1997</copyright>
<metadata>
<codes class="bip:countries:1.0">
  <code code="USA">
    <editdetail attribution="Reuters BIP Coding Group" action="confirmed" date="1997-04-29"/>
  </code>
</codes>
<codes class="bip:industries:1.0">
  <code code="I82000">
    <editdetail attribution="Reuters BIP Coding Group" action="confirmed" date="1997-04-29"/>
  </code>
</codes>
<codes class="bip:topics:1.0">
  <code code="C15">
    <editdetail attribution="Reuters BIP Coding Group" action="confirmed" date="1997-04-29"/>
  </code>
  <code code="C151">
    <editdetail attribution="Reuters BIP Coding Group" action="confirmed" date="1997-04-29"/>
  </code>
  <code code="CCAT">
    <editdetail attribution="Reuters BIP Coding Group" action="confirmed" date="1997-04-29"/>
  </code>
</codes>
<dc element="dc.date.created" value="1997-04-29"/>
<dc element="dc.publisher" value="Reuters Holdings Plc"/>
<dc element="dc.date.published" value="1997-04-29"/>
<dc element="dc.source" value="Reuters"/>
<dc element="dc.creator.location" value="WEST DES MOINES, Iowa"/>
<dc element="dc.creator.location.country.name" value="USA"/>
<dc element="dc.source" value="Reuters"/>
</metadata>
</newsitem>
