<?xml version="1.0" encoding="iso-8859-1" ?>
<newsitem itemid="545644" id="root" date="1997-04-29" xml:lang="en">
<title>USA: Forte Software says its sales pipeline is strong.</title>
<headline>Forte Software says its sales pipeline is strong.</headline>
<dateline>SAN FRANCISCO 1997-04-29</dateline>
<text>
<p>Forte Software Inc's pipeline of pending sales &quot;is strong,&quot; with enough deals in the works to meet the company's projections, its chief executive officer said.</p>
<p>CEO Martin Sprinzen also said many of the pending sales are larger than past deals as more and more existing customers return to buy its software for larger scale distributed computing networks. Forte sells software development solutions for creating applications for large network systems.  </p>
<p>Speaking to the Hambrecht &amp; Quist Technology Conference, Forte executives repeated that its first quarter operating margin will dip below the fourth quarter's 15 percent by a bit more than its typical seasonal first quarter dip. But Sprinzen criticized the stock market's reaction Friday - when its stock fell 7-7/8 to close at 8-3/4 - to its comments on the margin.  </p>
<p>&quot;We are not managing the company to Wall Street expectations, we are managing for long time growth,&quot; Sprinzen told reporters. Forte expects an operating margin dip because it is investing heavily in marketing and sales, including hiring some 90 new sales people, and because of usual seasonal factors.</p>
</text>
<copyright>(c) Reuters Limited 1997</copyright>
<metadata>
<codes class="bip:countries:1.0">
  <code code="USA">
    <editdetail attribution="Reuters BIP Coding Group" action="confirmed" date="1997-04-29"/>
  </code>
</codes>
<codes class="bip:industries:1.0">
  <code code="I33020">
    <editdetail attribution="Reuters BIP Coding Group" action="confirmed" date="1997-04-29"/>
  </code>
  <code code="I3302021">
    <editdetail attribution="Reuters BIP Coding Group" action="confirmed" date="1997-04-29"/>
  </code>
</codes>
<codes class="bip:topics:1.0">
  <code code="C15">
    <editdetail attribution="Reuters BIP Coding Group" action="confirmed" date="1997-04-29"/>
  </code>
  <code code="C152">
    <editdetail attribution="Reuters BIP Coding Group" action="confirmed" date="1997-04-29"/>
  </code>
  <code code="C31">
    <editdetail attribution="Reuters BIP Coding Group" action="confirmed" date="1997-04-29"/>
  </code>
  <code code="CCAT">
    <editdetail attribution="Reuters BIP Coding Group" action="confirmed" date="1997-04-29"/>
  </code>
</codes>
<dc element="dc.date.created" value="1997-04-29"/>
<dc element="dc.publisher" value="Reuters Holdings Plc"/>
<dc element="dc.date.published" value="1997-04-29"/>
<dc element="dc.source" value="Reuters"/>
<dc element="dc.creator.location" value="SAN FRANCISCO"/>
<dc element="dc.creator.location.country.name" value="USA"/>
<dc element="dc.source" value="Reuters"/>
</metadata>
</newsitem>
