<?xml version="1.0" encoding="iso-8859-1" ?>
<newsitem itemid="545719" id="root" date="1997-04-29" xml:lang="en">
<title>USA: General Housewares Corp Q1 loss narrows.</title>
<headline>General Housewares Corp Q1 loss narrows.</headline>
<dateline>TERRE HAUTE, Ind. 1997-04-29</dateline>
<text>
<p>(Dollars in thousands except per share amounts)</p>
<p>		    Consolidated Condensed Statement of</p>
<p>			 Income and Retained Earnings</p>
<p>			    (Unaudited)</p>
<p>						     For the three months</p>
<p>							  ended March 31,</p>
<p>							   1997	 1996</p>
<p> Net sales					   $20,875    $24,602</p>
<p> Cost of goods sold				 12,270     16,963</p>
<p> Gross profit					  8,605	7,639</p>
<p>Selling, general and administrative expenses</p>
<p>							   9,095     10,747</p>
<p> Operating loss					(490)    (3,108)</p>
<p> Interest expense, net				 595	  672</p>
<p>Income loss from operations before</p>
<p>   income taxes				    (1,085)    (3,780)</p>
<p> Income taxes					  (391)    (1,551)</p>
<p> Net loss for the period			   (694)    (2,229)</p>
<p> Net loss					     (0.18)     (0.59)</p>
<p>Average Number of Common Shares Outstanding</p>
<p>						     3,807,000  3,765,000</p>
<p>((Chicago newsdesk, 312-408-8787))</p>
</text>
<copyright>(c) Reuters Limited 1997</copyright>
<metadata>
<codes class="bip:countries:1.0">
  <code code="USA">
    <editdetail attribution="Reuters BIP Coding Group" action="confirmed" date="1997-04-29"/>
  </code>
</codes>
<codes class="bip:industries:1.0">
  <code code="I22100">
    <editdetail attribution="Reuters BIP Coding Group" action="confirmed" date="1997-04-29"/>
  </code>
</codes>
<codes class="bip:topics:1.0">
  <code code="C15">
    <editdetail attribution="Reuters BIP Coding Group" action="confirmed" date="1997-04-29"/>
  </code>
  <code code="C151">
    <editdetail attribution="Reuters BIP Coding Group" action="confirmed" date="1997-04-29"/>
  </code>
  <code code="CCAT">
    <editdetail attribution="Reuters BIP Coding Group" action="confirmed" date="1997-04-29"/>
  </code>
</codes>
<dc element="dc.date.created" value="1997-04-29"/>
<dc element="dc.publisher" value="Reuters Holdings Plc"/>
<dc element="dc.date.published" value="1997-04-29"/>
<dc element="dc.source" value="Reuters"/>
<dc element="dc.creator.location" value="TERRE HAUTE, Ind."/>
<dc element="dc.creator.location.country.name" value="USA"/>
<dc element="dc.source" value="Reuters"/>
</metadata>
</newsitem>
