<?xml version="1.0" encoding="iso-8859-1" ?>
<newsitem itemid="545700" id="root" date="1997-04-29" xml:lang="en">
<title>USA: Columbia/HCA  says wins trademark lawsuit.</title>
<headline>Columbia/HCA  says wins trademark lawsuit.</headline>
<dateline>NASHVILLE, Tenn. 1997-04-29</dateline>
<text>
<p>Columbia/HCA Healthcare Corp said on Monday that a federal judge in New York had dismissed a lawsuit brought by Columbia University against the company regarding use of the name Columbia.</p>
<p>U.S. District Judge John Koeltl cited the university's own admission that it did not have exclusive rights to the name and ruled that the company's use of the name is unlikely to cause confusion or violate any other rights of the university, the company said in a statement.</p>
<p>Columbia is a healthcare service provider with more than 340 hospitals, 140 surgery centers and 570 home health locations in the United States, England, Switzerland and Spain.</p>
</text>
<copyright>(c) Reuters Limited 1997</copyright>
<metadata>
<codes class="bip:countries:1.0">
  <code code="USA">
    <editdetail attribution="Reuters BIP Coding Group" action="confirmed" date="1997-04-29"/>
  </code>
</codes>
<codes class="bip:industries:1.0">
  <code code="I95100">
    <editdetail attribution="Reuters BIP Coding Group" action="confirmed" date="1997-04-29"/>
  </code>
</codes>
<codes class="bip:topics:1.0">
  <code code="C12">
    <editdetail attribution="Reuters BIP Coding Group" action="confirmed" date="1997-04-29"/>
  </code>
  <code code="C13">
    <editdetail attribution="Reuters BIP Coding Group" action="confirmed" date="1997-04-29"/>
  </code>
  <code code="CCAT">
    <editdetail attribution="Reuters BIP Coding Group" action="confirmed" date="1997-04-29"/>
  </code>
  <code code="GCAT">
    <editdetail attribution="Reuters BIP Coding Group" action="confirmed" date="1997-04-29"/>
  </code>
  <code code="GCRIM">
    <editdetail attribution="Reuters BIP Coding Group" action="confirmed" date="1997-04-29"/>
  </code>
</codes>
<dc element="dc.date.created" value="1997-04-29"/>
<dc element="dc.publisher" value="Reuters Holdings Plc"/>
<dc element="dc.date.published" value="1997-04-29"/>
<dc element="dc.source" value="Reuters"/>
<dc element="dc.creator.location" value="NASHVILLE, Tenn."/>
<dc element="dc.creator.location.country.name" value="USA"/>
<dc element="dc.source" value="Reuters"/>
</metadata>
</newsitem>
