<?xml version="1.0" encoding="iso-8859-1" ?>
<newsitem itemid="545717" id="root" date="1997-04-29" xml:lang="en">
<title>USA: Steinway Musical Instruments Inc Q1 net.</title>
<headline>Steinway Musical Instruments Inc Q1 net.</headline>
<dateline>WALTHAM, Mass. 1997-04-29</dateline>
<text>
<p>Three Months Ended</p>
<p>					     Mar 29		  Mar 30</p>
<p>						1997		    1996</p>
<p> Net sales				$73,726		 $69,049</p>
<p>   Net income			     3,438		   1,581</p>
<p>PER SHARE DATA</p>
<p> Net income				  0.36		    0.27</p>
<p>Weighted average common and</p>
<p>common equivalent shares</p>
<p>	outstanding		   9,422,937	     5,957,127</p>
<p>((-- New York Newsdesk 212 859-1610))</p>
</text>
<copyright>(c) Reuters Limited 1997</copyright>
<metadata>
<codes class="bip:countries:1.0">
  <code code="USA">
    <editdetail attribution="Reuters BIP Coding Group" action="confirmed" date="1997-04-29"/>
  </code>
</codes>
<codes class="bip:topics:1.0">
  <code code="C15">
    <editdetail attribution="Reuters BIP Coding Group" action="confirmed" date="1997-04-29"/>
  </code>
  <code code="C151">
    <editdetail attribution="Reuters BIP Coding Group" action="confirmed" date="1997-04-29"/>
  </code>
  <code code="CCAT">
    <editdetail attribution="Reuters BIP Coding Group" action="confirmed" date="1997-04-29"/>
  </code>
</codes>
<dc element="dc.date.created" value="1997-04-29"/>
<dc element="dc.publisher" value="Reuters Holdings Plc"/>
<dc element="dc.date.published" value="1997-04-29"/>
<dc element="dc.source" value="Reuters"/>
<dc element="dc.creator.location" value="WALTHAM, Mass."/>
<dc element="dc.creator.location.country.name" value="USA"/>
<dc element="dc.source" value="Reuters"/>
</metadata>
</newsitem>
