<?xml version="1.0" encoding="iso-8859-1" ?>
<newsitem itemid="545741" id="root" date="1997-04-29" xml:lang="en">
<title>USA: Wireless One Inc Q1 shr loss widens.</title>
<headline>Wireless One Inc Q1 shr loss widens.</headline>
<dateline>BATON ROUGE, La. 1997-04-29</dateline>
<text>
<p>The First Quarter Ended</p>
<p>						     March 31, 1997</p>
<p>						3/31/97	    12/31/96</p>
<p> Cash					 $  79.0	    $  104.4</p>
<p> Other current assets			21.5		  20.8</p>
<p> Property, plant, equipment - net	99.2		  82.6</p>
<p> Other assets				 188.7		 187.8</p>
<p> Current liabilities			 22.6		  15.3</p>
<p> Other liabilities			    6.5		   6.5</p>
<p> Long-term debt			     307.5		 303.1</p>
<p> Stockholders' equity			51.8		  70.7</p>
<p> Revenues					 7.1		   1.0</p>
<p> Operating expenses			   4.9		   1.1</p>
<p> SG&amp;A					     6.1		   2.1</p>
<p> EBITDA					 (3.9)		 (2.2)</p>
<p> Depreciation and amortization	    6.3		   1.0</p>
<p> Interest expense - net		    10.3		   5.0</p>
<p> Other income				   1.6		   2.1</p>
<p> Net loss				    (18.9)		 (6.1)</p>
<p> Net loss per share			(1.12)		 (.45)</p>
<p>				 (in millions, except per share data)</p>
<p>NOTE: EBITDA reflects consolidated earnings before interest, taxes, depreciation, amortization and equity in losses of affiliate.</p>
</text>
<copyright>(c) Reuters Limited 1997</copyright>
<metadata>
<codes class="bip:countries:1.0">
  <code code="USA">
    <editdetail attribution="Reuters BIP Coding Group" action="confirmed" date="1997-04-29"/>
  </code>
</codes>
<codes class="bip:industries:1.0">
  <code code="I9741109">
    <editdetail attribution="Reuters BIP Coding Group" action="confirmed" date="1997-04-29"/>
  </code>
</codes>
<codes class="bip:topics:1.0">
  <code code="C15">
    <editdetail attribution="Reuters BIP Coding Group" action="confirmed" date="1997-04-29"/>
  </code>
  <code code="C151">
    <editdetail attribution="Reuters BIP Coding Group" action="confirmed" date="1997-04-29"/>
  </code>
  <code code="CCAT">
    <editdetail attribution="Reuters BIP Coding Group" action="confirmed" date="1997-04-29"/>
  </code>
</codes>
<dc element="dc.date.created" value="1997-04-29"/>
<dc element="dc.publisher" value="Reuters Holdings Plc"/>
<dc element="dc.date.published" value="1997-04-29"/>
<dc element="dc.source" value="Reuters"/>
<dc element="dc.creator.location" value="BATON ROUGE, La."/>
<dc element="dc.creator.location.country.name" value="USA"/>
<dc element="dc.source" value="Reuters"/>
</metadata>
</newsitem>
