<?xml version="1.0" encoding="iso-8859-1" ?>
<newsitem itemid="545796" id="root" date="1997-04-29" xml:lang="en">
<title>USA: World Access says intl products will help.</title>
<headline>World Access says intl products will help.</headline>
<dateline>ATLANTA 1997-04-29</dateline>
<text>
<p>World Access Inc said Tuesday its new proprietary international products will generate new sales and improve gross profit margins for the beginning in the second half of 1997.&quot;</p>
<p>The company said the intial target market for these products are in Latin America and the Caribbean.</p>
<p>The company said it has already begun shipping these products.</p>
<p>The company reported first quarter income of $2.6 million, or $0.15 per share, compared to $1.2 million, or $0.09 per share, for the same period a year ago.</p>
</text>
<copyright>(c) Reuters Limited 1997</copyright>
<metadata>
<codes class="bip:countries:1.0">
  <code code="USA">
    <editdetail attribution="Reuters BIP Coding Group" action="confirmed" date="1997-04-29"/>
  </code>
</codes>
<codes class="bip:industries:1.0">
  <code code="I34400">
    <editdetail attribution="Reuters BIP Coding Group" action="confirmed" date="1997-04-29"/>
  </code>
</codes>
<codes class="bip:topics:1.0">
  <code code="C22">
    <editdetail attribution="Reuters BIP Coding Group" action="confirmed" date="1997-04-29"/>
  </code>
  <code code="C31">
    <editdetail attribution="Reuters BIP Coding Group" action="confirmed" date="1997-04-29"/>
  </code>
  <code code="CCAT">
    <editdetail attribution="Reuters BIP Coding Group" action="confirmed" date="1997-04-29"/>
  </code>
</codes>
<dc element="dc.date.created" value="1997-04-29"/>
<dc element="dc.publisher" value="Reuters Holdings Plc"/>
<dc element="dc.date.published" value="1997-04-29"/>
<dc element="dc.source" value="Reuters"/>
<dc element="dc.creator.location" value="ATLANTA"/>
<dc element="dc.creator.location.country.name" value="USA"/>
<dc element="dc.source" value="Reuters"/>
</metadata>
</newsitem>
