<?xml version="1.0" encoding="iso-8859-1" ?>
<newsitem itemid="545761" id="root" date="1997-04-29" xml:lang="en">
<title>USA: US Treasuries up sharply toward close on tame data.</title>
<headline>US Treasuries up sharply toward close on tame data.</headline>
<byline>John P. Hughes</byline>
<dateline>NEW YORK 1997-04-29</dateline>
<text>
<p>U.S. Treasury securities prices were sharply higher late Tuesday as market participants breathed relief over tamer-than-expected news on inflation.</p>
<p>The Bureau of Labor Statistics reported that employment costs rose 0.6 percent in the first quarter, versus market expectations of a 0.9 percent increase. In addition, durable goods in March dropped 3.0 percent -- the largest falloff since August of last year.</p>
<p>The Treasury's benchmark 30-year bond was trading at 95-17/32 late Tuesday, up 1 18/32 to yield 6.98 percent.</p>
</text>
<copyright>(c) Reuters Limited 1997</copyright>
<metadata>
<codes class="bip:countries:1.0">
  <code code="USA">
    <editdetail attribution="Reuters BIP Coding Group" action="confirmed" date="1997-04-29"/>
  </code>
</codes>
<codes class="bip:topics:1.0">
  <code code="M12">
    <editdetail attribution="Reuters BIP Coding Group" action="confirmed" date="1997-04-29"/>
  </code>
  <code code="MCAT">
    <editdetail attribution="Reuters BIP Coding Group" action="confirmed" date="1997-04-29"/>
  </code>
</codes>
<dc element="dc.date.created" value="1997-04-29"/>
<dc element="dc.publisher" value="Reuters Holdings Plc"/>
<dc element="dc.date.published" value="1997-04-29"/>
<dc element="dc.source" value="Reuters"/>
<dc element="dc.creator.location" value="NEW YORK"/>
<dc element="dc.creator.location.country.name" value="USA"/>
<dc element="dc.source" value="Reuters"/>
</metadata>
</newsitem>
