<?xml version="1.0" encoding="iso-8859-1" ?>
<newsitem itemid="545776" id="root" date="1997-04-29" xml:lang="en">
<title>USA: IMM currency futures close lackluster day higher.</title>
<headline>IMM currency futures close lackluster day higher.</headline>
<dateline>CHICAGO 1997-04-29</dateline>
<text>
<p>IMM currency futures ended a lackluster session higher after U.S. long bond yields slipped below the key psychological seven percent level, traders and analysts said.</p>
<p>However, they expect the rally in currency futures to be short-lived.</p>
<p>&quot;The dollar is gathering its breath for another upturn,&quot; one currency futures source said.</p>
<p>He said dollar buying was heavy in the last several days, and funds and dealers who are short want to buy dollars at lower prices.  </p>
<p>He expects such buying to emerge once June marks rise to $0.5833 to $0.5837, which currently corresponds to 1.7190 to 1.7200 spot.</p>
<p>Likewise, dollar buyers will emerge once June yen rises to $0.007960, which is equivalent to 126.50 spot.</p>
<p>Several traders said a smaller than expected rise in the U.S. first-quarter employment cost index, coupled with a drop in U.S. March durable goods orders, could provide the dollar with more downside momentum in overnight trade.  </p>
<p>The employment cost index rose 0.6 percent, below average trade expectations for a 0.9 percent rise and against a 1996 fourth-quarter gain of 0.8 percent.</p>
<p>U.S. durable goods orders fell 3.0 percent, their largest decline since August 1996, compared with average trade estimates of unchanged. Goods excluding defense dropped 2.6 percent from February, compared with traders' estimates for a decline of 0.1 percent.</p>
<p>The surprisingly weak data powered U.S. bonds and stocks sharply higher and pushed the dollar lower.  </p>
<p>June pesos rallied sharply on the data. Total peso volume was estimated at 13,000 contracts, exceeding total yen volume of 10,500, traders said. Volume for June pesos and June yen was estimated at about 10,000 each.</p>
<p>Margaret Kudarauskas, senior forex analyst at Technical Data, said cash pesos rose in a relief rally on the U.S. data. She said cash pesos sold off on Monday due to fears about strong U.S. economic growth.</p>
<p>&quot;Mexican financial markets always get nervous when there is any feeling that foreign investors are disillusioned or maybe finding other rates with less risk,&quot; Kudarauskas said.  </p>
<p>June marks rose through Monday's pit high of $0.5817, as the dollar/mark broke below 1.7250 spot.</p>
<p>German Economics Minister Guenter Rexrodt's comments added to the short-term bullish sentiment in marks, traders said. Rexrodt said he expects dollar/mark volatility if doubts about European Monetary Union continue to grow.</p>
<p>At the end of pit trade, June yen was up $0.000004 at $0.007937, marks were up $0.0031 at $0.5821, Swiss francs up $0.0033 at $0.6851, sterling up $0.0072 at $1.6308, Can dollars up $0.0010 at $0.7177, and pesos up $0.000900 at $0.123300. ((DerivativesDesk(312)408-8750)) E-mail:derivatives@reuters.com</p>
</text>
<copyright>(c) Reuters Limited 1997</copyright>
<metadata>
<codes class="bip:countries:1.0">
  <code code="USA">
    <editdetail attribution="Reuters BIP Coding Group" action="confirmed" date="1997-04-29"/>
  </code>
</codes>
<codes class="bip:topics:1.0">
  <code code="M13">
    <editdetail attribution="Reuters BIP Coding Group" action="confirmed" date="1997-04-29"/>
  </code>
  <code code="M132">
    <editdetail attribution="Reuters BIP Coding Group" action="confirmed" date="1997-04-29"/>
  </code>
  <code code="MCAT">
    <editdetail attribution="Reuters BIP Coding Group" action="confirmed" date="1997-04-29"/>
  </code>
</codes>
<dc element="dc.date.created" value="1997-04-29"/>
<dc element="dc.publisher" value="Reuters Holdings Plc"/>
<dc element="dc.date.published" value="1997-04-29"/>
<dc element="dc.source" value="Reuters"/>
<dc element="dc.creator.location" value="CHICAGO"/>
<dc element="dc.creator.location.country.name" value="USA"/>
<dc element="dc.source" value="Reuters"/>
</metadata>
</newsitem>
