<?xml version="1.0" encoding="iso-8859-1" ?>
<newsitem itemid="545747" id="root" date="1997-04-29" xml:lang="en">
<title>USA: Harmon Industries Inc Q1 net falls.</title>
<headline>Harmon Industries Inc Q1 net falls.</headline>
<dateline>BLUE SPRINGS, Mo. 1997-04-29</dateline>
<text>
<p>1997			1996</p>
<p> Shr			  $0.21		    $0.30</p>
<p> Net			  1,448		    2,075</p>
<p> Revs			35,988		   38,397</p>
<p> Avg shrs		   6,869		    6,815</p>
<p>(All data above 000s except per share numbers)</p>
<p>((--Chicago newsdesk, 312-408-8787))</p>
</text>
<copyright>(c) Reuters Limited 1997</copyright>
<metadata>
<codes class="bip:countries:1.0">
  <code code="USA">
    <editdetail attribution="Reuters BIP Coding Group" action="confirmed" date="1997-04-29"/>
  </code>
</codes>
<codes class="bip:industries:1.0">
  <code code="I34400">
    <editdetail attribution="Reuters BIP Coding Group" action="confirmed" date="1997-04-29"/>
  </code>
</codes>
<codes class="bip:topics:1.0">
  <code code="C15">
    <editdetail attribution="Reuters BIP Coding Group" action="confirmed" date="1997-04-29"/>
  </code>
  <code code="C151">
    <editdetail attribution="Reuters BIP Coding Group" action="confirmed" date="1997-04-29"/>
  </code>
  <code code="CCAT">
    <editdetail attribution="Reuters BIP Coding Group" action="confirmed" date="1997-04-29"/>
  </code>
</codes>
<dc element="dc.date.created" value="1997-04-29"/>
<dc element="dc.publisher" value="Reuters Holdings Plc"/>
<dc element="dc.date.published" value="1997-04-29"/>
<dc element="dc.source" value="Reuters"/>
<dc element="dc.creator.location" value="BLUE SPRINGS, Mo."/>
<dc element="dc.creator.location.country.name" value="USA"/>
<dc element="dc.source" value="Reuters"/>
</metadata>
</newsitem>
