<?xml version="1.0" encoding="iso-8859-1" ?>
<newsitem itemid="545778" id="root" date="1997-04-29" xml:lang="en">
<title>USA: U.S. Treasury balances at Fed rose on April 28.</title>
<headline>U.S. Treasury balances at Fed rose on April 28.</headline>
<dateline>WASHINGTON 1997-04-29</dateline>
<text>
<p>U.S. Treasury balances at Federal Reserve based on Treasury Department's latest budget statement.</p>
<p>			  (BILLIONS OF DLRS)</p>
<p>				April 28	     April 25</p>
<p>Fed acct			40.327		 23.881</p>
<p>Tax/loan note acct	  37.279		 37.258</p>
<p>Cash balance		  77.607		 61.139</p>
<p>---</p>
<p>Total public debt,</p>
<p> subject to limit	5,261.300	     5,259.242</p>
<p>---</p>
<p>Treasury said individual income tax refunds valued at $5 million were issued and $90 million of corporate refunds were issued.</p>
</text>
<copyright>(c) Reuters Limited 1997</copyright>
<metadata>
<codes class="bip:countries:1.0">
  <code code="USA">
    <editdetail attribution="Reuters BIP Coding Group" action="confirmed" date="1997-04-29"/>
  </code>
</codes>
<codes class="bip:topics:1.0">
  <code code="E21">
    <editdetail attribution="Reuters BIP Coding Group" action="confirmed" date="1997-04-29"/>
  </code>
  <code code="ECAT">
    <editdetail attribution="Reuters BIP Coding Group" action="confirmed" date="1997-04-29"/>
  </code>
</codes>
<dc element="dc.date.created" value="1997-04-29"/>
<dc element="dc.publisher" value="Reuters Holdings Plc"/>
<dc element="dc.date.published" value="1997-04-29"/>
<dc element="dc.source" value="Reuters"/>
<dc element="dc.creator.location" value="WASHINGTON"/>
<dc element="dc.creator.location.country.name" value="USA"/>
<dc element="dc.source" value="Reuters"/>
</metadata>
</newsitem>
