<?xml version="1.0" encoding="iso-8859-1" ?>
<newsitem itemid="545769" id="root" date="1997-04-29" xml:lang="en">
<title>USA: Consumers Water to dispose of Applied unit.</title>
<headline>Consumers Water to dispose of Applied unit.</headline>
<dateline>PORTLAND, Maine 1997-04-29</dateline>
<text>
<p>Consumers Water Co said on Tuesday it plans to dispose of its Consumers Applied Technologies Inc (CAT) unit, an unregulated subsidiary.</p>
<p>Consumers said CAT, a technical services company with offices in Connecticut and Florida, recently completed a reorganization but failed to meet its parent's performance criteria.</p>
<p>Consumers said CAT had a first-quarter operating loss of $387,000. Consumers also took a first-quarter charge of $1.5 million to cover anticipated costs of disposing of the unit.</p>
<p>CAT will be sold, either as a whole or in pieces, or shut down if no buyers are found, the company said.</p>
<p>Consumers Water reported operating net income per share of $0.21 for the first quarter, compared to $0.22 for the same period the year before.</p>
<p>Consumers Water provides water and wastewater services to 228,000 customers though eight operating companies in the Midwest and the Northeast.</p>
</text>
<copyright>(c) Reuters Limited 1997</copyright>
<metadata>
<codes class="bip:countries:1.0">
  <code code="USA">
    <editdetail attribution="Reuters BIP Coding Group" action="confirmed" date="1997-04-29"/>
  </code>
</codes>
<codes class="bip:industries:1.0">
  <code code="I17000">
    <editdetail attribution="Reuters BIP Coding Group" action="confirmed" date="1997-04-29"/>
  </code>
</codes>
<codes class="bip:topics:1.0">
  <code code="C18">
    <editdetail attribution="Reuters BIP Coding Group" action="confirmed" date="1997-04-29"/>
  </code>
  <code code="C181">
    <editdetail attribution="Reuters BIP Coding Group" action="confirmed" date="1997-04-29"/>
  </code>
  <code code="CCAT">
    <editdetail attribution="Reuters BIP Coding Group" action="confirmed" date="1997-04-29"/>
  </code>
</codes>
<dc element="dc.date.created" value="1997-04-29"/>
<dc element="dc.publisher" value="Reuters Holdings Plc"/>
<dc element="dc.date.published" value="1997-04-29"/>
<dc element="dc.source" value="Reuters"/>
<dc element="dc.creator.location" value="PORTLAND, Maine"/>
<dc element="dc.creator.location.country.name" value="USA"/>
<dc element="dc.source" value="Reuters"/>
</metadata>
</newsitem>
