<?xml version="1.0" encoding="iso-8859-1" ?>
<newsitem itemid="545706" id="root" date="1997-04-29" xml:lang="en">
<title>USA: ILEX Oncology Q1 net loss widens.</title>
<headline>ILEX Oncology Q1 net loss widens.</headline>
<dateline>SAN ANTONIO, Texas 1997-04-29</dateline>
<text>
<p>(dollars in thousands, except per share amounts)</p>
<p>							 Three Months ended</p>
<p>								 March 31,</p>
<p>							  1997	   1996</p>
<p> TOTAL REVENUE					2,615	 1,013</p>
<p> OPERATING LOSS				     (776)	 (544)</p>
<p> NET LOSS					     (468)	 (416)</p>
<p> NET LOSS PER SHARE				 (.04)	 (.05)</p>
<p>WEIGHTED AVERAGE NUMBER OF COMMON STOCK</p>
<p>AND COMMON STOCK EQUIVALENTS OUTSTANDING</p>
<p>							 10,884	 8,220</p>
<p>NOTE: The company said it completed its intitial public offeirng on February 21, 1997.</p>
</text>
<copyright>(c) Reuters Limited 1997</copyright>
<metadata>
<codes class="bip:countries:1.0">
  <code code="USA">
    <editdetail attribution="Reuters BIP Coding Group" action="confirmed" date="1997-04-29"/>
  </code>
</codes>
<codes class="bip:industries:1.0">
  <code code="I25700">
    <editdetail attribution="Reuters BIP Coding Group" action="confirmed" date="1997-04-29"/>
  </code>
</codes>
<codes class="bip:topics:1.0">
  <code code="C15">
    <editdetail attribution="Reuters BIP Coding Group" action="confirmed" date="1997-04-29"/>
  </code>
  <code code="C151">
    <editdetail attribution="Reuters BIP Coding Group" action="confirmed" date="1997-04-29"/>
  </code>
  <code code="CCAT">
    <editdetail attribution="Reuters BIP Coding Group" action="confirmed" date="1997-04-29"/>
  </code>
</codes>
<dc element="dc.date.created" value="1997-04-29"/>
<dc element="dc.publisher" value="Reuters Holdings Plc"/>
<dc element="dc.date.published" value="1997-04-29"/>
<dc element="dc.source" value="Reuters"/>
<dc element="dc.creator.location" value="SAN ANTONIO, Texas"/>
<dc element="dc.creator.location.country.name" value="USA"/>
<dc element="dc.source" value="Reuters"/>
</metadata>
</newsitem>
