<?xml version="1.0" encoding="iso-8859-1" ?>
<newsitem itemid="545774" id="root" date="1997-04-29" xml:lang="en">
<title>USA: Barbers Hairstyling Q2 March 27 net rises.</title>
<headline>Barbers Hairstyling Q2 March 27 net rises.</headline>
<dateline>MINNEAPOLIS 1997-04-29</dateline>
<text>
<p>(In thousands, except per share data and salon numbers)</p>
<p>				 Three months ended  Six months ended</p>
<p>				     Mar 27, Mar 28,  Mar 27, Mar 28,</p>
<p>					   1997   1996	1997   1996</p>
<p> Revenues			   $ 5,584  4,363  $ 10,427  8,851</p>
<p> Operating expenses		 5,017  3,981     9,507  8,174</p>
<p> Operating income		     567    382	 920    677</p>
<p> Other income			     5     22	  29     78</p>
<p> Income before income taxes	 572    404	 949    755</p>
<p> Income taxes			   241    170	 399    317</p>
<p> Net income			     331    234	 550    438</p>
<p> Net income per share		 .12    .09	 .20    .16</p>
<p>Weighted average shares</p>
<p>    outstanding		     2,818  2,731     2,811  2,725</p>
<p>Number of salons open</p>
<p>    at end of period					 945    738</p>
<p>NOTE: Full company name is The Barbers Hairstyling for Men &amp; Women Inc.</p>
<p>((Chicago newsdesk, 312-408-8787))</p>
</text>
<copyright>(c) Reuters Limited 1997</copyright>
<metadata>
<codes class="bip:countries:1.0">
  <code code="USA">
    <editdetail attribution="Reuters BIP Coding Group" action="confirmed" date="1997-04-29"/>
  </code>
</codes>
<codes class="bip:topics:1.0">
  <code code="C15">
    <editdetail attribution="Reuters BIP Coding Group" action="confirmed" date="1997-04-29"/>
  </code>
  <code code="C151">
    <editdetail attribution="Reuters BIP Coding Group" action="confirmed" date="1997-04-29"/>
  </code>
  <code code="CCAT">
    <editdetail attribution="Reuters BIP Coding Group" action="confirmed" date="1997-04-29"/>
  </code>
</codes>
<dc element="dc.date.created" value="1997-04-29"/>
<dc element="dc.publisher" value="Reuters Holdings Plc"/>
<dc element="dc.date.published" value="1997-04-29"/>
<dc element="dc.source" value="Reuters"/>
<dc element="dc.creator.location" value="MINNEAPOLIS"/>
<dc element="dc.creator.location.country.name" value="USA"/>
<dc element="dc.source" value="Reuters"/>
</metadata>
</newsitem>
