<?xml version="1.0" encoding="iso-8859-1" ?>
<newsitem itemid="545734" id="root" date="1997-04-29" xml:lang="en">
<title>USA: Ostex officers resign.</title>
<headline>Ostex officers resign.</headline>
<dateline>SEATTLE</dateline>
<text>
<p>Ostex International Inc Tuesday announced the resignations of Chairman and Chief Executive Officer H. Raymond Cairncross and Chief Operating Officer Robert Glaser.</p>
<p>&quot;I am stepping aside because I believe it is time for new management to take the great opportunities at Ostex forward,&quot; Cairncross, who co-founded the company in 1989, said in a statement.</p>
<p>Ostex said Thomas J. Cable, an Ostex director since 1989, was elected Chairman. Bob Littauer and Jeff Miller, Ostex' Chief Financial Officer and Senior Vice President of Corporate Development, respectively, will serve in the newly-created Office of the President.</p>
<p>The company has initiated a search to fill the CEO position.</p>
</text>
<copyright>(c) Reuters Limited 1997</copyright>
<metadata>
<codes class="bip:countries:1.0">
  <code code="USA">
    <editdetail attribution="Reuters BIP Coding Group" action="confirmed" date="1997-04-29"/>
  </code>
</codes>
<codes class="bip:industries:1.0">
  <code code="I25700">
    <editdetail attribution="Reuters BIP Coding Group" action="confirmed" date="1997-04-29"/>
  </code>
</codes>
<codes class="bip:topics:1.0">
  <code code="C41">
    <editdetail attribution="Reuters BIP Coding Group" action="confirmed" date="1997-04-29"/>
  </code>
  <code code="C411">
    <editdetail attribution="Reuters BIP Coding Group" action="confirmed" date="1997-04-29"/>
  </code>
  <code code="CCAT">
    <editdetail attribution="Reuters BIP Coding Group" action="confirmed" date="1997-04-29"/>
  </code>
</codes>
<dc element="dc.publisher" value="Reuters Holdings Plc"/>
<dc element="dc.date.published" value="1997-04-29"/>
<dc element="dc.source" value="Reuters"/>
<dc element="dc.creator.location" value="SEATTLE"/>
<dc element="dc.creator.location.country.name" value="USA"/>
<dc element="dc.source" value="Reuters"/>
</metadata>
</newsitem>
