<?xml version="1.0" encoding="iso-8859-1" ?>
<newsitem itemid="545740" id="root" date="1997-04-29" xml:lang="en">
<title>USA: Cotelligent Q4 pro forma shr $0.15 vs $0.12.</title>
<headline>Cotelligent Q4 pro forma shr $0.15 vs $0.12.</headline>
<dateline>SAN FRANCISCO 1997-04-29</dateline>
<text>
<p>Summary of Earnings</p>
<p>Three Months and Year Ended March 31, 1997 and 1996</p>
<p>			     (000's Except Share Data)</p>
<p>					   Three Months Ended March 31,</p>
<p>					     1997		     1996</p>
<p> Revenues			     $41,876	     $19,878 (A)</p>
<p> Operating Income		 1,592 (B)			 834</p>
<p> Net Income			   533 (B)			 656</p>
<p> Earnings per Share		    0.05			 (C)</p>
<p>Weighted Average Shares</p>
<p>  Outstanding		     9,944,980			 (C)</p>
<p> Pro Forma Revenues		  41,876		    28,214</p>
<p> Pro Forma Operating Income	 2,507		     1,840</p>
<p> Pro Forma Net Income		 1,489		     1,031</p>
<p> Pro Forma Earnings per Share	0.15			0.12</p>
<p>Pro Forma Weighted Average Shares</p>
<p>  Outstanding		     9,944,980		 8,254,816</p>
<p>						   Year Ended March 31,</p>
<p>					     1997		     1996</p>
<p> Revenues			    $146,772	     $52,786 (A)</p>
<p> Operating Income		 7,288 (B)		     2,597</p>
<p> Net Income			 3,636 (B)		     2,518</p>
<p> Earnings per Share		    0.37			 (C)</p>
<p>Weighted Average Shares</p>
<p>  Outstanding		     9,938,399			 (C)</p>
<p> Pro Forma Revenues		 146,772		   106,101</p>
<p> Pro Forma Operating Income	10,212		     7,232</p>
<p> Pro Forma Net Income		 6,320		     4,108</p>
<p> Pro Forma Earnings per Share	0.64			0.54</p>
<p>Pro Forma Weighted Average Shares</p>
<p>  Outstanding		     9,938,399		 7,540,273</p>
<p>(A)  Excludes revenues of four companies acquired simultaneously with the closing of the Company's initial public offering (the Founding Companies).</p>
<p>(B)  After deducting $840,000 for the three months and $2.0 million for the year ended March 31, 1997, of non-recurring transactions costs incurred in connection with acquisitions accounted for as poolings of interests.</p>
<p>(C)  Historical earnings per share for the three months and year ended March 31, 1996 have not been presented as it is not considered meaningful given the results of the four Founding Companies are not included prior to the date of the Company's initial public offering.</p>
<p>Pro forma data reflect adjustments for: (i) revenues and costs associated with discontinued operations of an acquired company (fiscal 1996); (ii) compensation differentials to former owners and employees of the acquired companies (fiscal 1997 and fiscal 1996); (iii) termination of contributions to retirement plans (fiscal 1996); (iv) incremental selling, general and administrative costs associated with the Company's corporate activities (fiscal 1996); (v) removal of non-recurring transaction costs associated with certain of the acquired companies (fiscal 1997); and (vi) income taxes as if the entities were combined and subject to the effective federal and state statutory rates throughout the periods (fiscal 1997 and fiscal 1996). SOURCE  Cotelligent Group Inc.</p>
</text>
<copyright>(c) Reuters Limited 1997</copyright>
<metadata>
<codes class="bip:countries:1.0">
  <code code="USA">
    <editdetail attribution="Reuters BIP Coding Group" action="confirmed" date="1997-04-29"/>
  </code>
</codes>
<codes class="bip:industries:1.0">
  <code code="I33020">
    <editdetail attribution="Reuters BIP Coding Group" action="confirmed" date="1997-04-29"/>
  </code>
  <code code="I3302021">
    <editdetail attribution="Reuters BIP Coding Group" action="confirmed" date="1997-04-29"/>
  </code>
</codes>
<codes class="bip:topics:1.0">
  <code code="C15">
    <editdetail attribution="Reuters BIP Coding Group" action="confirmed" date="1997-04-29"/>
  </code>
  <code code="C151">
    <editdetail attribution="Reuters BIP Coding Group" action="confirmed" date="1997-04-29"/>
  </code>
  <code code="C1511">
    <editdetail attribution="Reuters BIP Coding Group" action="confirmed" date="1997-04-29"/>
  </code>
  <code code="CCAT">
    <editdetail attribution="Reuters BIP Coding Group" action="confirmed" date="1997-04-29"/>
  </code>
</codes>
<dc element="dc.date.created" value="1997-04-29"/>
<dc element="dc.publisher" value="Reuters Holdings Plc"/>
<dc element="dc.date.published" value="1997-04-29"/>
<dc element="dc.source" value="Reuters"/>
<dc element="dc.creator.location" value="SAN FRANCISCO"/>
<dc element="dc.creator.location.country.name" value="USA"/>
<dc element="dc.source" value="Reuters"/>
</metadata>
</newsitem>
