<?xml version="1.0" encoding="iso-8859-1" ?>
<newsitem itemid="545701" id="root" date="1997-04-29" xml:lang="en">
<title>USA: Crown says NLRB dismisses labor practice charges.</title>
<headline>Crown says NLRB dismisses labor practice charges.</headline>
<dateline>BALTIMORE, Md. 1997-04-29</dateline>
<text>
<p>Crown Central Petroleum said on Monday that the National Labor Relations Board for the Dallas/Fort Worth region had dismissed charges of unfair labor practices filed against the company by the Oil, Chemical and Atomic Workers International Union.</p>
<p>The charges, stemming from a lockout that began in February last year and is ongoing, included issues of bargaining in good faith, subcontracting bargaining unit work, the union's handbilling at company retail locations, and unit members' request for 401(k) plan withdrawals, Crown said.</p>
<p>&quot;We are pleased that the NLRB has dismissed the charges and refused to issue a complaint,&quot; said Crown chairman Henry Rosenberg.</p>
<p>The decision to dismiss charges may be appealed to the NLRB general counsel, the company added.</p>
</text>
<copyright>(c) Reuters Limited 1997</copyright>
<metadata>
<codes class="bip:countries:1.0">
  <code code="USA">
    <editdetail attribution="Reuters BIP Coding Group" action="confirmed" date="1997-04-29"/>
  </code>
</codes>
<codes class="bip:industries:1.0">
  <code code="I14000">
    <editdetail attribution="Reuters BIP Coding Group" action="confirmed" date="1997-04-29"/>
  </code>
</codes>
<codes class="bip:topics:1.0">
  <code code="C13">
    <editdetail attribution="Reuters BIP Coding Group" action="confirmed" date="1997-04-29"/>
  </code>
  <code code="C42">
    <editdetail attribution="Reuters BIP Coding Group" action="confirmed" date="1997-04-29"/>
  </code>
  <code code="CCAT">
    <editdetail attribution="Reuters BIP Coding Group" action="confirmed" date="1997-04-29"/>
  </code>
  <code code="E41">
    <editdetail attribution="Reuters BIP Coding Group" action="confirmed" date="1997-04-29"/>
  </code>
  <code code="ECAT">
    <editdetail attribution="Reuters BIP Coding Group" action="confirmed" date="1997-04-29"/>
  </code>
  <code code="GCAT">
    <editdetail attribution="Reuters BIP Coding Group" action="confirmed" date="1997-04-29"/>
  </code>
  <code code="GJOB">
    <editdetail attribution="Reuters BIP Coding Group" action="confirmed" date="1997-04-29"/>
  </code>
</codes>
<dc element="dc.date.created" value="1997-04-29"/>
<dc element="dc.publisher" value="Reuters Holdings Plc"/>
<dc element="dc.date.published" value="1997-04-29"/>
<dc element="dc.source" value="Reuters"/>
<dc element="dc.creator.location" value="BALTIMORE, Md."/>
<dc element="dc.creator.location.country.name" value="USA"/>
<dc element="dc.source" value="Reuters"/>
</metadata>
</newsitem>
