<?xml version="1.0" encoding="iso-8859-1" ?>
<newsitem itemid="545781" id="root" date="1997-04-29" xml:lang="en">
<title>USA: Dow surges, one-day record gain in reach.</title>
<headline>Dow surges, one-day record gain in reach.</headline>
<dateline>NEW YORK 1997-04-29</dateline>
<text>
<p>U.S. blue chips surged to session highs in late trading on Tuesday and the Dow industrials closed in on their one-day record gain.</p>
<p>At its peak, the Dow touched just shy of 6971, for a gain of 187 points on the session. If held, the rally would eclipse the blue chip average's current record rise of 186.84 points, set on October 21, 1987.</p>
<p>Shortly after reaching its intraday peak, the Dow edged back to 6962, up 179 points, which would stand as second best ever, topping a 173 point gain tallied just last Tuesday.  </p>
<p>Bonds continued to soar.  The benchmark 30-year U.S. Treasury jumped 1-18/32 to yield 6.98 percent.</p>
<p>((-- Wall Street desk, 212-859-1730))</p>
</text>
<copyright>(c) Reuters Limited 1997</copyright>
<metadata>
<codes class="bip:countries:1.0">
  <code code="USA">
    <editdetail attribution="Reuters BIP Coding Group" action="confirmed" date="1997-04-29"/>
  </code>
</codes>
<codes class="bip:topics:1.0">
  <code code="M11">
    <editdetail attribution="Reuters BIP Coding Group" action="confirmed" date="1997-04-29"/>
  </code>
  <code code="MCAT">
    <editdetail attribution="Reuters BIP Coding Group" action="confirmed" date="1997-04-29"/>
  </code>
</codes>
<dc element="dc.date.created" value="1997-04-29"/>
<dc element="dc.publisher" value="Reuters Holdings Plc"/>
<dc element="dc.date.published" value="1997-04-29"/>
<dc element="dc.source" value="Reuters"/>
<dc element="dc.creator.location" value="NEW YORK"/>
<dc element="dc.creator.location.country.name" value="USA"/>
<dc element="dc.source" value="Reuters"/>
</metadata>
</newsitem>
