<?xml version="1.0" encoding="iso-8859-1" ?>
<newsitem itemid="545742" id="root" date="1997-04-29" xml:lang="en">
<title>USA: University Bancorp Inc Q1 profit vs loss.</title>
<headline>University Bancorp Inc Q1 profit vs loss.</headline>
<dateline>ANN ARBOR, Mich. 1997-04-29</dateline>
<text>
<p>For the Quarter</p>
<p>								Ended</p>
<p>							 March 31,</p>
<p> (in 000s, except per share info)	 1997	     1996</p>
<p> Net interest income			   $362	    $121</p>
<p> Provision for loan losses		     23		12</p>
<p>Profit from equity investment</p>
<p>   in Michigan BIDCO				5		20</p>
<p> Total securities gains (losses)	   (22)		87</p>
<p> Total other income			   1,528	     267</p>
<p> Total other expense			  1,671	     848</p>
<p> Income before income tax		     179	   (365)</p>
<p> Income tax (benefit)			    54	   (128)</p>
<p> Net income					 125	   (237)</p>
<p> Per share, primary			    0.10	  (0.19)</p>
<p>Average shares</p>
<p>    outstanding				 1,227	   1,248</p>
<p> Period-end assets			   72,220	  78,361</p>
<p>((Chicago newsdesk, 312-408-8787))</p>
</text>
<copyright>(c) Reuters Limited 1997</copyright>
<metadata>
<codes class="bip:countries:1.0">
  <code code="USA">
    <editdetail attribution="Reuters BIP Coding Group" action="confirmed" date="1997-04-29"/>
  </code>
</codes>
<codes class="bip:industries:1.0">
  <code code="I81402">
    <editdetail attribution="Reuters BIP Coding Group" action="confirmed" date="1997-04-29"/>
  </code>
</codes>
<codes class="bip:topics:1.0">
  <code code="C15">
    <editdetail attribution="Reuters BIP Coding Group" action="confirmed" date="1997-04-29"/>
  </code>
  <code code="C151">
    <editdetail attribution="Reuters BIP Coding Group" action="confirmed" date="1997-04-29"/>
  </code>
  <code code="CCAT">
    <editdetail attribution="Reuters BIP Coding Group" action="confirmed" date="1997-04-29"/>
  </code>
</codes>
<dc element="dc.date.created" value="1997-04-29"/>
<dc element="dc.publisher" value="Reuters Holdings Plc"/>
<dc element="dc.date.published" value="1997-04-29"/>
<dc element="dc.source" value="Reuters"/>
<dc element="dc.creator.location" value="ANN ARBOR, Mich."/>
<dc element="dc.creator.location.country.name" value="USA"/>
<dc element="dc.source" value="Reuters"/>
</metadata>
</newsitem>
