<?xml version="1.0" encoding="iso-8859-1" ?>
<newsitem itemid="545752" id="root" date="1997-04-29" xml:lang="en">
<title>USA: Borland Q4 shr loss $1.15 after charge.</title>
<headline>Borland Q4 shr loss $1.15 after charge.</headline>
<dateline>SCOTTS VALLEY, Calif. 1997-04-29</dateline>
<text>
<p>BORLAND INTERNATIONAL INC</p>
<p>		  CONDENSED CONSOLIDATED STATEMENTS OF OPERATIONS</p>
<p>	     (in thousands, except per share data, unaudited)</p>
<p>							   Three Months</p>
<p>							   Ended March 31,</p>
<p>						     1997		1996</p>
<p> Net Revenues				$ 37,167	  $ 70,462</p>
<p> Cost of revenues			     6,031	     9,983</p>
<p> Gross profit				  31,136	    60,479</p>
<p> Selling, general and administrative   37,495	    38,457</p>
<p> Research and development		  13,276	    15,493</p>
<p>     Total continuing expenses	   50,771	    53,950</p>
<p> Restructuring charges			5,976		  --</p>
<p> Other non-recurring charges	     17,100		  --</p>
<p>Total restructuring and other</p>
<p>   non-recurring charges		   23,076		  --</p>
<p>     Total operating expenses	    73,847	    53,950</p>
<p> Operating profit (loss)		 (42,711)	     6,529</p>
<p> Interest income, net and other	     576	     1,510</p>
<p> Income (loss) before income taxes   (42,135)	     8,039</p>
<p> Income tax provision			   340	     1,082</p>
<p> Net income (loss)			 (42,475)	     6,957</p>
<p>Net income (loss) per common</p>
<p>  and common equivalent share	    (1.15)		0.18</p>
<p>Weighted average number of common and</p>
<p>common equivalent shares outstanding</p>
<p>						   37,006	    38,294</p>
<p>				 BORLAND INTERNATIONAL INC</p>
<p>		  CONDENSED CONSOLIDATED STATEMENTS OF OPERATIONS</p>
<p>	     (in thousands, except per share data, unaudited)</p>
<p>						    Years Ended March 31,</p>
<p>						    1997		 1996</p>
<p> Net Revenues			    $  151,376	$  245,087</p>
<p> Cost of revenues			    29,450	    38,157</p>
<p> Gross profit				 121,926	   206,930</p>
<p> Selling, general and administrative  143,289	   141,744</p>
<p> Research and development		  55,173	    50,714</p>
<p>     Total continuing expenses	  198,462	   192,458</p>
<p>Restructuring and acquisition charges</p>
<p>						   18,944		 679</p>
<p> Other non-recurring charges	     17,100		  --</p>
<p>Total restructuring and</p>
<p>	 other non-recurring charges     36,044		 679</p>
<p>     Total operating expenses	   234,506	   193,137</p>
<p> Operating profit (loss)		(112,580)	    13,793</p>
<p> Interest income, net and other	   5,137	     4,221</p>
<p> Income (loss) before income taxes  (107,443)	    18,014</p>
<p> Income tax provision (benefit)	     517	     3,295</p>
<p> Net income (loss)			(107,960)	    14,719</p>
<p>Net income (loss) per common and</p>
<p>  common equivalent share		  (2.96)		0.40</p>
<p>Weighted average number of common and</p>
<p>common equivalent shares outstanding</p>
<p>						   36,512	    37,167</p>
</text>
<copyright>(c) Reuters Limited 1997</copyright>
<metadata>
<codes class="bip:countries:1.0">
  <code code="USA">
    <editdetail attribution="Reuters BIP Coding Group" action="confirmed" date="1997-04-29"/>
  </code>
</codes>
<codes class="bip:industries:1.0">
  <code code="I33020">
    <editdetail attribution="Reuters BIP Coding Group" action="confirmed" date="1997-04-29"/>
  </code>
  <code code="I3302021">
    <editdetail attribution="Reuters BIP Coding Group" action="confirmed" date="1997-04-29"/>
  </code>
</codes>
<codes class="bip:topics:1.0">
  <code code="C15">
    <editdetail attribution="Reuters BIP Coding Group" action="confirmed" date="1997-04-29"/>
  </code>
  <code code="C151">
    <editdetail attribution="Reuters BIP Coding Group" action="confirmed" date="1997-04-29"/>
  </code>
  <code code="C1511">
    <editdetail attribution="Reuters BIP Coding Group" action="confirmed" date="1997-04-29"/>
  </code>
  <code code="CCAT">
    <editdetail attribution="Reuters BIP Coding Group" action="confirmed" date="1997-04-29"/>
  </code>
</codes>
<dc element="dc.date.created" value="1997-04-29"/>
<dc element="dc.publisher" value="Reuters Holdings Plc"/>
<dc element="dc.date.published" value="1997-04-29"/>
<dc element="dc.source" value="Reuters"/>
<dc element="dc.creator.location" value="SCOTTS VALLEY, Calif."/>
<dc element="dc.creator.location.country.name" value="USA"/>
<dc element="dc.source" value="Reuters"/>
</metadata>
</newsitem>
