<?xml version="1.0" encoding="iso-8859-1" ?>
<newsitem itemid="545779" id="root" date="1997-04-29" xml:lang="en">
<title>USA: Citadel Computer approves stock redemption.</title>
<headline>Citadel Computer approves stock redemption.</headline>
<dateline>DALLAS, Texas 1997-04-29</dateline>
<text>
<p>Citadel Computer Systems Inc said on Tuesday that its directors had authorized the company to spend up to $1.5 million to redeem all or a portion of its convertible redeemable debentures and Series B convertible preferred stock.</p>
<p>The company also said it had completed a private placement of $500,000 of 8 percent convertible redeemable debentures.</p>
<p>Under the terms of the securities, Citadel has notified holders of its interest to redeem debentures in the amount of $300,000 in principal value plus accrued interest submitted for conversion, the company said.</p>
<p>The company also announced that it had entered into a letter of intent with Institutional Investors Consulting Co, an investment banking group, to obtain additional debt financing to pursue the redemption program.</p>
<p>Citadel Computer Systems develops and markets computer software products.</p>
</text>
<copyright>(c) Reuters Limited 1997</copyright>
<metadata>
<codes class="bip:countries:1.0">
  <code code="USA">
    <editdetail attribution="Reuters BIP Coding Group" action="confirmed" date="1997-04-29"/>
  </code>
</codes>
<codes class="bip:industries:1.0">
  <code code="I33030">
    <editdetail attribution="Reuters BIP Coding Group" action="confirmed" date="1997-04-29"/>
  </code>
</codes>
<codes class="bip:topics:1.0">
  <code code="C17">
    <editdetail attribution="Reuters BIP Coding Group" action="confirmed" date="1997-04-29"/>
  </code>
  <code code="C171">
    <editdetail attribution="Reuters BIP Coding Group" action="confirmed" date="1997-04-29"/>
  </code>
  <code code="C172">
    <editdetail attribution="Reuters BIP Coding Group" action="confirmed" date="1997-04-29"/>
  </code>
  <code code="CCAT">
    <editdetail attribution="Reuters BIP Coding Group" action="confirmed" date="1997-04-29"/>
  </code>
</codes>
<dc element="dc.date.created" value="1997-04-29"/>
<dc element="dc.publisher" value="Reuters Holdings Plc"/>
<dc element="dc.date.published" value="1997-04-29"/>
<dc element="dc.source" value="Reuters"/>
<dc element="dc.creator.location" value="DALLAS, Texas"/>
<dc element="dc.creator.location.country.name" value="USA"/>
<dc element="dc.source" value="Reuters"/>
</metadata>
</newsitem>
