<?xml version="1.0" encoding="iso-8859-1" ?>
<newsitem itemid="545748" id="root" date="1997-04-29" xml:lang="en">
<title>USA: International Imaging Q4 shr $0.29 vs $0.34.</title>
<headline>International Imaging Q4 shr $0.29 vs $0.34.</headline>
<dateline>AMHERST, N.Y. 1997-04-29</dateline>
<text>
<p>1997			1996</p>
<p> Net shr		    $0.29		     0.34</p>
<p> Net			  2,555		    2,994</p>
<p> Revs			27,310		   24,206</p>
<p> Avg shrs		   8,900		    8,904</p>
<p>	  Year ended March 31		    March 31</p>
<p> Net shr		    $1.26		    $1.07</p>
<p> Net			 11,296		    9,903</p>
<p> Revs		     106,894		   88,448</p>
<p> Avg shrs		   8,967		    9,224</p>
<p>(All data above 000s except per share numbers)</p>
<p>Note: The company's full name is International Imaging Materials Inc.</p>
</text>
<copyright>(c) Reuters Limited 1997</copyright>
<metadata>
<codes class="bip:countries:1.0">
  <code code="USA">
    <editdetail attribution="Reuters BIP Coding Group" action="confirmed" date="1997-04-29"/>
  </code>
</codes>
<codes class="bip:industries:1.0">
  <code code="I33010">
    <editdetail attribution="Reuters BIP Coding Group" action="confirmed" date="1997-04-29"/>
  </code>
</codes>
<codes class="bip:topics:1.0">
  <code code="C15">
    <editdetail attribution="Reuters BIP Coding Group" action="confirmed" date="1997-04-29"/>
  </code>
  <code code="C151">
    <editdetail attribution="Reuters BIP Coding Group" action="confirmed" date="1997-04-29"/>
  </code>
  <code code="C1511">
    <editdetail attribution="Reuters BIP Coding Group" action="confirmed" date="1997-04-29"/>
  </code>
  <code code="CCAT">
    <editdetail attribution="Reuters BIP Coding Group" action="confirmed" date="1997-04-29"/>
  </code>
</codes>
<dc element="dc.date.created" value="1997-04-29"/>
<dc element="dc.publisher" value="Reuters Holdings Plc"/>
<dc element="dc.date.published" value="1997-04-29"/>
<dc element="dc.source" value="Reuters"/>
<dc element="dc.creator.location" value="AMHERST, N.Y."/>
<dc element="dc.creator.location.country.name" value="USA"/>
<dc element="dc.source" value="Reuters"/>
</metadata>
</newsitem>
