<?xml version="1.0" encoding="iso-8859-1" ?>
<newsitem itemid="545731" id="root" date="1997-04-29" xml:lang="en">
<title>USA: CyberCash Q1 shr loss $0.86 vs loss $0.72.</title>
<headline>CyberCash Q1 shr loss $0.86 vs loss $0.72.</headline>
<dateline>RESTON, Va. 1997-04-29</dateline>
<text>
<p>1997			1996</p>
<p> Shr loss		 $  0.86     loss     $  0.72</p>
<p> Net loss		   9,208     loss	 4,615</p>
<p> Revs			   155			 22</p>
<p> Avg shrs		  10,731		    6,443</p>
<p>Note: Full name of company is Cybercash Inc.</p>
</text>
<copyright>(c) Reuters Limited 1997</copyright>
<metadata>
<codes class="bip:countries:1.0">
  <code code="USA">
    <editdetail attribution="Reuters BIP Coding Group" action="confirmed" date="1997-04-29"/>
  </code>
</codes>
<codes class="bip:industries:1.0">
  <code code="I33030">
    <editdetail attribution="Reuters BIP Coding Group" action="confirmed" date="1997-04-29"/>
  </code>
</codes>
<codes class="bip:topics:1.0">
  <code code="C15">
    <editdetail attribution="Reuters BIP Coding Group" action="confirmed" date="1997-04-29"/>
  </code>
  <code code="C151">
    <editdetail attribution="Reuters BIP Coding Group" action="confirmed" date="1997-04-29"/>
  </code>
  <code code="CCAT">
    <editdetail attribution="Reuters BIP Coding Group" action="confirmed" date="1997-04-29"/>
  </code>
</codes>
<dc element="dc.date.created" value="1997-04-29"/>
<dc element="dc.publisher" value="Reuters Holdings Plc"/>
<dc element="dc.date.published" value="1997-04-29"/>
<dc element="dc.source" value="Reuters"/>
<dc element="dc.creator.location" value="RESTON, Va."/>
<dc element="dc.creator.location.country.name" value="USA"/>
<dc element="dc.source" value="Reuters"/>
</metadata>
</newsitem>
