<?xml version="1.0" encoding="iso-8859-1" ?>
<newsitem itemid="545784" id="root" date="1997-04-29" xml:lang="en">
<title>USA: Blessings Corp Q1 shr $0.23 vs $0.22.</title>
<headline>Blessings Corp Q1 shr $0.23 vs $0.22.</headline>
<dateline>NEWPORT NEWS, Va. 1997-04-29</dateline>
<text>
<p>FINANCIAL HIGHLIGHTS</p>
<p>						   3 Mos		3 Mos</p>
<p>						  Ended		Ended</p>
<p>					  Mar 31, 1997     Mar 31, 1996</p>
<p> Net sales			     $45,076,700	$39,533,300</p>
<p>Earnings from operations before</p>
<p>provision for taxes on income</p>
<p>    and minority interest	    5,114,300	  5,831,000</p>
<p> Taxes on income			 2,018,700	  2,719,100</p>
<p>Minority interest in net income of</p>
<p>    subsidiary			     798,700	    875,200</p>
<p> Net earnings			    2,296,900	  2,236,700</p>
<p> Net earnings per share		     0.23		 0.22</p>
<p>Average number of shares of common</p>
<p>    stock outstanding		 10,125,386	 10,139,754</p>
</text>
<copyright>(c) Reuters Limited 1997</copyright>
<metadata>
<codes class="bip:countries:1.0">
  <code code="USA">
    <editdetail attribution="Reuters BIP Coding Group" action="confirmed" date="1997-04-29"/>
  </code>
</codes>
<codes class="bip:industries:1.0">
  <code code="I48300">
    <editdetail attribution="Reuters BIP Coding Group" action="confirmed" date="1997-04-29"/>
  </code>
</codes>
<codes class="bip:topics:1.0">
  <code code="C15">
    <editdetail attribution="Reuters BIP Coding Group" action="confirmed" date="1997-04-29"/>
  </code>
  <code code="C151">
    <editdetail attribution="Reuters BIP Coding Group" action="confirmed" date="1997-04-29"/>
  </code>
  <code code="CCAT">
    <editdetail attribution="Reuters BIP Coding Group" action="confirmed" date="1997-04-29"/>
  </code>
</codes>
<dc element="dc.date.created" value="1997-04-29"/>
<dc element="dc.publisher" value="Reuters Holdings Plc"/>
<dc element="dc.date.published" value="1997-04-29"/>
<dc element="dc.source" value="Reuters"/>
<dc element="dc.creator.location" value="NEWPORT NEWS, Va."/>
<dc element="dc.creator.location.country.name" value="USA"/>
<dc element="dc.source" value="Reuters"/>
</metadata>
</newsitem>
