<?xml version="1.0" encoding="iso-8859-1" ?>
<newsitem itemid="545786" id="root" date="1997-04-29" xml:lang="en">
<title>USA: Ford considers Russian auto plant.</title>
<headline>Ford considers Russian auto plant.</headline>
<dateline>NEW YORK 1997-04-29</dateline>
<text>
<p>Speaking at a conference on cross-border business alliances Tuesday, W. Wayne Booker, executive vice-president of Ford Motor Co in charge of emerging markets, said that company is considering a manufacturing facility in Russia.</p>
<p>&quot;We are doing feasiblity studies to establish a manufacturing facility in Russia, which will probably be a joint-venture,&quot; said Booker.</p>
<p>He added that the project, if completed, might be done with private investors rather than a government entity, and may also involve a new facility.</p>
<p>Booker also said that Ford's current policy is to modify existing vehicles rather than introduce all-new designs in emerging markets.</p>
<p>Ford already has a manufacturing facility in Belarus, where European-model Escorts and Transits are scheduled to roll off the assmebly line in July.</p>
<p>In December, General Motors Corp began assembling Chevrolet Blazer sport/utility vehicles in Yelabuga, Russia, in the semi-autonomous region of Tartarstan. The factory will build about 10,000 vehicles annually from imported kits.</p>
<p>GM is scheduled to open a full-scale assembly line capable of bulding 45,000 vehicles a year in late 1998.  It owns 25 percent equity in the Yelaz-GM joint venture, but has managment control, while the Russian and Tartar governments share a 75 percent stake.</p>
</text>
<copyright>(c) Reuters Limited 1997</copyright>
<metadata>
<codes class="bip:countries:1.0">
  <code code="RUSS">
    <editdetail attribution="Reuters BIP Coding Group" action="confirmed" date="1997-04-29"/>
  </code>
  <code code="USA">
    <editdetail attribution="Reuters BIP Coding Group" action="confirmed" date="1997-04-29"/>
  </code>
</codes>
<codes class="bip:industries:1.0">
  <code code="I35101">
    <editdetail attribution="Reuters BIP Coding Group" action="confirmed" date="1997-04-29"/>
  </code>
</codes>
<codes class="bip:topics:1.0">
  <code code="C11">
    <editdetail attribution="Reuters BIP Coding Group" action="confirmed" date="1997-04-29"/>
  </code>
  <code code="C24">
    <editdetail attribution="Reuters BIP Coding Group" action="confirmed" date="1997-04-29"/>
  </code>
  <code code="CCAT">
    <editdetail attribution="Reuters BIP Coding Group" action="confirmed" date="1997-04-29"/>
  </code>
</codes>
<dc element="dc.date.created" value="1997-04-29"/>
<dc element="dc.publisher" value="Reuters Holdings Plc"/>
<dc element="dc.date.published" value="1997-04-29"/>
<dc element="dc.source" value="Reuters"/>
<dc element="dc.creator.location" value="NEW YORK"/>
<dc element="dc.creator.location.country.name" value="USA"/>
<dc element="dc.source" value="Reuters"/>
</metadata>
</newsitem>
