<?xml version="1.0" encoding="iso-8859-1" ?>
<newsitem itemid="545727" id="root" date="1997-04-29" xml:lang="en">
<title>USA: Papa John's Q1 shr $0.20 vs $0.13.</title>
<headline>Papa John's Q1 shr $0.20 vs $0.13.</headline>
<dateline>LOUISVILLE, Ky 1997-04-29</dateline>
<text>
<p>1997			1996</p>
<p> Net shr	   $0.20		    $0.13</p>
<p> Net		 5,693		    3,519</p>
<p> Revs		109,643		  76,726</p>
<p> Avg shrs	  28,756		   26,785</p>
<p>(All data above 000s except per share numbers)</p>
<p>NOTE: The company's full name is Papa John's International Inc.</p>
</text>
<copyright>(c) Reuters Limited 1997</copyright>
<metadata>
<codes class="bip:countries:1.0">
  <code code="USA">
    <editdetail attribution="Reuters BIP Coding Group" action="confirmed" date="1997-04-29"/>
  </code>
</codes>
<codes class="bip:industries:1.0">
  <code code="I66100">
    <editdetail attribution="Reuters BIP Coding Group" action="confirmed" date="1997-04-29"/>
  </code>
</codes>
<codes class="bip:topics:1.0">
  <code code="C15">
    <editdetail attribution="Reuters BIP Coding Group" action="confirmed" date="1997-04-29"/>
  </code>
  <code code="C151">
    <editdetail attribution="Reuters BIP Coding Group" action="confirmed" date="1997-04-29"/>
  </code>
  <code code="CCAT">
    <editdetail attribution="Reuters BIP Coding Group" action="confirmed" date="1997-04-29"/>
  </code>
</codes>
<dc element="dc.date.created" value="1997-04-29"/>
<dc element="dc.publisher" value="Reuters Holdings Plc"/>
<dc element="dc.date.published" value="1997-04-29"/>
<dc element="dc.source" value="Reuters"/>
<dc element="dc.creator.location" value="LOUISVILLE, Ky"/>
<dc element="dc.creator.location.country.name" value="USA"/>
<dc element="dc.source" value="Reuters"/>
</metadata>
</newsitem>
