<?xml version="1.0" encoding="iso-8859-1" ?>
<newsitem itemid="545708" id="root" date="1997-04-29" xml:lang="en">
<title>USA: Micrografx Q3 shr $0.01 vs $0.05.</title>
<headline>Micrografx Q3 shr $0.01 vs $0.05.</headline>
<dateline>RICHARDSON, Texas 1997-04-29</dateline>
<text>
<p>1997			1996</p>
<p> Net shr		    $0.01		    $0.05</p>
<p> Net			    121			487</p>
<p> Revs			17,124		   18,355</p>
<p> Avg shrs		  10,235		   10,177</p>
<p>			9  MONTHS Ended March 31</p>
<p> Net shr (loss)	   $0.22 (profit)	 $0.21</p>
<p> Net (loss)		 2,279 (profit)	 2,063</p>
<p> Revs			49,827		   56,175</p>
<p> Avg shrs		  10,232		   10,032</p>
<p>(All data above 000s except per share numbers)</p>
<p>NOTE: Results for nine months ended March 31, 1997 include a pre-tax restructuring charge of $2.2 million, or $0.13 per share.</p>
</text>
<copyright>(c) Reuters Limited 1997</copyright>
<metadata>
<codes class="bip:countries:1.0">
  <code code="USA">
    <editdetail attribution="Reuters BIP Coding Group" action="confirmed" date="1997-04-29"/>
  </code>
</codes>
<codes class="bip:industries:1.0">
  <code code="I33020">
    <editdetail attribution="Reuters BIP Coding Group" action="confirmed" date="1997-04-29"/>
  </code>
  <code code="I3302021">
    <editdetail attribution="Reuters BIP Coding Group" action="confirmed" date="1997-04-29"/>
  </code>
</codes>
<codes class="bip:topics:1.0">
  <code code="C15">
    <editdetail attribution="Reuters BIP Coding Group" action="confirmed" date="1997-04-29"/>
  </code>
  <code code="C151">
    <editdetail attribution="Reuters BIP Coding Group" action="confirmed" date="1997-04-29"/>
  </code>
  <code code="CCAT">
    <editdetail attribution="Reuters BIP Coding Group" action="confirmed" date="1997-04-29"/>
  </code>
</codes>
<dc element="dc.date.created" value="1997-04-29"/>
<dc element="dc.publisher" value="Reuters Holdings Plc"/>
<dc element="dc.date.published" value="1997-04-29"/>
<dc element="dc.source" value="Reuters"/>
<dc element="dc.creator.location" value="RICHARDSON, Texas"/>
<dc element="dc.creator.location.country.name" value="USA"/>
<dc element="dc.source" value="Reuters"/>
</metadata>
</newsitem>
