<?xml version="1.0" encoding="iso-8859-1" ?>
<newsitem itemid="545716" id="root" date="1997-04-29" xml:lang="en">
<title>USA: Borland sees profits in 1998.</title>
<headline>Borland sees profits in 1998.</headline>
<dateline>SCOTTS VALLEY, Calif. 1997-04-29</dateline>
<text>
<p>Borland International Inc on Tuesday said it expects to be a profitable company in fiscal year 1998, ending in March.</p>
<p>Earlier Borland reported a fourth quarter loss of $1.15 a share including over $23 million in charges for a global restructuring and other one-time expenses. In last year's fiscal fourth quarter, Borland earned $0.18 per share.</p>
<p>&quot;We believe that the restructuring that took place in the fourth quarter puts us in a good position to achieve profitability in fiscal 1998,&quot; Delbert Yocam, chief executive officer, said in a statement.  </p>
<p>Borland also said it has formed an independent unit for its InterBase database product to focus on selling InterBase to original equipment manufacturers and value added resellers of computer equipment who are seeking a database applications.</p>
</text>
<copyright>(c) Reuters Limited 1997</copyright>
<metadata>
<codes class="bip:countries:1.0">
  <code code="USA">
    <editdetail attribution="Reuters BIP Coding Group" action="confirmed" date="1997-04-29"/>
  </code>
</codes>
<codes class="bip:industries:1.0">
  <code code="I33020">
    <editdetail attribution="Reuters BIP Coding Group" action="confirmed" date="1997-04-29"/>
  </code>
  <code code="I3302021">
    <editdetail attribution="Reuters BIP Coding Group" action="confirmed" date="1997-04-29"/>
  </code>
</codes>
<codes class="bip:topics:1.0">
  <code code="C15">
    <editdetail attribution="Reuters BIP Coding Group" action="confirmed" date="1997-04-29"/>
  </code>
  <code code="C152">
    <editdetail attribution="Reuters BIP Coding Group" action="confirmed" date="1997-04-29"/>
  </code>
  <code code="CCAT">
    <editdetail attribution="Reuters BIP Coding Group" action="confirmed" date="1997-04-29"/>
  </code>
</codes>
<dc element="dc.date.created" value="1997-04-29"/>
<dc element="dc.publisher" value="Reuters Holdings Plc"/>
<dc element="dc.date.published" value="1997-04-29"/>
<dc element="dc.source" value="Reuters"/>
<dc element="dc.creator.location" value="SCOTTS VALLEY, Calif."/>
<dc element="dc.creator.location.country.name" value="USA"/>
<dc element="dc.source" value="Reuters"/>
</metadata>
</newsitem>
