<?xml version="1.0" encoding="iso-8859-1" ?>
<newsitem itemid="545720" id="root" date="1997-04-29" xml:lang="en">
<title>USA: Texas Meridian Resources Q1 full results.</title>
<headline>Texas Meridian Resources Q1 full results.</headline>
<dateline>HOUSTON 1997-04-29</dateline>
<text>
<p>Texas Meridian Resources Corporation (NYSE: TMR) today reported financial results for 1st Quarter 1997.</p>
<p>		    1st Qtr 1997	 1st Qtr 1996	  Change</p>
<p>		    (unaudited)	   (unaudited)</p>
<p>Production:</p>
<p>    Oil (MBbls)	    153		     87	     76%</p>
<p>   Gas (MMCF)	    1,442		  1,246	     16%</p>
<p>   Revenues:	   $ 8,329		$ 5,079	     64%</p>
<p> Earnings:		 2,099		  1,375	     53%</p>
<p>    per share:	    0.13		   0.09	     44%</p>
<p> Cash flow:		5,386		  3,672	     60%</p>
<p>    per share:	    0.37		   0.23	     61%</p>
<p>((-- New York Newsdesk 212 859-1610))</p>
</text>
<copyright>(c) Reuters Limited 1997</copyright>
<metadata>
<codes class="bip:countries:1.0">
  <code code="USA">
    <editdetail attribution="Reuters BIP Coding Group" action="confirmed" date="1997-04-29"/>
  </code>
</codes>
<codes class="bip:industries:1.0">
  <code code="I13000">
    <editdetail attribution="Reuters BIP Coding Group" action="confirmed" date="1997-04-29"/>
  </code>
  <code code="I1300003">
    <editdetail attribution="Reuters BIP Coding Group" action="confirmed" date="1997-04-29"/>
  </code>
</codes>
<codes class="bip:topics:1.0">
  <code code="C15">
    <editdetail attribution="Reuters BIP Coding Group" action="confirmed" date="1997-04-29"/>
  </code>
  <code code="C151">
    <editdetail attribution="Reuters BIP Coding Group" action="confirmed" date="1997-04-29"/>
  </code>
  <code code="CCAT">
    <editdetail attribution="Reuters BIP Coding Group" action="confirmed" date="1997-04-29"/>
  </code>
</codes>
<dc element="dc.date.created" value="1997-04-29"/>
<dc element="dc.publisher" value="Reuters Holdings Plc"/>
<dc element="dc.date.published" value="1997-04-29"/>
<dc element="dc.source" value="Reuters"/>
<dc element="dc.creator.location" value="HOUSTON"/>
<dc element="dc.creator.location.country.name" value="USA"/>
<dc element="dc.source" value="Reuters"/>
</metadata>
</newsitem>
