<?xml version="1.0" encoding="iso-8859-1" ?>
<newsitem itemid="545751" id="root" date="1997-04-29" xml:lang="en">
<title>USA: Individual Q1 shr before expenses.</title>
<headline>Individual Q1 shr before expenses.</headline>
<dateline>BURLINGTON, Mass. 1997-04-29</dateline>
<text>
<p>Individual, Inc.</p>
<p>				  Individual, Inc.</p>
<p>		   Consolidated Statements of Operations</p>
<p>				    (Unaudited)</p>
<p>					  For the three months ended</p>
<p>							  March 31,</p>
<p>						 1997	    1996</p>
<p>Revenue				    $7,794,887    $5,029,291</p>
<p>Acquisitions</p>
<p> and other charges			1,632,289		--</p>
<p>  Total operating expenses	    8,489,240     4,785,394</p>
<p>Loss from operations		  (4,936,268)   (2,013,609)</p>
<p>Net loss				 ($4,658,614)  ($2,510,221)</p>
<p>Net loss per common share		 ($0.32)	 ($0.25)</p>
<p>Weighted average common shares</p>
<p> outstanding			     14,583,463     9,844,520</p>
<p>NOTE: For the first quarter, the net loss, before acquisitions and other expenses, was $3.0 million, or $0.21 cents per share, vs a loss of $2.5 million, or $0.25 cents per share, for the prior year period.</p>
</text>
<copyright>(c) Reuters Limited 1997</copyright>
<metadata>
<codes class="bip:countries:1.0">
  <code code="USA">
    <editdetail attribution="Reuters BIP Coding Group" action="confirmed" date="1997-04-29"/>
  </code>
</codes>
<codes class="bip:industries:1.0">
  <code code="I83940">
    <editdetail attribution="Reuters BIP Coding Group" action="confirmed" date="1997-04-29"/>
  </code>
</codes>
<codes class="bip:topics:1.0">
  <code code="C15">
    <editdetail attribution="Reuters BIP Coding Group" action="confirmed" date="1997-04-29"/>
  </code>
  <code code="C151">
    <editdetail attribution="Reuters BIP Coding Group" action="confirmed" date="1997-04-29"/>
  </code>
  <code code="CCAT">
    <editdetail attribution="Reuters BIP Coding Group" action="confirmed" date="1997-04-29"/>
  </code>
</codes>
<dc element="dc.date.created" value="1997-04-29"/>
<dc element="dc.publisher" value="Reuters Holdings Plc"/>
<dc element="dc.date.published" value="1997-04-29"/>
<dc element="dc.source" value="Reuters"/>
<dc element="dc.creator.location" value="BURLINGTON, Mass."/>
<dc element="dc.creator.location.country.name" value="USA"/>
<dc element="dc.source" value="Reuters"/>
</metadata>
</newsitem>
