<?xml version="1.0" encoding="iso-8859-1" ?>
<newsitem itemid="545733" id="root" date="1997-04-29" xml:lang="en">
<title>USA: Laboratory Specialists sees Q2 gains.</title>
<headline>Laboratory Specialists sees Q2 gains.</headline>
<dateline>OKLAHOMA CITY, Okla. 1997-04-29</dateline>
<text>
<p>Laboratory Specialists of America Inc, which operates a nationally certified laboratory that provides employee testing for drugs of abuse to corporate and institutional clients, said Tuesday it expects a recent acquisition to boost second quarter results.</p>
<p>Earlier today, the company reported 1997 first quarter earnings rose to $234,003 or $0.07 a share from $202,246 or $0.06 for the same period in 1996. Revenues increased to $2.6 million from $1.9 million in the 1996 first quarter.</p>
<p>First quarter results include one month of increased revenues from a recent acquisition of the forensic testing operations of Pathology Laboratories Ltd.</p>
<p>&quot;We look forward to seeing the full impact of increased revenues and earnings from this acquisition in the second quarter,&quot; said John Simonelli, chairman and chief executive, in a statement.</p>
<p>			((Chicago newsdesk 312 408 8787))</p>
</text>
<copyright>(c) Reuters Limited 1997</copyright>
<metadata>
<codes class="bip:countries:1.0">
  <code code="USA">
    <editdetail attribution="Reuters BIP Coding Group" action="confirmed" date="1997-04-29"/>
  </code>
</codes>
<codes class="bip:industries:1.0">
  <code code="I83954">
    <editdetail attribution="Reuters BIP Coding Group" action="confirmed" date="1997-04-29"/>
  </code>
</codes>
<codes class="bip:topics:1.0">
  <code code="C15">
    <editdetail attribution="Reuters BIP Coding Group" action="confirmed" date="1997-04-29"/>
  </code>
  <code code="C152">
    <editdetail attribution="Reuters BIP Coding Group" action="confirmed" date="1997-04-29"/>
  </code>
  <code code="CCAT">
    <editdetail attribution="Reuters BIP Coding Group" action="confirmed" date="1997-04-29"/>
  </code>
</codes>
<dc element="dc.date.created" value="1997-04-29"/>
<dc element="dc.publisher" value="Reuters Holdings Plc"/>
<dc element="dc.date.published" value="1997-04-29"/>
<dc element="dc.source" value="Reuters"/>
<dc element="dc.creator.location" value="OKLAHOMA CITY, Okla."/>
<dc element="dc.creator.location.country.name" value="USA"/>
<dc element="dc.source" value="Reuters"/>
</metadata>
</newsitem>
