<?xml version="1.0" encoding="iso-8859-1" ?>
<newsitem itemid="545712" id="root" date="1997-04-29" xml:lang="en">
<title>USA: Aydin Q1 shr loss $0.83, including charge.</title>
<headline>Aydin Q1 shr loss $0.83, including charge.</headline>
<dateline>HORSHAM, Pa. 1997-04-29</dateline>
<text>
<p>1997			1996</p>
<p> Shr loss	  $0.83	    profit$0.19</p>
<p> Net loss	  4,269	    profit963</p>
<p> Revs		26,914		   36,283</p>
<p> Avg shrs	  5,142		    5,163</p>
<p>(All data above 000s except per share numbers)</p>
<p>NOTE: Quarters ended March 29, 1997 and March 30, 1996</p>
<p>Earnings in 1997 include a non-cash charge of $2.6 million for environmental remediation</p>
</text>
<copyright>(c) Reuters Limited 1997</copyright>
<metadata>
<codes class="bip:countries:1.0">
  <code code="USA">
    <editdetail attribution="Reuters BIP Coding Group" action="confirmed" date="1997-04-29"/>
  </code>
</codes>
<codes class="bip:industries:1.0">
  <code code="I34400">
    <editdetail attribution="Reuters BIP Coding Group" action="confirmed" date="1997-04-29"/>
  </code>
</codes>
<codes class="bip:topics:1.0">
  <code code="C15">
    <editdetail attribution="Reuters BIP Coding Group" action="confirmed" date="1997-04-29"/>
  </code>
  <code code="C151">
    <editdetail attribution="Reuters BIP Coding Group" action="confirmed" date="1997-04-29"/>
  </code>
  <code code="CCAT">
    <editdetail attribution="Reuters BIP Coding Group" action="confirmed" date="1997-04-29"/>
  </code>
</codes>
<dc element="dc.date.created" value="1997-04-29"/>
<dc element="dc.publisher" value="Reuters Holdings Plc"/>
<dc element="dc.date.published" value="1997-04-29"/>
<dc element="dc.source" value="Reuters"/>
<dc element="dc.creator.location" value="HORSHAM, Pa."/>
<dc element="dc.creator.location.country.name" value="USA"/>
<dc element="dc.source" value="Reuters"/>
</metadata>
</newsitem>
