<?xml version="1.0" encoding="iso-8859-1" ?>
<newsitem itemid="545777" id="root" date="1997-04-29" xml:lang="en">
<title>USA: Yankee Energy Q2 shr $1.29 vs $1.47.</title>
<headline>Yankee Energy Q2 shr $1.29 vs $1.47.</headline>
<dateline>MERIDEN, Conn. 1997-04-29</dateline>
<text>
<p>Consolidated Statements of Income (Unaudited)</p>
<p>(Thousands of Dollars, except share information)</p>
<p>							   Three Months</p>
<p>							   Ended March 31,</p>
<p>						     1997	     1996</p>
<p>	Total  Revenues			127,568	  139,559</p>
<p>	     Total Operating Expenses     99,799	  109,711</p>
<p> Operating Income			     27,769	   29,848</p>
<p> Other Income, Net				  71	    1,047</p>
<p> Interest Expense, Net			 3,458	    3,917</p>
<p> Income Before Income Taxes		 24,382	   26,978</p>
<p> Provision For Income Taxes		 10,904	   11,652</p>
<p> Net Income				     13,478	   15,326</p>
<p> Total Earnings per Common Share	    1.29	     1.47</p>
<p>Common Shares Outstanding (Average)</p>
<p>						10,449,634     10,432,707</p>
<p> Dividends Declared Per Common Share     0.325	    0.315</p>
<p>					Six Months Ended March 31,</p>
<p>						     1997	     1996</p>
<p>	Total Revenues			 223,249	  237,757</p>
<p>	     Total Operating Expenses    176,318	  187,690</p>
<p> Operating Income			     46,931	   50,067</p>
<p> Other Income, Net				  72	    24,81</p>
<p> Interest Expense, Net			 6,829	    7,869</p>
<p> Income Before Income Taxes		 40,174	   44,679</p>
<p> Provision For Income Taxes		 17,817	   19,515</p>
<p> Net Income				     22,357	   25,164</p>
<p> Total Earnings per Common Share	   $2.14	    $2.42</p>
<p>Common Shares Outstanding (Average)</p>
<p>						10,449,594     10,420,839</p>
<p> Dividends Declared Per Common Share	0.65	     0.63</p>
</text>
<copyright>(c) Reuters Limited 1997</copyright>
<metadata>
<codes class="bip:countries:1.0">
  <code code="USA">
    <editdetail attribution="Reuters BIP Coding Group" action="confirmed" date="1997-04-29"/>
  </code>
</codes>
<codes class="bip:industries:1.0">
  <code code="I16200">
    <editdetail attribution="Reuters BIP Coding Group" action="confirmed" date="1997-04-29"/>
  </code>
</codes>
<codes class="bip:topics:1.0">
  <code code="C15">
    <editdetail attribution="Reuters BIP Coding Group" action="confirmed" date="1997-04-29"/>
  </code>
  <code code="C151">
    <editdetail attribution="Reuters BIP Coding Group" action="confirmed" date="1997-04-29"/>
  </code>
  <code code="CCAT">
    <editdetail attribution="Reuters BIP Coding Group" action="confirmed" date="1997-04-29"/>
  </code>
</codes>
<dc element="dc.date.created" value="1997-04-29"/>
<dc element="dc.publisher" value="Reuters Holdings Plc"/>
<dc element="dc.date.published" value="1997-04-29"/>
<dc element="dc.source" value="Reuters"/>
<dc element="dc.creator.location" value="MERIDEN, Conn."/>
<dc element="dc.creator.location.country.name" value="USA"/>
<dc element="dc.source" value="Reuters"/>
</metadata>
</newsitem>
