<?xml version="1.0" encoding="iso-8859-1" ?>
<newsitem itemid="545735" id="root" date="1997-04-29" xml:lang="en">
<title>USA: Union Corp Q3 March 31 net rises.</title>
<headline>Union Corp Q3 March 31 net rises.</headline>
<dateline>GREENWICH, Conn. 1997-04-29</dateline>
<text>
<p>For the Three Months Ended March 31, 1997 and 1996</p>
<p>				  1997		 1996</p>
<p>		 (Dollars in thousands, except per share amounts)</p>
<p>			Per Share Amounts    Per Share Amounts</p>
<p>					 Fully			Fully</p>
<p>			   Primary  Diluted	Primary  Diluted</p>
<p> Oper revenues  $32,174		    $27,237</p>
<p> Net income     2,526    .43     .43     2,093    $.36   $.36</p>
<p> Avg shrs	     5,907,467  5,907,499    5,824,765  5,825,615</p>
<p>		 For the Nine Months Ended March 31, 1997 and 1996</p>
<p>					   (Unaudited)</p>
<p>			     1997			    1996</p>
<p>		 (Dollars in thousands, except per share amounts)</p>
<p>		     Per Share Amounts	  Per Share Amounts</p>
<p>					 Fully			 Fully</p>
<p>			     Primary  Diluted  Primary  Diluted</p>
<p> Operating revenues $89,892		 $75,293</p>
<p>Income from</p>
<p>continuing</p>
<p>  operations	 5,524   .94     .94    4,268    .74    .74</p>
<p>Discontinued</p>
<p>operations loss</p>
<p>provision (net of</p>
<p> tax benefit of $935)  -     -	 -  (2,065)  (.36)  (.36)</p>
<p> Net income	  5,524   .94     .94    2,203    .38    .38</p>
<p> Avg shrs		5,905,684  5,906,706    5,766,198  5,789,978</p>
<p>-- New York Newsdesk 212 859-1610</p>
</text>
<copyright>(c) Reuters Limited 1997</copyright>
<metadata>
<codes class="bip:countries:1.0">
  <code code="USA">
    <editdetail attribution="Reuters BIP Coding Group" action="confirmed" date="1997-04-29"/>
  </code>
</codes>
<codes class="bip:industries:1.0">
  <code code="I83100">
    <editdetail attribution="Reuters BIP Coding Group" action="confirmed" date="1997-04-29"/>
  </code>
</codes>
<codes class="bip:topics:1.0">
  <code code="C15">
    <editdetail attribution="Reuters BIP Coding Group" action="confirmed" date="1997-04-29"/>
  </code>
  <code code="C151">
    <editdetail attribution="Reuters BIP Coding Group" action="confirmed" date="1997-04-29"/>
  </code>
  <code code="CCAT">
    <editdetail attribution="Reuters BIP Coding Group" action="confirmed" date="1997-04-29"/>
  </code>
</codes>
<dc element="dc.date.created" value="1997-04-29"/>
<dc element="dc.publisher" value="Reuters Holdings Plc"/>
<dc element="dc.date.published" value="1997-04-29"/>
<dc element="dc.source" value="Reuters"/>
<dc element="dc.creator.location" value="GREENWICH, Conn."/>
<dc element="dc.creator.location.country.name" value="USA"/>
<dc element="dc.source" value="Reuters"/>
</metadata>
</newsitem>
