<?xml version="1.0" encoding="iso-8859-1" ?>
<newsitem itemid="545754" id="root" date="1997-04-29" xml:lang="en">
<title>USA: US CREDIT MARKET OUTLOOK--GDP, Chicago purchasers.</title>
<headline>US CREDIT MARKET OUTLOOK--GDP, Chicago purchasers.</headline>
<byline>Scott Gerlach</byline>
<dateline>NEW YORK 1996-04-30</dateline>
<text>
<p>U.S. debt markets appear prepared to tolerate a report on speedy first-quarter economic growth, and may find encouragement in three monthly manufacturing surveys due Wednesday, economists said.</p>
<p>The Commerce Department publishes its advance estimate of first-quarter Gross Domestic Product (GDP) on Wednesday at 0830 EDT/1230 GMT. Economists in a Reuters poll projected a 4.1-percent annual growth rate for the period, up from 3.8 percent in fourth-quarter 1996.  </p>
<p>&quot;The focus is GDP. If it's as expected, the market will probably continue to have a positive tone,&quot; said Michelle Colley Laughlin, money market economist at Prudential Securities Inc.</p>
<p>Even a reading a couple of tenths higher might be taken in stride by market players, depending on the source of the report's strength, analysts said.</p>
<p>Christopher Low, senior economist at HSBC Markets, said consumption figures would be carefully scrutinized.  </p>
<p>&quot;If it turns out the trade deficit was worse than we expected, that's not going to have a big impact on the market,&quot; Low said.</p>
<p>In other facets of the GDP release, the chain-weighted price index was forecast up 2.1 percent against 1.9 percent in the last report, and the implicit deflator was expected to read 1.7 percent compared with 1.5 percent.</p>
<p>Monthly indices of national and regional manufacturing activity also await market attention Wednesday morning.  </p>
<p>&quot;If for whatever reason consumer spending is less than expected, or business fixed investment is less than expected, that might give the market another lift,&quot; Low said.</p>
<p>In recent speeches, Federal Reserve officials underscored their concern that economic friction may erupt from strong consumer demand.</p>
<p>Other components of the report may not have as much market impact. Disagreement about how greatly the international trade deficit weighed on GDP, for instance, has made it less of a focus, analysts said.  </p>
<p>The Chicago purchasing managers survey, set for release at 1000 EDT/1400 GMT, stands chief among them. It is widely regarded as the best indicator of the National Association of Purchasing Management (NAPM) nationwide index, to be published Thursday.</p>
<p>Economists forecast Chicago PMI would read 56.2 in April, just below its March reading of 57.5.</p>
<p>Similar results were expected from surveys published at 0830 EDT/1230 GMT by the American Production &amp; Inventory Control Society (APICS) and at 0900 EDT/1300 GMT by the New York branch of NAPM.  </p>
<p>&quot;Most manufacturing-sector indicators have weakened up a bit, probably due to the strikes at various automotive plants,&quot; Laughlin said. &quot;There's probably a better chance those (indices) are favorable for the market.&quot;</p>
<p>A slew of Federal Reserve governors and regional bank presidents speak Wednesday at a Federal Reserve Bank of Chicago conference on banking. Fed Chairman Alan Greenspan speaks there at 0925 EDT/1325 GMT.</p>
<p>In a separate event, Jack Guynn, president of the Federal Reserve Bank of Atlanta, addresses New Orleans Rotary members at 1200 EDT/1600 GMT.  </p>
<p>&quot;The market's obviously going to try to gauge the Fed's reaction to (Tuesday's) positive numbers,&quot; Laughlin said.</p>
<p>(( -- N.A. Treasury Desk, 212-859-1868 ))</p>
</text>
<copyright>(c) Reuters Limited 1997</copyright>
<metadata>
<codes class="bip:countries:1.0">
  <code code="USA">
    <editdetail attribution="Reuters BIP Coding Group" action="confirmed" date="1997-04-29"/>
  </code>
</codes>
<codes class="bip:topics:1.0">
  <code code="E11">
    <editdetail attribution="Reuters BIP Coding Group" action="confirmed" date="1997-04-29"/>
  </code>
  <code code="ECAT">
    <editdetail attribution="Reuters BIP Coding Group" action="confirmed" date="1997-04-29"/>
  </code>
  <code code="M12">
    <editdetail attribution="Reuters BIP Coding Group" action="confirmed" date="1997-04-29"/>
  </code>
  <code code="MCAT">
    <editdetail attribution="Reuters BIP Coding Group" action="confirmed" date="1997-04-29"/>
  </code>
</codes>
<dc element="dc.date.created" value="1996-04-30"/>
<dc element="dc.publisher" value="Reuters Holdings Plc"/>
<dc element="dc.date.published" value="1997-04-29"/>
<dc element="dc.source" value="Reuters"/>
<dc element="dc.creator.location" value="NEW YORK"/>
<dc element="dc.creator.location.country.name" value="USA"/>
<dc element="dc.source" value="Reuters"/>
</metadata>
</newsitem>
