<?xml version="1.0" encoding="iso-8859-1" ?>
<newsitem itemid="545750" id="root" date="1997-04-29" xml:lang="en">
<title>USA: Quad Systems Corp Q2 shr up.</title>
<headline>Quad Systems Corp Q2 shr up.</headline>
<dateline>WILLOW GROVE, Pa. 1997-04-29</dateline>
<text>
<p>(Unaudited)</p>
<p>			     Three-Months Ended  Six-Months Ended</p>
<p>				    March 31,	    March 31,</p>
<p>			     1997	 1996	 1997	 1996</p>
<p> Net sales	     $21,712    $15,834    $43,677    $32,718</p>
<p>Cost of products sold</p>
<p>			    13,807	9,362     27,772     20,358</p>
<p>     Gross profit	7,905	6,472     15,905     12,360</p>
<p>Operating expenses:</p>
<p>Engineering, research</p>
<p> and development	 1,905	1,528	3,466	2,943</p>
<p>Selling and marketing</p>
<p>			     3,426	2,930	7,119	5,664</p>
<p>Administrative and general</p>
<p>			     1,409	1,283	3,028	2,446</p>
<p>			     6,740	5,741     13,613     11,053</p>
<p>Income from operations</p>
<p>			     1,165	  731	2,292	1,307</p>
<p>Interest expense (income), net</p>
<p>				  77	   84	  120	  153</p>
<p>Settlement of securities</p>
<p> litigation		  ---	   75	  ---	  150</p>
<p>Income before income taxes</p>
<p>			     1,088	  572	2,172	1,004</p>
<p> Income tax expense	381	  218	  760	  382</p>
<p> Net income		  707	  354	1,412	  622</p>
<p> Net income per share   0.16	 0.08	 0.31	 0.14</p>
<p>Weighted average common and</p>
<p>common equivalent shares</p>
<p>			 4,519,611  4,288,587  4,484,188  4,296,285</p>
<p>	     (In thousands, except per share and share amounts)</p>
<p>NOTE: A decrease in administrative and general expenses was attributed in part to the absence of about $125,000 of relocation and consolidation costs that the company incurred in moving to new headquarters in Janurary and to a decrease in legal costs associated with current patent infringement litigation in Germany with Zevatech.</p>
</text>
<copyright>(c) Reuters Limited 1997</copyright>
<metadata>
<codes class="bip:countries:1.0">
  <code code="USA">
    <editdetail attribution="Reuters BIP Coding Group" action="confirmed" date="1997-04-29"/>
  </code>
</codes>
<codes class="bip:industries:1.0">
  <code code="I34531">
    <editdetail attribution="Reuters BIP Coding Group" action="confirmed" date="1997-04-29"/>
  </code>
</codes>
<codes class="bip:topics:1.0">
  <code code="C15">
    <editdetail attribution="Reuters BIP Coding Group" action="confirmed" date="1997-04-29"/>
  </code>
  <code code="C151">
    <editdetail attribution="Reuters BIP Coding Group" action="confirmed" date="1997-04-29"/>
  </code>
  <code code="CCAT">
    <editdetail attribution="Reuters BIP Coding Group" action="confirmed" date="1997-04-29"/>
  </code>
</codes>
<dc element="dc.date.created" value="1997-04-29"/>
<dc element="dc.publisher" value="Reuters Holdings Plc"/>
<dc element="dc.date.published" value="1997-04-29"/>
<dc element="dc.source" value="Reuters"/>
<dc element="dc.creator.location" value="WILLOW GROVE, Pa."/>
<dc element="dc.creator.location.country.name" value="USA"/>
<dc element="dc.source" value="Reuters"/>
</metadata>
</newsitem>
