<?xml version="1.0" encoding="iso-8859-1" ?>
<newsitem itemid="545755" id="root" date="1997-04-29" xml:lang="en">
<title>USA: Nutrition Medical Inc Q1 loss widens.</title>
<headline>Nutrition Medical Inc Q1 loss widens.</headline>
<dateline>MINNEAPOLIS 1997-04-29</dateline>
<text>
<p>Three months ended March 31,</p>
<p>						1997		    1996</p>
<p> Net sales			  $ 1,214,000	   $   704,923</p>
<p> Cost of goods sold		   899,605		 432,979</p>
<p> Gross profit			   314,395		 271,944</p>
<p> Operating expenses		   761,677		 363,884</p>
<p> Other income			     7,261		   9,230</p>
<p> Net loss			     (440,021)		(82,710)</p>
<p> Net loss per share		     (.08)		   (.03)</p>
<p>Weighted average number</p>
<p>  of shares outstanding:	  5,324,524	     3,105,524</p>
<p>((Chicago newsdesk, 312-408-8787))</p>
</text>
<copyright>(c) Reuters Limited 1997</copyright>
<metadata>
<codes class="bip:countries:1.0">
  <code code="USA">
    <editdetail attribution="Reuters BIP Coding Group" action="confirmed" date="1997-04-29"/>
  </code>
</codes>
<codes class="bip:industries:1.0">
  <code code="I25700">
    <editdetail attribution="Reuters BIP Coding Group" action="confirmed" date="1997-04-29"/>
  </code>
</codes>
<codes class="bip:topics:1.0">
  <code code="C15">
    <editdetail attribution="Reuters BIP Coding Group" action="confirmed" date="1997-04-29"/>
  </code>
  <code code="C151">
    <editdetail attribution="Reuters BIP Coding Group" action="confirmed" date="1997-04-29"/>
  </code>
  <code code="CCAT">
    <editdetail attribution="Reuters BIP Coding Group" action="confirmed" date="1997-04-29"/>
  </code>
</codes>
<dc element="dc.date.created" value="1997-04-29"/>
<dc element="dc.publisher" value="Reuters Holdings Plc"/>
<dc element="dc.date.published" value="1997-04-29"/>
<dc element="dc.source" value="Reuters"/>
<dc element="dc.creator.location" value="MINNEAPOLIS"/>
<dc element="dc.creator.location.country.name" value="USA"/>
<dc element="dc.source" value="Reuters"/>
</metadata>
</newsitem>
