<?xml version="1.0" encoding="iso-8859-1" ?>
<newsitem itemid="545729" id="root" date="1997-04-29" xml:lang="en">
<title>USA: Odetics Q4 net declines.</title>
<headline>Odetics Q4 net declines.</headline>
<dateline>ANAHEIM, Calif. 1997-04-29</dateline>
<text>
<p>Registration</p>
<p>		   (In thousands, except earnings per share)</p>
<p>				     Quarter Ended  Fiscal Year Ended</p>
<p>				3/31/97   3/31/96  3/31/97    3/31/96</p>
<p> Commercial Sales	  $38,363  $29,262 $131,776    $94,466</p>
<p> Contract Sales		1,740    2,049    9,031     10,161</p>
<p> Total Sales		  40,103   31,311  140,807    104,627</p>
<p> Cost of Sales		25,053   20,220   89,000     67,772</p>
<p>				  15,050   11,091   51,807     36,855</p>
<p>Selling, General and</p>
<p>  Administrative Expenses  9,073    6,837   30,293     23,678</p>
<p> Research &amp; Development    4,042    2,016   13,422	6,973</p>
<p> Interest Expense		437	412    1,890	2,247</p>
<p> Minority Interest		53	  0	 53	    0</p>
<p>				  13,605    9,265   45,658     32,898</p>
<p> Pre-tax Income		1,445    1,826    6,149	3,957</p>
<p> Income Tax			584	707    2,419	1,504</p>
<p> Net Income			861    1,119    3,730	2,453</p>
<p> Earnings Per Share	   0.12     0.18     0.55	 0.40</p>
<p>Weighted Average Number of</p>
<p>  Shares Outstanding	 6,798    6,307    6,627	6,179</p>
</text>
<copyright>(c) Reuters Limited 1997</copyright>
<metadata>
<codes class="bip:countries:1.0">
  <code code="USA">
    <editdetail attribution="Reuters BIP Coding Group" action="confirmed" date="1997-04-29"/>
  </code>
</codes>
<codes class="bip:industries:1.0">
  <code code="I33020">
    <editdetail attribution="Reuters BIP Coding Group" action="confirmed" date="1997-04-29"/>
  </code>
  <code code="I3302004">
    <editdetail attribution="Reuters BIP Coding Group" action="confirmed" date="1997-04-29"/>
  </code>
</codes>
<codes class="bip:topics:1.0">
  <code code="C15">
    <editdetail attribution="Reuters BIP Coding Group" action="confirmed" date="1997-04-29"/>
  </code>
  <code code="C151">
    <editdetail attribution="Reuters BIP Coding Group" action="confirmed" date="1997-04-29"/>
  </code>
  <code code="C1511">
    <editdetail attribution="Reuters BIP Coding Group" action="confirmed" date="1997-04-29"/>
  </code>
  <code code="CCAT">
    <editdetail attribution="Reuters BIP Coding Group" action="confirmed" date="1997-04-29"/>
  </code>
</codes>
<dc element="dc.date.created" value="1997-04-29"/>
<dc element="dc.publisher" value="Reuters Holdings Plc"/>
<dc element="dc.date.published" value="1997-04-29"/>
<dc element="dc.source" value="Reuters"/>
<dc element="dc.creator.location" value="ANAHEIM, Calif."/>
<dc element="dc.creator.location.country.name" value="USA"/>
<dc element="dc.source" value="Reuters"/>
</metadata>
</newsitem>
