<?xml version="1.0" encoding="iso-8859-1" ?>
<newsitem itemid="545713" id="root" date="1997-04-29" xml:lang="en">
<title>USA: Stone Energy Q1 net rises.</title>
<headline>Stone Energy Q1 net rises.</headline>
<dateline>LAFAYETTE, La. 1997-04-29</dateline>
<text>
<p>Stone Energy Corporation</p>
<p>		First Quarter 1997 Summary Statistics</p>
<p>		   (in thousands, except per share/unit amounts)</p>
<p>				 (Unaudited)</p>
<p>							Three Months Ended</p>
<p>								March 31,</p>
<p>							  1997	   1996</p>
<p>Total revenues				   $ 16,237    $ 15,093</p>
<p> EBITDA						12,352	11,114</p>
<p> Net income					   3,596	 3,262</p>
<p>Totals per share</p>
<p> Net income					    0.23	  0.27</p>
<p> EBITDA						  0.81	  0.94</p>
<p>Average shares</p>
<p> outstanding					  15,310	11,875</p>
<p>NOTE: EBITDA represents earnings before interest, taxes and depreciation, depletion and amortization.</p>
</text>
<copyright>(c) Reuters Limited 1997</copyright>
<metadata>
<codes class="bip:countries:1.0">
  <code code="USA">
    <editdetail attribution="Reuters BIP Coding Group" action="confirmed" date="1997-04-29"/>
  </code>
</codes>
<codes class="bip:industries:1.0">
  <code code="I13000">
    <editdetail attribution="Reuters BIP Coding Group" action="confirmed" date="1997-04-29"/>
  </code>
</codes>
<codes class="bip:topics:1.0">
  <code code="C15">
    <editdetail attribution="Reuters BIP Coding Group" action="confirmed" date="1997-04-29"/>
  </code>
  <code code="C151">
    <editdetail attribution="Reuters BIP Coding Group" action="confirmed" date="1997-04-29"/>
  </code>
  <code code="CCAT">
    <editdetail attribution="Reuters BIP Coding Group" action="confirmed" date="1997-04-29"/>
  </code>
</codes>
<dc element="dc.date.created" value="1997-04-29"/>
<dc element="dc.publisher" value="Reuters Holdings Plc"/>
<dc element="dc.date.published" value="1997-04-29"/>
<dc element="dc.source" value="Reuters"/>
<dc element="dc.creator.location" value="LAFAYETTE, La."/>
<dc element="dc.creator.location.country.name" value="USA"/>
<dc element="dc.source" value="Reuters"/>
</metadata>
</newsitem>
