<?xml version="1.0" encoding="iso-8859-1" ?>
<newsitem itemid="545758" id="root" date="1997-04-29" xml:lang="en">
<title>USA: Dow rallies to unofficial 2nd largest point gain.</title>
<headline>Dow rallies to unofficial 2nd largest point gain.</headline>
<dateline>NEW YORK 1997-04-29</dateline>
<text>
<p>The Dow industrials soared to an unofficial 179-point gain on Tuesday, a rally that stands as the second largest point rise in the history of the blue chip average.</p>
<p>In percentage terms, however, the Dow's 2.65 percent rally came nowhere near the average's top performances.</p>
<p>The Dow's biggest gain in point terms remains a 186.84 point surge on October 21, 1987, two days after the so-called Black Monday market crash.</p>
<p>The following is a list of the Dow's 10 largest gains in both point and percentage terms.  </p>
<p>Days with the greatest net gain</p>
<p>	  DATE	 CLOSE	NET CHANGE   PCT CHANGE</p>
<p>    10/21/87	 2027.85	  186.84	  10.15</p>
<p>    04/29/97*	6962.43	  179.43	   2.65</p>
<p>    04/22/97	 6833.59	  173.38	   2.60</p>
<p>    04/15/97	 6587.16	  135.26	   2.10</p>
<p>    12/19/96	 6473.64	  126.87	   2.00</p>
<p>    01/17/91	 2623.51	  114.60	   4.57</p>
<p>    03/11/96	 5581.00	  110.55	   2.02</p>
<p>    02/12/97	 6961.63	  103.52	   1.51</p>
<p>    10/20/87	 1841.01	  102.27	   5.88</p>
<p>    01/03/97	 6544.09	  101.60	   1.58</p>
<p>* Unofficial</p>
<p>Days with the greatest percentage gain</p>
<p>	  DATE	 CLOSE	NET CHANGE   PCT CHANGE</p>
<p>    10/06/31	   99.34	   12.86	  14.87</p>
<p>    10/30/29	  258.47	   28.40	  12.34</p>
<p>    09/21/32	   75.16	    7.67	  11.36</p>
<p>    10/21/87	 2027.85	  186.84	  10.15</p>
<p>    08/03/32	   58.22	    5.06	   9.52</p>
<p>    02/11/32	   78.60	    6.80	   9.47</p>
<p>    11/14/29	  217.28	   18.59	   9.36</p>
<p>    12/18/31	   80.69	    6.90	   9.35</p>
<p>    02/13/32	   85.82	    7.22	   9.19</p>
<p>    05/06/32	   59.01	    4.91	   9.08</p>
<p>((-- Wall Street desk, 212-859-1730))</p>
</text>
<copyright>(c) Reuters Limited 1997</copyright>
<metadata>
<codes class="bip:countries:1.0">
  <code code="USA">
    <editdetail attribution="Reuters BIP Coding Group" action="confirmed" date="1997-04-29"/>
  </code>
</codes>
<codes class="bip:topics:1.0">
  <code code="M11">
    <editdetail attribution="Reuters BIP Coding Group" action="confirmed" date="1997-04-29"/>
  </code>
  <code code="MCAT">
    <editdetail attribution="Reuters BIP Coding Group" action="confirmed" date="1997-04-29"/>
  </code>
</codes>
<dc element="dc.date.created" value="1997-04-29"/>
<dc element="dc.publisher" value="Reuters Holdings Plc"/>
<dc element="dc.date.published" value="1997-04-29"/>
<dc element="dc.source" value="Reuters"/>
<dc element="dc.creator.location" value="NEW YORK"/>
<dc element="dc.creator.location.country.name" value="USA"/>
<dc element="dc.source" value="Reuters"/>
</metadata>
</newsitem>
