<?xml version="1.0" encoding="iso-8859-1" ?>
<newsitem itemid="545704" id="root" date="1997-04-29" xml:lang="en">
<title>USA: Aydin Corp sees $1.2 mln gain in Q2.</title>
<headline>Aydin Corp sees $1.2 mln gain in Q2.</headline>
<dateline>HORSHAM, Pa. 1997-04-29</dateline>
<text>
<p>Aydin Corp said Tuesday that it expects to record a gain of $1.2 million in the second quarter as a result of the sale of two company-owned office buildings.</p>
<p>The company said that there is also an agreement for a third property to be sold, but did not disclose what the impact of that sale might be.</p>
<p>Aydin added that the consolidation of operations into fewer buildings has allowed it to combine manufacturing operations and consolidate several product lines, which will yield operational cost savings.</p>
<p>After posing a loss in the first quarter of $4.3 million, largely due to an unfavorable court ruling, the company said it expects to profitable in the second quarter.</p>
</text>
<copyright>(c) Reuters Limited 1997</copyright>
<metadata>
<codes class="bip:countries:1.0">
  <code code="USA">
    <editdetail attribution="Reuters BIP Coding Group" action="confirmed" date="1997-04-29"/>
  </code>
</codes>
<codes class="bip:industries:1.0">
  <code code="I34400">
    <editdetail attribution="Reuters BIP Coding Group" action="confirmed" date="1997-04-29"/>
  </code>
</codes>
<codes class="bip:topics:1.0">
  <code code="C15">
    <editdetail attribution="Reuters BIP Coding Group" action="confirmed" date="1997-04-29"/>
  </code>
  <code code="C152">
    <editdetail attribution="Reuters BIP Coding Group" action="confirmed" date="1997-04-29"/>
  </code>
  <code code="CCAT">
    <editdetail attribution="Reuters BIP Coding Group" action="confirmed" date="1997-04-29"/>
  </code>
</codes>
<dc element="dc.date.created" value="1997-04-29"/>
<dc element="dc.publisher" value="Reuters Holdings Plc"/>
<dc element="dc.date.published" value="1997-04-29"/>
<dc element="dc.source" value="Reuters"/>
<dc element="dc.creator.location" value="HORSHAM, Pa."/>
<dc element="dc.creator.location.country.name" value="USA"/>
<dc element="dc.source" value="Reuters"/>
</metadata>
</newsitem>
