<?xml version="1.0" encoding="iso-8859-1" ?>
<newsitem itemid="545770" id="root" date="1997-04-29" xml:lang="en">
<title>USA: Seamed Corp Q3 net rises.</title>
<headline>Seamed Corp Q3 net rises.</headline>
<dateline>REDMOND, Wash. 1997-04-29</dateline>
<text>
<p>Three months ended	Nine months ended</p>
<p>			 Mar 31,    Mar 31,     Mar 31,     Mar 31,</p>
<p>			   1997	 1996	  1997	  1996</p>
<p>Revenues</p>
<p>Manufacturing   $8,840,330 $4,478,084 $22,853,466 $11,643,157</p>
<p>  Engineering    5,454,717  2,562,224  13,528,160   5,763,107</p>
<p>		    14,295,047  7,040,308  36,381,626  17,406,264</p>
<p>Costs of Revenues</p>
<p>  Manufacturing  7,062,020  3,230,551  18,306,476   8,848,971</p>
<p>  Engineering    4,784,081  2,134,546  11,914,390   5,196,465</p>
<p>		    11,846,101  5,365,097  30,220,866  14,045,436</p>
<p> Gross Margin    2,448,946  1,675,211   6,160,760   3,360,828</p>
<p>			   17.1%	23.8%	 16.9%	 19.3%</p>
<p>Marketing, general and</p>
<p>administrative</p>
<p>  expenses	 1,338,509  1,030,289   3,260,599   2,080,490</p>
<p>Operating Income</p>
<p>		     1,110,437    644,923   2,900,161   1,280,338</p>
<p>			    7.8%	 9.2%	  8.0%	  7.4%</p>
<p>Other income (expense):</p>
<p>  Interest	    97,657   (41,682)     (3,466)   (146,207)</p>
<p>  Other	     (10,479)    (4,360)    (26,977)     (6,975)</p>
<p>			  87,178   (46,042)    (30,443)   (153,182)</p>
<p>Income before income</p>
<p>  taxes	    1,197,615    598,880   2,869,718   1,127,156</p>
<p>Income tax provision</p>
<p>			 419,165    203,691   1,004,401     383,305</p>
<p> Net income	  778,450    395,189   1,865,317     743,851</p>
<p>Net income per share</p>
<p>data:</p>
<p>   Primary		0.14	 0.14	  0.45	  0.24</p>
<p>   Fully Diluted	0.14	 0.10	  0.39	  0.19</p>
<p>Weighted average</p>
<p>common shares</p>
<p>and equivalents</p>
<p>   Primary	 5,562,144  2,322,441   3,963,903   2,317,565</p>
<p>Fully Diluted</p>
<p>		     5,562,144  3,879,911   4,781,363   3,875,035</p>
</text>
<copyright>(c) Reuters Limited 1997</copyright>
<metadata>
<codes class="bip:countries:1.0">
  <code code="USA">
    <editdetail attribution="Reuters BIP Coding Group" action="confirmed" date="1997-04-29"/>
  </code>
</codes>
<codes class="bip:industries:1.0">
  <code code="I37200">
    <editdetail attribution="Reuters BIP Coding Group" action="confirmed" date="1997-04-29"/>
  </code>
</codes>
<codes class="bip:topics:1.0">
  <code code="C15">
    <editdetail attribution="Reuters BIP Coding Group" action="confirmed" date="1997-04-29"/>
  </code>
  <code code="C151">
    <editdetail attribution="Reuters BIP Coding Group" action="confirmed" date="1997-04-29"/>
  </code>
  <code code="CCAT">
    <editdetail attribution="Reuters BIP Coding Group" action="confirmed" date="1997-04-29"/>
  </code>
</codes>
<dc element="dc.date.created" value="1997-04-29"/>
<dc element="dc.publisher" value="Reuters Holdings Plc"/>
<dc element="dc.date.published" value="1997-04-29"/>
<dc element="dc.source" value="Reuters"/>
<dc element="dc.creator.location" value="REDMOND, Wash."/>
<dc element="dc.creator.location.country.name" value="USA"/>
<dc element="dc.source" value="Reuters"/>
</metadata>
</newsitem>
