<?xml version="1.0" encoding="iso-8859-1" ?>
<newsitem itemid="545728" id="root" date="1997-04-29" xml:lang="en">
<title>USA: Aspen Tech Q3 Mar 31 shr profit vs loss.</title>
<headline>Aspen Tech Q3 Mar 31 shr profit vs loss.</headline>
<dateline>CAMBRIDGE, Mass. 1997-04-29</dateline>
<text>
<p>ASPEN TECHNOLOGY, INC.</p>
<p>		 CONSOLIDATED CONDENSED STATEMENTS OF INCOME</p>
<p>		(Dollars in thousands, except per share data)</p>
<p>				Three months ended  Nine months ended</p>
<p>					 March 31,	   March 31,</p>
<p>					1997     1996     1997     1996</p>
<p> Total revenues		 47,976   31,092  127,045   62,301</p>
<p>Net income (loss) per common and common</p>
<p>    equivalent share	    0.27   (1.40)     0.24   (1.25)</p>
<p>Weighted average common and common equivalent</p>
<p>    shares outstanding	21,147   15,876   20,938   15,586</p>
<p>Pro Forma Excluding Charge</p>
<p>for In-Process Research and</p>
<p>Development  Operating income		7,919    3,159   15,767    5,863</p>
<p> Net income			5,627    2,185   12,040    4,885</p>
<p>Net income per common and common</p>
<p>    equivalent share	    0.27     0.13     0.58     0.29</p>
<p>Weighted average common</p>
<p>and common equivalent</p>
<p>   shares outstanding	 21,147   17,442   20,938   17,076</p>
</text>
<copyright>(c) Reuters Limited 1997</copyright>
<metadata>
<codes class="bip:countries:1.0">
  <code code="USA">
    <editdetail attribution="Reuters BIP Coding Group" action="confirmed" date="1997-04-29"/>
  </code>
</codes>
<codes class="bip:industries:1.0">
  <code code="I33020">
    <editdetail attribution="Reuters BIP Coding Group" action="confirmed" date="1997-04-29"/>
  </code>
</codes>
<codes class="bip:topics:1.0">
  <code code="C15">
    <editdetail attribution="Reuters BIP Coding Group" action="confirmed" date="1997-04-29"/>
  </code>
  <code code="C151">
    <editdetail attribution="Reuters BIP Coding Group" action="confirmed" date="1997-04-29"/>
  </code>
  <code code="CCAT">
    <editdetail attribution="Reuters BIP Coding Group" action="confirmed" date="1997-04-29"/>
  </code>
</codes>
<dc element="dc.date.created" value="1997-04-29"/>
<dc element="dc.publisher" value="Reuters Holdings Plc"/>
<dc element="dc.date.published" value="1997-04-29"/>
<dc element="dc.source" value="Reuters"/>
<dc element="dc.creator.location" value="CAMBRIDGE, Mass."/>
<dc element="dc.creator.location.country.name" value="USA"/>
<dc element="dc.source" value="Reuters"/>
</metadata>
</newsitem>
