<?xml version="1.0" encoding="iso-8859-1" ?>
<newsitem itemid="545791" id="root" date="1997-04-29" xml:lang="en">
<title>USA: BOK Financial Corp Q1 net rises.</title>
<headline>BOK Financial Corp Q1 net rises.</headline>
<dateline>TULSA, Okla. 1997-04-29</dateline>
<text>
<p>1997			1996</p>
<p> Shr primary	     $ 0.70		   $ 0.60</p>
<p> Shr diluted		 0.63		     0.54</p>
<p> Net			 15,347		   12,995</p>
<p> Avg shrs primary	21,494		   21,187</p>
<p> Avg shrs diluted	24,311		   24,018</p>
<p>(All data above 000s except per share numbers)</p>
<p>Assets $5.18 billion vs $4.26 bilion</p>
<p>Loans $2.50 billion vs $2.20 billion</p>
<p>Deposits $3.60 billion vs $3.19 billion</p>
<p>			 ((Chicago newsdesk 312 408 8787))</p>
</text>
<copyright>(c) Reuters Limited 1997</copyright>
<metadata>
<codes class="bip:countries:1.0">
  <code code="USA">
    <editdetail attribution="Reuters BIP Coding Group" action="confirmed" date="1997-04-29"/>
  </code>
</codes>
<codes class="bip:industries:1.0">
  <code code="I81402">
    <editdetail attribution="Reuters BIP Coding Group" action="confirmed" date="1997-04-29"/>
  </code>
</codes>
<codes class="bip:topics:1.0">
  <code code="C15">
    <editdetail attribution="Reuters BIP Coding Group" action="confirmed" date="1997-04-29"/>
  </code>
  <code code="C151">
    <editdetail attribution="Reuters BIP Coding Group" action="confirmed" date="1997-04-29"/>
  </code>
  <code code="CCAT">
    <editdetail attribution="Reuters BIP Coding Group" action="confirmed" date="1997-04-29"/>
  </code>
</codes>
<dc element="dc.date.created" value="1997-04-29"/>
<dc element="dc.publisher" value="Reuters Holdings Plc"/>
<dc element="dc.date.published" value="1997-04-29"/>
<dc element="dc.source" value="Reuters"/>
<dc element="dc.creator.location" value="TULSA, Okla."/>
<dc element="dc.creator.location.country.name" value="USA"/>
<dc element="dc.source" value="Reuters"/>
</metadata>
</newsitem>
