<?xml version="1.0" encoding="iso-8859-1" ?>
<newsitem itemid="545714" id="root" date="1997-04-29" xml:lang="en">
<title>USA: PACCAR splits stock, increases dividend.</title>
<headline>PACCAR splits stock, increases dividend.</headline>
<dateline>BELLEVUE, Wash 1997-04-29</dateline>
<text>
<p>PACCAR Inc on Tuesday said its board declared a two-for-one split of its common stock and increased its regular quarterly dividend by 20 percent to $0.15 cents per newly split share.</p>
<p>The truck manufacturer will issue the new shares on or before May 21 to stockholders of record at the close of business on May 9.</p>
<p>The quarterly cash dividend is payable on June 9 to stockholders of record at the close of business on May 28.</p>
</text>
<copyright>(c) Reuters Limited 1997</copyright>
<metadata>
<codes class="bip:countries:1.0">
  <code code="USA">
    <editdetail attribution="Reuters BIP Coding Group" action="confirmed" date="1997-04-29"/>
  </code>
</codes>
<codes class="bip:industries:1.0">
  <code code="I35102">
    <editdetail attribution="Reuters BIP Coding Group" action="confirmed" date="1997-04-29"/>
  </code>
</codes>
<codes class="bip:topics:1.0">
  <code code="C15">
    <editdetail attribution="Reuters BIP Coding Group" action="confirmed" date="1997-04-29"/>
  </code>
  <code code="C151">
    <editdetail attribution="Reuters BIP Coding Group" action="confirmed" date="1997-04-29"/>
  </code>
  <code code="C17">
    <editdetail attribution="Reuters BIP Coding Group" action="confirmed" date="1997-04-29"/>
  </code>
  <code code="C171">
    <editdetail attribution="Reuters BIP Coding Group" action="confirmed" date="1997-04-29"/>
  </code>
  <code code="CCAT">
    <editdetail attribution="Reuters BIP Coding Group" action="confirmed" date="1997-04-29"/>
  </code>
</codes>
<dc element="dc.date.created" value="1997-04-29"/>
<dc element="dc.publisher" value="Reuters Holdings Plc"/>
<dc element="dc.date.published" value="1997-04-29"/>
<dc element="dc.source" value="Reuters"/>
<dc element="dc.creator.location" value="BELLEVUE, Wash"/>
<dc element="dc.creator.location.country.name" value="USA"/>
<dc element="dc.source" value="Reuters"/>
</metadata>
</newsitem>
