<?xml version="1.0" encoding="iso-8859-1" ?>
<newsitem itemid="545788" id="root" date="1997-04-29" xml:lang="en">
<title>USA: Southern National/United Carolina merger approved.</title>
<headline>Southern National/United Carolina merger approved.</headline>
<dateline>WASHINGTON 1997-04-29</dateline>
<text>
<p>The U.S. Justice Department said Tuesday it approved the proposed merger of Southern National Corp and United Carolina Bancshares after they agreed to sell 20 branch offices.</p>
<p>The Justice Department's antitrust division said the banks agreed to divest 15 United Carolina branch offices and five Southern National branch offices. The branch offices have total deposits of about $488 million.</p>
<p>Department officials said the divestiture will resolve concerns the merger would have lessened competition in certain North Carolina markets.</p>
<p>They said the proposed merger still must be approved by the Federal Reserve Board.</p>
</text>
<copyright>(c) Reuters Limited 1997</copyright>
<metadata>
<codes class="bip:countries:1.0">
  <code code="USA">
    <editdetail attribution="Reuters BIP Coding Group" action="confirmed" date="1997-04-29"/>
  </code>
</codes>
<codes class="bip:industries:1.0">
  <code code="I81402">
    <editdetail attribution="Reuters BIP Coding Group" action="confirmed" date="1997-04-29"/>
  </code>
</codes>
<codes class="bip:topics:1.0">
  <code code="C13">
    <editdetail attribution="Reuters BIP Coding Group" action="confirmed" date="1997-04-29"/>
  </code>
  <code code="C18">
    <editdetail attribution="Reuters BIP Coding Group" action="confirmed" date="1997-04-29"/>
  </code>
  <code code="C181">
    <editdetail attribution="Reuters BIP Coding Group" action="confirmed" date="1997-04-29"/>
  </code>
  <code code="C182">
    <editdetail attribution="Reuters BIP Coding Group" action="confirmed" date="1997-04-29"/>
  </code>
  <code code="C34">
    <editdetail attribution="Reuters BIP Coding Group" action="confirmed" date="1997-04-29"/>
  </code>
  <code code="CCAT">
    <editdetail attribution="Reuters BIP Coding Group" action="confirmed" date="1997-04-29"/>
  </code>
</codes>
<dc element="dc.date.created" value="1997-04-29"/>
<dc element="dc.publisher" value="Reuters Holdings Plc"/>
<dc element="dc.date.published" value="1997-04-29"/>
<dc element="dc.source" value="Reuters"/>
<dc element="dc.creator.location" value="WASHINGTON"/>
<dc element="dc.creator.location.country.name" value="USA"/>
<dc element="dc.source" value="Reuters"/>
</metadata>
</newsitem>
