<?xml version="1.0" encoding="iso-8859-1" ?>
<newsitem itemid="545739" id="root" date="1997-04-29" xml:lang="en">
<title>USA: Sunquest Information Inc Q1 net income.</title>
<headline>Sunquest Information Inc Q1 net income.</headline>
<dateline>TUCSON, Ariz. 1997-04-29</dateline>
<text>
<p>(In thousands, except per share amounts)</p>
<p>						     Three Months Ended</p>
<p>							    March 31,</p>
<p>						     1997	  1996</p>
<p>Revenues:</p>
<p> System sales				  $12,818	$8,557</p>
<p> Support and service			  11,789	 8,160</p>
<p>Total revenues				  24,607	16,717</p>
<p>Operating expenses:</p>
<p> Cost of system sales			  6,393	 3,652</p>
<p> Client services				 6,119	 4,669</p>
<p> Research and development		    3,310	 2,387</p>
<p> Sales and marketing			   3,179	 2,400</p>
<p> General and administrative		  3,414	 1,932</p>
<p>Total operating expenses		    22,415	15,040</p>
<p>Operating income				 2,192	 1,677</p>
<p>Other income (expense):</p>
<p> Interest income				   385	    90</p>
<p> Interest expense				 (124)	 (387)</p>
<p> Other						(166)	  186</p>
<p>Income before income taxes		   2,287	 1,566</p>
<p>Income tax provision			     984	    31</p>
<p>Net income					$1,303	$1,535</p>
<p>Earnings per share determination:</p>
<p> Historical income before income taxes  $2,287	$1,566</p>
<p>Income tax provision:</p>
<p>   Actual					   $984	     -</p>
<p>   Pro forma					   -	   673</p>
<p>Applicable net income			 $1,303	  $893</p>
<p>Weighted-average shares outstanding     15,364	11,904</p>
<p>Net income per share:</p>
<p> Actual					    $0.08	     -</p>
<p> Pro forma					     -	 $0.08</p>
</text>
<copyright>(c) Reuters Limited 1997</copyright>
<metadata>
<codes class="bip:countries:1.0">
  <code code="USA">
    <editdetail attribution="Reuters BIP Coding Group" action="confirmed" date="1997-04-29"/>
  </code>
</codes>
<codes class="bip:industries:1.0">
  <code code="I83940">
    <editdetail attribution="Reuters BIP Coding Group" action="confirmed" date="1997-04-29"/>
  </code>
</codes>
<codes class="bip:topics:1.0">
  <code code="C15">
    <editdetail attribution="Reuters BIP Coding Group" action="confirmed" date="1997-04-29"/>
  </code>
  <code code="C151">
    <editdetail attribution="Reuters BIP Coding Group" action="confirmed" date="1997-04-29"/>
  </code>
  <code code="CCAT">
    <editdetail attribution="Reuters BIP Coding Group" action="confirmed" date="1997-04-29"/>
  </code>
</codes>
<dc element="dc.date.created" value="1997-04-29"/>
<dc element="dc.publisher" value="Reuters Holdings Plc"/>
<dc element="dc.date.published" value="1997-04-29"/>
<dc element="dc.source" value="Reuters"/>
<dc element="dc.creator.location" value="TUCSON, Ariz."/>
<dc element="dc.creator.location.country.name" value="USA"/>
<dc element="dc.source" value="Reuters"/>
</metadata>
</newsitem>
