<?xml version="1.0" encoding="iso-8859-1" ?>
<newsitem itemid="545783" id="root" date="1997-04-29" xml:lang="en">
<title>USA: U.S. Sen. Lott sees chance for budget soon.</title>
<headline>U.S. Sen. Lott sees chance for budget soon.</headline>
<dateline>WASHINGTON 1997-04-29</dateline>
<text>
<p>Senate Majority Leader Trent Lott said Tuesday he sees an opportunity to conclude a budget agreement with the White House and Democrats within 24 hours.</p>
<p>Speaking to reporters after the weekly Republican policy lunch, the Mississippi Republican, said he expected to talk with President Clinton before the end of the day.  Senate Budget Committee chairman Pete Domenici, Republican of New Mexico, said discussions on proposed tax cuts were &quot;within a range&quot; of dollars where an agreement could be reached.  </p>
<p>&quot;We have an opportunity here in the next 24 hours to come to closure on this,&quot; Lott said as he warned that delays would make it more difficult to hold enough support to pass the budget.</p>
<p>He said his goal is to reach agreement with the White House and finish Senate action on the budget before the May 23 recess for the Memorial Day holiday.  This is also the date by which the House and Senate aim to have passed a major fiscal 1997 supplemental spending bill which would provide about $8 billion for disaster relief and military operations.</p>
<p>Lott said the administration needed to reduce the spending it proposed for new programs and for existing domestic programs if there were to be an agreement.</p>
<p>He and Domenici reiterated Republican belief that any adjustment in the consumer price index should be based on recommendations for techical adjustments made by the Bureau of Labor Statistics. &quot;There will be no legislated, mandated numbers for CPI,&quot; Domenici said.</p>
</text>
<copyright>(c) Reuters Limited 1997</copyright>
<metadata>
<codes class="bip:countries:1.0">
  <code code="USA">
    <editdetail attribution="Reuters BIP Coding Group" action="confirmed" date="1997-04-29"/>
  </code>
</codes>
<codes class="bip:topics:1.0">
  <code code="E21">
    <editdetail attribution="Reuters BIP Coding Group" action="confirmed" date="1997-04-29"/>
  </code>
  <code code="E211">
    <editdetail attribution="Reuters BIP Coding Group" action="confirmed" date="1997-04-29"/>
  </code>
  <code code="ECAT">
    <editdetail attribution="Reuters BIP Coding Group" action="confirmed" date="1997-04-29"/>
  </code>
  <code code="GCAT">
    <editdetail attribution="Reuters BIP Coding Group" action="confirmed" date="1997-04-29"/>
  </code>
  <code code="GPOL">
    <editdetail attribution="Reuters BIP Coding Group" action="confirmed" date="1997-04-29"/>
  </code>
</codes>
<dc element="dc.date.created" value="1997-04-29"/>
<dc element="dc.publisher" value="Reuters Holdings Plc"/>
<dc element="dc.date.published" value="1997-04-29"/>
<dc element="dc.source" value="Reuters"/>
<dc element="dc.creator.location" value="WASHINGTON"/>
<dc element="dc.creator.location.country.name" value="USA"/>
<dc element="dc.source" value="Reuters"/>
</metadata>
</newsitem>
