<?xml version="1.0" encoding="iso-8859-1" ?>
<newsitem itemid="545794" id="root" date="1997-04-29" xml:lang="en">
<title>USA: Inter-City Q1 shr profit vs loss.</title>
<headline>Inter-City Q1 shr profit vs loss.</headline>
<dateline>NASHVILLE, Tenn. 1997-04-29</dateline>
<text>
<p>(Unaudited)</p>
<p>				 Three Months Ended March 31</p>
<p>						1997     1996</p>
<p> Operating revenue		    $136.6   $128.6</p>
<p> Cost of sales			   108.7    105.1</p>
<p> Gross margin			     27.9     23.5</p>
<p> SG&amp;A expenses			    21.5     19.5</p>
<p> Operating profit			  6.4	4.0</p>
<p> Financial expenses			5.0	5.1</p>
<p> Income/(loss) from continuing	 1.4    (1.1)</p>
<p>operations</p>
<p> Discontinued operations		   -    (3.1)</p>
<p> Net income/(loss)			 1.4    (4.2)</p>
<p>EARNINGS/(LOSS) PER SHARE</p>
<p>					     1997	1996</p>
<p> From continuing operations	  $0.04  $(0.03)</p>
<p> After discontinued operations	0.04   (0.11)</p>
<p>FINANCIAL POSITION</p>
<p>					     March 31</p>
<p>					     1997	1996</p>
<p> Accounts receivable		   102.7     89.1</p>
<p> Inventories			     126.9    107.7</p>
<p> Total assets			    368.6    364.7</p>
<p> Working capital			 112.9     61.9</p>
<p> Short-term borrowings		  59.3     43.0</p>
<p> Long-term debt			  165.0    140.0</p>
<p> Shareholders' equity		   31.1     14.5</p>
<p>(In Millions of U.S. Dollars except per share amounts)</p>
<p>NOTE: The company's full name is Inter-City Products Corp.</p>
<p>The company attributed improved revenue to broad-based economic strength in the industry, the strengthening of the company's network of independent distribution and expanded product offerings.</p>
</text>
<copyright>(c) Reuters Limited 1997</copyright>
<metadata>
<codes class="bip:countries:1.0">
  <code code="USA">
    <editdetail attribution="Reuters BIP Coding Group" action="confirmed" date="1997-04-29"/>
  </code>
</codes>
<codes class="bip:industries:1.0">
  <code code="I32840">
    <editdetail attribution="Reuters BIP Coding Group" action="confirmed" date="1997-04-29"/>
  </code>
</codes>
<codes class="bip:topics:1.0">
  <code code="C15">
    <editdetail attribution="Reuters BIP Coding Group" action="confirmed" date="1997-04-29"/>
  </code>
  <code code="C151">
    <editdetail attribution="Reuters BIP Coding Group" action="confirmed" date="1997-04-29"/>
  </code>
  <code code="CCAT">
    <editdetail attribution="Reuters BIP Coding Group" action="confirmed" date="1997-04-29"/>
  </code>
</codes>
<dc element="dc.date.created" value="1997-04-29"/>
<dc element="dc.publisher" value="Reuters Holdings Plc"/>
<dc element="dc.date.published" value="1997-04-29"/>
<dc element="dc.source" value="Reuters"/>
<dc element="dc.creator.location" value="NASHVILLE, Tenn."/>
<dc element="dc.creator.location.country.name" value="USA"/>
<dc element="dc.source" value="Reuters"/>
</metadata>
</newsitem>
