<?xml version="1.0" encoding="iso-8859-1" ?>
<newsitem itemid="545798" id="root" date="1997-04-29" xml:lang="en">
<title>USA: Capstar to acquire Gulfstar Communications.</title>
<headline>Capstar to acquire Gulfstar Communications.</headline>
<dateline>NEW YORK 1997-04-29</dateline>
<text>
<p>Capstar Broadcasting Partners said Tuesday that it will acquire Gulfstar Communications Inc, the largest owner of radio stations in the Southwestern United States, in a transaction that will create a company with an enterprise value of more than $1 billion.</p>
<p>Both companies are base in Austin, Texas.</p>
<p>Capstar is a radio broadcasting company formed in May 1996 by Hicks, Muse, Tate &amp; Furst Inc of Dallas, a leading private investment firm, and R. Steven Hicks, Capstar's president and chief executive officer.</p>
<p>Capstar said the all-stock transaction is subject to regulatory approval and the completion of the previously announced initial public stock offering by Capstar.</p>
<p>The combination of Capstar with Gulfstar, which was formed in 1992 by Hicks and his brother, Thomas Hicks, brings to 229 the number of stations Capstar will have upon completion of all announced transactions, Capstar said.</p>
</text>
<copyright>(c) Reuters Limited 1997</copyright>
<metadata>
<codes class="bip:countries:1.0">
  <code code="USA">
    <editdetail attribution="Reuters BIP Coding Group" action="confirmed" date="1997-04-29"/>
  </code>
</codes>
<codes class="bip:industries:1.0">
  <code code="I81502">
    <editdetail attribution="Reuters BIP Coding Group" action="confirmed" date="1997-04-29"/>
  </code>
  <code code="I8150203">
    <editdetail attribution="Reuters BIP Coding Group" action="confirmed" date="1997-04-29"/>
  </code>
  <code code="I9741105">
    <editdetail attribution="Reuters BIP Coding Group" action="confirmed" date="1997-04-29"/>
  </code>
</codes>
<codes class="bip:topics:1.0">
  <code code="C18">
    <editdetail attribution="Reuters BIP Coding Group" action="confirmed" date="1997-04-29"/>
  </code>
  <code code="C181">
    <editdetail attribution="Reuters BIP Coding Group" action="confirmed" date="1997-04-29"/>
  </code>
  <code code="CCAT">
    <editdetail attribution="Reuters BIP Coding Group" action="confirmed" date="1997-04-29"/>
  </code>
</codes>
<dc element="dc.date.created" value="1997-04-29"/>
<dc element="dc.publisher" value="Reuters Holdings Plc"/>
<dc element="dc.date.published" value="1997-04-29"/>
<dc element="dc.source" value="Reuters"/>
<dc element="dc.creator.location" value="NEW YORK"/>
<dc element="dc.creator.location.country.name" value="USA"/>
<dc element="dc.source" value="Reuters"/>
</metadata>
</newsitem>
