<?xml version="1.0" encoding="iso-8859-1" ?>
<newsitem itemid="545756" id="root" date="1997-04-29" xml:lang="en">
<title>USA: Printronix Inc Q4 net rises.</title>
<headline>Printronix Inc Q4 net rises.</headline>
<dateline>IRVINE, Calif. 1997-04-29</dateline>
<text>
<p>Consolidated Statement of Operations (Unaudited)</p>
<p>			Three Months Ended     Twelve Months Ended</p>
<p>			  3/28/97    3/29/96     3/28/97    3/29/96</p>
<p>			  (Dollars in Thousands, Except Share Data)</p>
<p> Sales		  $40,957    $40,449    $173,290   $159,261</p>
<p> Cost of Sales	 29,104     31,413     127,347    121,765</p>
<p> Gross Profit	  11,853	9,036	45,943     37,496</p>
<p> Operating Expenses   8,502	7,933	34,244     31,151</p>
<p>Income from Operations</p>
<p>			    3,351	1,103	11,699	6,345</p>
<p>Other (Income)/Expense,</p>
<p>  Net		     (342)	(231)	 (441)	(582)</p>
<p> Income Before Taxes  3,693	1,334	12,140	6,927</p>
<p> Provision for Taxes    155	    0	   469	  156</p>
<p> Net Income	     3,538	1,334	11,671	6,771</p>
<p>Earnings Per Share:</p>
<p>  Primary		  0.42	 0.16	  1.40	 0.82</p>
<p>  Fully Diluted	  0.42	 0.16	  1.40	 0.82</p>
<p>Average Shares Outstanding:</p>
<p>  Primary	   8,347,745  8,213,555   8,308,916  8,246,454</p>
<p>  Fully Diluted   8,347,974  8,213,555   8,331,564  8,246,454</p>
<p> Gross Profit %	 28.9%	22.3%	 26.5%	23.5%</p>
<p> Operating Expense %  20.8%	19.6%	 19.8%	19.6%</p>
<p> Net Income %	    8.6%	 3.3%	  6.7%	 4.3%</p>
</text>
<copyright>(c) Reuters Limited 1997</copyright>
<metadata>
<codes class="bip:countries:1.0">
  <code code="USA">
    <editdetail attribution="Reuters BIP Coding Group" action="confirmed" date="1997-04-29"/>
  </code>
</codes>
<codes class="bip:industries:1.0">
  <code code="I33020">
    <editdetail attribution="Reuters BIP Coding Group" action="confirmed" date="1997-04-29"/>
  </code>
  <code code="I3302013">
    <editdetail attribution="Reuters BIP Coding Group" action="confirmed" date="1997-04-29"/>
  </code>
</codes>
<codes class="bip:topics:1.0">
  <code code="C15">
    <editdetail attribution="Reuters BIP Coding Group" action="confirmed" date="1997-04-29"/>
  </code>
  <code code="C151">
    <editdetail attribution="Reuters BIP Coding Group" action="confirmed" date="1997-04-29"/>
  </code>
  <code code="C1511">
    <editdetail attribution="Reuters BIP Coding Group" action="confirmed" date="1997-04-29"/>
  </code>
  <code code="CCAT">
    <editdetail attribution="Reuters BIP Coding Group" action="confirmed" date="1997-04-29"/>
  </code>
</codes>
<dc element="dc.date.created" value="1997-04-29"/>
<dc element="dc.publisher" value="Reuters Holdings Plc"/>
<dc element="dc.date.published" value="1997-04-29"/>
<dc element="dc.source" value="Reuters"/>
<dc element="dc.creator.location" value="IRVINE, Calif."/>
<dc element="dc.creator.location.country.name" value="USA"/>
<dc element="dc.source" value="Reuters"/>
</metadata>
</newsitem>
