<?xml version="1.0" encoding="iso-8859-1" ?>
<newsitem itemid="545775" id="root" date="1997-04-29" xml:lang="en">
<title>USA: IPALCO Enterprises Inc Q1 net up, EPS flat.</title>
<headline>IPALCO Enterprises Inc Q1 net up, EPS flat.</headline>
<dateline>INDIANAPOLIS 1997-04-29</dateline>
<text>
<p>First Quarter Earnings Report</p>
<p>			  Three Months		   Twelve Months</p>
<p>			    Ended			     Ended</p>
<p>			   March 31			  March 31</p>
<p>			  1997     1996		  1997	1996</p>
<p> EPS		    $.63     $.63		 $2.02     $1.91</p>
<p>Utility Operating Revenues</p>
<p>		     200,286  196,446	     766,343   730,134</p>
<p>Utility Operating Income</p>
<p>			47,593   44,844	     165,967   154,155</p>
<p> Net  Income	36,107   35,548	     114,834   108,422</p>
<p> Average Shares   57,037   56,863		56,968    56,780</p>
<p>(In thousands, except EPS)</p>
<p>((--Chicago newsdesk, 312-408-8787))</p>
</text>
<copyright>(c) Reuters Limited 1997</copyright>
<metadata>
<codes class="bip:countries:1.0">
  <code code="USA">
    <editdetail attribution="Reuters BIP Coding Group" action="confirmed" date="1997-04-29"/>
  </code>
</codes>
<codes class="bip:industries:1.0">
  <code code="I16100">
    <editdetail attribution="Reuters BIP Coding Group" action="confirmed" date="1997-04-29"/>
  </code>
</codes>
<codes class="bip:topics:1.0">
  <code code="C15">
    <editdetail attribution="Reuters BIP Coding Group" action="confirmed" date="1997-04-29"/>
  </code>
  <code code="C151">
    <editdetail attribution="Reuters BIP Coding Group" action="confirmed" date="1997-04-29"/>
  </code>
  <code code="CCAT">
    <editdetail attribution="Reuters BIP Coding Group" action="confirmed" date="1997-04-29"/>
  </code>
</codes>
<dc element="dc.date.created" value="1997-04-29"/>
<dc element="dc.publisher" value="Reuters Holdings Plc"/>
<dc element="dc.date.published" value="1997-04-29"/>
<dc element="dc.source" value="Reuters"/>
<dc element="dc.creator.location" value="INDIANAPOLIS"/>
<dc element="dc.creator.location.country.name" value="USA"/>
<dc element="dc.source" value="Reuters"/>
</metadata>
</newsitem>
