<?xml version="1.0" encoding="iso-8859-1" ?>
<newsitem itemid="545743" id="root" date="1997-04-29" xml:lang="en">
<title>USA: Alpharma gets FDA nod to sell Acyclovir.</title>
<headline>Alpharma gets FDA nod to sell Acyclovir.</headline>
<dateline>FORT LEE, N.J. 1997-04-29</dateline>
<text>
<p>Alpharma Inc said Tuesday it has received approval from the Food and Drug Administration to manufacture and market Acyclovir Oral Suspension.</p>
<p>Acyclovir, said the company, is the generic equivalent of Zovirax produced by Glaxo Wellcome Plc and is used in the treatment of genital herpes, shingles and chickenpox.  The patent on Zovirax expired a few days ago, Alpharma said.</p>
<p>The latest addition to Alpharma's anti-viral category of liquid pharmaceutical products, Acyclovir Oral Suspension will be marketed exclusively by its U.S. Pharmaceuticals division.</p>
<p>The company added that although certain tablet and capsule companies have announced the launch of generic Acyclovir equivalents, Alpharma presently has the only liquid application in this market.</p>
<p>Alpharma manufactures and markets specialty generic and proprietary human pharmaceuticals and animal health products.</p>
</text>
<copyright>(c) Reuters Limited 1997</copyright>
<metadata>
<codes class="bip:countries:1.0">
  <code code="USA">
    <editdetail attribution="Reuters BIP Coding Group" action="confirmed" date="1997-04-29"/>
  </code>
</codes>
<codes class="bip:industries:1.0">
  <code code="I25700">
    <editdetail attribution="Reuters BIP Coding Group" action="confirmed" date="1997-04-29"/>
  </code>
</codes>
<codes class="bip:topics:1.0">
  <code code="C13">
    <editdetail attribution="Reuters BIP Coding Group" action="confirmed" date="1997-04-29"/>
  </code>
  <code code="C22">
    <editdetail attribution="Reuters BIP Coding Group" action="confirmed" date="1997-04-29"/>
  </code>
  <code code="CCAT">
    <editdetail attribution="Reuters BIP Coding Group" action="confirmed" date="1997-04-29"/>
  </code>
</codes>
<dc element="dc.date.created" value="1997-04-29"/>
<dc element="dc.publisher" value="Reuters Holdings Plc"/>
<dc element="dc.date.published" value="1997-04-29"/>
<dc element="dc.source" value="Reuters"/>
<dc element="dc.creator.location" value="FORT LEE, N.J."/>
<dc element="dc.creator.location.country.name" value="USA"/>
<dc element="dc.source" value="Reuters"/>
</metadata>
</newsitem>
