<?xml version="1.0" encoding="iso-8859-1" ?>
<newsitem itemid="545780" id="root" date="1997-04-29" xml:lang="en">
<title>USA: G&amp;K Services names chief financial officer.</title>
<headline>G&amp;K Services names chief financial officer.</headline>
<dateline>MINNEAPOLIS 1997-04-29</dateline>
<text>
<p>G&amp;K Services Inc on Tuesday said it named Timothy Kuck chief financial officer.</p>
<p>Before joining the uniform supply company, Kuck was president of EBPI Life Insurance Co and senior vice president of First Health, both divisions of First Data Corp.</p>
<p>Kuck, who will begin his new job May 12, is replacing Steve LaBelle, who left the company in January.</p>
<p>G&amp;K shares were up 3/4 at 30-1/4 early Tuesday afternoon.</p>
<p>((Chicago newsdesk, 312-408-8787))</p>
</text>
<copyright>(c) Reuters Limited 1997</copyright>
<metadata>
<codes class="bip:countries:1.0">
  <code code="USA">
    <editdetail attribution="Reuters BIP Coding Group" action="confirmed" date="1997-04-29"/>
  </code>
</codes>
<codes class="bip:industries:1.0">
  <code code="I43000">
    <editdetail attribution="Reuters BIP Coding Group" action="confirmed" date="1997-04-29"/>
  </code>
  <code code="I83940">
    <editdetail attribution="Reuters BIP Coding Group" action="confirmed" date="1997-04-29"/>
  </code>
</codes>
<codes class="bip:topics:1.0">
  <code code="C41">
    <editdetail attribution="Reuters BIP Coding Group" action="confirmed" date="1997-04-29"/>
  </code>
  <code code="C411">
    <editdetail attribution="Reuters BIP Coding Group" action="confirmed" date="1997-04-29"/>
  </code>
  <code code="CCAT">
    <editdetail attribution="Reuters BIP Coding Group" action="confirmed" date="1997-04-29"/>
  </code>
</codes>
<dc element="dc.date.created" value="1997-04-29"/>
<dc element="dc.publisher" value="Reuters Holdings Plc"/>
<dc element="dc.date.published" value="1997-04-29"/>
<dc element="dc.source" value="Reuters"/>
<dc element="dc.creator.location" value="MINNEAPOLIS"/>
<dc element="dc.creator.location.country.name" value="USA"/>
<dc element="dc.source" value="Reuters"/>
</metadata>
</newsitem>
