<?xml version="1.0" encoding="iso-8859-1" ?>
<newsitem itemid="545787" id="root" date="1997-04-29" xml:lang="en">
<title>USA: United Security Bancorp Q1 shr $0.27.</title>
<headline>United Security Bancorp Q1 shr $0.27.</headline>
<dateline>SPOKANE, Wash. 1997-04-29</dateline>
<text>
<p>UNITED SECURITY BANCORPORATION FINANCIAL</p>
<p>				     HIGHLIGHTS (unaudited)</p>
<p>			    ($ in thousands except per share)</p>
<p>						     First Quarter Ended</p>
<p>							    March 31,</p>
<p>						    1997		1996</p>
<p> Interest Income			     5,322		4,767</p>
<p> Interest Expense			    2,112		1,922</p>
<p> Provision for Loan Losses		   153		  146</p>
<p>Net interest Income</p>
<p>   After Provision for Loan Losses     3,057		2,699</p>
<p> Noninterest Income			    632		  745</p>
<p> Noninterest Expense			 2,224		2,142</p>
<p> Income Before Income Tax		  1,465		1,302</p>
<p> Income Tax					476		  463</p>
<p> Net Income					989		  839</p>
<p> Earnings Per Share*			   .27		  .23</p>
<p>Weighted Average Shares</p>
<p>  Outstanding*			   3,682,341	  3,665,049</p>
</text>
<copyright>(c) Reuters Limited 1997</copyright>
<metadata>
<codes class="bip:countries:1.0">
  <code code="USA">
    <editdetail attribution="Reuters BIP Coding Group" action="confirmed" date="1997-04-29"/>
  </code>
</codes>
<codes class="bip:industries:1.0">
  <code code="I81402">
    <editdetail attribution="Reuters BIP Coding Group" action="confirmed" date="1997-04-29"/>
  </code>
</codes>
<codes class="bip:topics:1.0">
  <code code="C15">
    <editdetail attribution="Reuters BIP Coding Group" action="confirmed" date="1997-04-29"/>
  </code>
  <code code="C151">
    <editdetail attribution="Reuters BIP Coding Group" action="confirmed" date="1997-04-29"/>
  </code>
  <code code="CCAT">
    <editdetail attribution="Reuters BIP Coding Group" action="confirmed" date="1997-04-29"/>
  </code>
</codes>
<dc element="dc.date.created" value="1997-04-29"/>
<dc element="dc.publisher" value="Reuters Holdings Plc"/>
<dc element="dc.date.published" value="1997-04-29"/>
<dc element="dc.source" value="Reuters"/>
<dc element="dc.creator.location" value="SPOKANE, Wash."/>
<dc element="dc.creator.location.country.name" value="USA"/>
<dc element="dc.source" value="Reuters"/>
</metadata>
</newsitem>
