<?xml version="1.0" encoding="iso-8859-1" ?>
<newsitem itemid="545737" id="root" date="1997-04-29" xml:lang="en">
<title>USA: U.S. stock index futures soar to huge daily gains.</title>
<headline>U.S. stock index futures soar to huge daily gains.</headline>
<dateline>CHICAGO 1997-04-29</dateline>
<text>
<p>U.S. stock index futures soared to huge daily gains in a widespread rally that resulted in some of the biggest single-day point gains ever.</p>
<p>The Standard &amp; Poor's 500 index closed up 21.09 points at 794.05, its second biggest closing gain since the broad-based benchmark index closed up 21.55 points on October 21, 1987, according to Standard &amp; Poor's data.</p>
<p>S&amp;P 500 futures settled up 24.60 points at 799.80. Floor brokers said the futures rise was among the two or three biggest daily gains ever, although the Chicago Mercantile Exchange does not keep track of daily net point changes.  </p>
<p>&quot;I've been in S&amp;Ps for many years, and I'd say this is one of the biggest,&quot; said one S&amp;P 500 futures broker of the day's net point gain. &quot;This is comparable (to cash S&amp;Ps).&quot;</p>
<p>Activity swelled again late on an influx of dealer and local buying that emerged after U.S. Treasury bond futures closed with point-plus gains and near day's peaks.</p>
<p>&quot;It was straight up, good aggressive buying,&quot; said the broker.</p>
<p>He also noted signs that arbitrageurs were executing buy programs manually, without use of the New York Stock Exchange's computer.  </p>
<p>The NYSE's index arb curb kicked in hours earlier when the Dow 30 Industrial index had risen 50 points.</p>
<p>The rally in nearby S&amp;P 500s, which occurred on volume estimated on the price boards at about 80,000 June futures, rammed into a ceiling at 800.00, the day's peak and considered a key resistance level.</p>
<p>At the same time, cash S&amp;P 500s stalled near 795.00, solid resistance hit on the March 3 price &quot;valley&quot; formed between the February 19 and March 11 peaks, according to Jay Hohmann, head futures trader, Donaldson, Lufkin &amp; Jenrette.  </p>
<p>Some brokers said the rise, which some said may have lifted futures closer to overbought territory, might be overextended and vulnerable to a small setback soon.</p>
<p>&quot;I'm skeptical,&quot; said the floor broker. &quot;It just seems a little overdone, a little overinflated. I wouldn't be surprised to see this thing come back down.&quot;</p>
<p>He pegged interim support at 796.00 for nearby S&amp;P 500s.</p>
<p>Futures romped higher before pit trading opened, surging from small overnight losses after T-bond futures soared on weaker than expected U.S. economic data that analysts said made them rethink the need for more credit tightening.  </p>
<p>The first-quarter U.S. employment cost index rose 0.6 percent compared to expectations for a 0.9 percent increase.</p>
<p>March U.S. durable goods orders fell 3.0 percent versus forecasts for no change in the volatile measure.</p>
<p>The Conference Board said consumer confidence in April slipped to 116.8 against forecasts for 118.4.</p>
<p>Traders said remarks by Federal Reserve Chairman Alan Greenspan at the IMF/World Bank meeting had little effect.</p>
<p>June S&amp;Ps rose 24.60 to 799.80, Value Lines up 17.30 to 700.50, Nikkei up 225.0 at 18,875.0, Midcap up 6.70 at 257.70, Russell rose 6.35 to 344.25, Nasdaq rose 29.00 to 865.75. ((DerivativesDesk(312)408-8750)) E-mail:derivatives@reuters.com</p>
</text>
<copyright>(c) Reuters Limited 1997</copyright>
<metadata>
<codes class="bip:countries:1.0">
  <code code="USA">
    <editdetail attribution="Reuters BIP Coding Group" action="confirmed" date="1997-04-29"/>
  </code>
</codes>
<codes class="bip:topics:1.0">
  <code code="M11">
    <editdetail attribution="Reuters BIP Coding Group" action="confirmed" date="1997-04-29"/>
  </code>
  <code code="MCAT">
    <editdetail attribution="Reuters BIP Coding Group" action="confirmed" date="1997-04-29"/>
  </code>
</codes>
<dc element="dc.date.created" value="1997-04-29"/>
<dc element="dc.publisher" value="Reuters Holdings Plc"/>
<dc element="dc.date.published" value="1997-04-29"/>
<dc element="dc.source" value="Reuters"/>
<dc element="dc.creator.location" value="CHICAGO"/>
<dc element="dc.creator.location.country.name" value="USA"/>
<dc element="dc.source" value="Reuters"/>
</metadata>
</newsitem>
