<?xml version="1.0" encoding="iso-8859-1" ?>
<newsitem itemid="545773" id="root" date="1997-04-29" xml:lang="en">
<title>USA: U.S. mortgage-backeds plow ahead, spreads widen.</title>
<headline>U.S. mortgage-backeds plow ahead, spreads widen.</headline>
<dateline>NEW YORK 1997-04-29</dateline>
<text>
<p>U.S. mortgage-backed securities remained sharply higher, but yield spreads to Treasuries were wider in late trade on Tuesday.</p>
<p>Two market-friendly reports on U.S. economic data sent Treasury prices surging more than a full point. Pass-through spreads widened sharply at first but recovered relatively well by late afternoon, traders said.</p>
<p>&quot;We did pretty well today despite the sharp spike in (Treasury) paper,&quot; said one pass-through trader at a regional bank. He said there was better buying on the widening.  </p>
<p>By late afternoon, Ginnie Mae 30-year 8.0-percent paper was up 15/32 at 101-01/32, yielding 105 basis points over the five-year Treasury note.</p>
<p>Comparable Fannie Mae paper rose 17/32 to 101-03/32, and Freddie Mac issues were up 19/32 at 101-12/32.</p>
<p>Five-year Treasuries were up 22/32 at 6.63 percent, and 10-year notes were up 33/32 at 6.76 percent.</p>
<p>The Labor Department reported the much-anticipated Employment Cost Index rose just 0.6 percent in the first quarter, much lower than the 0.9-percent consensus forecast of economists polled by Reuters.</p>
</text>
<copyright>(c) Reuters Limited 1997</copyright>
<metadata>
<codes class="bip:countries:1.0">
  <code code="USA">
    <editdetail attribution="Reuters BIP Coding Group" action="confirmed" date="1997-04-29"/>
  </code>
</codes>
<codes class="bip:topics:1.0">
  <code code="M12">
    <editdetail attribution="Reuters BIP Coding Group" action="confirmed" date="1997-04-29"/>
  </code>
  <code code="MCAT">
    <editdetail attribution="Reuters BIP Coding Group" action="confirmed" date="1997-04-29"/>
  </code>
</codes>
<dc element="dc.date.created" value="1997-04-29"/>
<dc element="dc.publisher" value="Reuters Holdings Plc"/>
<dc element="dc.date.published" value="1997-04-29"/>
<dc element="dc.source" value="Reuters"/>
<dc element="dc.creator.location" value="NEW YORK"/>
<dc element="dc.creator.location.country.name" value="USA"/>
<dc element="dc.source" value="Reuters"/>
</metadata>
</newsitem>
