<?xml version="1.0" encoding="iso-8859-1" ?>
<newsitem itemid="545768" id="root" date="1997-04-29" xml:lang="en">
<title>USA: CSCE cocoa futures tumble to eight-week lows.</title>
<headline>CSCE cocoa futures tumble to eight-week lows.</headline>
<dateline>NEW YORK 1997-04-29</dateline>
<text>
<p>CSCE cocoa futures plunged to eight-week lows on Tuesday, on heavy speculative long liquidation amid bearish technical indicators and plentiful nearby supplies, dealers said.</p>
<p>&quot;Technically and fundamentally there is nothing to support the market at this point,&quot; said Dean Witter analyst Corey Bell. &quot;It's well understood that there's cocoa available if someone wants to take delivery and it's reflected in certified warehouse stocks.&quot;</p>
<p>Benchmark July futures plummeted to a low of $1,397 a tonne before light industry buying emerged, traders said.</p>
<p>By the close, July stood at $1,414, down $40 -- or about three percent on the day. Spot May fell $34, to $1,408, while the back months closed $37 to $41 lower.</p>
<p>Prices rose at the outset, but July's inability to get past chart resistance at $1,469 and the market's inability to follow-through on the upside set the stage for today's sharp reversal, traders said.</p>
<p>Downward momentum accelerated after the July contract slid through support at $1,440 and then $1,410.</p>
<p>Some traders said there may have been a delayed reaction to yesterday's news that industry sources in Abidjan were predicting the Ivorian 1996/97 main crop (Oct-April) would exceed a million tonnes. Additionally, Ivorian analysts pegged preliminary mid-crop (May-Sept) estimates at 180,000 tonnes.</p>
<p>Many earlier estimates projected a main crop of less than one million tonnes and a mid-crop under 150,000 tonnes.</p>
<p>In the 1995/96 season season, Ivory Coast, the world's top grower of cocoa, produced a record total yield of 1.2 million tonnes.</p>
<p>&quot;It may not match last year's production,&quot; said Dean Witter's Bell, &quot;but it's sure coming close.&quot;</p>
<p>Bell said the market may correct higher tomorrow, but would probably face resistance at $1,440 basis July. He pegged July near-term support at $1,400, with a solid downside target at $1,360.</p>
<p>Volume reached an estimated 12,954 lots.</p>
<p>((--Patricia Avidan, New York Commodity Desk 212 859 1640))</p>
</text>
<copyright>(c) Reuters Limited 1997</copyright>
<metadata>
<codes class="bip:countries:1.0">
  <code code="USA">
    <editdetail attribution="Reuters BIP Coding Group" action="confirmed" date="1997-04-29"/>
  </code>
</codes>
<codes class="bip:topics:1.0">
  <code code="M14">
    <editdetail attribution="Reuters BIP Coding Group" action="confirmed" date="1997-04-29"/>
  </code>
  <code code="M141">
    <editdetail attribution="Reuters BIP Coding Group" action="confirmed" date="1997-04-29"/>
  </code>
  <code code="MCAT">
    <editdetail attribution="Reuters BIP Coding Group" action="confirmed" date="1997-04-29"/>
  </code>
</codes>
<dc element="dc.date.created" value="1997-04-29"/>
<dc element="dc.publisher" value="Reuters Holdings Plc"/>
<dc element="dc.date.published" value="1997-04-29"/>
<dc element="dc.source" value="Reuters"/>
<dc element="dc.creator.location" value="NEW YORK"/>
<dc element="dc.creator.location.country.name" value="USA"/>
<dc element="dc.source" value="Reuters"/>
</metadata>
</newsitem>
