<?xml version="1.0" encoding="iso-8859-1" ?>
<newsitem itemid="545799" id="root" date="1997-04-29" xml:lang="en">
<title>USA: Waigel - Germany wants strong, not stronger dollar.</title>
<headline>Waigel - Germany wants strong, not stronger dollar.</headline>
<dateline>NEW YORK 1997-04-29</dateline>
<text>
<p>German policy makers were united in their view of not wanting a much stronger dollar, German Finance Minister Theo Waigel said on Tuesday.</p>
<p>&quot;We want a strong dollar but not a stronger dollar,&quot; Waigel said when asked about the dollar's current level.</p>
<p>On Sunday, Bundesbank President Hans Tietmeyer also said that the U.S. is interested in a strong but not stronger dollar. Waigel said that the G7 nations had sent a signal to the markets with their communique at the weekend meeting.</p>
<p>&quot;And now we have to wait and see,&quot; Waigel said referring to the market's reaction to that statement.</p>
<p>At 1511 EDT/1911 GMT, the dollar was trading at 1.7234/38 marks, down from its opening level of 1.7320/30 marks and its 55-month peak of 1.7389 reached in Tokyo trade on Monday.</p>
<p>((--Svea Herbst-Bayliss, 212-859-1660))</p>
</text>
<copyright>(c) Reuters Limited 1997</copyright>
<metadata>
<codes class="bip:countries:1.0">
  <code code="GFR">
    <editdetail attribution="Reuters BIP Coding Group" action="confirmed" date="1997-04-29"/>
  </code>
  <code code="USA">
    <editdetail attribution="Reuters BIP Coding Group" action="confirmed" date="1997-04-29"/>
  </code>
</codes>
<codes class="bip:topics:1.0">
  <code code="M13">
    <editdetail attribution="Reuters BIP Coding Group" action="confirmed" date="1997-04-29"/>
  </code>
  <code code="M132">
    <editdetail attribution="Reuters BIP Coding Group" action="confirmed" date="1997-04-29"/>
  </code>
  <code code="MCAT">
    <editdetail attribution="Reuters BIP Coding Group" action="confirmed" date="1997-04-29"/>
  </code>
</codes>
<dc element="dc.date.created" value="1997-04-29"/>
<dc element="dc.publisher" value="Reuters Holdings Plc"/>
<dc element="dc.date.published" value="1997-04-29"/>
<dc element="dc.source" value="Reuters"/>
<dc element="dc.creator.location" value="NEW YORK"/>
<dc element="dc.creator.location.country.name" value="USA"/>
<dc element="dc.source" value="Reuters"/>
</metadata>
</newsitem>
