<?xml version="1.0" encoding="iso-8859-1" ?>
<newsitem itemid="545795" id="root" date="1997-04-29" xml:lang="en">
<title>USA: Liqui-Box Q1 shr rises to $0.53.</title>
<headline>Liqui-Box Q1 shr rises to $0.53.</headline>
<dateline>WORTHINGTON, Ohio 1997-04-29</dateline>
<text>
<p>1997			1996</p>
<p> Shr		  $	 0.53	   $	 0.50</p>
<p> Net			   3,191		    3,141</p>
<p> Revs			 33,958		   34,183</p>
<p> Avg shrs		    6,003		    6,297</p>
<p>(All Data Above 000s Except Per Share Numbers)</p>
<p>Full company name is Liqui-Box Corp.</p>
<p>--((New York Newsdesk 212 859-1610))</p>
</text>
<copyright>(c) Reuters Limited 1997</copyright>
<metadata>
<codes class="bip:countries:1.0">
  <code code="USA">
    <editdetail attribution="Reuters BIP Coding Group" action="confirmed" date="1997-04-29"/>
  </code>
</codes>
<codes class="bip:industries:1.0">
  <code code="I48300">
    <editdetail attribution="Reuters BIP Coding Group" action="confirmed" date="1997-04-29"/>
  </code>
</codes>
<codes class="bip:topics:1.0">
  <code code="C15">
    <editdetail attribution="Reuters BIP Coding Group" action="confirmed" date="1997-04-29"/>
  </code>
  <code code="C151">
    <editdetail attribution="Reuters BIP Coding Group" action="confirmed" date="1997-04-29"/>
  </code>
  <code code="CCAT">
    <editdetail attribution="Reuters BIP Coding Group" action="confirmed" date="1997-04-29"/>
  </code>
</codes>
<dc element="dc.date.created" value="1997-04-29"/>
<dc element="dc.publisher" value="Reuters Holdings Plc"/>
<dc element="dc.date.published" value="1997-04-29"/>
<dc element="dc.source" value="Reuters"/>
<dc element="dc.creator.location" value="WORTHINGTON, Ohio"/>
<dc element="dc.creator.location.country.name" value="USA"/>
<dc element="dc.source" value="Reuters"/>
</metadata>
</newsitem>
