<?xml version="1.0" encoding="iso-8859-1" ?>
<newsitem itemid="545709" id="root" date="1997-04-29" xml:lang="en">
<title>USA: W.House's Raines says no US budget deal at moment.</title>
<headline>W.House's Raines says no US budget deal at moment.</headline>
<dateline>WASHINGTON 1997-04-29</dateline>
<text>
<p>White House Budget Director Franklin Raines said on Tuesday there was no budget deal with Congressional leaders at the moment, and getting one in 24 hours would be &quot;remarkable.&quot;</p>
<p>&quot;There's no deal at the moment, and it would be remarkable progress if there was one in 24 hours,&quot; he told reporters.</p>
<p>Senate Majority Leader Trent Lott had said earlier that he saw an opportunity to conclude a budget agreement with the White House and Democrats within 24 hours.</p>
</text>
<copyright>(c) Reuters Limited 1997</copyright>
<metadata>
<codes class="bip:countries:1.0">
  <code code="USA">
    <editdetail attribution="Reuters BIP Coding Group" action="confirmed" date="1997-04-29"/>
  </code>
</codes>
<codes class="bip:topics:1.0">
  <code code="E21">
    <editdetail attribution="Reuters BIP Coding Group" action="confirmed" date="1997-04-29"/>
  </code>
  <code code="E211">
    <editdetail attribution="Reuters BIP Coding Group" action="confirmed" date="1997-04-29"/>
  </code>
  <code code="ECAT">
    <editdetail attribution="Reuters BIP Coding Group" action="confirmed" date="1997-04-29"/>
  </code>
  <code code="GCAT">
    <editdetail attribution="Reuters BIP Coding Group" action="confirmed" date="1997-04-29"/>
  </code>
  <code code="GPOL">
    <editdetail attribution="Reuters BIP Coding Group" action="confirmed" date="1997-04-29"/>
  </code>
</codes>
<dc element="dc.date.created" value="1997-04-29"/>
<dc element="dc.publisher" value="Reuters Holdings Plc"/>
<dc element="dc.date.published" value="1997-04-29"/>
<dc element="dc.source" value="Reuters"/>
<dc element="dc.creator.location" value="WASHINGTON"/>
<dc element="dc.creator.location.country.name" value="USA"/>
<dc element="dc.source" value="Reuters"/>
</metadata>
</newsitem>
