<?xml version="1.0" encoding="iso-8859-1" ?>
<newsitem itemid="545738" id="root" date="1997-04-29" xml:lang="en">
<title>USA: Brazil's Malan confident CVRD will be privatized.</title>
<headline>Brazil's Malan confident CVRD will be privatized.</headline>
<dateline>WASHINGTON 1997-04-29</dateline>
<text>
<p>Brazilian Finance Minister Pedro Malan said on Tuesday he was confident that Brazil will be able to privatize the giant Companhia Vale do Rio Doce (CVRD) mining company.</p>
<p>Malan blamed the delay in the auction, scheduled for earlier on Tuesday, on a flurry of lawsuits filed in Brazilian courts to try to halt the sale of 45 percent of CVRD's voting shares on Rio de Janeiro's stock exchange.  </p>
<p>&quot;But we are confident that it will be privatized, sooner or later,&quot; he told reporters at a news conference on the fringes of the International Monetary Fund/World Bank spring meeting.</p>
<p>Asked when the sale might actually go ahead, the minister replied: &quot;I do not have a crystal ball.&quot;</p>
<p>Brazil could raise about $5 billion if it manages to privatize all of CVRD, the world's largest iron ore exporter.</p>
<p>The Brazilian government has deployed a battalion of lawyers to fly to cities and towns to fight injunctions against the privatization.</p>
<p>The privatization is a test of confidence in the Brazilian economy for foreign investors.</p>
<p>((--Peter Bate, IMF newsroom +1 202 898 8351))</p>
</text>
<copyright>(c) Reuters Limited 1997</copyright>
<metadata>
<codes class="bip:countries:1.0">
  <code code="BRAZ">
    <editdetail attribution="Reuters BIP Coding Group" action="confirmed" date="1997-04-29"/>
  </code>
  <code code="USA">
    <editdetail attribution="Reuters BIP Coding Group" action="confirmed" date="1997-04-29"/>
  </code>
</codes>
<codes class="bip:industries:1.0">
  <code code="I21000">
    <editdetail attribution="Reuters BIP Coding Group" action="confirmed" date="1997-04-29"/>
  </code>
</codes>
<codes class="bip:topics:1.0">
  <code code="C12">
    <editdetail attribution="Reuters BIP Coding Group" action="confirmed" date="1997-04-29"/>
  </code>
  <code code="C18">
    <editdetail attribution="Reuters BIP Coding Group" action="confirmed" date="1997-04-29"/>
  </code>
  <code code="C183">
    <editdetail attribution="Reuters BIP Coding Group" action="confirmed" date="1997-04-29"/>
  </code>
  <code code="CCAT">
    <editdetail attribution="Reuters BIP Coding Group" action="confirmed" date="1997-04-29"/>
  </code>
  <code code="GCAT">
    <editdetail attribution="Reuters BIP Coding Group" action="confirmed" date="1997-04-29"/>
  </code>
  <code code="GCRIM">
    <editdetail attribution="Reuters BIP Coding Group" action="confirmed" date="1997-04-29"/>
  </code>
</codes>
<dc element="dc.date.created" value="1997-04-29"/>
<dc element="dc.publisher" value="Reuters Holdings Plc"/>
<dc element="dc.date.published" value="1997-04-29"/>
<dc element="dc.source" value="Reuters"/>
<dc element="dc.creator.location" value="WASHINGTON"/>
<dc element="dc.creator.location.country.name" value="USA"/>
<dc element="dc.source" value="Reuters"/>
</metadata>
</newsitem>
