<?xml version="1.0" encoding="iso-8859-1" ?>
<newsitem itemid="545726" id="root" date="1997-04-29" xml:lang="en">
<title>USA: Coffee People discloses acquisition terms.</title>
<headline>Coffee People discloses acquisition terms.</headline>
<dateline>PORTLAND, Ore. 1997-04-29</dateline>
<text>
<p>Coffee People Inc on Tuesday disclosed the terms of its pending acquisition of 15 Coffee Plantation stores from a unit of The Second Cup Ltd.</p>
<p>In an 8-K filing with the U.S. Securities and Exchange Commission, Coffee People said it was acquiring the Coffee Plantation locations from Canadian-based Second Cup for $8.2 million, plus the cost of inventory at closing.</p>
<p>Of the total price, $6 million, or about 70 percent, is being financed with proceeds from a five-year term loan from Bank of America. The balance will come from company cash reserves.</p>
<p>Coffee People said it would continue to have cash and cash equivalents on hand after the acquisition to capitalize on store development or acquisition opportunities.</p>
</text>
<copyright>(c) Reuters Limited 1997</copyright>
<metadata>
<codes class="bip:countries:1.0">
  <code code="CANA">
    <editdetail attribution="Reuters BIP Coding Group" action="confirmed" date="1997-04-29"/>
  </code>
  <code code="USA">
    <editdetail attribution="Reuters BIP Coding Group" action="confirmed" date="1997-04-29"/>
  </code>
</codes>
<codes class="bip:industries:1.0">
  <code code="I42390">
    <editdetail attribution="Reuters BIP Coding Group" action="confirmed" date="1997-04-29"/>
  </code>
  <code code="I66100">
    <editdetail attribution="Reuters BIP Coding Group" action="confirmed" date="1997-04-29"/>
  </code>
</codes>
<codes class="bip:topics:1.0">
  <code code="C18">
    <editdetail attribution="Reuters BIP Coding Group" action="confirmed" date="1997-04-29"/>
  </code>
  <code code="C182">
    <editdetail attribution="Reuters BIP Coding Group" action="confirmed" date="1997-04-29"/>
  </code>
  <code code="CCAT">
    <editdetail attribution="Reuters BIP Coding Group" action="confirmed" date="1997-04-29"/>
  </code>
</codes>
<dc element="dc.date.created" value="1997-04-29"/>
<dc element="dc.publisher" value="Reuters Holdings Plc"/>
<dc element="dc.date.published" value="1997-04-29"/>
<dc element="dc.source" value="Reuters"/>
<dc element="dc.creator.location" value="PORTLAND, Ore."/>
<dc element="dc.creator.location.country.name" value="USA"/>
<dc element="dc.source" value="Reuters"/>
</metadata>
</newsitem>
