<?xml version="1.0" encoding="iso-8859-1" ?>
<newsitem itemid="545766" id="root" date="1997-04-29" xml:lang="en">
<title>USA: CyberOptics Corp Q1 net falls.</title>
<headline>CyberOptics Corp Q1 net falls.</headline>
<dateline>MINNEAPOLIS 1997-04-29</dateline>
<text>
<p>Statements of Income		Three Months Ended March 31,</p>
<p> (In thousands, except per share amounts)    1997	  1996</p>
<p> Revenue						$7,080     $8,513</p>
<p> Cost of revenue				     3,374	3,909</p>
<p>    Gross margin				     3,706	4,604</p>
<p> Research and development expenses	     1,426	1,301</p>
<p>Selling, general and administrative expenses</p>
<p>							   1,909	1,813</p>
<p>    Income from operations			   371	1,490</p>
<p> Interest income					 493	  571</p>
<p>    Income before income taxes		     864	2,061</p>
<p> Provision for income taxes			  275	  640</p>
<p>    Net income					   589	1,421</p>
<p>Net income per share (primary and</p>
<p>  fully diluted)					0.11	 0.24</p>
<p>Weighted average common and common</p>
<p>  equivalent shares outstanding		  5,440	5,932</p>
<p>((Chicago newsdesk, 312-408-8787))</p>
</text>
<copyright>(c) Reuters Limited 1997</copyright>
<metadata>
<codes class="bip:countries:1.0">
  <code code="USA">
    <editdetail attribution="Reuters BIP Coding Group" action="confirmed" date="1997-04-29"/>
  </code>
</codes>
<codes class="bip:industries:1.0">
  <code code="I34350">
    <editdetail attribution="Reuters BIP Coding Group" action="confirmed" date="1997-04-29"/>
  </code>
</codes>
<codes class="bip:topics:1.0">
  <code code="C15">
    <editdetail attribution="Reuters BIP Coding Group" action="confirmed" date="1997-04-29"/>
  </code>
  <code code="C151">
    <editdetail attribution="Reuters BIP Coding Group" action="confirmed" date="1997-04-29"/>
  </code>
  <code code="CCAT">
    <editdetail attribution="Reuters BIP Coding Group" action="confirmed" date="1997-04-29"/>
  </code>
</codes>
<dc element="dc.date.created" value="1997-04-29"/>
<dc element="dc.publisher" value="Reuters Holdings Plc"/>
<dc element="dc.date.published" value="1997-04-29"/>
<dc element="dc.source" value="Reuters"/>
<dc element="dc.creator.location" value="MINNEAPOLIS"/>
<dc element="dc.creator.location.country.name" value="USA"/>
<dc element="dc.source" value="Reuters"/>
</metadata>
</newsitem>
