<?xml version="1.0" encoding="iso-8859-1" ?>
<newsitem itemid="545772" id="root" date="1997-04-29" xml:lang="en">
<title>USA: First Commercial Bancorp Q1 profit v loss.</title>
<headline>First Commercial Bancorp Q1 profit v loss.</headline>
<dateline>SACRAMENTO, Calif. 1997-04-29</dateline>
<text>
<p>First Commercial Bancorp, Inc.</p>
<p>			    Financial Summary</p>
<p>		(in thousands, except net loss per share)</p>
<p>							Three months ended</p>
<p>							    March 31</p>
<p>Condensed Consolidated</p>
<p>   Statements of Income			 1997	  1996(1)</p>
<p> Net interest income			    $1,563	 1,179</p>
<p> Provision for loan losses			  --	   600</p>
<p> Net income (loss)				   222     (1,160)</p>
<p> Net income (loss) per share		     .26	(2.08)</p>
<p>Weighted average common shares</p>
<p>and common share equivalents</p>
<p>   outstanding				   846,127     557,400</p>
<p>(1) The per share data has been adjusted to reflect the one for 125 reverse stock split completed in December 1996.</p>
</text>
<copyright>(c) Reuters Limited 1997</copyright>
<metadata>
<codes class="bip:countries:1.0">
  <code code="USA">
    <editdetail attribution="Reuters BIP Coding Group" action="confirmed" date="1997-04-29"/>
  </code>
</codes>
<codes class="bip:industries:1.0">
  <code code="I81402">
    <editdetail attribution="Reuters BIP Coding Group" action="confirmed" date="1997-04-29"/>
  </code>
</codes>
<codes class="bip:topics:1.0">
  <code code="C15">
    <editdetail attribution="Reuters BIP Coding Group" action="confirmed" date="1997-04-29"/>
  </code>
  <code code="C151">
    <editdetail attribution="Reuters BIP Coding Group" action="confirmed" date="1997-04-29"/>
  </code>
  <code code="CCAT">
    <editdetail attribution="Reuters BIP Coding Group" action="confirmed" date="1997-04-29"/>
  </code>
</codes>
<dc element="dc.date.created" value="1997-04-29"/>
<dc element="dc.publisher" value="Reuters Holdings Plc"/>
<dc element="dc.date.published" value="1997-04-29"/>
<dc element="dc.source" value="Reuters"/>
<dc element="dc.creator.location" value="SACRAMENTO, Calif."/>
<dc element="dc.creator.location.country.name" value="USA"/>
<dc element="dc.source" value="Reuters"/>
</metadata>
</newsitem>
