<?xml version="1.0" encoding="iso-8859-1" ?>
<newsitem itemid="545745" id="root" date="1997-04-29" xml:lang="en">
<title>USA: Adaptec Inc Q4 net rises.</title>
<headline>Adaptec Inc Q4 net rises.</headline>
<dateline>MILPITAS, Calif. 1997-04-29</dateline>
<text>
<p>(In thousands, except per share data)</p>
<p>				   3 Months Ended     12 Months Ended</p>
<p>				 Mar. 31,  Mar. 31, Mar. 31, Mar. 31,</p>
<p>					1997     1996     1997     1996</p>
<p> Net revenues		 $265,108 $196,025 $933,868 $659,347</p>
<p> Cost of revenues	    107,234   82,413  388,969  275,939</p>
<p>   Gross profit		157,874  113,612  544,899  383,408</p>
<p>Operating expenses</p>
<p>Research and development</p>
<p>				    35,191   27,140  128,530   87,628</p>
<p>Selling, marketing and</p>
<p>    administrative	    48,077   35,156  162,979  117,332</p>
<p>Write-off of acquired</p>
<p>in-process technology</p>
<p>    and other		   11,499	 --   92,162   52,313</p>
<p>				    94,767   62,296  383,671  257,273</p>
<p>   Income from operations   63,107   51,316  161,228  126,135</p>
<p>Interest income, net of</p>
<p>  interest expense	     3,160    3,441   10,553   11,854</p>
<p>Income before income taxes</p>
<p>				    66,267   54,757  171,781  137,989</p>
<p>Provision for income taxes</p>
<p>				    19,441   13,689   64,220   34,614</p>
<p>   Net income		   46,826   41,068  107,561  103,375</p>
<p> Net income per share	0.40(a)     0.37  0.93(b)  0.95(b)</p>
<p>Weighted average common and</p>
<p>common equivalent shares</p>
<p>  outstanding		  117,665  110,122  115,062  109,138</p>
<p>NOTE: (a) Net income per share impacted by ($0.10) due to the after-tax effect of one-time acquisition charges. Excluding this effect, Q4 net income was $0.50/shr</p>
<p>(b) Net income per share impacted by ($0.79) and ($0.36) due to the after-tax effect of one-time acquisition charges in fiscal 1997 and 1996, respectively.</p>
</text>
<copyright>(c) Reuters Limited 1997</copyright>
<metadata>
<codes class="bip:countries:1.0">
  <code code="USA">
    <editdetail attribution="Reuters BIP Coding Group" action="confirmed" date="1997-04-29"/>
  </code>
</codes>
<codes class="bip:industries:1.0">
  <code code="I33020">
    <editdetail attribution="Reuters BIP Coding Group" action="confirmed" date="1997-04-29"/>
  </code>
  <code code="I3302004">
    <editdetail attribution="Reuters BIP Coding Group" action="confirmed" date="1997-04-29"/>
  </code>
</codes>
<codes class="bip:topics:1.0">
  <code code="C15">
    <editdetail attribution="Reuters BIP Coding Group" action="confirmed" date="1997-04-29"/>
  </code>
  <code code="C151">
    <editdetail attribution="Reuters BIP Coding Group" action="confirmed" date="1997-04-29"/>
  </code>
  <code code="C1511">
    <editdetail attribution="Reuters BIP Coding Group" action="confirmed" date="1997-04-29"/>
  </code>
  <code code="CCAT">
    <editdetail attribution="Reuters BIP Coding Group" action="confirmed" date="1997-04-29"/>
  </code>
</codes>
<dc element="dc.date.created" value="1997-04-29"/>
<dc element="dc.publisher" value="Reuters Holdings Plc"/>
<dc element="dc.date.published" value="1997-04-29"/>
<dc element="dc.source" value="Reuters"/>
<dc element="dc.creator.location" value="MILPITAS, Calif."/>
<dc element="dc.creator.location.country.name" value="USA"/>
<dc element="dc.source" value="Reuters"/>
</metadata>
</newsitem>
