<?xml version="1.0" encoding="iso-8859-1" ?>
<newsitem itemid="545753" id="root" date="1997-04-29" xml:lang="en">
<title>USA: Borg-Warner Automotive Inc Q1 net, sales up.</title>
<headline>Borg-Warner Automotive Inc Q1 net, sales up.</headline>
<dateline>CHICAGO 1997-04-29</dateline>
<text>
<p>Three Months Ended March 31,</p>
<p>							  1997	   1996</p>
<p> Net sales					   $443.5	$348.9</p>
<p> Cost of sales					345.7	 277.5</p>
<p> Depreciation					  16.8	  18.4</p>
<p> Selling, general &amp; administrative expenses  36.0	  30.8</p>
<p> Minority interest				    0.7	   0.7</p>
<p>Amortization of excess purchase price</p>
<p>   over net assets acquired			 4.1	   2.6</p>
<p>Equity in affiliate earnings</p>
<p>   and other income				 (4.0)	 (4.1)</p>
<p>Earnings before interest and finance</p>
<p>   charges and income taxes			44.2	  23.0</p>
<p> Interest expense and finance charges	   6.5	   3.5</p>
<p>   Earnings before taxes			   37.7	  19.5</p>
<p> Provision for income taxes			12.9	   7.2</p>
<p>   Net earnings					24.8	  12.3</p>
<p> Shares						23,657	23,495</p>
<p> EPS (YTD)					     1.05	  0.52</p>
<p>		 Sales by Operating Group (Unaudited)</p>
<p>						First Qtr	 First Qtr</p>
<p>						     1997		1996</p>
<p> Powertrain Systems			  $155.2	    $139.0</p>
<p> Automatic Transmission System	    127.8	     119.3</p>
<p> Morse TEC					 79.4		66.0</p>
<p> Air/Fluid Systems			     95.4		33.8</p>
<p>   Subtotal				     457.8	     358.1</p>
<p> Eliminations				  (14.3)	     (9.2)</p>
<p>   Total					  443.5	     348.9</p>
<p> Average shares outstanding		23,657	    23,495</p>
<p>	    (millions of dollars, except per share data)</p>
<p>		   ((Chicago newsdesk 312 408 8787))</p>
</text>
<copyright>(c) Reuters Limited 1997</copyright>
<metadata>
<codes class="bip:countries:1.0">
  <code code="USA">
    <editdetail attribution="Reuters BIP Coding Group" action="confirmed" date="1997-04-29"/>
  </code>
</codes>
<codes class="bip:industries:1.0">
  <code code="I35300">
    <editdetail attribution="Reuters BIP Coding Group" action="confirmed" date="1997-04-29"/>
  </code>
</codes>
<codes class="bip:topics:1.0">
  <code code="C15">
    <editdetail attribution="Reuters BIP Coding Group" action="confirmed" date="1997-04-29"/>
  </code>
  <code code="C151">
    <editdetail attribution="Reuters BIP Coding Group" action="confirmed" date="1997-04-29"/>
  </code>
  <code code="CCAT">
    <editdetail attribution="Reuters BIP Coding Group" action="confirmed" date="1997-04-29"/>
  </code>
</codes>
<dc element="dc.date.created" value="1997-04-29"/>
<dc element="dc.publisher" value="Reuters Holdings Plc"/>
<dc element="dc.date.published" value="1997-04-29"/>
<dc element="dc.source" value="Reuters"/>
<dc element="dc.creator.location" value="CHICAGO"/>
<dc element="dc.creator.location.country.name" value="USA"/>
<dc element="dc.source" value="Reuters"/>
</metadata>
</newsitem>
