<?xml version="1.0" encoding="iso-8859-1" ?>
<newsitem itemid="545744" id="root" date="1997-04-29" xml:lang="en">
<title>USA: Laboratory Specialists of America Inc Q1.</title>
<headline>Laboratory Specialists of America Inc Q1.</headline>
<dateline>OKLAHOMA CITY 1997-04-29</dateline>
<text>
<p>Revenues			    $2,587,222	    $1,948,536</p>
<p> Income from operations	     432,543		 344,247</p>
<p> Other income (expense)	    (24,919)		   (315)</p>
<p> Income before income taxes	 407,624		 343,932</p>
<p> Income tax expense		   173,621		 141,686</p>
<p> Net income			     234,003		 202,246</p>
<p> Average shares outstanding     3,313,405	     3,310,112</p>
<p> Net income per share		     .07		     .06</p>
<p>NOTE: 1997 Q1 includes one month of revenues from a recent</p>
<p>acquisition of the forensic testing operations of Pathology</p>
<p>Laboratories Ltd.</p>
<p>((--Chicago Newsdesk 312 408 8787))</p>
</text>
<copyright>(c) Reuters Limited 1997</copyright>
<metadata>
<codes class="bip:countries:1.0">
  <code code="USA">
    <editdetail attribution="Reuters BIP Coding Group" action="confirmed" date="1997-04-29"/>
  </code>
</codes>
<codes class="bip:industries:1.0">
  <code code="I83954">
    <editdetail attribution="Reuters BIP Coding Group" action="confirmed" date="1997-04-29"/>
  </code>
</codes>
<codes class="bip:topics:1.0">
  <code code="C15">
    <editdetail attribution="Reuters BIP Coding Group" action="confirmed" date="1997-04-29"/>
  </code>
  <code code="C151">
    <editdetail attribution="Reuters BIP Coding Group" action="confirmed" date="1997-04-29"/>
  </code>
  <code code="CCAT">
    <editdetail attribution="Reuters BIP Coding Group" action="confirmed" date="1997-04-29"/>
  </code>
</codes>
<dc element="dc.date.created" value="1997-04-29"/>
<dc element="dc.publisher" value="Reuters Holdings Plc"/>
<dc element="dc.date.published" value="1997-04-29"/>
<dc element="dc.source" value="Reuters"/>
<dc element="dc.creator.location" value="OKLAHOMA CITY"/>
<dc element="dc.creator.location.country.name" value="USA"/>
<dc element="dc.source" value="Reuters"/>
</metadata>
</newsitem>
