<?xml version="1.0" encoding="iso-8859-1" ?>
<newsitem itemid="545721" id="root" date="1997-04-29" xml:lang="en">
<title>USA: AFTER THE BELL - Adaptec higher.</title>
<headline>AFTER THE BELL - Adaptec higher.</headline>
<dateline>NEW YORK 1997-04-29</dateline>
<text>
<p>Adaptec Inc was rose to 35-1/8 in after-hours trading from a close of 34-3/4 on the Nasdaq Stock Market in reaction to the release of its quarterly earnings, dealers said Tuesday.</p>
<p>&quot;Adaptec is the only thing that's moving,&quot; said one of them. &quot;Everything else is secondary.&quot;</p>
<p>The company, which makes network products for computer manufacturers, reported fourth quarter earnings of $0.50 a share before a $0.10 charge, compared to $0.37 for the same period last year. The stock rose 1-1/8 during regular trade.  </p>
<p>Printronix Inc was trading 1/4 higher from its Nasdaq close of 12-3/8 after it reported earnings of $0.42 a share for the first quarter against $0.16 a year ago.</p>
<p>&quot;It's trading just a little,&quot; the dealer said.</p>
<p>The New York Stock Exchange said session one had a volume of 30,100 shares against 88,800 the previous day. Session two had 3.6 million shares against 1.96 million on Monday, it added.</p>
</text>
<copyright>(c) Reuters Limited 1997</copyright>
<metadata>
<codes class="bip:countries:1.0">
  <code code="USA">
    <editdetail attribution="Reuters BIP Coding Group" action="confirmed" date="1997-04-29"/>
  </code>
</codes>
<codes class="bip:industries:1.0">
  <code code="I33020">
    <editdetail attribution="Reuters BIP Coding Group" action="confirmed" date="1997-04-29"/>
  </code>
  <code code="I3302004">
    <editdetail attribution="Reuters BIP Coding Group" action="confirmed" date="1997-04-29"/>
  </code>
  <code code="I3302013">
    <editdetail attribution="Reuters BIP Coding Group" action="confirmed" date="1997-04-29"/>
  </code>
</codes>
<codes class="bip:topics:1.0">
  <code code="C15">
    <editdetail attribution="Reuters BIP Coding Group" action="confirmed" date="1997-04-29"/>
  </code>
  <code code="C152">
    <editdetail attribution="Reuters BIP Coding Group" action="confirmed" date="1997-04-29"/>
  </code>
  <code code="CCAT">
    <editdetail attribution="Reuters BIP Coding Group" action="confirmed" date="1997-04-29"/>
  </code>
</codes>
<dc element="dc.date.created" value="1997-04-29"/>
<dc element="dc.publisher" value="Reuters Holdings Plc"/>
<dc element="dc.date.published" value="1997-04-29"/>
<dc element="dc.source" value="Reuters"/>
<dc element="dc.creator.location" value="NEW YORK"/>
<dc element="dc.creator.location.country.name" value="USA"/>
<dc element="dc.source" value="Reuters"/>
</metadata>
</newsitem>
