<?xml version="1.0" encoding="iso-8859-1" ?>
<newsitem itemid="545723" id="root" date="1997-04-29" xml:lang="en">
<title>USA: US corporate bond spreads firm as Treas rallies.</title>
<headline>US corporate bond spreads firm as Treas rallies.</headline>
<dateline>NEW YORK 1997-04-29</dateline>
<text>
<p>U.S. corporate bonds held pace with big gains in U.S. Treasuries and spreads were mostly unchanged, while opportunity knocked for several finance related issuers, traders said.</p>
<p>But corporate bond buying was still termed light to moderate as the masses of investors remained cautious ahead of the release of potent manufacturing data on Thursday and April jobs data on Friday.</p>
<p>&quot;People want a little more confirmation that this rally is for real,&quot; one high-grade industrials trader said. &quot;But all the signs should lend support to the corporate market.&quot;  </p>
<p>Treasuries ran sharply higher following reports that said the employment cost index rose just 0.6 percent in the first quarter compared with an expected 0.9 percent rise and a 3.0 percent drop in orders for durable goods in March.</p>
<p>The 30-year bond closed up 49/32 to yield 6.98 percent.</p>
<p>High-grade corporate buyers were also sidelined ahead of the $2.0 billion CSX Corp multi-tranche offering via a Salomon Brothers led syndicate, traders said. The deal may be priced on Thursday, according to market sources.  </p>
<p>Back to Tuesday's action, issues included $150 million 7.20 percent 10-year notes from Norwest Financial Inc priced at a 48 basis points spread; $100 million 6.70 percent three-year notes from CIT Group Holdings Inc priced at a 26 basis point spread; $100 million 7.125 percent five-year notes from FINOVA Capital Corp priced at 51 basis points over; and $200 million 30-year capital securities from Dime Capital Trust I priced to yield 230 basis points over the curve.</p>
<p>Also, American Stores sold $100 million 20-year 7.90 percent debentures at 85 basis points over and $200 million 40put12 7.50 percent debt priced at 75 basis points over.  </p>
<p>Turning to high-yields, prices were bid higher by 1/2 point on average with some rising even more when the stock market surged. The Dow closed up 179 points, its unofficial second-largest daily point rise.</p>
<p>&quot;Trading was not unusually brisk but everybody was forced to take a second look with stocks way up,&quot; a trader said.</p>
<p>Traders and analysts pointed to some better activity for competitive local exchange carriers and satellite concerns -- Teleport Communication cash pay bonds were stronger by 3/4 point following a positive cash flow report.  </p>
<p>Lenfest Communications' 9-3/8 percent debt outperformed the field by gaining one point to 95-1/4 bid near the close, according to one trader.</p>
<p>Better bidding in high-grades was seen for Tele-Communications Inc paper ahead of an analysts meeting on Wednesday, traders said. On the flip side, Tobacco paper continued to slide -- Philip Morris paper widened as much as five basis points, they said.</p>
<p>--Al Yoon, 212-859-1672</p>
</text>
<copyright>(c) Reuters Limited 1997</copyright>
<metadata>
<codes class="bip:countries:1.0">
  <code code="USA">
    <editdetail attribution="Reuters BIP Coding Group" action="confirmed" date="1997-04-29"/>
  </code>
</codes>
<codes class="bip:topics:1.0">
  <code code="M12">
    <editdetail attribution="Reuters BIP Coding Group" action="confirmed" date="1997-04-29"/>
  </code>
  <code code="MCAT">
    <editdetail attribution="Reuters BIP Coding Group" action="confirmed" date="1997-04-29"/>
  </code>
</codes>
<dc element="dc.date.created" value="1997-04-29"/>
<dc element="dc.publisher" value="Reuters Holdings Plc"/>
<dc element="dc.date.published" value="1997-04-29"/>
<dc element="dc.source" value="Reuters"/>
<dc element="dc.creator.location" value="NEW YORK"/>
<dc element="dc.creator.location.country.name" value="USA"/>
<dc element="dc.source" value="Reuters"/>
</metadata>
</newsitem>
