<?xml version="1.0" encoding="iso-8859-1" ?>
<newsitem itemid="545725" id="root" date="1997-04-29" xml:lang="en">
<title>USA: Kentucky Electric sees earnings hurt by shutdown.</title>
<headline>Kentucky Electric sees earnings hurt by shutdown.</headline>
<dateline>ASHLAND, Ky. 1997-04-29</dateline>
<text>
<p>Kentucky Electric Steel Inc said earnings for the quarter will be adversely impacted following a shutdown of its melt shop operations on Tuesday, when monitors detected a radioactive substance in baghouse dust, a by-product of the melting process.</p>
<p>The company's current quarter ends June 30.</p>
<p>Other operations have not been affected at this time.  The company said it believes that the source of the radiation may have been buried in a shipment of scrap metal and was undetected by monitors that check incoming scrap.  </p>
<p>The company said that its environmental and safety personnel are working with outside consultants and the appropriate governmental agencies to develop a clean-up and disposal plan for the dust contaminated with cesium, and expects to have a final plan in two or three days.</p>
<p>Kentucky Electric maintains both radiation contamination and business interruption insurance. It said that while the incident will negatively impact earnings for the quarter, it hopes that the impact on financial results will be minimal.</p>
<p>The company is assessing the financial impact of the damage as well as the recoverability of clean-up and disposal costs through insurance.</p>
<p>Kentucky Electric Steel makes special quality steel bar flats for the leaf-spring suspension, cold drawn bar conversion, truck trailer support beam and steel service center markets.</p>
</text>
<copyright>(c) Reuters Limited 1997</copyright>
<metadata>
<codes class="bip:countries:1.0">
  <code code="USA">
    <editdetail attribution="Reuters BIP Coding Group" action="confirmed" date="1997-04-29"/>
  </code>
</codes>
<codes class="bip:industries:1.0">
  <code code="I22300">
    <editdetail attribution="Reuters BIP Coding Group" action="confirmed" date="1997-04-29"/>
  </code>
</codes>
<codes class="bip:topics:1.0">
  <code code="C15">
    <editdetail attribution="Reuters BIP Coding Group" action="confirmed" date="1997-04-29"/>
  </code>
  <code code="C152">
    <editdetail attribution="Reuters BIP Coding Group" action="confirmed" date="1997-04-29"/>
  </code>
  <code code="CCAT">
    <editdetail attribution="Reuters BIP Coding Group" action="confirmed" date="1997-04-29"/>
  </code>
</codes>
<dc element="dc.date.created" value="1997-04-29"/>
<dc element="dc.publisher" value="Reuters Holdings Plc"/>
<dc element="dc.date.published" value="1997-04-29"/>
<dc element="dc.source" value="Reuters"/>
<dc element="dc.creator.location" value="ASHLAND, Ky."/>
<dc element="dc.creator.location.country.name" value="USA"/>
<dc element="dc.source" value="Reuters"/>
</metadata>
</newsitem>
