<?xml version="1.0" encoding="iso-8859-1" ?>
<newsitem itemid="545782" id="root" date="1997-04-29" xml:lang="en">
<title>USA: Toronto-Dominion unit hires head junk bond trader.</title>
<headline>Toronto-Dominion unit hires head junk bond trader.</headline>
<dateline>NEW YORK 1997-04-29</dateline>
<text>
<p>Derrick Herndon, a former junk bond trader at BT Securities Corp, has been named managing director and head of high-yield sales and trading at TD Securities (USA) Inc, the U.S. securities arm of Toronto-Dominion Bank said Peter Bethlenfalvy, president and chief operating officer of TD Securities.</p>
<p>TD Securities plans to hire 10 additional individuals over the next several months as part of an ongoing expansion of its U.S. high-yield effort, Bethlenfalvy said. The new hires will be spread evenly between sales and trading, research and originations, he said.</p>
<p>TD Security's current U.S. high-yield department consists of 30 people, he noted.</p>
<p>As head of sales and trading, a newly created position, Herndon will report directly to Bethlenfalvy. He will work along side Mark Grotevant, head of high-yield research, and Gordon Paris, head of high-yield originations and capital markets at TD.</p>
<p>-Douglas Brown, 212-859-1662</p>
</text>
<copyright>(c) Reuters Limited 1997</copyright>
<metadata>
<codes class="bip:countries:1.0">
  <code code="CANA">
    <editdetail attribution="Reuters BIP Coding Group" action="confirmed" date="1997-04-29"/>
  </code>
  <code code="USA">
    <editdetail attribution="Reuters BIP Coding Group" action="confirmed" date="1997-04-29"/>
  </code>
</codes>
<codes class="bip:industries:1.0">
  <code code="I81402">
    <editdetail attribution="Reuters BIP Coding Group" action="confirmed" date="1997-04-29"/>
  </code>
</codes>
<codes class="bip:topics:1.0">
  <code code="C41">
    <editdetail attribution="Reuters BIP Coding Group" action="confirmed" date="1997-04-29"/>
  </code>
  <code code="C411">
    <editdetail attribution="Reuters BIP Coding Group" action="confirmed" date="1997-04-29"/>
  </code>
  <code code="CCAT">
    <editdetail attribution="Reuters BIP Coding Group" action="confirmed" date="1997-04-29"/>
  </code>
</codes>
<dc element="dc.date.created" value="1997-04-29"/>
<dc element="dc.publisher" value="Reuters Holdings Plc"/>
<dc element="dc.date.published" value="1997-04-29"/>
<dc element="dc.source" value="Reuters"/>
<dc element="dc.creator.location" value="NEW YORK"/>
<dc element="dc.creator.location.country.name" value="USA"/>
<dc element="dc.source" value="Reuters"/>
</metadata>
</newsitem>
