<?xml version="1.0" encoding="iso-8859-1" ?>
<newsitem itemid="545767" id="root" date="1997-04-29" xml:lang="en">
<title>USA: Escalon Medical says pres/COO steps down.</title>
<headline>Escalon Medical says pres/COO steps down.</headline>
<dateline>SKILLMAN, N.J. 1997-04-29</dateline>
<text>
<p>Escalon Medical Corp said Tuesday that Sterling Johnson stepped down as president and chief operating officer effective April 30 &quot;to pursue other opportunities.&quot;</p>
<p>Johnson will stay on the board, the company said.</p>
<p>Escalon Chairman and Chief Executive Richard DePiano will assume the responsibilities of president, the company said.</p>
<p>Escalon said it has no plans of filling the COO position.</p>
</text>
<copyright>(c) Reuters Limited 1997</copyright>
<metadata>
<codes class="bip:countries:1.0">
  <code code="USA">
    <editdetail attribution="Reuters BIP Coding Group" action="confirmed" date="1997-04-29"/>
  </code>
</codes>
<codes class="bip:industries:1.0">
  <code code="I37200">
    <editdetail attribution="Reuters BIP Coding Group" action="confirmed" date="1997-04-29"/>
  </code>
</codes>
<codes class="bip:topics:1.0">
  <code code="C41">
    <editdetail attribution="Reuters BIP Coding Group" action="confirmed" date="1997-04-29"/>
  </code>
  <code code="C411">
    <editdetail attribution="Reuters BIP Coding Group" action="confirmed" date="1997-04-29"/>
  </code>
  <code code="CCAT">
    <editdetail attribution="Reuters BIP Coding Group" action="confirmed" date="1997-04-29"/>
  </code>
</codes>
<dc element="dc.date.created" value="1997-04-29"/>
<dc element="dc.publisher" value="Reuters Holdings Plc"/>
<dc element="dc.date.published" value="1997-04-29"/>
<dc element="dc.source" value="Reuters"/>
<dc element="dc.creator.location" value="SKILLMAN, N.J."/>
<dc element="dc.creator.location.country.name" value="USA"/>
<dc element="dc.source" value="Reuters"/>
</metadata>
</newsitem>
