<?xml version="1.0" encoding="iso-8859-1" ?>
<newsitem itemid="545762" id="root" date="1997-04-29" xml:lang="en">
<title>USA: Redwood Trust Inc Q1 net rises.</title>
<headline>Redwood Trust Inc Q1 net rises.</headline>
<dateline>MILL VALLEY, Calif. 1997-04-29</dateline>
<text>
<p>(All dollars in thousands, except per share amounts)</p>
<p>						  Three Months Ended</p>
<p>					March 31,  Dec. 31,   March 31,</p>
<p>					    1997	 1996	 1996</p>
<p>GAAP INCOME STATEMENTS</p>
<p>Interest Income			 $38,568    $25,881    $9,131</p>
<p>Interest Expense			 28,900     19,467     6,202</p>
<p>Interest Rate Agreements Expense	595	  402	 151</p>
<p>Net Interest Income		     9,073	6,012     2,778</p>
<p>Provision for Credit Losses	     695	  372	 331</p>
<p>General and Administrative Expenses 1,167	  796	 493</p>
<p>Net Income				  7,211	4,844     1,954</p>
<p>Class B Preferred Dividend		755	  760	   0</p>
<p>Net Income Available to Common</p>
<p> Stockholders			    $6,456     $4,084    $1,954</p>
<p>TAX INCOME STATEMENTS</p>
<p>Interest Income			 $38,482    $26,012    $9,306</p>
<p>Interest Expense			 28,900     19,467     6,202</p>
<p>Interest Rate Agreements Expense	595	  402	 151</p>
<p>Net Interest Income		     8,987	6,143     2,953</p>
<p>Actual Credit Losses			 43	    7	   0</p>
<p>General and Administrative Expenses 1,032	  707	 405</p>
<p>Net Income				  7,912	5,429     2,548</p>
<p>Class B Preferred Dividend		755	  760	   0</p>
<p>Net Income Available to Common</p>
<p> Stockholders			    $7,157     $4,670    $2,548</p>
<p>Class B Preferred Dividends Declared $755	 $760	  $0</p>
<p>Common Dividends Declared	     7,144	4,508     2,540</p>
<p>Total Preferred &amp; Common Dividends</p>
<p> Declared				  $7,899     $5,268    $2,540</p>
<p>Cumulative Undistributed Taxable</p>
<p> Income					$414	 $400	$473</p>
<p>Average Number of &quot;Primary&quot; Shares</p>
<p> Outstanding			 12,116,867 10,452,472 6,129,587</p>
<p>Common Shares Eligible for Period</p>
<p> End Dividend			11,905,957 10,996,572 5,521,376</p>
<p>Class B Preferred Shares Outstanding</p>
<p> End of Period			  999,638  1,006,250	   0</p>
<p>GAAP Income per Primary Share	 $0.53	$0.39     $0.32</p>
<p>Taxable Income per Common Share</p>
<p> Eligible for Dividends		 $0.60	$0.42     $0.46</p>
<p>Dividends Declared per Common Share $0.60	$0.41     $0.46</p>
<p>Dividends Declared per Class B</p>
<p> Preferred Share			 $0.755     $0.755</p>
</text>
<copyright>(c) Reuters Limited 1997</copyright>
<metadata>
<codes class="bip:countries:1.0">
  <code code="USA">
    <editdetail attribution="Reuters BIP Coding Group" action="confirmed" date="1997-04-29"/>
  </code>
</codes>
<codes class="bip:industries:1.0">
  <code code="I81502">
    <editdetail attribution="Reuters BIP Coding Group" action="confirmed" date="1997-04-29"/>
  </code>
</codes>
<codes class="bip:topics:1.0">
  <code code="C15">
    <editdetail attribution="Reuters BIP Coding Group" action="confirmed" date="1997-04-29"/>
  </code>
  <code code="C151">
    <editdetail attribution="Reuters BIP Coding Group" action="confirmed" date="1997-04-29"/>
  </code>
  <code code="CCAT">
    <editdetail attribution="Reuters BIP Coding Group" action="confirmed" date="1997-04-29"/>
  </code>
</codes>
<dc element="dc.date.created" value="1997-04-29"/>
<dc element="dc.publisher" value="Reuters Holdings Plc"/>
<dc element="dc.date.published" value="1997-04-29"/>
<dc element="dc.source" value="Reuters"/>
<dc element="dc.creator.location" value="MILL VALLEY, Calif."/>
<dc element="dc.creator.location.country.name" value="USA"/>
<dc element="dc.source" value="Reuters"/>
</metadata>
</newsitem>
