<?xml version="1.0" encoding="iso-8859-1" ?>
<newsitem itemid="545749" id="root" date="1997-04-29" xml:lang="en">
<title>USA: Microsemi Corp Q2 net rises.</title>
<headline>Microsemi Corp Q2 net rises.</headline>
<dateline>SANTA ANA, Calif. 1997-04-29</dateline>
<text>
<p>(In thousands, except per share data)</p>
<p>				 Three months ended  Six months ended</p>
<p>			     03/30/97  03/31/96  03/30/97  03/31/96</p>
<p> Net sales		    $ 40,657 $ 39,107 $ 76,416 $ 74,406</p>
<p> Cost of sales		  29,615   28,798   55,630   54,894</p>
<p> Gross profit		   11,042   10,309   20,788   19,512</p>
<p> Operating expenses	    5,878    5,907   11,371   11,211</p>
<p> Operating income		5,164    4,402    9,415    8,301</p>
<p>Interest expense and</p>
<p>  other, net		   (1,094)  (1,251)  (2,088)  (2,666)</p>
<p> Income before tax	     4,070    3,151    7,327    5,615</p>
<p> Provision for income tax    1,675    1,323    3,043    2,358</p>
<p> Net income			2,395    1,828    4,284    3,257</p>
<p>Earnings per share</p>
<p>   Primary			  0.27     0.22     0.49     0.39</p>
<p>   Fully diluted		  0.23     0.18     0.41     0.33</p>
<p>Common and common equivalent</p>
<p>shares outstanding</p>
<p>   Primary			 8,905    8,232    8,732    8,264</p>
<p>   Fully diluted		11,893   11,755   11,960   11,787</p>
</text>
<copyright>(c) Reuters Limited 1997</copyright>
<metadata>
<codes class="bip:countries:1.0">
  <code code="USA">
    <editdetail attribution="Reuters BIP Coding Group" action="confirmed" date="1997-04-29"/>
  </code>
</codes>
<codes class="bip:industries:1.0">
  <code code="I34531">
    <editdetail attribution="Reuters BIP Coding Group" action="confirmed" date="1997-04-29"/>
  </code>
</codes>
<codes class="bip:topics:1.0">
  <code code="C15">
    <editdetail attribution="Reuters BIP Coding Group" action="confirmed" date="1997-04-29"/>
  </code>
  <code code="C151">
    <editdetail attribution="Reuters BIP Coding Group" action="confirmed" date="1997-04-29"/>
  </code>
  <code code="CCAT">
    <editdetail attribution="Reuters BIP Coding Group" action="confirmed" date="1997-04-29"/>
  </code>
</codes>
<dc element="dc.date.created" value="1997-04-29"/>
<dc element="dc.publisher" value="Reuters Holdings Plc"/>
<dc element="dc.date.published" value="1997-04-29"/>
<dc element="dc.source" value="Reuters"/>
<dc element="dc.creator.location" value="SANTA ANA, Calif."/>
<dc element="dc.creator.location.country.name" value="USA"/>
<dc element="dc.source" value="Reuters"/>
</metadata>
</newsitem>
