<?xml version="1.0" encoding="iso-8859-1" ?>
<newsitem itemid="545764" id="root" date="1997-04-29" xml:lang="en">
<title>USA: Echo Bay Mines Ltd Q1 revs up, share loss.</title>
<headline>Echo Bay Mines Ltd Q1 revs up, share loss.</headline>
<dateline>ENGLEWOOD, Colo. 1997-04-29</dateline>
<text>
<p>U.S. dollars					1997	   1996</p>
<p>Three Months Ended March 31:</p>
<p> Revenue				     $73,837,706  $67,749,649</p>
<p> Net loss				   (16,760,888) (16,156,114)</p>
<p> Loss per share				   (0.12)	 (0.12)</p>
<p>Weighted average shares outstanding</p>
<p>						 139,357,083  130,045,870</p>
</text>
<copyright>(c) Reuters Limited 1997</copyright>
<metadata>
<codes class="bip:countries:1.0">
  <code code="USA">
    <editdetail attribution="Reuters BIP Coding Group" action="confirmed" date="1997-04-29"/>
  </code>
</codes>
<codes class="bip:industries:1.0">
  <code code="I21000">
    <editdetail attribution="Reuters BIP Coding Group" action="confirmed" date="1997-04-29"/>
  </code>
</codes>
<codes class="bip:topics:1.0">
  <code code="C15">
    <editdetail attribution="Reuters BIP Coding Group" action="confirmed" date="1997-04-29"/>
  </code>
  <code code="C151">
    <editdetail attribution="Reuters BIP Coding Group" action="confirmed" date="1997-04-29"/>
  </code>
  <code code="CCAT">
    <editdetail attribution="Reuters BIP Coding Group" action="confirmed" date="1997-04-29"/>
  </code>
</codes>
<dc element="dc.date.created" value="1997-04-29"/>
<dc element="dc.publisher" value="Reuters Holdings Plc"/>
<dc element="dc.date.published" value="1997-04-29"/>
<dc element="dc.source" value="Reuters"/>
<dc element="dc.creator.location" value="ENGLEWOOD, Colo."/>
<dc element="dc.creator.location.country.name" value="USA"/>
<dc element="dc.source" value="Reuters"/>
</metadata>
</newsitem>
