<?xml version="1.0" encoding="iso-8859-1" ?>
<newsitem itemid="545736" id="root" date="1997-04-29" xml:lang="en">
<title>USA: Matrix Pharmaceutical Inc Q1 loss.</title>
<headline>Matrix Pharmaceutical Inc Q1 loss.</headline>
<dateline>FREMONT, Calif. 1997-04-29</dateline>
<text>
<p>(In thousands except per share amounts)</p>
<p>							Three Months Ended</p>
<p>							   March 31,</p>
<p>							1997	     1996</p>
<p>					     (Unaudited)    (Unaudited)</p>
<p> Revenues				     $     --	 $     --</p>
<p>Costs and expenses</p>
<p>   Research  and development		 6,545	    5,700</p>
<p>   Sales, general and administrative     3,622	    2,128</p>
<p>     Total costs and expenses	     10,167	    7,828</p>
<p> Interest and other income, net	    1,666		750</p>
<p> Net loss					(8,501)	  (7,078)</p>
<p> Net loss per share			   (0.40)	   (0.42)</p>
<p>Weighted average number of</p>
<p>   shares outstanding			 21,259	   16,941</p>
<p>Balance Sheet Highlights</p>
</text>
<copyright>(c) Reuters Limited 1997</copyright>
<metadata>
<codes class="bip:countries:1.0">
  <code code="USA">
    <editdetail attribution="Reuters BIP Coding Group" action="confirmed" date="1997-04-29"/>
  </code>
</codes>
<codes class="bip:industries:1.0">
  <code code="I25700">
    <editdetail attribution="Reuters BIP Coding Group" action="confirmed" date="1997-04-29"/>
  </code>
</codes>
<codes class="bip:topics:1.0">
  <code code="C15">
    <editdetail attribution="Reuters BIP Coding Group" action="confirmed" date="1997-04-29"/>
  </code>
  <code code="C151">
    <editdetail attribution="Reuters BIP Coding Group" action="confirmed" date="1997-04-29"/>
  </code>
  <code code="CCAT">
    <editdetail attribution="Reuters BIP Coding Group" action="confirmed" date="1997-04-29"/>
  </code>
</codes>
<dc element="dc.date.created" value="1997-04-29"/>
<dc element="dc.publisher" value="Reuters Holdings Plc"/>
<dc element="dc.date.published" value="1997-04-29"/>
<dc element="dc.source" value="Reuters"/>
<dc element="dc.creator.location" value="FREMONT, Calif."/>
<dc element="dc.creator.location.country.name" value="USA"/>
<dc element="dc.source" value="Reuters"/>
</metadata>
</newsitem>
