<?xml version="1.0" encoding="iso-8859-1" ?>
<newsitem itemid="545888" id="root" date="1997-04-29" xml:lang="en">
<title>USA: KN Energy Q1 shr $0.65 vs $0.60.</title>
<headline>KN Energy Q1 shr $0.65 vs $0.60.</headline>
<dateline>LAKEWOOD, Colo. 1997-04-29</dateline>
<text>
<p>KN Energy, Inc. And Subsidiaries</p>
<p>			Consolidated Statements Of Income</p>
<p>	     (Dollars In Thousands, Except Per Share Amounts)</p>
<p>					    Three Months Ended March 31</p>
<p>						     1997		1996</p>
<p>Operating Revenues:</p>
<p>Gathering, Processing</p>
<p>  and Marketing Services		$ 396,203	 $ 292,359</p>
<p>Interstate Transportation</p>
<p>  &amp; Storage Services			  8,309	     6,461</p>
<p> Retail Natural Gas Services	     85,501	    87,031</p>
<p> Operating Revenues			 490,013	   385,851</p>
<p>Operating Costs and Expenses:</p>
<p>Gas Purchases and</p>
<p>   Other Costs of Sales		   380,953	   288,334</p>
<p>  Operations and Maintenance	     48,808	    43,837</p>
<p>Depreciation, Depletion</p>
<p>   and Amortization			  14,300	    12,199</p>
<p>  Taxes, Other Than Income Taxes	  6,047	     5,705</p>
<p>  Total Operating Costs and Expenses  450,108	   350,075</p>
<p>  Operating Income			   39,905	    35,776</p>
<p>Other Income (Deductions):</p>
<p>  Interest Expense			  (9,656)	   (8,551)</p>
<p>  Other, Net				    1,811		 129</p>
<p> Total Other Income (Deductions)	(7,845)	   (8,422)</p>
<p> Income Before Income Taxes		32,060	    27,354</p>
<p> Income Taxes				  11,702	     9,847</p>
<p> Net Income				    20,358	    17,507</p>
<p> Less Preferred Dividends			88		 100</p>
<p> Earnings Available for Common Stock   20,270	    17,407</p>
<p>Number of Shares Used in Computing Earnings</p>
<p>  Per Common Share (Thousands)	   31,169	    28,945</p>
<p> Earnings Per Common Share		   0.65		0.60</p>
<p> Dividends Per Common Share		  0.27		O.26</p>
</text>
<copyright>(c) Reuters Limited 1997</copyright>
<metadata>
<codes class="bip:countries:1.0">
  <code code="USA">
    <editdetail attribution="Reuters BIP Coding Group" action="confirmed" date="1997-04-29"/>
  </code>
</codes>
<codes class="bip:industries:1.0">
  <code code="I16200">
    <editdetail attribution="Reuters BIP Coding Group" action="confirmed" date="1997-04-29"/>
  </code>
</codes>
<codes class="bip:topics:1.0">
  <code code="C15">
    <editdetail attribution="Reuters BIP Coding Group" action="confirmed" date="1997-04-29"/>
  </code>
  <code code="C151">
    <editdetail attribution="Reuters BIP Coding Group" action="confirmed" date="1997-04-29"/>
  </code>
  <code code="CCAT">
    <editdetail attribution="Reuters BIP Coding Group" action="confirmed" date="1997-04-29"/>
  </code>
</codes>
<dc element="dc.date.created" value="1997-04-29"/>
<dc element="dc.publisher" value="Reuters Holdings Plc"/>
<dc element="dc.date.published" value="1997-04-29"/>
<dc element="dc.source" value="Reuters"/>
<dc element="dc.creator.location" value="LAKEWOOD, Colo."/>
<dc element="dc.creator.location.country.name" value="USA"/>
<dc element="dc.source" value="Reuters"/>
</metadata>
</newsitem>
