<?xml version="1.0" encoding="iso-8859-1" ?>
<newsitem itemid="545801" id="root" date="1997-04-29" xml:lang="en">
<title>USA: France's Lemierre sees EMU starting on time.</title>
<headline>France's Lemierre sees EMU starting on time.</headline>
<dateline>NEW YORK 1997-04-29</dateline>
<text>
<p>French Treasury Director Jean Lemierre said on Tuesday that France expected European Economic and Monetary Union (EMU) would start on time and France would be among the founding members.</p>
<p>&quot;We believe that the timetable for EMU will be met, that is to say the first of January 1999,&quot; Lemierre said during a luncheon at a European Institute conference here.</p>
<p>Lemierre said France would be ready in the first wave not only because of the specific benefits of EMU, but also because efforts which are required for entry into EMU are to be made whether or not there is a single currency in Europe.  </p>
<p>The starting date also meets France's normal economic program, he said.</p>
<p>Lemierre refused to speculate about which other countries would be included in the first wave of EMU membership. &quot;I'm not going to speak for other countries,&quot; he said.</p>
<p>One of the key standards for qualifying for EMU requires countries to reduce their public budget deficits to 3.0 percent of gross domestic product this year.</p>
<p>&quot;This year we'll reach the 3.0 percent criteria,&quot; Lemierre said. He noted the European Commission and International Monetary Fund considered this a credible objective.</p>
</text>
<copyright>(c) Reuters Limited 1997</copyright>
<metadata>
<codes class="bip:countries:1.0">
  <code code="EEC">
    <editdetail attribution="Reuters BIP Coding Group" action="confirmed" date="1997-04-29"/>
  </code>
  <code code="FRA">
    <editdetail attribution="Reuters BIP Coding Group" action="confirmed" date="1997-04-29"/>
  </code>
  <code code="USA">
    <editdetail attribution="Reuters BIP Coding Group" action="confirmed" date="1997-04-29"/>
  </code>
</codes>
<codes class="bip:topics:1.0">
  <code code="E12">
    <editdetail attribution="Reuters BIP Coding Group" action="confirmed" date="1997-04-29"/>
  </code>
  <code code="ECAT">
    <editdetail attribution="Reuters BIP Coding Group" action="confirmed" date="1997-04-29"/>
  </code>
  <code code="G15">
    <editdetail attribution="Reuters BIP Coding Group" action="confirmed" date="1997-04-29"/>
  </code>
  <code code="G154">
    <editdetail attribution="Reuters BIP Coding Group" action="confirmed" date="1997-04-29"/>
  </code>
  <code code="GCAT">
    <editdetail attribution="Reuters BIP Coding Group" action="confirmed" date="1997-04-29"/>
  </code>
</codes>
<dc element="dc.date.created" value="1997-04-29"/>
<dc element="dc.publisher" value="Reuters Holdings Plc"/>
<dc element="dc.date.published" value="1997-04-29"/>
<dc element="dc.source" value="Reuters"/>
<dc element="dc.creator.location" value="NEW YORK"/>
<dc element="dc.creator.location.country.name" value="USA"/>
<dc element="dc.source" value="Reuters"/>
</metadata>
</newsitem>
