<?xml version="1.0" encoding="iso-8859-1" ?>
<newsitem itemid="545802" id="root" date="1997-04-29" xml:lang="en">
<title>USA: EchoStar to honor News Corp deal.</title>
<headline>EchoStar to honor News Corp deal.</headline>
<dateline>NEW YORK 1997-04-29</dateline>
<text>
<p>EchoStar Communications Corp Chairman and Chief Executive Charles Ergen said Tuesday he plans to honor the agreement with News Corp Ltd in their direct-TV satellite venture.</p>
<p>On Monday, EchoStar had said it was delaying regulatory filings on the venture over demands by News Corp that EchoStar abandon the conditional-access system it currently uses.</p>
<p>At a satellite television conference in New York on Tuesday, Ergen said he still expects the venture to proceed despite the setback.  Ergen also said that EchoStar is not having discussions with any other potential partners.  </p>
<p>&quot;I'm very hopeful...that this issue will not be a stumbling block,&quot; he said.</p>
<p>Later, Ergen told reporters, &quot;The deal will go forward with News Corp.&quot;  </p>
<p>The planned venture is to offer as many as 500 channels of digital TV, Internet services and local broadcast TV signals to market across the United States.</p>
<p>It is viewed as competition to DirecTV, which is owned by General Motors Corp's Hughes Electronics Corp and AT&amp;T Corp and Primestar, a partnership of cable TV operators.</p>
<p>Ergen would not say how long the dispute with News Corp could delay a launch of the venture, or when regulatory filings would now be submitted.</p>
<p>&quot;We don't have a timetable,&quot; he said.  </p>
<p>A critical component of the direct-broadcast satellite industry is the conditional-access system, an encryption service that allows subscribers to view only those channels for which they have paid.</p>
<p>EchoStar currently uses a conditional-access system offered by Nagra SA, while News Corp owns another vendor called News Digital System.</p>
<p>Ergen said that, before considering a switch to News Corp's conditional-access system, he would need to make sure it fits the criteria outlined in their agreement.  </p>
<p>&quot;The heart of your system in DBS is you're conditional- access system,&quot; Ergen said during a panel discussion at the conference. &quot;So it's critical to all of us...that the system is secure.&quot;</p>
<p>Ergen said EchoStar is seeking additional financial and technical information from News Corp of its conditional-access system.</p>
<p>Although it may be &quot;technically feasible&quot; to switch to News Corp's service, Ergen said he first wants to understand the financial and logistical implications.  </p>
<p>Ergen said he has no contingency plan if the deal falls through and is not talking with potential partners.</p>
<p>For the past several months, EchoStar had been looking for financial partnerships since dropping the price of its satellite dishes.</p>
<p>Nevertheless, Ergen still believes the company pursued the right strategy by dropping its prices to $199, particularly since the company was a relatively new player to the industry.</p>
<p>&quot;We thought that's where the marketplace was going to go,&quot; he said. &quot;We figured we might as well bring it there.&quot;  </p>
<p>&quot;We thought that's where the marketplace was going to go,&quot; he said. &quot;We figured we might as well bring it there.&quot;</p>
<p>Under the deal, EchoStar could request $200 million in financing from News Corp as of May 1 out of the $1 billion investment pledged by News Corp.</p>
<p>However, Ergen said he does not believe EchoStar will need that money right away.</p>
<p>&quot;We'd only request it if we needed it,&quot; he told reporters. &quot;It's not likely we'll need it May 1st.&quot;</p>
<p>Ergen, who founded the Denver-based company, said he also was not concerned about EchoStar's stock price, which hit a 52-week high of 36-1/2, but now rests at about 14-3/8.</p>
<p>&quot;We're going to build long-term value,&quot; said Ergen, who owns 30 million shares of EchoStar.</p>
<p>Analysts said Ergen's remarks confirmed their belief that the venture will indeed proceed.</p>
<p>&quot;I still say the deal makes sense for both companies and both are certainly worse off without the deal,&quot; Lazard Freres analyst John Hodulik said.</p>
<p>((-- Lisa Marie Pane, New York newsdesk 212-859-1713))</p>
</text>
<copyright>(c) Reuters Limited 1997</copyright>
<metadata>
<codes class="bip:countries:1.0">
  <code code="USA">
    <editdetail attribution="Reuters BIP Coding Group" action="confirmed" date="1997-04-29"/>
  </code>
</codes>
<codes class="bip:industries:1.0">
  <code code="I34430">
    <editdetail attribution="Reuters BIP Coding Group" action="confirmed" date="1997-04-29"/>
  </code>
  <code code="I35101">
    <editdetail attribution="Reuters BIP Coding Group" action="confirmed" date="1997-04-29"/>
  </code>
  <code code="I47500">
    <editdetail attribution="Reuters BIP Coding Group" action="confirmed" date="1997-04-29"/>
  </code>
  <code code="I79020">
    <editdetail attribution="Reuters BIP Coding Group" action="confirmed" date="1997-04-29"/>
  </code>
</codes>
<codes class="bip:topics:1.0">
  <code code="C11">
    <editdetail attribution="Reuters BIP Coding Group" action="confirmed" date="1997-04-29"/>
  </code>
  <code code="CCAT">
    <editdetail attribution="Reuters BIP Coding Group" action="confirmed" date="1997-04-29"/>
  </code>
</codes>
<dc element="dc.date.created" value="1997-04-29"/>
<dc element="dc.publisher" value="Reuters Holdings Plc"/>
<dc element="dc.date.published" value="1997-04-29"/>
<dc element="dc.source" value="Reuters"/>
<dc element="dc.creator.location" value="NEW YORK"/>
<dc element="dc.creator.location.country.name" value="USA"/>
<dc element="dc.source" value="Reuters"/>
</metadata>
</newsitem>
