<?xml version="1.0" encoding="iso-8859-1" ?>
<newsitem itemid="545858" id="root" date="1997-04-29" xml:lang="en">
<title>USA: Broderbund sees lackluster earnings.</title>
<headline>Broderbund sees lackluster earnings.</headline>
<dateline>SAN FRANCISCO 1997-04-29</dateline>
<text>
<p>Broderbund Software Inc expects &quot;lackluster&quot; earnings for the second half of its fiscal year though it sees good revenue growth, Joe Durrett, the company's chief executive, said on Tuesday.</p>
<p>Earnings in the current third quarter, which ends in May, are likely to be &quot;break-even to $0.05 a share,&quot; Michael Shannahan, Broderbund's chief financial officer, told reporters after Durrett's presentation at a Hambrecht &amp; Quist conference in San Francisco.</p>
</text>
<copyright>(c) Reuters Limited 1997</copyright>
<metadata>
<codes class="bip:countries:1.0">
  <code code="USA">
    <editdetail attribution="Reuters BIP Coding Group" action="confirmed" date="1997-04-29"/>
  </code>
</codes>
<codes class="bip:industries:1.0">
  <code code="I33020">
    <editdetail attribution="Reuters BIP Coding Group" action="confirmed" date="1997-04-29"/>
  </code>
  <code code="I3302021">
    <editdetail attribution="Reuters BIP Coding Group" action="confirmed" date="1997-04-29"/>
  </code>
</codes>
<codes class="bip:topics:1.0">
  <code code="C15">
    <editdetail attribution="Reuters BIP Coding Group" action="confirmed" date="1997-04-29"/>
  </code>
  <code code="C152">
    <editdetail attribution="Reuters BIP Coding Group" action="confirmed" date="1997-04-29"/>
  </code>
  <code code="CCAT">
    <editdetail attribution="Reuters BIP Coding Group" action="confirmed" date="1997-04-29"/>
  </code>
</codes>
<dc element="dc.date.created" value="1997-04-29"/>
<dc element="dc.publisher" value="Reuters Holdings Plc"/>
<dc element="dc.date.published" value="1997-04-29"/>
<dc element="dc.source" value="Reuters"/>
<dc element="dc.creator.location" value="SAN FRANCISCO"/>
<dc element="dc.creator.location.country.name" value="USA"/>
<dc element="dc.source" value="Reuters"/>
</metadata>
</newsitem>
