<?xml version="1.0" encoding="iso-8859-1" ?>
<newsitem itemid="545829" id="root" date="1997-04-29" xml:lang="en">
<title>USA: Cardiovascular Q1 net loss narrows.</title>
<headline>Cardiovascular Q1 net loss narrows.</headline>
<dateline>RALEIGH, N.C. 1997-04-29</dateline>
<text>
<p>Three Months Ended</p>
<p>				   3/31/97	   3/31/96</p>
<p> Net revenue		$2,284,238	 $1,503,195</p>
<p> Net loss		    (477,631)	(1,112,839)</p>
<p> Net loss per share	  ( 0.07)	    ( 0.17)</p>
<p>Weighted Average common</p>
<p>  shares outstanding     6,714,496	  6,537,556</p>
<p>NOTE:  Full name is Cardiovascular Diagnostics Inc.</p>
</text>
<copyright>(c) Reuters Limited 1997</copyright>
<metadata>
<codes class="bip:countries:1.0">
  <code code="USA">
    <editdetail attribution="Reuters BIP Coding Group" action="confirmed" date="1997-04-29"/>
  </code>
</codes>
<codes class="bip:industries:1.0">
  <code code="I25700">
    <editdetail attribution="Reuters BIP Coding Group" action="confirmed" date="1997-04-29"/>
  </code>
</codes>
<codes class="bip:topics:1.0">
  <code code="C15">
    <editdetail attribution="Reuters BIP Coding Group" action="confirmed" date="1997-04-29"/>
  </code>
  <code code="C151">
    <editdetail attribution="Reuters BIP Coding Group" action="confirmed" date="1997-04-29"/>
  </code>
  <code code="CCAT">
    <editdetail attribution="Reuters BIP Coding Group" action="confirmed" date="1997-04-29"/>
  </code>
</codes>
<dc element="dc.date.created" value="1997-04-29"/>
<dc element="dc.publisher" value="Reuters Holdings Plc"/>
<dc element="dc.date.published" value="1997-04-29"/>
<dc element="dc.source" value="Reuters"/>
<dc element="dc.creator.location" value="RALEIGH, N.C."/>
<dc element="dc.creator.location.country.name" value="USA"/>
<dc element="dc.source" value="Reuters"/>
</metadata>
</newsitem>
