<?xml version="1.0" encoding="iso-8859-1" ?>
<newsitem itemid="545854" id="root" date="1997-04-29" xml:lang="en">
<title>USA: Pacific Greystone Q1 shr $0.27 vs $0.13.</title>
<headline>Pacific Greystone Q1 shr $0.27 vs $0.13.</headline>
<dateline>LOS ANGELES 1997-04-29</dateline>
<text>
<p>Three Months Ended</p>
<p>								  March 31,</p>
<p>							     1997	1996</p>
<p> Revenues					     $101,482  $63,219</p>
<p> Gross Margin					   17,951   11,379</p>
<p> Gross Margin Percentage			     17.7%    18.0%</p>
<p>Selling, General and Administrative Expenses</p>
<p>							    11,376    8,173</p>
<p> Selling, General and Administrative Ratio     11.2%    12.9%</p>
<p> Net Income						3,975    1,897</p>
<p> Earnings Per Share				     0.27  0.13(a)</p>
<p>(a)Per share data for 1996 was calculated on a pro forma basis assuming the total number of common shares outstanding subsequent to the Company's initial public offering in June 1996 and excluding the preferred dividend requirements.</p>
<p>In commenting on the Company's results, Jack R. Harter, Pacific Greystone's Chairman and Chief Executive Officer, said, &quot;This marks the sixth consecutive quarter of improved year-over-year results. The sharp improvement demonstrates the success of our growth strategy which focuses on maximizing the potential of our existing operations and further expanding into other attractive markets outside of California. Furthermore, the economic conditions in California have continued to improve while our existing operations outside of California have provided profitable growth.  At March 31, 1997 the Company's backlog of homes under contract was 814 units, representing aggregate future revenues of $197 million.&quot;</p>
<p>At March 31, 1997, the Company's financial position remained strong.  The Company's debt to equity ratio was 1.08 to 1.00 at March 31, 1997, while debt to total capital was 52%. In April 1997, the bond rating on the Company's 10 3/4% senior notes was upgraded to Ba3 and B+ by Moody's Investors Service and Standard &amp; Poor's Corporation, respectively.</p>
</text>
<copyright>(c) Reuters Limited 1997</copyright>
<metadata>
<codes class="bip:countries:1.0">
  <code code="USA">
    <editdetail attribution="Reuters BIP Coding Group" action="confirmed" date="1997-04-29"/>
  </code>
</codes>
<codes class="bip:industries:1.0">
  <code code="I50100">
    <editdetail attribution="Reuters BIP Coding Group" action="confirmed" date="1997-04-29"/>
  </code>
  <code code="I5010022">
    <editdetail attribution="Reuters BIP Coding Group" action="confirmed" date="1997-04-29"/>
  </code>
</codes>
<codes class="bip:topics:1.0">
  <code code="C15">
    <editdetail attribution="Reuters BIP Coding Group" action="confirmed" date="1997-04-29"/>
  </code>
  <code code="C151">
    <editdetail attribution="Reuters BIP Coding Group" action="confirmed" date="1997-04-29"/>
  </code>
  <code code="CCAT">
    <editdetail attribution="Reuters BIP Coding Group" action="confirmed" date="1997-04-29"/>
  </code>
</codes>
<dc element="dc.date.created" value="1997-04-29"/>
<dc element="dc.publisher" value="Reuters Holdings Plc"/>
<dc element="dc.date.published" value="1997-04-29"/>
<dc element="dc.source" value="Reuters"/>
<dc element="dc.creator.location" value="LOS ANGELES"/>
<dc element="dc.creator.location.country.name" value="USA"/>
<dc element="dc.source" value="Reuters"/>
</metadata>
</newsitem>
