<?xml version="1.0" encoding="iso-8859-1" ?>
<newsitem itemid="545828" id="root" date="1997-04-29" xml:lang="en">
<title>USA: Diamond Home Q1 sales below expectations.</title>
<headline>Diamond Home Q1 sales below expectations.</headline>
<dateline>WOODSTOCK, Ill. 1997-04-29</dateline>
<text>
<p>Diamond Home Services Inc said Tuesday its first quarter sales were about 10 percent below its expectations due to adverse weather conditions in Florida and throughout the northern portion of the U.S.</p>
<p>The home contractor company also said operating margins were down in the quarter due to investment in hiring and training additional sales people, increasing the number of installers, and adding several senior management personnel.</p>
<p>Operating income for the quarter was $34,000, compared to $714,000 a year ago.</p>
<p>The company today reported net income of $155,000, or $0.02 a share on 9.2 million shares outstanding in the first quarter, compared to $349,000, or $0.06 a share on 6.3 million shares a year ago.</p>
<p>Diamond Home shares were down 5-5/8 at 8-3/4.</p>
<p>((--Chicago Newsdesk, 312-408-8787))</p>
</text>
<copyright>(c) Reuters Limited 1997</copyright>
<metadata>
<codes class="bip:countries:1.0">
  <code code="USA">
    <editdetail attribution="Reuters BIP Coding Group" action="confirmed" date="1997-04-29"/>
  </code>
</codes>
<codes class="bip:industries:1.0">
  <code code="I31000">
    <editdetail attribution="Reuters BIP Coding Group" action="confirmed" date="1997-04-29"/>
  </code>
</codes>
<codes class="bip:topics:1.0">
  <code code="C15">
    <editdetail attribution="Reuters BIP Coding Group" action="confirmed" date="1997-04-29"/>
  </code>
  <code code="C151">
    <editdetail attribution="Reuters BIP Coding Group" action="confirmed" date="1997-04-29"/>
  </code>
  <code code="CCAT">
    <editdetail attribution="Reuters BIP Coding Group" action="confirmed" date="1997-04-29"/>
  </code>
</codes>
<dc element="dc.date.created" value="1997-04-29"/>
<dc element="dc.publisher" value="Reuters Holdings Plc"/>
<dc element="dc.date.published" value="1997-04-29"/>
<dc element="dc.source" value="Reuters"/>
<dc element="dc.creator.location" value="WOODSTOCK, Ill."/>
<dc element="dc.creator.location.country.name" value="USA"/>
<dc element="dc.source" value="Reuters"/>
</metadata>
</newsitem>
