<?xml version="1.0" encoding="iso-8859-1" ?>
<newsitem itemid="545823" id="root" date="1997-04-29" xml:lang="en">
<title>USA: Precision Systems Inc Q1 net loss widens.</title>
<headline>Precision Systems Inc Q1 net loss widens.</headline>
<dateline>ST. PETERSBURG, Fla. 1997-04-29</dateline>
<text>
<p>Three Months Ended March 31,</p>
<p>						 1997	   1996</p>
<p> Revenue			    $10,055,291    $5,863,781</p>
<p> Net Loss			   (2,612,236)     (396,310)</p>
<p>Loss Per Share:</p>
<p>     Net Loss			     (.15)	   (.03)</p>
<p>Weighted Average</p>
<p>  Shares Outstanding	     17,534,229    13,765,037</p>
<p>NOTE:  Comparative data from the previous year excludes actual results of entities which were not consolidated in the first quarter last year, and therefore, excludes the results of Vicorp N.V.  and BFD Productions Inc  which were acquired in subsequent calendar quarters of 1996.</p>
</text>
<copyright>(c) Reuters Limited 1997</copyright>
<metadata>
<codes class="bip:countries:1.0">
  <code code="USA">
    <editdetail attribution="Reuters BIP Coding Group" action="confirmed" date="1997-04-29"/>
  </code>
</codes>
<codes class="bip:industries:1.0">
  <code code="I83940">
    <editdetail attribution="Reuters BIP Coding Group" action="confirmed" date="1997-04-29"/>
  </code>
</codes>
<codes class="bip:topics:1.0">
  <code code="C15">
    <editdetail attribution="Reuters BIP Coding Group" action="confirmed" date="1997-04-29"/>
  </code>
  <code code="C151">
    <editdetail attribution="Reuters BIP Coding Group" action="confirmed" date="1997-04-29"/>
  </code>
  <code code="CCAT">
    <editdetail attribution="Reuters BIP Coding Group" action="confirmed" date="1997-04-29"/>
  </code>
</codes>
<dc element="dc.date.created" value="1997-04-29"/>
<dc element="dc.publisher" value="Reuters Holdings Plc"/>
<dc element="dc.date.published" value="1997-04-29"/>
<dc element="dc.source" value="Reuters"/>
<dc element="dc.creator.location" value="ST. PETERSBURG, Fla."/>
<dc element="dc.creator.location.country.name" value="USA"/>
<dc element="dc.source" value="Reuters"/>
</metadata>
</newsitem>
