<?xml version="1.0" encoding="iso-8859-1" ?>
<newsitem itemid="545861" id="root" date="1997-04-29" xml:lang="en">
<title>USA: Carolina First settles lawsuits.</title>
<headline>Carolina First settles lawsuits.</headline>
<dateline>GREENVILLE, S.C. 1997-04-29</dateline>
<text>
<p>Carolina First Corp said Tuesday that is settled two lawsuits involving former officers and shareholders of Midlands National Bank, bank which merged with Carolina First in 1995.</p>
<p>Carolina First said that the settlement agreement prohibited it from disclosing its terms.</p>
<p>One of the lawsuits was brought by the former officers against Carolina First and alleged breach of employment contracts.</p>
<p>The other lawsuit was brought by Carolina First against the former officers and alleged bank fraud and securities fraud in connection with the merger.</p>
</text>
<copyright>(c) Reuters Limited 1997</copyright>
<metadata>
<codes class="bip:countries:1.0">
  <code code="USA">
    <editdetail attribution="Reuters BIP Coding Group" action="confirmed" date="1997-04-29"/>
  </code>
</codes>
<codes class="bip:industries:1.0">
  <code code="I81402">
    <editdetail attribution="Reuters BIP Coding Group" action="confirmed" date="1997-04-29"/>
  </code>
</codes>
<codes class="bip:topics:1.0">
  <code code="C12">
    <editdetail attribution="Reuters BIP Coding Group" action="confirmed" date="1997-04-29"/>
  </code>
  <code code="CCAT">
    <editdetail attribution="Reuters BIP Coding Group" action="confirmed" date="1997-04-29"/>
  </code>
  <code code="GCAT">
    <editdetail attribution="Reuters BIP Coding Group" action="confirmed" date="1997-04-29"/>
  </code>
  <code code="GCRIM">
    <editdetail attribution="Reuters BIP Coding Group" action="confirmed" date="1997-04-29"/>
  </code>
</codes>
<dc element="dc.date.created" value="1997-04-29"/>
<dc element="dc.publisher" value="Reuters Holdings Plc"/>
<dc element="dc.date.published" value="1997-04-29"/>
<dc element="dc.source" value="Reuters"/>
<dc element="dc.creator.location" value="GREENVILLE, S.C."/>
<dc element="dc.creator.location.country.name" value="USA"/>
<dc element="dc.source" value="Reuters"/>
</metadata>
</newsitem>
