<?xml version="1.0" encoding="iso-8859-1" ?>
<newsitem itemid="545875" id="root" date="1997-04-29" xml:lang="en">
<title>USA: MCI says files suit against SNET.</title>
<headline>MCI says files suit against SNET.</headline>
<dateline>BRIDGEPORT, Conn. 1997-04-29</dateline>
<text>
<p>MCI said Tuesday it filed suit with the United States District Court for Connecticut, charging Southern New England Telephone with unfairly restricting customers from changing telephone companies.</p>
<p>MCI said its suit centers on two allegations, including SNET's abuse of its monopoly to restrict customers from making authorized changes in their selection of a long-distance company and SNET's breach of contract by not honoring an agreement to provide MCI certain customer information.  </p>
<p>SNET spokesman Kevin Moore said the company's practices were fair.</p>
<p>&quot;This is one way that we can protect our customers from slamming,&quot; said Moore. &quot;If a customer does choose to change his carrier they need only to notify us.&quot;</p>
<p>Slamming is the practice of carriers changing customers without authorization.</p>
<p>MCI said the primary issue in the suit is that SNET is soliciting customers to sign-up for a freeze on their primary interexchange carrier -- or a lock on their choice of telecommunications carrier -- without disclosing the hurdles they will face when they wish to make authorized changes in their choice of long distance and/or local toll carriers.</p>
<p>MCI also said that under a binding agreement between SNET and MCI, SNET is to provide certain customer information to MCI which it also provides to its own long-distance marketers.</p>
<p>MCI said SNET has stopped providing this information to MCI, creating an unfair advantage for itself and further impeding competition.</p>
</text>
<copyright>(c) Reuters Limited 1997</copyright>
<metadata>
<codes class="bip:countries:1.0">
  <code code="USA">
    <editdetail attribution="Reuters BIP Coding Group" action="confirmed" date="1997-04-29"/>
  </code>
</codes>
<codes class="bip:industries:1.0">
  <code code="I79020">
    <editdetail attribution="Reuters BIP Coding Group" action="confirmed" date="1997-04-29"/>
  </code>
</codes>
<codes class="bip:topics:1.0">
  <code code="C12">
    <editdetail attribution="Reuters BIP Coding Group" action="confirmed" date="1997-04-29"/>
  </code>
  <code code="CCAT">
    <editdetail attribution="Reuters BIP Coding Group" action="confirmed" date="1997-04-29"/>
  </code>
  <code code="GCAT">
    <editdetail attribution="Reuters BIP Coding Group" action="confirmed" date="1997-04-29"/>
  </code>
  <code code="GCRIM">
    <editdetail attribution="Reuters BIP Coding Group" action="confirmed" date="1997-04-29"/>
  </code>
</codes>
<dc element="dc.date.created" value="1997-04-29"/>
<dc element="dc.publisher" value="Reuters Holdings Plc"/>
<dc element="dc.date.published" value="1997-04-29"/>
<dc element="dc.source" value="Reuters"/>
<dc element="dc.creator.location" value="BRIDGEPORT, Conn."/>
<dc element="dc.creator.location.country.name" value="USA"/>
<dc element="dc.source" value="Reuters"/>
</metadata>
</newsitem>
