<?xml version="1.0" encoding="iso-8859-1" ?>
<newsitem itemid="545874" id="root" date="1997-04-29" xml:lang="en">
<title>USA: US Treasury official sees little inflation risk.</title>
<headline>US Treasury official sees little inflation risk.</headline>
<dateline>WASHINGTON 1997-04-29</dateline>
<text>
<p>A senior Treasury Department official said on Tuesday that there was little sign of demand-induced inflation pressures in the steadily growing U.S. economy.</p>
<p>&quot;The evidence for any appreciable risk currently from demand-side inflation is merager to non-existent,&quot; John Auten, director of Treasury's Office of Financial Analysis, told private-sector members of the Public Securities Association that advises Treasury on its borrowing requirements.</p>
<p>Mild winter weather probably helped the economy expand at around a four percent annual rate in the first quarter, he said.  </p>
<p>But Auten said there could be &quot;statistical payback&quot; in the current quarter because construction activity and consumer spending that occurred in the first quarter may effectively take away from second-quarter growth.</p>
<p>&quot;If so, growth could even now be returning much closer to trend,&quot; Auten said, adding there were &quot;few signs that the recent burst of economic growth will necessarily become self-reinforcing or that it signals a new, more inflationary, phase of the current expansion.&quot;</p>
<p>Treasury said on Monday it intends to pay down the government's debt by $65 billion in the second quarter.  </p>
<p>Paul Malvey, associate director of Treasury's Office of Market Finance, said the big paydown in government debt was possible because of &quot;an unexpectedly large surge in tax receipts&quot; from individuals meeting 1996 obligations.</p>
<p>&quot;This has even surprised our receipt analysts,&quot; he said.</p>
<p>Malvey said foreign investor interest in U.S. Treasury securities was &quot;still strong, ballooning by another $46.5 billion in the first two months of the first quarter.</p>
<p>&quot;And there is some evidence that suggests that the heavy foreign purchases continued beyond the end of February,&quot; he added.  </p>
<p>Foreign buying of U.S. Treasury secuirities is rising at a 20 percent annual clip so far this year compared with a 23 percent gain in 1996 and a 22 percent gain in 1995.</p>
<p>Foreign holdings as a percentage of total U.S. government debt hit 32 percent at the the end of 1996, Malvey said. Japan has increased its holdings of U.S. securities at a 28 percent annual rate so far in 1997 compared with a 26 percent increase in 1996.</p>
<p>Malvey noted a 75 percent to 78 percent pickup in buying of U.S. Treasury securities by Hong Kong residents in 1996.</p>
<p>Treasury has set a news conference for 1:00 p.m. EDT (1700 GMT) on Wednesday to detail its plans for selling three- and 10-year notes next week to meet its second-quarter financial objectives.</p>
</text>
<copyright>(c) Reuters Limited 1997</copyright>
<metadata>
<codes class="bip:countries:1.0">
  <code code="USA">
    <editdetail attribution="Reuters BIP Coding Group" action="confirmed" date="1997-04-29"/>
  </code>
</codes>
<codes class="bip:topics:1.0">
  <code code="E13">
    <editdetail attribution="Reuters BIP Coding Group" action="confirmed" date="1997-04-29"/>
  </code>
  <code code="E131">
    <editdetail attribution="Reuters BIP Coding Group" action="confirmed" date="1997-04-29"/>
  </code>
  <code code="ECAT">
    <editdetail attribution="Reuters BIP Coding Group" action="confirmed" date="1997-04-29"/>
  </code>
</codes>
<dc element="dc.date.created" value="1997-04-29"/>
<dc element="dc.publisher" value="Reuters Holdings Plc"/>
<dc element="dc.date.published" value="1997-04-29"/>
<dc element="dc.source" value="Reuters"/>
<dc element="dc.creator.location" value="WASHINGTON"/>
<dc element="dc.creator.location.country.name" value="USA"/>
<dc element="dc.source" value="Reuters"/>
</metadata>
</newsitem>
