<?xml version="1.0" encoding="iso-8859-1" ?>
<newsitem itemid="545894" id="root" date="1997-04-29" xml:lang="en">
<title>USA: Osmonics Inc Q1 net off.</title>
<headline>Osmonics Inc Q1 net off.</headline>
<dateline>MINNETONKA, Minn. 1997-04-29</dateline>
<text>
<p>1997			1996</p>
<p> Shr			  $0.19		    $0.25</p>
<p> Net			  2,759		    3,635</p>
<p> Revs			42,313		   39,051</p>
<p> Avg shrs		  14,516		   14,445</p>
<p>(All data above 000s except per share numbers)</p>
<p>NOTE: 1997 Q1 earnings include recovery on discontinued operations of $325,000, or $0.02/shr.</p>
<p>((--Chicago Newsdesk 312-408-8787))</p>
</text>
<copyright>(c) Reuters Limited 1997</copyright>
<metadata>
<codes class="bip:countries:1.0">
  <code code="USA">
    <editdetail attribution="Reuters BIP Coding Group" action="confirmed" date="1997-04-29"/>
  </code>
</codes>
<codes class="bip:topics:1.0">
  <code code="C15">
    <editdetail attribution="Reuters BIP Coding Group" action="confirmed" date="1997-04-29"/>
  </code>
  <code code="C151">
    <editdetail attribution="Reuters BIP Coding Group" action="confirmed" date="1997-04-29"/>
  </code>
  <code code="CCAT">
    <editdetail attribution="Reuters BIP Coding Group" action="confirmed" date="1997-04-29"/>
  </code>
</codes>
<dc element="dc.date.created" value="1997-04-29"/>
<dc element="dc.publisher" value="Reuters Holdings Plc"/>
<dc element="dc.date.published" value="1997-04-29"/>
<dc element="dc.source" value="Reuters"/>
<dc element="dc.creator.location" value="MINNETONKA, Minn."/>
<dc element="dc.creator.location.country.name" value="USA"/>
<dc element="dc.source" value="Reuters"/>
</metadata>
</newsitem>
