<?xml version="1.0" encoding="iso-8859-1" ?>
<newsitem itemid="545864" id="root" date="1997-04-29" xml:lang="en">
<title>USA: MEHL/Biophile says Palomar to drop suit.</title>
<headline>MEHL/Biophile says Palomar to drop suit.</headline>
<dateline>GAINESVILLE, Fla. 1997-04-29</dateline>
<text>
<p>MEHL/Biophile International Corp said Tuesday Palomar Medical Technologies Inc has agreed to drop its lawsuit in Massachusetts to invalidate a patent for permanent laser hair removal exclusively licensed to its unit, Selvac Acquisition Corp.</p>
<p>MEHL/Biophile said Palomar's decision clears the way for MEHL's lawsuit in New Jersey alleging that the laser hair removal system made and distributed by Palomar and its subsidiary, Spectrum Medical Technologies Inc. infringes the patent, which is owned by Nardo Zaias.  </p>
<p>MEHL said its  suit against Palomar was filed on March 7, within a week of MEHL's receiving clearance from the Food and Drug Administration to sell its own laser system.</p>
<p>In addition to infringement of the Zaias patent, the New Jersey case alleges that Palomar and Spectrum illegally sold their laser hair removal system prior to receiving FDA market clearance.</p>
<p>A Palomar spokesman was not immediately available to comment.</p>
</text>
<copyright>(c) Reuters Limited 1997</copyright>
<metadata>
<codes class="bip:countries:1.0">
  <code code="USA">
    <editdetail attribution="Reuters BIP Coding Group" action="confirmed" date="1997-04-29"/>
  </code>
</codes>
<codes class="bip:industries:1.0">
  <code code="I37200">
    <editdetail attribution="Reuters BIP Coding Group" action="confirmed" date="1997-04-29"/>
  </code>
</codes>
<codes class="bip:topics:1.0">
  <code code="C12">
    <editdetail attribution="Reuters BIP Coding Group" action="confirmed" date="1997-04-29"/>
  </code>
  <code code="C13">
    <editdetail attribution="Reuters BIP Coding Group" action="confirmed" date="1997-04-29"/>
  </code>
  <code code="CCAT">
    <editdetail attribution="Reuters BIP Coding Group" action="confirmed" date="1997-04-29"/>
  </code>
  <code code="GCAT">
    <editdetail attribution="Reuters BIP Coding Group" action="confirmed" date="1997-04-29"/>
  </code>
  <code code="GCRIM">
    <editdetail attribution="Reuters BIP Coding Group" action="confirmed" date="1997-04-29"/>
  </code>
</codes>
<dc element="dc.date.created" value="1997-04-29"/>
<dc element="dc.publisher" value="Reuters Holdings Plc"/>
<dc element="dc.date.published" value="1997-04-29"/>
<dc element="dc.source" value="Reuters"/>
<dc element="dc.creator.location" value="GAINESVILLE, Fla."/>
<dc element="dc.creator.location.country.name" value="USA"/>
<dc element="dc.source" value="Reuters"/>
</metadata>
</newsitem>
