<?xml version="1.0" encoding="iso-8859-1" ?>
<newsitem itemid="545800" id="root" date="1997-04-29" xml:lang="en">
<title>USA: N.E. Electric CEO sees &quot;difficult&quot; 1998.</title>
<headline>N.E. Electric CEO sees &quot;difficult&quot; 1998.</headline>
<dateline>PROVIDENCE, R.I. 1997-04-29</dateline>
<text>
<p>New England Electric System Chief Executive John Rowe said Tuesday deregulation will create a &quot;difficult&quot; 1998, but the company is exploring new businesses to ease the transition.</p>
<p>&quot;Restructuring will make 1998 a difficult year and increase the challenge of providing the earnings that you have become used to,&quot; Rowe told shareholders at the company's annual meeting in Providence.</p>
<p>Of the 25 bids submitted for New England Electric System's (NEES) 18 non-nuclear electric generating plants up for sale, from four to 10 are serious, he said.  </p>
<p>&quot;We're going to get a very attractive price that will help in the transition,&quot; Rowe said of the sale.</p>
<p>A select group of the companies will be asked to submit formal, binding bids for the assets, which have a book value of $1.2 billion, by the end of June.</p>
<p>NEES hopes to sign a deal to sell the assets early in the third quarter, he said.</p>
<p>Rowe said NEES will soon announce a joint venture with a telecommunications company which will take advantage of NEES' transmission capabilities.</p>
<p>Rowe did not elaborate on the telecom initiative.  </p>
<p>He said that the company is exploring entering the electricity transmission business in Argentina and Brazil. Specifically, the company is examining the possibility of a tranasmission line from Argentina's gas companies to the growing markets in Brazil.</p>
<p>NEES also will seek to expand its electricity transmission capabilities in the New York-New England region, and may also someday get involved in gas transmission, Rowe said.</p>
<p>Rowe said the new businesses will help defray any costs associated with stranded assets, such as its stake in nuclear plants which will be less competitive in a deregulated market.  </p>
<p>&quot;We now have the framework for that recovery (of stranded assets) in place,&quot; he said.</p>
<p>Rowe estimated the company's stranded assets at $3 billion to $4.5 billion but said that higher figure could come down with the sale of generating assets going well, and increasing demand for electricity.</p>
<p>In response to questions from shareholders, many of whom were seniors, Rowe said the company was committed to awarding good dividends, but he admitted the company's policy may change as the business changes.</p>
<p>&quot;We know dividends are important to you and we are committed to providing good dividends,&quot; he said.</p>
<p>((Michael Ellis, Boston bureau (617) 367-4176))</p>
</text>
<copyright>(c) Reuters Limited 1997</copyright>
<metadata>
<codes class="bip:countries:1.0">
  <code code="ARG">
    <editdetail attribution="Reuters BIP Coding Group" action="confirmed" date="1997-04-29"/>
  </code>
  <code code="BRAZ">
    <editdetail attribution="Reuters BIP Coding Group" action="confirmed" date="1997-04-29"/>
  </code>
  <code code="USA">
    <editdetail attribution="Reuters BIP Coding Group" action="confirmed" date="1997-04-29"/>
  </code>
</codes>
<codes class="bip:industries:1.0">
  <code code="I16100">
    <editdetail attribution="Reuters BIP Coding Group" action="confirmed" date="1997-04-29"/>
  </code>
</codes>
<codes class="bip:topics:1.0">
  <code code="C11">
    <editdetail attribution="Reuters BIP Coding Group" action="confirmed" date="1997-04-29"/>
  </code>
  <code code="C13">
    <editdetail attribution="Reuters BIP Coding Group" action="confirmed" date="1997-04-29"/>
  </code>
  <code code="C15">
    <editdetail attribution="Reuters BIP Coding Group" action="confirmed" date="1997-04-29"/>
  </code>
  <code code="C152">
    <editdetail attribution="Reuters BIP Coding Group" action="confirmed" date="1997-04-29"/>
  </code>
  <code code="C18">
    <editdetail attribution="Reuters BIP Coding Group" action="confirmed" date="1997-04-29"/>
  </code>
  <code code="C182">
    <editdetail attribution="Reuters BIP Coding Group" action="confirmed" date="1997-04-29"/>
  </code>
  <code code="CCAT">
    <editdetail attribution="Reuters BIP Coding Group" action="confirmed" date="1997-04-29"/>
  </code>
</codes>
<dc element="dc.date.created" value="1997-04-29"/>
<dc element="dc.publisher" value="Reuters Holdings Plc"/>
<dc element="dc.date.published" value="1997-04-29"/>
<dc element="dc.source" value="Reuters"/>
<dc element="dc.creator.location" value="PROVIDENCE, R.I."/>
<dc element="dc.creator.location.country.name" value="USA"/>
<dc element="dc.source" value="Reuters"/>
</metadata>
</newsitem>
