<?xml version="1.0" encoding="iso-8859-1" ?>
<newsitem itemid="545808" id="root" date="1997-04-29" xml:lang="en">
<title>USA: ITT says set to meet hotel margin goal.</title>
<headline>ITT says set to meet hotel margin goal.</headline>
<dateline>NEW YORK 1997-04-29</dateline>
<text>
<p>ITT Corp said it is on track to reach its goal of 30 percent margins at its hotels in 1997 following a 25 percent margin rate seen in the first quarter.</p>
<p>&quot;North America continues to be a superb story with very little capital invested, while the rest of the world is achieving the kind of margins we hoped they would,&quot; ITT President Robert Bowman told analysts in a telephone conference call to discuss first quarter earnings.</p>
<p>ITT also said the hotel and casino giant has received expressions of buying interest for its Desert Inn casino from parties outside the casino industry.  </p>
<p>Bowman said the company expects to reap about $400 million from the sale of the Desert Inn property in Las Vegas and its riverboat casino in Tunica, Miss.</p>
<p>The company also said it has received considerable buying interest for television station WBIS, which it jointly owns with Dow Jones &amp; Co Inc.</p>
<p>ITT, which is fighting a hostile takeover attempt by rival Hilton Hotels Corp, is selling non-core assets in order to focus on its key hotel and casino businesses.</p>
<p>The company also said it anticipates longterm debt to be reduced to about $3.3 billion at the end of the second quarter from the first quarter level of $3.86 billion.</p>
<p>Bowman said ITT remains bullish on Las Vegas growth opportunities for the hotel and casino business.</p>
<p>He also noted that construction disruptions at Caesars Palace in Las Vegas are expected to peak in the second quarter.  Disruptions from construction have cut into quarterly earnings.</p>
<p>((--Robin Sidel, 212/859-1723))</p>
</text>
<copyright>(c) Reuters Limited 1997</copyright>
<metadata>
<codes class="bip:countries:1.0">
  <code code="USA">
    <editdetail attribution="Reuters BIP Coding Group" action="confirmed" date="1997-04-29"/>
  </code>
</codes>
<codes class="bip:industries:1.0">
  <code code="I66500">
    <editdetail attribution="Reuters BIP Coding Group" action="confirmed" date="1997-04-29"/>
  </code>
</codes>
<codes class="bip:topics:1.0">
  <code code="C15">
    <editdetail attribution="Reuters BIP Coding Group" action="confirmed" date="1997-04-29"/>
  </code>
  <code code="C152">
    <editdetail attribution="Reuters BIP Coding Group" action="confirmed" date="1997-04-29"/>
  </code>
  <code code="CCAT">
    <editdetail attribution="Reuters BIP Coding Group" action="confirmed" date="1997-04-29"/>
  </code>
</codes>
<dc element="dc.date.created" value="1997-04-29"/>
<dc element="dc.publisher" value="Reuters Holdings Plc"/>
<dc element="dc.date.published" value="1997-04-29"/>
<dc element="dc.source" value="Reuters"/>
<dc element="dc.creator.location" value="NEW YORK"/>
<dc element="dc.creator.location.country.name" value="USA"/>
<dc element="dc.source" value="Reuters"/>
</metadata>
</newsitem>
