<?xml version="1.0" encoding="iso-8859-1" ?>
<newsitem itemid="545880" id="root" date="1997-04-29" xml:lang="en">
<title>USA: Microsoft's Gates sees margins declining.</title>
<headline>Microsoft's Gates sees margins declining.</headline>
<dateline>CHICAGO 1997-04-29</dateline>
<text>
<p>Microsoft Corp chairman Bill Gates said Tuesday he expects margins to decline in the long term for the software giant.</p>
<p>Gates, speaking to some 2,500 Chicago executives, said the company tries to maintain a conservative outlook.</p>
<p>&quot;Microsoft has a track record of trying to get analysts to be more conservative,&quot; Gates said. &quot;The margins we enjoy probably will come down over time.&quot;</p>
<p>Last week, Redmond, Washington-based Microsoft reported earnings of $1.04 billion or $0.79 a share for its fiscal third quarter ended March 31, up 85 percent from $562 million or $0.44 a year ago.</p>
<p>The gross margin for the quarter was 90.7 percent of revenues, up from 86.6 percent in the year-earlier period.</p>
<p>The earnings were well above analysts' expectations, which centered on $0.64 a share. At the time, however, the company said it expected growth to slow over the next year.</p>
<p>&quot;It's a business with a lot of risk, and things can change very quickly,&quot; Gates said.</p>
<p>He said he is coming up with creative ways to tell analysts following his company to be more conservative.</p>
<p>&quot;(T)hey're not listening to us anymore,&quot; he said.</p>
<p>((--Chicago newsdesk, 312-408-8787))</p>
</text>
<copyright>(c) Reuters Limited 1997</copyright>
<metadata>
<codes class="bip:countries:1.0">
  <code code="USA">
    <editdetail attribution="Reuters BIP Coding Group" action="confirmed" date="1997-04-29"/>
  </code>
</codes>
<codes class="bip:industries:1.0">
  <code code="I33020">
    <editdetail attribution="Reuters BIP Coding Group" action="confirmed" date="1997-04-29"/>
  </code>
  <code code="I3302020">
    <editdetail attribution="Reuters BIP Coding Group" action="confirmed" date="1997-04-29"/>
  </code>
</codes>
<codes class="bip:topics:1.0">
  <code code="C15">
    <editdetail attribution="Reuters BIP Coding Group" action="confirmed" date="1997-04-29"/>
  </code>
  <code code="C152">
    <editdetail attribution="Reuters BIP Coding Group" action="confirmed" date="1997-04-29"/>
  </code>
  <code code="CCAT">
    <editdetail attribution="Reuters BIP Coding Group" action="confirmed" date="1997-04-29"/>
  </code>
</codes>
<dc element="dc.date.created" value="1997-04-29"/>
<dc element="dc.publisher" value="Reuters Holdings Plc"/>
<dc element="dc.date.published" value="1997-04-29"/>
<dc element="dc.source" value="Reuters"/>
<dc element="dc.creator.location" value="CHICAGO"/>
<dc element="dc.creator.location.country.name" value="USA"/>
<dc element="dc.source" value="Reuters"/>
</metadata>
</newsitem>
