<?xml version="1.0" encoding="iso-8859-1" ?>
<newsitem itemid="545835" id="root" date="1997-04-29" xml:lang="en">
<title>USA: Hathaway Corp Q3 loss widens.</title>
<headline>Hathaway Corp Q3 loss widens.</headline>
<dateline>DENVER 1997-04-29</dateline>
<text>
<p>Three Months Ended	Nine Months Ended</p>
<p>			   March 31,		   March 31,</p>
<p>			 1997	 1996	   1997	   1996</p>
<p> Revenues    $ 9,443,000$ 8,274,000 $ 28,629,000 $ 25,463,000</p>
<p> Net loss	(936,000)  (507,000)  (1,537,000)  (1,251,000)</p>
<p> Shr		  (0.21)     (0.12)	 (0.35)	 (0.29)</p>
<p> Avg shrs	4,517,000  4,261,000    4,328,000    4,274,000</p>
</text>
<copyright>(c) Reuters Limited 1997</copyright>
<metadata>
<codes class="bip:countries:1.0">
  <code code="USA">
    <editdetail attribution="Reuters BIP Coding Group" action="confirmed" date="1997-04-29"/>
  </code>
</codes>
<codes class="bip:industries:1.0">
  <code code="I33020">
    <editdetail attribution="Reuters BIP Coding Group" action="confirmed" date="1997-04-29"/>
  </code>
  <code code="I3302004">
    <editdetail attribution="Reuters BIP Coding Group" action="confirmed" date="1997-04-29"/>
  </code>
</codes>
<codes class="bip:topics:1.0">
  <code code="C15">
    <editdetail attribution="Reuters BIP Coding Group" action="confirmed" date="1997-04-29"/>
  </code>
  <code code="C151">
    <editdetail attribution="Reuters BIP Coding Group" action="confirmed" date="1997-04-29"/>
  </code>
  <code code="CCAT">
    <editdetail attribution="Reuters BIP Coding Group" action="confirmed" date="1997-04-29"/>
  </code>
</codes>
<dc element="dc.date.created" value="1997-04-29"/>
<dc element="dc.publisher" value="Reuters Holdings Plc"/>
<dc element="dc.date.published" value="1997-04-29"/>
<dc element="dc.source" value="Reuters"/>
<dc element="dc.creator.location" value="DENVER"/>
<dc element="dc.creator.location.country.name" value="USA"/>
<dc element="dc.source" value="Reuters"/>
</metadata>
</newsitem>
