<?xml version="1.0" encoding="iso-8859-1" ?>
<newsitem itemid="545890" id="root" date="1997-04-29" xml:lang="en">
<title>USA: Jefferson-Pilot Q1 net shr $1.54 vs $0.98.</title>
<headline>Jefferson-Pilot Q1 net shr $1.54 vs $0.98.</headline>
<dateline>GREENSBORO, N.C. 1997-04-29</dateline>
<text>
<p>Jefferson-Pilot Corporation</p>
<p>		   First Quarter Results</p>
<p>					     Mar 31, 1997  Mar 31, 1996</p>
<p>Income per share available to</p>
<p>common stockholders, before</p>
<p>  gain from sales of investments     $	 0.98	  0.87</p>
<p>Gain from sales of investments, net</p>
<p>  of income taxes				    0.56	  0.11</p>
<p>Net income per share available to</p>
<p>  common stockholders				1.54	  0.98</p>
<p>Income available to common stockholders,</p>
<p>before gain from sales of investments</p>
<p>						   69,063,000  62,261,000</p>
<p>Gain from sales of investments, net of</p>
<p>  income taxes				 39,713,000   7,883,000</p>
<p>Net income available to common stock-</p>
<p>  holders				     108,776,000  70,144,000</p>
<p>Average number of shares outstanding  70,745,700  71,226,949 SOURCE  Jefferson-Pilot Corporation</p>
<p>-- New York Newsdesk 212 859-1610</p>
</text>
<copyright>(c) Reuters Limited 1997</copyright>
<metadata>
<codes class="bip:countries:1.0">
  <code code="USA">
    <editdetail attribution="Reuters BIP Coding Group" action="confirmed" date="1997-04-29"/>
  </code>
</codes>
<codes class="bip:industries:1.0">
  <code code="I82002">
    <editdetail attribution="Reuters BIP Coding Group" action="confirmed" date="1997-04-29"/>
  </code>
</codes>
<codes class="bip:topics:1.0">
  <code code="C15">
    <editdetail attribution="Reuters BIP Coding Group" action="confirmed" date="1997-04-29"/>
  </code>
  <code code="C151">
    <editdetail attribution="Reuters BIP Coding Group" action="confirmed" date="1997-04-29"/>
  </code>
  <code code="CCAT">
    <editdetail attribution="Reuters BIP Coding Group" action="confirmed" date="1997-04-29"/>
  </code>
</codes>
<dc element="dc.date.created" value="1997-04-29"/>
<dc element="dc.publisher" value="Reuters Holdings Plc"/>
<dc element="dc.date.published" value="1997-04-29"/>
<dc element="dc.source" value="Reuters"/>
<dc element="dc.creator.location" value="GREENSBORO, N.C."/>
<dc element="dc.creator.location.country.name" value="USA"/>
<dc element="dc.source" value="Reuters"/>
</metadata>
</newsitem>
