<?xml version="1.0" encoding="iso-8859-1" ?>
<newsitem itemid="545833" id="root" date="1997-04-29" xml:lang="en">
<title>USA: Pioneer-Standard names Rhein president/COO.</title>
<headline>Pioneer-Standard names Rhein president/COO.</headline>
<dateline>CLEVELAND 1997-04-29</dateline>
<text>
<p>Pioneer-Standard Electronics Inc said Tuesday it appointed Arthur Rhein -- who has served since 1993 as senior vice president -- president and chief operating officer of the company.</p>
<p>The company said in a release that James Bayman, Pioneer chairman and chief executive officer, held the title of president prior to Rhein's promotion.  </p>
<p>Rhein was vice president of marketing with Harvey Electronics in 1983, when Pioneer acquired the company.</p>
<p>Pioneer-Standard said Rhein served three years as vice president of Pioneer's Northeast region, became senior vice president of marketing in 1986, an elected officer of the company in 1987 and a member of its board of directors in 1990.</p>
</text>
<copyright>(c) Reuters Limited 1997</copyright>
<metadata>
<codes class="bip:countries:1.0">
  <code code="USA">
    <editdetail attribution="Reuters BIP Coding Group" action="confirmed" date="1997-04-29"/>
  </code>
</codes>
<codes class="bip:industries:1.0">
  <code code="I34531">
    <editdetail attribution="Reuters BIP Coding Group" action="confirmed" date="1997-04-29"/>
  </code>
</codes>
<codes class="bip:topics:1.0">
  <code code="C41">
    <editdetail attribution="Reuters BIP Coding Group" action="confirmed" date="1997-04-29"/>
  </code>
  <code code="C411">
    <editdetail attribution="Reuters BIP Coding Group" action="confirmed" date="1997-04-29"/>
  </code>
  <code code="CCAT">
    <editdetail attribution="Reuters BIP Coding Group" action="confirmed" date="1997-04-29"/>
  </code>
</codes>
<dc element="dc.date.created" value="1997-04-29"/>
<dc element="dc.publisher" value="Reuters Holdings Plc"/>
<dc element="dc.date.published" value="1997-04-29"/>
<dc element="dc.source" value="Reuters"/>
<dc element="dc.creator.location" value="CLEVELAND"/>
<dc element="dc.creator.location.country.name" value="USA"/>
<dc element="dc.source" value="Reuters"/>
</metadata>
</newsitem>
