<?xml version="1.0" encoding="iso-8859-1" ?>
<newsitem itemid="545881" id="root" date="1997-04-29" xml:lang="en">
<title>USA: FORECAST - US income, spending seen easing in March.</title>
<headline>FORECAST - US income, spending seen easing in March.</headline>
<dateline>NEW YORK 1997-04-29</dateline>
<text>
<p>U.S. personal income and spending probably eased somewhat in March after a particularly strong February, setting the trend for a slowdown in future months, economists said on Tuesday.</p>
<p>Last month, personal income and consumption, set for release Thursday at 0830 EDT/1230 GMT, grew 0.4 percent and 0.5 percent respectively, according to a Reuters poll of economic forecasters.</p>
<p>That compares with 0.9-percent earnings growth in February and a 0.3-percent spending figure likely to be revised higher in light of February's stellar retail sales performance.  </p>
<p>&quot;Really what's happening is that January and February were just so strong in every way that some of the slowdown (in March) is inevitable,&quot; said Peter Kretzmer, senior economist at NationsBanc Capital Markets Inc.</p>
<p>But Kretzmer said he would not expect a particularly weak report, especially because of strength in auto sales and service-sector consumption.</p>
<p>While spending growth should remain solid, the income data may be more difficult to process. Unusually high financial services bonuses should skew the report, analysts said.  </p>
<p>&quot;The bonus payments are stronger than in past years because corporate profits are stronger,&quot; said Michael Strauss, chief economists at Sanwa Securities (USA) Co.</p>
<p>&quot;The seasonals are correct in anticipating some of the bonus payments, but they should be greater than in past years,&quot; he added.</p>
<p>Looking ahead, economists projected further moderation in April. Hours worked declined in March, suggesting slower earnings growth, while retail sales appear slower in April, pointing to weaker consumption, some said.  </p>
<p>The backward-looking personal income and spending report provides little new insight into the future of Federal Reserve monetary policy, economists said.</p>
<p>Key indicators to watch ahead of the May 20 Fed policy meeting include some portions of Thursday's National Association of Purchasing Management monthly survey, Friday's report on April employment conditions and the May 13 retail sales release, economists said.</p>
<p>(( -- Scott Gerlach, 212-859-1868 ))</p>
</text>
<copyright>(c) Reuters Limited 1997</copyright>
<metadata>
<codes class="bip:countries:1.0">
  <code code="USA">
    <editdetail attribution="Reuters BIP Coding Group" action="confirmed" date="1997-04-29"/>
  </code>
</codes>
<codes class="bip:topics:1.0">
  <code code="E14">
    <editdetail attribution="Reuters BIP Coding Group" action="confirmed" date="1997-04-29"/>
  </code>
  <code code="E141">
    <editdetail attribution="Reuters BIP Coding Group" action="confirmed" date="1997-04-29"/>
  </code>
  <code code="E143">
    <editdetail attribution="Reuters BIP Coding Group" action="confirmed" date="1997-04-29"/>
  </code>
  <code code="ECAT">
    <editdetail attribution="Reuters BIP Coding Group" action="confirmed" date="1997-04-29"/>
  </code>
</codes>
<dc element="dc.date.created" value="1997-04-29"/>
<dc element="dc.publisher" value="Reuters Holdings Plc"/>
<dc element="dc.date.published" value="1997-04-29"/>
<dc element="dc.source" value="Reuters"/>
<dc element="dc.creator.location" value="NEW YORK"/>
<dc element="dc.creator.location.country.name" value="USA"/>
<dc element="dc.source" value="Reuters"/>
</metadata>
</newsitem>
