<?xml version="1.0" encoding="iso-8859-1" ?>
<newsitem itemid="545862" id="root" date="1997-04-29" xml:lang="en">
<title>USA: U.S. high-yield corporate bond forward calendar.</title>
<headline>U.S. high-yield corporate bond forward calendar.</headline>
<dateline>NEW YORK 1997-04-29</dateline>
<text>
<p>The following information on high-yield bond offerings was gathered from market sources:</p>
<p>HIGH-YIELD BOND OFFERINGS EXPECTED WEEK OF 4/28/97:</p>
<p>(Company/Amount/Issue/Maturity/Lead Mgr/Rating/Price Talk)</p>
<p>*ALTOS HORNOS DE MEXICO $300 million euro 144a sr nts 02,07 ML B1/BB +475 bps/+525 bps</p>
<p>*AMERICAN BUILDERS &amp; CONTRACTORS SUPPLY CO $100 million sr sub notes 07 NCMI</p>
<p>*COLORADO PRIME CORP $100 million 144a sr sub notes due 07 JPMS</p>
<p>*CS ENERGY CORP $300 million sr notes due 02 MS</p>
<p>*HCC INDUSTRIES INC $85 million 144a sr sub notes due 07 CSFB</p>
<p>*PRIDE PETROLEUM SERVICES $300 million snr notes due 07 DLJ</p>
<p>*RELIANT BUILDING PRODUCTS $70 million sr sub notes 04 CHASE</p>
<p>*TELEX COMMUNICATIONS $125 million 144a sr sub notes 07 CHASE</p>
<p>10%-10.75%</p>
<p>HIGH-YIELD BOND OFFERINGS EXPECTED IN THE NEAR FUTURE:</p>
<p>(Company/Amount/Issue/Maturity/Lead Mgr)</p>
<p>*ALLIED WASTE INDUSTRIES $240 million sr disc notes 07 GS</p>
<p>*AMPHENOL CORP $240 million sr sub notes due 07 DLJ/LEH</p>
<p>*CHIEF AUTO PARTS INC $125 million sr notes due 05 CSFB</p>
<p>*CITYSCAPE FINANCIAL CORP $300 million sr notes due 04 CIBC</p>
<p>*COMCAST CELLULAR $900 million 144a sr notes due 07 DLJ</p>
<p>*CONTIFINANCIAL CORP $200 million 144a sr nts due 02 BEAR</p>
<p>*EXPERION INFO SOL. $250 million sr sub notes due 07 CHASE</p>
<p>*FLEXTRONICS INTL LTD $100 million sr sub nts due 07 BA</p>
<p>*FORMAN PETROLEUM CORP $65 million sr notes due 07 JEFF</p>
<p>*FRENCH FRAGRANCES INC $100 million sr notes due 07 DLJ</p>
<p>*GENERAL WIRELESS $220 million sr disc notes due 07 BS</p>
<p>*GLOBAL BROADCASTING</p>
<p>SYSTEMS INC $270 million 144A sr sub notes due 07 FBR</p>
<p>*GOLDEN OCEAN GROUP LTD $150 million sr notes due 04 LAZ</p>
<p>*GST TELECOM INC $230 million 144a sr sec nts 07 3-yr prefund MS</p>
<p>*IMPRESS METAL PACKAGING 200 million mark 144a snr sub nts 07 SAL</p>
<p>*INNOVA S. DE R.L. $375 million sr notes due 07 MS/ML</p>
<p>*MBW FOODS INC $100 million 144A sr sub notes due 07 CHASE</p>
<p>*MULTI MARKET $110 million sr sub notes due 07 LEH</p>
<p>*PIERCE LEAHY CORP $100 million sr sub nts due 07 SB</p>
<p>*POCKET COMM. INC $NA sr disc notes due 07 DLJ</p>
<p>*RADIO ONE INC $75 million 144a sr sub notes due 04 CSFB</p>
<p>*RESOURCE MORTGAGE CAPITAL INC $125 million sr nts due 02 LEH</p>
<p>*SYSTEM INC $75 million 144a sr notes due 04 CIBC</p>
<p>*TEAM RENTAL GROUP $175 million sr notes 07 CSFB</p>
<p>*THERMA-WAVE INC $115 million 144a sr notes 04 BT</p>
<p>*TULTEX CORP $75 million 144a sr notes due 07 JPMS</p>
<p>*VICAP SA DE CV $350 million 144a gtd sr notes due 02 and 07 JPMS</p>
<p>*WESTERN STAR HOLDINGS LTD $100 million snr notes due 07 GS</p>
<p>HIGH YIELD BOND OFFERINGS PRICED RECENTLY:</p>
<p>(Date/Company/Amount/Issue/Maturity/Yield/Rating/Lead Mgr)</p>
<p>*BANK UNITED CORP 4/28 $220 sub notes 07 8.908% BA3/BB+ SB/LEH</p>
<p>*L-3 COMMUNICATIONS 4/25 $225 million 144a sr sub notes 07 10 3/8%</p>
<p>B2/B- LEH</p>
<p>*PUEBLO XTRA INTL 4/25 $85 million 144a snr notes 03 11.736% B3/B-</p>
<p>NCMI/SOC</p>
<p>*KSL RECREATION GROUP 4/24 $125 million 144a sr sub notes 07</p>
<p>10 1/4% B3/B- DLJ</p>
<p>*NEENAH CORP 4/23 $150 million 144a sr sub notes 07 11.125% B3/B-</p>
<p>CHASE</p>
<p>*FEDERAL MOGUL 4/17 $125 million 144a sr nts 07 8.84% BA2/BB SAL</p>
<p>*COPAMEX INDUSTRIAS 4/16 $200 million 144a sr sub notes 04 11.396%</p>
<p>B1/BB CITI</p>
<p>*DEL MONTE CORP 4/15 $150 million 144a sr sub notes 07 12 5/8%</p>
<p>CAA/B- BT</p>
<p>*PANDA GLOBAL</p>
<p>HOLDINGS 4/11 $155.2 million sr sec notes 04 14% B2/B- DLJ</p>
<p>*SUN WORLD</p>
<p>INTL 4/11 $115 144a million 1st mortgage nts 04 11.25% B2/B SB</p>
<p>*GREYHOUND LINES 4/11 $150 million 144a snr nts 07 11.50% B3/B-</p>
<p>BEAR</p>
<p>HIGH-YIELD BOND OFFERINGS POSTPONED:</p>
<p>(Company/Amount/Issue/Maturity/Lead Mgr)</p>
<p>*INTERCEL INC $300 million 144a sr notes due 07 MS</p>
<p>*NEXTWAVE TELECOM $200 million sr notes due 07 CIBC/SB</p>
<p>*NEXTWAVE TELECOM $200 million sr disc notes due 07 CIBC/SB</p>
<p>*PAGING NETWORK DO BRASIL $125 million 144a sr notes due 04 ML</p>
<p>*PRIME MATRIX</p>
<p>WIRELESS COMMUN. $80 million sr notes due 04 JPMS</p>
<p>*RAMSAY HEALTH CARE $75 million 144a sr nts due 04 BT</p>
<p>*STATION CASINOS INC $150 million 144a sr sub nts 07 BA</p>
<p>To have deals included, please call 212-859-1662</p>
</text>
<copyright>(c) Reuters Limited 1997</copyright>
<metadata>
<codes class="bip:countries:1.0">
  <code code="USA">
    <editdetail attribution="Reuters BIP Coding Group" action="confirmed" date="1997-04-29"/>
  </code>
</codes>
<codes class="bip:topics:1.0">
  <code code="M12">
    <editdetail attribution="Reuters BIP Coding Group" action="confirmed" date="1997-04-29"/>
  </code>
  <code code="MCAT">
    <editdetail attribution="Reuters BIP Coding Group" action="confirmed" date="1997-04-29"/>
  </code>
</codes>
<dc element="dc.date.created" value="1997-04-29"/>
<dc element="dc.publisher" value="Reuters Holdings Plc"/>
<dc element="dc.date.published" value="1997-04-29"/>
<dc element="dc.source" value="Reuters"/>
<dc element="dc.creator.location" value="NEW YORK"/>
<dc element="dc.creator.location.country.name" value="USA"/>
<dc element="dc.source" value="Reuters"/>
</metadata>
</newsitem>
