<?xml version="1.0" encoding="iso-8859-1" ?>
<newsitem itemid="545859" id="root" date="1997-04-29" xml:lang="en">
<title>USA: Dynamics says court sets injunction vs. WHX.</title>
<headline>Dynamics says court sets injunction vs. WHX.</headline>
<dateline>GREENWICH, Conn. 1997-04-29</dateline>
<text>
<p>Dynamics Corp of America said Tuesday that the United States District Court for the District of Connecticut had issued a preliminary injunction against WHX Corp in connection with its tender offer for up to 649,000 shares of Dynamics stock.</p>
<p>WHX was ordered by the court to make further and complete disclosures on certain issues and to extend the tender offer, which is presently scheduled to expire tonight, for an additional 20 days, Dynamics said.  </p>
<p>WHX originally launched a $40-a-share takeover bid for Dynamics but later sweetened the offer to $45 a share.</p>
<p>WHX is seeking to buy up to 649,000 Dynamics shares, which, if added to its current 2.9 percent stake, would give it ownership of 19.9 percent of Dynamics common stock.  This would put its ownership just under Dynamics' anti-takeover provision, which kicks in when another party acquires a 20 percent stake.</p>
<p>WHX has said it would eventually seek to buy all Dynamics shares at $45 each.</p>
<p>Dynamics has rejected both offers and has filed a lawsuit against WHX alleging violations of federal securities laws' antifraud provision in connection with its bid.</p>
</text>
<copyright>(c) Reuters Limited 1997</copyright>
<metadata>
<codes class="bip:countries:1.0">
  <code code="USA">
    <editdetail attribution="Reuters BIP Coding Group" action="confirmed" date="1997-04-29"/>
  </code>
</codes>
<codes class="bip:industries:1.0">
  <code code="I22100">
    <editdetail attribution="Reuters BIP Coding Group" action="confirmed" date="1997-04-29"/>
  </code>
  <code code="I34000">
    <editdetail attribution="Reuters BIP Coding Group" action="confirmed" date="1997-04-29"/>
  </code>
</codes>
<codes class="bip:topics:1.0">
  <code code="C12">
    <editdetail attribution="Reuters BIP Coding Group" action="confirmed" date="1997-04-29"/>
  </code>
  <code code="C18">
    <editdetail attribution="Reuters BIP Coding Group" action="confirmed" date="1997-04-29"/>
  </code>
  <code code="C181">
    <editdetail attribution="Reuters BIP Coding Group" action="confirmed" date="1997-04-29"/>
  </code>
  <code code="CCAT">
    <editdetail attribution="Reuters BIP Coding Group" action="confirmed" date="1997-04-29"/>
  </code>
  <code code="GCAT">
    <editdetail attribution="Reuters BIP Coding Group" action="confirmed" date="1997-04-29"/>
  </code>
  <code code="GCRIM">
    <editdetail attribution="Reuters BIP Coding Group" action="confirmed" date="1997-04-29"/>
  </code>
</codes>
<dc element="dc.date.created" value="1997-04-29"/>
<dc element="dc.publisher" value="Reuters Holdings Plc"/>
<dc element="dc.date.published" value="1997-04-29"/>
<dc element="dc.source" value="Reuters"/>
<dc element="dc.creator.location" value="GREENWICH, Conn."/>
<dc element="dc.creator.location.country.name" value="USA"/>
<dc element="dc.source" value="Reuters"/>
</metadata>
</newsitem>
