<?xml version="1.0" encoding="iso-8859-1" ?>
<newsitem itemid="545842" id="root" date="1997-04-29" xml:lang="en">
<title>USA: Muni market warns Treasury of loophole in SLGS reg.</title>
<headline>Muni market warns Treasury of loophole in SLGS reg.</headline>
<dateline>WASHINGTON 1997-04-29</dateline>
<text>
<p>Municipal bond market participants warned U.S. Treasury Department Tuesday that a loophole in its revised state and local government series (SLGS) program could lead to abuses by municipalities if uncorrected.</p>
<p>&quot;We want to call your attention to a potential use of the SLGS program that has arisen as a result of the changes made in the regulations and that we believe was unintended,&quot; the nine groups, including issuers, dealers, bond lawyers and others, said in a three-page letter to Roger Anderson, deputy assistant secretary for federal finance.  </p>
<p>Treasury on Oct 21 issued final regulations designed to make the SLGS program easier and less costly for state and local governments that want to refinance and invest proceeds from tax-exempt bonds.</p>
<p>The groups noted that the new SLGS rules reduce significantly the time periods for subscribing to and cancelling SLGS orders and eliminate a requirement that SLGS cancellations be based on &quot;cause.&quot;</p>
<p>They warned that as a result, there is no penalty attached to subscribing for SLGS up to 60 days period to a scheduled delivery date, and then canceling the subscription within five to seven days of the scheduled delivery date.</p>
<p>&quot;This allows the SLGS program to be used to create an 'option' or 'hedge' on interest rates, with no penalty to the SLGS subscriber,&quot; they said. For example, &quot;a municipality could apply for SLGS for a new refunding escrow and simultaneously pruchase open market securities, and then at the five/seven day deadline make a similar determination,&quot; the groups said.</p>
<p>The groups said Treasury could address the problem by simply invoking a section of the SLGS rules that authorizes the department's secretary to refuse a single or class of SLGS applications.</p>
<p>Signing the letter were representatives from Goldman, Sachs &amp; Co.; Palmer &amp; Dodge; Jones Hall Hill &amp; White; New York City; the state of Pennsylvania; PSA The Bond Market Trade Association; National Association of Bond Lawyers; Government Finance Officers Association; and Public Resources Advisory Group.</p>
</text>
<copyright>(c) Reuters Limited 1997</copyright>
<metadata>
<codes class="bip:countries:1.0">
  <code code="USA">
    <editdetail attribution="Reuters BIP Coding Group" action="confirmed" date="1997-04-29"/>
  </code>
</codes>
<codes class="bip:industries:1.0">
  <code code="I83100">
    <editdetail attribution="Reuters BIP Coding Group" action="confirmed" date="1997-04-29"/>
  </code>
</codes>
<codes class="bip:topics:1.0">
  <code code="C13">
    <editdetail attribution="Reuters BIP Coding Group" action="confirmed" date="1997-04-29"/>
  </code>
  <code code="CCAT">
    <editdetail attribution="Reuters BIP Coding Group" action="confirmed" date="1997-04-29"/>
  </code>
  <code code="E21">
    <editdetail attribution="Reuters BIP Coding Group" action="confirmed" date="1997-04-29"/>
  </code>
  <code code="E212">
    <editdetail attribution="Reuters BIP Coding Group" action="confirmed" date="1997-04-29"/>
  </code>
  <code code="ECAT">
    <editdetail attribution="Reuters BIP Coding Group" action="confirmed" date="1997-04-29"/>
  </code>
  <code code="M12">
    <editdetail attribution="Reuters BIP Coding Group" action="confirmed" date="1997-04-29"/>
  </code>
  <code code="MCAT">
    <editdetail attribution="Reuters BIP Coding Group" action="confirmed" date="1997-04-29"/>
  </code>
</codes>
<dc element="dc.date.created" value="1997-04-29"/>
<dc element="dc.publisher" value="Reuters Holdings Plc"/>
<dc element="dc.date.published" value="1997-04-29"/>
<dc element="dc.source" value="Reuters"/>
<dc element="dc.creator.location" value="WASHINGTON"/>
<dc element="dc.creator.location.country.name" value="USA"/>
<dc element="dc.source" value="Reuters"/>
</metadata>
</newsitem>
