<?xml version="1.0" encoding="iso-8859-1" ?>
<newsitem itemid="545830" id="root" date="1997-04-29" xml:lang="en">
<title>USA: SRS Labs Inc Q1 shr rises to $0.07.</title>
<headline>SRS Labs Inc Q1 shr rises to $0.07.</headline>
<dateline>SANTA ANA, Calif. 1997-04-29</dateline>
<text>
<p>SRS LABS, INC.</p>
<p>				  STATEMENTS OF INCOME</p>
<p>					(unaudited)</p>
<p>							Three Months Ended</p>
<p>								 March 31,</p>
<p>						     1997	     1996</p>
<p>REVENUES</p>
<p> Royalty revenues			 $1,802,100     $1,034,562</p>
<p> Other revenues				410,000		180</p>
<p>   Total revenues			  2,212,100	1,034,742</p>
<p> Cost of sales				  39,194	    4,941</p>
<p> Gross Margin				2,172,906	1,029,801</p>
<p> Sales and marketing			 428,662	  283,717</p>
<p> Research and development		  183,592	  107,737</p>
<p> General and administrative		715,160	  337,784</p>
<p> Income from operations		    845,492	  300,563</p>
<p> Interest income/(expense), net	  257,644	  (2,030)</p>
<p>Income before provision</p>
<p>   for income taxes			1,103,136	  298,533</p>
<p> Provision for income taxes		408,161	   80,914</p>
<p> Net income				    694,975	  217,619</p>
<p>Net income per common</p>
<p>   and common equivalent shares	     0.07	     0.03</p>
<p>Weighted average common shares</p>
<p>used in the calculation of net</p>
<p>income per common and</p>
<p>   common equivalent share	    10,567,237	7,521,540</p>
</text>
<copyright>(c) Reuters Limited 1997</copyright>
<metadata>
<codes class="bip:countries:1.0">
  <code code="USA">
    <editdetail attribution="Reuters BIP Coding Group" action="confirmed" date="1997-04-29"/>
  </code>
</codes>
<codes class="bip:industries:1.0">
  <code code="I34532">
    <editdetail attribution="Reuters BIP Coding Group" action="confirmed" date="1997-04-29"/>
  </code>
</codes>
<codes class="bip:topics:1.0">
  <code code="C15">
    <editdetail attribution="Reuters BIP Coding Group" action="confirmed" date="1997-04-29"/>
  </code>
  <code code="C151">
    <editdetail attribution="Reuters BIP Coding Group" action="confirmed" date="1997-04-29"/>
  </code>
  <code code="CCAT">
    <editdetail attribution="Reuters BIP Coding Group" action="confirmed" date="1997-04-29"/>
  </code>
</codes>
<dc element="dc.date.created" value="1997-04-29"/>
<dc element="dc.publisher" value="Reuters Holdings Plc"/>
<dc element="dc.date.published" value="1997-04-29"/>
<dc element="dc.source" value="Reuters"/>
<dc element="dc.creator.location" value="SANTA ANA, Calif."/>
<dc element="dc.creator.location.country.name" value="USA"/>
<dc element="dc.source" value="Reuters"/>
</metadata>
</newsitem>
