<?xml version="1.0" encoding="iso-8859-1" ?>
<newsitem itemid="545869" id="root" date="1997-04-29" xml:lang="en">
<title>USA: Armey does not expect U.S. budget deal this week.</title>
<headline>Armey does not expect U.S. budget deal this week.</headline>
<dateline>WASHINGTON 1997-04-29</dateline>
<text>
<p>House Majority Leader Dick Armey said he did not expect Republicans and White House negotiators to reach a balanced budget deal this week, but did not entirely rule an accord out.</p>
<p>At a news conference, the Texas Republican also said he would not accept a political fix of the Consumer Price Index, saying that job should be left to Labor Department experts.</p>
<p>&quot;I don't rule that out (budget deal) but I'm not expecting it,&quot; Armey said. He emphasized once again that congressional Republicans would bring their own budget plan to a vote in early May with or without a deal.</p>
<p>&quot;There will be no, as it were, political agreement on what would be the CPI,&quot; Armey said. He said that if the Labor Department adjusted the inflation measure &quot;and announced it to the world, we would accept&quot; that.</p>
<p>Armey said he expected any budget legislation crafted by Republicans to build on progress that has been made during weeks of private negotiations between the White House and Republicans. He also said that a budget package could be divided into separate bills, with Medicare a high priority.</p>
<p>Armey said by the end of the year the White House and Congress would accomplish the budget task they set out to do.  </p>
<p>Armey said Republicans would not do anything in a budget bill that would be &quot;offensive to the goodwill&quot; that has been built up during budget negotiations.</p>
<p>Armey basically outlined a budget process where negotiations continued with the White House during coming months as Republicans brought up their own budget, tax, Medicare and spending bills.</p>
<p>He refused to say whether Republicans would push spending cuts before a tax-cutting bill.</p>
</text>
<copyright>(c) Reuters Limited 1997</copyright>
<metadata>
<codes class="bip:countries:1.0">
  <code code="USA">
    <editdetail attribution="Reuters BIP Coding Group" action="confirmed" date="1997-04-29"/>
  </code>
</codes>
<codes class="bip:topics:1.0">
  <code code="E21">
    <editdetail attribution="Reuters BIP Coding Group" action="confirmed" date="1997-04-29"/>
  </code>
  <code code="E211">
    <editdetail attribution="Reuters BIP Coding Group" action="confirmed" date="1997-04-29"/>
  </code>
  <code code="ECAT">
    <editdetail attribution="Reuters BIP Coding Group" action="confirmed" date="1997-04-29"/>
  </code>
  <code code="GCAT">
    <editdetail attribution="Reuters BIP Coding Group" action="confirmed" date="1997-04-29"/>
  </code>
  <code code="GPOL">
    <editdetail attribution="Reuters BIP Coding Group" action="confirmed" date="1997-04-29"/>
  </code>
</codes>
<dc element="dc.date.created" value="1997-04-29"/>
<dc element="dc.publisher" value="Reuters Holdings Plc"/>
<dc element="dc.date.published" value="1997-04-29"/>
<dc element="dc.source" value="Reuters"/>
<dc element="dc.creator.location" value="WASHINGTON"/>
<dc element="dc.creator.location.country.name" value="USA"/>
<dc element="dc.source" value="Reuters"/>
</metadata>
</newsitem>
