<?xml version="1.0" encoding="iso-8859-1" ?>
<newsitem itemid="545853" id="root" date="1997-04-29" xml:lang="en">
<title>USA: Bausch &amp; Lomb says to reconsider poison pill.</title>
<headline>Bausch &amp; Lomb says to reconsider poison pill.</headline>
<dateline>SAN ANTONIO, Texas 1997-04-29</dateline>
<text>
<p>Bausch &amp; Lomb Inc said on Monday that its board will consider a proposal to revoke or conduct a shareholder vote on the company's &quot;poison pill&quot; plan.</p>
<p>The announcement followed the company's annual meeting, held in San Antonio, during which shareholders voted in favor of the proposal.</p>
<p>The recommendation is non-binding, and will be considered by the board of directors at a forthcoming board meeting, the company said.</p>
<p>Earlier this month, the company detailed &quot;a major restructuring plan that is expected to result in annual savings of more than $100 million in 1999.</p>
<p>&quot;The restructuring program is a significant part of our strategy for growth that will deliver consistent earnings to shareholders and leading edge products to consumers,&quot; chief executive officer William Carpenter said at the meeting.</p>
<p>Bausch &amp; Lomb is a global eye care company headquartered in Rochester, N.Y., with annual revenues of about $2 billion, the company said.</p>
</text>
<copyright>(c) Reuters Limited 1997</copyright>
<metadata>
<codes class="bip:countries:1.0">
  <code code="USA">
    <editdetail attribution="Reuters BIP Coding Group" action="confirmed" date="1997-04-29"/>
  </code>
</codes>
<codes class="bip:industries:1.0">
  <code code="I37300">
    <editdetail attribution="Reuters BIP Coding Group" action="confirmed" date="1997-04-29"/>
  </code>
</codes>
<codes class="bip:topics:1.0">
  <code code="C11">
    <editdetail attribution="Reuters BIP Coding Group" action="confirmed" date="1997-04-29"/>
  </code>
  <code code="CCAT">
    <editdetail attribution="Reuters BIP Coding Group" action="confirmed" date="1997-04-29"/>
  </code>
</codes>
<dc element="dc.date.created" value="1997-04-29"/>
<dc element="dc.publisher" value="Reuters Holdings Plc"/>
<dc element="dc.date.published" value="1997-04-29"/>
<dc element="dc.source" value="Reuters"/>
<dc element="dc.creator.location" value="SAN ANTONIO, Texas"/>
<dc element="dc.creator.location.country.name" value="USA"/>
<dc element="dc.source" value="Reuters"/>
</metadata>
</newsitem>
