<?xml version="1.0" encoding="iso-8859-1" ?>
<newsitem itemid="545850" id="root" date="1997-04-29" xml:lang="en">
<title>USA: Sandwich Co-Operative Q1 net rises.</title>
<headline>Sandwich Co-Operative Q1 net rises.</headline>
<dateline>SANDWICH, Mass. 1997-04-29</dateline>
<text>
<p>(Dollars in thousands, except per share amounts)</p>
<p>							 Three Months Ended</p>
<p>								March 31,</p>
<p>							1997		1996</p>
<p>Provision for loan losses (loss)	  $(109)		  --</p>
<p>Net income					 1,047		$909</p>
<p>Earnings per common and common</p>
<p>  equivalent share			     0.53		 0.47</p>
<p>Average common and common equivalent</p>
<p>  shares outstanding (000)		  1,988		1,924</p>
<p>NOTE: Full name is Sandwich Co-Operative Bank.</p>
</text>
<copyright>(c) Reuters Limited 1997</copyright>
<metadata>
<codes class="bip:countries:1.0">
  <code code="USA">
    <editdetail attribution="Reuters BIP Coding Group" action="confirmed" date="1997-04-29"/>
  </code>
</codes>
<codes class="bip:industries:1.0">
  <code code="I81402">
    <editdetail attribution="Reuters BIP Coding Group" action="confirmed" date="1997-04-29"/>
  </code>
</codes>
<codes class="bip:topics:1.0">
  <code code="C15">
    <editdetail attribution="Reuters BIP Coding Group" action="confirmed" date="1997-04-29"/>
  </code>
  <code code="C151">
    <editdetail attribution="Reuters BIP Coding Group" action="confirmed" date="1997-04-29"/>
  </code>
  <code code="CCAT">
    <editdetail attribution="Reuters BIP Coding Group" action="confirmed" date="1997-04-29"/>
  </code>
</codes>
<dc element="dc.date.created" value="1997-04-29"/>
<dc element="dc.publisher" value="Reuters Holdings Plc"/>
<dc element="dc.date.published" value="1997-04-29"/>
<dc element="dc.source" value="Reuters"/>
<dc element="dc.creator.location" value="SANDWICH, Mass."/>
<dc element="dc.creator.location.country.name" value="USA"/>
<dc element="dc.source" value="Reuters"/>
</metadata>
</newsitem>
