<?xml version="1.0" encoding="iso-8859-1" ?>
<newsitem itemid="545889" id="root" date="1997-04-29" xml:lang="en">
<title>USA: Burnham Corp Q1 shr $0.34 vs $0.24.</title>
<headline>Burnham Corp Q1 shr $0.34 vs $0.24.</headline>
<dateline>LANCASTER, Pa. 1997-04-29</dateline>
<text>
<p>(In thousands of dollars, except per share amounts)</p>
<p>							1997	     1996</p>
<p> Net sales				     $31,294	  $30,222</p>
<p> Net income for period			   761		542</p>
<p>Per common share:</p>
<p> Earnings					    .34		.24</p>
<p>((--New York Newsdesk 212 859-1610))</p>
</text>
<copyright>(c) Reuters Limited 1997</copyright>
<metadata>
<codes class="bip:countries:1.0">
  <code code="USA">
    <editdetail attribution="Reuters BIP Coding Group" action="confirmed" date="1997-04-29"/>
  </code>
</codes>
<codes class="bip:industries:1.0">
  <code code="I32050">
    <editdetail attribution="Reuters BIP Coding Group" action="confirmed" date="1997-04-29"/>
  </code>
</codes>
<codes class="bip:topics:1.0">
  <code code="C15">
    <editdetail attribution="Reuters BIP Coding Group" action="confirmed" date="1997-04-29"/>
  </code>
  <code code="C151">
    <editdetail attribution="Reuters BIP Coding Group" action="confirmed" date="1997-04-29"/>
  </code>
  <code code="CCAT">
    <editdetail attribution="Reuters BIP Coding Group" action="confirmed" date="1997-04-29"/>
  </code>
</codes>
<dc element="dc.date.created" value="1997-04-29"/>
<dc element="dc.publisher" value="Reuters Holdings Plc"/>
<dc element="dc.date.published" value="1997-04-29"/>
<dc element="dc.source" value="Reuters"/>
<dc element="dc.creator.location" value="LANCASTER, Pa."/>
<dc element="dc.creator.location.country.name" value="USA"/>
<dc element="dc.source" value="Reuters"/>
</metadata>
</newsitem>
