<?xml version="1.0" encoding="iso-8859-1" ?>
<newsitem itemid="545883" id="root" date="1997-04-29" xml:lang="en">
<title>USA: U.S. to continue China's MFN status, Qian says.</title>
<headline>U.S. to continue China's MFN status, Qian says.</headline>
<dateline>WASHINGTON 1997-04-29</dateline>
<text>
<p>Chinese Foreign Minister Qian Qichen said Tuesday he believed the United States would maintain China's Most Favored Nation (MFN) trading status.</p>
<p>&quot;I believe that the U.S. government has the determination to maintain the MFN status,&quot; Qian told reporters through an interpreter after meeting National Security Adviser Sandy Berger at the White House.</p>
</text>
<copyright>(c) Reuters Limited 1997</copyright>
<metadata>
<codes class="bip:countries:1.0">
  <code code="CHINA">
    <editdetail attribution="Reuters BIP Coding Group" action="confirmed" date="1997-04-29"/>
  </code>
  <code code="USA">
    <editdetail attribution="Reuters BIP Coding Group" action="confirmed" date="1997-04-29"/>
  </code>
</codes>
<codes class="bip:topics:1.0">
  <code code="E51">
    <editdetail attribution="Reuters BIP Coding Group" action="confirmed" date="1997-04-29"/>
  </code>
  <code code="E512">
    <editdetail attribution="Reuters BIP Coding Group" action="confirmed" date="1997-04-29"/>
  </code>
  <code code="ECAT">
    <editdetail attribution="Reuters BIP Coding Group" action="confirmed" date="1997-04-29"/>
  </code>
</codes>
<dc element="dc.date.created" value="1997-04-29"/>
<dc element="dc.publisher" value="Reuters Holdings Plc"/>
<dc element="dc.date.published" value="1997-04-29"/>
<dc element="dc.source" value="Reuters"/>
<dc element="dc.creator.location" value="WASHINGTON"/>
<dc element="dc.creator.location.country.name" value="USA"/>
<dc element="dc.source" value="Reuters"/>
</metadata>
</newsitem>
