<?xml version="1.0" encoding="iso-8859-1" ?>
<newsitem itemid="545851" id="root" date="1997-04-29" xml:lang="en">
<title>USA: LaBarge Inc Q3 March 30 net rises.</title>
<headline>LaBarge Inc Q3 March 30 net rises.</headline>
<dateline>ST. LOUIS 1997-04-29</dateline>
<text>
<p>1997			1996</p>
<p> Shr primary		$0.11		    $0.08</p>
<p> Net			  1,676		    1,219</p>
<p> Revs			25,230		   21,424</p>
<p> Avg shrs		  15,628		   15,302</p>
<p>(All data above 000s except per share numbers)  </p>
<p>	  9  MONTHS</p>
<p> Shr primary		$0.30		    $0.11</p>
<p> Net			  4,623		    1,719</p>
<p> Revs			71,256		   49,695</p>
<p> Avg shrs		  15,618		   15,281</p>
<p>(All data above 000s except per share numbers)</p>
<p>((Chicago newsdesk, 312-408-8787))</p>
</text>
<copyright>(c) Reuters Limited 1997</copyright>
<metadata>
<codes class="bip:countries:1.0">
  <code code="USA">
    <editdetail attribution="Reuters BIP Coding Group" action="confirmed" date="1997-04-29"/>
  </code>
</codes>
<codes class="bip:topics:1.0">
  <code code="C15">
    <editdetail attribution="Reuters BIP Coding Group" action="confirmed" date="1997-04-29"/>
  </code>
  <code code="C151">
    <editdetail attribution="Reuters BIP Coding Group" action="confirmed" date="1997-04-29"/>
  </code>
  <code code="CCAT">
    <editdetail attribution="Reuters BIP Coding Group" action="confirmed" date="1997-04-29"/>
  </code>
</codes>
<dc element="dc.date.created" value="1997-04-29"/>
<dc element="dc.publisher" value="Reuters Holdings Plc"/>
<dc element="dc.date.published" value="1997-04-29"/>
<dc element="dc.source" value="Reuters"/>
<dc element="dc.creator.location" value="ST. LOUIS"/>
<dc element="dc.creator.location.country.name" value="USA"/>
<dc element="dc.source" value="Reuters"/>
</metadata>
</newsitem>
