<?xml version="1.0" encoding="iso-8859-1" ?>
<newsitem itemid="545812" id="root" date="1997-04-29" xml:lang="en">
<title>USA: Carrington restates Q4 and year-end EPS. [CORRECTED 00:49 GMT 30/4]</title>
<headline>Carrington restates Q4 and year-end EPS. [CORRECTED 00:49 GMT 30/4]</headline>
<dateline>IRVING, Texas 1997-04-29</dateline>
<text>
<p>Carrington Laboratories Inc said it restated its loss per common share for the fourth quarter and year-ended December 31, 1996 in response to a Securities and Exchange Commission's review of its Form 10-K annual report.</p>
<p>The company said restated loss per share were $0.11 and $0.74 (corrects from &quot;earnings&quot; to &quot;restated loss per share&quot;) for the fourth quarter and year end, respectively, instead of $0.00 and $0.63 as previously reported.</p>
<p>In the SEC's opinion the discount in the conversion price of the company's Series E Convertible Preferred Stock is a part of preferred stock yield and should be accounted for in the fourth quarter of 1996 as a dividend to the shareholders, it said.</p>
<p>Carrington said it amended its Form 10-K report for 1996 to reflect a preferred stock dividend as a reduction of earnings per common share.</p>
<p>These changes have no effect on its cash position or reported profits, it said.</p>
</text>
<copyright>(c) Reuters Limited 1997</copyright>
<metadata>
<codes class="bip:countries:1.0">
  <code code="USA">
    <editdetail attribution="Reuters BIP Coding Group" action="confirmed" date="1997-04-29"/>
  </code>
</codes>
<codes class="bip:industries:1.0">
  <code code="I61000">
    <editdetail attribution="Reuters BIP Coding Group" action="confirmed" date="1997-04-29"/>
  </code>
</codes>
<codes class="bip:topics:1.0">
  <code code="C15">
    <editdetail attribution="Reuters BIP Coding Group" action="confirmed" date="1997-04-29"/>
  </code>
  <code code="C151">
    <editdetail attribution="Reuters BIP Coding Group" action="confirmed" date="1997-04-29"/>
  </code>
  <code code="C1511">
    <editdetail attribution="Reuters BIP Coding Group" action="confirmed" date="1997-04-29"/>
  </code>
  <code code="CCAT">
    <editdetail attribution="Reuters BIP Coding Group" action="confirmed" date="1997-04-29"/>
  </code>
</codes>
<dc element="dc.date.created" value="1997-04-29"/>
<dc element="dc.publisher" value="Reuters Holdings Plc"/>
<dc element="dc.date.published" value="1997-04-29"/>
<dc element="dc.source" value="Reuters"/>
<dc element="dc.creator.location" value="IRVING, Texas"/>
<dc element="dc.creator.location.country.name" value="USA"/>
<dc element="dc.source" value="Reuters"/>
</metadata>
</newsitem>
