<?xml version="1.0" encoding="iso-8859-1" ?>
<newsitem itemid="545826" id="root" date="1997-04-29" xml:lang="en">
<title>USA: US to sell $14 billion of 3-, 6-mo bills May 5.</title>
<headline>US to sell $14 billion of 3-, 6-mo bills May 5.</headline>
<dateline>WASHINGTON 1997-04-29</dateline>
<text>
<p>The Treasury Department said on Tuesday it will auction $14 billion of three- and six-month bills on May 5 to pay down $5.025 billion as a total of $19.029 billion of bills are maturing.</p>
<p>The weekly bill sale will be equally divided between the two maturities. The bills will be issued on May 8. The three-month bills mature on August 7 and the six-month bills mature on November 6.</p>
<p>The CUSIP number for the three-month bills is 9127945H3 and for the six-month bills is 9127945T7.</p>
</text>
<copyright>(c) Reuters Limited 1997</copyright>
<metadata>
<codes class="bip:countries:1.0">
  <code code="USA">
    <editdetail attribution="Reuters BIP Coding Group" action="confirmed" date="1997-04-29"/>
  </code>
</codes>
<codes class="bip:topics:1.0">
  <code code="M13">
    <editdetail attribution="Reuters BIP Coding Group" action="confirmed" date="1997-04-29"/>
  </code>
  <code code="M131">
    <editdetail attribution="Reuters BIP Coding Group" action="confirmed" date="1997-04-29"/>
  </code>
  <code code="MCAT">
    <editdetail attribution="Reuters BIP Coding Group" action="confirmed" date="1997-04-29"/>
  </code>
</codes>
<dc element="dc.date.created" value="1997-04-29"/>
<dc element="dc.publisher" value="Reuters Holdings Plc"/>
<dc element="dc.date.published" value="1997-04-29"/>
<dc element="dc.source" value="Reuters"/>
<dc element="dc.creator.location" value="WASHINGTON"/>
<dc element="dc.creator.location.country.name" value="USA"/>
<dc element="dc.source" value="Reuters"/>
</metadata>
</newsitem>
