<?xml version="1.0" encoding="iso-8859-1" ?>
<newsitem itemid="545895" id="root" date="1997-04-29" xml:lang="en">
<title>USA: IVC Industries says to buy back shrs.</title>
<headline>IVC Industries says to buy back shrs.</headline>
<dateline>FREEHOLD, N.J. 1997-04-29</dateline>
<text>
<p>IVC Industries Inc said Tuesday its board of directors has authorized it to begin a repurchase program for up to 250,000 shares of its common stock.</p>
<p>The company said the purchases may be made from time to time in the open market and will be used for general corporate purposes.</p>
<p>The company said the timing, price and amount of the purchases will be influenced by various factors, including general market conditions and will be made at the discretion of management.</p>
<p>The company said it has 17,094,742 shares of common stock outstanding.</p>
<p>IVC makes and sells vitamins and nutritional supplements through drug stores, supermarkets and mass merchandising chains, as well as health food stores and independent drug stores.</p>
</text>
<copyright>(c) Reuters Limited 1997</copyright>
<metadata>
<codes class="bip:countries:1.0">
  <code code="USA">
    <editdetail attribution="Reuters BIP Coding Group" action="confirmed" date="1997-04-29"/>
  </code>
</codes>
<codes class="bip:industries:1.0">
  <code code="I25700">
    <editdetail attribution="Reuters BIP Coding Group" action="confirmed" date="1997-04-29"/>
  </code>
</codes>
<codes class="bip:topics:1.0">
  <code code="C17">
    <editdetail attribution="Reuters BIP Coding Group" action="confirmed" date="1997-04-29"/>
  </code>
  <code code="C171">
    <editdetail attribution="Reuters BIP Coding Group" action="confirmed" date="1997-04-29"/>
  </code>
  <code code="C18">
    <editdetail attribution="Reuters BIP Coding Group" action="confirmed" date="1997-04-29"/>
  </code>
  <code code="C181">
    <editdetail attribution="Reuters BIP Coding Group" action="confirmed" date="1997-04-29"/>
  </code>
  <code code="CCAT">
    <editdetail attribution="Reuters BIP Coding Group" action="confirmed" date="1997-04-29"/>
  </code>
</codes>
<dc element="dc.date.created" value="1997-04-29"/>
<dc element="dc.publisher" value="Reuters Holdings Plc"/>
<dc element="dc.date.published" value="1997-04-29"/>
<dc element="dc.source" value="Reuters"/>
<dc element="dc.creator.location" value="FREEHOLD, N.J."/>
<dc element="dc.creator.location.country.name" value="USA"/>
<dc element="dc.source" value="Reuters"/>
</metadata>
</newsitem>
