<?xml version="1.0" encoding="iso-8859-1" ?>
<newsitem itemid="545884" id="root" date="1997-04-29" xml:lang="en">
<title>USA: Dlr/mark scarred at US noon, Fed fears ebb on data.</title>
<headline>Dlr/mark scarred at US noon, Fed fears ebb on data.</headline>
<dateline>NEW YORK 1997-04-29</dateline>
<text>
<p>Weak U.S. manufacturing data and subdued wage pressures eroded expectations of a near-term interest rate increase by the Federal Reserve, pushing the dollar lower versus the mark by midday, dealers said.</p>
<p>Dollar/yen, however, was unchanged and mark/yen gained after the dollar decline on the mark accelerated, as longs were liquidated and stop-loss selling kicked in under 1.7240.</p>
<p>&quot;The market was caught long (dollar/mark) this morning,&quot; said Scott Duncan, a vice president at Credit Agricole. &quot;The data was the catalyst that helped trigger some stops, no doubt about that.&quot;  </p>
<p>The dollar got a toehold at 1.7220 marks in New York and changed hands at 1.7240/50 at midday, down from 1.7320/30 at the open. Although it briefly dipped to 126.59, dollar/yen stood unchanged from the open at 126.80/85.</p>
<p>The slide versus the mark was fueled by two numbers released at the U.S. open. The relatively tame 0.6 percent rise in the Labor Department's first quarter employment cost index came out side by side with a report showing durable goods orders tumbled 3.0 percent in March</p>
<p>Economists and traders said the data took some of the heat off the Fed to raise interest rates soon to slow the economy.  </p>
<p>Economists polled by Reuters expected the durables data to be unchanged after a downwardly revised 0.8 percent rise in February. Wage costs, over which the Fed has recently expressed alarm, were expected to rise 0.9 percent.</p>
<p>&quot;Everyone was speculating a higher employment cost index and obviously the bonds opened up a point and half higher. People trading interest rate differentials have to rethink the scenario now with the possibility of the Fed not hiking in May,&quot; said Russell LaScala chief dealer at Citibank.</p>
<p>While traders were exiting long positions, speculators reportedly weighed in with fresh short-sales of their own.  </p>
<p>A weaker reading on consumer sentiment from the Conference Board also hung over the dollar during the morning. The confidence index fell to 116.8 in April from 118.5 in March.</p>
<p>The dollar's decline gathered momentum below Monday's low at 1.7250 marks. But the dollar steadied before it challenged important support at 1.7200/10.</p>
<p>But if this prop gives way, dealers said they expect a more vigorous decline to 1.7150 marks, and possibly &quot;very key support&quot; around 1.7085/90.</p>
<p>Meanwhile, the dollar shrugged off a huge rise in the Dow industrials. Traders said the Dow/dollar link broke ages ago.  </p>
<p>&quot;The connection between the Dow and the dollar, there was a decoupling there last summer. It's not a big factor,&quot; said Stephen Jury, chief dealer at Union Bank of Switzerland.</p>
<p>Blue chip industrial shares were up more than 100 points at midday, in tandem with the soaring Treasury bond market, as investors rejoiced at diminished inflation prospects.</p>
<p>The market was barely fazed by afternoon remarks from German Finance Minister Theo Waigel. Waigel said the statement issued by the Group of Seven finance ministers and central bankers in Washington on Sunday was meant to be stronger than their last message on currencies from Berlin in February.  </p>
<p>In other trade, mark/yen jumped over 73.50 from early levels near 73.20. The mark was also firmer against the pound and some European currencies.</p>
<p>The dollar fell to 1.4655/65 Swiss francs from 1.4740/50 and to Canadian $1.3974/79 from C$1.4006/11. The pound rose to $1.6315/25 from $1.6218/28.</p>
<p>((--Alden Bentley, 212 859 1667))</p>
</text>
<copyright>(c) Reuters Limited 1997</copyright>
<metadata>
<codes class="bip:countries:1.0">
  <code code="USA">
    <editdetail attribution="Reuters BIP Coding Group" action="confirmed" date="1997-04-29"/>
  </code>
</codes>
<codes class="bip:topics:1.0">
  <code code="M13">
    <editdetail attribution="Reuters BIP Coding Group" action="confirmed" date="1997-04-29"/>
  </code>
  <code code="M132">
    <editdetail attribution="Reuters BIP Coding Group" action="confirmed" date="1997-04-29"/>
  </code>
  <code code="MCAT">
    <editdetail attribution="Reuters BIP Coding Group" action="confirmed" date="1997-04-29"/>
  </code>
</codes>
<dc element="dc.date.created" value="1997-04-29"/>
<dc element="dc.publisher" value="Reuters Holdings Plc"/>
<dc element="dc.date.published" value="1997-04-29"/>
<dc element="dc.source" value="Reuters"/>
<dc element="dc.creator.location" value="NEW YORK"/>
<dc element="dc.creator.location.country.name" value="USA"/>
<dc element="dc.source" value="Reuters"/>
</metadata>
</newsitem>
