<?xml version="1.0" encoding="iso-8859-1" ?>
<newsitem itemid="545857" id="root" date="1997-04-29" xml:lang="en">
<title>USA: Boeing board oks extended range 767-400.</title>
<headline>Boeing board oks extended range 767-400.</headline>
<dateline>SEATTLE 1997-04-29</dateline>
<text>
<p>Boeing Co said Tuesday its board formally approved production of the new 767-400 extended range airplane, the newest 767 stretch derivative.</p>
<p>Design and production planning of the 767-400ER was kicked off last month with the first order from Delta Air Lines Inc for 21 of the new jetliners.  The 767-400ER is sized between the 767-300 and the 777-200.</p>
<p>It features a stretched fuselage, adding 21 feet in length and up to 20 percent more seats than the 767-300; aerodynamic improvements, including additional wing span; increased takeoff weight capability; and an all new main landing gear.</p>
</text>
<copyright>(c) Reuters Limited 1997</copyright>
<metadata>
<codes class="bip:countries:1.0">
  <code code="USA">
    <editdetail attribution="Reuters BIP Coding Group" action="confirmed" date="1997-04-29"/>
  </code>
</codes>
<codes class="bip:industries:1.0">
  <code code="I36400">
    <editdetail attribution="Reuters BIP Coding Group" action="confirmed" date="1997-04-29"/>
  </code>
  <code code="I3640010">
    <editdetail attribution="Reuters BIP Coding Group" action="confirmed" date="1997-04-29"/>
  </code>
  <code code="I75000">
    <editdetail attribution="Reuters BIP Coding Group" action="confirmed" date="1997-04-29"/>
  </code>
</codes>
<codes class="bip:topics:1.0">
  <code code="C21">
    <editdetail attribution="Reuters BIP Coding Group" action="confirmed" date="1997-04-29"/>
  </code>
  <code code="C33">
    <editdetail attribution="Reuters BIP Coding Group" action="confirmed" date="1997-04-29"/>
  </code>
  <code code="CCAT">
    <editdetail attribution="Reuters BIP Coding Group" action="confirmed" date="1997-04-29"/>
  </code>
</codes>
<dc element="dc.date.created" value="1997-04-29"/>
<dc element="dc.publisher" value="Reuters Holdings Plc"/>
<dc element="dc.date.published" value="1997-04-29"/>
<dc element="dc.source" value="Reuters"/>
<dc element="dc.creator.location" value="SEATTLE"/>
<dc element="dc.creator.location.country.name" value="USA"/>
<dc element="dc.source" value="Reuters"/>
</metadata>
</newsitem>
