<?xml version="1.0" encoding="iso-8859-1" ?>
<newsitem itemid="545825" id="root" date="1997-04-29" xml:lang="en">
<title>USA: Cousins Properties Q1 shr rises.</title>
<headline>Cousins Properties Q1 shr rises.</headline>
<dateline>ATLANTA 1997-04-29</dateline>
<text>
<p>1997			1996</p>
<p> Shr			  $0.25		    $0.26</p>
<p> FFO shr		     0.44		     0.36</p>
<p> Net			  9,624		    7,298</p>
<p> FFO			 12,800		   10,300</p>
<p> Revs			20,291		   13,223</p>
<p> Avg shrs		  28,995		   28,278</p>
<p>(All data above 000s except per share numbers)</p>
<p>NOTE: Full company name is Cousins Properties Inc.</p>
<p>FFO means funds from operations.</p>
<p>1997 Q1 shr includes $0.08 a share gain from sale of investment properties, net of applicable income tax provision.</p>
</text>
<copyright>(c) Reuters Limited 1997</copyright>
<metadata>
<codes class="bip:countries:1.0">
  <code code="USA">
    <editdetail attribution="Reuters BIP Coding Group" action="confirmed" date="1997-04-29"/>
  </code>
</codes>
<codes class="bip:industries:1.0">
  <code code="I85000">
    <editdetail attribution="Reuters BIP Coding Group" action="confirmed" date="1997-04-29"/>
  </code>
</codes>
<codes class="bip:topics:1.0">
  <code code="C15">
    <editdetail attribution="Reuters BIP Coding Group" action="confirmed" date="1997-04-29"/>
  </code>
  <code code="C151">
    <editdetail attribution="Reuters BIP Coding Group" action="confirmed" date="1997-04-29"/>
  </code>
  <code code="CCAT">
    <editdetail attribution="Reuters BIP Coding Group" action="confirmed" date="1997-04-29"/>
  </code>
</codes>
<dc element="dc.date.created" value="1997-04-29"/>
<dc element="dc.publisher" value="Reuters Holdings Plc"/>
<dc element="dc.date.published" value="1997-04-29"/>
<dc element="dc.source" value="Reuters"/>
<dc element="dc.creator.location" value="ATLANTA"/>
<dc element="dc.creator.location.country.name" value="USA"/>
<dc element="dc.source" value="Reuters"/>
</metadata>
</newsitem>
