<?xml version="1.0" encoding="iso-8859-1" ?>
<newsitem itemid="545814" id="root" date="1997-04-29" xml:lang="en">
<title>USA: U.S. adj retail sales up 0.2 pct in April -- Redbook.</title>
<headline>U.S. adj retail sales up 0.2 pct in April -- Redbook.</headline>
<dateline>NEW YORK 1997-04-29</dateline>
<text>
<p>U.S. seasonally adjusted retail sales rose 0.2 percent for the first three weeks of fiscal April versus March, according to the Lynch, Jones &amp; Ryan Inc Redbook Retail Sales Index.</p>
<p>The index rose 6.1 percent compared to the same month a year ago, the report said.  Adjusted retail sales rose 5.6 percent in the week ended April 26 compared with the same week a year ago, it said.  </p>
<p>&quot;It looks as if April is not going to turn out to be a good month, even though next week should be better,&quot; said Howard Eilenberg, retail analyst at Lynch, Jones &amp; Ryan, in an interview with Reuters Financial Television.</p>
<p>Sales in the past week centered around gardening goods, pharmaceutical items and higher-priced apparel, he said.</p>
<p>Continued slow sales growth may lead to more discounting, the analyst said.  &quot;As the season progresses, if they're not selling all their goods, they're going to have to mark them down,&quot; he said.</p>
<p>Eilenberg said a decline in the Redbook index could be a leading indicator of an economic slowdown, but added it was too early to draw any conclusions about the direction of consumer demand.</p>
<p>(( -- N.A. Treasury Desk, 212-859-1868 ))</p>
</text>
<copyright>(c) Reuters Limited 1997</copyright>
<metadata>
<codes class="bip:countries:1.0">
  <code code="USA">
    <editdetail attribution="Reuters BIP Coding Group" action="confirmed" date="1997-04-29"/>
  </code>
</codes>
<codes class="bip:topics:1.0">
  <code code="E14">
    <editdetail attribution="Reuters BIP Coding Group" action="confirmed" date="1997-04-29"/>
  </code>
  <code code="E143">
    <editdetail attribution="Reuters BIP Coding Group" action="confirmed" date="1997-04-29"/>
  </code>
  <code code="ECAT">
    <editdetail attribution="Reuters BIP Coding Group" action="confirmed" date="1997-04-29"/>
  </code>
</codes>
<dc element="dc.date.created" value="1997-04-29"/>
<dc element="dc.publisher" value="Reuters Holdings Plc"/>
<dc element="dc.date.published" value="1997-04-29"/>
<dc element="dc.source" value="Reuters"/>
<dc element="dc.creator.location" value="NEW YORK"/>
<dc element="dc.creator.location.country.name" value="USA"/>
<dc element="dc.source" value="Reuters"/>
</metadata>
</newsitem>
