<?xml version="1.0" encoding="iso-8859-1" ?>
<newsitem itemid="545818" id="root" date="1997-04-29" xml:lang="en">
<title>USA: Humana Inc Q1 earnings summary.</title>
<headline>Humana Inc Q1 earnings summary.</headline>
<dateline>LOUISVILLE, Ky. 1997-04-29</dateline>
<text>
<p>Period ended March 31</p>
<p>			    1997			 1996</p>
<p> Shr			  $0.24		    $0.32</p>
<p> Net			 39,000		   53,000</p>
<p> Revs		   1,803,000		1,560,000</p>
<p> Avg Shrs		 162,801		  162,379</p>
<p>	 (All Data Above 000s Except Per Share Numbers)</p>
</text>
<copyright>(c) Reuters Limited 1997</copyright>
<metadata>
<codes class="bip:countries:1.0">
  <code code="USA">
    <editdetail attribution="Reuters BIP Coding Group" action="confirmed" date="1997-04-29"/>
  </code>
</codes>
<codes class="bip:industries:1.0">
  <code code="I95100">
    <editdetail attribution="Reuters BIP Coding Group" action="confirmed" date="1997-04-29"/>
  </code>
</codes>
<codes class="bip:topics:1.0">
  <code code="C15">
    <editdetail attribution="Reuters BIP Coding Group" action="confirmed" date="1997-04-29"/>
  </code>
  <code code="C151">
    <editdetail attribution="Reuters BIP Coding Group" action="confirmed" date="1997-04-29"/>
  </code>
  <code code="CCAT">
    <editdetail attribution="Reuters BIP Coding Group" action="confirmed" date="1997-04-29"/>
  </code>
</codes>
<dc element="dc.date.created" value="1997-04-29"/>
<dc element="dc.publisher" value="Reuters Holdings Plc"/>
<dc element="dc.date.published" value="1997-04-29"/>
<dc element="dc.source" value="Reuters"/>
<dc element="dc.creator.location" value="LOUISVILLE, Ky."/>
<dc element="dc.creator.location.country.name" value="USA"/>
<dc element="dc.source" value="Reuters"/>
</metadata>
</newsitem>
