<?xml version="1.0" encoding="iso-8859-1" ?>
<newsitem itemid="545877" id="root" date="1997-04-29" xml:lang="en">
<title>USA: Immunity for tobacco not discussed -- Texas official.</title>
<headline>Immunity for tobacco not discussed -- Texas official.</headline>
<dateline>AUSTIN, Texas 1997-04-29</dateline>
<text>
<p>Texas Attorney General Dan Morales said on Tuesday a proposal to grant tobacco companies future legal protection in exchange for a settlement of the many lawsuits against them was not under discussion in negotiations now underway.</p>
<p>Morales told reporters he was willing to listen to proposals granting tobacco firms limited immunity for past alleged misdeeds, but not the future.</p>
<p>&quot;This issue of immunity for the industry is no longer on the table and you may strike that from any discussion of future negotiatons,&quot; he said in a news conference.  </p>
<p>Morales the attorneys general from the 24 states who have filed tobacco lawsuits &quot;are united on this issue of immunity.&quot;</p>
<p>News reports have said the tobacco industry, in settlement talks with anti-smoking groups, has proposed putting up to $300 billion into a fund to reimburse states for Medicaid costs linked to smoking. In return, cigarette makers would reportedly ask for broad protection from lawsuits.</p>
<p>But Morales said $300 billion &quot;is not sufficient&quot; for a settlement. When asked how much it would take to reach a settlement, Morales replied: &quot;Well in excess of $300 billion.&quot;</p>
</text>
<copyright>(c) Reuters Limited 1997</copyright>
<metadata>
<codes class="bip:countries:1.0">
  <code code="USA">
    <editdetail attribution="Reuters BIP Coding Group" action="confirmed" date="1997-04-29"/>
  </code>
</codes>
<codes class="bip:industries:1.0">
  <code code="I42900">
    <editdetail attribution="Reuters BIP Coding Group" action="confirmed" date="1997-04-29"/>
  </code>
</codes>
<codes class="bip:topics:1.0">
  <code code="C12">
    <editdetail attribution="Reuters BIP Coding Group" action="confirmed" date="1997-04-29"/>
  </code>
  <code code="C13">
    <editdetail attribution="Reuters BIP Coding Group" action="confirmed" date="1997-04-29"/>
  </code>
  <code code="CCAT">
    <editdetail attribution="Reuters BIP Coding Group" action="confirmed" date="1997-04-29"/>
  </code>
  <code code="GCAT">
    <editdetail attribution="Reuters BIP Coding Group" action="confirmed" date="1997-04-29"/>
  </code>
  <code code="GCRIM">
    <editdetail attribution="Reuters BIP Coding Group" action="confirmed" date="1997-04-29"/>
  </code>
</codes>
<dc element="dc.date.created" value="1997-04-29"/>
<dc element="dc.publisher" value="Reuters Holdings Plc"/>
<dc element="dc.date.published" value="1997-04-29"/>
<dc element="dc.source" value="Reuters"/>
<dc element="dc.creator.location" value="AUSTIN, Texas"/>
<dc element="dc.creator.location.country.name" value="USA"/>
<dc element="dc.source" value="Reuters"/>
</metadata>
</newsitem>
