<?xml version="1.0" encoding="iso-8859-1" ?>
<newsitem itemid="545815" id="root" date="1997-04-29" xml:lang="en">
<title>USA: Roanoke Gas Q2 shr $1.22 vs $1.35.</title>
<headline>Roanoke Gas Q2 shr $1.22 vs $1.35.</headline>
<dateline>ROANOKE, Va. 1997-04-29</dateline>
<text>
<p>ROANOKE GAS CO</p>
<p>			   CONSOLIDATED INCOME STATEMENTS</p>
<p>			  UNAUDITED</p>
<p>						   Qtr		    Qtr</p>
<p>						 Ended		 Ended</p>
<p>					Mar 31, 1997	 Mar 31, 1996</p>
<p> OPERATING REVENUES		$24,580,783	  $29,625,390</p>
<p>   COST OF GAS			16,467,617	   21,374,431</p>
<p> OPERATING MARGIN		    8,113,166	    8,250,959</p>
<p> OPERATING EARNINGS		  2,394,999	    2,412,749</p>
<p>EARNINGS BEFORE INTEREST CHARGES</p>
<p>					   2,429,790	    2,424,658</p>
<p> TOTAL INTEREST CHARGES		598,034		470,402</p>
<p>     NET EARNINGS		    1,831,756	    1,954,256</p>
<p> EARNINGS PER SHARE			 1.22		   1.35</p>
<p>				  ROANOKE GAS CO</p>
<p>			   CONSOLIDATED INCOME STATEMENTS</p>
<p>			  UNAUDITED</p>
<p>					   12-Months	    12-Months</p>
<p>						 Ended		 Ended</p>
<p>					Mar 31, 1997	 Mar 31, 1996</p>
<p> OPERATING REVENUES		$65,144,931	  $63,164,943</p>
<p>   COST OF GAS			43,151,008	   41,508,112</p>
<p> OPERATING MARGIN		   21,993,923	   21,656,831</p>
<p> OPERATING EARNINGS		  3,992,583	    4,486,460</p>
<p>EARNINGS BEFORE INTEREST CHARGES</p>
<p>					   4,106,758	    4,649,178</p>
<p> TOTAL INTEREST CHARGES	    2,136,082	    1,837,249</p>
<p>     NET EARNINGS		    1,970,676	    2,811,929</p>
<p> EARNINGS PER SHARE			 1.33		   1.96</p>
<p>-- New York Newsdesk 212 859-1610</p>
</text>
<copyright>(c) Reuters Limited 1997</copyright>
<metadata>
<codes class="bip:countries:1.0">
  <code code="USA">
    <editdetail attribution="Reuters BIP Coding Group" action="confirmed" date="1997-04-29"/>
  </code>
</codes>
<codes class="bip:industries:1.0">
  <code code="I16200">
    <editdetail attribution="Reuters BIP Coding Group" action="confirmed" date="1997-04-29"/>
  </code>
</codes>
<codes class="bip:topics:1.0">
  <code code="C15">
    <editdetail attribution="Reuters BIP Coding Group" action="confirmed" date="1997-04-29"/>
  </code>
  <code code="C151">
    <editdetail attribution="Reuters BIP Coding Group" action="confirmed" date="1997-04-29"/>
  </code>
  <code code="CCAT">
    <editdetail attribution="Reuters BIP Coding Group" action="confirmed" date="1997-04-29"/>
  </code>
</codes>
<dc element="dc.date.created" value="1997-04-29"/>
<dc element="dc.publisher" value="Reuters Holdings Plc"/>
<dc element="dc.date.published" value="1997-04-29"/>
<dc element="dc.source" value="Reuters"/>
<dc element="dc.creator.location" value="ROANOKE, Va."/>
<dc element="dc.creator.location.country.name" value="USA"/>
<dc element="dc.source" value="Reuters"/>
</metadata>
</newsitem>
