<?xml version="1.0" encoding="iso-8859-1" ?>
<newsitem itemid="545852" id="root" date="1997-04-29" xml:lang="en">
<title>USA: HS Resources Q1 shr $0.25 vs $0.02.</title>
<headline>HS Resources Q1 shr $0.25 vs $0.02.</headline>
<dateline>SAN FRANCISCO 1997-04-29</dateline>
<text>
<p>(In Thousands, Except Per Share Data)</p>
<p>								  Unaudited</p>
<p>							    Quarter Ended</p>
<p>								  March 31,</p>
<p>							    1997	 1996</p>
<p>Revenues:</p>
<p> Oil &amp; gas sales				   $36,024    $13,679</p>
<p> Trading and transportation		     32,774	   --</p>
<p> Other gas revenues				  1,095	  474</p>
<p> Other income					    268	   41</p>
<p>							  70,161     14,194</p>
<p>Expenses:</p>
<p> Production taxes				    2,806	1,065</p>
<p> Lease operating				     6,430	2,826</p>
<p> Cost of trading and transportation	   31,973	   --</p>
<p> DD&amp;A						   12,465	6,107</p>
<p> General and administrative			1,727	  863</p>
<p> Interest and other				  7,704	3,024</p>
<p>							  63,105     13,885</p>
<p>Income before provision (benefit) for</p>
<p>   income taxes					7,056	  309</p>
<p> Provision (benefit) for income taxes	  2,688	  118</p>
<p> Net income (loss)				   4,368	  191</p>
<p> Net income (loss) per share (fully diluted)  0.25	 0.02</p>
<p> Outstanding shares (fully diluted)	   17,576     11,149</p>
<p> Operating cash flow (a)			  19,521	6,416</p>
<p>Operating cash flow per share (fully diluted)</p>
<p>							    1.11	 0.58</p>
<p>(a) Net income before depreciation, depletion and amortization and deferred income taxes.</p>
</text>
<copyright>(c) Reuters Limited 1997</copyright>
<metadata>
<codes class="bip:countries:1.0">
  <code code="USA">
    <editdetail attribution="Reuters BIP Coding Group" action="confirmed" date="1997-04-29"/>
  </code>
</codes>
<codes class="bip:industries:1.0">
  <code code="I13000">
    <editdetail attribution="Reuters BIP Coding Group" action="confirmed" date="1997-04-29"/>
  </code>
</codes>
<codes class="bip:topics:1.0">
  <code code="C15">
    <editdetail attribution="Reuters BIP Coding Group" action="confirmed" date="1997-04-29"/>
  </code>
  <code code="C151">
    <editdetail attribution="Reuters BIP Coding Group" action="confirmed" date="1997-04-29"/>
  </code>
  <code code="CCAT">
    <editdetail attribution="Reuters BIP Coding Group" action="confirmed" date="1997-04-29"/>
  </code>
</codes>
<dc element="dc.date.created" value="1997-04-29"/>
<dc element="dc.publisher" value="Reuters Holdings Plc"/>
<dc element="dc.date.published" value="1997-04-29"/>
<dc element="dc.source" value="Reuters"/>
<dc element="dc.creator.location" value="SAN FRANCISCO"/>
<dc element="dc.creator.location.country.name" value="USA"/>
<dc element="dc.source" value="Reuters"/>
</metadata>
</newsitem>
