<?xml version="1.0" encoding="iso-8859-1" ?>
<newsitem itemid="545891" id="root" date="1997-04-29" xml:lang="en">
<title>USA: Osmonics says lower margins continuing.</title>
<headline>Osmonics says lower margins continuing.</headline>
<dateline>MINNETONKA, Minn. 1997-04-29</dateline>
<text>
<p>Osmonics Inc said is it continuing to see lower gross profit margins due to product mix.</p>
<p>The maker of water purifying and handling systems said first-quarter gross margin was 38.6 percent, versus 41.0 percent in the year-ago period.</p>
<p>&quot;We are actively evaluating the best methods to increase gross margins while continuing good sales growth,&quot; said chief executive Dean Spatz.</p>
<p>&quot;As we look toward the upcoming year we continue to be optimistic. We have nearly a full complement of field sales personnel; our sales are 50-percent replaceable products; new products are being introduced; and we believe our G&amp;A expense can be reduced,&quot; Spatz said.</p>
<p>&quot;Our primary challenge is to increase gross margins to our historical 42 percent of sales,&quot; he said.</p>
<p>((--Chicago Newsdesk 312-408-8787))</p>
</text>
<copyright>(c) Reuters Limited 1997</copyright>
<metadata>
<codes class="bip:countries:1.0">
  <code code="USA">
    <editdetail attribution="Reuters BIP Coding Group" action="confirmed" date="1997-04-29"/>
  </code>
</codes>
<codes class="bip:topics:1.0">
  <code code="C15">
    <editdetail attribution="Reuters BIP Coding Group" action="confirmed" date="1997-04-29"/>
  </code>
  <code code="C151">
    <editdetail attribution="Reuters BIP Coding Group" action="confirmed" date="1997-04-29"/>
  </code>
  <code code="C152">
    <editdetail attribution="Reuters BIP Coding Group" action="confirmed" date="1997-04-29"/>
  </code>
  <code code="CCAT">
    <editdetail attribution="Reuters BIP Coding Group" action="confirmed" date="1997-04-29"/>
  </code>
</codes>
<dc element="dc.date.created" value="1997-04-29"/>
<dc element="dc.publisher" value="Reuters Holdings Plc"/>
<dc element="dc.date.published" value="1997-04-29"/>
<dc element="dc.source" value="Reuters"/>
<dc element="dc.creator.location" value="MINNETONKA, Minn."/>
<dc element="dc.creator.location.country.name" value="USA"/>
<dc element="dc.source" value="Reuters"/>
</metadata>
</newsitem>
