<?xml version="1.0" encoding="iso-8859-1" ?>
<newsitem itemid="545805" id="root" date="1997-04-29" xml:lang="en">
<title>USA: U.S. blue chips push to fresh session highs.</title>
<headline>U.S. blue chips push to fresh session highs.</headline>
<dateline>NEW YORK 1997-04-29</dateline>
<text>
<p>U.S. blue chips pushed to fresh session highs in late trading on Tuesday in a broad rally following favorable econommic data.</p>
<p>The Dow was up 132 points, or two percent, at 6916. Gainers held a lead of almost four-to-one over decliners.</p>
<p>The Dow pushed through the 6900 mark, which some technical analysts pointed to as key near-term resistance.</p>
<p>Traders also cited the move by the long-bond below the seven percent yield mark as a bullish sign.  The 30-year Treasury bond was up 1-16/32 to yield 6.99 percent.</p>
</text>
<copyright>(c) Reuters Limited 1997</copyright>
<metadata>
<codes class="bip:countries:1.0">
  <code code="USA">
    <editdetail attribution="Reuters BIP Coding Group" action="confirmed" date="1997-04-29"/>
  </code>
</codes>
<codes class="bip:topics:1.0">
  <code code="M11">
    <editdetail attribution="Reuters BIP Coding Group" action="confirmed" date="1997-04-29"/>
  </code>
  <code code="MCAT">
    <editdetail attribution="Reuters BIP Coding Group" action="confirmed" date="1997-04-29"/>
  </code>
</codes>
<dc element="dc.date.created" value="1997-04-29"/>
<dc element="dc.publisher" value="Reuters Holdings Plc"/>
<dc element="dc.date.published" value="1997-04-29"/>
<dc element="dc.source" value="Reuters"/>
<dc element="dc.creator.location" value="NEW YORK"/>
<dc element="dc.creator.location.country.name" value="USA"/>
<dc element="dc.source" value="Reuters"/>
</metadata>
</newsitem>
