<?xml version="1.0" encoding="iso-8859-1" ?>
<newsitem itemid="545870" id="root" date="1997-04-29" xml:lang="en">
<title>USA: Triton to boost output from Colombia fields.</title>
<headline>Triton to boost output from Colombia fields.</headline>
<dateline>NEW YORK 1997-04-29</dateline>
<text>
<p>Triton Energy Ltd said Tuesday it plans to triple output from its Cuisiana and Capiagua fields in Colombia by year-end.</p>
<p>It said its first quarter earnings showed the effects of some expenses associated with these plans, as well as one-off items.</p>
<p>&quot;Our capital budget for Colombia is $150 million this year as we aim to triple production from current levels to the end of the year,&quot; Greg Dunlevy, Triton's head of investor relations, said in a telephone interview.</p>
<p>The company today reported first quarter earnings per share of $0.09, down from $0.29 a year ago. However, adjusted for one-time items, earnings rose to $0.12 a share from $0.10 a year ago, it said.</p>
<p>Triton's stock was down 5/8 at 35-7/8.</p>
<p>&quot;If you look further out, most analysts expect us to have a stronger second half, particularly in the fourth quarter,&quot; Dunlevy said.</p>
<p>((--David Chance, New York Newsroom 212 859 1902))</p>
</text>
<copyright>(c) Reuters Limited 1997</copyright>
<metadata>
<codes class="bip:countries:1.0">
  <code code="COL">
    <editdetail attribution="Reuters BIP Coding Group" action="confirmed" date="1997-04-29"/>
  </code>
  <code code="USA">
    <editdetail attribution="Reuters BIP Coding Group" action="confirmed" date="1997-04-29"/>
  </code>
</codes>
<codes class="bip:industries:1.0">
  <code code="I13000">
    <editdetail attribution="Reuters BIP Coding Group" action="confirmed" date="1997-04-29"/>
  </code>
  <code code="I1300003">
    <editdetail attribution="Reuters BIP Coding Group" action="confirmed" date="1997-04-29"/>
  </code>
</codes>
<codes class="bip:topics:1.0">
  <code code="C21">
    <editdetail attribution="Reuters BIP Coding Group" action="confirmed" date="1997-04-29"/>
  </code>
  <code code="CCAT">
    <editdetail attribution="Reuters BIP Coding Group" action="confirmed" date="1997-04-29"/>
  </code>
  <code code="M14">
    <editdetail attribution="Reuters BIP Coding Group" action="confirmed" date="1997-04-29"/>
  </code>
  <code code="M143">
    <editdetail attribution="Reuters BIP Coding Group" action="confirmed" date="1997-04-29"/>
  </code>
  <code code="MCAT">
    <editdetail attribution="Reuters BIP Coding Group" action="confirmed" date="1997-04-29"/>
  </code>
</codes>
<dc element="dc.date.created" value="1997-04-29"/>
<dc element="dc.publisher" value="Reuters Holdings Plc"/>
<dc element="dc.date.published" value="1997-04-29"/>
<dc element="dc.source" value="Reuters"/>
<dc element="dc.creator.location" value="NEW YORK"/>
<dc element="dc.creator.location.country.name" value="USA"/>
<dc element="dc.source" value="Reuters"/>
</metadata>
</newsitem>
