<?xml version="1.0" encoding="iso-8859-1" ?>
<newsitem itemid="545834" id="root" date="1997-04-29" xml:lang="en">
<title>USA: Kellogg to upgrade Shell's Wood River.</title>
<headline>Kellogg to upgrade Shell's Wood River.</headline>
<dateline>HOUSTON 1997-04-29</dateline>
<text>
<p>M.W. Kellogg Co said it is providing engineering, procurement and construction management services as part of a multi-million-dollar project to increase production of reformulated gasoline at Shell Oil Products' Wood River Refinery in Illinois.</p>
<p>Scheduled for completion in early 1998, the project will allow the Royal Dutch/Shell Group subsidiary produce fuels that meet pending U.S. Enviromental Protection Agency product specifications for reduced NOx emmissions, Kellogg said.</p>
<p>A spokesman for the Dresser Industries Inc subsidiary said Shell would not allow the release of additional information about the project.</p>
<p>The refinery, located on the Mississippi River in western Illinois, now has a crude distillation capacity of 271,000 barrels daily and catalytic cracking capacity of 85,000 barrels per day. ((-- Jim Brumm 212-859-1710.))</p>
</text>
<copyright>(c) Reuters Limited 1997</copyright>
<metadata>
<codes class="bip:countries:1.0">
  <code code="USA">
    <editdetail attribution="Reuters BIP Coding Group" action="confirmed" date="1997-04-29"/>
  </code>
</codes>
<codes class="bip:industries:1.0">
  <code code="I13000">
    <editdetail attribution="Reuters BIP Coding Group" action="confirmed" date="1997-04-29"/>
  </code>
  <code code="I1300003">
    <editdetail attribution="Reuters BIP Coding Group" action="confirmed" date="1997-04-29"/>
  </code>
  <code code="I32000">
    <editdetail attribution="Reuters BIP Coding Group" action="confirmed" date="1997-04-29"/>
  </code>
</codes>
<codes class="bip:topics:1.0">
  <code code="C33">
    <editdetail attribution="Reuters BIP Coding Group" action="confirmed" date="1997-04-29"/>
  </code>
  <code code="CCAT">
    <editdetail attribution="Reuters BIP Coding Group" action="confirmed" date="1997-04-29"/>
  </code>
</codes>
<dc element="dc.date.created" value="1997-04-29"/>
<dc element="dc.publisher" value="Reuters Holdings Plc"/>
<dc element="dc.date.published" value="1997-04-29"/>
<dc element="dc.source" value="Reuters"/>
<dc element="dc.creator.location" value="HOUSTON"/>
<dc element="dc.creator.location.country.name" value="USA"/>
<dc element="dc.source" value="Reuters"/>
</metadata>
</newsitem>
