<?xml version="1.0" encoding="iso-8859-1" ?>
<newsitem itemid="545885" id="root" date="1997-04-29" xml:lang="en">
<title>USA: Bethlehem Steel sees relatively good demand.</title>
<headline>Bethlehem Steel sees relatively good demand.</headline>
<dateline>BETHLEHEM, Pa. 1997-04-29</dateline>
<text>
<p>Bethlehem Steel Corp Tuesday reported sharply higher first quarter profits saying demand from steel users should continue to be relatively good.</p>
<p>The company's had net income of $38 million on sales of $1.19 billion in the latest quarter compared to $100,000 on sales of $1.12 billion a year earlier.</p>
<p>The company believes the domestic economy will continue on a course of moderate and sustainable growth and low inflation in 1997 and that the global economy will show some additional strength later this year.  </p>
<p>Bethlehem said &quot;the demand from the major steel-consuming sectors should continue to be relatively good and domestic industry steel shipments in 1997 should be close to the 100 million tons shipped in 1996.</p>
<p>&quot;We recognize, however, that competition will remain intense in all of our markets as new steel production capacity and ... imports continue to enter the marketplace.&quot;</p>
<p>Noting plans announced in 1996 to exit several underperforming businesses, the company said it has ceased production at Bethlehem Structural and efforts to sell this business have been unsuccessful.  </p>
<p>&quot;We are proceeding with the sale of the structural assets. We are currently negotiating the sale of our BethForge, CENTEC and BethShip businesses.&quot;</p>
<p>The company said its Basic Steel Operations segment had income from operations of $64 million on shipments of 2,220,000 tons in the latest quarter compared to $21 million on shipments of 2,103,000 tons for the first quarter of 1996.</p>
<p>It said results improved from a year ago due to increased shipments, lower costs and higher average realized prices.  </p>
<p>&quot;We were able to increase shipments and lower costs compared to last year due to improved operating performance at Sparrows Point and Pennsylvania Steel Technologies, the elimination of operating problems at Bethlehem Structural and the absence of severe winter weather at Pennsylvania Steel Tecnologies and the work stoppage at General Motors.</p>
<p>&quot;Additionally, depreciation expense was lower than a year ago principally due to the write-off of assets as part of our fourth quarter 1996 restructuring charge,&quot; Bethlehem said.  </p>
<p>First quarter 1997 income from operations increased by $17 million from the fourth quarter of 1996 principally from higher shipments and lower costs, the company said.</p>
<p>Shipments of coated products to the automotive market increased at Burns Harbor, shipments of premium rail and pipe increased at PST and shipments of sheet piling were significantly higher at Bethlehem Structural in connection with its planned shutdown during the first quarter of 1997. Reduced repair and maintenance costs and higher yields, particularly at Sparrows Point, favorably impacted costs.  </p>
<p>Cash provided from operating activities during the first quarter of 1997 was $68 million compared to $22 million in the first quarter of 1996. Principal uses of cash during the first quarter of 1997 included capital expenditures of $50 million, working capital of $44 million, debt repayments of $26 million and pension funding of $25 million.</p>
<p>During the first four months of this year, Bethlehem said, it made contributions of $145 million to its pension trust. &quot;These contributions, along with additional contributions we plan to make during the year, should result in further reducing our pension expense and liability.&quot;</p>
<p>Bethlehem said the sale of its interest in Iron Ore Company of Canada to North Ltd resulted in cash proceeds about $145 million and an after-tax gain of $113 million, or $1.01 per share, which will be recorded in the second quarter.</p>
<p>The company said major uses of cash for 1997 include an estimated $280 million of capital expenditures, additional pension funding and repayment of approximately $50 million of debt and capital lease obligations.</p>
<p>((-- Jim Brumm 212-859-1710.))</p>
</text>
<copyright>(c) Reuters Limited 1997</copyright>
<metadata>
<codes class="bip:countries:1.0">
  <code code="USA">
    <editdetail attribution="Reuters BIP Coding Group" action="confirmed" date="1997-04-29"/>
  </code>
</codes>
<codes class="bip:industries:1.0">
  <code code="I22100">
    <editdetail attribution="Reuters BIP Coding Group" action="confirmed" date="1997-04-29"/>
  </code>
</codes>
<codes class="bip:topics:1.0">
  <code code="C15">
    <editdetail attribution="Reuters BIP Coding Group" action="confirmed" date="1997-04-29"/>
  </code>
  <code code="C151">
    <editdetail attribution="Reuters BIP Coding Group" action="confirmed" date="1997-04-29"/>
  </code>
  <code code="C152">
    <editdetail attribution="Reuters BIP Coding Group" action="confirmed" date="1997-04-29"/>
  </code>
  <code code="CCAT">
    <editdetail attribution="Reuters BIP Coding Group" action="confirmed" date="1997-04-29"/>
  </code>
</codes>
<dc element="dc.date.created" value="1997-04-29"/>
<dc element="dc.publisher" value="Reuters Holdings Plc"/>
<dc element="dc.date.published" value="1997-04-29"/>
<dc element="dc.source" value="Reuters"/>
<dc element="dc.creator.location" value="BETHLEHEM, Pa."/>
<dc element="dc.creator.location.country.name" value="USA"/>
<dc element="dc.source" value="Reuters"/>
</metadata>
</newsitem>
