<?xml version="1.0" encoding="iso-8859-1" ?>
<newsitem itemid="545822" id="root" date="1997-04-29" xml:lang="en">
<title>USA: Mass. official says no immunity for tobacco firms.</title>
<headline>Mass. official says no immunity for tobacco firms.</headline>
<byline>Leslie Gevirtz</byline>
<dateline>BOSTON 1997-04-29</dateline>
<text>
<p>The 24 attorneys general from U.S. states that have filed suits against the tobacco firms will not agree to blanket immunity from future lawsuits as a condition of a potential settlement, Massachustts Attorney General Scott Harshbarger said on Tuesday.</p>
<p>The attorneys general &quot;are united on the issue of immunity,&quot;  said Harshbarger, who heads the National Association of Attorneys General.</p>
<p>&quot;There is no blanket immunity at all,&quot; he said. &quot;Blanket immunity is non-negotiable for us. It's not going to happen.&quot;  </p>
<p>Harshbarger did say in a telephone interview he was willing to discuss &quot;creative ways of approaching civil liabilities for past conduct and future conduct&quot; with the tobacco companies.</p>
<p>Harshbarger said May 5 had been set as a tentative date for the next round of talks between negotiators for the attorneys general and the tobacco companies.</p>
<p>&quot;We're not going to cut off access (to the courts) to victims,&quot; Harshbarger said. &quot;We'll see if they want predictablity or immunity. (And if it is immunity) we're not going to talk long on that issue.&quot;  </p>
<p>Earlier Tuesday, Texas Attorney General Dan Morales told reporters in Austin that he was willing to listen to proposals granting tobacco firms limited immunity for past alleged misdeeds, but not the future.</p>
<p>News reports have said the tobacco industry in settlement talks with anti-smoking groups, has proposed putting up to $300 billion over 25 years into a fund to reimburse states for Medicaid costs linked to smoking. In return, the cigarette makers would reportedly ask for broad protection from lawsuits.  </p>
<p>Morales said the $300 billion sum &quot;is not sufficient&quot; for settlement, while Harshbarger said, &quot;The reality is that money has never been raised by us as yet. It will have to be a substantial amount, but money isn't the issue. Youth access to tobacco and public health issues are the prime concerns.&quot;</p>
<p>Harshbarger said the 24 attorneys general were united in their strategy and that their negotiating team will be meeting over the next three or four days to hammer out a final strategy.</p>
<p>&quot;If big tobacco wants to sue for peace, we should be at the table to listen,&quot; Harshbarger said, &quot;but we also have to be ready to try our cases. It is the cases that brought us to the talks.&quot;</p>
<p>((617-367-4142))</p>
</text>
<copyright>(c) Reuters Limited 1997</copyright>
<metadata>
<codes class="bip:countries:1.0">
  <code code="USA">
    <editdetail attribution="Reuters BIP Coding Group" action="confirmed" date="1997-04-29"/>
  </code>
</codes>
<codes class="bip:industries:1.0">
  <code code="I42900">
    <editdetail attribution="Reuters BIP Coding Group" action="confirmed" date="1997-04-29"/>
  </code>
</codes>
<codes class="bip:topics:1.0">
  <code code="C12">
    <editdetail attribution="Reuters BIP Coding Group" action="confirmed" date="1997-04-29"/>
  </code>
  <code code="C13">
    <editdetail attribution="Reuters BIP Coding Group" action="confirmed" date="1997-04-29"/>
  </code>
  <code code="CCAT">
    <editdetail attribution="Reuters BIP Coding Group" action="confirmed" date="1997-04-29"/>
  </code>
  <code code="GCAT">
    <editdetail attribution="Reuters BIP Coding Group" action="confirmed" date="1997-04-29"/>
  </code>
  <code code="GCRIM">
    <editdetail attribution="Reuters BIP Coding Group" action="confirmed" date="1997-04-29"/>
  </code>
  <code code="GHEA">
    <editdetail attribution="Reuters BIP Coding Group" action="confirmed" date="1997-04-29"/>
  </code>
</codes>
<dc element="dc.date.created" value="1997-04-29"/>
<dc element="dc.publisher" value="Reuters Holdings Plc"/>
<dc element="dc.date.published" value="1997-04-29"/>
<dc element="dc.source" value="Reuters"/>
<dc element="dc.creator.location" value="BOSTON"/>
<dc element="dc.creator.location.country.name" value="USA"/>
<dc element="dc.source" value="Reuters"/>
</metadata>
</newsitem>
