<?xml version="1.0" encoding="iso-8859-1" ?>
<newsitem itemid="545845" id="root" date="1997-04-29" xml:lang="en">
<title>USA: Computer operating system market to grow - study.</title>
<headline>Computer operating system market to grow - study.</headline>
<dateline>SAN JOSE, Calif. 1997-04-29</dateline>
<text>
<p>The computer operating systems market is expected to grow by 18.8 percent in 1997, with Microsoft Corp controlling an overwhelming share of the market, a report said on Tueday.</p>
<p>Global shipments of operating systems are seen reaching 86.5 million units in 1997, up from 72.8 million in 1996, according to Dataquest, an industry research firm.</p>
<p>Operating system software, sometimes referred to simply as system software, sets the standards for all the application programs that run within it on a personal computer or network.  </p>
<p>Microsoft's Windows 95 will represent 73 percent of all the systems shipped in 1997, Dataquest said.  Dataquest anticipates that 63.2 million units will move, 66 percent more than in 1996.</p>
<p>But the firm sees the largest growth coming from Microsoft's Windows NT system, which should ship 5.7 million units this year, a 156 percent jump from last year.</p>
<p>Windows NT shipments are forecast to reach 41.2 million units by the year 2000, Dataquest said.</p>
<p>Use of older, less powerful &quot;16-bit&quot; operating systems -- like Microsoft's Windows 3.x systems -- are seen declining rapidly in 1997, to 6.4 million units from 20.6 million.</p>
<p>Operating systems like UNIX, Apple Computer Inc's Mac OS and International Business Machines Corp's OS/2 Warp are each seen controlling less than 1.5 percent of the market in 1997, Dataquest said.</p>
<p>Dataquest is a Gartner Group unit.</p>
</text>
<copyright>(c) Reuters Limited 1997</copyright>
<metadata>
<codes class="bip:countries:1.0">
  <code code="USA">
    <editdetail attribution="Reuters BIP Coding Group" action="confirmed" date="1997-04-29"/>
  </code>
</codes>
<codes class="bip:industries:1.0">
  <code code="I33020">
    <editdetail attribution="Reuters BIP Coding Group" action="confirmed" date="1997-04-29"/>
  </code>
  <code code="I3302003">
    <editdetail attribution="Reuters BIP Coding Group" action="confirmed" date="1997-04-29"/>
  </code>
  <code code="I3302020">
    <editdetail attribution="Reuters BIP Coding Group" action="confirmed" date="1997-04-29"/>
  </code>
</codes>
<codes class="bip:topics:1.0">
  <code code="C15">
    <editdetail attribution="Reuters BIP Coding Group" action="confirmed" date="1997-04-29"/>
  </code>
  <code code="C152">
    <editdetail attribution="Reuters BIP Coding Group" action="confirmed" date="1997-04-29"/>
  </code>
  <code code="C31">
    <editdetail attribution="Reuters BIP Coding Group" action="confirmed" date="1997-04-29"/>
  </code>
  <code code="CCAT">
    <editdetail attribution="Reuters BIP Coding Group" action="confirmed" date="1997-04-29"/>
  </code>
</codes>
<dc element="dc.date.created" value="1997-04-29"/>
<dc element="dc.publisher" value="Reuters Holdings Plc"/>
<dc element="dc.date.published" value="1997-04-29"/>
<dc element="dc.source" value="Reuters"/>
<dc element="dc.creator.location" value="SAN JOSE, Calif."/>
<dc element="dc.creator.location.country.name" value="USA"/>
<dc element="dc.source" value="Reuters"/>
</metadata>
</newsitem>
