<?xml version="1.0" encoding="iso-8859-1" ?>
<newsitem itemid="545887" id="root" date="1997-04-29" xml:lang="en">
<title>USA: U.S. OPTIONS FOCUS/Put spreads seen in OEX and SPX.</title>
<headline>U.S. OPTIONS FOCUS/Put spreads seen in OEX and SPX.</headline>
<dateline>CHICAGO 1997-04-29</dateline>
<text>
<p>The U.S. stock market's strong rally did not drive investors to index calls, as some of the biggest trades were put spreads in the S&amp;P 100 index .OEX and the S&amp;P 500 .SPX, traders said Tuesday.</p>
<p>In the OEX, the June 720/735 put spread traded about 5,000 times. In the SPX, the July 880/June 750 put spread traded in a one-by-two, with the July 800 trading about 600 contracts and the June 750 about 1,200.</p>
<p>By about 1100 CDT/1600 GMT, the bellwether Dow industrial average .DJI was up 106 points at 6,889, just off its 6,897 session high.  </p>
<p>Among the broader indices, the OEX was up 14 points at about 770 and the SPX gained 14 to 787. June S&amp;P 500 futures were up 15.55 at 790.75.</p>
<p>&quot;Out-of-the money calls really haven't done anything,&quot; one trader in SPX options said. &quot;Call volatility dropped and the put (volatility) is slightly on the rise.&quot;</p>
<p>Jack Callahan, an independent market maker in the OEX, said call buying was light and there appeared to be more interest in the puts.</p>
<p>He said a customer bought the June OEX put spread.  </p>
<p>&quot;Everybody's sitting here waiting for the next number,&quot; he said, referring to forthcoming economic reports.</p>
<p>The first quarter employment cost index, reported before the market opened Tuesday, was lower than expected and was the driving force behind the market's sharp gains, traders said.</p>
<p>&quot;This was the number they were looking at,&quot; the SPX options trader said of the employment cost index. &quot;Friday's the next big number, but I think this had more a weight factor on the market.&quot;</p>
<p>U.S. April employment figures are due Friday.  </p>
<p>&quot;I really do expect Friday's number to be a non-event,&quot; he said. &quot;It might be built up, but it won't be a big event.&quot;</p>
<p>In the May series, trading was fairly even between the puts and the calls, with no large orders and no big directional plays, he added.</p>
<p>Callahan said the one sure bet is that volatility will remain high through the week.</p>
<p>&quot;This is a volatile market, so expect more of the same,&quot; he said. &quot;We're still in the early stages of it.&quot;</p>
<p>Among May SPX options, the May 785 call traded about 3,450 and the 770 put traded about 3,125.  </p>
<p>In the OEX, the May 740 put was the most active front-month option, with turnover of nearly 4,800 contracts. The May 765 call traded about 4,600.</p>
<p>((Gregory Crawford, 312 408 8750))</p>
<p>E-mail: derivatives@reuters.com</p>
</text>
<copyright>(c) Reuters Limited 1997</copyright>
<metadata>
<codes class="bip:countries:1.0">
  <code code="USA">
    <editdetail attribution="Reuters BIP Coding Group" action="confirmed" date="1997-04-29"/>
  </code>
</codes>
<codes class="bip:topics:1.0">
  <code code="M11">
    <editdetail attribution="Reuters BIP Coding Group" action="confirmed" date="1997-04-29"/>
  </code>
  <code code="MCAT">
    <editdetail attribution="Reuters BIP Coding Group" action="confirmed" date="1997-04-29"/>
  </code>
</codes>
<dc element="dc.date.created" value="1997-04-29"/>
<dc element="dc.publisher" value="Reuters Holdings Plc"/>
<dc element="dc.date.published" value="1997-04-29"/>
<dc element="dc.source" value="Reuters"/>
<dc element="dc.creator.location" value="CHICAGO"/>
<dc element="dc.creator.location.country.name" value="USA"/>
<dc element="dc.source" value="Reuters"/>
</metadata>
</newsitem>
