<?xml version="1.0" encoding="iso-8859-1" ?>
<newsitem itemid="545821" id="root" date="1997-04-29" xml:lang="en">
<title>USA: PepsiCo Inc Q1 earnings summary.</title>
<headline>PepsiCo Inc Q1 earnings summary.</headline>
<dateline>PURCHASE, N.Y. 1997-04-29</dateline>
<text>
<p>1997			 1996</p>
<p> Shr		  $	 0.27	   $	 0.24</p>
<p> Net			 427,000		  394,000</p>
<p> Revs		    6,702,000		6,554,000</p>
<p> Avg shrs		1,583,000		1,619,000</p>
<p>(All Data Above 000s Except Per Share Numbers)</p>
<p>First Call Q1 mean estimate was $0.24.</p>
<p>--((New York Newsdesk 212 859-1610))</p>
</text>
<copyright>(c) Reuters Limited 1997</copyright>
<metadata>
<codes class="bip:countries:1.0">
  <code code="USA">
    <editdetail attribution="Reuters BIP Coding Group" action="confirmed" date="1997-04-29"/>
  </code>
</codes>
<codes class="bip:industries:1.0">
  <code code="I42800">
    <editdetail attribution="Reuters BIP Coding Group" action="confirmed" date="1997-04-29"/>
  </code>
</codes>
<codes class="bip:topics:1.0">
  <code code="C15">
    <editdetail attribution="Reuters BIP Coding Group" action="confirmed" date="1997-04-29"/>
  </code>
  <code code="C151">
    <editdetail attribution="Reuters BIP Coding Group" action="confirmed" date="1997-04-29"/>
  </code>
  <code code="CCAT">
    <editdetail attribution="Reuters BIP Coding Group" action="confirmed" date="1997-04-29"/>
  </code>
</codes>
<dc element="dc.date.created" value="1997-04-29"/>
<dc element="dc.publisher" value="Reuters Holdings Plc"/>
<dc element="dc.date.published" value="1997-04-29"/>
<dc element="dc.source" value="Reuters"/>
<dc element="dc.creator.location" value="PURCHASE, N.Y."/>
<dc element="dc.creator.location.country.name" value="USA"/>
<dc element="dc.source" value="Reuters"/>
</metadata>
</newsitem>
