<?xml version="1.0" encoding="iso-8859-1" ?>
<newsitem itemid="545831" id="root" date="1997-04-29" xml:lang="en">
<title>USA: Total Research Corp Q3 net increases.</title>
<headline>Total Research Corp Q3 net increases.</headline>
<dateline>PRINCETON, N.J. 1997-04-29</dateline>
<text>
<p>For the Quarter ended March 31:</p>
<p>					 1997			  1996</p>
<p> Revenues			    $7,470,957	    $6,262,864</p>
<p> Net Income			     219,833		     945</p>
<p> Net Income Per Share		     .02		     .00</p>
<p> Weighted Shares Outstanding   10,324,065	    10,300,176</p>
<p>					    For the Nine Months</p>
<p>						ended March 31:</p>
<p>					   1997	     1996</p>
<p> Revenues			    20,797,515    17,309,798</p>
<p> Net Income			     320,140	 182,946</p>
<p> Net Income Per Share		     .03	     .02</p>
<p>Weighted Shares</p>
<p>  Outstanding			10,311,955    10,132,885</p>
</text>
<copyright>(c) Reuters Limited 1997</copyright>
<metadata>
<codes class="bip:countries:1.0">
  <code code="USA">
    <editdetail attribution="Reuters BIP Coding Group" action="confirmed" date="1997-04-29"/>
  </code>
</codes>
<codes class="bip:industries:1.0">
  <code code="I83952">
    <editdetail attribution="Reuters BIP Coding Group" action="confirmed" date="1997-04-29"/>
  </code>
</codes>
<codes class="bip:topics:1.0">
  <code code="C15">
    <editdetail attribution="Reuters BIP Coding Group" action="confirmed" date="1997-04-29"/>
  </code>
  <code code="C151">
    <editdetail attribution="Reuters BIP Coding Group" action="confirmed" date="1997-04-29"/>
  </code>
  <code code="CCAT">
    <editdetail attribution="Reuters BIP Coding Group" action="confirmed" date="1997-04-29"/>
  </code>
</codes>
<dc element="dc.date.created" value="1997-04-29"/>
<dc element="dc.publisher" value="Reuters Holdings Plc"/>
<dc element="dc.date.published" value="1997-04-29"/>
<dc element="dc.source" value="Reuters"/>
<dc element="dc.creator.location" value="PRINCETON, N.J."/>
<dc element="dc.creator.location.country.name" value="USA"/>
<dc element="dc.source" value="Reuters"/>
</metadata>
</newsitem>
