<?xml version="1.0" encoding="iso-8859-1" ?>
<newsitem itemid="545867" id="root" date="1997-04-29" xml:lang="en">
<title>USA: Don't change world bank regulation much -- Greenspan.</title>
<headline>Don't change world bank regulation much -- Greenspan.</headline>
<dateline>WASHINGTON 1997-04-29</dateline>
<text>
<p>Federal Reserve Chairman Alan Greenspan admitted on Tuesday that regulators might lack the expertise to oversee large global financial firms, but neverthless saw no need for a radical change in supervision.</p>
<p>In a speech prepared for delivery to the Institute of International Finance, the U.S. central bank chief argued that regulators should not try to prevent all bank failures, just stop them from becoming widespread.</p>
<p>&quot;For the most part, these failures are a normal and important part of the market process and provide discipline,&quot; Greenspan said.  </p>
<p>The Fed chief described the role of central banks as providing &quot;catatrophic financial insurance coverage&quot; in the financial system through their provision of discount window and other loans to private banks in distress.</p>
<p>&quot;Such a subsidy should be reserved only for the rarest of disasters,&quot; Greenspan said. Otherwise, it would encourage recklessness among financial institutions that gambled on being bailed out by their central bank.</p>
<p>He questioned whether supervisors have the expertise and the resources to provide &quot;meaningful&quot; oversight of the risks taken by large, diversified, global financial institutions.  </p>
<p>&quot;The answer ... might well be (no),&quot; Greenspan said.</p>
<p>Nevertheless, the Fed chief opposed any radical change in the current framework of international supervision, arguing that continued, steady improvement in oversight was the best strategy to try to ensure financial stability.</p>
<p>&quot;While many firms should reassess and upgrade their risk management procedures and supervisors should improve their procedures, I do not believe that the need for a radical change in our framework for the supervision of internationally active financial firms has been demonstrated,&quot; he said.  </p>
<p>Although the globalization of finance brought on by technological advance &quot;clearly&quot; calls for international cooperation among supervisors, Greenspan questioned whether formal arrangements for coordination were needed.</p>
<p>He said that supervisors and financial institutions have tried to use technolgy in recent years to better assess and manage risk. But he also acknowledged that technological advances were not without some risks.</p>
<p>&quot;In some respects they have increased the potential for more rapid and widespread disruption,&quot; the Fed chief said.</p>
</text>
<copyright>(c) Reuters Limited 1997</copyright>
<metadata>
<codes class="bip:countries:1.0">
  <code code="USA">
    <editdetail attribution="Reuters BIP Coding Group" action="confirmed" date="1997-04-29"/>
  </code>
</codes>
<codes class="bip:topics:1.0">
  <code code="E12">
    <editdetail attribution="Reuters BIP Coding Group" action="confirmed" date="1997-04-29"/>
  </code>
  <code code="ECAT">
    <editdetail attribution="Reuters BIP Coding Group" action="confirmed" date="1997-04-29"/>
  </code>
</codes>
<dc element="dc.date.created" value="1997-04-29"/>
<dc element="dc.publisher" value="Reuters Holdings Plc"/>
<dc element="dc.date.published" value="1997-04-29"/>
<dc element="dc.source" value="Reuters"/>
<dc element="dc.creator.location" value="WASHINGTON"/>
<dc element="dc.creator.location.country.name" value="USA"/>
<dc element="dc.source" value="Reuters"/>
</metadata>
</newsitem>
