<?xml version="1.0" encoding="iso-8859-1" ?>
<newsitem itemid="545863" id="root" date="1997-04-29" xml:lang="en">
<title>USA: Waigel says G7 statement meant to be stronger.</title>
<headline>Waigel says G7 statement meant to be stronger.</headline>
<dateline>NEW YORK 1997-04-29</dateline>
<text>
<p>German Finance Minister Theo Waigel said the statement from the weekend Group of Seven meeting in Washington was meant to be stronger than the statement issued at the G7 meeting in Berlin last February.</p>
<p>In response to a reporter's question, Waigel said, &quot;It was planned that it (the G7 communique) was stronger than the statement made in Berlin.&quot;</p>
<p>But the statement gave no hint of intervention threats or approximate target levels for exchange rates. The statement said that the G7 nations had &quot;agreed to monitor developments and to cooperate as appropriate in exchange markets&quot;.</p>
<p>In Tokyo trade on Monday, following the release of the communique, the dollar briefly hit a 37-month high of 1.7389 marks and rose sharply to 127.08 yen, near its 55-month high at 127.16 yen.</p>
<p>At 1225 EDT/1725 GMT, dollar/mark traded at 1.7237/47 compared to 1.7320/30 at Monday's close and dollar/yen changed hands at 126.75 yen from 126.83/88 .</p>
<p>((--Svea Herbst-Bayliss, 212-859-1660))</p>
</text>
<copyright>(c) Reuters Limited 1997</copyright>
<metadata>
<codes class="bip:countries:1.0">
  <code code="GFR">
    <editdetail attribution="Reuters BIP Coding Group" action="confirmed" date="1997-04-29"/>
  </code>
  <code code="GSEVEN">
    <editdetail attribution="Reuters BIP Coding Group" action="confirmed" date="1997-04-29"/>
  </code>
  <code code="USA">
    <editdetail attribution="Reuters BIP Coding Group" action="confirmed" date="1997-04-29"/>
  </code>
</codes>
<codes class="bip:topics:1.0">
  <code code="E12">
    <editdetail attribution="Reuters BIP Coding Group" action="confirmed" date="1997-04-29"/>
  </code>
  <code code="ECAT">
    <editdetail attribution="Reuters BIP Coding Group" action="confirmed" date="1997-04-29"/>
  </code>
</codes>
<dc element="dc.date.created" value="1997-04-29"/>
<dc element="dc.publisher" value="Reuters Holdings Plc"/>
<dc element="dc.date.published" value="1997-04-29"/>
<dc element="dc.source" value="Reuters"/>
<dc element="dc.creator.location" value="NEW YORK"/>
<dc element="dc.creator.location.country.name" value="USA"/>
<dc element="dc.source" value="Reuters"/>
</metadata>
</newsitem>
