<?xml version="1.0" encoding="iso-8859-1" ?>
<newsitem itemid="545838" id="root" date="1997-04-29" xml:lang="en">
<title>USA: IBM sets aggressive plan for cash mountain.</title>
<headline>IBM sets aggressive plan for cash mountain.</headline>
<byline>Richard Melville</byline>
<dateline>NEW YORK 1997-04-29</dateline>
<text>
<p>Fresh on the heels of its blockbuster first quarter, International Business Machines Corp on Tuesday laid out a plan to return much of its $6.4 billion mountain of cash to shareholders.</p>
<p>The announcements, which include a $3.5 billion addition to Big Blue's stock buyback budget and a 14 percent dividend increase, helped settle questions over what IBM would do with its cash and could help the blue chip tech giant retain the momentum it recently recaptured on Wall Street.  </p>
<p>&quot;They're clearly signalling they want to stay more aggressive with the share repurchase program,&quot; said John Jones, an analyst at Salomon Brothers.  &quot;That should help earnings per share a lot.&quot;</p>
<p>The effects of previous buybacks were evident in IBM's recently reported first quarter, which showed earnings per share rising to $2.37 from $2.21 even as net income slipped to $1.20 billion from $1.21 billion.</p>
<p>The difference was a sharp fall in shares outstanding, due in large part to $2 billion in first quarter share buybacks.  </p>
<p>The new buybacks met with general enthusiasm, if not surprise, as analysts noted the effort extends an ongoing policy at Big Blue. Importantly, they said, IBM's acts were those of a company assured in its outlook.</p>
<p>&quot;This is obviously a vote of confidence by management in the prospects for this company,&quot; said William Milton, an analyst at Brown Brothers Harriman.  &quot;If the company were not confident of its prospects, it wouldn't be making this kind of commitment.&quot;</p>
<p>That IBM opted to raise its dividend was perhaps the more surprising, and symbolic, of the two moves.  </p>
<p>The increase -- which brings the payout to $1.60 per share per year from $1.40 -- brings the annual dividend yield to about one percent based on current trading levels.</p>
<p>That is less than most of the 30 Dow industrials but more than many shares in the growth-oriented tech sector.</p>
<p>&quot;It's still a low yield, but that's typical for technology companies,&quot; said Wendy Abramowitz, an analyst at Argus Research.</p>
<p>Indeed, some analysts expressed puzzlement over the dividend increase, which they viewed as cosmetic at best.</p>
<p>&quot;The dividend isn't all that much money,&quot; said Gary Helmig, an analyst at SoundView Financial. &quot;$25 million per quarter is hardly measurable for them, which makes you wonder why they're doing it at all.&quot;</p>
<p>Shareholders appeared pleased with the developments.  IBM shares jumped 5-1/4 to 155-5/8 in early afternoon of a session that saw the Dow surge more than 100 points.  About half IBM's rally came in the moments immediately after news of its plans.</p>
</text>
<copyright>(c) Reuters Limited 1997</copyright>
<metadata>
<codes class="bip:countries:1.0">
  <code code="USA">
    <editdetail attribution="Reuters BIP Coding Group" action="confirmed" date="1997-04-29"/>
  </code>
</codes>
<codes class="bip:industries:1.0">
  <code code="I33020">
    <editdetail attribution="Reuters BIP Coding Group" action="confirmed" date="1997-04-29"/>
  </code>
  <code code="I3302003">
    <editdetail attribution="Reuters BIP Coding Group" action="confirmed" date="1997-04-29"/>
  </code>
</codes>
<codes class="bip:topics:1.0">
  <code code="C11">
    <editdetail attribution="Reuters BIP Coding Group" action="confirmed" date="1997-04-29"/>
  </code>
  <code code="C15">
    <editdetail attribution="Reuters BIP Coding Group" action="confirmed" date="1997-04-29"/>
  </code>
  <code code="C151">
    <editdetail attribution="Reuters BIP Coding Group" action="confirmed" date="1997-04-29"/>
  </code>
  <code code="CCAT">
    <editdetail attribution="Reuters BIP Coding Group" action="confirmed" date="1997-04-29"/>
  </code>
</codes>
<dc element="dc.date.created" value="1997-04-29"/>
<dc element="dc.publisher" value="Reuters Holdings Plc"/>
<dc element="dc.date.published" value="1997-04-29"/>
<dc element="dc.source" value="Reuters"/>
<dc element="dc.creator.location" value="NEW YORK"/>
<dc element="dc.creator.location.country.name" value="USA"/>
<dc element="dc.source" value="Reuters"/>
</metadata>
</newsitem>
