<?xml version="1.0" encoding="iso-8859-1" ?>
<newsitem itemid="545860" id="root" date="1997-04-29" xml:lang="en">
<title>USA: U.S. senators ask Reno to sue tobacco companies.</title>
<headline>U.S. senators ask Reno to sue tobacco companies.</headline>
<dateline>WASHINGTON 1997-04-29</dateline>
<text>
<p>Five Democratic senators Tuesday asked Attorney General Janet Reno to file suit against tobacco companies to recover the federal government's cost of treating smoking-related illnesses.</p>
<p>The senators, in a letter to Reno, estimated the federal government spent about $20 billion a year through Medicare, Medicaid and other federal programs on tobacco-related health costs.</p>
<p>&quot;We are writing to strongly urge that you follow the lead of 23 attorneys general in seeking to recover the approximately $20 billion in tobacco-related costs,&quot; they said.  </p>
<p>&quot;We know that you have been considering options for legal action in this ara.  We urge you to act promptly to have the federal government join the states in taking action,&quot; the letter said.</p>
<p>The letter comes amid negotiations between state attorneys general and tobacco companies.  The firms hope to negotiate a settlement to state lawsuits asking them to pay the Medicaid costs of treating smoking-related illness.</p>
<p>The two sides are talking about a plan in which industry would provide up to $300 billion in compensation over 25 years and accept federal controls, in return for future immunity.  </p>
<p>Democratic senators signing the letter were Tom Harkin of Iowa, Frank Lautenberg of New Jersey, Dick Durbin of Illinois, Paul Wellstone of Minnesota and Ron Wyden of Oregon.</p>
<p>At a news conference, several of the senators said they had not talked to Reno directly about the issue.</p>
<p>But they said they had been led to believe by Clinton administration staff aides that they would be supportive of the proposal.</p>
</text>
<copyright>(c) Reuters Limited 1997</copyright>
<metadata>
<codes class="bip:countries:1.0">
  <code code="USA">
    <editdetail attribution="Reuters BIP Coding Group" action="confirmed" date="1997-04-29"/>
  </code>
</codes>
<codes class="bip:industries:1.0">
  <code code="I42900">
    <editdetail attribution="Reuters BIP Coding Group" action="confirmed" date="1997-04-29"/>
  </code>
</codes>
<codes class="bip:topics:1.0">
  <code code="C12">
    <editdetail attribution="Reuters BIP Coding Group" action="confirmed" date="1997-04-29"/>
  </code>
  <code code="CCAT">
    <editdetail attribution="Reuters BIP Coding Group" action="confirmed" date="1997-04-29"/>
  </code>
  <code code="GCAT">
    <editdetail attribution="Reuters BIP Coding Group" action="confirmed" date="1997-04-29"/>
  </code>
  <code code="GCRIM">
    <editdetail attribution="Reuters BIP Coding Group" action="confirmed" date="1997-04-29"/>
  </code>
  <code code="GHEA">
    <editdetail attribution="Reuters BIP Coding Group" action="confirmed" date="1997-04-29"/>
  </code>
  <code code="GPOL">
    <editdetail attribution="Reuters BIP Coding Group" action="confirmed" date="1997-04-29"/>
  </code>
</codes>
<dc element="dc.date.created" value="1997-04-29"/>
<dc element="dc.publisher" value="Reuters Holdings Plc"/>
<dc element="dc.date.published" value="1997-04-29"/>
<dc element="dc.source" value="Reuters"/>
<dc element="dc.creator.location" value="WASHINGTON"/>
<dc element="dc.creator.location.country.name" value="USA"/>
<dc element="dc.source" value="Reuters"/>
</metadata>
</newsitem>
