<?xml version="1.0" encoding="iso-8859-1" ?>
<newsitem itemid="545899" id="root" date="1997-04-29" xml:lang="en">
<title>USA: Bethlehem Steel Corp Q1 net up sharply.</title>
<headline>Bethlehem Steel Corp Q1 net up sharply.</headline>
<dateline>BETHLEHEM, Pa. 1997-04-29</dateline>
<text>
<p>1997			1996</p>
<p> Shr profit		 $0.25     loss	 $0.09</p>
<p> Net profit		38,400   profit	   100</p>
<p> Revs		   1,192,500		1,118,500</p>
<p> Avg shrs		 112,000		  110,800</p>
<p>(All Data Above 000s Except Per Share Numbers)</p>
<p>NOTES: Per share after preferred dividends of $10.4 million vs $10.5 million.</p>
<p>((--New York Newsdesk 212-859-1610))</p>
</text>
<copyright>(c) Reuters Limited 1997</copyright>
<metadata>
<codes class="bip:countries:1.0">
  <code code="USA">
    <editdetail attribution="Reuters BIP Coding Group" action="confirmed" date="1997-04-29"/>
  </code>
</codes>
<codes class="bip:industries:1.0">
  <code code="I22100">
    <editdetail attribution="Reuters BIP Coding Group" action="confirmed" date="1997-04-29"/>
  </code>
</codes>
<codes class="bip:topics:1.0">
  <code code="C15">
    <editdetail attribution="Reuters BIP Coding Group" action="confirmed" date="1997-04-29"/>
  </code>
  <code code="C151">
    <editdetail attribution="Reuters BIP Coding Group" action="confirmed" date="1997-04-29"/>
  </code>
  <code code="CCAT">
    <editdetail attribution="Reuters BIP Coding Group" action="confirmed" date="1997-04-29"/>
  </code>
</codes>
<dc element="dc.date.created" value="1997-04-29"/>
<dc element="dc.publisher" value="Reuters Holdings Plc"/>
<dc element="dc.date.published" value="1997-04-29"/>
<dc element="dc.source" value="Reuters"/>
<dc element="dc.creator.location" value="BETHLEHEM, Pa."/>
<dc element="dc.creator.location.country.name" value="USA"/>
<dc element="dc.source" value="Reuters"/>
</metadata>
</newsitem>
