<?xml version="1.0" encoding="iso-8859-1" ?>
<newsitem itemid="545841" id="root" date="1997-04-29" xml:lang="en">
<title>USA: Griffon Corp Q2 shr $0.14 vs $0.12.</title>
<headline>Griffon Corp Q2 shr $0.14 vs $0.12.</headline>
<dateline>JERICHO, N.Y. 1997-04-29</dateline>
<text>
<p>1997			1996</p>
<p> Shr		 $0.14		    $0.12</p>
<p> Net		 4,383		    3,866</p>
<p> Net Sales	 160,807		  139,109</p>
<p> Avg shrs	  31,295		   32,563</p>
<p>	  6  MONTHS</p>
<p> Shr		 $0.38		    $0.30</p>
<p> Net		 11,903		   9,729</p>
<p> Net Sales	 342,551		  292,472</p>
<p> Avg shrs	  31,267		   32,830</p>
<p>(All data above 000s except per share numbers)</p>
</text>
<copyright>(c) Reuters Limited 1997</copyright>
<metadata>
<codes class="bip:countries:1.0">
  <code code="USA">
    <editdetail attribution="Reuters BIP Coding Group" action="confirmed" date="1997-04-29"/>
  </code>
</codes>
<codes class="bip:industries:1.0">
  <code code="I83960">
    <editdetail attribution="Reuters BIP Coding Group" action="confirmed" date="1997-04-29"/>
  </code>
</codes>
<codes class="bip:topics:1.0">
  <code code="C15">
    <editdetail attribution="Reuters BIP Coding Group" action="confirmed" date="1997-04-29"/>
  </code>
  <code code="C151">
    <editdetail attribution="Reuters BIP Coding Group" action="confirmed" date="1997-04-29"/>
  </code>
  <code code="CCAT">
    <editdetail attribution="Reuters BIP Coding Group" action="confirmed" date="1997-04-29"/>
  </code>
</codes>
<dc element="dc.date.created" value="1997-04-29"/>
<dc element="dc.publisher" value="Reuters Holdings Plc"/>
<dc element="dc.date.published" value="1997-04-29"/>
<dc element="dc.source" value="Reuters"/>
<dc element="dc.creator.location" value="JERICHO, N.Y."/>
<dc element="dc.creator.location.country.name" value="USA"/>
<dc element="dc.source" value="Reuters"/>
</metadata>
</newsitem>
