<?xml version="1.0" encoding="iso-8859-1" ?>
<newsitem itemid="545840" id="root" date="1997-04-29" xml:lang="en">
<title>USA: Markel Corp Q1 net rises.</title>
<headline>Markel Corp Q1 net rises.</headline>
<dateline>RICHMOND, Va. 1997-04-29</dateline>
<text>
<p>Three Months Ended</p>
<p>								March 31,</p>
<p>							1997	     1996</p>
<p>						   (dollars in thousands,</p>
<p>						   except per share data)</p>
<p>  Total revenues				$98,473	 $92,990</p>
<p> Net income					 8,790	   7,810</p>
<p>Earnings per share</p>
<p>  Primary					    1.56	    1.38</p>
<p>  Fully diluted				    1.56	    1.38</p>
<p>NOTE: The company said core operations increased 51 percent due to its acquisition of Investors Insurance Holding Corp in Q4 1996.</p>
</text>
<copyright>(c) Reuters Limited 1997</copyright>
<metadata>
<codes class="bip:countries:1.0">
  <code code="USA">
    <editdetail attribution="Reuters BIP Coding Group" action="confirmed" date="1997-04-29"/>
  </code>
</codes>
<codes class="bip:industries:1.0">
  <code code="I83200">
    <editdetail attribution="Reuters BIP Coding Group" action="confirmed" date="1997-04-29"/>
  </code>
</codes>
<codes class="bip:topics:1.0">
  <code code="C15">
    <editdetail attribution="Reuters BIP Coding Group" action="confirmed" date="1997-04-29"/>
  </code>
  <code code="C151">
    <editdetail attribution="Reuters BIP Coding Group" action="confirmed" date="1997-04-29"/>
  </code>
  <code code="CCAT">
    <editdetail attribution="Reuters BIP Coding Group" action="confirmed" date="1997-04-29"/>
  </code>
</codes>
<dc element="dc.date.created" value="1997-04-29"/>
<dc element="dc.publisher" value="Reuters Holdings Plc"/>
<dc element="dc.date.published" value="1997-04-29"/>
<dc element="dc.source" value="Reuters"/>
<dc element="dc.creator.location" value="RICHMOND, Va."/>
<dc element="dc.creator.location.country.name" value="USA"/>
<dc element="dc.source" value="Reuters"/>
</metadata>
</newsitem>
