<?xml version="1.0" encoding="iso-8859-1" ?>
<newsitem itemid="545855" id="root" date="1997-04-29" xml:lang="en">
<title>USA: KN Energy sees double-digit '97 net growth.</title>
<headline>KN Energy sees double-digit '97 net growth.</headline>
<dateline>LAKEWOOD, Colo. 1997-04-29</dateline>
<text>
<p>KN Energy Inc said Tuesday its first quarter results put the company on track to achieve double-digit earnings growth in 1997.</p>
<p>&quot;We have set ambitious goals for KN Energy in 1997 and, just as we did last year, we intend to continue to add value in all facets of our business,&quot; said KN Energy chairman and chief executive officer Larry Hall. &quot;Our first quarter results are on track of achieve double-digit earnings growth in 1997.&quot;</p>
<p>KN Energy on Tuesday reported net income rose in the first quarter of 1997 to $20.4 million, or $0.65 a share, from $17.5 million, or $0.60 per share, in the same period a year earlier.</p>
</text>
<copyright>(c) Reuters Limited 1997</copyright>
<metadata>
<codes class="bip:countries:1.0">
  <code code="USA">
    <editdetail attribution="Reuters BIP Coding Group" action="confirmed" date="1997-04-29"/>
  </code>
</codes>
<codes class="bip:industries:1.0">
  <code code="I16200">
    <editdetail attribution="Reuters BIP Coding Group" action="confirmed" date="1997-04-29"/>
  </code>
</codes>
<codes class="bip:topics:1.0">
  <code code="C15">
    <editdetail attribution="Reuters BIP Coding Group" action="confirmed" date="1997-04-29"/>
  </code>
  <code code="C152">
    <editdetail attribution="Reuters BIP Coding Group" action="confirmed" date="1997-04-29"/>
  </code>
  <code code="CCAT">
    <editdetail attribution="Reuters BIP Coding Group" action="confirmed" date="1997-04-29"/>
  </code>
</codes>
<dc element="dc.date.created" value="1997-04-29"/>
<dc element="dc.publisher" value="Reuters Holdings Plc"/>
<dc element="dc.date.published" value="1997-04-29"/>
<dc element="dc.source" value="Reuters"/>
<dc element="dc.creator.location" value="LAKEWOOD, Colo."/>
<dc element="dc.creator.location.country.name" value="USA"/>
<dc element="dc.source" value="Reuters"/>
</metadata>
</newsitem>
