<?xml version="1.0" encoding="iso-8859-1" ?>
<newsitem itemid="545810" id="root" date="1997-04-29" xml:lang="en">
<title>USA: AmeriGas Parnters LP sets qtly payout.</title>
<headline>AmeriGas Parnters LP sets qtly payout.</headline>
<dateline>VALLEY FORGE, Pa. 1997-04-29</dateline>
<text>
<p>Quarterly</p>
<p>			  Latest		    Prior</p>
<p> Amount		  $0.55		     $0.55</p>
<p> Pay		    May 18</p>
<p> Record		  May 9</p>
</text>
<copyright>(c) Reuters Limited 1997</copyright>
<metadata>
<codes class="bip:countries:1.0">
  <code code="USA">
    <editdetail attribution="Reuters BIP Coding Group" action="confirmed" date="1997-04-29"/>
  </code>
</codes>
<codes class="bip:topics:1.0">
  <code code="C15">
    <editdetail attribution="Reuters BIP Coding Group" action="confirmed" date="1997-04-29"/>
  </code>
  <code code="C151">
    <editdetail attribution="Reuters BIP Coding Group" action="confirmed" date="1997-04-29"/>
  </code>
  <code code="CCAT">
    <editdetail attribution="Reuters BIP Coding Group" action="confirmed" date="1997-04-29"/>
  </code>
</codes>
<dc element="dc.date.created" value="1997-04-29"/>
<dc element="dc.publisher" value="Reuters Holdings Plc"/>
<dc element="dc.date.published" value="1997-04-29"/>
<dc element="dc.source" value="Reuters"/>
<dc element="dc.creator.location" value="VALLEY FORGE, Pa."/>
<dc element="dc.creator.location.country.name" value="USA"/>
<dc element="dc.source" value="Reuters"/>
</metadata>
</newsitem>
