<?xml version="1.0" encoding="iso-8859-1" ?>
<newsitem itemid="545866" id="root" date="1997-04-29" xml:lang="en">
<title>USA: Fed taking out insurance via mkt rate rise - Angell.</title>
<headline>Fed taking out insurance via mkt rate rise - Angell.</headline>
<dateline>NEW YORK 1997-04-29</dateline>
<text>
<p>Former Federal Reserve Board Governor Wayne Angell said on Tuesday he believes the U.S. central bank was taking out insurance against inflationary pressures by allowing market interest rates to rise recently.</p>
<p>&quot;I think the Fed is taking out insurance by letting rates run up,&quot; Angell told reporters during a European Institute confernece here.</p>
<p>Angell is currently chief economist and senior managing director at Bear Stearns &amp; Co.  </p>
<p>Market interest rates had risen earlier in the year but on Tuesday weaker-than-expected U.S. economic data sparked a rally in the U.S. Treasury market that caused interest rates to fall.</p>
<p>Angell also told reporters that the Fed may tighten credit again this year.</p>
<p>&quot;And, I think we might expect...he (Fed chairman Alan Greenspan) might buy insurance one more time this year, but I've held that not necessarily at the May 20 meeting as the markets are presupposing,&quot; Angell said.</p>
<p>The Fed's policy-setting arm, the Federal Open Market Committee (FOMC), voted to hike the key overnight lending rate by a 1/4 point on March 25.</p>
<p>Policy-makers are set to meet again on May 20.</p>
<p>(( -- Donna Sells, 212-859-1668 ))</p>
</text>
<copyright>(c) Reuters Limited 1997</copyright>
<metadata>
<codes class="bip:countries:1.0">
  <code code="USA">
    <editdetail attribution="Reuters BIP Coding Group" action="confirmed" date="1997-04-29"/>
  </code>
</codes>
<codes class="bip:topics:1.0">
  <code code="E12">
    <editdetail attribution="Reuters BIP Coding Group" action="confirmed" date="1997-04-29"/>
  </code>
  <code code="E13">
    <editdetail attribution="Reuters BIP Coding Group" action="confirmed" date="1997-04-29"/>
  </code>
  <code code="E131">
    <editdetail attribution="Reuters BIP Coding Group" action="confirmed" date="1997-04-29"/>
  </code>
  <code code="ECAT">
    <editdetail attribution="Reuters BIP Coding Group" action="confirmed" date="1997-04-29"/>
  </code>
  <code code="M13">
    <editdetail attribution="Reuters BIP Coding Group" action="confirmed" date="1997-04-29"/>
  </code>
  <code code="M131">
    <editdetail attribution="Reuters BIP Coding Group" action="confirmed" date="1997-04-29"/>
  </code>
  <code code="MCAT">
    <editdetail attribution="Reuters BIP Coding Group" action="confirmed" date="1997-04-29"/>
  </code>
</codes>
<dc element="dc.date.created" value="1997-04-29"/>
<dc element="dc.publisher" value="Reuters Holdings Plc"/>
<dc element="dc.date.published" value="1997-04-29"/>
<dc element="dc.source" value="Reuters"/>
<dc element="dc.creator.location" value="NEW YORK"/>
<dc element="dc.creator.location.country.name" value="USA"/>
<dc element="dc.source" value="Reuters"/>
</metadata>
</newsitem>
