<?xml version="1.0" encoding="iso-8859-1" ?>
<newsitem itemid="545886" id="root" date="1997-04-29" xml:lang="en">
<title>USA: Integrated Circuit says Q3 shr loss $0.88.</title>
<headline>Integrated Circuit says Q3 shr loss $0.88.</headline>
<dateline>VALLEY FORGE, Pa. 1997-04-29</dateline>
<text>
<p>Integrated Circuit Systems Inc</p>
<p>Consolidated Operating Results</p>
<p>(in thousands, except for per share data)</p>
<p>			   Three Months Ended     Nine Months Ended</p>
<p>			     Mar 29,    Mar 30,    Mar 29,  Mar 30,</p>
<p>				 1997	 1996	  1997     1996</p>
<p> Revenues		 $ 25,120   $ 15,382   $ 73,946 $ 70,320</p>
<p>   Cost of Sales	  13,503     11,891     43,458   40,443</p>
<p>   Gross Margin	   11,617	3,491     30,488   29,877</p>
<p>Expenses:</p>
<p>Research and</p>
<p>    development	    3,500	2,495	9,566    7,824</p>
<p>Selling, general</p>
<p>    &amp; administrative     3,145	4,744     11,280   14,021</p>
<p>   One time charge	11,196	   --     11,196    3,257</p>
<p>Other expense/</p>
<p>    (income)		 (397)	(304)    (1,046)    (516)</p>
<p>Income before</p>
<p>discontinued</p>
<p>  operations	     (7,979)    (1,726)    (4,245)    4,206</p>
<p>Discontinued operations</p>
<p>Loss from operations</p>
<p>			     (1,335)	(360)    (2,194)    (237)</p>
<p>   Loss from disposal  (1,511)	   --    (1,511)	 --</p>
<p>Net income</p>
<p>	 (loss)	   (10,825)    (2,086)    (7,950)    3,969</p>
<p>EPS from continuing</p>
<p>  operations		(0.65)     (0.15)     (0.37)     0.36</p>
<p>Net income per</p>
<p>  common share	    (0.88)     (0.18)     (0.69)     0.34</p>
<p> Shares		     12,250     11,341     11,556   11,585</p>
<p>Note: The company said the earnings per share from continuing operations excludes a loss from minority interest in equity investment and the in-process R &amp; D charge. The companmy said the earnings per share from continuing operations showed a 21 percent gain over that reported for the preceding quarter.</p>
<p>The company said it made the decision during the quarter to dispose of its majority interest in a subsidiary, Ark Logic. The company said the decision resulted in a charge of $2.89 million for discontinued operations.</p>
<p>The company said its financial statements have been restated to exclude Ark Logic's results from the continuing operations. Ark Logic's results are instead shown as discontinued operations.</p>
<p>The company said that after accounting for the one time charge for the discontinued operations of Ark Logic and the non-recurring write-off for in-process R &amp; D at MicroClock, it showed a net loss of $10.8 million, or $0.88 per share, for the third fiscal quarter of 1997.</p>
</text>
<copyright>(c) Reuters Limited 1997</copyright>
<metadata>
<codes class="bip:countries:1.0">
  <code code="USA">
    <editdetail attribution="Reuters BIP Coding Group" action="confirmed" date="1997-04-29"/>
  </code>
</codes>
<codes class="bip:industries:1.0">
  <code code="I34440">
    <editdetail attribution="Reuters BIP Coding Group" action="confirmed" date="1997-04-29"/>
  </code>
</codes>
<codes class="bip:topics:1.0">
  <code code="C15">
    <editdetail attribution="Reuters BIP Coding Group" action="confirmed" date="1997-04-29"/>
  </code>
  <code code="C151">
    <editdetail attribution="Reuters BIP Coding Group" action="confirmed" date="1997-04-29"/>
  </code>
  <code code="CCAT">
    <editdetail attribution="Reuters BIP Coding Group" action="confirmed" date="1997-04-29"/>
  </code>
</codes>
<dc element="dc.date.created" value="1997-04-29"/>
<dc element="dc.publisher" value="Reuters Holdings Plc"/>
<dc element="dc.date.published" value="1997-04-29"/>
<dc element="dc.source" value="Reuters"/>
<dc element="dc.creator.location" value="VALLEY FORGE, Pa."/>
<dc element="dc.creator.location.country.name" value="USA"/>
<dc element="dc.source" value="Reuters"/>
</metadata>
</newsitem>
