<?xml version="1.0" encoding="iso-8859-1" ?>
<newsitem itemid="545868" id="root" date="1997-04-29" xml:lang="en">
<title>USA: Marvel stockholder group opposes Toy Biz.</title>
<headline>Marvel stockholder group opposes Toy Biz.</headline>
<dateline>PHILADELPHIA 1997-04-29</dateline>
<text>
<p>A committee representing stockholders in Marvel Entertainment Group Inc said Tuesday it opposed a reorganization plan developed by Marvel and Toy Biz Inc.</p>
<p>The committee said it had repeatedly attempted to consult with Marvel regarding the plan.</p>
<p>It said Marvel had refused to discuss any proposed reorganization plan with the committee and had resisted providing the committee's representatives with access to the company.</p>
<p>The committee said it could not support the new plan and would explore all available alternatives.</p>
<p>Marvel said yesterday that Toy Biz Inc had tentatively agreed to acquire Marvel's publishing and licensing businesses in a reorganization that would provide Marvel's secured lenders cash, equity in a new company, and all the stock of Marvel's Fleer/SkyBox and Panini subsidiaries.</p>
</text>
<copyright>(c) Reuters Limited 1997</copyright>
<metadata>
<codes class="bip:countries:1.0">
  <code code="USA">
    <editdetail attribution="Reuters BIP Coding Group" action="confirmed" date="1997-04-29"/>
  </code>
</codes>
<codes class="bip:industries:1.0">
  <code code="I47520">
    <editdetail attribution="Reuters BIP Coding Group" action="confirmed" date="1997-04-29"/>
  </code>
  <code code="I49410">
    <editdetail attribution="Reuters BIP Coding Group" action="confirmed" date="1997-04-29"/>
  </code>
</codes>
<codes class="bip:topics:1.0">
  <code code="C18">
    <editdetail attribution="Reuters BIP Coding Group" action="confirmed" date="1997-04-29"/>
  </code>
  <code code="C181">
    <editdetail attribution="Reuters BIP Coding Group" action="confirmed" date="1997-04-29"/>
  </code>
  <code code="CCAT">
    <editdetail attribution="Reuters BIP Coding Group" action="confirmed" date="1997-04-29"/>
  </code>
</codes>
<dc element="dc.date.created" value="1997-04-29"/>
<dc element="dc.publisher" value="Reuters Holdings Plc"/>
<dc element="dc.date.published" value="1997-04-29"/>
<dc element="dc.source" value="Reuters"/>
<dc element="dc.creator.location" value="PHILADELPHIA"/>
<dc element="dc.creator.location.country.name" value="USA"/>
<dc element="dc.source" value="Reuters"/>
</metadata>
</newsitem>
