<?xml version="1.0" encoding="iso-8859-1" ?>
<newsitem itemid="545898" id="root" date="1997-04-29" xml:lang="en">
<title>USA: Champion to buy back 2.5 million shares.</title>
<headline>Champion to buy back 2.5 million shares.</headline>
<dateline>AUBURN HILLS, Mich. 1997-04-29</dateline>
<text>
<p>Champion Enterprises Inc said Tuesday its board of directors has authorized a common stock repurchase program for up to 2.5 million shares of its 48.4 million shares outstanding.</p>
<p>Timing of the program, which begins immediately, will be determined by financial and market conditions. Goldman, Sachs &amp; Co. will be managing the program through open market or privately negotiated transactions.</p>
<p>Jacqueline Dout, chief financial officer, told shareholders at the company's annual meeting that Chairman and Chief Executive Officer Walter Young was not present because of an angioplasty procedure. He is expected to be released from the hospital Tuesday and return to work later this week.</p>
<p>Dout said Champion plans to spend up to $45 million on capital expenditures in 1997. In addition to two Indiana facilities opened in January, six new plants are planned to open in 1997.</p>
<p>&quot;The slow start in manufactured housing industry shipments this year has not tempered our optimism for future growth opportunities for Champion,&quot; she said.</p>
<p>Champion makes manufactured homes and medium-duty buses.</p>
</text>
<copyright>(c) Reuters Limited 1997</copyright>
<metadata>
<codes class="bip:countries:1.0">
  <code code="USA">
    <editdetail attribution="Reuters BIP Coding Group" action="confirmed" date="1997-04-29"/>
  </code>
</codes>
<codes class="bip:industries:1.0">
  <code code="I83960">
    <editdetail attribution="Reuters BIP Coding Group" action="confirmed" date="1997-04-29"/>
  </code>
</codes>
<codes class="bip:topics:1.0">
  <code code="C17">
    <editdetail attribution="Reuters BIP Coding Group" action="confirmed" date="1997-04-29"/>
  </code>
  <code code="C171">
    <editdetail attribution="Reuters BIP Coding Group" action="confirmed" date="1997-04-29"/>
  </code>
  <code code="C18">
    <editdetail attribution="Reuters BIP Coding Group" action="confirmed" date="1997-04-29"/>
  </code>
  <code code="C181">
    <editdetail attribution="Reuters BIP Coding Group" action="confirmed" date="1997-04-29"/>
  </code>
  <code code="CCAT">
    <editdetail attribution="Reuters BIP Coding Group" action="confirmed" date="1997-04-29"/>
  </code>
</codes>
<dc element="dc.date.created" value="1997-04-29"/>
<dc element="dc.publisher" value="Reuters Holdings Plc"/>
<dc element="dc.date.published" value="1997-04-29"/>
<dc element="dc.source" value="Reuters"/>
<dc element="dc.creator.location" value="AUBURN HILLS, Mich."/>
<dc element="dc.creator.location.country.name" value="USA"/>
<dc element="dc.source" value="Reuters"/>
</metadata>
</newsitem>
