<?xml version="1.0" encoding="iso-8859-1" ?>
<newsitem itemid="545865" id="root" date="1997-04-29" xml:lang="en">
<title>USA: NYSE says suspends Foodbrands America Inc.</title>
<headline>NYSE says suspends Foodbrands America Inc.</headline>
<dateline>NEW YORK 1997-04-29</dateline>
<text>
<p>The New York Stock Exchange said on Monday that trading in the common stock of Foodbrands America Inc will be suspended immediately.</p>
<p>The NYSE said that it normally considers suspending and removing from its list the securities of a company when fewer than 600,000 common shares are held by the public.</p>
<p>As result of the completion of a tender offer by IBP Inc which expired at midnight EDT on April 28, fewer than 600,000 shares of Foodbrands common stock remain publicly traded, the exchange said.</p>
<p>The NYSE noted that it may, at any time, suspend a security if it believes that continued dealings in the security on the NYSE are not advisable.</p>
<p>Following suspension, application will be made to the Securities and Exchange Commission to delist the issue, it added.</p>
</text>
<copyright>(c) Reuters Limited 1997</copyright>
<metadata>
<codes class="bip:countries:1.0">
  <code code="USA">
    <editdetail attribution="Reuters BIP Coding Group" action="confirmed" date="1997-04-29"/>
  </code>
</codes>
<codes class="bip:industries:1.0">
  <code code="I41000">
    <editdetail attribution="Reuters BIP Coding Group" action="confirmed" date="1997-04-29"/>
  </code>
</codes>
<codes class="bip:topics:1.0">
  <code code="C14">
    <editdetail attribution="Reuters BIP Coding Group" action="confirmed" date="1997-04-29"/>
  </code>
  <code code="C18">
    <editdetail attribution="Reuters BIP Coding Group" action="confirmed" date="1997-04-29"/>
  </code>
  <code code="C181">
    <editdetail attribution="Reuters BIP Coding Group" action="confirmed" date="1997-04-29"/>
  </code>
  <code code="CCAT">
    <editdetail attribution="Reuters BIP Coding Group" action="confirmed" date="1997-04-29"/>
  </code>
</codes>
<dc element="dc.date.created" value="1997-04-29"/>
<dc element="dc.publisher" value="Reuters Holdings Plc"/>
<dc element="dc.date.published" value="1997-04-29"/>
<dc element="dc.source" value="Reuters"/>
<dc element="dc.creator.location" value="NEW YORK"/>
<dc element="dc.creator.location.country.name" value="USA"/>
<dc element="dc.source" value="Reuters"/>
</metadata>
</newsitem>
