<?xml version="1.0" encoding="iso-8859-1" ?>
<newsitem itemid="545824" id="root" date="1997-04-29" xml:lang="en">
<title>USA: Mastech Q1 shr $0.11 vs proforma $0.11.</title>
<headline>Mastech Q1 shr $0.11 vs proforma $0.11.</headline>
<dateline>PITTSBURGH 1997-04-29</dateline>
<text>
<p>MASTECH CORPORATION</p>
<p>		  (In thousands, except for per share amounts)</p>
<p>						  Three Mos     Three Mos</p>
<p>						     Ended	    Ended</p>
<p>						   3/31/97	  3/31/96</p>
<p> Revenues					 $37,531	 $28,595</p>
<p> Cost of revenues				26,732	  20,488</p>
<p> Gross profit				    10,799	   8,107</p>
<p> Selling, general and administrative	7,415	   4,702</p>
<p> Income from operations			 3,384	   3,405</p>
<p> Interest (income) expense, net	     (464)	    (24)</p>
<p> Income before income taxes		   3,848	   3,429</p>
<p> Provision for income taxes		   1,539		--</p>
<p> Net income					 2,309	   3,429</p>
<p> Net income per share			    0.11		--</p>
<p>Pro forma information:</p>
<p> Net income					    --	   3,429</p>
<p> Pro forma income taxes			    --	   1,370</p>
<p> Pro forma net income				--	   2,059</p>
<p> Pro forma net income per share		  --	    0.11</p>
<p> Weighted average outstanding shares     21,735	  18,665</p>
</text>
<copyright>(c) Reuters Limited 1997</copyright>
<metadata>
<codes class="bip:countries:1.0">
  <code code="USA">
    <editdetail attribution="Reuters BIP Coding Group" action="confirmed" date="1997-04-29"/>
  </code>
</codes>
<codes class="bip:industries:1.0">
  <code code="I33020">
    <editdetail attribution="Reuters BIP Coding Group" action="confirmed" date="1997-04-29"/>
  </code>
  <code code="I3302021">
    <editdetail attribution="Reuters BIP Coding Group" action="confirmed" date="1997-04-29"/>
  </code>
</codes>
<codes class="bip:topics:1.0">
  <code code="C15">
    <editdetail attribution="Reuters BIP Coding Group" action="confirmed" date="1997-04-29"/>
  </code>
  <code code="C151">
    <editdetail attribution="Reuters BIP Coding Group" action="confirmed" date="1997-04-29"/>
  </code>
  <code code="CCAT">
    <editdetail attribution="Reuters BIP Coding Group" action="confirmed" date="1997-04-29"/>
  </code>
</codes>
<dc element="dc.date.created" value="1997-04-29"/>
<dc element="dc.publisher" value="Reuters Holdings Plc"/>
<dc element="dc.date.published" value="1997-04-29"/>
<dc element="dc.source" value="Reuters"/>
<dc element="dc.creator.location" value="PITTSBURGH"/>
<dc element="dc.creator.location.country.name" value="USA"/>
<dc element="dc.source" value="Reuters"/>
</metadata>
</newsitem>
