<?xml version="1.0" encoding="iso-8859-1" ?>
<newsitem itemid="545803" id="root" date="1997-04-29" xml:lang="en">
<title>USA: NYCE cotton settles weaker in light volume.</title>
<headline>NYCE cotton settles weaker in light volume.</headline>
<dateline>NEW YORK 1997-04-29</dateline>
<text>
<p>NYCE cotton futures closed barely weaker in most-active July amid thin and rangebound dealings, floor sources said.</p>
<p>A dearth of news kept prices within a narrow range after this morning's spec/hedge report failed to inspire movement. The report showed the speculators to be holding a 19.3 percent net short position, little changed from last week's data.</p>
<p>July ended 0.08 cent weaker at 73.45 cents per lb, having ranged from 73.55 to 72.95 cents. New-crop December finished down 0.09 at 75.87 cents.</p>
<p>Volume was estimated at 6,000 lots compared with Monday's official 4,031 lots.</p>
<p>Delayed plantings and talk that growers are switching to other crops, failed to inspire gains as business remains slow, market sources said. Players await Thursday's export and sales report.</p>
<p>Certificated stocks as of April 28 were unchanged from the previous session at 220,870 480-lb bales.</p>
<p>Open interest in May stood at only 350 lots, down 253 lots as of early Monday. Interest in July fell by 199 lots to 41,490 lots.</p>
<p>A total of 600 notices have been issued to date.</p>
<p>((S Rostler, New York Commodities Desk, 212-859-1640))</p>
</text>
<copyright>(c) Reuters Limited 1997</copyright>
<metadata>
<codes class="bip:countries:1.0">
  <code code="USA">
    <editdetail attribution="Reuters BIP Coding Group" action="confirmed" date="1997-04-29"/>
  </code>
</codes>
<codes class="bip:topics:1.0">
  <code code="M14">
    <editdetail attribution="Reuters BIP Coding Group" action="confirmed" date="1997-04-29"/>
  </code>
  <code code="M141">
    <editdetail attribution="Reuters BIP Coding Group" action="confirmed" date="1997-04-29"/>
  </code>
  <code code="MCAT">
    <editdetail attribution="Reuters BIP Coding Group" action="confirmed" date="1997-04-29"/>
  </code>
</codes>
<dc element="dc.date.created" value="1997-04-29"/>
<dc element="dc.publisher" value="Reuters Holdings Plc"/>
<dc element="dc.date.published" value="1997-04-29"/>
<dc element="dc.source" value="Reuters"/>
<dc element="dc.creator.location" value="NEW YORK"/>
<dc element="dc.creator.location.country.name" value="USA"/>
<dc element="dc.source" value="Reuters"/>
</metadata>
</newsitem>
