<?xml version="1.0" encoding="iso-8859-1" ?>
<newsitem itemid="545878" id="root" date="1997-04-29" xml:lang="en">
<title>USA: K-III will not proceed with share offering.</title>
<headline>K-III will not proceed with share offering.</headline>
<dateline>NEW YORK 1997-04-29</dateline>
<text>
<p>K-III Communications Corp said Tuesday it will not proceed with its previously announced offering of 12.5 million shares.</p>
<p>&quot;When we announced our intention to make the offering, our stock was trading at 12-5/8,&quot; said William Reilly, chairman and chief executive. &quot;At current levels we are not sellers of stock.&quot;</p>
<p>K-III closed at 10-1/2 Monday and was up 7/8 at 11-3/8 in early afternoon trading today.</p>
<p>The company said it continues to believe there is merit to increasing the float of its stock over time, but it does not need the cash from such an offering to pursue its growth strategy.</p>
<p>Separately, K-III said its Business Directory Division had acquired IntelliChoice Inc, a source of information on automobile ownership costs for businesses and consumers.</p>
<p>Terms were not disclosed.</p>
</text>
<copyright>(c) Reuters Limited 1997</copyright>
<metadata>
<codes class="bip:countries:1.0">
  <code code="USA">
    <editdetail attribution="Reuters BIP Coding Group" action="confirmed" date="1997-04-29"/>
  </code>
</codes>
<codes class="bip:industries:1.0">
  <code code="I83954">
    <editdetail attribution="Reuters BIP Coding Group" action="confirmed" date="1997-04-29"/>
  </code>
</codes>
<codes class="bip:topics:1.0">
  <code code="C17">
    <editdetail attribution="Reuters BIP Coding Group" action="confirmed" date="1997-04-29"/>
  </code>
  <code code="C171">
    <editdetail attribution="Reuters BIP Coding Group" action="confirmed" date="1997-04-29"/>
  </code>
  <code code="CCAT">
    <editdetail attribution="Reuters BIP Coding Group" action="confirmed" date="1997-04-29"/>
  </code>
</codes>
<dc element="dc.date.created" value="1997-04-29"/>
<dc element="dc.publisher" value="Reuters Holdings Plc"/>
<dc element="dc.date.published" value="1997-04-29"/>
<dc element="dc.source" value="Reuters"/>
<dc element="dc.creator.location" value="NEW YORK"/>
<dc element="dc.creator.location.country.name" value="USA"/>
<dc element="dc.source" value="Reuters"/>
</metadata>
</newsitem>
