<?xml version="1.0" encoding="iso-8859-1" ?>
<newsitem itemid="545819" id="root" date="1997-04-29" xml:lang="en">
<title>USA: NYH gasoline diffs fail to respond to Bayway rumor.</title>
<headline>NYH gasoline diffs fail to respond to Bayway rumor.</headline>
<dateline>NEW YORK 1997-04-29</dateline>
<text>
<p>New York Harbor cash gasoline differentials showed little movement Tuesday morning despite a quick upward pop in futures markets on rumors of problems at Tosco's Bayway refinery in Linden, New Jersey.</p>
<p>Traders mulled market rumors Tosco's 250,000 barrel per day Bayway refinery was aggressively buying &quot;M2&quot; regular conventional unleaded as well as &quot;V2&quot; premium conventional 93-octane and reformulated &quot;D2&quot; 93-octane.</p>
<p>But differentials on most NYH gasoline grades were stable, with prompt conventional M2 barrels actually talked about 0.25 cent weaker with offers at about 2.60 cents under the May NYMEX screen, traders said.</p>
<p>USG diffs were little changed during early action, with many players absent for an industry outing, according to traders.</p>
<p>One active East Coast trader insisted the rumors were &quot;unfounded,&quot; adding, &quot;Bayway is always buying a little bit of this and a little bit of that and I don't see them buying anything more than normal today.&quot;</p>
<p>&quot;In fact, they're selling pretty good quantities of 'A2' (regular) reformulated,&quot; he added.</p>
</text>
<copyright>(c) Reuters Limited 1997</copyright>
<metadata>
<codes class="bip:countries:1.0">
  <code code="USA">
    <editdetail attribution="Reuters BIP Coding Group" action="confirmed" date="1997-04-29"/>
  </code>
</codes>
<codes class="bip:topics:1.0">
  <code code="M14">
    <editdetail attribution="Reuters BIP Coding Group" action="confirmed" date="1997-04-29"/>
  </code>
  <code code="M143">
    <editdetail attribution="Reuters BIP Coding Group" action="confirmed" date="1997-04-29"/>
  </code>
  <code code="MCAT">
    <editdetail attribution="Reuters BIP Coding Group" action="confirmed" date="1997-04-29"/>
  </code>
</codes>
<dc element="dc.date.created" value="1997-04-29"/>
<dc element="dc.publisher" value="Reuters Holdings Plc"/>
<dc element="dc.date.published" value="1997-04-29"/>
<dc element="dc.source" value="Reuters"/>
<dc element="dc.creator.location" value="NEW YORK"/>
<dc element="dc.creator.location.country.name" value="USA"/>
<dc element="dc.source" value="Reuters"/>
</metadata>
</newsitem>
