<?xml version="1.0" encoding="iso-8859-1" ?>
<newsitem itemid="545892" id="root" date="1997-04-29" xml:lang="en">
<title>USA: NYMEX electricity called to open flat to higher.</title>
<headline>NYMEX electricity called to open flat to higher.</headline>
<dateline>NEW YORK 1997-04-29</dateline>
<text>
<p>NYMEX electricity futures were called to open flat to higher Tuesday following yesterday's light, rangebound session that ended slightly lower amid softer cash prices and natural gas futures.</p>
<p>&quot;People are coming in to cover (their May positions),&quot; said a West Coast paper broker.</p>
<p>In over-the-counter business, June California-Oregon Border (COB) futures were quoted at $13.50-14.00 a megawatt hour (MWh) versus Monday's settlement at $13.30, while June Palo Verde (PV) at $18.40-18.55 against yesterday's close at $18.28.</p>
<p>May COB prices, in the paper market, were assessed at $14.60-14.80 and May PV at $18.20-18.50.</p>
<p>Market sources said June futures would likely take cue in the short-term from the cash and natgas prices.</p>
<p>The June Henry Hub gas contract opened down 1.1 cent at $2.070 per million British thermal units.</p>
<p>In the Northwest, temperatures would stay four to eight degrees Fahrenheit below normal through Wednesday and moderate to normal to four degrees below normal Thursday into the weekend. Unstable atmospheric conditions could bring chance of rain along the coast and in the mountains.</p>
<p>In the Southwest, dry and mild weather would settle over the southern part of the region for the rest of the week with readings averaging three to five degrees F above normal.</p>
<p>Cloudy skies and slightly cooler-than-normal weather were predicted for Utah, Colorado and northern California.</p>
<p>((--New York Power Desk +1 212 859 1622))</p>
</text>
<copyright>(c) Reuters Limited 1997</copyright>
<metadata>
<codes class="bip:countries:1.0">
  <code code="USA">
    <editdetail attribution="Reuters BIP Coding Group" action="confirmed" date="1997-04-29"/>
  </code>
</codes>
<codes class="bip:topics:1.0">
  <code code="M14">
    <editdetail attribution="Reuters BIP Coding Group" action="confirmed" date="1997-04-29"/>
  </code>
  <code code="M143">
    <editdetail attribution="Reuters BIP Coding Group" action="confirmed" date="1997-04-29"/>
  </code>
  <code code="MCAT">
    <editdetail attribution="Reuters BIP Coding Group" action="confirmed" date="1997-04-29"/>
  </code>
</codes>
<dc element="dc.date.created" value="1997-04-29"/>
<dc element="dc.publisher" value="Reuters Holdings Plc"/>
<dc element="dc.date.published" value="1997-04-29"/>
<dc element="dc.source" value="Reuters"/>
<dc element="dc.creator.location" value="NEW YORK"/>
<dc element="dc.creator.location.country.name" value="USA"/>
<dc element="dc.source" value="Reuters"/>
</metadata>
</newsitem>
