<?xml version="1.0" encoding="iso-8859-1" ?>
<newsitem itemid="545827" id="root" date="1997-04-29" xml:lang="en">
<title>USA: US March stock funds net cash flow $10.51 bln -- ICI.</title>
<headline>US March stock funds net cash flow $10.51 bln -- ICI.</headline>
<dateline>WASHINGTON 1997-04-29</dateline>
<text>
<p>Net new cash flow into U.S. stock mutual funds was $10.51 billion in March, compared with $18.16 billion in February, the Investment Company Institute said on Tuesday.</p>
<p>ICI said flows to stock funds in the first three months of 1997 totaled $57.75 billion, compared with $72.54 billion for the same period in 1996.</p>
<p>ICI said bond and income funds had an outflow of $1.99 billion in March, compared with an inflow of $2.26 billion in February.  </p>
<p>Inflows to bond and income funds totalled $3.87 billion in the first quarter, compared with $7.98 billion in the first quarter of 1996, ICI said.</p>
<p>Money market funds had an inflow of $872.4 million in March, compared with inflows of $21.12 billion in February.</p>
<p>Among stock fund inflows, domestic equity funds accounted for $44.37 billion, or 76.8 percent of the total, the same proportion as in the first quarter of 1996.</p>
<p>March's reduced inflow combined with declines of major domestic stock indexes to reduce the value of total stock fund assets to $1.810 trillion.</p>
<p>ICI said combined total assets of the nation's mutual funds were $3.663 trillion in March, compared with $3.731 trillion in February and $3.036 trillion in March 1996. Total assets include taxable and non-taxable money market funds.</p>
<p>ICI said the outflow in bond funds, after four consecutive months of net inflows, was due in large part to an outflow of $1.25 billion in the high-yield category.</p>
</text>
<copyright>(c) Reuters Limited 1997</copyright>
<metadata>
<codes class="bip:countries:1.0">
  <code code="USA">
    <editdetail attribution="Reuters BIP Coding Group" action="confirmed" date="1997-04-29"/>
  </code>
</codes>
<codes class="bip:industries:1.0">
  <code code="I81502">
    <editdetail attribution="Reuters BIP Coding Group" action="confirmed" date="1997-04-29"/>
  </code>
  <code code="I8150211">
    <editdetail attribution="Reuters BIP Coding Group" action="confirmed" date="1997-04-29"/>
  </code>
</codes>
<codes class="bip:topics:1.0">
  <code code="C15">
    <editdetail attribution="Reuters BIP Coding Group" action="confirmed" date="1997-04-29"/>
  </code>
  <code code="C151">
    <editdetail attribution="Reuters BIP Coding Group" action="confirmed" date="1997-04-29"/>
  </code>
  <code code="CCAT">
    <editdetail attribution="Reuters BIP Coding Group" action="confirmed" date="1997-04-29"/>
  </code>
</codes>
<dc element="dc.date.created" value="1997-04-29"/>
<dc element="dc.publisher" value="Reuters Holdings Plc"/>
<dc element="dc.date.published" value="1997-04-29"/>
<dc element="dc.source" value="Reuters"/>
<dc element="dc.creator.location" value="WASHINGTON"/>
<dc element="dc.creator.location.country.name" value="USA"/>
<dc element="dc.source" value="Reuters"/>
</metadata>
</newsitem>
