<?xml version="1.0" encoding="iso-8859-1" ?>
<newsitem itemid="545836" id="root" date="1997-04-29" xml:lang="en">
<title>USA: Superior Energy Q1 net increases.</title>
<headline>Superior Energy Q1 net increases.</headline>
<dateline>BELLE CHASSE, La. 1997-04-29</dateline>
<text>
<p>1997	   1996</p>
<p> Revenues:				  $     9,180   $     4,640</p>
<p> Net income					 1,522	     720</p>
<p>Net income per common share and</p>
<p>  common share equivalent			0.08	    0.04</p>
<p>Weighted average shares outstanding</p>
<p>						 20,322,300    17,072,916</p>
<p>				   (In thousands)</p>
<p>NOTE: Full name is Superior Energy Services Inc.</p>
</text>
<copyright>(c) Reuters Limited 1997</copyright>
<metadata>
<codes class="bip:countries:1.0">
  <code code="USA">
    <editdetail attribution="Reuters BIP Coding Group" action="confirmed" date="1997-04-29"/>
  </code>
</codes>
<codes class="bip:industries:1.0">
  <code code="I84000">
    <editdetail attribution="Reuters BIP Coding Group" action="confirmed" date="1997-04-29"/>
  </code>
</codes>
<codes class="bip:topics:1.0">
  <code code="C15">
    <editdetail attribution="Reuters BIP Coding Group" action="confirmed" date="1997-04-29"/>
  </code>
  <code code="C151">
    <editdetail attribution="Reuters BIP Coding Group" action="confirmed" date="1997-04-29"/>
  </code>
  <code code="CCAT">
    <editdetail attribution="Reuters BIP Coding Group" action="confirmed" date="1997-04-29"/>
  </code>
</codes>
<dc element="dc.date.created" value="1997-04-29"/>
<dc element="dc.publisher" value="Reuters Holdings Plc"/>
<dc element="dc.date.published" value="1997-04-29"/>
<dc element="dc.source" value="Reuters"/>
<dc element="dc.creator.location" value="BELLE CHASSE, La."/>
<dc element="dc.creator.location.country.name" value="USA"/>
<dc element="dc.source" value="Reuters"/>
</metadata>
</newsitem>
