<?xml version="1.0" encoding="iso-8859-1" ?>
<newsitem itemid="545844" id="root" date="1997-04-29" xml:lang="en">
<title>USA: Berg Electronics Corp Q1 profit vs loss.</title>
<headline>Berg Electronics Corp Q1 profit vs loss.</headline>
<dateline>ST. LOUIS, Mo. 1997-04-29</dateline>
<text>
<p>($ in thousands, except per share data)</p>
<p>					    ACTUAL		PRO FORMA</p>
<p> Three Months Ended March 31,  1997	    1996    1996 (a)</p>
<p> Net Sales		     188,511	   180,118    180,118</p>
<p>Operating expenses:</p>
<p>     Cost of goods sold  (120,619)	 (118,204)  (118,204)</p>
<p>     Other		    (46,300)	  (44,457)   (44,457)</p>
<p> Operating Income	     21,592	    17,457     17,457</p>
<p>Other income (expense):</p>
<p>     Interest expense	(6,887)	   (7,830)    (7,291)</p>
<p>Amortization of deferred</p>
<p>     financing costs	   (759)	   (1,256)	(718)</p>
<p>     Other, net		    112		 886	  886</p>
<p> Income tax expense	  (5,412)	   (3,702)    (4,133)</p>
<p>Net income before</p>
<p>extraordinary items</p>
<p>and preferred</p>
<p>     stock requirements	8,646	     5,555	6,201</p>
<p> Extraordinary items, net	 --	  (18,664)	   --</p>
<p>Net income (loss)	     8,646	  (13,109)	6,201</p>
<p> Preferred stock requirements   --	  (27,335)	   --</p>
<p>Net income (loss) applicable</p>
<p>     to common shares	  8,646	  (40,444)	6,201</p>
<p> Net income (loss) per share  0.42	    (2.61)	 0.30</p>
<p>Average common shares</p>
<p>     outstanding    20,775,393(b)	15,510,324  20,500,000</p>
<p>(a) -- 1996 Pro forma presents results as if the IPO and refinancing had been effective at December 31, 1995.</p>
<p>(b) -- Includes 20,511,529 shares actually outstanding, plus effects of exercise of outstanding options. SOURCE  Berg Electronics Corp.</p>
<p>((Chicago newsdesk, 312-408-8787))</p>
</text>
<copyright>(c) Reuters Limited 1997</copyright>
<metadata>
<codes class="bip:countries:1.0">
  <code code="USA">
    <editdetail attribution="Reuters BIP Coding Group" action="confirmed" date="1997-04-29"/>
  </code>
</codes>
<codes class="bip:industries:1.0">
  <code code="I34440">
    <editdetail attribution="Reuters BIP Coding Group" action="confirmed" date="1997-04-29"/>
  </code>
</codes>
<codes class="bip:topics:1.0">
  <code code="C15">
    <editdetail attribution="Reuters BIP Coding Group" action="confirmed" date="1997-04-29"/>
  </code>
  <code code="C151">
    <editdetail attribution="Reuters BIP Coding Group" action="confirmed" date="1997-04-29"/>
  </code>
  <code code="CCAT">
    <editdetail attribution="Reuters BIP Coding Group" action="confirmed" date="1997-04-29"/>
  </code>
</codes>
<dc element="dc.date.created" value="1997-04-29"/>
<dc element="dc.publisher" value="Reuters Holdings Plc"/>
<dc element="dc.date.published" value="1997-04-29"/>
<dc element="dc.source" value="Reuters"/>
<dc element="dc.creator.location" value="ST. LOUIS, Mo."/>
<dc element="dc.creator.location.country.name" value="USA"/>
<dc element="dc.source" value="Reuters"/>
</metadata>
</newsitem>
