<?xml version="1.0" encoding="iso-8859-1" ?>
<newsitem itemid="545811" id="root" date="1997-04-29" xml:lang="en">
<title>USA: CSCE world sugar ends lower, July holds support.</title>
<headline>CSCE world sugar ends lower, July holds support.</headline>
<dateline>NEW YORK 1997-04-29</dateline>
<text>
<p>CSCE July world sugar futures ended weaker but up from session lows and above support, which had been pierced in early trade.</p>
<p>Floor sources said trade buying lifted most-active July over 11.00 cents a lb after the contract sank to a low of 10.95 cents amid fund selling.</p>
<p>The selling failed to pressure the contract to firmer support at Friday's low of 10.91, however, under which sell stops are seen lurking.</p>
<p>The next level of support was pegged at 10.77 cents, a low set April 17.</p>
<p>Market sources expect trade to remain rangebound ahead of May delivery's expiry Wednesday. Open interest in May stood at 21,223 lots, down 3,551 lots, as of early Monday.</p>
<p>July gained 1,066 lots to stand at 86,835 lots. It closed down 0.04 cent at 11.03 cents after trading from 11.05 to 10.95 cents. Spot May eased 0.17 to 11.32, while the outer months ended unchanged to 0.04 lower.</p>
<p>The May/July spread tightened to 0.29 cent from 0.42 cent at Monday's close.</p>
<p>Volume was estimated at 25,619 lots, compared with Monday's official 21,592 lots.</p>
<p>Resistance for July remained at 11.18-11.20 cents, where producer selling is expected to emerge.</p>
<p>((-- S Rostler, New York Commodities Desk, 212 859 1640))</p>
</text>
<copyright>(c) Reuters Limited 1997</copyright>
<metadata>
<codes class="bip:countries:1.0">
  <code code="USA">
    <editdetail attribution="Reuters BIP Coding Group" action="confirmed" date="1997-04-29"/>
  </code>
</codes>
<codes class="bip:topics:1.0">
  <code code="M14">
    <editdetail attribution="Reuters BIP Coding Group" action="confirmed" date="1997-04-29"/>
  </code>
  <code code="M141">
    <editdetail attribution="Reuters BIP Coding Group" action="confirmed" date="1997-04-29"/>
  </code>
  <code code="MCAT">
    <editdetail attribution="Reuters BIP Coding Group" action="confirmed" date="1997-04-29"/>
  </code>
</codes>
<dc element="dc.date.created" value="1997-04-29"/>
<dc element="dc.publisher" value="Reuters Holdings Plc"/>
<dc element="dc.date.published" value="1997-04-29"/>
<dc element="dc.source" value="Reuters"/>
<dc element="dc.creator.location" value="NEW YORK"/>
<dc element="dc.creator.location.country.name" value="USA"/>
<dc element="dc.source" value="Reuters"/>
</metadata>
</newsitem>
