<?xml version="1.0" encoding="iso-8859-1" ?>
<newsitem itemid="545843" id="root" date="1997-04-29" xml:lang="en">
<title>USA: Hutchinson sees shipment growth at 33 pct.</title>
<headline>Hutchinson sees shipment growth at 33 pct.</headline>
<dateline>SAN FRANCISCO 1997-04-29</dateline>
<text>
<p>Hutchinson Technology Inc expects the volume of its shipments to grow about 33 percent in the rest of its fiscal year ending in September, and probably calendar 1997 as well, its chief executive said on Tuesday.</p>
<p>At a Hambrecht and Quist technology conference in San Francisco, Chief Executive Wayne Fortun said the company expected its shipment growth to return to the 33 percent rate it experienced over the past two years.</p>
<p>He said a jump in shipments growth to 70 percent in the first quarter was not likely to be repeated in the rest of the year.</p>
<p>Shares in Hutchinson, which makes suspension assemblies for computer disk drives, were two points higher at 26-3/4 early Tuesday afternoon.</p>
</text>
<copyright>(c) Reuters Limited 1997</copyright>
<metadata>
<codes class="bip:countries:1.0">
  <code code="USA">
    <editdetail attribution="Reuters BIP Coding Group" action="confirmed" date="1997-04-29"/>
  </code>
</codes>
<codes class="bip:industries:1.0">
  <code code="I33020">
    <editdetail attribution="Reuters BIP Coding Group" action="confirmed" date="1997-04-29"/>
  </code>
  <code code="I3302019">
    <editdetail attribution="Reuters BIP Coding Group" action="confirmed" date="1997-04-29"/>
  </code>
</codes>
<codes class="bip:topics:1.0">
  <code code="C15">
    <editdetail attribution="Reuters BIP Coding Group" action="confirmed" date="1997-04-29"/>
  </code>
  <code code="C152">
    <editdetail attribution="Reuters BIP Coding Group" action="confirmed" date="1997-04-29"/>
  </code>
  <code code="C31">
    <editdetail attribution="Reuters BIP Coding Group" action="confirmed" date="1997-04-29"/>
  </code>
  <code code="C312">
    <editdetail attribution="Reuters BIP Coding Group" action="confirmed" date="1997-04-29"/>
  </code>
  <code code="CCAT">
    <editdetail attribution="Reuters BIP Coding Group" action="confirmed" date="1997-04-29"/>
  </code>
</codes>
<dc element="dc.date.created" value="1997-04-29"/>
<dc element="dc.publisher" value="Reuters Holdings Plc"/>
<dc element="dc.date.published" value="1997-04-29"/>
<dc element="dc.source" value="Reuters"/>
<dc element="dc.creator.location" value="SAN FRANCISCO"/>
<dc element="dc.creator.location.country.name" value="USA"/>
<dc element="dc.source" value="Reuters"/>
</metadata>
</newsitem>
