<?xml version="1.0" encoding="iso-8859-1" ?>
<newsitem itemid="545837" id="root" date="1997-04-29" xml:lang="en">
<title>USA: Cone Mills names chief financial officer.</title>
<headline>Cone Mills names chief financial officer.</headline>
<dateline>GREENSBORO, N.C. 1997-04-29</dateline>
<text>
<p>Cone Mills Corp on Tuesday said it named Anthony Furr as vice president and chief financial officer effective May 1.</p>
<p>Furr was previously chairman, president and chief executive of Wachovia Bank of South Carolina N.A. and an executive vice president of the bank's parent, Wachovia Corp.</p>
<p>Cone produces denim fabrics and prints home furnishing fabrics.  </p>
<p>Cone Mills said its current financial chief John Bakane was named president of Cone Apparel Products Group. In his new position, Barkane will have senior executive responsibility for the company's foreign and domestic denim operations.</p>
<p>Bakane, who will remain an executive vice president of the company, is presently an executive vice president and chief financial officer and a member of the board of directors.</p>
</text>
<copyright>(c) Reuters Limited 1997</copyright>
<metadata>
<codes class="bip:countries:1.0">
  <code code="USA">
    <editdetail attribution="Reuters BIP Coding Group" action="confirmed" date="1997-04-29"/>
  </code>
</codes>
<codes class="bip:industries:1.0">
  <code code="I45300">
    <editdetail attribution="Reuters BIP Coding Group" action="confirmed" date="1997-04-29"/>
  </code>
</codes>
<codes class="bip:topics:1.0">
  <code code="C41">
    <editdetail attribution="Reuters BIP Coding Group" action="confirmed" date="1997-04-29"/>
  </code>
  <code code="C411">
    <editdetail attribution="Reuters BIP Coding Group" action="confirmed" date="1997-04-29"/>
  </code>
  <code code="CCAT">
    <editdetail attribution="Reuters BIP Coding Group" action="confirmed" date="1997-04-29"/>
  </code>
</codes>
<dc element="dc.date.created" value="1997-04-29"/>
<dc element="dc.publisher" value="Reuters Holdings Plc"/>
<dc element="dc.date.published" value="1997-04-29"/>
<dc element="dc.source" value="Reuters"/>
<dc element="dc.creator.location" value="GREENSBORO, N.C."/>
<dc element="dc.creator.location.country.name" value="USA"/>
<dc element="dc.source" value="Reuters"/>
</metadata>
</newsitem>
