<?xml version="1.0" encoding="iso-8859-1" ?>
<newsitem itemid="545816" id="root" date="1997-04-29" xml:lang="en">
<title>USA: Micrion Corp Q3 shr $0.13 vs $0.11.</title>
<headline>Micrion Corp Q3 shr $0.13 vs $0.11.</headline>
<dateline>PEABODY, Mass. 1997-04-29</dateline>
<text>
<p>Three Months Ended  Nine Months Ended</p>
<p>						   March 31,  March 31,</p>
<p>					   1997    1996    1997    1996</p>
<p>						 (unaudited)  (unaudited)</p>
<p> Product revenues		  $13,770 $9,457 $39,997 $26,117</p>
<p> Contract revenues		     353    258     761   1,040</p>
<p>		    Total revenues  14,123  9,715  40,758  27,157</p>
<p>Gross profit on product revenues</p>
<p>					   5,079  3,657  15,864   9,881</p>
<p>Gross profit on contract revenues</p>
<p>					     138     22     172     (7)</p>
<p>		  Total gross profit  5,217  3,679  16,036  9,874</p>
<p>Operating expenses:</p>
<p>Selling, general and</p>
<p>   administrative		    2,745  1,834   7,712   4,931</p>
<p>  Research and development	 1,567  1,209   4,281   2,819</p>
<p>	  Total operating expenses 4,312  3,043  11,993   7,750</p>
<p> Income from operations		905    636   4,043   2,124</p>
<p> Other (expense) income	     (71)     46   (170)     199</p>
<p> Income before income taxes	  834    682   3,873   2,323</p>
<p> Income taxes			    292    236   1,356     810</p>
<p> Net income				542    446   2,517   1,513</p>
<p> Net income per share		  .13    .11     .60     .38</p>
<p>Weighted average common and common</p>
<p>  equivalent shares outstanding  4,308  4,054   4,214   4,020</p>
<p>Summary Consolidated Balance Sheet</p>
<p>			    (in thousands except per share amounts)</p>
</text>
<copyright>(c) Reuters Limited 1997</copyright>
<metadata>
<codes class="bip:countries:1.0">
  <code code="USA">
    <editdetail attribution="Reuters BIP Coding Group" action="confirmed" date="1997-04-29"/>
  </code>
</codes>
<codes class="bip:industries:1.0">
  <code code="I34531">
    <editdetail attribution="Reuters BIP Coding Group" action="confirmed" date="1997-04-29"/>
  </code>
</codes>
<codes class="bip:topics:1.0">
  <code code="C15">
    <editdetail attribution="Reuters BIP Coding Group" action="confirmed" date="1997-04-29"/>
  </code>
  <code code="C151">
    <editdetail attribution="Reuters BIP Coding Group" action="confirmed" date="1997-04-29"/>
  </code>
  <code code="CCAT">
    <editdetail attribution="Reuters BIP Coding Group" action="confirmed" date="1997-04-29"/>
  </code>
</codes>
<dc element="dc.date.created" value="1997-04-29"/>
<dc element="dc.publisher" value="Reuters Holdings Plc"/>
<dc element="dc.date.published" value="1997-04-29"/>
<dc element="dc.source" value="Reuters"/>
<dc element="dc.creator.location" value="PEABODY, Mass."/>
<dc element="dc.creator.location.country.name" value="USA"/>
<dc element="dc.source" value="Reuters"/>
</metadata>
</newsitem>
