<?xml version="1.0" encoding="iso-8859-1" ?>
<newsitem itemid="545807" id="root" date="1997-04-29" xml:lang="en">
<title>USA: World Access Q1 shr $0.15 vs $0.09.</title>
<headline>World Access Q1 shr $0.15 vs $0.09.</headline>
<dateline>ATLANTA 1997-04-29</dateline>
<text>
<p>WORLD ACCESS INC AND SUBSIDIARIES</p>
<p>		   SUMMARY CONSOLIDATED FINANCIAL DATA</p>
<p>					    Three Months Ended March 31</p>
<p>							  1997	  1996</p>
<p>							  (Unaudited)</p>
<p> Total sales				   20,251,424  12,393,245</p>
<p> Gross profit				   6,198,316   2,775,260</p>
<p> Operating income			     3,680,212   1,210,532</p>
<p> Net income				     2,612,468   1,210,318</p>
<p> Net income per common share		     0.15	  0.09</p>
<p> Weighted average shares outstanding   17,743,617  13,548,727</p>
<p>-- New York Newsdesk 212 859-1610</p>
</text>
<copyright>(c) Reuters Limited 1997</copyright>
<metadata>
<codes class="bip:countries:1.0">
  <code code="USA">
    <editdetail attribution="Reuters BIP Coding Group" action="confirmed" date="1997-04-29"/>
  </code>
</codes>
<codes class="bip:industries:1.0">
  <code code="I34400">
    <editdetail attribution="Reuters BIP Coding Group" action="confirmed" date="1997-04-29"/>
  </code>
</codes>
<codes class="bip:topics:1.0">
  <code code="C15">
    <editdetail attribution="Reuters BIP Coding Group" action="confirmed" date="1997-04-29"/>
  </code>
  <code code="C151">
    <editdetail attribution="Reuters BIP Coding Group" action="confirmed" date="1997-04-29"/>
  </code>
  <code code="CCAT">
    <editdetail attribution="Reuters BIP Coding Group" action="confirmed" date="1997-04-29"/>
  </code>
</codes>
<dc element="dc.date.created" value="1997-04-29"/>
<dc element="dc.publisher" value="Reuters Holdings Plc"/>
<dc element="dc.date.published" value="1997-04-29"/>
<dc element="dc.source" value="Reuters"/>
<dc element="dc.creator.location" value="ATLANTA"/>
<dc element="dc.creator.location.country.name" value="USA"/>
<dc element="dc.source" value="Reuters"/>
</metadata>
</newsitem>
