<?xml version="1.0" encoding="iso-8859-1" ?>
<newsitem itemid="545817" id="root" date="1997-04-29" xml:lang="en">
<title>USA: INSIGHT - Wall St bulls cheered by broad rally.</title>
<headline>INSIGHT - Wall St bulls cheered by broad rally.</headline>
<byline>Richard Jacobsen</byline>
<dateline>NEW YORK 1997-04-29</dateline>
<text>
<p>Wall Street bulls were cheered on Tuesday by a sharp rally in stocks that spread to broad sectors of the market.</p>
<p>The recent rebound in stocks had seen a handful of large capitalization blue chip stocks leaving their smaller-cap brethern behind, raising concern among technical analysts that the recovery lacked a strong base.</p>
<p>But with advancing stocks outpacing decliners by almost four to one on the New York Stock Exchange on Tuesday, some analysts were saying Wall Street's correction had ended.  </p>
<p>&quot;I think basically the correction is over that started seven weeks ago,&quot; said Alfred Goldman, technical analyst at A.G. Edwards and Sons.</p>
<p>The Dow industrials were up 131 points, or 1.9 percent, at 6913 in afternoon trading after market-friendly economic data eased inflation worries.</p>
<p>The Nasdaq composite also took part in the surge, jumping 19 points, or 1.6 percent, to 1236.</p>
<p>Even the battered small-cap gauge Russell 2000 was up over three points, or one percent, to 339.  </p>
<p>The Dow could take a breather ahead of a key report on April employment on Friday before making an assault on its record highs, technical analysts said.</p>
<p>The Dow closed at a record of 7085.16 on March 11 then slid to its recent closing low of 6391.69 on April 11.</p>
<p>&quot;I wouldn't be surprised if you get the Dow to new highs, it's really not that far from here,&quot; said Ken Tower, technical analyst at UST Securities. But he was less sanguine about smaller stocks, saying they had suffered &quot;too much damage&quot; to be able to mount a major rebound.  </p>
<p>&quot;I'd be more suprised if the S&amp;P (500) goes to new highs, and I'd be shocked if something like the Russell 2000 makes it to a new high,&quot; Tower said.</p>
<p>The Dow was about three percent off its record closing high.</p>
<p>The S&amp;P was almost four percent off its February 18 high of 816.29. On Tuesday it was up about two percent, gaining 16 points to 787.</p>
<p>Meanwhile, the Russell 2000 was about nine percent off its January 22 closing high of 370.75.</p>
<p>&quot;I would expect a continued choppy market in general, but with the focus on the large caps,&quot; said Jonathan Dodd, technical analyst at Dean Witter. &quot;Secondaries may play some catch-up, but that's still a lagging area.&quot;</p>
<p>A split market between large cap and small cap stocks over an extended period is normally viewed as a negative for the overall market, the technical analysts said.</p>
<p>((--Wall St Desk, 212-859-1721))</p>
</text>
<copyright>(c) Reuters Limited 1997</copyright>
<metadata>
<codes class="bip:countries:1.0">
  <code code="USA">
    <editdetail attribution="Reuters BIP Coding Group" action="confirmed" date="1997-04-29"/>
  </code>
</codes>
<codes class="bip:topics:1.0">
  <code code="M11">
    <editdetail attribution="Reuters BIP Coding Group" action="confirmed" date="1997-04-29"/>
  </code>
  <code code="MCAT">
    <editdetail attribution="Reuters BIP Coding Group" action="confirmed" date="1997-04-29"/>
  </code>
</codes>
<dc element="dc.date.created" value="1997-04-29"/>
<dc element="dc.publisher" value="Reuters Holdings Plc"/>
<dc element="dc.date.published" value="1997-04-29"/>
<dc element="dc.source" value="Reuters"/>
<dc element="dc.creator.location" value="NEW YORK"/>
<dc element="dc.creator.location.country.name" value="USA"/>
<dc element="dc.source" value="Reuters"/>
</metadata>
</newsitem>
