<?xml version="1.0" encoding="iso-8859-1" ?>
<newsitem itemid="545963" id="root" date="1997-04-29" xml:lang="en">
<title>UK: SOCCER-MAN WHO HELPED CHANGE FACE OF BRITISH SOCCER DIES.</title>
<headline>SOCCER-MAN WHO HELPED CHANGE FACE OF BRITISH SOCCER DIES.</headline>
<dateline>LONDON 1997-04-29</dateline>
<text>
<p>Former Lord Chief Justice Lord Taylor, who headed the inquiry into the Hillsborough football stadium disaster, has died of cancer. He was 66. Lord Taylor retired early from his post in March last year after his illness was diagnosed. He underwent radiotherapy but doctors could not save him.</p>
<p>Prime Minister John Major paid tribute to Lord Taylor on Tuesday saying: &quot;This is very sad news. He was a very fine man.&quot;</p>
<p>Lord Taylor's inquiry, which followed the 1989 Hillsborough disaster in which 96 Liverpool fans were crushed to death in an over-crowded, fenced-in, standing section of the ground, helped to change the face of British soccer.</p>
<p>In many stadiums 80-year-old terraced areas were replaced by new modern seating areas, while in some cases the old stadiums were knocked down completely and replaced by new all-seater grounds.</p>
</text>
<copyright>(c) Reuters Limited 1997</copyright>
<metadata>
<codes class="bip:countries:1.0">
  <code code="UK">
    <editdetail attribution="Reuters BIP Coding Group" action="confirmed" date="1997-04-29"/>
  </code>
</codes>
<codes class="bip:topics:1.0">
  <code code="GCAT">
    <editdetail attribution="Reuters BIP Coding Group" action="confirmed" date="1997-04-29"/>
  </code>
  <code code="GSPO">
    <editdetail attribution="Reuters BIP Coding Group" action="confirmed" date="1997-04-29"/>
  </code>
</codes>
<dc element="dc.date.created" value="1997-04-29"/>
<dc element="dc.publisher" value="Reuters Holdings Plc"/>
<dc element="dc.date.published" value="1997-04-29"/>
<dc element="dc.source" value="Reuters"/>
<dc element="dc.creator.location" value="LONDON"/>
<dc element="dc.creator.location.country.name" value="UK"/>
<dc element="dc.source" value="Reuters"/>
</metadata>
</newsitem>
