<?xml version="1.0" encoding="iso-8859-1" ?>
<newsitem itemid="545908" id="root" date="1997-04-29" xml:lang="en">
<title>USA: CSCE cocoa slumps as funds sell, stops hit.</title>
<headline>CSCE cocoa slumps as funds sell, stops hit.</headline>
<dateline>NEW YORK 1997-04-29</dateline>
<text>
<p>CSCE cocoa prices slumped to their lowest level in more than a month ahead of midday, battered by successive waves of heavy speculative liquidation, market soureces said.</p>
<p>In what traders said was mainly a technical breakdown, the market tumbled some $50 a tonne basis the July contract after skidding through support at $1,440 and then $1,410.  </p>
<p>&quot;We're getting what appears to be some long liquidation from the funds,&quot; said one trader. &quot;The market broke some uptrend lines it had been following since early April.&quot;</p>
<p>Benchmark July futures were down $47 per tonne as of 1137 EDT, to $1,408, after briefly sinking to a low of $1,397.</p>
<p>The selling intensified as the market worked its way lower, with scale-down trade buying offering only meager support. July futures took out a crucial downside objective at $1,410, a double chart bottom set in early April.</p>
<p>A key trendline was also crossed on London's July futures at 1019 stg a tonne, traders said.</p>
<p>Volume was moderate into the decline, reaching an estimated 4,083 lots as of 1100 EDT.</p>
<p>Traders said the market's swift collapse set the stage for a test of two-month lows at $1,365 basis July.</p>
<p>-- Wendy Pollack, New York Commodities Desk +1 212 859 1640</p>
</text>
<copyright>(c) Reuters Limited 1997</copyright>
<metadata>
<codes class="bip:countries:1.0">
  <code code="USA">
    <editdetail attribution="Reuters BIP Coding Group" action="confirmed" date="1997-04-29"/>
  </code>
</codes>
<codes class="bip:topics:1.0">
  <code code="M14">
    <editdetail attribution="Reuters BIP Coding Group" action="confirmed" date="1997-04-29"/>
  </code>
  <code code="M141">
    <editdetail attribution="Reuters BIP Coding Group" action="confirmed" date="1997-04-29"/>
  </code>
  <code code="MCAT">
    <editdetail attribution="Reuters BIP Coding Group" action="confirmed" date="1997-04-29"/>
  </code>
</codes>
<dc element="dc.date.created" value="1997-04-29"/>
<dc element="dc.publisher" value="Reuters Holdings Plc"/>
<dc element="dc.date.published" value="1997-04-29"/>
<dc element="dc.source" value="Reuters"/>
<dc element="dc.creator.location" value="NEW YORK"/>
<dc element="dc.creator.location.country.name" value="USA"/>
<dc element="dc.source" value="Reuters"/>
</metadata>
</newsitem>
