<?xml version="1.0" encoding="iso-8859-1" ?>
<newsitem itemid="545933" id="root" date="1997-04-29" xml:lang="en">
<title>ISRAEL: SOCCER-ISRAEL DROP FIVE FOR BREAKING CURFEW.</title>
<headline>SOCCER-ISRAEL DROP FIVE FOR BREAKING CURFEW.</headline>
<dateline>JERUSALEM 1997-04-29</dateline>
<text>
<p>Five players were axed from Israel's 20-strong on Tuesday for breaking a team curfew ahead of a World Cup qualifier against Cyprus.</p>
<p>The five -- four first-choice players and a former captain -- had gone to the cinema without informing coach Shlomo Scharf. They failed to return to the team's hotel in time for the curfew, squad officials said.</p>
<p>&quot;I feel betrayed by these players. After having discussed discipline with the team, they went and broke the rules,&quot; Scharf told Israel Television.</p>
<p>The axed players were midfielders Haim Revivo of Spanish side Celta Vigo, Avi Nimni of Maccabi Tel Aviv, left-back Felix Halfon of Hapoel Tel Aviv and right-back David Amsalem of league leaders Betar Jerusalem.</p>
<p>The fifth, Nir Klinger, a former captain who plays for Maccabi Tel Aviv, had not been expected to start the match.</p>
<p>Klinger decided to quit international soccer after Sharf's decision. &quot;This is very severe punishment, particularly on the younger players. As for me, I had already made up my mind to quit,&quot; said Klinger, capped a record 83 times.</p>
<p>With Tottenham's Ronnie Rosenthal also ruled out after an injury during training on Monday, Israel will take on a drastic new look for Wednesday's tie in Tel Aviv.</p>
<p>&quot;We went to see a movie. It's a kind of therapy for us. We didn't go out to have a good time or to a disco. It looks like the situation is irreversible -- what a pity,&quot; Klinger told Israel Radio.</p>
<p>&quot;It was all just a big misunderstanding, but perhaps our mistake was that we did not inform the coach,&quot; Nimni said.</p>
<p>Scharf immediately drafted in three players -- internationals Reuven Atar and Avishai Janno of Maccabi Haifa and Shai Holtzman of Hapoel Beersheba.</p>
<p>Team (probable): Rafi Cohen, Alon Harazi or Avishai Janno, Moshe Glam, Amir Shelah, Arik Bennado, Alon Hazan, Tal Banin (captain), Itzik Zohar, Eyal Berkovic, Eli Ohana, Alon Mizrahi</p>
</text>
<copyright>(c) Reuters Limited 1997</copyright>
<metadata>
<codes class="bip:countries:1.0">
  <code code="CYPR">
    <editdetail attribution="Reuters BIP Coding Group" action="confirmed" date="1997-04-29"/>
  </code>
  <code code="ISRAEL">
    <editdetail attribution="Reuters BIP Coding Group" action="confirmed" date="1997-04-29"/>
  </code>
</codes>
<codes class="bip:topics:1.0">
  <code code="GCAT">
    <editdetail attribution="Reuters BIP Coding Group" action="confirmed" date="1997-04-29"/>
  </code>
  <code code="GSPO">
    <editdetail attribution="Reuters BIP Coding Group" action="confirmed" date="1997-04-29"/>
  </code>
</codes>
<dc element="dc.date.created" value="1997-04-29"/>
<dc element="dc.publisher" value="Reuters Holdings Plc"/>
<dc element="dc.date.published" value="1997-04-29"/>
<dc element="dc.source" value="Reuters"/>
<dc element="dc.creator.location" value="JERUSALEM"/>
<dc element="dc.creator.location.country.name" value="ISRAEL"/>
<dc element="dc.source" value="Reuters"/>
</metadata>
</newsitem>
