<?xml version="1.0" encoding="iso-8859-1" ?>
<newsitem itemid="545986" id="root" date="1997-04-29" xml:lang="en">
<title>USA: BASEBALL-MONDAY'S MAJOR LEAGUE RESULTS.</title>
<headline>BASEBALL-MONDAY'S MAJOR LEAGUE RESULTS.</headline>
<dateline>NEW YORK 1997-04-29</dateline>
<text>
<p>Results of Major League</p>
<p>Baseball games played on Monday (home team in CAPS):</p>
<p>		 American League</p>
<p> MILWAUKEE	14  Texas		8</p>
<p> NY YANKEES	6  Seattle	    5</p>
<p>		 National League</p>
<p> FLORIDA	  12  San Diego	  9</p>
<p> Pittsburgh	9  PHILADELPHIA     4 (12 inngs)</p>
<p> Ny Mets	  15  CINCINNATI	 2</p>
<p> ATLANTA	  14  Los Angeles	0</p>
<p> CHICAGO CUBS    5  Montreal	   2</p>
<p> Colorado	  7  HOUSTON	    6 (10)</p>
<p> ST LOUIS	  5  San Francisco    2</p>
</text>
<copyright>(c) Reuters Limited 1997</copyright>
<metadata>
<codes class="bip:countries:1.0">
  <code code="CANA">
    <editdetail attribution="Reuters BIP Coding Group" action="confirmed" date="1997-04-29"/>
  </code>
  <code code="USA">
    <editdetail attribution="Reuters BIP Coding Group" action="confirmed" date="1997-04-29"/>
  </code>
</codes>
<codes class="bip:topics:1.0">
  <code code="GCAT">
    <editdetail attribution="Reuters BIP Coding Group" action="confirmed" date="1997-04-29"/>
  </code>
  <code code="GSPO">
    <editdetail attribution="Reuters BIP Coding Group" action="confirmed" date="1997-04-29"/>
  </code>
</codes>
<dc element="dc.date.created" value="1997-04-29"/>
<dc element="dc.publisher" value="Reuters Holdings Plc"/>
<dc element="dc.date.published" value="1997-04-29"/>
<dc element="dc.source" value="Reuters"/>
<dc element="dc.creator.location" value="NEW YORK"/>
<dc element="dc.creator.location.country.name" value="USA"/>
<dc element="dc.source" value="Reuters"/>
</metadata>
</newsitem>
