<?xml version="1.0" encoding="iso-8859-1" ?>
<newsitem itemid="545913" id="root" date="1997-04-29" xml:lang="en">
<title>USA: Monarch Casino &amp; Resort Q1 net rises.</title>
<headline>Monarch Casino &amp; Resort Q1 net rises.</headline>
<dateline>RENO, Nev 1997-04-29</dateline>
<text>
<p>Condensed Consolidated Statements of Operations</p>
<p>						  Three Months Ended</p>
<p>							March 31,</p>
<p>						 1997		   1996</p>
<p>					(Unaudited)	   (Unaudited)</p>
<p> Net revenues			$14,137,865	  $12,843,047</p>
<p> Operating expenses		 12,009,845	   11,419,549</p>
<p> Income from operations	    2,128,020	    1,423,498</p>
<p>Other Income (expense)</p>
<p> Interest expense		    (870,927)	    (923,480)</p>
<p>Minority interests in net loss of</p>
<p>   consolidated subsidiaries	     ---		  6,781</p>
<p>					   (870,927)	    (916,699)</p>
<p> Income before income taxes	1,257,093		506,799</p>
<p> Income tax expense		    427,411		177,381</p>
<p> Net income				829,682		329,418</p>
<p> Net income per share		     0.09		   0.03</p>
<p>Weighted average common</p>
<p>   shares outstanding		9,453,275	    9,536,275</p>
<p>SUPPLEMENTARY INFORMATION:</p>
<p> EBITDA				  3,194,324	    2,485,789</p>
<p> EBITDA per share			   0.34		   0.26</p>
</text>
<copyright>(c) Reuters Limited 1997</copyright>
<metadata>
<codes class="bip:countries:1.0">
  <code code="USA">
    <editdetail attribution="Reuters BIP Coding Group" action="confirmed" date="1997-04-29"/>
  </code>
</codes>
<codes class="bip:industries:1.0">
  <code code="I97912">
    <editdetail attribution="Reuters BIP Coding Group" action="confirmed" date="1997-04-29"/>
  </code>
</codes>
<codes class="bip:topics:1.0">
  <code code="C15">
    <editdetail attribution="Reuters BIP Coding Group" action="confirmed" date="1997-04-29"/>
  </code>
  <code code="C151">
    <editdetail attribution="Reuters BIP Coding Group" action="confirmed" date="1997-04-29"/>
  </code>
  <code code="CCAT">
    <editdetail attribution="Reuters BIP Coding Group" action="confirmed" date="1997-04-29"/>
  </code>
</codes>
<dc element="dc.date.created" value="1997-04-29"/>
<dc element="dc.publisher" value="Reuters Holdings Plc"/>
<dc element="dc.date.published" value="1997-04-29"/>
<dc element="dc.source" value="Reuters"/>
<dc element="dc.creator.location" value="RENO, Nev"/>
<dc element="dc.creator.location.country.name" value="USA"/>
<dc element="dc.source" value="Reuters"/>
</metadata>
</newsitem>
