<?xml version="1.0" encoding="iso-8859-1" ?>
<newsitem itemid="545925" id="root" date="1997-04-29" xml:lang="en">
<title>USA: Med/Waste says expects Q2 ahead of 1996 Q2.</title>
<headline>Med/Waste says expects Q2 ahead of 1996 Q2.</headline>
<dateline>OPA LOCKA, Fla. 1997-04-29</dateline>
<text>
<p>Med/Waste Inc said Tuesday it expects its second quarter to be &quot; well ahead&quot; of the comparable 1996 period, and it is actively seeking acquisition candidates.</p>
<p>The company reported net income for the first quarter of $150,037, or $0.06 per share, compared to $87,266, or $0.05 per share, for the same period a year ago. The company said the earnings per share results were acheived based on 22 percent more shares outstanding in fiscal 1997.</p>
<p>The company said it expects to have cross-marketing and expansion opportunities for its services in the remainder of the fiscal year with the Biomedical Waste Systems and Bonham Environmental Services deals expected to be completed in the second quarter.</p>
<p>The company announced in March it would buy a 40 percent stake in Biomedical, and announced in April it would buy Bonham, a private company.</p>
<p>The company said Bonham should contribute to its profitability by this year's third quarter.</p>
</text>
<copyright>(c) Reuters Limited 1997</copyright>
<metadata>
<codes class="bip:countries:1.0">
  <code code="USA">
    <editdetail attribution="Reuters BIP Coding Group" action="confirmed" date="1997-04-29"/>
  </code>
</codes>
<codes class="bip:industries:1.0">
  <code code="I92110">
    <editdetail attribution="Reuters BIP Coding Group" action="confirmed" date="1997-04-29"/>
  </code>
</codes>
<codes class="bip:topics:1.0">
  <code code="C15">
    <editdetail attribution="Reuters BIP Coding Group" action="confirmed" date="1997-04-29"/>
  </code>
  <code code="C152">
    <editdetail attribution="Reuters BIP Coding Group" action="confirmed" date="1997-04-29"/>
  </code>
  <code code="C18">
    <editdetail attribution="Reuters BIP Coding Group" action="confirmed" date="1997-04-29"/>
  </code>
  <code code="C181">
    <editdetail attribution="Reuters BIP Coding Group" action="confirmed" date="1997-04-29"/>
  </code>
  <code code="CCAT">
    <editdetail attribution="Reuters BIP Coding Group" action="confirmed" date="1997-04-29"/>
  </code>
</codes>
<dc element="dc.date.created" value="1997-04-29"/>
<dc element="dc.publisher" value="Reuters Holdings Plc"/>
<dc element="dc.date.published" value="1997-04-29"/>
<dc element="dc.source" value="Reuters"/>
<dc element="dc.creator.location" value="OPA LOCKA, Fla."/>
<dc element="dc.creator.location.country.name" value="USA"/>
<dc element="dc.source" value="Reuters"/>
</metadata>
</newsitem>
