<?xml version="1.0" encoding="iso-8859-1" ?>
<newsitem itemid="545923" id="root" date="1997-04-29" xml:lang="en">
<title>USA: OfficeMax Q1 same-store sales up five pct.</title>
<headline>OfficeMax Q1 same-store sales up five pct.</headline>
<dateline>NEW YORK 1997-04-29</dateline>
<text>
<p>Percent change</p>
<p>		    1997	 1996	     Total     Same-Store</p>
<p>Quarter	   $888.6     $730.6	  22	    5</p>
<p>NOTE: Figures in millions except percentage.</p>
<p>    Quarter is   13 weeks ended	April 26.</p>
<p>    Full company name is			     OfficeMax Inc</p>
<p>NOTE: Same-store sales for the quarter rose five percent on top of the 15 percent registered a year before.</p>
</text>
<copyright>(c) Reuters Limited 1997</copyright>
<metadata>
<codes class="bip:countries:1.0">
  <code code="USA">
    <editdetail attribution="Reuters BIP Coding Group" action="confirmed" date="1997-04-29"/>
  </code>
</codes>
<codes class="bip:industries:1.0">
  <code code="I65300">
    <editdetail attribution="Reuters BIP Coding Group" action="confirmed" date="1997-04-29"/>
  </code>
</codes>
<codes class="bip:topics:1.0">
  <code code="C31">
    <editdetail attribution="Reuters BIP Coding Group" action="confirmed" date="1997-04-29"/>
  </code>
  <code code="CCAT">
    <editdetail attribution="Reuters BIP Coding Group" action="confirmed" date="1997-04-29"/>
  </code>
</codes>
<dc element="dc.date.created" value="1997-04-29"/>
<dc element="dc.publisher" value="Reuters Holdings Plc"/>
<dc element="dc.date.published" value="1997-04-29"/>
<dc element="dc.source" value="Reuters"/>
<dc element="dc.creator.location" value="NEW YORK"/>
<dc element="dc.creator.location.country.name" value="USA"/>
<dc element="dc.source" value="Reuters"/>
</metadata>
</newsitem>
