<?xml version="1.0" encoding="iso-8859-1" ?>
<newsitem itemid="545930" id="root" date="1997-04-29" xml:lang="en">
<title>UK: SNOOKER-HENDRY FIGHTS BACK TO LEAD QUARTER-FINAL 9-7.</title>
<headline>SNOOKER-HENDRY FIGHTS BACK TO LEAD QUARTER-FINAL 9-7.</headline>
<dateline>SHEFFIELD, England 1997-04-29</dateline>
<text>
<p>Defending champion Stephen Hendry won six of the eight evening frames to lead Darren Morgan 9-7 in their best-of-25 frames world snooker championship quarter-final on Tuesday.</p>
<p>Hendry, seeking a record seventh world title, is never more dangerous when his back is to the wall as Welshman Morgan found after opening a 5-3 lead during the day's opening session.</p>
<p>A break of 77 in the ninth frame set the pattern for Hendry's comeback and scores of 46, 54, 71 and 99 followed as the 28-year-old Scot swept 8-6 ahead.</p>
<p>Morgan enjoyed a break of 90 in the penultimate frame to trail 8-7 and appeared set to draw level overnight when 49-0 up in the last.</p>
<p>But when he ran out of position the predatory Hendry pounced with a 74 break to move two frames ahead.</p>
<p>Canadian Alain Robidoux also held a 9-7 lead in his quarter-final against Welsh outsider Lee Walker.</p>
<p>Both matches will be completed on Wednesday.</p>
</text>
<copyright>(c) Reuters Limited 1997</copyright>
<metadata>
<codes class="bip:countries:1.0">
  <code code="UK">
    <editdetail attribution="Reuters BIP Coding Group" action="confirmed" date="1997-04-29"/>
  </code>
</codes>
<codes class="bip:topics:1.0">
  <code code="GCAT">
    <editdetail attribution="Reuters BIP Coding Group" action="confirmed" date="1997-04-29"/>
  </code>
  <code code="GSPO">
    <editdetail attribution="Reuters BIP Coding Group" action="confirmed" date="1997-04-29"/>
  </code>
</codes>
<dc element="dc.date.created" value="1997-04-29"/>
<dc element="dc.publisher" value="Reuters Holdings Plc"/>
<dc element="dc.date.published" value="1997-04-29"/>
<dc element="dc.source" value="Reuters"/>
<dc element="dc.creator.location" value="SHEFFIELD, England"/>
<dc element="dc.creator.location.country.name" value="UK"/>
<dc element="dc.source" value="Reuters"/>
</metadata>
</newsitem>
