<?xml version="1.0" encoding="iso-8859-1" ?>
<newsitem itemid="545946" id="root" date="1997-04-29" xml:lang="en">
<title>UK: TABLE TENNIS-CHINA BEAT NORTH KOREA FOR WOMEN'S TEAM TITLE.</title>
<headline>TABLE TENNIS-CHINA BEAT NORTH KOREA FOR WOMEN'S TEAM TITLE.</headline>
<dateline>MANCHESTER, England 1997-04-29</dateline>
<text>
<p>China won the women's team title for the 11th time at the world table tennis championships on Tuesday, beating North Korea 3-0.</p>
</text>
<copyright>(c) Reuters Limited 1997</copyright>
<metadata>
<codes class="bip:countries:1.0">
  <code code="CHINA">
    <editdetail attribution="Reuters BIP Coding Group" action="confirmed" date="1997-04-29"/>
  </code>
  <code code="NKOREA">
    <editdetail attribution="Reuters BIP Coding Group" action="confirmed" date="1997-04-29"/>
  </code>
  <code code="UK">
    <editdetail attribution="Reuters BIP Coding Group" action="confirmed" date="1997-04-29"/>
  </code>
</codes>
<codes class="bip:topics:1.0">
  <code code="GCAT">
    <editdetail attribution="Reuters BIP Coding Group" action="confirmed" date="1997-04-29"/>
  </code>
  <code code="GSPO">
    <editdetail attribution="Reuters BIP Coding Group" action="confirmed" date="1997-04-29"/>
  </code>
</codes>
<dc element="dc.date.created" value="1997-04-29"/>
<dc element="dc.publisher" value="Reuters Holdings Plc"/>
<dc element="dc.date.published" value="1997-04-29"/>
<dc element="dc.source" value="Reuters"/>
<dc element="dc.creator.location" value="MANCHESTER, England"/>
<dc element="dc.creator.location.country.name" value="UK"/>
<dc element="dc.source" value="Reuters"/>
</metadata>
</newsitem>
