<?xml version="1.0" encoding="iso-8859-1" ?>
<newsitem itemid="545945" id="root" date="1997-04-29" xml:lang="en">
<title>SWEDEN: SOCCER-SWEDES DESPERATE TO WIN AGAINST IN-FORM SCOTS.</title>
<headline>SOCCER-SWEDES DESPERATE TO WIN AGAINST IN-FORM SCOTS.</headline>
<dateline>GOTHENBURG, Sweden 1997-04-29</dateline>
<text>
<p>Sweden will rely on their international exports on Wednesday to restore their chances of qualifying for the World Cup finals against in-form Scotland.</p>
<p>Scotland, unbeaten with four wins and two draws in group four, are confident they can beat a Swedish side which has looked lacklustre and uninspired in the last six months, prompting reports coach Tommy Svensson is on his way out.</p>
<p>A Scottish victory would allow the visitors to begin packing their suitcases for next year's World Cup finals in France.</p>
<p>&quot;They're incredibly strong in defence and will be determined to get a draw. One point will be enough for them to get Scotland first place in the group,&quot; said Svensson after Tuesday's training session.</p>
<p>Svensson, who broke a long-standing habit by announcing his team in advance of the match, added: &quot;Scotland are also very quick on the break so we have to make sure we don't get caught napping.&quot;</p>
<p>On paper, Sweden have an impressive line-up, with players such as Anderlecht's Per Zetterburg, Leicester City's Pontus Kamark and Bologna's Kennet Andersson making up a squad almost exclusively comprising players who earn their salaries outside Sweden.</p>
<p>Kamark, who marked Brazilian star Juninho out of England's League Cup final this month, could be central to Svensson's bid for a victory. He returns to the national side after 18 months away because of injury.</p>
<p>&quot;It's great to be back and meet the guys again. It's almost like coming home,&quot; said Kamark, hero of Leicester's 1-0 Cup victory against Middlesborough, when he marked the dazzling Juninho out of two games.</p>
<p>Svensson was putting a brave face on his team's recent dismal performance. &quot;We're really looking forward to this match, Now it's time for us to take revenge for all the knocks we took in the autumn,&quot; he said.</p>
<p>&quot;We had a high intensity work-out because the players needed a thorough shake-out,&quot; Svensson told reporters, adding his team would be at full strength for the match.</p>
<p>Sweden lost at home to Austria on October 9 and away to Scotland on Nov 10 and are third in the group.</p>
<p>Scotland lead it and a victory here would mean they would finish no worse than second in the group.</p>
<p>Although they lost 2-0 to Sweden in a friendly in October 1995, Scotland have won their last four World Cup matches against the Swedes.</p>
<p>They beat them 1-0 in a qualifier in Stockholm in 1980 and 2-0 at home a year later. Scotland also beat Sweden 2-1 in the World Cup finals in Italy in 1990, and won again in this competition, 1-0 at home in November.</p>
<p>Teams:</p>
<p>Sweden - Thomas Ravelli; Gary Sundgren, Patrik Andersson, Joachim Bjrklund, Pontus Kamark; Jonas Thern, Per Zetterberg, Stefan Schwarz; Andreas Andersson, Kennet Andersson, Martin Dahlin.</p>
<p>Scotland (probable) - Jim Leighton; Tom Boyd, Craig Burley, Colin Calderwood, Colin Hendry; Tosh McKinlay, Paul Lambert, Gary McAllister; John Collins Kevin Gallacher, Darren Jackson.</p>
</text>
<copyright>(c) Reuters Limited 1997</copyright>
<metadata>
<codes class="bip:countries:1.0">
  <code code="SWED">
    <editdetail attribution="Reuters BIP Coding Group" action="confirmed" date="1997-04-29"/>
  </code>
  <code code="UK">
    <editdetail attribution="Reuters BIP Coding Group" action="confirmed" date="1997-04-29"/>
  </code>
</codes>
<codes class="bip:topics:1.0">
  <code code="GCAT">
    <editdetail attribution="Reuters BIP Coding Group" action="confirmed" date="1997-04-29"/>
  </code>
  <code code="GSPO">
    <editdetail attribution="Reuters BIP Coding Group" action="confirmed" date="1997-04-29"/>
  </code>
</codes>
<dc element="dc.date.created" value="1997-04-29"/>
<dc element="dc.publisher" value="Reuters Holdings Plc"/>
<dc element="dc.date.published" value="1997-04-29"/>
<dc element="dc.source" value="Reuters"/>
<dc element="dc.creator.location" value="GOTHENBURG, Sweden"/>
<dc element="dc.creator.location.country.name" value="SWEDEN"/>
<dc element="dc.source" value="Reuters"/>
</metadata>
</newsitem>
