<?xml version="1.0" encoding="iso-8859-1" ?>
<newsitem itemid="545917" id="root" date="1997-04-29" xml:lang="en">
<title>USA: Trico sees demand for all vessel classes.</title>
<headline>Trico sees demand for all vessel classes.</headline>
<dateline>HOUSTON 1997-04-29</dateline>
<text>
<p>Trico Marine Services Inc said Tuesday it continues to see &quot;healthy demand and higher rates for all the vessel classes&quot; due to strong activity in the Gulf of Mexico.</p>
<p>And the company said its life boat fleet is experiencing improved market conditions for offshore platform repair and maintenance and well-servicing activities.</p>
<p>Trico Marine provides marine support services to the oil and gas industry, primarily in the Gulf of Mexico and Brazil.</p>
</text>
<copyright>(c) Reuters Limited 1997</copyright>
<metadata>
<codes class="bip:countries:1.0">
  <code code="USA">
    <editdetail attribution="Reuters BIP Coding Group" action="confirmed" date="1997-04-29"/>
  </code>
</codes>
<codes class="bip:industries:1.0">
  <code code="I36101">
    <editdetail attribution="Reuters BIP Coding Group" action="confirmed" date="1997-04-29"/>
  </code>
</codes>
<codes class="bip:topics:1.0">
  <code code="C31">
    <editdetail attribution="Reuters BIP Coding Group" action="confirmed" date="1997-04-29"/>
  </code>
  <code code="CCAT">
    <editdetail attribution="Reuters BIP Coding Group" action="confirmed" date="1997-04-29"/>
  </code>
</codes>
<dc element="dc.date.created" value="1997-04-29"/>
<dc element="dc.publisher" value="Reuters Holdings Plc"/>
<dc element="dc.date.published" value="1997-04-29"/>
<dc element="dc.source" value="Reuters"/>
<dc element="dc.creator.location" value="HOUSTON"/>
<dc element="dc.creator.location.country.name" value="USA"/>
<dc element="dc.source" value="Reuters"/>
</metadata>
</newsitem>
