<?xml version="1.0" encoding="iso-8859-1" ?>
<newsitem itemid="545973" id="root" date="1997-04-29" xml:lang="en">
<title>RUSSIA: SOCCER-RUSSIA REINFORCE NEW-LOOK SQUAD AFTER INJURIES.</title>
<headline>SOCCER-RUSSIA REINFORCE NEW-LOOK SQUAD AFTER INJURIES.</headline>
<dateline>MOSCOW 1997-04-29</dateline>
<text>
<p>Injuries have forced Russia coach Boris Ignatyev to bring midfielder Alexei Kosolapov and defender Dmitry Khlestov into a new-look squad for Wednesday's World Cup qualifier against Luxembourg.</p>
<p>Kosolapov, 25, replaces Spartak Moscow's Ilya Tsymbalar, who is ruled out for at least two months by a knee injury.</p>
<p>Spartak's Khlestov, also 25, is a familiar face in the national squad and wins his place back at the expense of the injured Ramiz Mamedov.</p>
<p>Russia are looking for a much-improved performance in Moscow after being held to a 1-1 draw away to Cyprus in their last qualifier and Ignatyev responded by dropping some of his foreign-based players.</p>
<p>Ignatyev said Bologna striker Igor Kolyvanov, Celta Vigo midfielder Alexander Mostovoy and Valencia midfielder Valery Karpin had to give way to younger legs.</p>
<p>But critics say Ignatyev, who took over from Oleg Romantsev after Russia's disastrous performance at Euro 96, has bowed to popular discontent with foreign-based players whose commitment and patriotism have been questioned.</p>
<p>His 23-man squad includes first-time call-ups for in-form CSKA Moscow striker Vladimir Kulik and Alexander Gorshkov, a midfielder from this season's surprise early contenders Zhemchuzhina Sochi.</p>
<p>Also included are youngsters Vitaly Abramov from league leaders Rotor Volgograd and Sergei Grishin of Dynamo Moscow.</p>
<p>Rotor's Denis Zubko is back in the squad, and also recalled are Santander's Vladimir Beschastnykh and Zaragoza's Vladislav Radimov.</p>
<p>Yuri Nikiforov, a defender with good striking qualities but a poor disciplinary record, misses a second game in a row. Out, too, is Alania Vladikavkaz forward Anatoly Kanishchev, who was suspended after failing to show up in Cyprus.</p>
<p>The Russians beat Luxembourg 4-0 last November despite playing most of the match with 10 men. Russia are third in group five with eight points from four matches. Luxembourg are last with no points from four matches.</p>
<p>Squad:</p>
<p>Goalkeepers - Sergei Ovchinnikov (Lokomotiv Moscow), Stanislav Cherchesov (Tirol Innsbruck)</p>
<p>Defenders - Dmitry Khlestov (Spartak Moscow), Maxim Bokov (CSKA Moscow), Igor Chugaynov (Lokomotiv Moscow), Viktor Onopko (Oviedo), Yuri Kovtun (Dynamo Moscow), Dmitry Popov (Compostela).</p>
<p>Midfielders - Andrei Kanchelskis (Fiorentina), Sergei Grishin (Dynamo), Omari Tetradze (Roma), Igor Yanovsky (Alania Vladikavkaz), Valery Kechinov, Dmitry Alenichev (both Spartak), Vitaly Abramov (Rotor Volgograd), Alexander Gorshkov (Zhemchuzhina Sochi), Alexei Kosolapov (Lokomotiv Moscow).</p>
<p>Forwards - Vladimir Kulik (CSKA), Denis Zubko (Rotor), Igor Simutenkov (Reggiana), Vladimir Beschastnykh (Racing Santander), Alexei Gerasimenko (Rostselmash Rostov), Vladislav Radimov (Zaragoza).</p>
</text>
<copyright>(c) Reuters Limited 1997</copyright>
<metadata>
<codes class="bip:countries:1.0">
  <code code="LUX">
    <editdetail attribution="Reuters BIP Coding Group" action="confirmed" date="1997-04-29"/>
  </code>
  <code code="RUSS">
    <editdetail attribution="Reuters BIP Coding Group" action="confirmed" date="1997-04-29"/>
  </code>
</codes>
<codes class="bip:topics:1.0">
  <code code="GCAT">
    <editdetail attribution="Reuters BIP Coding Group" action="confirmed" date="1997-04-29"/>
  </code>
  <code code="GSPO">
    <editdetail attribution="Reuters BIP Coding Group" action="confirmed" date="1997-04-29"/>
  </code>
</codes>
<dc element="dc.date.created" value="1997-04-29"/>
<dc element="dc.publisher" value="Reuters Holdings Plc"/>
<dc element="dc.date.published" value="1997-04-29"/>
<dc element="dc.source" value="Reuters"/>
<dc element="dc.creator.location" value="MOSCOW"/>
<dc element="dc.creator.location.country.name" value="RUSSIA"/>
<dc element="dc.source" value="Reuters"/>
</metadata>
</newsitem>
