<?xml version="1.0" encoding="iso-8859-1" ?>
<newsitem itemid="545968" id="root" date="1997-04-29" xml:lang="en">
<title>UK: SWIMMING-FOUR CHINESE SWIMMERS TEST POSITIVE.</title>
<headline>SWIMMING-FOUR CHINESE SWIMMERS TEST POSITIVE.</headline>
<dateline>LONDON 1997-04-29</dateline>
<text>
<p>Four Chinese swimmers have been banned for two years after positive dope tests at the national championships in January last year.</p>
<p>Cornel Marculescu, director of the world governing body FINA, said in Lausanne on Tuesday that three women and one man had been suspended.</p>
<p>Women swimmer Yu Ran, Pu Shi and Chen Jialin tested positive for an anabolic steroid while Lu Qiang had an illegally high ratio of testosterone to epitestosterone.</p>
<p>Marculescu said China would not be suspended from international competition for two years under a rule passed at last year's Atlanta Olympics because the results had been reported by the Chinese federation.</p>
<p>A nation is suspended only if FINA testers catch the culprits.</p>
<p>Marculescu also said a year's delay in revealing the positive tests was not unusual.</p>
<p>&quot;It's a matter of procedure,&quot; he said. &quot;These cases take a long time.&quot;</p>
<p>The quartet are banned for two years only because the offences were committed before the four-year ban came into force.</p>
<p>Seven Chinese tested positive for anabolic steroids at the 1994 Asian Games a month after the world championships in Rome. World champions Yang Aihua and Lu Bin were among those suspended for two years.</p>
</text>
<copyright>(c) Reuters Limited 1997</copyright>
<metadata>
<codes class="bip:countries:1.0">
  <code code="CHINA">
    <editdetail attribution="Reuters BIP Coding Group" action="confirmed" date="1997-04-29"/>
  </code>
  <code code="UK">
    <editdetail attribution="Reuters BIP Coding Group" action="confirmed" date="1997-04-29"/>
  </code>
</codes>
<codes class="bip:topics:1.0">
  <code code="GCAT">
    <editdetail attribution="Reuters BIP Coding Group" action="confirmed" date="1997-04-29"/>
  </code>
  <code code="GSPO">
    <editdetail attribution="Reuters BIP Coding Group" action="confirmed" date="1997-04-29"/>
  </code>
</codes>
<dc element="dc.date.created" value="1997-04-29"/>
<dc element="dc.publisher" value="Reuters Holdings Plc"/>
<dc element="dc.date.published" value="1997-04-29"/>
<dc element="dc.source" value="Reuters"/>
<dc element="dc.creator.location" value="LONDON"/>
<dc element="dc.creator.location.country.name" value="UK"/>
<dc element="dc.source" value="Reuters"/>
</metadata>
</newsitem>
