<?xml version="1.0" encoding="iso-8859-1" ?>
<newsitem itemid="545953" id="root" date="1997-04-29" xml:lang="en">
<title>SPAIN: SOCCER-CAPELLO TO LEAVE REAL MADRID AFTER RIFT WITH PRESIDENT.</title>
<headline>SOCCER-CAPELLO TO LEAVE REAL MADRID AFTER RIFT WITH PRESIDENT.</headline>
<byline>Richard Bastin</byline>
<dateline>MADRID 1997-04-29</dateline>
<text>
<p>Real Madrid manager Fabio Capello said in a radio interview on Tuesday that he would leave the Spanish club at the end of the season.</p>
<p>The announcement prompted renewed speculation that Capello, who says he has not yet signed with any other team, will return to struggling Italian champions AC Milan.</p>
<p>German coach Jupp Heynckes is the favourite to take over at Real. The Tenerife coach said on Friday that he would not renew his contract at the Canary Islands team, but that he wanted to stay on in Spain and play the European Champions' League.</p>
<p>Capello's announcement had been expected by most Spanish commentators.</p>
<p>&quot;I took the decision to leave only two days ago after a dialogue with the club's managers proved impossible,&quot; he said.</p>
<p>&quot;For a week I have had big doubts whether to stay with Real Madrid or not and I let the president know.&quot;</p>
<p>&quot;One can't work in a squad where one day you talk to the managers and the next it's all in the papers...When people don't behave properly one can't work,&quot; Capello said in an interview with Radio Cope.</p>
<p>He denied recent speculation in the Italian media that he had already signed with AC Milan.</p>
<p>&quot;It is a lie to say I have already signed for someone else,&quot; he told the radio station.</p>
<p>Real Madrid are currently top of the Spanish League, eight points clear of second-placed Barcelona.</p>
<p>&quot;I am going to die to win the league for Real,&quot; added Capello.</p>
<p>At the same time as Capello was speaking, Real Madrid president Lorenzo Sanz was complaining about the behaviour of his manager on another radio station.</p>
<p>&quot;He threatened to work badly to get his contract ended,&quot; said Sanz.</p>
<p>San's remarks have prompted several commentators to suggest that Capello may even be fired from Real before the end of the season. Real travel to second-placed Barcelona for a potentially decisive game on May 10.</p>
<p>Capello joined Real for a reported salary of 1.6 million pounds ($2.6 million) a year last summer, after leading Milan to four Italian titles in five seasons as well as victory in the European Cup in 1994.</p>
<p>Milan also lost two European Cup finals under Capello in 1993 and 1995 as well as two World Club cup finals in 1993 and 1994.</p>
</text>
<copyright>(c) Reuters Limited 1997</copyright>
<metadata>
<codes class="bip:countries:1.0">
  <code code="ITALY">
    <editdetail attribution="Reuters BIP Coding Group" action="confirmed" date="1997-04-29"/>
  </code>
  <code code="SPAIN">
    <editdetail attribution="Reuters BIP Coding Group" action="confirmed" date="1997-04-29"/>
  </code>
</codes>
<codes class="bip:topics:1.0">
  <code code="GCAT">
    <editdetail attribution="Reuters BIP Coding Group" action="confirmed" date="1997-04-29"/>
  </code>
  <code code="GSPO">
    <editdetail attribution="Reuters BIP Coding Group" action="confirmed" date="1997-04-29"/>
  </code>
</codes>
<dc element="dc.date.created" value="1997-04-29"/>
<dc element="dc.publisher" value="Reuters Holdings Plc"/>
<dc element="dc.date.published" value="1997-04-29"/>
<dc element="dc.source" value="Reuters"/>
<dc element="dc.creator.location" value="MADRID"/>
<dc element="dc.creator.location.country.name" value="SPAIN"/>
<dc element="dc.source" value="Reuters"/>
</metadata>
</newsitem>
