<?xml version="1.0" encoding="iso-8859-1" ?>
<newsitem itemid="545996" id="root" date="1997-04-29" xml:lang="en">
<title>FINLAND: ICE HOCKEY-WORLD CHAMPIONSHIP STANDINGS.</title>
<headline>ICE HOCKEY-WORLD CHAMPIONSHIP STANDINGS.</headline>
<dateline>TURKU, Finland 1997-04-29</dateline>
<text>
<p>Ice hockey world</p>
<p>championship standings after Tuesday's games:</p>
<p>Pool A</p>
<p>			     P   W   D   L   F   A  Pts</p>
<p> 1. Finland		3   2   0   1  13   3   4</p>
<p> 2. Czech Republic     2   2   0   0   4   2   4</p>
<p> 2. Russia		 2   1   1   0   7   3   3</p>
<p> 4. Slovakia	     2   1   1   0   7   5   3</p>
<p> 5. France		 2   0   0   2   4  11   0</p>
<p> 6. Germany		3   0   0   3   2  13   0</p>
<p>Pool B</p>
<p> 1. Sweden		 3   3   0   0  16   6   6</p>
<p> 2. U.S.		   2   2   0   0   8   5   4</p>
<p> 3. Canada		 2   1   0   1   9   7   2</p>
<p> 4. Italy		  2   1   0   1   8   9   2</p>
<p> 5. Latvia		 2   0   0   2   8  10   0</p>
<p> 6. Norway		 3   0   0   3   2  14   0</p>
<p>Top three teams qualify for medal round.</p>
</text>
<copyright>(c) Reuters Limited 1997</copyright>
<metadata>
<codes class="bip:countries:1.0">
  <code code="FIN">
    <editdetail attribution="Reuters BIP Coding Group" action="confirmed" date="1997-04-29"/>
  </code>
</codes>
<codes class="bip:topics:1.0">
  <code code="GCAT">
    <editdetail attribution="Reuters BIP Coding Group" action="confirmed" date="1997-04-29"/>
  </code>
  <code code="GSPO">
    <editdetail attribution="Reuters BIP Coding Group" action="confirmed" date="1997-04-29"/>
  </code>
</codes>
<dc element="dc.date.created" value="1997-04-29"/>
<dc element="dc.publisher" value="Reuters Holdings Plc"/>
<dc element="dc.date.published" value="1997-04-29"/>
<dc element="dc.source" value="Reuters"/>
<dc element="dc.creator.location" value="TURKU, Finland"/>
<dc element="dc.creator.location.country.name" value="FINLAND"/>
<dc element="dc.source" value="Reuters"/>
</metadata>
</newsitem>
