<?xml version="1.0" encoding="iso-8859-1" ?>
<newsitem itemid="545984" id="root" date="1997-04-29" xml:lang="en">
<title>USA: BASEBALL-GLAVINE GETS 14-RUNS AND SHUTS OUT DODGERS.</title>
<headline>BASEBALL-GLAVINE GETS 14-RUNS AND SHUTS OUT DODGERS.</headline>
<dateline>ATLANTA 1997-04-29</dateline>
<text>
<p>Tom Glavine pitched seven strong innings and Jeff Blauser and Javier Lopez hit two-run homers as the Atlanta Braves routed the Los Angeles Dodgers, 14-0 on Monday.</p>
<p>Glavine (4-0) allowed just three hits and struck out seven and walked one.</p>
<p>&quot;I'll take 14 runs anytime,&quot; Glavine said. &quot;The results have been good. My first two or three starts, I hadn't been real comfortable.&quot;</p>
<p>The Braves put the game away with four runs in the fourth inning off starter Ramon Martinez (2-2).</p>
<p>Blauser, who was 3-for-3, hit his third homer of the year with one out in the fifth after Lopez led off the inning with a double.</p>
<p>The Braves scored four runs in the eighth, highlighted by pinch-hitter Keith Lockhart's bases-loaded double.</p>
<p>In Chicago, Terry Mulholland and Mel Rojas combined on an eight-hitter and Tyler Houston drove in three runs, leading the Chicago Cubs to their third win in four games, a 5-2 victory over the Montreal Expos.</p>
<p>Mulholland allowed two runs and six hits over eight innings.</p>
<p>&quot;I think the reason I'm successful against Montreal is they're an aggressive hitting team and I'm a guy that likes to throw strikes early in the count,&quot; Mulholland said.</p>
<p>Rojas got his second straight save and second of the season, despite giving up two hits in the ninth.</p>
<p>&quot;It would be foolish for anyone to count us out as a team in this division,&quot; Mulholland said.</p>
<p>In Cincinnati, Rick Reed pitched eight strong innings and was one of 10 Mets with at least one RBI as New York crushed the reeling Cincinnati Reds, 15-2.</p>
<p>Bernard Gilkey had three hits and two RBI and Todd Hundley and Butch Huskey both homered and drove in two runs for the Mets.</p>
<p>Reed, a former replacement player who made the team in spring training, came within three outs of his second straight complete game.  He limited Cincinnati to one unearned run and five hits with a walk and two strikeouts, lowering his ERA to a league-leading 1.03.</p>
<p>&quot;I was pretty nervous before the game, more than usual,&quot; said Reed, a West Virginia native who was pitching before 23 friends and family.</p>
<p>&quot; I went out and did my best.&quot;</p>
<p>At Florida, Gary Sheffield hit a first-inning grand slam and Moises Alou added a grand slam in the sixth and finished with five RBI as the Florida Marlins outslugged the San Diego Padres 12-9 for their fourth straight victory.</p>
<p>The Padres led 7-4 heading into the bottom of the sixth, but the Marlins struck for six runs, including Sheffield's fourth career grand slam off Tim Scott (1-1), and an RBI single by Alou.</p>
<p>Felix Heredia allowed one run and two hits in two innings for his first-major league victory.</p>
<p>Bobby Bonilla went 4-for-4 with three runs scored.</p>
<p>In Philadelphia, Kevin Elster snapped a tie with an RBI single and Joe Randa added a two-run double in a six-run 12th inning, leading the Pittsburgh Pirates to a 9-4 victory over the Philadelphia Phillies.</p>
<p>&quot;He fell behind 3-0 and he threw something that seemed to be down and away,&quot; Elster said.  &quot;It was a fastball or a little cutter.  I knew he had to throw a strike.&quot;</p>
<p>Darren Daulton had four hits for the Phillies, who committed four errors.</p>
<p>In St Louis, Ron Gant had three hits and drove in two runs and Andy Benes went five innings in his first start of the season, helping the St. Louis Cardinals to a 5-2 victory over the San Francisco Giants.</p>
<p>Gant opened the scoring with an RBI single in the first against starter William VanLandingham (1-2). Gant's run-scoring double in the sixth extended the Cardinals' lead to 5-2.</p>
<p>&quot;I don't think about the hits or the RBIs, I think about the production to help the team win,&quot; Gant said. &quot;I think moving to the number two hole has been a blessing.&quot;</p>
<p>In Houston, Vinny Castilla hit a two-out homer in the top of the 10th inning as the Colorado Rockies defeated the Houston Astros, 7-6.</p>
<p>&quot;He's a power pitcher and his best pitch is definitely the fastball,&quot; Castilla said.  &quot;The first one he threw right by me, but I was ready for the second pitch. I made the same swing and caught it.&quot;</p>
<p>&quot;Sometimes guys get a macho feeling,&quot; Colorado manager Don Baylor said. &quot;He probably got caught up in striking out the side.</p>
</text>
<copyright>(c) Reuters Limited 1997</copyright>
<metadata>
<codes class="bip:countries:1.0">
  <code code="USA">
    <editdetail attribution="Reuters BIP Coding Group" action="confirmed" date="1997-04-29"/>
  </code>
</codes>
<codes class="bip:topics:1.0">
  <code code="GCAT">
    <editdetail attribution="Reuters BIP Coding Group" action="confirmed" date="1997-04-29"/>
  </code>
  <code code="GSPO">
    <editdetail attribution="Reuters BIP Coding Group" action="confirmed" date="1997-04-29"/>
  </code>
</codes>
<dc element="dc.date.created" value="1997-04-29"/>
<dc element="dc.publisher" value="Reuters Holdings Plc"/>
<dc element="dc.date.published" value="1997-04-29"/>
<dc element="dc.source" value="Reuters"/>
<dc element="dc.creator.location" value="ATLANTA"/>
<dc element="dc.creator.location.country.name" value="USA"/>
<dc element="dc.source" value="Reuters"/>
</metadata>
</newsitem>
