<?xml version="1.0" encoding="iso-8859-1" ?>
<newsitem itemid="545916" id="root" date="1997-04-29" xml:lang="en">
<title>USA: Bonneville withdraws peak power offers for Wed.</title>
<headline>Bonneville withdraws peak power offers for Wed.</headline>
<dateline>LOS ANGELES 1997-04-29</dateline>
<text>
<p>The Bonneville Power Administration (BPA) withdrew its next-day power offers during peak demand hours for Wednesday, the agency said Tuesday.</p>
<p>BPA continued to offer firm and non-firm power, but only during off-peak demand hours.</p>
<p>Previously, BPA offered 300 megawatts non-firm power during hours ending 1200-1800 PDT and 2200 PDT at $13.00 per megawatt hour (MWh) for Northwest deliveries and $14.00 for Califoria-Oregon border (COB).</p>
<p>Wednesday prices for non-firm power for hours ending at 0600 PDT and 2300 PDT remained unchanged at $9.50 for all deliveries, while prices for hours ending 0100-0500 PDT and 2400 PDT were steady $9.00.</p>
<p>Firm power during off-peak hours on Wednesday was also unchanged at $9.00 per MWh.</p>
<p>((--Los Angeles bureau +1 213 955 6761))</p>
</text>
<copyright>(c) Reuters Limited 1997</copyright>
<metadata>
<codes class="bip:countries:1.0">
  <code code="USA">
    <editdetail attribution="Reuters BIP Coding Group" action="confirmed" date="1997-04-29"/>
  </code>
</codes>
<codes class="bip:industries:1.0">
  <code code="I16100">
    <editdetail attribution="Reuters BIP Coding Group" action="confirmed" date="1997-04-29"/>
  </code>
</codes>
<codes class="bip:topics:1.0">
  <code code="C31">
    <editdetail attribution="Reuters BIP Coding Group" action="confirmed" date="1997-04-29"/>
  </code>
  <code code="CCAT">
    <editdetail attribution="Reuters BIP Coding Group" action="confirmed" date="1997-04-29"/>
  </code>
  <code code="M14">
    <editdetail attribution="Reuters BIP Coding Group" action="confirmed" date="1997-04-29"/>
  </code>
  <code code="M143">
    <editdetail attribution="Reuters BIP Coding Group" action="confirmed" date="1997-04-29"/>
  </code>
  <code code="MCAT">
    <editdetail attribution="Reuters BIP Coding Group" action="confirmed" date="1997-04-29"/>
  </code>
</codes>
<dc element="dc.date.created" value="1997-04-29"/>
<dc element="dc.publisher" value="Reuters Holdings Plc"/>
<dc element="dc.date.published" value="1997-04-29"/>
<dc element="dc.source" value="Reuters"/>
<dc element="dc.creator.location" value="LOS ANGELES"/>
<dc element="dc.creator.location.country.name" value="USA"/>
<dc element="dc.source" value="Reuters"/>
</metadata>
</newsitem>
