<?xml version="1.0" encoding="iso-8859-1" ?>
<newsitem itemid="545948" id="root" date="1997-04-29" xml:lang="en">
<title>ANTIGUA: CRICKET-OPENER GARRICK GETS FIRST WEST INDIES CALL-UP.</title>
<headline>CRICKET-OPENER GARRICK GETS FIRST WEST INDIES CALL-UP.</headline>
<dateline>ST JOHN'S, Antigua 1997-04-29</dateline>
<text>
<p>Young opener Leon Garrick has been called up for the first time by West Indies in his debut season in first-class cricket.</p>
<p>Garrick is in West Indies' squad of 13 for the third one-day match against India in Kingstown, St Vincent, on Wednesday.</p>
<p>The 20-year-old Jamaican batsman has already scored two centuries - 138 in a Red Stripe Cup match against Trinidad and Tobago and 108 for Jamaica in India's opening tour match.</p>
<p>Garrick gets his chance after Phil Simmons, originally picked for the first two one games, was sidelined by injury.</p>
<p>The two teams are level 1-1 in the four-match  series.</p>
<p>Squad: Courtney Walsh (captain), Stuart Williams, Shivnarine Chanderpaul, Brian Lara, Carl Hooper, Roland Holder, Jimmy Adams, Leon Garrick, Courtney Browne, Ottis Gibson, Curtly Ambrose, Franklyn Rose, Mervyn Dillon.</p>
</text>
<copyright>(c) Reuters Limited 1997</copyright>
<metadata>
<codes class="bip:countries:1.0">
  <code code="ANTA">
    <editdetail attribution="Reuters BIP Coding Group" action="confirmed" date="1997-04-29"/>
  </code>
  <code code="INDIA">
    <editdetail attribution="Reuters BIP Coding Group" action="confirmed" date="1997-04-29"/>
  </code>
  <code code="JAMA">
    <editdetail attribution="Reuters BIP Coding Group" action="confirmed" date="1997-04-29"/>
  </code>
  <code code="WEIND">
    <editdetail attribution="Reuters BIP Coding Group" action="confirmed" date="1997-04-29"/>
  </code>
</codes>
<codes class="bip:topics:1.0">
  <code code="GCAT">
    <editdetail attribution="Reuters BIP Coding Group" action="confirmed" date="1997-04-29"/>
  </code>
  <code code="GSPO">
    <editdetail attribution="Reuters BIP Coding Group" action="confirmed" date="1997-04-29"/>
  </code>
</codes>
<dc element="dc.date.created" value="1997-04-29"/>
<dc element="dc.publisher" value="Reuters Holdings Plc"/>
<dc element="dc.date.published" value="1997-04-29"/>
<dc element="dc.source" value="Reuters"/>
<dc element="dc.creator.location" value="ST JOHN'S, Antigua"/>
<dc element="dc.creator.location.country.name" value="ANTIGUA"/>
<dc element="dc.source" value="Reuters"/>
</metadata>
</newsitem>
