<?xml version="1.0" encoding="iso-8859-1" ?>
<newsitem itemid="545949" id="root" date="1997-04-29" xml:lang="en">
<title>SPAIN: SOCCER-ANGRY REAL FANS HURL INSULTS AT CAPELLO.</title>
<headline>SOCCER-ANGRY REAL FANS HURL INSULTS AT CAPELLO.</headline>
<byline>Richard Bastin</byline>
<dateline>MADRID 1997-04-29</dateline>
<text>
<p>Angry Real Madrid fans hurled insults and abuse at coach Fabio Capello on Tuesday when he left the training ground soon after announcing he was quitting the club.</p>
<p>Capello, who only joined Real at the start of the season, confirmed earlier on Tuesday that he was leaving the club at the end of the season -- despite the fact they are poised to win the Spanish League title.</p>
<p>His imminent resignation prompted renewed speculation that he will return to struggling Italian champions AC Milan, who he steered to four victories in five seasons as well as the European Cup in 1994.</p>
<p>&quot;I am sure that Real will win the league, and the Champions' League next season,&quot; said Capello, whose side are eight points clear of Barcelona.</p>
<p>Tenerife coach Jupp Heynckes is the clear favourite to succeed Capello at the Bernabeu stadium.</p>
<p>Real president Lorenzo Sanz, who had hit out at Capello earlier in the day, called an emergency board meeting for later on Tuesday.</p>
<p>But Sanz quashed rumours that he would try to fire Capello.</p>
<p>&quot;We have little to say, we will be all together until the end of the season, and we will give all the necessary support,&quot; said Sanz.</p>
<p>Sanz's words echoed those of his coach earlier in the day.</p>
<p>&quot;The most important thing now is to think of winning the league,&quot; said Capello, who toned down criticisms levelled at Sanz in a radio programme early on Tuesday morning.</p>
<p>Capello's decision to read out a statement, rather than hold a press conference, also led commentators to conclude that he had been warned against inflaming the situation.</p>
<p>Angry Real fans shouted insults at Capello as he left the Real training ground while Sanz had attacked Capello in another radio interview early on Tuesday.</p>
<p>&quot;He threatened to work badly to get the contract ended,&quot; said Sanz, &quot;Capello negotiated with (Barcelona vice-president Joan) Gaspart, he made fun of us.&quot; d brought Capello to Real after a disastrous season in which the six-times European champions had failed to qualify for continental competition for only the second occasion in their illustrious history.</p>
<p>Capello forged a workmanlike outfit whose efficiency contrasted with the stylish anarchy of Bobby Robson's Barcelona.</p>
<p>Capello won over Madrid fans with a 2-0 league victory over Barcelona, but by January there were already rumours of problems with Sanz and the Real board.</p>
<p>Davor Suker and Predrag Mijatovic, both strikers signed by Sanz, are amongst players to have clashed with Capello.</p>
<p>The problems of AC Milan, who crashed out of the Champions' League and are struggling to ensure a UEFA Cup place for next season, increased speculation that Capello would return to Italy to replace Arrigo Sacchi.</p>
<p>Capello is understood to have already laid down guidelines for a new team at Milan.</p>
<p>Argentine midfielder Fernando Redondo and Brazilian left-back Roberto Carlos are rumoured to be amongst Real players on Capello's shopping list.</p>
<p>Ironically Alfonso Perez, the international striker sold off by Real Madrid to Betis in the close season, is another player linked strongly to AC Milan.</p>
</text>
<copyright>(c) Reuters Limited 1997</copyright>
<metadata>
<codes class="bip:countries:1.0">
  <code code="ITALY">
    <editdetail attribution="Reuters BIP Coding Group" action="confirmed" date="1997-04-29"/>
  </code>
  <code code="SPAIN">
    <editdetail attribution="Reuters BIP Coding Group" action="confirmed" date="1997-04-29"/>
  </code>
</codes>
<codes class="bip:topics:1.0">
  <code code="GCAT">
    <editdetail attribution="Reuters BIP Coding Group" action="confirmed" date="1997-04-29"/>
  </code>
  <code code="GSPO">
    <editdetail attribution="Reuters BIP Coding Group" action="confirmed" date="1997-04-29"/>
  </code>
</codes>
<dc element="dc.date.created" value="1997-04-29"/>
<dc element="dc.publisher" value="Reuters Holdings Plc"/>
<dc element="dc.date.published" value="1997-04-29"/>
<dc element="dc.source" value="Reuters"/>
<dc element="dc.creator.location" value="MADRID"/>
<dc element="dc.creator.location.country.name" value="SPAIN"/>
<dc element="dc.source" value="Reuters"/>
</metadata>
</newsitem>
