<?xml version="1.0" encoding="iso-8859-1" ?>
<newsitem itemid="545988" id="root" date="1997-04-29" xml:lang="en">
<title>USA: TENNIS-RAIN WASHES OUT OPENING DAY OF ATLANTA TOURNAMENT.</title>
<headline>TENNIS-RAIN WASHES OUT OPENING DAY OF ATLANTA TOURNAMENT.</headline>
<dateline>ATLANTA, Georgia 1997-04-28</dateline>
<text>
<p>Torrential rains interrupted the opening match of the AT&amp;T Challenge tennis tournament and then washed it away on Monday.</p>
<p>Alejandro Hernandez of Mexico was leading Petr Korda of the Czech Republic 5-4 in the first set before rains postponed further play until Tuesday.</p>
<p>Korda, the fifth seed, and Hernandez, a wild-card opponent, were the only players to take a sodden centre court on Monday evening. The start of their match delayed by over two hours of rain.</p>
<p>The top four seeds will play first-round matches on Tuesday.</p>
<p>Michael Chang, ranked second in the world, leads the 32-player field, followed by second-seeded Jonas Bjorkman of Sweden, third- seeded Jim Courier and fourth-seeded Andre Agassi.</p>
<p>Agassi is playing in his first tournament since his high-profile wedding to actress Brooke Shields.</p>
</text>
<copyright>(c) Reuters Limited 1997</copyright>
<metadata>
<codes class="bip:countries:1.0">
  <code code="USA">
    <editdetail attribution="Reuters BIP Coding Group" action="confirmed" date="1997-04-29"/>
  </code>
</codes>
<codes class="bip:topics:1.0">
  <code code="GCAT">
    <editdetail attribution="Reuters BIP Coding Group" action="confirmed" date="1997-04-29"/>
  </code>
  <code code="GSPO">
    <editdetail attribution="Reuters BIP Coding Group" action="confirmed" date="1997-04-29"/>
  </code>
</codes>
<dc element="dc.date.created" value="1997-04-28"/>
<dc element="dc.publisher" value="Reuters Holdings Plc"/>
<dc element="dc.date.published" value="1997-04-29"/>
<dc element="dc.source" value="Reuters"/>
<dc element="dc.creator.location" value="ATLANTA, Georgia"/>
<dc element="dc.creator.location.country.name" value="USA"/>
<dc element="dc.source" value="Reuters"/>
</metadata>
</newsitem>
