<?xml version="1.0" encoding="iso-8859-1" ?>
<newsitem itemid="545918" id="root" date="1997-04-29" xml:lang="en">
<title>USA: Moog Q2 US profits jump, Int'l profits off.</title>
<headline>Moog Q2 US profits jump, Int'l profits off.</headline>
<dateline>EAST AURORA, N.Y. 1997-04-29</dateline>
<text>
<p>Moog Inc on Tuesday said second quarter U.S. profits rose by 30 percent against the previous year, while international profits fell by 29 percent.</p>
<p>Earlier, the firm reported a second quarter profit of $3.3 million, or $0.45 per share, compared with earnings of $3.0 million, or $0.40 per share in the same quarter a year ago.</p>
<p>The company had fewer shares outstanding this year.</p>
<p>Moog said higher U.S. sales volume and a favorable product mix improved margins in the commercial airplane business. The acquisition of Moog Controls also provided an earnings boost.</p>
<p>Level International sales were affected by the strength of the U.S. dollar, Moog said.</p>
<p>Increased production rates in the company's commercial aircraft sector offset expected declines in military aircraft revenues, the company said.</p>
<p>Moog added that growth in its incoming orders for satellites, industrial hydraulics and entertainment simulation will also add to revenues this year.</p>
<p>Moog is a worldwide manufacturer of precision control components and systems.</p>
</text>
<copyright>(c) Reuters Limited 1997</copyright>
<metadata>
<codes class="bip:countries:1.0">
  <code code="USA">
    <editdetail attribution="Reuters BIP Coding Group" action="confirmed" date="1997-04-29"/>
  </code>
</codes>
<codes class="bip:industries:1.0">
  <code code="I34340">
    <editdetail attribution="Reuters BIP Coding Group" action="confirmed" date="1997-04-29"/>
  </code>
</codes>
<codes class="bip:topics:1.0">
  <code code="C15">
    <editdetail attribution="Reuters BIP Coding Group" action="confirmed" date="1997-04-29"/>
  </code>
  <code code="C151">
    <editdetail attribution="Reuters BIP Coding Group" action="confirmed" date="1997-04-29"/>
  </code>
  <code code="CCAT">
    <editdetail attribution="Reuters BIP Coding Group" action="confirmed" date="1997-04-29"/>
  </code>
</codes>
<dc element="dc.date.created" value="1997-04-29"/>
<dc element="dc.publisher" value="Reuters Holdings Plc"/>
<dc element="dc.date.published" value="1997-04-29"/>
<dc element="dc.source" value="Reuters"/>
<dc element="dc.creator.location" value="EAST AURORA, N.Y."/>
<dc element="dc.creator.location.country.name" value="USA"/>
<dc element="dc.source" value="Reuters"/>
</metadata>
</newsitem>
