<?xml version="1.0" encoding="iso-8859-1" ?>
<newsitem itemid="545970" id="root" date="1997-04-29" xml:lang="en">
<title>ROMANIA: SOCCER-ROMANIA BEAT IRELAND 1-0 IN U-21 EUROPEAN QUALIFIER.</title>
<headline>SOCCER-ROMANIA BEAT IRELAND 1-0 IN U-21 EUROPEAN QUALIFIER.</headline>
<dateline>BUCHAREST 1997-04-29</dateline>
<text>
<p>Romania beat Ireland 1-0</p>
<p>(halftime 1-0) in a European under-21 soccer championship Group</p>
<p>eight qualifier on Tuesday.</p>
<p>Scorer:</p>
<p>Romania - Cornel Frasineanu 15</p>
<p>Attendance: 10,000</p>
<p>    Standings	 P  W  D  L  F  A  Pts</p>
<p>    1. Romania	5  5  0  0  9  4  15</p>
<p>    2. Iceland	4  3  0  1  8  3   9</p>
<p>    3. Ireland	4  2  0  2  8  2   6</p>
<p>    4. Lithuanie    3  0  0  3  2  7   0</p>
<p>    5. Macedonia    4  0  0  4  1 11   0</p>
</text>
<copyright>(c) Reuters Limited 1997</copyright>
<metadata>
<codes class="bip:countries:1.0">
  <code code="IRE">
    <editdetail attribution="Reuters BIP Coding Group" action="confirmed" date="1997-04-29"/>
  </code>
  <code code="ROM">
    <editdetail attribution="Reuters BIP Coding Group" action="confirmed" date="1997-04-29"/>
  </code>
</codes>
<codes class="bip:topics:1.0">
  <code code="GCAT">
    <editdetail attribution="Reuters BIP Coding Group" action="confirmed" date="1997-04-29"/>
  </code>
  <code code="GSPO">
    <editdetail attribution="Reuters BIP Coding Group" action="confirmed" date="1997-04-29"/>
  </code>
</codes>
<dc element="dc.date.created" value="1997-04-29"/>
<dc element="dc.publisher" value="Reuters Holdings Plc"/>
<dc element="dc.date.published" value="1997-04-29"/>
<dc element="dc.source" value="Reuters"/>
<dc element="dc.creator.location" value="BUCHAREST"/>
<dc element="dc.creator.location.country.name" value="ROMANIA"/>
<dc element="dc.source" value="Reuters"/>
</metadata>
</newsitem>
