<?xml version="1.0" encoding="iso-8859-1" ?>
<newsitem itemid="545964" id="root" date="1997-04-29" xml:lang="en">
<title>UK: CRICKET-BENSON AND HEDGES CUP RESULTS.</title>
<headline>CRICKET-BENSON AND HEDGES CUP RESULTS.</headline>
<dateline>LONDON 1997-04-29</dateline>
<text>
<p>Results of rain-delayed Benson and Hedges Cup (5O overs) group matches on Tuesday:</p>
<p>At Lakenham: Derbyshire beat Minor Counties by six wickets. Minor Counties 256-7 in 50 overs (R.Dalton 76, M.Fell 67). Derbyshire 260-4 in 48.1 overs (C.Adams 138).</p>
<p>In Dublin: Ireland beat Middlesex by 46 runs. Ireland 281-4 in 50 overs (H.Cronje 94 not out, J.Curry 75). Middlesex 235 all out in 46.4 overs.  </p>
<p>At Trent Bridge: Nottinghamshire beat Durham by five wickets. Durham 230-5 in 50 overs (D.Boon 64 not out). Nottinghamshire 234-5 in 49.3 overs (G.Archer 111 not out).  </p>
<p>At Old Trafford: Yorkshire beat Lancashire by 49 runs. Yorkshire 203 all out in 48 overs. Lancashire 154 all out in 45.4 overs (N H Fairbrother 64 not out).</p>
</text>
<copyright>(c) Reuters Limited 1997</copyright>
<metadata>
<codes class="bip:countries:1.0">
  <code code="UK">
    <editdetail attribution="Reuters BIP Coding Group" action="confirmed" date="1997-04-29"/>
  </code>
</codes>
<codes class="bip:topics:1.0">
  <code code="GCAT">
    <editdetail attribution="Reuters BIP Coding Group" action="confirmed" date="1997-04-29"/>
  </code>
  <code code="GSPO">
    <editdetail attribution="Reuters BIP Coding Group" action="confirmed" date="1997-04-29"/>
  </code>
</codes>
<dc element="dc.date.created" value="1997-04-29"/>
<dc element="dc.publisher" value="Reuters Holdings Plc"/>
<dc element="dc.date.published" value="1997-04-29"/>
<dc element="dc.source" value="Reuters"/>
<dc element="dc.creator.location" value="LONDON"/>
<dc element="dc.creator.location.country.name" value="UK"/>
<dc element="dc.source" value="Reuters"/>
</metadata>
</newsitem>
