<?xml version="1.0" encoding="iso-8859-1" ?>
<newsitem itemid="545907" id="root" date="1997-04-29" xml:lang="en">
<title>USA: Chrysler offers $400 college student rebate.</title>
<headline>Chrysler offers $400 college student rebate.</headline>
<dateline>AUBURN HILLS, Mich. 1997-04-29</dateline>
<text>
<p>Chrysler Corp., moving to attact college-age buyers, said Tuesday it is mailing 1.9 million certificates to college and graduate students that offer a $400 rebate on any 1996, 1997 or 1998 Chrysler vehicle.</p>
<p>The rebates, valid through December 31, 1997, are in addition to any existing national consumer incentives, Chrysler said.  </p>
<p>Darrell Watts, Chrysler's manager of owner communications, said the college rebate will boost discounts available to students on the Dodge and Plymouth Neon to $1,400.</p>
<p>The rebates are available to all 1995, 1996 or 1997 graduates of two-year, four-year or post graduate degrees from an accredited college, university, U.S. service academy, or registered nursing program.</p>
<p>They also are available to students currently enrolled in a master's or doctoral program or undergraduate college seniors scheduled to graduate within six months.</p>
<p>Chrysler sent mailings to 1.4 million students at their college addresses in April and will send a follow-up mailing to 500,000 at their home addresses in May.</p>
</text>
<copyright>(c) Reuters Limited 1997</copyright>
<metadata>
<codes class="bip:countries:1.0">
  <code code="USA">
    <editdetail attribution="Reuters BIP Coding Group" action="confirmed" date="1997-04-29"/>
  </code>
</codes>
<codes class="bip:industries:1.0">
  <code code="I35101">
    <editdetail attribution="Reuters BIP Coding Group" action="confirmed" date="1997-04-29"/>
  </code>
</codes>
<codes class="bip:topics:1.0">
  <code code="C32">
    <editdetail attribution="Reuters BIP Coding Group" action="confirmed" date="1997-04-29"/>
  </code>
  <code code="CCAT">
    <editdetail attribution="Reuters BIP Coding Group" action="confirmed" date="1997-04-29"/>
  </code>
</codes>
<dc element="dc.date.created" value="1997-04-29"/>
<dc element="dc.publisher" value="Reuters Holdings Plc"/>
<dc element="dc.date.published" value="1997-04-29"/>
<dc element="dc.source" value="Reuters"/>
<dc element="dc.creator.location" value="AUBURN HILLS, Mich."/>
<dc element="dc.creator.location.country.name" value="USA"/>
<dc element="dc.source" value="Reuters"/>
</metadata>
</newsitem>
