<?xml version="1.0" encoding="iso-8859-1" ?>
<newsitem itemid="545979" id="root" date="1997-04-29" xml:lang="en">
<title>TURKEY: SOCCER-TURKEY AND BELGIUM BATTLE FOR SECOND PLACE.</title>
<headline>SOCCER-TURKEY AND BELGIUM BATTLE FOR SECOND PLACE.</headline>
<byline>Jon Hemming</byline>
<dateline>ISTANBUL 1997-04-29</dateline>
<text>
<p>The battle for what will almost certainly be second place in group seven of the European World Cup qualifiers comes to a head in Istanbul on Wednesday.</p>
<p>Turkey, riding high after their defeat of the Netherlands earlier in the month, take on Belgium, who need a win to stamp their authority over the Turks and continue their campaign to reach a place in France next year.</p>
<p>&quot;We've come to Istanbul to get points,&quot; Belgium coach George Leekens told reporters on arrival in Turkey.</p>
<p>With group leaders the Netherlands almost certain to extend their lead after their match with lowly San Marino, a win is important for both the Turks and the Belgians..</p>
<p>With only three qualifiers to play after Wednesday's match, defeat for either country -- but especially the Turks, would seriously hamper their chances of qualifying.</p>
<p>The Netherlands top the group with 12 points from five matches, followed by Belgium on nine from four and Tiurkey seven from four.</p>
<p>&quot;Losing or drawing are not in my vocabulary. The only aim is to win,&quot; Turkey's coach, Mustafa Denizli told reporters.</p>
<p>Turkey, after their 1-0 defeat of the Netherlands, are confident that they can use their home advantage to overcome Belgium.</p>
<p>&quot;We are actually a much better team than Belgium, but we were unlucky in the game before against them, we were lucky against the Dutch, now the luck is even,&quot; Denizli said.</p>
<p>Belgian captain Enzo Scifo is back in Leeken's team after missing the last two games of the campaign due to injury and makes up the only change to the team which beat Wales last month.</p>
<p>Meanwhile, Denizli's squad has been plagued with injuries with key-defender Ilker Yagcioglu, whose cross led to Turkey's goal in the Netherlands match, ruled-out due to a calf-muscle injury.</p>
<p>With other defensive players out through injury or suspension, Denizli has brought in Ali Guncar of Besiktas who is expected to act as sweeper.</p>
<p>Teams (probable):</p>
<p>Turkey - Rustu Recber (Fenerbahce), Ali Guncar, (Besiktas), Bulent Korkmaz (Galatasaray), Tolunay Kafkas (Trabzonspor), Tayfur Havutcu (Kocaelispor), Oguz Cetin (Istanbulspor), Tayfun Korkut (Fenerbahce), Ogun Temizkanoglu (Trabzonspor), Hakan Sukur (Galatasaray), Tugay Kerimoglu (Galatasaray), Celil Sagir (Samsunspor).</p>
<p>Belgium - Filip De Wilde (Sporting Lisbon), Bertrand Crasson (Napoli), Bart De Roover (Lierse), Eric Van Meir (Lierse), Rudy Smidts (Antwerp), Franky Van der Elst (Club Brugge), Lorenzo Staelens (Club Brugge), Enzo Scifo (Monaco), Nico Van Kerckhoven (Lierse), Luis Oliveira (Fiorentina), Emile Lokonda Mpenza (Mouscron).</p>
</text>
<copyright>(c) Reuters Limited 1997</copyright>
<metadata>
<codes class="bip:countries:1.0">
  <code code="BELG">
    <editdetail attribution="Reuters BIP Coding Group" action="confirmed" date="1997-04-29"/>
  </code>
  <code code="FRA">
    <editdetail attribution="Reuters BIP Coding Group" action="confirmed" date="1997-04-29"/>
  </code>
  <code code="NETH">
    <editdetail attribution="Reuters BIP Coding Group" action="confirmed" date="1997-04-29"/>
  </code>
  <code code="TURK">
    <editdetail attribution="Reuters BIP Coding Group" action="confirmed" date="1997-04-29"/>
  </code>
</codes>
<codes class="bip:topics:1.0">
  <code code="GCAT">
    <editdetail attribution="Reuters BIP Coding Group" action="confirmed" date="1997-04-29"/>
  </code>
  <code code="GSPO">
    <editdetail attribution="Reuters BIP Coding Group" action="confirmed" date="1997-04-29"/>
  </code>
</codes>
<dc element="dc.date.created" value="1997-04-29"/>
<dc element="dc.publisher" value="Reuters Holdings Plc"/>
<dc element="dc.date.published" value="1997-04-29"/>
<dc element="dc.source" value="Reuters"/>
<dc element="dc.creator.location" value="ISTANBUL"/>
<dc element="dc.creator.location.country.name" value="TURKEY"/>
<dc element="dc.source" value="Reuters"/>
</metadata>
</newsitem>
