<?xml version="1.0" encoding="iso-8859-1" ?>
<newsitem itemid="545997" id="root" date="1997-04-29" xml:lang="en">
<title>FINLAND: ICE HOCKEY-NYLANDER LEADS SWEDEN TO WIN OVER NORWAY.</title>
<headline>ICE HOCKEY-NYLANDER LEADS SWEDEN TO WIN OVER NORWAY.</headline>
<dateline>TURKU, Finland 1997-04-29</dateline>
<text>
<p>Michael Nylander scored one goal and set up another as Sweden maintained their 100 percent record at the ice hockey world championship with a 4-1 win over Norway on Tuesday.</p>
<p>The victory left Sweden at the top of the pool B  standings with six points. Norway have lost their opening three matches.</p>
<p>Sweden dominated the opening period but fell behind when Matts Trygg intercepted a long clearing pass at the blue line and blasted a low slapshot past surprised netminder Johan Hedberg.</p>
<p>But in the second period the Swedes moved ahead 2-1, wearing down the tired Norwegians who had gone down 3-1 to the United States 24 hours earlier.</p>
<p>Defenceman Marcus Ragnarsson levelled the scores  when his low slap shot from the point found its way past unsighted netminder Robert Schistad.</p>
<p>Nylander, who is expected to join the NHL's Calgary Flames next season, set up the second for Per Eklund with a dazzling move that left a trio of Norwegian defenders looking on in amazement.</p>
<p>With three Norwegians converging on him, Nylander slipped the puck between a defender's legs as he was spun around then regained control and passed it to the unmarked Eklund.</p>
<p>Nylander sealed Norway's fate just 17 seconds into the final period when he stole the puck from Jan-Roar Fagerli then broke in alone on Schistad.</p>
<p>Mattias Ohlund scored Sweden's fourth.</p>
</text>
<copyright>(c) Reuters Limited 1997</copyright>
<metadata>
<codes class="bip:countries:1.0">
  <code code="FIN">
    <editdetail attribution="Reuters BIP Coding Group" action="confirmed" date="1997-04-29"/>
  </code>
  <code code="NORW">
    <editdetail attribution="Reuters BIP Coding Group" action="confirmed" date="1997-04-29"/>
  </code>
  <code code="SWED">
    <editdetail attribution="Reuters BIP Coding Group" action="confirmed" date="1997-04-29"/>
  </code>
</codes>
<codes class="bip:topics:1.0">
  <code code="GCAT">
    <editdetail attribution="Reuters BIP Coding Group" action="confirmed" date="1997-04-29"/>
  </code>
  <code code="GSPO">
    <editdetail attribution="Reuters BIP Coding Group" action="confirmed" date="1997-04-29"/>
  </code>
</codes>
<dc element="dc.date.created" value="1997-04-29"/>
<dc element="dc.publisher" value="Reuters Holdings Plc"/>
<dc element="dc.date.published" value="1997-04-29"/>
<dc element="dc.source" value="Reuters"/>
<dc element="dc.creator.location" value="TURKU, Finland"/>
<dc element="dc.creator.location.country.name" value="FINLAND"/>
<dc element="dc.source" value="Reuters"/>
</metadata>
</newsitem>
