<?xml version="1.0" encoding="iso-8859-1" ?>
<newsitem itemid="545905" id="root" date="1997-04-29" xml:lang="en">
<title>USA: Chicago Miniature says ok with EPS estimate. [CORRECTED 19:00 GMT]</title>
<headline>Chicago Miniature says ok with EPS estimate. [CORRECTED 19:00 GMT]</headline>
<dateline>MARLBOROUGH, Mass. 1997-04-29</dateline>
<text>
<p>Chicago Miniature Lamp Inc said Tuesday at its annual meeting that it expects to report record sales and earnings, and said it is &quot;comfortable&quot; with analysts earnings estimates of $1.10 per share for 1997. (Corrects from $0.10 per share)</p>
<p>The company reported first quarter earnings per share of $0.26. Its earnings per share for the year ended Dec. 1, 1996 was $0.83.</p>
<p>The company said 1997 earnings estimates exclude any potential foreign currency gains, and growth is expected to come internally.</p>
<p>The company said integration of the recently acquired Valmont Electronic is nearly complete, and with the regorganization of its European operations on schedule to be completed by the end of the second quarter, it is expecting improved margins.</p>
<p>The company's annual meeting was held in Marlborough.</p>
</text>
<copyright>(c) Reuters Limited 1997</copyright>
<metadata>
<codes class="bip:countries:1.0">
  <code code="USA">
    <editdetail attribution="Reuters BIP Coding Group" action="confirmed" date="1997-04-29"/>
  </code>
</codes>
<codes class="bip:industries:1.0">
  <code code="I34700">
    <editdetail attribution="Reuters BIP Coding Group" action="confirmed" date="1997-04-29"/>
  </code>
</codes>
<codes class="bip:topics:1.0">
  <code code="C15">
    <editdetail attribution="Reuters BIP Coding Group" action="confirmed" date="1997-04-29"/>
  </code>
  <code code="C152">
    <editdetail attribution="Reuters BIP Coding Group" action="confirmed" date="1997-04-29"/>
  </code>
  <code code="CCAT">
    <editdetail attribution="Reuters BIP Coding Group" action="confirmed" date="1997-04-29"/>
  </code>
</codes>
<dc element="dc.date.created" value="1997-04-29"/>
<dc element="dc.publisher" value="Reuters Holdings Plc"/>
<dc element="dc.date.published" value="1997-04-29"/>
<dc element="dc.source" value="Reuters"/>
<dc element="dc.creator.location" value="MARLBOROUGH, Mass."/>
<dc element="dc.creator.location.country.name" value="USA"/>
<dc element="dc.source" value="Reuters"/>
</metadata>
</newsitem>
