<?xml version="1.0" encoding="iso-8859-1" ?>
<newsitem itemid="545974" id="root" date="1997-04-29" xml:lang="en">
<title>YUGOSLAVIA: SOCCER-YUGOSLAVIA AT FULL STRENGTH FOR SPAIN CLASH.</title>
<headline>SOCCER-YUGOSLAVIA AT FULL STRENGTH FOR SPAIN CLASH.</headline>
<dateline>BELGRADE 1997-04-29</dateline>
<text>
<p>Yugoslavia have shaken off all their major injury worries ahead of their top-of-the-table World Cup qualifier against Spain on Wednesday.</p>
<p>&quot;After several days of uncertainty and medical treatment Dejan Savicevic, Branko Brnovic, Sinisa Mihajlovic, Risto Vidakovic, Zoran Mirkovic are in full health,&quot; coach Slobodan Santrac said.</p>
<p>&quot;Dejan Savicevic is fully fit and we are happy about this as well as about the successful recovery of all the other players in the squad.&quot;</p>
<p>But Drazen Bolic of Partizan Belgrade misses out and will be replaced by Zeljko Petrovic of PSV Eindhoven. Petrovic was due to arrive in Belgrade on Tuesday.</p>
<p>Spanish manager Javier Clemente hopes to have Barcelona defender Sergi Barjuan fit to play in Spain's biggest match of the campaign so far.</p>
<p>Sergi broke a bone in his arm in a Spanish Cup match nearly a month ago but is likely to play on the left side of defence, while Atletico Madrid utility man Juan Lopez is seen as the favourite to take the right side.</p>
<p>Lopez, who has started only seven club games this season, was a surprise choice when named by Clemente but has impressed the Spanish manager in practice sessions.</p>
<p>Real Madrid central defender Rafael Alkorta is also expected to play after shaking off back pains.</p>
<p>&quot;The decision about who finishes first and who finishes second in our group will be made in Belgrade,&quot; Clemente said. &quot;We are in a better position...but you know me. I don't like to waste conventional words because they mean little and it is not my habit to talk about tactics.&quot;</p>
</text>
<copyright>(c) Reuters Limited 1997</copyright>
<metadata>
<codes class="bip:countries:1.0">
  <code code="SPAIN">
    <editdetail attribution="Reuters BIP Coding Group" action="confirmed" date="1997-04-29"/>
  </code>
  <code code="YUG">
    <editdetail attribution="Reuters BIP Coding Group" action="confirmed" date="1997-04-29"/>
  </code>
</codes>
<codes class="bip:topics:1.0">
  <code code="GCAT">
    <editdetail attribution="Reuters BIP Coding Group" action="confirmed" date="1997-04-29"/>
  </code>
  <code code="GSPO">
    <editdetail attribution="Reuters BIP Coding Group" action="confirmed" date="1997-04-29"/>
  </code>
</codes>
<dc element="dc.date.created" value="1997-04-29"/>
<dc element="dc.publisher" value="Reuters Holdings Plc"/>
<dc element="dc.date.published" value="1997-04-29"/>
<dc element="dc.source" value="Reuters"/>
<dc element="dc.creator.location" value="BELGRADE"/>
<dc element="dc.creator.location.country.name" value="YUGOSLAVIA"/>
<dc element="dc.source" value="Reuters"/>
</metadata>
</newsitem>
