<?xml version="1.0" encoding="iso-8859-1" ?>
<newsitem itemid="545990" id="root" date="1997-04-29" xml:lang="en">
<title>FRANCE: SOCCER-LEADING FRENCH LEAGUE SCORERS.</title>
<headline>SOCCER-LEADING FRENCH LEAGUE SCORERS.</headline>
<dateline>PARIS 1997-04-29</dateline>
<text>
<p>Leading scorers in the French</p>
<p>first division after Tuesday's matches:</p>
<p>20 - Stephane Guivarc'h (Rennes)</p>
<p>19 - David Zitelli (Strasbourg)</p>
<p>18 - Japhet N'Doram (Nantes), Sonny Anderson (Monaco)</p>
<p>17 - Anto Drobnjak (Bastia)</p>
<p>16 - Alain Caveglia (Lyon)</p>
<p>15 - Patrice Loko (Paris St Germain)</p>
<p>14 - Xavier Gravelaine (Marseille)</p>
<p>13 - Ibrahim Bakayoko (Montpellier), Pascal Nouma (Strasbourg)</p>
<p>12 - Jean-Pierre Papin (Bordeaux), Miladin Becanovic (Lille),</p>
<p>Ludovic Giuly (Lyon), Victor Ikpeba (Monaco)</p>
</text>
<copyright>(c) Reuters Limited 1997</copyright>
<metadata>
<codes class="bip:countries:1.0">
  <code code="FRA">
    <editdetail attribution="Reuters BIP Coding Group" action="confirmed" date="1997-04-29"/>
  </code>
  <code code="MONAC">
    <editdetail attribution="Reuters BIP Coding Group" action="confirmed" date="1997-04-29"/>
  </code>
</codes>
<codes class="bip:topics:1.0">
  <code code="GCAT">
    <editdetail attribution="Reuters BIP Coding Group" action="confirmed" date="1997-04-29"/>
  </code>
  <code code="GSPO">
    <editdetail attribution="Reuters BIP Coding Group" action="confirmed" date="1997-04-29"/>
  </code>
</codes>
<dc element="dc.date.created" value="1997-04-29"/>
<dc element="dc.publisher" value="Reuters Holdings Plc"/>
<dc element="dc.date.published" value="1997-04-29"/>
<dc element="dc.source" value="Reuters"/>
<dc element="dc.creator.location" value="PARIS"/>
<dc element="dc.creator.location.country.name" value="FRANCE"/>
<dc element="dc.source" value="Reuters"/>
</metadata>
</newsitem>
