<?xml version="1.0" encoding="iso-8859-1" ?>
<newsitem itemid="545950" id="root" date="1997-04-29" xml:lang="en">
<title>GREECE: SOCCER-GREECE AIM TO END CROATIA'S WORLD CUP HOPES.</title>
<headline>SOCCER-GREECE AIM TO END CROATIA'S WORLD CUP HOPES.</headline>
<dateline>SALONIKA 1997-04-29</dateline>
<text>
<p>Greece need to win their World Cup qualifier on Wednesday to turn group one into a straight duel between themselves and Denmark but they are expecting opponents Croatia to put up a fight.</p>
<p>&quot;We want one of the two top positions in our group,&quot; Greek coach Costas Polychroniou told a joint news conference with Croatian coach Miloslav Blasevic.</p>
<p>&quot;If we win, Croatia will be literally out of the race and Denmark will be the only ones chasing us. The Croats play their last card in Salonika and I expect a difficult match,&quot; he said.</p>
<p>Blasevic said the Croats were determined to get a good result from Wednesday's match.</p>
<p>&quot;We came to fight for a good result. If we don't win we lose everything,&quot; he said.</p>
<p>Polychroniou said Greece wanted three wins from their remaining three matches &quot;so that we qualify on our own and don't depend on the results of the others&quot;.</p>
<p>Greece, who scored a precious 1-0 away win in Bosnia earlier this month, will be without defender Yannis Kalitzakis, who is suspended. Otherwise they are at full strength.</p>
<p>Top Greek league scorers Demis Nikolaidis and Costas Franzeskos will lead the Greek attack while suspended defender Nikos Dabizas returns.</p>
<p>&quot;We will attack from the start. As in every other match our aim is an early goal. The Croats are very fast and talented and dangerous in counter-attacks,&quot; Polychroniou said.</p>
<p>Croatia have drafted two Zagreb-based defenders into their side.</p>
<p>Goran Juiric will win his second cap by replacing injured Nikola Jerkan in the libero position while Croatia Zagreb team mate Dario Simic is expected to play in the heart of the defence alongside Slaven Bilic of England's West Ham.</p>
<p>Zvonimir Soldo of Germany's VfB Stuttgart, who played in Croatia's 3-3 draw against Slovenia earlier this month, will move into midfield.</p>
<p>In attack, Blazevic will be able to field Alen Boksic of Juventus, who has fully recovered from a recent injury, and Real Madrid's top scorer Davor Suker.</p>
<p>Croatia have six points from four matches and badly need a win on Wednesday.</p>
<p>Teams:</p>
<p>Greece - Ilias Atmatzidis, Stratos Apostolakis, Michalis Kasapis, Kyriakos Karataidis, Marinos Ouzounidis, Nikos Dabizas, Costas Frantzeskos, Ilias Poursanidis, Thodoros Zagorakis, George Donis, Demis Nikolaidis</p>
<p>Croatia - Tonci Gabric, Zvonimir Soldo, Goran Juiric, Robert Jarni, Dario Simic, Slaven Bilic, Svonimir Boban, Robert Prosinecki, Aljosa Asanovic, Davor Suker, Alen Boksic.</p>
</text>
<copyright>(c) Reuters Limited 1997</copyright>
<metadata>
<codes class="bip:countries:1.0">
  <code code="CRTIA">
    <editdetail attribution="Reuters BIP Coding Group" action="confirmed" date="1997-04-29"/>
  </code>
  <code code="GREECE">
    <editdetail attribution="Reuters BIP Coding Group" action="confirmed" date="1997-04-29"/>
  </code>
</codes>
<codes class="bip:topics:1.0">
  <code code="GCAT">
    <editdetail attribution="Reuters BIP Coding Group" action="confirmed" date="1997-04-29"/>
  </code>
  <code code="GSPO">
    <editdetail attribution="Reuters BIP Coding Group" action="confirmed" date="1997-04-29"/>
  </code>
</codes>
<dc element="dc.date.created" value="1997-04-29"/>
<dc element="dc.publisher" value="Reuters Holdings Plc"/>
<dc element="dc.date.published" value="1997-04-29"/>
<dc element="dc.source" value="Reuters"/>
<dc element="dc.creator.location" value="SALONIKA"/>
<dc element="dc.creator.location.country.name" value="GREECE"/>
<dc element="dc.source" value="Reuters"/>
</metadata>
</newsitem>
