<?xml version="1.0" encoding="iso-8859-1" ?>
<newsitem itemid="545956" id="root" date="1997-04-29" xml:lang="en">
<title>UK: SOCCER-LEAGUE OF WALES RESULTS.</title>
<headline>SOCCER-LEAGUE OF WALES RESULTS.</headline>
<dateline>CARDIFF 1997-04-29</dateline>
<text>
<p>Results of League of Wales</p>
<p>soccer matches on Tuesday:</p>
<p>    Connah's Quay	 1	Caersws	1</p>
<p>    Flint Town	    0	Barry Town   8</p>
<p>    Rhyl		    0	Cemaes Bay   1</p>
<p>    Llansantffraid	4	Bangor City  1</p>
</text>
<copyright>(c) Reuters Limited 1997</copyright>
<metadata>
<codes class="bip:countries:1.0">
  <code code="UK">
    <editdetail attribution="Reuters BIP Coding Group" action="confirmed" date="1997-04-29"/>
  </code>
</codes>
<codes class="bip:topics:1.0">
  <code code="GCAT">
    <editdetail attribution="Reuters BIP Coding Group" action="confirmed" date="1997-04-29"/>
  </code>
  <code code="GSPO">
    <editdetail attribution="Reuters BIP Coding Group" action="confirmed" date="1997-04-29"/>
  </code>
</codes>
<dc element="dc.date.created" value="1997-04-29"/>
<dc element="dc.publisher" value="Reuters Holdings Plc"/>
<dc element="dc.date.published" value="1997-04-29"/>
<dc element="dc.source" value="Reuters"/>
<dc element="dc.creator.location" value="CARDIFF"/>
<dc element="dc.creator.location.country.name" value="UK"/>
<dc element="dc.source" value="Reuters"/>
</metadata>
</newsitem>
