<?xml version="1.0" encoding="iso-8859-1" ?>
<newsitem itemid="545929" id="root" date="1997-04-29" xml:lang="en">
<title>USA: Detroit Purchasing Managers reports April uptick.</title>
<headline>Detroit Purchasing Managers reports April uptick.</headline>
<dateline>DETROIT 1997-04-29</dateline>
<text>
<p>The National Association of Purchasing Management-Metro Detroit reported Tuesday an April composite survey index of 56.9, up slightly from a revised March index of 56.5.</p>
<p>In April 1996 the index, which measures overall business conditions in southeastern Michigan's industrial economy, stood at 52.0</p>
<p>&quot;The economic uptick in April was led by automotive sector production, new order activity, and employment gains,&quot; said David Littmann, senior economist with Detroit-based Comerica Inc, which compiles the survey.  </p>
<p>&quot;Correspondingly, the non-auto sector decelerated in April but remains in an expansion mode,&quot; Littmann said. &quot;Price pressures have risen and likely presage another small interest rate hike next month.&quot;</p>
<p>The purchasing group's automotive composite index rose to 65.4 in April from 53.3 in March, while the non-automotive index fell to 53.2 from 58.2.</p>
<p>The composite survey index is a seasonally adjusted weighted average measure of new orders and productivity, along with employment, inventories and the promptness of supplier company deliveries. A reading below 50 in the 100-point index generally means conditions are deteriorating, while levels above 50 denote expansion.</p>
</text>
<copyright>(c) Reuters Limited 1997</copyright>
<metadata>
<codes class="bip:countries:1.0">
  <code code="USA">
    <editdetail attribution="Reuters BIP Coding Group" action="confirmed" date="1997-04-29"/>
  </code>
</codes>
<codes class="bip:topics:1.0">
  <code code="E31">
    <editdetail attribution="Reuters BIP Coding Group" action="confirmed" date="1997-04-29"/>
  </code>
  <code code="ECAT">
    <editdetail attribution="Reuters BIP Coding Group" action="confirmed" date="1997-04-29"/>
  </code>
</codes>
<dc element="dc.date.created" value="1997-04-29"/>
<dc element="dc.publisher" value="Reuters Holdings Plc"/>
<dc element="dc.date.published" value="1997-04-29"/>
<dc element="dc.source" value="Reuters"/>
<dc element="dc.creator.location" value="DETROIT"/>
<dc element="dc.creator.location.country.name" value="USA"/>
<dc element="dc.source" value="Reuters"/>
</metadata>
</newsitem>
