<?xml version="1.0" encoding="iso-8859-1" ?>
<newsitem itemid="545969" id="root" date="1997-04-29" xml:lang="en">
<title>SOUTH AFRICA: CRICKET-STANDARD BANK AVERAGES.</title>
<headline>CRICKET-STANDARD BANK AVERAGES.</headline>
<dateline>JOHANNESBURG 1997-04-29</dateline>
<text>
<p>Averages from the one day</p>
<p>Standard Bank Cup and League cricket competitions issued by the</p>
<p>United Cricket Board on Tuesday.</p>
<p>Batting (tabulate under matches, innings, not outs, runs</p>
<p>highest score, average, 50s, 100s)</p>
<p> L.Vorster (North West)	   9  8  4  392   92  98.00  0  5</p>
<p> A.Bacher (Transvaal)	    11 11  1  605  140  60.50  2  3</p>
<p> J.Commins (W.Province)	   8  8  3  296   84* 59.20  0  3</p>
<p> M.Rindel (N.Transvaal)	  14 14  1  766  121  58.92  3  4</p>
<p> D.Watson (Natal)		  12 12  0  624   93  52.00  0  8</p>
<p> G.Liebenberg (Free State)     10  8  2  300   85* 50.00  0  3</p>
<p> M.Venter (North West)	    8  7  2  247   95* 49.40  0  2</p>
<p> G.Victor (E.Province)	   10  9  1  387   78  48.38  0  4</p>
<p> G.Hewitt (North West)	    9  9  1  377  108  47.13  1  3</p>
<p> K.Wessels (E.Province)	  10  9  3  271   91  45.17  0  2</p>
<p>Bowling (tabulate under overs, maidens, runs, wickets,</p>
<p>average, best bowling, four wickets in an innings)</p>
<p> H.Williams (Boland)		36  1  151  12  12.58  4-35  1</p>
<p> E.Simons (W.Province)	 109.3 16  405  30  13.50  4-17  2</p>
<p> P.Symcox (Natal)		   69  7  203  14  14.50  3-11  0</p>
<p> W.Kidwell (Transvaal)	    67  4  296  20  14.80  5-36  2</p>
<p> R.Telemachus (Boland)	  56.2  4  236  15  15.73  5-54  1</p>
<p> M.Hayward (E.Province)	   82  5  385  24  16.04  5-40  2</p>
<p> R.Bryson (N.Transvaal)	 93.4  6  419  24  17.46  4-17  2</p>
<p> S.Elworthy (N.Transvaal)	 95  8  377  21  17.95  4-23  1</p>
<p> N.Johnson (Natal)		65.5  1  262  14  18.71  4-19  1</p>
<p> D.Benkenstein (Natal)	  54.2  3  248  13  19.08  4-23  1</p>
<p>Leading wicketkeepers  (tabulate under caught, stumped,</p>
<p>total)</p>
<p> P.Kirsten (W.Province)	   27  0  27</p>
<p> K.Forde (Natal)		    18  6  24</p>
<p> W.Bossenger (Griqualand W.)    15  3  18</p>
<p> G.Morgan (E.Province)	    11  3  14</p>
<p> P.Radley (Free State)	    11  3  14</p>
<p>Leading fielders</p>
<p> H.Ackerman (W.Province)	  9</p>
<p> C.Eksteen (Transvaal)	    8</p>
<p> D.de Vos (N.Transvaal)	   7</p>
<p> D.Rundle (W.Province)	    7</p>
<p>M.van Jaarsveld (N.Transvaal)  7</p>
</text>
<copyright>(c) Reuters Limited 1997</copyright>
<metadata>
<codes class="bip:countries:1.0">
  <code code="SAFR">
    <editdetail attribution="Reuters BIP Coding Group" action="confirmed" date="1997-04-29"/>
  </code>
</codes>
<codes class="bip:topics:1.0">
  <code code="GCAT">
    <editdetail attribution="Reuters BIP Coding Group" action="confirmed" date="1997-04-29"/>
  </code>
  <code code="GSPO">
    <editdetail attribution="Reuters BIP Coding Group" action="confirmed" date="1997-04-29"/>
  </code>
</codes>
<dc element="dc.date.created" value="1997-04-29"/>
<dc element="dc.publisher" value="Reuters Holdings Plc"/>
<dc element="dc.date.published" value="1997-04-29"/>
<dc element="dc.source" value="Reuters"/>
<dc element="dc.creator.location" value="JOHANNESBURG"/>
<dc element="dc.creator.location.country.name" value="SOUTH AFRICA"/>
<dc element="dc.source" value="Reuters"/>
</metadata>
</newsitem>
