<?xml version="1.0" encoding="iso-8859-1" ?>
<newsitem itemid="545900" id="root" date="1997-04-29" xml:lang="en">
<title>USA: Designer Holdings gets $200 mln credit line.</title>
<headline>Designer Holdings gets $200 mln credit line.</headline>
<dateline>NEW YORK 1997-04-29</dateline>
<text>
<p>Designer Holdings Ltd, which reporting lower first quarter earnings Tuesday, said it had received a commitment from NationsBank Corp for a $200 million revolving credit facility.</p>
<p>The Calvin Klein licensee said the facliity is designed to lower interest costs and provide a funding basket of $150 million over five years that could be used for acquisitions.  </p>
<p>For the first quarter, the company incurred interest expense of $778,000, just 0.6 percent of the period's net sales of $122.5 million. Net sales were $114.6 million a year ago.</p>
<p>Gross margin for the quarter was $46.98 million or 38.3 percent of net sales, which compares with $43.8 million and 38.2 percent a year ago.</p>
<p>&quot;Our business is built upon a healthy balance sheet and growing margins,&quot; said Arnold Simon, president and chief executive officer. He reiterated the company was seeking new ways to increase its Calvin Klein business while pursuing new acquisitions and licensing opportunities.</p>
</text>
<copyright>(c) Reuters Limited 1997</copyright>
<metadata>
<codes class="bip:countries:1.0">
  <code code="USA">
    <editdetail attribution="Reuters BIP Coding Group" action="confirmed" date="1997-04-29"/>
  </code>
</codes>
<codes class="bip:industries:1.0">
  <code code="I45300">
    <editdetail attribution="Reuters BIP Coding Group" action="confirmed" date="1997-04-29"/>
  </code>
</codes>
<codes class="bip:topics:1.0">
  <code code="C17">
    <editdetail attribution="Reuters BIP Coding Group" action="confirmed" date="1997-04-29"/>
  </code>
  <code code="C173">
    <editdetail attribution="Reuters BIP Coding Group" action="confirmed" date="1997-04-29"/>
  </code>
  <code code="CCAT">
    <editdetail attribution="Reuters BIP Coding Group" action="confirmed" date="1997-04-29"/>
  </code>
</codes>
<dc element="dc.date.created" value="1997-04-29"/>
<dc element="dc.publisher" value="Reuters Holdings Plc"/>
<dc element="dc.date.published" value="1997-04-29"/>
<dc element="dc.source" value="Reuters"/>
<dc element="dc.creator.location" value="NEW YORK"/>
<dc element="dc.creator.location.country.name" value="USA"/>
<dc element="dc.source" value="Reuters"/>
</metadata>
</newsitem>
