<?xml version="1.0" encoding="iso-8859-1" ?>
<newsitem itemid="545910" id="root" date="1997-04-29" xml:lang="en">
<title>USA: Furniture Brands International Q1 net up.</title>
<headline>Furniture Brands International Q1 net up.</headline>
<dateline>ST. LOUIS 1997-04-29</dateline>
<text>
<p>1997			1996</p>
<p> Shr			  $0.27		    $0.19</p>
<p> Net			 17,059		   10,847</p>
<p> Revs		     449,861		  423,947</p>
<p> Avg shrs		  63,732		   55,982</p>
<p>(All data above 000s except per share numbers)</p>
<p>NOTE: EPS adjusted to remove depreciation and amortization related to 1992 asset revaluation, net of taxes, would be $0.32 for Q1 1997 and $0.25 for Q1 1996.</p>
<p>Full co name is Furniture Brands International Inc.</p>
<p>((--Chicago Newsdesk 312-408-8787))</p>
</text>
<copyright>(c) Reuters Limited 1997</copyright>
<metadata>
<codes class="bip:countries:1.0">
  <code code="USA">
    <editdetail attribution="Reuters BIP Coding Group" action="confirmed" date="1997-04-29"/>
  </code>
</codes>
<codes class="bip:industries:1.0">
  <code code="I45300">
    <editdetail attribution="Reuters BIP Coding Group" action="confirmed" date="1997-04-29"/>
  </code>
</codes>
<codes class="bip:topics:1.0">
  <code code="C15">
    <editdetail attribution="Reuters BIP Coding Group" action="confirmed" date="1997-04-29"/>
  </code>
  <code code="C151">
    <editdetail attribution="Reuters BIP Coding Group" action="confirmed" date="1997-04-29"/>
  </code>
  <code code="CCAT">
    <editdetail attribution="Reuters BIP Coding Group" action="confirmed" date="1997-04-29"/>
  </code>
</codes>
<dc element="dc.date.created" value="1997-04-29"/>
<dc element="dc.publisher" value="Reuters Holdings Plc"/>
<dc element="dc.date.published" value="1997-04-29"/>
<dc element="dc.source" value="Reuters"/>
<dc element="dc.creator.location" value="ST. LOUIS"/>
<dc element="dc.creator.location.country.name" value="USA"/>
<dc element="dc.source" value="Reuters"/>
</metadata>
</newsitem>
