<?xml version="1.0" encoding="iso-8859-1" ?>
<newsitem itemid="545983" id="root" date="1997-04-29" xml:lang="en">
<title>USA: NBA BASKETBALL-MONDAY'S PLAYOFF RESULTS.</title>
<headline>NBA BASKETBALL-MONDAY'S PLAYOFF RESULTS.</headline>
<dateline>NEW YORK 1997-04-29</dateline>
<text>
<p>Results of first-round NBA</p>
<p>playoff games on Monday (home team in CAPS):</p>
<p>		  Eastern Conference</p>
<p> NEW YORK	   104  Charlotte	 95</p>
<p>(New York won best-of-five series 3-0)</p>
<p>		  Western Conference</p>
<p> UTAH		 104  La Clippers     92</p>
<p>(Utah won best-of-five series 3-0)</p>
</text>
<copyright>(c) Reuters Limited 1997</copyright>
<metadata>
<codes class="bip:countries:1.0">
  <code code="USA">
    <editdetail attribution="Reuters BIP Coding Group" action="confirmed" date="1997-04-29"/>
  </code>
</codes>
<codes class="bip:topics:1.0">
  <code code="GCAT">
    <editdetail attribution="Reuters BIP Coding Group" action="confirmed" date="1997-04-29"/>
  </code>
  <code code="GSPO">
    <editdetail attribution="Reuters BIP Coding Group" action="confirmed" date="1997-04-29"/>
  </code>
</codes>
<dc element="dc.date.created" value="1997-04-29"/>
<dc element="dc.publisher" value="Reuters Holdings Plc"/>
<dc element="dc.date.published" value="1997-04-29"/>
<dc element="dc.source" value="Reuters"/>
<dc element="dc.creator.location" value="NEW YORK"/>
<dc element="dc.creator.location.country.name" value="USA"/>
<dc element="dc.source" value="Reuters"/>
</metadata>
</newsitem>
