<?xml version="1.0" encoding="iso-8859-1" ?>
<newsitem itemid="545927" id="root" date="1997-04-29" xml:lang="en">
<title>USA: York Group Q1 net falls.</title>
<headline>York Group Q1 net falls.</headline>
<dateline>HOUSTON 1997-04-29</dateline>
<text>
<p>(In thousands, except share and per share data)</p>
<p>			   (Unaudited)</p>
<p>					   Three Months Ended March 31,</p>
<p>						  1997		  1996</p>
<p> Net sales				$ 43,007	     $ 38,666</p>
<p> Cost of sales			    32,365		 29,853</p>
<p>   Gross profit			   10,642		  8,813</p>
<p>Selling, general and</p>
<p>  administrative expenses		4,496		  2,812</p>
<p>   Operating income			6,146		  6,001</p>
<p> Interest expense, net		   (122)		  (690)</p>
<p> Income before income taxes	    6,024		  5,311</p>
<p> Income tax provision		    2,259		  1,988</p>
<p> Net income				  3,765		  3,323</p>
<p> Earnings per share			 0.46		   0.58</p>
<p> Average shares outstanding	8,172,591	    5,709,437</p>
<p>-- New York Newsdesk 212 859-1610</p>
</text>
<copyright>(c) Reuters Limited 1997</copyright>
<metadata>
<codes class="bip:countries:1.0">
  <code code="USA">
    <editdetail attribution="Reuters BIP Coding Group" action="confirmed" date="1997-04-29"/>
  </code>
</codes>
<codes class="bip:industries:1.0">
  <code code="I46700">
    <editdetail attribution="Reuters BIP Coding Group" action="confirmed" date="1997-04-29"/>
  </code>
</codes>
<codes class="bip:topics:1.0">
  <code code="C15">
    <editdetail attribution="Reuters BIP Coding Group" action="confirmed" date="1997-04-29"/>
  </code>
  <code code="C151">
    <editdetail attribution="Reuters BIP Coding Group" action="confirmed" date="1997-04-29"/>
  </code>
  <code code="CCAT">
    <editdetail attribution="Reuters BIP Coding Group" action="confirmed" date="1997-04-29"/>
  </code>
</codes>
<dc element="dc.date.created" value="1997-04-29"/>
<dc element="dc.publisher" value="Reuters Holdings Plc"/>
<dc element="dc.date.published" value="1997-04-29"/>
<dc element="dc.source" value="Reuters"/>
<dc element="dc.creator.location" value="HOUSTON"/>
<dc element="dc.creator.location.country.name" value="USA"/>
<dc element="dc.source" value="Reuters"/>
</metadata>
</newsitem>
