<?xml version="1.0" encoding="iso-8859-1" ?>
<newsitem itemid="545987" id="root" date="1997-04-29" xml:lang="en">
<title>USA: BASEBALL-YANKEES RALLY TO BEAT MARINERS.</title>
<headline>BASEBALL-YANKEES RALLY TO BEAT MARINERS.</headline>
<dateline>NEW YORK 1997-04-29</dateline>
<text>
<p>Joe Girardi led off the bottom of the eighth inning with a home run, and the Yankees rallied from two runs down for their third straight victory, beating the Seattle Mariners 6-5 on Monday.</p>
<p>Girardi, who had just two homers in 422 at-bats last season, lined a 3-2 pitch from reliever Bobby Ayala over the centre-field fence for his first homer of the season to break a 5-5 tie.</p>
<p>Tim Raines had two hits and two RBI for the Yankees, who have won eight of their last 10 games. The much-maligned New York bullpen retired the last 13 batters.</p>
<p>Former Mariner Jeff Nelson (1-3) worked a perfect eighth, and Mariano Rivera retired pinch-hitter Joey Cora, Alex Rodriguez and Ken Griffey Jr. in the ninth for his seventh save.</p>
<p>Edgar Martinez hit a two-run homer of Kenny Rogers in the third inning for Seattle.</p>
<p>In Milwaukee, Eddy Diaz's two-run double capped a five-run first as the Milwaukee Brewers scored 13 runs in the first three innings and ripped the Texas Rangers 14-8, snapping their five-game winning streak.</p>
<p>Marc Newfield had four RBI while Diaz and Dave Nilsson drove in three runs apiece for Milwaukee.</p>
<p>&quot;lt got a little too close from comfort in the latter part of the ballgame,&quot; &quot;Milwaukee manager Phil Garner said. &quot;We just couldn't get the ball over the plate. When they did, they were coming from behind (in the count) with fastballs.&quot;</p>
<p>Ben McDonald (3-2) laboured to the victory, allowing seven runs and nine hits in 5-2/3 innings. He was chased in a five-run sixth as Texas closed within 13-7.</p>
<p>Angel Miranda, Jose Mercedes and Sean Maloney allowed one run over the final 3-2/3 innings.</p>
<p>Darren Oliver (1-2) failed to make it out of the first, allowing five runs -- four earned -- and four hits in 2/3 innings with two walks.</p>
<p>Ivan Rodriguez went 2-for-5, extending his hitting streak to 14 games, the best in the American League this season.</p>
</text>
<copyright>(c) Reuters Limited 1997</copyright>
<metadata>
<codes class="bip:countries:1.0">
  <code code="USA">
    <editdetail attribution="Reuters BIP Coding Group" action="confirmed" date="1997-04-29"/>
  </code>
</codes>
<codes class="bip:topics:1.0">
  <code code="GCAT">
    <editdetail attribution="Reuters BIP Coding Group" action="confirmed" date="1997-04-29"/>
  </code>
  <code code="GSPO">
    <editdetail attribution="Reuters BIP Coding Group" action="confirmed" date="1997-04-29"/>
  </code>
</codes>
<dc element="dc.date.created" value="1997-04-29"/>
<dc element="dc.publisher" value="Reuters Holdings Plc"/>
<dc element="dc.date.published" value="1997-04-29"/>
<dc element="dc.source" value="Reuters"/>
<dc element="dc.creator.location" value="NEW YORK"/>
<dc element="dc.creator.location.country.name" value="USA"/>
<dc element="dc.source" value="Reuters"/>
</metadata>
</newsitem>
