<?xml version="1.0" encoding="iso-8859-1" ?>
<newsitem itemid="545942" id="root" date="1997-04-29" xml:lang="en">
<title>YUGOSLAVIA: SOCCER-SPAIN BEAT YUGOSLAVIA 2-1 IN U-21 EUROPEAN QUALIFIER.</title>
<headline>SOCCER-SPAIN BEAT YUGOSLAVIA 2-1 IN U-21 EUROPEAN QUALIFIER.</headline>
<dateline>NOVI SAD, Yugoslavia 1997-04-29</dateline>
<text>
<p>Yugoslavia lost</p>
<p>1-2 to Spain (halftime 0-1) in an under-21 European soccer</p>
<p>championship group six qualifier on Tuesday.</p>
<p>Scorers:</p>
<p>Yugoslavia - Mihajlo Pjanovic 53</p>
<p>Spain - Roger Garcia 20 pen, Jose Moreno 50</p>
<p>Attendance: 5,000</p>
<p>    Standings   P  W  D  L   F  A  Pts</p>
<p> Spain	    6  5  1  0  10  3   16</p>
<p> Yugoslavia     5  3  0  2   6  3    9</p>
<p> Slovakia	 3  2  1  0  10  1    7</p>
<p> Czech Republic 4  1  0  3   7  6    3</p>
<p> Malta	    6  0  0  6   0 21    0</p>
</text>
<copyright>(c) Reuters Limited 1997</copyright>
<metadata>
<codes class="bip:countries:1.0">
  <code code="SPAIN">
    <editdetail attribution="Reuters BIP Coding Group" action="confirmed" date="1997-04-29"/>
  </code>
  <code code="YUG">
    <editdetail attribution="Reuters BIP Coding Group" action="confirmed" date="1997-04-29"/>
  </code>
</codes>
<codes class="bip:topics:1.0">
  <code code="GCAT">
    <editdetail attribution="Reuters BIP Coding Group" action="confirmed" date="1997-04-29"/>
  </code>
  <code code="GSPO">
    <editdetail attribution="Reuters BIP Coding Group" action="confirmed" date="1997-04-29"/>
  </code>
</codes>
<dc element="dc.date.created" value="1997-04-29"/>
<dc element="dc.publisher" value="Reuters Holdings Plc"/>
<dc element="dc.date.published" value="1997-04-29"/>
<dc element="dc.source" value="Reuters"/>
<dc element="dc.creator.location" value="NOVI SAD, Yugoslavia"/>
<dc element="dc.creator.location.country.name" value="YUGOSLAVIA"/>
<dc element="dc.source" value="Reuters"/>
</metadata>
</newsitem>
