<?xml version="1.0" encoding="iso-8859-1" ?>
<newsitem itemid="545954" id="root" date="1997-04-29" xml:lang="en">
<title>ROMANIA: SOCCER-ROMANIA SEEK CLEAN SHEET AND SIXTH STRAIGHT WIN.</title>
<headline>SOCCER-ROMANIA SEEK CLEAN SHEET AND SIXTH STRAIGHT WIN.</headline>
<dateline>BUCHAREST 1997-04-29</dateline>
<text>
<p>Romania look to keep another clean sheet and chalk up their sixth straight victory in World Cup qualifying matches when they meet Ireland in Bucharest in Wednesday.</p>
<p>The Romanians have taken a maximum 15 points from their games so far and boast a goal tally of 19-0.</p>
<p>Victory on Wednesday would take them eight points clear of second-placed Macedonia with four matches left.</p>
<p>But despite their dominance in group eight, coach  Anghel Iordanescu said he would settle for a draw.</p>
<p>&quot;Romania want to win the game against Ireland but a draw would also be good for our progress towards the World Cup finals,&quot; he said.</p>
<p>&quot;Despite our previous results the game will be considerably difficult because for Ireland this is one of their last chances to qualify.&quot;</p>
<p>Romania will be without midfielders Costel Galca and Ionut Lupescu.</p>
<p>Galca is suspended while Borussia Moenchengladbach's Lupescu has declined to play because he was left on the bench for the 1-0 victory over Lithuania last month.</p>
<p>Barcelona midfielder Gheorghe Popescu is rapidly recovering from a foot injury and doctors said he would probably be able to play.</p>
<p>&quot;We'll decide if Popescu starts or not on Wednesday morning,&quot; Iordanescu said. &quot;We'll be happy to have him even for a half.&quot;</p>
<p>Ireland lost 3-2 in Macedonia last month and desperately need points in Bucharest.</p>
<p>&quot;A draw would be a good result for us and it could preserve Ireland's bid for the second place of the group eight final standings,&quot; Irish trainer Mick McCarthy said.</p>
<p>McCarthy had to draft 17-year-old Richard Dunne into the squad after failing to track down Liverpool defender Phil Babb.</p>
<p>Babb was called up on Friday but the Irish management team could not contact him to let him know in time for him to join the party before they left Dublin.</p>
<p>&quot;If you know where Babb is, please let me know,&quot; McCarthy told reporters minutes after arriving in Bucharest.</p>
<p>Babb's Liverpool team mate Jason McAteer is suspended and Alan McLoughlin of Portsmouth is out injured.</p>
<p>McCarthy hinted that defender Gary Kelly will be assigned the task of man-marking Gheorghe Hagi.</p>
<p>&quot;I watched Gary do a great job on Paul Merson when Leeds played Arsenal in an F.A. Cup tie and I've no doubt that he can give the Romanians problems,&quot; McCarthy said.</p>
<p>&quot;My feeling is that if we stop Hagi we've got a chance.&quot;</p>
<p>Teams (probable):</p>
<p>Romania - Bogdan Stelea, Dan Petrescu, Anton Dobos, Daniel Prodan, Tibor Selymess, Gheorghe Hagi, Gheorghe Popescu, Iosif Rotariu, Dorinel Munteanu, Ion Vladoiu, Viorel Moldovan</p>
<p>Ireland - Alan Kelly, Denis Irwin, Gary Breen, Jeff Kenna, Terry Phelan, Ray Houghton, Roy Keane, Alan Moore, Steve Staunton, Mark Kennedy, Tony Cascarino. REUTER</p>
</text>
<copyright>(c) Reuters Limited 1997</copyright>
<metadata>
<codes class="bip:countries:1.0">
  <code code="IRE">
    <editdetail attribution="Reuters BIP Coding Group" action="confirmed" date="1997-04-29"/>
  </code>
  <code code="ROM">
    <editdetail attribution="Reuters BIP Coding Group" action="confirmed" date="1997-04-29"/>
  </code>
</codes>
<codes class="bip:topics:1.0">
  <code code="GCAT">
    <editdetail attribution="Reuters BIP Coding Group" action="confirmed" date="1997-04-29"/>
  </code>
  <code code="GSPO">
    <editdetail attribution="Reuters BIP Coding Group" action="confirmed" date="1997-04-29"/>
  </code>
</codes>
<dc element="dc.date.created" value="1997-04-29"/>
<dc element="dc.publisher" value="Reuters Holdings Plc"/>
<dc element="dc.date.published" value="1997-04-29"/>
<dc element="dc.source" value="Reuters"/>
<dc element="dc.creator.location" value="BUCHAREST"/>
<dc element="dc.creator.location.country.name" value="ROMANIA"/>
<dc element="dc.source" value="Reuters"/>
</metadata>
</newsitem>
