<?xml version="1.0" encoding="iso-8859-1" ?>
<newsitem itemid="545998" id="root" date="1997-04-29" xml:lang="en">
<title>FRANCE: SOCCER-FRENCH LEAGUE RESULTS.</title>
<headline>SOCCER-FRENCH LEAGUE RESULTS.</headline>
<dateline>PARIS 1997-04-29</dateline>
<text>
<p>Results of French first division</p>
<p>matches on Tuesday:</p>
<p> Caen	   0  Montpellier    1</p>
<p>Strasbourg v Monaco 1830 GMT kickoff</p>
</text>
<copyright>(c) Reuters Limited 1997</copyright>
<metadata>
<codes class="bip:countries:1.0">
  <code code="FRA">
    <editdetail attribution="Reuters BIP Coding Group" action="confirmed" date="1997-04-29"/>
  </code>
  <code code="MONAC">
    <editdetail attribution="Reuters BIP Coding Group" action="confirmed" date="1997-04-29"/>
  </code>
</codes>
<codes class="bip:topics:1.0">
  <code code="GCAT">
    <editdetail attribution="Reuters BIP Coding Group" action="confirmed" date="1997-04-29"/>
  </code>
  <code code="GSPO">
    <editdetail attribution="Reuters BIP Coding Group" action="confirmed" date="1997-04-29"/>
  </code>
</codes>
<dc element="dc.date.created" value="1997-04-29"/>
<dc element="dc.publisher" value="Reuters Holdings Plc"/>
<dc element="dc.date.published" value="1997-04-29"/>
<dc element="dc.source" value="Reuters"/>
<dc element="dc.creator.location" value="PARIS"/>
<dc element="dc.creator.location.country.name" value="FRANCE"/>
<dc element="dc.source" value="Reuters"/>
</metadata>
</newsitem>
