<?xml version="1.0" encoding="iso-8859-1" ?>
<newsitem itemid="545967" id="root" date="1997-04-29" xml:lang="en">
<title>UK: GOLF-INDIA DROPPED FROM ALFRED DUNHILL CUP.</title>
<headline>GOLF-INDIA DROPPED FROM ALFRED DUNHILL CUP.</headline>
<dateline>LONDON 1997-04-29</dateline>
<text>
<p>India, who produced one of the shocks of the 1996 Alfred Dunhill Cup at St Andrews by beating Scotland, have been dropped from this year's event.</p>
<p>The unheralded Indian trio of Ali Sher, Gaurav Ghei and Jeev Singh were complete outsiders when they made their debut last year.</p>
<p>After losing narrowly to Zimbabwe in their first match, they upset Scotland 2-1 to leave themselves with a chance of reaching the semifinals.</p>
<p>But they lost 3-0 to Sweden on the third day to go out of the competition.</p>
<p>Former champions Canada along with  Italy and Wales are the other countries from last year who have been dropped.</p>
<p>The four teams taking their places are Argentina, France, South Korea and Taiwan, who have all played in the tournament before.</p>
<p>The full list of competing countries for the Cup, which will be held at St Andrews from October 16-19, is: Argentina, Australia, England, France, Germany, Ireland, Japan, New Zealand, Scotland, South Africa, South Korea, Spain, Sweden, Taiwan, United States, Zimbabwe.</p>
</text>
<copyright>(c) Reuters Limited 1997</copyright>
<metadata>
<codes class="bip:countries:1.0">
  <code code="INDIA">
    <editdetail attribution="Reuters BIP Coding Group" action="confirmed" date="1997-04-29"/>
  </code>
  <code code="UK">
    <editdetail attribution="Reuters BIP Coding Group" action="confirmed" date="1997-04-29"/>
  </code>
</codes>
<codes class="bip:topics:1.0">
  <code code="GCAT">
    <editdetail attribution="Reuters BIP Coding Group" action="confirmed" date="1997-04-29"/>
  </code>
  <code code="GSPO">
    <editdetail attribution="Reuters BIP Coding Group" action="confirmed" date="1997-04-29"/>
  </code>
</codes>
<dc element="dc.date.created" value="1997-04-29"/>
<dc element="dc.publisher" value="Reuters Holdings Plc"/>
<dc element="dc.date.published" value="1997-04-29"/>
<dc element="dc.source" value="Reuters"/>
<dc element="dc.creator.location" value="LONDON"/>
<dc element="dc.creator.location.country.name" value="UK"/>
<dc element="dc.source" value="Reuters"/>
</metadata>
</newsitem>
