<?xml version="1.0" encoding="iso-8859-1" ?>
<newsitem itemid="545915" id="root" date="1997-04-29" xml:lang="en">
<title>USA: Engelhard/ICC signs Middle East market agreements.</title>
<headline>Engelhard/ICC signs Middle East market agreements.</headline>
<dateline>PHILADELPHIA, Pa. 1997-04-29</dateline>
<text>
<p>Engelhard/ICC said on Monday it had signed market development and assembly agreements for the Middle East region with air conditioning manufacturer Petra Engineering Industries Co and with Engineering Consultancy Office of Cairo, an engineering and contracting firm.</p>
<p>Engelhard/ICC is a joint venture of ICC Technologies Inc and Engelhard Corp.</p>
<p>&quot;The growth in the Middle East, along with the severe humidity and temperatures and a need for efficient air cooling systems in the region, indicates a strong market opportunity for Engelhard/ICC's proprietary desiccant technology air conditioning units,&quot; said Engelhard/ICC chief executive Irwin Gross.</p>
<p>Under the terms of the agreement with Petra, the company has the right to sell Engelhard/ICC's humidity control systems in the United Arab Emirates, Jordan, Lebanon, Qatar, Bahrain, Oman and Yemen with assembly rights in Jordan.</p>
<p>The agreement with Engineering Consultancy Office grants it the right to sell humidity control units and equipment in Egypt, Saudi Arabia and Kuwait with the right to assemble Engelhard/ICC systems in Egypt.</p>
<p>Engelhard/ICC manufactures and markets humidity control systems to supplement or replace conventional air conditioning systems.</p>
</text>
<copyright>(c) Reuters Limited 1997</copyright>
<metadata>
<codes class="bip:countries:1.0">
  <code code="EGYPT">
    <editdetail attribution="Reuters BIP Coding Group" action="confirmed" date="1997-04-29"/>
  </code>
  <code code="USA">
    <editdetail attribution="Reuters BIP Coding Group" action="confirmed" date="1997-04-29"/>
  </code>
</codes>
<codes class="bip:industries:1.0">
  <code code="I21000">
    <editdetail attribution="Reuters BIP Coding Group" action="confirmed" date="1997-04-29"/>
  </code>
  <code code="I32840">
    <editdetail attribution="Reuters BIP Coding Group" action="confirmed" date="1997-04-29"/>
  </code>
</codes>
<codes class="bip:topics:1.0">
  <code code="C33">
    <editdetail attribution="Reuters BIP Coding Group" action="confirmed" date="1997-04-29"/>
  </code>
  <code code="CCAT">
    <editdetail attribution="Reuters BIP Coding Group" action="confirmed" date="1997-04-29"/>
  </code>
</codes>
<dc element="dc.date.created" value="1997-04-29"/>
<dc element="dc.publisher" value="Reuters Holdings Plc"/>
<dc element="dc.date.published" value="1997-04-29"/>
<dc element="dc.source" value="Reuters"/>
<dc element="dc.creator.location" value="PHILADELPHIA, Pa."/>
<dc element="dc.creator.location.country.name" value="USA"/>
<dc element="dc.source" value="Reuters"/>
</metadata>
</newsitem>
