<?xml version="1.0" encoding="iso-8859-1" ?>
<newsitem itemid="545936" id="root" date="1997-04-29" xml:lang="en">
<title>SLOVAKIA: SOCCER-SLOVAKIA BEAT ICELAND 3-1 IN FRIENDLY.</title>
<headline>SOCCER-SLOVAKIA BEAT ICELAND 3-1 IN FRIENDLY.</headline>
<dateline>TRNAVA, Slovakia 1997-04-29</dateline>
<text>
<p>Slovakia beat Iceland 3-1 (halftime 1-1) in an international soccer friendly on Tuesday.</p>
</text>
<copyright>(c) Reuters Limited 1997</copyright>
<metadata>
<codes class="bip:countries:1.0">
  <code code="ICEL">
    <editdetail attribution="Reuters BIP Coding Group" action="confirmed" date="1997-04-29"/>
  </code>
  <code code="SLVAK">
    <editdetail attribution="Reuters BIP Coding Group" action="confirmed" date="1997-04-29"/>
  </code>
</codes>
<codes class="bip:topics:1.0">
  <code code="GCAT">
    <editdetail attribution="Reuters BIP Coding Group" action="confirmed" date="1997-04-29"/>
  </code>
  <code code="GSPO">
    <editdetail attribution="Reuters BIP Coding Group" action="confirmed" date="1997-04-29"/>
  </code>
</codes>
<dc element="dc.date.created" value="1997-04-29"/>
<dc element="dc.publisher" value="Reuters Holdings Plc"/>
<dc element="dc.date.published" value="1997-04-29"/>
<dc element="dc.source" value="Reuters"/>
<dc element="dc.creator.location" value="TRNAVA, Slovakia"/>
<dc element="dc.creator.location.country.name" value="SLOVAKIA"/>
<dc element="dc.source" value="Reuters"/>
</metadata>
</newsitem>
