<?xml version="1.0" encoding="iso-8859-1" ?>
<newsitem itemid="545994" id="root" date="1997-04-29" xml:lang="en">
<title>FRANCE: SOCCER-FRENCH LEAGUE RESULTS/STANDINGS.</title>
<headline>SOCCER-FRENCH LEAGUE RESULTS/STANDINGS.</headline>
<dateline>PARIS 1997-04-29</dateline>
<text>
<p>Results of French first division</p>
<p>matches on Tuesday:</p>
<p> Caen	   0  Montpellier    1</p>
<p> Strasbourg   0  Monaco	   2</p>
<p>Playing on Wednesday:</p>
<p>Bastia v Le Havre</p>
<p>Rennes v Metz</p>
<p>Nice v Lyon</p>
<p>Auxerre v Guingamp</p>
<p>Lille v Paris St Germain</p>
<p>Bordeaux v Lens</p>
<p>Marseille v Cannes</p>
<p>Nancy v Nantes</p>
<p>    Standings		  P   W  D  L   F  A  Pts</p>
<p>  1.Monaco		    35  21  9  5  62  26  72</p>
<p>  2.Paris St Germain	34  16 12  6  52  27  60</p>
<p>  3.Nantes		    34  14 15  5  54  29  57</p>
<p>  4.Strasbourg		35  18  2 15  48  45  56</p>
<p>  5.Bastia		    34  15 10  9  48  42  55</p>
<p>  6.Bordeaux		  34  14 13  7  51  36  55</p>
<p>  7.Metz			34  14 11  9  35  26  53</p>
<p>  8.Auxerre		   34  14 10 10  40  28  52</p>
<p>  9.Lyon			34  14 10 10  48  48  52</p>
<p> 10.Montpellier	     35  11 14 10  36  36  47</p>
<p> 11.Guingamp		  34  11 11 12  31  33  44</p>
<p> 12.Marseille		 34  10 13 11  39  37  43</p>
<p> 13.Lens			34  11  8 15  37  49  41</p>
<p> 14.Cannes		    34   9 13 12  22  32  40</p>
<p> 15.Rennes		    34  10  9 15  36  47  39</p>
<p> 16.Le Havre		  34   8 12 14  28  38  36</p>
<p> 17.Nancy		     34   8  9 17  29  44  33</p>
<p> 18.Lille		     34   8  9 17  30  54  33</p>
<p> 19.Caen			35   6 14 15  30  44  32</p>
<p> 20.Nice			34   4  8 22  26  63  20</p>
<p>(Note: Top two qualify for European Cup, next best four go</p>
<p>into UEFA Cup, bottom four relegated)</p>
</text>
<copyright>(c) Reuters Limited 1997</copyright>
<metadata>
<codes class="bip:countries:1.0">
  <code code="FRA">
    <editdetail attribution="Reuters BIP Coding Group" action="confirmed" date="1997-04-29"/>
  </code>
  <code code="MONAC">
    <editdetail attribution="Reuters BIP Coding Group" action="confirmed" date="1997-04-29"/>
  </code>
</codes>
<codes class="bip:topics:1.0">
  <code code="GCAT">
    <editdetail attribution="Reuters BIP Coding Group" action="confirmed" date="1997-04-29"/>
  </code>
  <code code="GSPO">
    <editdetail attribution="Reuters BIP Coding Group" action="confirmed" date="1997-04-29"/>
  </code>
</codes>
<dc element="dc.date.created" value="1997-04-29"/>
<dc element="dc.publisher" value="Reuters Holdings Plc"/>
<dc element="dc.date.published" value="1997-04-29"/>
<dc element="dc.source" value="Reuters"/>
<dc element="dc.creator.location" value="PARIS"/>
<dc element="dc.creator.location.country.name" value="FRANCE"/>
<dc element="dc.source" value="Reuters"/>
</metadata>
</newsitem>
