<?xml version="1.0" encoding="iso-8859-1" ?>
<newsitem itemid="545926" id="root" date="1997-04-29" xml:lang="en">
<title>USA: IPO FILING - Lamalie Associates Inc.</title>
<headline>IPO FILING - Lamalie Associates Inc.</headline>
<dateline>WASHINGTON 1997-04-29</dateline>
<text>
<p>Company Name		 Lamalie Associates Inc</p>
<p>Stock symbol			LAIX.O</p>
<p>Estimated price range	   $10-$12/shr</p>
<p>Total shares to be offered    2.0 million</p>
<p>Shrs offered by company	 2.0 million</p>
<p>Shrs outstanding after ipo    5,025,000</p>
<p>Lead Underwriter    Robert W. Baird &amp; Co Inc</p>
<p>Underwriters over-allotment  300,000 shrs</p>
<p>Business: Tampa, Fla.,-based company is an executive search firm, principally serving Fortune 500 and large private companies.</p>
<p>Use of Proceeds: Repay bank debt, make additional capital expenditures, working capital and general corporate purposes.</p>
<p>Financial Data in 000s year ended Feb 28/29:</p>
<p>				   1997		 1996</p>
<p>   - Revenue		 $46,437	    $35,088</p>
<p>   - Net Income	     ($567)		($202)</p>
</text>
<copyright>(c) Reuters Limited 1997</copyright>
<metadata>
<codes class="bip:countries:1.0">
  <code code="USA">
    <editdetail attribution="Reuters BIP Coding Group" action="confirmed" date="1997-04-29"/>
  </code>
</codes>
<codes class="bip:industries:1.0">
  <code code="I83954">
    <editdetail attribution="Reuters BIP Coding Group" action="confirmed" date="1997-04-29"/>
  </code>
</codes>
<codes class="bip:topics:1.0">
  <code code="C14">
    <editdetail attribution="Reuters BIP Coding Group" action="confirmed" date="1997-04-29"/>
  </code>
  <code code="C17">
    <editdetail attribution="Reuters BIP Coding Group" action="confirmed" date="1997-04-29"/>
  </code>
  <code code="C171">
    <editdetail attribution="Reuters BIP Coding Group" action="confirmed" date="1997-04-29"/>
  </code>
  <code code="CCAT">
    <editdetail attribution="Reuters BIP Coding Group" action="confirmed" date="1997-04-29"/>
  </code>
</codes>
<dc element="dc.date.created" value="1997-04-29"/>
<dc element="dc.publisher" value="Reuters Holdings Plc"/>
<dc element="dc.date.published" value="1997-04-29"/>
<dc element="dc.source" value="Reuters"/>
<dc element="dc.creator.location" value="WASHINGTON"/>
<dc element="dc.creator.location.country.name" value="USA"/>
<dc element="dc.source" value="Reuters"/>
</metadata>
</newsitem>
