<?xml version="1.0" encoding="iso-8859-1" ?>
<newsitem itemid="545951" id="root" date="1997-04-29" xml:lang="en">
<title>UK: TABLE TENNIS-WORLD CHAMPIONSHIPS RESULTS.</title>
<headline>TABLE TENNIS-WORLD CHAMPIONSHIPS RESULTS.</headline>
<dateline>MANCHESTER, England 1997-04-29</dateline>
<text>
<p>Results on the</p>
<p>sixth day of the world table tennis championships on Tuesday:</p>
<p>Men's team event</p>
<p>Semifinal</p>
<p>China beat South Korea 3-1</p>
<p>Places 9-16</p>
<p>Russia beat Belarus 3-0</p>
<p>Italy beat Yugoslavia 3-1</p>
<p>Places 17-20</p>
<p>Romania beat Slovenia 3-1</p>
<p>Group D (places 37/40)</p>
<p>Turkey beat Wales 3-0</p>
<p>Norway beat Australia 3-1</p>
<p>Women's team event</p>
<p>Places 7/8</p>
<p>Romania beat Sweden 3-1</p>
<p>Women's team event</p>
<p>Places 29-32</p>
<p>Slovenia beat Greece 3-0</p>
<p>Czech Republic beat Singapore 3-2</p>
<p>Final places:</p>
<p>29. Czech Republic</p>
<p>30. Singapore</p>
<p>31. Slovenia</p>
<p>32. Greece</p>
<p>Places 33-36</p>
<p>Indonesia beat Switzerland 3-0</p>
<p>Vietnam beat Wales 3-1</p>
<p>Final places: </p>
<p>33. Indonesia</p>
<p>34. Vietnam</p>
<p>35. Switzerland</p>
<p>36. Wales</p>
<p>Places 37-40</p>
<p>Poland beat Malaysia 3-1</p>
<p>Israel beat Austria 3-0</p>
<p>Final places:</p>
<p>37. Poland</p>
<p>38. Israel</p>
<p>39. Austria</p>
<p>40. Malaysia.</p>
<p>Women's team event</p>
<p>Places 53/54</p>
<p>Chile beat Philippines 3-0</p>
<p>Places 61/62</p>
<p>Macao beat South Africa, walkover</p>
<p>Places 67/68</p>
<p>San Marino beat New Caledonia 3-1</p>
<p>Places 71/72</p>
<p>Ireland beat Mongolia 3-0</p>
<p>Places 77/78</p>
<p>Malta beat Uganda, walkover</p>
<p>Women's team event final</p>
<p>China beat North Korea 3-0</p>
<p>Women's places 3/4</p>
<p>Germany beat South Korea 3-1</p>
<p>Men's places 17-20</p>
<p>Slovakia beat Czech Republic 3-2</p>
<p>Slovakia to play Romania for places 17/18. Czech Republic</p>
<p>play Slovenia for places 19/20.</p>
<p>Women's places 57-70</p>
<p>Algeria beat Mexico 3-2</p>
<p>Scotland beat Isle of Man 3-0</p>
<p>Latvia beat Colombia 3-1</p>
<p>Places 71-78</p>
<p>Ghana beat Jordan 3-1</p>
<p>Women's team event</p>
<p>Places 5/6</p>
<p>Hong Kong beat Japan 3-2</p>
<p>Places 23/24</p>
<p>Netherlands beat Belgium 3-1</p>
<p>Places 41-56</p>
<p>Brazil beat Spain 3-1</p>
<p>India beat Finland 3-2</p>
<p>Egypt beat Turkmenistan 3-2</p>
<p>Turkey beat Denmark 3-1</p>
<p>Estonia beat Argentina 3-2</p>
<p>Portugal beat Bosnia 3-1</p>
<p>Chile beat Philippines 3-0</p>
<p>New Zealand beat Ecuador 3-1</p>
<p>Women's team event</p>
<p>Places 71-78</p>
<p>Ghana beat Jordan 3-1</p>
<p>Men's team event</p>
<p>Group D (places 29-32)</p>
<p>Finland beat Indonesia 3-2</p>
<p>Group E (places 33-36)</p>
<p>Ukraine beat India 3-2</p>
<p>Group G</p>
<p>Qatar beat Malaysia 3-2</p>
<p>Ireland beat Algeria 3-1</p>
<p>Portugal beat Switzerland 3-1</p>
<p>Group J</p>
<p>Philippines beat Cameroon 3-0</p>
<p>Latvia beat Venezuela 3-2</p>
<p>Group K</p>
<p>Morocco beat Barbados 3-0</p>
<p>Group L</p>
<p>Iceland beat Bahrain 3-2</p>
<p>Group N</p>
<p>Uganda beat Sierra Leone, walkover</p>
<p>Men's team event</p>
<p>Places 9-16</p>
<p>Austria beat Poland 3-1</p>
<p>England beat Netherlands 3-2</p>
<p>Next matches: Austria v Russia (for places 9/10), Poland v</p>
<p>Belarus (places 11/12), England v Italy (places 13/14),</p>
<p>Netherlands v Yugoslavia (places 15/16)</p>
<p>Places 21-28</p>
<p>Denmark beat Croatia 3-2</p>
<p>Taiwan beat Canada 3-0</p>
<p>Hungary beat Egypt 3-0</p>
<p>Spain beat Hong Kong 3-1</p>
<p>Next matches: Denmark v Taiwan, Hungary v Hong Kong ,</p>
<p>Croatia v Canada, Egypt v Spain</p>
<p>Places 29-32</p>
<p>Luxembourg beat United States 3-2</p>
<p>Next match: Indonesia v Luxembourg</p>
<p>Places 33-36</p>
<p>Armenia beat Bulgaria 3-2</p>
<p>Next matches: Armenia v India, Ukraine v Bulgaria</p>
<p>Men's team event</p>
<p>Group G</p>
<p>Israel beat Iran, walkover</p>
<p>Group H</p>
<p>Vietnam beat Togo 3-0</p>
<p>Brazil beat Pakistan 3-0</p>
<p>Bosnia beat Estonia 3-1</p>
<p>Group J</p>
<p>Jordan beat Moldova 3-1</p>
<p>Group K</p>
<p>Kazakhstan beat Saudi Arabia 3-0</p>
<p>Group L</p>
<p>Ecuador beat Yemen, walkover</p>
<p>Cyprus beat Guernsey 3-0</p>
<p>Macao beat Mongolia 3-1</p>
<p>Group M</p>
<p>Singapore beat Mauritius 3-0</p>
<p>Lebanon beat Ghana 3-1</p>
<p>Tahiti beat Jersey 3-0</p>
<p>Turkmenistan beat Mexico 3-2</p>
<p>Group N</p>
<p>Azerbaijan beat Sudan 3-2</p>
<p>Malta beat Isle of Man 3-1</p>
<p>South Africa beat Tanzania 3-2</p>
<p>Group P</p>
<p>Colombia beat Guatemala 3-1</p>
<p>San Marino beat Uruguay 3-0</p>
<p>Men's team semifinal</p>
<p>France beat Germany 3-2</p>
<p>Men's team event</p>
<p>Places 17/18</p>
<p>Romania beat Slovakia 3-1</p>
<p>Places 19/20</p>
<p>Czech Republic beat Slovenia 3-0</p>
<p>Group H</p>
<p>New Zealand beat Scotland 3-2</p>
<p>Group K</p>
<p>Chile beat Puerto Rico 3-0</p>
<p>Aruba beat Panama 3-2</p>
<p>Morocco beat Barbados 3-0</p>
<p>Group R</p>
<p>Bermuda beat Burundi 3-1</p>
<p>Women's places 25/26</p>
<p>United States beat Australia 3-2</p>
<p>Places 57-70</p>
<p>Venezuela beat Puerto Rico 3-1</p>
<p>Algeria beat Mexico 3-2</p>
<p>Latvia beat Colombia 3-1</p>
<p>Final placings in 57-70 group:</p>
<p>57. Venezuela</p>
<p>58. Puerto Rico</p>
<p>59. Latvia</p>
<p>60. Colombia</p>
<p>61. Macao</p>
<p>62. South Africa</p>
<p>63. Algeria</p>
<p>64. Mexico</p>
<p>65. Scotland</p>
<p>66. Isle of Man</p>
<p>67. San Marino</p>
<p>68. New Caledonia</p>
<p>69. Lebanon</p>
<p>70. Iceland</p>
<p>Men's team event:</p>
<p>Group G</p>
<p>Ireland beat Qatar 3-1</p>
<p>Portugal beat Algeria 3-1</p>
<p>Iran beat Malaysia 3-0</p>
<p>Israel beat Switzerland 3-1</p>
<p>Group H</p>
<p>Brazil beat Scotland 3-0</p>
<p>Group J</p>
<p>Argentina beat Latvia 3-0</p>
<p>Group K</p>
<p>Saudi Arabia beat Puerto Rico 3-0</p>
<p>Chile beat Aruba 3-0</p>
<p>Kazakhstan beat Morocco 3-0</p>
<p>Group L</p>
<p>Iceland beat Yemen, walkover</p>
<p>Bahrain beat Guernsey 3-0</p>
<p>Group M</p>
<p>Ghana beat Tahiti 3-0</p>
<p>Mauritius beat Turkmenistan 3-1</p>
<p>Mexico beat Jersey 3-0</p>
<p>Group N</p>
<p>Uganda beat Sudan 3-1</p>
<p>Tanzania beat Sierra Leone, walkover</p>
<p>South Africa beat Isle of Man 3-0</p>
<p>Group P</p>
<p>Guatemala beat Palestine 3-0</p>
<p>Colombia beat San Marino 3-0</p>
<p>Uruguay beat Iraq, walkover</p>
<p>Men's team event:</p>
<p>Places 9/10</p>
<p>Russia beat Austria 3-1</p>
<p>Places 11/12</p>
<p>Poland beat Belarus 3-2</p>
<p>Places 13/14</p>
<p>Italy beat England 3-2</p>
<p>Places 15/16</p>
<p>Yugoslavia beat Netherlands 3-0</p>
<p>Men's team event:</p>
<p>Places 21-28:</p>
<p>Denmark beat Taiwan 3-0</p>
<p>Hungary beat Spain 3-2</p>
<p>Final matches: Wednesday, Denmark v Hungary (places 21/22),</p>
<p>Taiwan v Spain (places 23/24)</p>
<p>Hong Kong beat Egypt 3-1</p>
<p>Canada beat Croatia 3-1</p>
<p>Final matches: Wednesday, Canada v Hong Kong (places 25/26),</p>
<p>Croatia v Egypt (places 27/28)</p>
<p>Places 33-36</p>
<p>Armenia beat India 3-1</p>
<p>Ukraine beat Bulgaria 3-2</p>
<p>Final matches: Wednesday, Armenia v Bulgaria, India v</p>
<p>Bulgaria.</p>
<p>Places 37-40</p>
<p>Norway beat Turkey 3-0</p>
<p>Australia beat Wales 3-2</p>
<p>Final matches: Wednesday, Turkey v Australia, Norway v Wales.</p>
<p>Men's team event:</p>
<p>Group H</p>
<p>Togo beat Pakistan 3-2</p>
<p>New Zealand beat Estonia 3-1</p>
<p>Group J</p>
<p>Moldova beat Lithuania 3-1</p>
<p>Philippines beat Venezuela 3-1</p>
<p>Cameroon beat Jordan 3-2</p>
<p>Group L</p>
<p>Ecuador beat Mongolia 3-0</p>
<p>Macao beat Cyprus 3-2</p>
<p>Group M</p>
<p>Singapore beat Lebanon 3-1</p>
<p>Group N</p>
<p>Azerbaijan beat Malta 3-2</p>
<p>Places 29-32</p>
<p>Finland beat United States 3-1</p>
<p>Indonesia beat Luxembourg 3-0</p>
</text>
<copyright>(c) Reuters Limited 1997</copyright>
<metadata>
<codes class="bip:countries:1.0">
  <code code="UK">
    <editdetail attribution="Reuters BIP Coding Group" action="confirmed" date="1997-04-29"/>
  </code>
</codes>
<codes class="bip:topics:1.0">
  <code code="GCAT">
    <editdetail attribution="Reuters BIP Coding Group" action="confirmed" date="1997-04-29"/>
  </code>
  <code code="GSPO">
    <editdetail attribution="Reuters BIP Coding Group" action="confirmed" date="1997-04-29"/>
  </code>
</codes>
<dc element="dc.date.created" value="1997-04-29"/>
<dc element="dc.publisher" value="Reuters Holdings Plc"/>
<dc element="dc.date.published" value="1997-04-29"/>
<dc element="dc.source" value="Reuters"/>
<dc element="dc.creator.location" value="MANCHESTER, England"/>
<dc element="dc.creator.location.country.name" value="UK"/>
<dc element="dc.source" value="Reuters"/>
</metadata>
</newsitem>
