<?xml version="1.0" encoding="iso-8859-1" ?>
<newsitem itemid="545921" id="root" date="1997-04-29" xml:lang="en">
<title>USA: Teradyne buys Softbridge, stock rises. [Corrected 19:14 gmt]</title>
<headline>Teradyne buys Softbridge, stock rises. [Corrected 19:14 gmt]</headline>
<dateline>BOSTON 1997-04-29</dateline>
<text>
<p>Teradyne Inc said Tuesday it bought Softbridge Inc, a provider of automated software quality testing products and services for enterprise client/server application development and deployment.</p>
<p>Terms of the acquisition were not disclosed. Privately-held Softbridge (corrects from Teradyne) is based in Cambridge, Massachusetts.</p>
<p>Softbridge's Automated Test Facility (ATF) product has been licensed to over 200 Fortune 1000 clients such as AT&amp;T, NationsBank Corp, and NYNEX to test their networked information systems.</p>
<p>Shares of Teradyne rose 1-1/4 to 31-3/8 in early trading on the New York Stock Exchange.</p>
</text>
<copyright>(c) Reuters Limited 1997</copyright>
<metadata>
<codes class="bip:countries:1.0">
  <code code="USA">
    <editdetail attribution="Reuters BIP Coding Group" action="confirmed" date="1997-04-29"/>
  </code>
</codes>
<codes class="bip:industries:1.0">
  <code code="I34420">
    <editdetail attribution="Reuters BIP Coding Group" action="confirmed" date="1997-04-29"/>
  </code>
</codes>
<codes class="bip:topics:1.0">
  <code code="C18">
    <editdetail attribution="Reuters BIP Coding Group" action="confirmed" date="1997-04-29"/>
  </code>
  <code code="C181">
    <editdetail attribution="Reuters BIP Coding Group" action="confirmed" date="1997-04-29"/>
  </code>
  <code code="CCAT">
    <editdetail attribution="Reuters BIP Coding Group" action="confirmed" date="1997-04-29"/>
  </code>
</codes>
<dc element="dc.date.created" value="1997-04-29"/>
<dc element="dc.publisher" value="Reuters Holdings Plc"/>
<dc element="dc.date.published" value="1997-04-29"/>
<dc element="dc.source" value="Reuters"/>
<dc element="dc.creator.location" value="BOSTON"/>
<dc element="dc.creator.location.country.name" value="USA"/>
<dc element="dc.source" value="Reuters"/>
</metadata>
</newsitem>
