<?xml version="1.0" encoding="iso-8859-1" ?>
<newsitem itemid="545975" id="root" date="1997-04-29" xml:lang="en">
<title>CROATIA: SOCCER-CROATIA RESHUFFLE DEFENCE AHEAD OF GREECE TIE.</title>
<headline>SOCCER-CROATIA RESHUFFLE DEFENCE AHEAD OF GREECE TIE.</headline>
<dateline>ZAGREB 1997-04-29</dateline>
<text>
<p>Croatia have drafted two Zagreb-based defenders into their squad for their World Cup qualifier against Greece in Salonika on Wednesday.</p>
<p>Goran Juric is likely to win his second cap by replacing injured Nikola Jerkan in the libero position.</p>
<p>Croatia Zagreb team mate Dario Simic is expected to play in the heart of the defence alongside Slaven Bilic of England's West Ham, while Zvonimir Soldo of Germany's VfB Stuttgart, who played in Croatia's 3-3 draw against Slovenia earlier this month, will move into midfield.</p>
<p>In attack, coach Miroslav Blazevic will be able to field Alen Boksic of Juventus, who has fully recovered from a recent injury, and Real Madrid's top scorer Davor Suker.</p>
<p>After three home draws, Croatia trail Denmark and Greece in group one. They have six points from four matches and badly need a win on Wednesday.</p>
<p>Teams (probable):</p>
<p>Croatia - Drazen Ladic, Goran Juric, Dario Simic, Zvonimir Soldo, Slaven Bilic, Robert Jarni, Zvonimir Boban, Aljosa Asanovic, Robert Prosinecki, Alen Boksic, Davor Suker</p>
<p>Greece - to be announced</p>
</text>
<copyright>(c) Reuters Limited 1997</copyright>
<metadata>
<codes class="bip:countries:1.0">
  <code code="CRTIA">
    <editdetail attribution="Reuters BIP Coding Group" action="confirmed" date="1997-04-29"/>
  </code>
  <code code="GREECE">
    <editdetail attribution="Reuters BIP Coding Group" action="confirmed" date="1997-04-29"/>
  </code>
</codes>
<codes class="bip:topics:1.0">
  <code code="GCAT">
    <editdetail attribution="Reuters BIP Coding Group" action="confirmed" date="1997-04-29"/>
  </code>
  <code code="GSPO">
    <editdetail attribution="Reuters BIP Coding Group" action="confirmed" date="1997-04-29"/>
  </code>
</codes>
<dc element="dc.date.created" value="1997-04-29"/>
<dc element="dc.publisher" value="Reuters Holdings Plc"/>
<dc element="dc.date.published" value="1997-04-29"/>
<dc element="dc.source" value="Reuters"/>
<dc element="dc.creator.location" value="ZAGREB"/>
<dc element="dc.creator.location.country.name" value="CROATIA"/>
<dc element="dc.source" value="Reuters"/>
</metadata>
</newsitem>
