<?xml version="1.0" encoding="iso-8859-1" ?>
<newsitem itemid="545928" id="root" date="1997-04-29" xml:lang="en">
<title>USA: IBM Corp raises qtly dividend to $0.40/shr. [Corrected 19:10 gmt]</title>
<headline>IBM Corp raises qtly dividend to $0.40/shr. [Corrected 19:10 gmt]</headline>
<dateline>DALLAS 1997-04-29</dateline>
<text>
<p>Quarterly</p>
<p>			  Latest		     Prior</p>
<p> Amount		  $0.40		     $0.35</p>
<p> Pay		   June 10</p>
<p> Record		  May 9</p>
<p>NOTE: Full name of company is International Business Machines Corp.</p>
<p>The dividend is $0.20 a share after taking into account a 2-for-one stock split to be voted on at IBM's annual meeting today. (Clarifies status of proposed stock split).</p>
</text>
<copyright>(c) Reuters Limited 1997</copyright>
<metadata>
<codes class="bip:countries:1.0">
  <code code="USA">
    <editdetail attribution="Reuters BIP Coding Group" action="confirmed" date="1997-04-29"/>
  </code>
</codes>
<codes class="bip:industries:1.0">
  <code code="I33020">
    <editdetail attribution="Reuters BIP Coding Group" action="confirmed" date="1997-04-29"/>
  </code>
  <code code="I3302003">
    <editdetail attribution="Reuters BIP Coding Group" action="confirmed" date="1997-04-29"/>
  </code>
</codes>
<codes class="bip:topics:1.0">
  <code code="C15">
    <editdetail attribution="Reuters BIP Coding Group" action="confirmed" date="1997-04-29"/>
  </code>
  <code code="C151">
    <editdetail attribution="Reuters BIP Coding Group" action="confirmed" date="1997-04-29"/>
  </code>
  <code code="CCAT">
    <editdetail attribution="Reuters BIP Coding Group" action="confirmed" date="1997-04-29"/>
  </code>
</codes>
<dc element="dc.date.created" value="1997-04-29"/>
<dc element="dc.publisher" value="Reuters Holdings Plc"/>
<dc element="dc.date.published" value="1997-04-29"/>
<dc element="dc.source" value="Reuters"/>
<dc element="dc.creator.location" value="DALLAS"/>
<dc element="dc.creator.location.country.name" value="USA"/>
<dc element="dc.source" value="Reuters"/>
</metadata>
</newsitem>
