<?xml version="1.0" encoding="iso-8859-1" ?>
<newsitem itemid="545919" id="root" date="1997-04-29" xml:lang="en">
<title>USA: US corp debt issuers see window of opportunity.</title>
<headline>US corp debt issuers see window of opportunity.</headline>
<dateline>NEW YORK 1997-04-28</dateline>
<text>
<p>U.S. corporate debt issuers that had been sidelined by higher borrowing costs saw a window of opportunity Tuesday morning when Treasury yields dropped after weaker-than-expected economic data, dealers said.</p>
<p>Norwest Corp unit, Norwest Financial tapped the market unexpectedly Tuesday with a $150 million 10-year note deal which priced to yield 48 basis points over U.S. Treasuries. Merrill Lynch &amp; Co served as lead underwriter.</p>
<p>&quot;You'll probably see some market timers come in here...like Norwest did this morning,&quot; said one syndicate source.  </p>
<p>&quot;They take advantage of the runup in U.S. Treasuries and rates (yields) are 10 to 12 basis points lower than they were,&quot; the source added.</p>
<p>A lower-than-expected 0.6 percent rise in the first-quarter U.S. employment cost index and a 3.0 percent drop in March durable goods orders sent the 30-year U.S. Treasury bond up over a point and sent yields lower.</p>
<p>Late Tuesday morning, the T-bond was trading up 38/32 at 95-5/32 to yield 7.01 percent, compared with 7.11 percent at Monday's close.  </p>
<p>Players feared that stronger-than-expected economic reports woud push the Fed's policy-setting arm, the Federal Open Market Committee, a step closer to hiking interest rates at its next meeting.</p>
<p>The FOMC, voted last month to raise the key overnight lending rate by 1/4 point, making it more costly for U.S. corporations to finance debt. Policy makers are set to meet once again on May 20.</p>
<p>Still, more economic data is on the way. They include Thursday's April NAPM report and first quarter GDP and U.S. nonfarm payrolls/unemployment data on Friday.  </p>
<p>Turning to other new deals, American Brands issued $300 million in a two-part debt offering via JP Morgan Securities Inc.</p>
<p>The deal included $100 million in 20-year debentures to yield 85 basis points and $200 million in 40-year debentures, putable in 12 years, to yield 75 basis points over Treasuries, market sources said.</p>
<p>Among other upcoming offerings in the market are Briggs &amp; Stratton Corp's $175 million five- and 10-year debt offering via Credit Suisse First Boston, sources said.  </p>
<p>Sunlife Canada is also slated to bring $500 million of a step-up offering one day this week, sources said.</p>
<p>Dominion Resources is expected to issue $800 million in Baa1/A-minus rated debt offering consisting of five and 10-year debt via underwriter Lehman Brothers.</p>
<p>Meanwhile, CSX Corp is also slated to bring a $2.0 billion multi-tranche debt offering via underwriters Salomon Brothers, Credit Suisse First Boston and Chase Securities.</p>
<p>The deal is expected to include five-year, seven-year, 10-year and 30-year tranches, in addition to a 30-year trust preferred issue, sources said.  </p>
<p>Price talk on CSX's deal is as follows, sources said.</p>
<p>-five-year seen at 55 basis points over Treasuries,</p>
<p>-seven-year seen at 65 basis points over Treasuries,</p>
<p>-10-year seen at 80 basis points over Treasuries,</p>
<p>-30-year seen at 105 basis points over Treasuries,</p>
<p>-30-year trust preferred  at 155 basis points over Treasuries.</p>
<p>Looking ahead, Norfolk Southern Corp is expected to issue between $3.0 - $4.0 billion in a debt offering via joint lead managers Merrill Lynch and JP Morgan Securities.</p>
<p>Among upcoming high-yield issues, Pride Petroleum Services Inc is expected to sell $300 million in 10-year senior notes later this week via lead underwriter Donaldson Lufkin &amp; Jenrette Securities. The issue has a three-year equity call for $100 million, sources said.</p>
<p>Colorado Prime Corp is expected to set $100 million in 10-year 144A senior notes via JP Morgan Securities.</p>
<p>Another $85 million in 10-year 144A notes is expected to come from HCC Industries Inc.</p>
<p>(( -- Nancy Leinfuss, 212-859-1675 ))</p>
</text>
<copyright>(c) Reuters Limited 1997</copyright>
<metadata>
<codes class="bip:countries:1.0">
  <code code="USA">
    <editdetail attribution="Reuters BIP Coding Group" action="confirmed" date="1997-04-29"/>
  </code>
</codes>
<codes class="bip:industries:1.0">
  <code code="I71000">
    <editdetail attribution="Reuters BIP Coding Group" action="confirmed" date="1997-04-29"/>
  </code>
  <code code="I83700">
    <editdetail attribution="Reuters BIP Coding Group" action="confirmed" date="1997-04-29"/>
  </code>
</codes>
<codes class="bip:topics:1.0">
  <code code="M12">
    <editdetail attribution="Reuters BIP Coding Group" action="confirmed" date="1997-04-29"/>
  </code>
  <code code="MCAT">
    <editdetail attribution="Reuters BIP Coding Group" action="confirmed" date="1997-04-29"/>
  </code>
</codes>
<dc element="dc.date.created" value="1997-04-28"/>
<dc element="dc.publisher" value="Reuters Holdings Plc"/>
<dc element="dc.date.published" value="1997-04-29"/>
<dc element="dc.source" value="Reuters"/>
<dc element="dc.creator.location" value="NEW YORK"/>
<dc element="dc.creator.location.country.name" value="USA"/>
<dc element="dc.source" value="Reuters"/>
</metadata>
</newsitem>
