<?xml version="1.0" encoding="iso-8859-1" ?>
<newsitem itemid="545952" id="root" date="1997-04-29" xml:lang="en">
<title>GREECE: SOCCER-GREECE FACES CROATIA IN GROUP ONE WORLD QUALIFIER.</title>
<headline>SOCCER-GREECE FACES CROATIA IN GROUP ONE WORLD QUALIFIER.</headline>
<dateline>SALONIKA 1997-04-29</dateline>
<text>
<p>Greece needs a win over Croatia in their world cup qualifier on Wednesday to turn group one into a straight duel with Denmark but expect the Croats to put up a fight.</p>
<p>&quot;We want one of the two top positions in our group,&quot; Greek coach Costas Polychroniou told a joint news conference with Croatia's coach Miloslav Blasevic said.</p>
<p>&quot;If we win, Croatia will be literally out of the race and Denmark will be the only ones chasing us. The Croats play their last card in Salonika and I expect a difficult match,&quot; he said.</p>
<p>Blasevic said the Croats were determined to get a good result from Wednesday's match and would be pleased with a second position in their group.</p>
<p>&quot;We came to fight for a good result. If we don't win we lose everything,&quot; he told the news conference.</p>
<p>Polychroniou said Greece wanted three wins in their remaining three matches -- at home against Croatia, away to Slovenia and at home against Denmark -- &quot;so that we qualify on our own and don't depend on the results of the others&quot;.</p>
<p>Greece, coming from a precious 1-0 away win against Bosnia earlier this month, will be playing without defender Yannis Kalitzakis, who is slightly injured and penalised with two yellow cards, but faces no other prblems.</p>
<p>Top Greek league scorers Demis Nikolaidis and Costas Franzeskos will be leading the Greek attack while suspended defender Nikos Dabizas returns.</p>
<p>&quot;We will attack from the start. As in every other match our aim is an early goal. The Croats are very fast and talented and dangerous in counter-attacks,&quot; Polychroniou said.</p>
<p>The Greek Football Federation (EPO) expects a home crowd of about 20,000 people at the stadium.</p>
<p>The coaches announced the teams as follows:</p>
<p>Greece - Ilias Atmatzidis, Stratos Apostolakis, Michalis Kasapis, Kyriakos Karataidis, Marinos Ouzounidis, Nikos Dabizas, Costas Frantzeskos, Ilias Poursanidis, Thodoros Zagorakis, George Donis, Demis Nikolaidis.</p>
<p>Croatia -Tonci Gabric, Zvonimir Soldo, Goran Juiric, Robert Jarni, Dario Simic, Slaven Bilic, Svonimir Boban, Robert Prosinecki, Aljosa Asanovic, Davor Suker, Alen Boksic.</p>
</text>
<copyright>(c) Reuters Limited 1997</copyright>
<metadata>
<codes class="bip:countries:1.0">
  <code code="CRTIA">
    <editdetail attribution="Reuters BIP Coding Group" action="confirmed" date="1997-04-29"/>
  </code>
  <code code="DEN">
    <editdetail attribution="Reuters BIP Coding Group" action="confirmed" date="1997-04-29"/>
  </code>
  <code code="GREECE">
    <editdetail attribution="Reuters BIP Coding Group" action="confirmed" date="1997-04-29"/>
  </code>
</codes>
<codes class="bip:topics:1.0">
  <code code="GCAT">
    <editdetail attribution="Reuters BIP Coding Group" action="confirmed" date="1997-04-29"/>
  </code>
  <code code="GSPO">
    <editdetail attribution="Reuters BIP Coding Group" action="confirmed" date="1997-04-29"/>
  </code>
</codes>
<dc element="dc.date.created" value="1997-04-29"/>
<dc element="dc.publisher" value="Reuters Holdings Plc"/>
<dc element="dc.date.published" value="1997-04-29"/>
<dc element="dc.source" value="Reuters"/>
<dc element="dc.creator.location" value="SALONIKA"/>
<dc element="dc.creator.location.country.name" value="GREECE"/>
<dc element="dc.source" value="Reuters"/>
</metadata>
</newsitem>
