<?xml version="1.0" encoding="iso-8859-1" ?>
<newsitem itemid="545935" id="root" date="1997-04-29" xml:lang="en">
<title>UK: TABLE TENNIS-CHINA CHASE TITLE DOUBLE.</title>
<headline>TABLE TENNIS-CHINA CHASE TITLE DOUBLE.</headline>
<byline>Morley Myers</byline>
<dateline>MANCHESTER, England 1997-04-29</dateline>
<text>
<p>China retained the women's team title and reached the final of the men's event at the world table tennis championships on Tuesday to stay on course to repeat their 1995 clean sweep of all seven titles.</p>
<p>The women, led by Olympic and world champion Deng Yaping, defeated North Korea 3-0 to capture the Corbillion Cup for the 11th time in 14 consecutive final apearances.</p>
<p>In the men's event, China saw off South Korea 3-1 to reach their 13th final in the last 14 championships, while France edged Germany 3-2 to make the final for the first time.</p>
<p>The Chinese, who have won the title 11 times since their first appearance in 1961, did not have things all their own way, world champion Kong Linghui suffering his second successive defeat.</p>
<p>Kong lost to Sweden's 1989 world champion Jan-Ove Waldner in Monday's quarter-finals. This time the 20-year-old world number one succumbed to South Korea's 1988 Olympic gold medallist Yoo Nam Kyu 21-18 10-21 21-18 in 40 minutes.</p>
<p>Fortunately for China, world number six Wang Tao was successful in both his visits to the table.</p>
<p>Wang, the left-hander with the hardest hit in the game, destroyed Oh Sang-Eun 21-12 21-7 in just 15 minutes. If it had been a fight the referee would have stepped in to protect his opponent from further punishment.</p>
<p>But Wang, playing in his fourth world championship, had a tougher task against world number five Kim Taek Soo, winning 21-12 16-21 21-17.</p>
<p>Earlier, Kim had lost the opening match 21-14 22-20 against China's Atlanta Olympic gold medalist Liu Guoliang.</p>
<p>Team coach Cai Zenhua was confident about Sunday's final in the light of China's quarter-final victory over second-seeded Sweden and Tuesday's success against the Koreans. &quot;Sweden and South Korea were our biggest threat to winning the Swaythling Cup for the 12th time. We have cleared our biggest barriers, the heavyweights, and now we are going to take on the lightweights,&quot; he said, indicating he did not care whether France or Germany were in opposition on Wednesday. &quot;China have more good players than Germany and France put together.&quot;</p>
<p>But he ruled out any complacency in the Chinese camp. &quot;I have to put my players on high alert. Any mistake or act of failure can prove very costly.&quot;</p>
<p>France and Germany had a battle royal with Germany's Olympic bronze medallist Joerge Rosskopf carrying the fight by winning both his matches, against Damien Eliol and 1991 world champion Jean-Philippe Gatien.</p>
<p>Fortunately for the French, Gatien, Damian Eliol and Patrick Chila all managed to win one match which spelled the difference between success and failure.</p>
<p>The highlight of the two-and-a-half hour clash was the battle between Gatient and Rosskopf which the German eventually won 21-13 16-21 21-19 after trailing 14-9 in the decider.</p>
<p>That made the match score 2-2. But Rosskopf's rescue act proved in vain as Eliol won the decider against Steffan Fetzner.</p>
</text>
<copyright>(c) Reuters Limited 1997</copyright>
<metadata>
<codes class="bip:countries:1.0">
  <code code="CHINA">
    <editdetail attribution="Reuters BIP Coding Group" action="confirmed" date="1997-04-29"/>
  </code>
  <code code="UK">
    <editdetail attribution="Reuters BIP Coding Group" action="confirmed" date="1997-04-29"/>
  </code>
</codes>
<codes class="bip:topics:1.0">
  <code code="GCAT">
    <editdetail attribution="Reuters BIP Coding Group" action="confirmed" date="1997-04-29"/>
  </code>
  <code code="GSPO">
    <editdetail attribution="Reuters BIP Coding Group" action="confirmed" date="1997-04-29"/>
  </code>
</codes>
<dc element="dc.date.created" value="1997-04-29"/>
<dc element="dc.publisher" value="Reuters Holdings Plc"/>
<dc element="dc.date.published" value="1997-04-29"/>
<dc element="dc.source" value="Reuters"/>
<dc element="dc.creator.location" value="MANCHESTER, England"/>
<dc element="dc.creator.location.country.name" value="UK"/>
<dc element="dc.source" value="Reuters"/>
</metadata>
</newsitem>
