<?xml version="1.0" encoding="iso-8859-1" ?>
<newsitem itemid="545993" id="root" date="1997-04-29" xml:lang="en">
<title>FRANCE: SOCCER-MONACO ALL BUT HOME AND DRY.</title>
<headline>SOCCER-MONACO ALL BUT HOME AND DRY.</headline>
<dateline>PARIS 1997-04-29</dateline>
<text>
<p>Monaco virtually ensured themselves the French first division championship when they beat Strasbourg 2-0 away on Tuesday to move 12 points clear in the standings.</p>
<p>Second-placed Paris St Germain must beat Lille on Wednesday to close the gap to nine points</p>
<p>They will snatch the title only if they win all their remaining matches while Monaco lose all theirs and overcome a goal deficit of 11.</p>
</text>
<copyright>(c) Reuters Limited 1997</copyright>
<metadata>
<codes class="bip:countries:1.0">
  <code code="FRA">
    <editdetail attribution="Reuters BIP Coding Group" action="confirmed" date="1997-04-29"/>
  </code>
  <code code="MONAC">
    <editdetail attribution="Reuters BIP Coding Group" action="confirmed" date="1997-04-29"/>
  </code>
</codes>
<codes class="bip:topics:1.0">
  <code code="GCAT">
    <editdetail attribution="Reuters BIP Coding Group" action="confirmed" date="1997-04-29"/>
  </code>
  <code code="GSPO">
    <editdetail attribution="Reuters BIP Coding Group" action="confirmed" date="1997-04-29"/>
  </code>
</codes>
<dc element="dc.date.created" value="1997-04-29"/>
<dc element="dc.publisher" value="Reuters Holdings Plc"/>
<dc element="dc.date.published" value="1997-04-29"/>
<dc element="dc.source" value="Reuters"/>
<dc element="dc.creator.location" value="PARIS"/>
<dc element="dc.creator.location.country.name" value="FRANCE"/>
<dc element="dc.source" value="Reuters"/>
</metadata>
</newsitem>
