<?xml version="1.0" encoding="iso-8859-1" ?>
<newsitem itemid="545901" id="root" date="1997-04-29" xml:lang="en">
<title>USA: Abbott to buy parts of Sanofi business.</title>
<headline>Abbott to buy parts of Sanofi business.</headline>
<dateline>NORTH CHICAGO, Ill. 1997-04-29</dateline>
<text>
<p>Abbott Laboratories said it signed a definitive agreement to acquire for about $200 million certain parenteral products businesses from Sanofi Pharmaceuticals Inc, the U.S. unit of France's Sanofi.  </p>
<p>The parenteral businesses make intravenous products, including Sanofi's proprietary Carpuject pre-filled, single-dose syringe technology, to which Abbott will gain worldwide rights.</p>
<p>Abbott said it will also obtain a range of multi-source injectable drugs and other products, as well as a production and research and development plant in McPherson, Kansas. No changes are planned at the plant, the company said.</p>
<p>&quot;With this acquisition, Abbott will be able to provide a more complete line of injectable products,&quot; said Abbott president Thomas Hodgson in a statement.</p>
<p>The transaction is entirely in cash, Abbott said.</p>
<p>((--Chicago Newsdesk 312-408-8787))</p>
</text>
<copyright>(c) Reuters Limited 1997</copyright>
<metadata>
<codes class="bip:countries:1.0">
  <code code="FRA">
    <editdetail attribution="Reuters BIP Coding Group" action="confirmed" date="1997-04-29"/>
  </code>
  <code code="USA">
    <editdetail attribution="Reuters BIP Coding Group" action="confirmed" date="1997-04-29"/>
  </code>
</codes>
<codes class="bip:industries:1.0">
  <code code="I25700">
    <editdetail attribution="Reuters BIP Coding Group" action="confirmed" date="1997-04-29"/>
  </code>
</codes>
<codes class="bip:topics:1.0">
  <code code="C18">
    <editdetail attribution="Reuters BIP Coding Group" action="confirmed" date="1997-04-29"/>
  </code>
  <code code="C181">
    <editdetail attribution="Reuters BIP Coding Group" action="confirmed" date="1997-04-29"/>
  </code>
  <code code="CCAT">
    <editdetail attribution="Reuters BIP Coding Group" action="confirmed" date="1997-04-29"/>
  </code>
</codes>
<dc element="dc.date.created" value="1997-04-29"/>
<dc element="dc.publisher" value="Reuters Holdings Plc"/>
<dc element="dc.date.published" value="1997-04-29"/>
<dc element="dc.source" value="Reuters"/>
<dc element="dc.creator.location" value="NORTH CHICAGO, Ill."/>
<dc element="dc.creator.location.country.name" value="USA"/>
<dc element="dc.source" value="Reuters"/>
</metadata>
</newsitem>
