<?xml version="1.0" encoding="iso-8859-1" ?>
<newsitem itemid="545906" id="root" date="1997-04-29" xml:lang="en">
<title>USA: TALKING POINT/PepsiCo profits boost stock.</title>
<headline>TALKING POINT/PepsiCo profits boost stock.</headline>
<byline>Mark Lewis</byline>
<dateline>NEW YORK 1997-04-29</dateline>
<text>
<p>PepsiCo Inc shares rose over nine percent on Tuesday after stronger-than-expected quarterly results boosted Wall Street's confidence in the company and its restructuring plan.</p>
<p>&quot;I think this indicates the turn from PepsiCo that investors have been waiting for,&quot; PaineWebber analyst Emanuel Goldman said.</p>
<p>PepsiCo shares were up 2-7/8 to 34-1/8 on volume of 5.6 million shares by late morning. Average daily volume for PepsiCo is 3.3 million shares.  </p>
<p>&quot;That's a huge move for Pepsi,&quot; Goldman said. &quot;This may be the highest volume stock today when all is said and done.&quot;</p>
<p>PepsiCo reported net income of $0.27 per share, $0.03 higher than for the same period a year ago and also $0.03 above the analysts' consensus estimate.</p>
<p>&quot;The numbers are excellent,&quot; said Martin Romm, a Credit Suisse First Boston analyst. &quot;I think you'll see people bump numbers up for the full year. This is a very solid performance.&quot;  </p>
<p>Analysts particularly were pleased with PepsiCo's  beverage results in the international arena, where the company hopes to challenge rival Coca-Cola Co.</p>
<p>&quot;It was much less of a loss than was originally expected,&quot; Goldman said of the international results.</p>
<p>PepsiCo is restructuring, shedding its restaurants to focus on beverages and snack foods.</p>
<p>Internationally, the new approach &quot;is bearing fruit earlier than expected,&quot; Goldman said. &quot;And that's very important for them, because it's been a source of major aggravation for them, to say the least.&quot;</p>
<p>Also pleasing to Wall Street was the performance of PepsiCo's restaurant units KFC, Taco Bell and Pizza Hut, which it plans to spin off into a separate company.</p>
<p>&quot;You could really see the turn at Taco Bell,&quot; Goldman said. &quot;The timing couldn't be better, because the spin-off is scheduled for the fourth quarter.&quot;  </p>
<p>PepsiCo announced the spin-off in January, saying it would create the world's largest restaurant business.</p>
<p>PepsiCo Chairman Roger Enrico said at the time that PepsiCo needed to return to its roots, focusing on soft drinks and snacks, which constituted a fundamentally different kind of business than restaurants.</p>
<p>Enrico said the newly restructured PepsiCo would be aggressive on the international front, taking on Coca-Cola in such markets as China, India and Eastern Europe.</p>
<p>PepsiCo's first quarter international beverage results showed an operating loss of $27 million on net sales of $367 million, compared to a loss of $10 million on sales of $426 million for the same period the year before.</p>
<p>In North America, PepsiCo had beverage operating profits of $264 million on sales of $1.59 billion, compared to profits of $257 million on sales of $1.54 billion the year before.</p>
<p>Restaurants internationally had operating profits of $44 million on sales of $517 million, compared to profits of $36 million on sales of $501 million the year before.</p>
<p>Snack foods internationally had profits of $99 million on sales of $709 million, compared to profits of $73 million on sales of $628 million for first-quarter 1996.</p>
</text>
<copyright>(c) Reuters Limited 1997</copyright>
<metadata>
<codes class="bip:countries:1.0">
  <code code="USA">
    <editdetail attribution="Reuters BIP Coding Group" action="confirmed" date="1997-04-29"/>
  </code>
</codes>
<codes class="bip:industries:1.0">
  <code code="I42800">
    <editdetail attribution="Reuters BIP Coding Group" action="confirmed" date="1997-04-29"/>
  </code>
</codes>
<codes class="bip:topics:1.0">
  <code code="C15">
    <editdetail attribution="Reuters BIP Coding Group" action="confirmed" date="1997-04-29"/>
  </code>
  <code code="C151">
    <editdetail attribution="Reuters BIP Coding Group" action="confirmed" date="1997-04-29"/>
  </code>
  <code code="C152">
    <editdetail attribution="Reuters BIP Coding Group" action="confirmed" date="1997-04-29"/>
  </code>
  <code code="CCAT">
    <editdetail attribution="Reuters BIP Coding Group" action="confirmed" date="1997-04-29"/>
  </code>
</codes>
<dc element="dc.date.created" value="1997-04-29"/>
<dc element="dc.publisher" value="Reuters Holdings Plc"/>
<dc element="dc.date.published" value="1997-04-29"/>
<dc element="dc.source" value="Reuters"/>
<dc element="dc.creator.location" value="NEW YORK"/>
<dc element="dc.creator.location.country.name" value="USA"/>
<dc element="dc.source" value="Reuters"/>
</metadata>
</newsitem>
