<?xml version="1.0" encoding="iso-8859-1" ?>
<newsitem itemid="545943" id="root" date="1997-04-29" xml:lang="en">
<title>UK: MOTOR RACING-LOLA BOSS CONFIRMS LIQUIDATION.</title>
<headline>MOTOR RACING-LOLA BOSS CONFIRMS LIQUIDATION.</headline>
<dateline>HUNTINGDON, England 1997-04-29</dateline>
<text>
<p>Briton Eric Broadley, the boss of the Lola Formula One motor racing team, confirmed on Tuesday that the outfit had gone into liquidation following Grand Prix failures this season.</p>
<p>Broadley's two cars, driven by Brazilian Ricardo Rosset and Italian Vincenzo Sospiri, failed to qualify for the season opening Australian Grand Prix in March after a lack of development and testing.</p>
<p>Three weeks later, he withdrew the team from the sport on the eve of the Brazilian Grand Prix with debts believed to be in the region of three million pounds ($4.9 million) after a leading sponsor pulled out.</p>
<p>Broadley had hoped to resurrect the team with different sponsors but, at a creditors meeting on Monday, no rescue package was forthcoming.</p>
<p>Although Broadley did not wish to comment on the matter, he did make it clear that the future of Lola Cars, a separate company that sells racing machinery around the world, was not under threat.</p>
</text>
<copyright>(c) Reuters Limited 1997</copyright>
<metadata>
<codes class="bip:countries:1.0">
  <code code="UK">
    <editdetail attribution="Reuters BIP Coding Group" action="confirmed" date="1997-04-29"/>
  </code>
</codes>
<codes class="bip:topics:1.0">
  <code code="GCAT">
    <editdetail attribution="Reuters BIP Coding Group" action="confirmed" date="1997-04-29"/>
  </code>
  <code code="GSPO">
    <editdetail attribution="Reuters BIP Coding Group" action="confirmed" date="1997-04-29"/>
  </code>
</codes>
<dc element="dc.date.created" value="1997-04-29"/>
<dc element="dc.publisher" value="Reuters Holdings Plc"/>
<dc element="dc.date.published" value="1997-04-29"/>
<dc element="dc.source" value="Reuters"/>
<dc element="dc.creator.location" value="HUNTINGDON, England"/>
<dc element="dc.creator.location.country.name" value="UK"/>
<dc element="dc.source" value="Reuters"/>
</metadata>
</newsitem>
