<?xml version="1.0" encoding="iso-8859-1" ?>
<newsitem itemid="545995" id="root" date="1997-04-29" xml:lang="en">
<title>SWITZERLAND: SOCCER-FIFA SUSPENDS CHILAVERT AND ASPRILLA FOR FIGHTING.</title>
<headline>SOCCER-FIFA SUSPENDS CHILAVERT AND ASPRILLA FOR FIGHTING.</headline>
<dateline>ZURICH 1997-04-29</dateline>
<text>
<p>FIFA suspended Paraguayan goalkeeper Jose Chilavert and Columbia striker Faustino Asprilla on Tuesday as punishment for fighting during a World Cup match last month.</p>
<p>The volatile Chilavert received a four-match suspension and Asprilla was banned for two after the pair came to blows during a pivotal qualification match in Asuncion on April 2.</p>
<p>The incident triggered a melee involving players, both benches and police that delayed the match for five minutes. Paraguay went on to win 2-1.</p>
<p>Columbia's Victor Aristizabal was also suspended for three matches and fined 5,000 Swiss Francs ($3,390).</p>
<p>Argentine goalkeeper Ignacio Gonzalez and team mate Gustavo Zapata were both suspended for three matches with compriot Nelson Vivas for one for their part in a 10-minute scrap that erupted during a 2-1 defeat by Bolivia in La Paz..</p>
<p>Vivas was sent off for two bookable offences in quick succession and he was quickly followed by Zapata, who found time to argue with Bolivian players before leaving the pitch.</p>
<p>The match ended in a brawl apparently sparked by a row between Argentine striker Julio Cruz and members of the Bolivian team bench.</p>
<p>Jose Manuel Trujillo, the equipment manager for Bolivia has been suspended permanently from all footballing activies and Argentine coach Daniel Passarella was fined 10,000 Swiss francs.</p>
<p>The Bolivian Football Association was also fined 100,000 Swiss Francs and Argentina 50,000. ($ = 1.471 Swiss Francs)</p>
</text>
<copyright>(c) Reuters Limited 1997</copyright>
<metadata>
<codes class="bip:countries:1.0">
  <code code="COL">
    <editdetail attribution="Reuters BIP Coding Group" action="confirmed" date="1997-04-29"/>
  </code>
  <code code="PARA">
    <editdetail attribution="Reuters BIP Coding Group" action="confirmed" date="1997-04-29"/>
  </code>
  <code code="SWITZ">
    <editdetail attribution="Reuters BIP Coding Group" action="confirmed" date="1997-04-29"/>
  </code>
</codes>
<codes class="bip:topics:1.0">
  <code code="GCAT">
    <editdetail attribution="Reuters BIP Coding Group" action="confirmed" date="1997-04-29"/>
  </code>
  <code code="GSPO">
    <editdetail attribution="Reuters BIP Coding Group" action="confirmed" date="1997-04-29"/>
  </code>
</codes>
<dc element="dc.date.created" value="1997-04-29"/>
<dc element="dc.publisher" value="Reuters Holdings Plc"/>
<dc element="dc.date.published" value="1997-04-29"/>
<dc element="dc.source" value="Reuters"/>
<dc element="dc.creator.location" value="ZURICH"/>
<dc element="dc.creator.location.country.name" value="SWITZERLAND"/>
<dc element="dc.source" value="Reuters"/>
</metadata>
</newsitem>
