<?xml version="1.0" encoding="iso-8859-1" ?>
<newsitem itemid="545957" id="root" date="1997-04-29" xml:lang="en">
<title>UK: SOCCER-UNDER-21 EUROPEAN CHAMPIONSHIP RESULTS/STANDINGS.</title>
<headline>SOCCER-UNDER-21 EUROPEAN CHAMPIONSHIP RESULTS/STANDINGS.</headline>
<dateline>LONDON 1997-04-29</dateline>
<text>
<p>Results of European Under-21</p>
<p>soccer championship qualifiers played on Tuesday:</p>
<p>Group one</p>
<p>   Greece	   2	    Croatia	 0</p>
<p>    Standings	 P  W  D  L  F  A  Pts</p>
<p> Greece		 6  4  1  1  7  3   13</p>
<p> Croatia		5  2  0  3  5  6    6</p>
<p> Slovenia	     4  2  0  2  4  5    6</p>
<p> Bosnia		 4  1  1  2  3  4    4</p>
<p> Denmark		3  1  0  2  4  5    3</p>
<p>Group two</p>
<p>    England	 0	    Georgia	 0</p>
<p> 1. England		5  3  2  0  4   0  11</p>
<p> 2. Italy		  5  3  1  1 16   2  10</p>
<p> 3. Moldova		4  1  0  3  3  12   3</p>
<p> 4. Poland		 3  0  2  1  2   4   2</p>
<p> 5. Georgia		3  0  1  2  0   7   1</p>
<p>Group three</p>
<p>    Norway	  3	    Finland	 0</p>
<p>    Switzerland   4	    Hungary	 1</p>
<p> 1. Norway		 4  3  1  0 15   5  10</p>
<p> 2. France		 3  2  1  0  4   1   7</p>
<p> 3. Finland		3  1  1  1  3   4   4</p>
<p> 4. Switzerland	  4  1  1  2  8  10   4</p>
<p> 5. Hungary		4  0  0  4  2  11   0</p>
<p>Group four</p>
<p>    Austria	 7	    Estonia	 1</p>
<p>    Latvia	  0	    Belarus	 3</p>
<p>    Sweden	  2	    Scotland	1</p>
<p> 1. Belarus		5  4  1  0  12   3  13</p>
<p> 2. Sweden		 5  4  0  1  13   6  12</p>
<p> 3. Austria		5  3  1  1  14   6  10</p>
<p> 4. Scotland	     7  2  1  4   8  12   7</p>
<p> 5. Latvia		 5  0  2  3   0   7   2</p>
<p> 6. Estonia		5  0  1  4   3  16   1</p>
<p>Group five</p>
<p>    Russia	  8	    Luxembourg     0</p>
<p> 1. Israel		 5  4  1  0  11   2  13</p>
<p> 2. Russia		 5  4  0  1  21   3  12</p>
<p> 3. Bulgaria	     4  2  0  2   7   6   6</p>
<p> 4. Cyprus		 5  1  1  3   6  10   4</p>
<p> 5. Luxembourg	   5  0  0  5   2  26   0</p>
<p>Group six</p>
<p>    Yugoslavia    1	     Spain	    2</p>
<p> 1. Spain		  6  5  1  0  10   3  16</p>
<p> 2. Yugoslavia	   5  3  0  2   6   3   9</p>
<p> 3. Slovakia	     3  2  1  0  10   1   7</p>
<p> 4. Czech Republic     4  1  0  3   5   6   3</p>
<p> 5. Malta		  6  0  0  6   0  18   0</p>
<p>Group seven</p>
<p>    San Marino    0		Holland	  7</p>
<p>    Turkey	  2		Belgium	  1</p>
<p> 1. Netherlands	  6  4  1  1  18   3  13</p>
<p> 2. Wales		  6  4  0  2   9   5  12</p>
<p> 3. Turkey		 5  3  0  2   9   4   9</p>
<p> 4. Belgium		5  2  1  2  10   7   7</p>
<p> 5. San Marino	   6  0  0  6   1  28   0</p>
<p>Group eight</p>
<p>    Romania	 1		Rep of Ireland  0</p>
<p> 1. Romania		5  5  0  0   9   4  15</p>
<p> 2. Iceland		4  3  0  1   8   3   9</p>
<p> 3. Ireland		4  2  0  2   8   2   6</p>
<p> 4. Lithuania	    3  0  0  3   2   7   0</p>
<p> 5. Macedonia	    4  0  0  4   0  11   0</p>
<p>Group nine</p>
<p>    Germany	 2		Ukraine	  0</p>
<p> 1. Germany		4  4  0  0   9   1  12</p>
<p> 2. Portugal	     5  3  0  2  10   8   9</p>
<p> 3. Ukraine		4  2  0  2   4   3   6</p>
<p> 4. Albania		4  1  0  3   5  13   3</p>
<p> 5. Armenia		3  0  0  3   5   8   0</p>
</text>
<copyright>(c) Reuters Limited 1997</copyright>
<metadata>
<codes class="bip:countries:1.0">
  <code code="BSHZG">
    <editdetail attribution="Reuters BIP Coding Group" action="confirmed" date="1997-04-29"/>
  </code>
  <code code="CRTIA">
    <editdetail attribution="Reuters BIP Coding Group" action="confirmed" date="1997-04-29"/>
  </code>
  <code code="DEN">
    <editdetail attribution="Reuters BIP Coding Group" action="confirmed" date="1997-04-29"/>
  </code>
  <code code="GREECE">
    <editdetail attribution="Reuters BIP Coding Group" action="confirmed" date="1997-04-29"/>
  </code>
  <code code="GRGIA">
    <editdetail attribution="Reuters BIP Coding Group" action="confirmed" date="1997-04-29"/>
  </code>
  <code code="SLVNIA">
    <editdetail attribution="Reuters BIP Coding Group" action="confirmed" date="1997-04-29"/>
  </code>
  <code code="UK">
    <editdetail attribution="Reuters BIP Coding Group" action="confirmed" date="1997-04-29"/>
  </code>
</codes>
<codes class="bip:topics:1.0">
  <code code="GCAT">
    <editdetail attribution="Reuters BIP Coding Group" action="confirmed" date="1997-04-29"/>
  </code>
  <code code="GSPO">
    <editdetail attribution="Reuters BIP Coding Group" action="confirmed" date="1997-04-29"/>
  </code>
</codes>
<dc element="dc.date.created" value="1997-04-29"/>
<dc element="dc.publisher" value="Reuters Holdings Plc"/>
<dc element="dc.date.published" value="1997-04-29"/>
<dc element="dc.source" value="Reuters"/>
<dc element="dc.creator.location" value="LONDON"/>
<dc element="dc.creator.location.country.name" value="UK"/>
<dc element="dc.source" value="Reuters"/>
</metadata>
</newsitem>
