<?xml version="1.0" encoding="iso-8859-1" ?>
<newsitem itemid="545941" id="root" date="1997-04-29" xml:lang="en">
<title>ITALY: SOCCER-FIORENTINA FINED AND BANNED AFTER VIOLENCE.</title>
<headline>SOCCER-FIORENTINA FINED AND BANNED AFTER VIOLENCE.</headline>
<dateline>FLORENCE, Italy 1997-04-29</dateline>
<text>
<p>Fiorentina were ordered to play their next two European matches 500 kms from Florence and were also fined 75,000 Swiss francs ($51,000) by UEFA on Tuesday.</p>
<p>European soccer's governing body punished the Italian club following disturbances when they played Barcelona in the second leg of their European Cup Winners' Cup semifinal second leg last Wednesday.</p>
<p>Fiorentina said immediately that they would appeal against the stadium ban and a four-match European sanction imposed on Portuguese midfielder Rui Costa for insulting the Swedish referee after the match.</p>
<p>Barcelona coach Bobby Robson was hit by a bottle while players Sergei Barjuan and Ivan de la Pena were hit by other objects thrown by Fiorentina fans as the Spaniards won 2-0 at the Artemio Franchi Stadium to go through 3-1 on aggregate.</p>
<p>The referee repeatedly threatened to suspend the match and fans were warned.</p>
<p>UEFA's Control and Disciplinary Committee who made the decisions, also suspended Fiorentina's Swede Stefan Schwarz for three matches for insulting the referee.</p>
<p>Fiorentina's Luis Oliveira, who was sent off, was suspended for two matches as was Barcelona's Miguel Nadal.</p>
<p>&quot;We accept the ruling calmly but the four match ban given to Rui Costa we cannot explain,&quot; said Fiorentina general manager Giancarlo Antognoni. &quot;He was the captain, he was supposed to talk to the referee.</p>
<p>&quot;We will appeal against the stadium ban as well as those on the players although, I repeat, we respect UEFA's sentence.&quot;</p>
<p>Antognoni added that he hoped the fans, who have one of the worst reputations in Italy, had learned their lesson.</p>
<p>Rui Costa, captain for the night in the absence of suspended Argentine Gabriel Batistuta, said he was stunned by the ban and denied swearing.</p>
<p>&quot;Its the first time that I have been banned since I started playing in serie A and that says a lot about my behaviour. I hope the club's appeal goes through and then I will say what there is to say,&quot; he said.</p>
<p>&quot;There is no reason for this ban unless my English, which I used to speak to the referee, is really that bad.&quot;</p>
<p>In February, Fiorentina fans stoned the Juventus team bus in Florence and injured 20 policemen and fans.</p>
<p>Four windows on one side of the bus were smashed and three Juventus players, Alessandro Del Piero, Angelo Peruzzi and Michelangelo Rampulla were lucky to escape uninjured.</p>
<p>The committee also fined AEK Athens 40,000 Swiss francs because of what they deemed bad organisation and behaviour of the Greek fans at the European Cup Winners' Cup quarter final against Paris Saint Germain in Athens in March.</p>
</text>
<copyright>(c) Reuters Limited 1997</copyright>
<metadata>
<codes class="bip:countries:1.0">
  <code code="ITALY">
    <editdetail attribution="Reuters BIP Coding Group" action="confirmed" date="1997-04-29"/>
  </code>
</codes>
<codes class="bip:topics:1.0">
  <code code="GCAT">
    <editdetail attribution="Reuters BIP Coding Group" action="confirmed" date="1997-04-29"/>
  </code>
  <code code="GSPO">
    <editdetail attribution="Reuters BIP Coding Group" action="confirmed" date="1997-04-29"/>
  </code>
</codes>
<dc element="dc.date.created" value="1997-04-29"/>
<dc element="dc.publisher" value="Reuters Holdings Plc"/>
<dc element="dc.date.published" value="1997-04-29"/>
<dc element="dc.source" value="Reuters"/>
<dc element="dc.creator.location" value="FLORENCE, Italy"/>
<dc element="dc.creator.location.country.name" value="ITALY"/>
<dc element="dc.source" value="Reuters"/>
</metadata>
</newsitem>
