<?xml version="1.0" encoding="iso-8859-1" ?>
<newsitem itemid="545960" id="root" date="1997-04-29" xml:lang="en">
<title>UK: RUGBY UNION-F1 BOSS WALKINSHAW ENTERS RUGBY FAST LANE.</title>
<headline>RUGBY UNION-F1 BOSS WALKINSHAW ENTERS RUGBY FAST LANE.</headline>
<dateline>LONDON 1997-04-28</dateline>
<text>
<p>Tom Walkinshaw, boss of the Arrows Formula One team, moved into the fast lane of English club rugby on Tuesday.</p>
<p>He confirmed he was planning a long-term investment in first division Gloucester who signed former French captain Philippe Saint-Andre earlier this month.</p>
<p>Walkinshaw, who recruited F1 world champion Damon Hill this season, would not say how much money he planned to pump into the club but said his aim was to take Gloucester &quot;right to the top&quot;.</p>
</text>
<copyright>(c) Reuters Limited 1997</copyright>
<metadata>
<codes class="bip:countries:1.0">
  <code code="UK">
    <editdetail attribution="Reuters BIP Coding Group" action="confirmed" date="1997-04-29"/>
  </code>
</codes>
<codes class="bip:topics:1.0">
  <code code="GCAT">
    <editdetail attribution="Reuters BIP Coding Group" action="confirmed" date="1997-04-29"/>
  </code>
  <code code="GSPO">
    <editdetail attribution="Reuters BIP Coding Group" action="confirmed" date="1997-04-29"/>
  </code>
</codes>
<dc element="dc.date.created" value="1997-04-28"/>
<dc element="dc.publisher" value="Reuters Holdings Plc"/>
<dc element="dc.date.published" value="1997-04-29"/>
<dc element="dc.source" value="Reuters"/>
<dc element="dc.creator.location" value="LONDON"/>
<dc element="dc.creator.location.country.name" value="UK"/>
<dc element="dc.source" value="Reuters"/>
</metadata>
</newsitem>
