<?xml version="1.0" encoding="iso-8859-1" ?>
<newsitem itemid="545961" id="root" date="1997-04-29" xml:lang="en">
<title>UK: SOCCER-U.S. AIM TO RULE WORLD -- EVENTUALLY.</title>
<headline>SOCCER-U.S. AIM TO RULE WORLD -- EVENTUALLY.</headline>
<byline>Keith Weir</byline>
<dateline>LONDON 1997-04-29</dateline>
<text>
<p>The Americans want to build a World Cup-winning team as part of their drive to establish soccer in the United States, one of the leaders of their fledgling league said on Tuesday.</p>
<p>&quot;Our goal is to win the World Cup by 2010,&quot; said Sunil Gulati, Major League Soccer (MLS) deputy commissioner, conceding that his country had a lot of work to do to reach that target.</p>
<p>The Americans reached the second round of the 1994 World Cup before losing to eventual winners Brazil. But the main legacy of that U.S.-based tournament was the establishment of MLS -- a domestic league.</p>
<p>Gulati told the SoccerEx 97 conference that the development of talented homegrown players was needed to ensure that the MLS did not go the same way as its predecessor, the NASL.</p>
<p>The NASL brought veterans such as Pele and Franz Beckenbuer to play in the U.S. in the 1970s amid great excitement and big crowds. But it failed to put down firm roots and ultimately withered and died.</p>
<p>The MLS plans to develop a scholarship programme to allow talented teenagers to train with clubs while continuing their studies. The aim is to develop players good enough to attract the crowds and finally make the national team competitive with the dominant Europeans and South Americans.</p>
<p>Gulati said soccer was seeking a place at the top table of U.S sports alongside American football, baseball, basketball and ice hockey.</p>
<p>&quot;The goal is to be one of the five major U.S. sports.&quot;</p>
<p>The MLS was launched last year with 10 clubs, attracting an average of more than 17,000 fans to its matches. It will expand to 12 teams next season as Miami and Chicago are given franchises.</p>
<p>The MLS, which recruits players centrally, has tried to stimulate interest among America's Hispanic population by signing top Latin Americans such as Colombia's Carlos Valderrama.</p>
<p>But soccer still faces an uphill struggle in a nation where 90 percent of the population do not know its basic rules.</p>
<p>Gulati said that the MLS had been cautious in its initial investment, spending just $45 million on players fees and salaries in its first two years.</p>
<p>He contrasted this with the more aggressive and expensive tactics of Japan's J. League but said only time would tell if the MLS had got its strategy right.</p>
<p>&quot;We won't know the answer for five-10 years,&quot; he said.</p>
</text>
<copyright>(c) Reuters Limited 1997</copyright>
<metadata>
<codes class="bip:countries:1.0">
  <code code="UK">
    <editdetail attribution="Reuters BIP Coding Group" action="confirmed" date="1997-04-29"/>
  </code>
  <code code="USA">
    <editdetail attribution="Reuters BIP Coding Group" action="confirmed" date="1997-04-29"/>
  </code>
</codes>
<codes class="bip:topics:1.0">
  <code code="GCAT">
    <editdetail attribution="Reuters BIP Coding Group" action="confirmed" date="1997-04-29"/>
  </code>
  <code code="GSPO">
    <editdetail attribution="Reuters BIP Coding Group" action="confirmed" date="1997-04-29"/>
  </code>
</codes>
<dc element="dc.date.created" value="1997-04-29"/>
<dc element="dc.publisher" value="Reuters Holdings Plc"/>
<dc element="dc.date.published" value="1997-04-29"/>
<dc element="dc.source" value="Reuters"/>
<dc element="dc.creator.location" value="LONDON"/>
<dc element="dc.creator.location.country.name" value="UK"/>
<dc element="dc.source" value="Reuters"/>
</metadata>
</newsitem>
