<?xml version="1.0" encoding="iso-8859-1" ?>
<newsitem itemid="545924" id="root" date="1997-04-29" xml:lang="en">
<title>USA: Telespectrum Q1 shr rises.</title>
<headline>Telespectrum Q1 shr rises.</headline>
<dateline>NEW YORK 1997-04-29</dateline>
<text>
<p>1997			1996</p>
<p> Shr		 $0.11		    $0.03</p>
<p> Net		 2,698		    649</p>
<p> Revs		49,154		   26,470</p>
<p> Avg shrs	  25,308		   21,070</p>
<p>(All data above 000s except per share numbers)</p>
<p>NOTE: 1996 first quarter results are supplemental pro forma.</p>
<p>Supplemental pro forma results of operations include the pro forma results of operations of the operating businesses acquired in connection with the August 1996 initial public offering for the periods prior to the initial public offering and actual results of operations for Telespectrum Worldwide thereafter.</p>
</text>
<copyright>(c) Reuters Limited 1997</copyright>
<metadata>
<codes class="bip:countries:1.0">
  <code code="USA">
    <editdetail attribution="Reuters BIP Coding Group" action="confirmed" date="1997-04-29"/>
  </code>
</codes>
<codes class="bip:industries:1.0">
  <code code="I79020">
    <editdetail attribution="Reuters BIP Coding Group" action="confirmed" date="1997-04-29"/>
  </code>
</codes>
<codes class="bip:topics:1.0">
  <code code="C15">
    <editdetail attribution="Reuters BIP Coding Group" action="confirmed" date="1997-04-29"/>
  </code>
  <code code="C151">
    <editdetail attribution="Reuters BIP Coding Group" action="confirmed" date="1997-04-29"/>
  </code>
  <code code="CCAT">
    <editdetail attribution="Reuters BIP Coding Group" action="confirmed" date="1997-04-29"/>
  </code>
</codes>
<dc element="dc.date.created" value="1997-04-29"/>
<dc element="dc.publisher" value="Reuters Holdings Plc"/>
<dc element="dc.date.published" value="1997-04-29"/>
<dc element="dc.source" value="Reuters"/>
<dc element="dc.creator.location" value="NEW YORK"/>
<dc element="dc.creator.location.country.name" value="USA"/>
<dc element="dc.source" value="Reuters"/>
</metadata>
</newsitem>
