<?xml version="1.0" encoding="iso-8859-1" ?>
<newsitem itemid="545982" id="root" date="1997-04-29" xml:lang="en">
<title>USA: NBA BASKETBALL-KNICKS, JAZZ SWEEP FIRST-ROUND PLAYOFFS.</title>
<headline>NBA BASKETBALL-KNICKS, JAZZ SWEEP FIRST-ROUND PLAYOFFS.</headline>
<dateline>NEW YORK 1997-04-29</dateline>
<text>
<p>Reserves Buck Williams and John Starks combined for all nine points in a fourth-quarter run as the New York Knicks beat the Charlotte Hornets, 104-95, completing a three-game sweep of their Eastern Conference first-round series on Monday.</p>
<p>Former Hornet Larry Johnson scored 22 points and Allan Houston added 20 to lead seven players in double figures for New York. The Knicks, the third seed in the East, will play the winner of the Miami-Orlando series in the conference semifinals. Miami leads that series, 2-0.</p>
<p>&quot;I'm looking forward to the next matchup,&quot; said Knicks centre Patrick Ewing, perhaps looking ahead to a showdown with former coach Pat Riley and Miami. &quot;I'm going to enjoy this one.&quot;</p>
<p>Glen Rice scored 22 points and Muggsy Bogues added 19 for Charlotte, which tied the game early in the fourth quarter but never led in the second half.</p>
<p>Anthony Mason added 14 points and 11 rebounds for the Hornets, who made their second first-round exit in three playoff appearances.</p>
<p>&quot;(Neither) I or my teammates did not expect to be swept in the first round of the playoffs,&quot; said Mason, who was traded for Johnson in the off-season. &quot;Not by the Knicks, not by anyone.&quot;</p>
<p>Starks and Ewing had 16 points apiece for the Knicks, who again blistered Charlotte's defence.</p>
<p>&quot;I told the guys that this was not an end, but a beginning,&quot; said Charlotte coach Dave Cowens. &quot;We gave up 25 layups. You can't win games like that.&quot;</p>
<p>At Utah, Karl Malone scored seven of his 26 points in a run that closed the first half and the Utah Jazz swept the Los Angeles Clippers 104-92 in their Western Conference first-round series.</p>
<p>Jeff Hornacek had 28 points to lead the Jazz, the top seed in the West. Utah will play the winner of series between Portland and the Los Angeles Lakers in the conference semifinals. The Lakers lead that best-of-five series 2-0.</p>
<p>&quot;I don't think anybody's intimidated by us,&quot; said Utah coach Jerry Sloan. &quot;The Clippers played us as hard as they could. They made some shots, I don't think anyone is intimidated by us. I don't know how good our team is.&quot;</p>
<p>Loy Vaught, who missed the entire second quarter with foul trouble, scored 20 points and Brent Barry added 17 for the Clippers.</p>
<p>&quot;They swept it,&quot; said Los Angeles Clippers coach Bill Fitch. &quot;Give them all the credit.  We played as hard as we could and as well as we could most of the time.&quot;</p>
</text>
<copyright>(c) Reuters Limited 1997</copyright>
<metadata>
<codes class="bip:countries:1.0">
  <code code="USA">
    <editdetail attribution="Reuters BIP Coding Group" action="confirmed" date="1997-04-29"/>
  </code>
</codes>
<codes class="bip:topics:1.0">
  <code code="GCAT">
    <editdetail attribution="Reuters BIP Coding Group" action="confirmed" date="1997-04-29"/>
  </code>
  <code code="GSPO">
    <editdetail attribution="Reuters BIP Coding Group" action="confirmed" date="1997-04-29"/>
  </code>
</codes>
<dc element="dc.date.created" value="1997-04-29"/>
<dc element="dc.publisher" value="Reuters Holdings Plc"/>
<dc element="dc.date.published" value="1997-04-29"/>
<dc element="dc.source" value="Reuters"/>
<dc element="dc.creator.location" value="NEW YORK"/>
<dc element="dc.creator.location.country.name" value="USA"/>
<dc element="dc.source" value="Reuters"/>
</metadata>
</newsitem>
