<?xml version="1.0" encoding="iso-8859-1" ?>
<newsitem itemid="546035" id="root" date="1997-04-29" xml:lang="en">
<title>ROMANIA: RADIO ROMANIA AFTERNOON HEADLINES AT 1 PM.</title>
<headline>RADIO ROMANIA AFTERNOON HEADLINES AT 1 PM.</headline>
<dateline>BUCHAREST 1997-04-29</dateline>
<text>
<p>Radio Romania news:</p>
<p>* President Emil Constantinescu met Turkish President Suleyman Demirel in Ankara to discuss bilateral and regional cooperation.</p>
<p>* Senate chairman Petre Roman started an official visit to Hungary. Roman will meet his Hungarian counterpart Zoltan Gal and Foreign Minister Laszlo Kovacs.</p>
<p>* German Foreign Minister Klaus Kinkel is expected to arrive for a two-day visit to Romania on Wednesday. He will meet Constantinescu, Prime Minister Victor Ciorbea.</p>
<p>Kinkel will also hold a speach in front of a joint session of parliament on Wednesday.</p>
<p>* A German-Romanian business conference opened in Bucharest on Tuesday.</p>
<p>* Defence Minister Victor Babiuc will meet U.S. Defence Secretary William Cohen and Pentagon officials in Washington as part of his visit to lobby for Romania's early NATO entrance.</p>
<p>* The government is holding a session to discuss ratification of Romania's accord to join the Central European Free Trade Association and other draft laws on child allowances and social security issues.</p>
<p>* Romania will take steps to bring its land and house restitution laws in line with recommendations made by the Council of Europe. -- Bucharest Newsromm 40-1 3120264</p>
</text>
<copyright>(c) Reuters Limited 1997</copyright>
<metadata>
<codes class="bip:countries:1.0">
  <code code="ROM">
    <editdetail attribution="Reuters BIP Coding Group" action="confirmed" date="1997-04-29"/>
  </code>
</codes>
<codes class="bip:topics:1.0">
  <code code="GCAT">
    <editdetail attribution="Reuters BIP Coding Group" action="confirmed" date="1997-04-29"/>
  </code>
</codes>
<dc element="dc.date.created" value="1997-04-29"/>
<dc element="dc.publisher" value="Reuters Holdings Plc"/>
<dc element="dc.date.published" value="1997-04-29"/>
<dc element="dc.source" value="Reuters"/>
<dc element="dc.creator.location" value="BUCHAREST"/>
<dc element="dc.creator.location.country.name" value="ROMANIA"/>
<dc element="dc.source" value="Reuters"/>
</metadata>
</newsitem>
