<?xml version="1.0" encoding="iso-8859-1" ?>
<newsitem itemid="546063" id="root" date="1997-04-29" xml:lang="en">
<title>ESTONIA: UHIS SIGNS DEAL ON TALLINN CITY FUNDS.</title>
<headline>UHIS SIGNS DEAL ON TALLINN CITY FUNDS.</headline>
<dateline>TALLINN 1997-04-29</dateline>
<text>
<p>Uhispank and Tallinn city government on Tuesday formally signed an agreement under which Uhispank will manage the city's funds.</p>
<p>&quot;The city government can see the information real time and its gets double liquidity and double control of its budget resources,&quot; mayor Robert Lepikson told a news conference.</p>
<p>The funds to be deposited in the bank are worth some 2.1 billion kroons and mean that Uhispank is now managing nearly 100 percent of the city's cash.</p>
<p>The bank is paying an average 3.5 percent to the city for its deposits.</p>
<p>-- Eva Palu, Tallinn newsroom +372 630 8400</p>
</text>
<copyright>(c) Reuters Limited 1997</copyright>
<metadata>
<codes class="bip:countries:1.0">
  <code code="ESTNIA">
    <editdetail attribution="Reuters BIP Coding Group" action="confirmed" date="1997-04-29"/>
  </code>
</codes>
<codes class="bip:industries:1.0">
  <code code="I81402">
    <editdetail attribution="Reuters BIP Coding Group" action="confirmed" date="1997-04-29"/>
  </code>
</codes>
<codes class="bip:topics:1.0">
  <code code="C33">
    <editdetail attribution="Reuters BIP Coding Group" action="confirmed" date="1997-04-29"/>
  </code>
  <code code="CCAT">
    <editdetail attribution="Reuters BIP Coding Group" action="confirmed" date="1997-04-29"/>
  </code>
</codes>
<dc element="dc.date.created" value="1997-04-29"/>
<dc element="dc.publisher" value="Reuters Holdings Plc"/>
<dc element="dc.date.published" value="1997-04-29"/>
<dc element="dc.source" value="Reuters"/>
<dc element="dc.creator.location" value="TALLINN"/>
<dc element="dc.creator.location.country.name" value="ESTONIA"/>
<dc element="dc.source" value="Reuters"/>
</metadata>
</newsitem>
