<?xml version="1.0" encoding="iso-8859-1" ?>
<newsitem itemid="546060" id="root" date="1997-04-29" xml:lang="en">
<title>LATVIA: MARCH INDUSTRIAL OUTPUT UP 5.3 PCT MO/MO.</title>
<headline>MARCH INDUSTRIAL OUTPUT UP 5.3 PCT MO/MO.</headline>
<dateline>RIGA 1997-04-29</dateline>
<text>
<p>Industrial production in Latvia</p>
<p>rose 5.3 percent on a month-on-month basis in March for a 1.1</p>
<p>percent rise on a year-on-year basis, the statistics committee</p>
<p>said on Tuesday.</p>
<p>The committee said in a statement that the percentage rises</p>
<p>were measures in constant prices.</p>
<p>The amount of industrial output in current prices in March</p>
<p>this year was 119.3 million lats.</p>
<p>The main factor in the rise of output from February to March</p>
<p>was growth in production of specialised machinery such as</p>
<p>agricultural and machine tools by 27.4 percent.</p>
<p>Minerals output -- bricks, cement and gypsum -- saw a rise</p>
<p>of 20.9 percent while food produce and drinks rose 19.8 percent.</p>
<p>Between March 1996 and March 1997, processing industry saw a</p>
<p>rise in output of 6.2 percent while extraction industry saw a</p>
<p>fall in output of 23.2 percent and gas and water production fell</p>
<p>11.6 percent.</p>
<p>-- Riga newsroom, +371 721 5240</p>
</text>
<copyright>(c) Reuters Limited 1997</copyright>
<metadata>
<codes class="bip:countries:1.0">
  <code code="LATV">
    <editdetail attribution="Reuters BIP Coding Group" action="confirmed" date="1997-04-29"/>
  </code>
</codes>
<codes class="bip:topics:1.0">
  <code code="E31">
    <editdetail attribution="Reuters BIP Coding Group" action="confirmed" date="1997-04-29"/>
  </code>
  <code code="E311">
    <editdetail attribution="Reuters BIP Coding Group" action="confirmed" date="1997-04-29"/>
  </code>
  <code code="ECAT">
    <editdetail attribution="Reuters BIP Coding Group" action="confirmed" date="1997-04-29"/>
  </code>
</codes>
<dc element="dc.date.created" value="1997-04-29"/>
<dc element="dc.publisher" value="Reuters Holdings Plc"/>
<dc element="dc.date.published" value="1997-04-29"/>
<dc element="dc.source" value="Reuters"/>
<dc element="dc.creator.location" value="RIGA"/>
<dc element="dc.creator.location.country.name" value="LATVIA"/>
<dc element="dc.source" value="Reuters"/>
</metadata>
</newsitem>
