<?xml version="1.0" encoding="iso-8859-1" ?>
<newsitem itemid="546051" id="root" date="1997-04-29" xml:lang="en">
<title>LATVIA: KAIJA TO BOOST BALTIC MARKET SHARE.</title>
<headline>KAIJA TO BOOST BALTIC MARKET SHARE.</headline>
<dateline>RIGA 1997-04-29</dateline>
<text>
<p>Kaija fish cannery said on Tuesday it aims to boost its 1997 profit by increasing its share of the Baltic market, adding a new processing line and improving its management and accountancy systems.</p>
<p>The company earlier announced audited 1996 profits of 639,893 lats versus a 1995 loss of 200,615 lats. It also forecast a 1997 profit of 1.1 million lats.</p>
<p>The company said it would also boost its business with new types of products and modern packaging.</p>
<p>Kaija in late 1996 was exporting produce worth some eight milion lats while the local market accounted for turnover worth 3.3 million lats.</p>
<p>Kaija said a new fish processing line would cost one million lats and it would be able to produce ISO 9000 quality.</p>
<p>Kaija plans further to improve its sales network and 100,000 lats would be spent on joint ventures in Russia and Belaru to boost sales there.</p>
<p>An improvement in the management and book-keeping system was also among its 1997 priorities.</p>
<p>-- Martinsh Gravitis Riga Newsroom, +371 721 5240</p>
</text>
<copyright>(c) Reuters Limited 1997</copyright>
<metadata>
<codes class="bip:countries:1.0">
  <code code="LATV">
    <editdetail attribution="Reuters BIP Coding Group" action="confirmed" date="1997-04-29"/>
  </code>
</codes>
<codes class="bip:industries:1.0">
  <code code="I41500">
    <editdetail attribution="Reuters BIP Coding Group" action="confirmed" date="1997-04-29"/>
  </code>
</codes>
<codes class="bip:topics:1.0">
  <code code="C11">
    <editdetail attribution="Reuters BIP Coding Group" action="confirmed" date="1997-04-29"/>
  </code>
  <code code="C15">
    <editdetail attribution="Reuters BIP Coding Group" action="confirmed" date="1997-04-29"/>
  </code>
  <code code="C152">
    <editdetail attribution="Reuters BIP Coding Group" action="confirmed" date="1997-04-29"/>
  </code>
  <code code="C31">
    <editdetail attribution="Reuters BIP Coding Group" action="confirmed" date="1997-04-29"/>
  </code>
  <code code="CCAT">
    <editdetail attribution="Reuters BIP Coding Group" action="confirmed" date="1997-04-29"/>
  </code>
</codes>
<dc element="dc.date.created" value="1997-04-29"/>
<dc element="dc.publisher" value="Reuters Holdings Plc"/>
<dc element="dc.date.published" value="1997-04-29"/>
<dc element="dc.source" value="Reuters"/>
<dc element="dc.creator.location" value="RIGA"/>
<dc element="dc.creator.location.country.name" value="LATVIA"/>
<dc element="dc.source" value="Reuters"/>
</metadata>
</newsitem>
