<?xml version="1.0" encoding="iso-8859-1" ?>
<newsitem itemid="546048" id="root" date="1997-04-29" xml:lang="en">
<title>ESTONIA: ANALYSIS-ESTONIA 1996 GDP MAY BE HIGHER.</title>
<headline>ANALYSIS-ESTONIA 1996 GDP MAY BE HIGHER.</headline>
<byline>Eva Palu</byline>
<dateline>TALLINN 1997-04-29</dateline>
<text>
<p>Statistics for Estonia's economic growth on Tuesday were lower than in 1995 but analysts said the real figures for last year are probably several percentage points higher than official figures.</p>
<p>The statistics office earlier said that GDP rose four percent last year after 4.3 percent growth in 1995.</p>
<p>But analysts said the figures were not showing all economic activity as the shadow economy was not covered.</p>
<p>They also said various consumption indicators indicated a higher level of growth.</p>
<p>&quot;Estonia's economic growth is at the level of six to seven percent,&quot; said Aavo Kokk, board member of key bank Hoiupank.</p>
<p>Heido Vitsur, economic advisor to Prime Minister Mart Siimann, said that indicators such as growing wealth, construction activity, new car sales and retail sales also showed that the economy was growing quicker.</p>
<p>&quot;Indirect indicators show the economy has to liven up more,&quot; he told Reuters but said it was impossible to be exact.</p>
<p>The deputy head of the Estonian central bank's macroeconomic department, Teet Rajasalu, said the reason why growth in 1996 was lower than the year before was in the first quarter.</p>
<p>&quot;Growth would have been quicker without frozen ports and export difficulties in the first quarter,&quot; he said.</p>
<p>Hoiupank's Kokk said Estonia could maintain its growth due to the country's open economy.</p>
<p>&quot;While we are open, growth will continue. It is easier to make business and quicker to achieve results,&quot; he said.</p>
<p>But he noted quicker economic growth had its own dangers as the economy sucked in imports and worsened the trade and current account deficit.</p>
<p>Estonia's current account deficit was 5.3 billion kroons in 1996, up from 2.1 billion kroons a year before.</p>
<p>&quot;There is nothing worring at the moment, as the major part is capital goods, but the amount of consumption goods is increasing,&quot; Kokk said.</p>
<p>-- Eva Palu, Tallinn Newsroom, +372 6308 400, reuters@reuters.ee</p>
</text>
<copyright>(c) Reuters Limited 1997</copyright>
<metadata>
<codes class="bip:countries:1.0">
  <code code="ESTNIA">
    <editdetail attribution="Reuters BIP Coding Group" action="confirmed" date="1997-04-29"/>
  </code>
</codes>
<codes class="bip:topics:1.0">
  <code code="E11">
    <editdetail attribution="Reuters BIP Coding Group" action="confirmed" date="1997-04-29"/>
  </code>
  <code code="ECAT">
    <editdetail attribution="Reuters BIP Coding Group" action="confirmed" date="1997-04-29"/>
  </code>
</codes>
<dc element="dc.date.created" value="1997-04-29"/>
<dc element="dc.publisher" value="Reuters Holdings Plc"/>
<dc element="dc.date.published" value="1997-04-29"/>
<dc element="dc.source" value="Reuters"/>
<dc element="dc.creator.location" value="TALLINN"/>
<dc element="dc.creator.location.country.name" value="ESTONIA"/>
<dc element="dc.source" value="Reuters"/>
</metadata>
</newsitem>
