<?xml version="1.0" encoding="iso-8859-1" ?>
<newsitem itemid="546055" id="root" date="1997-04-29" xml:lang="en">
<title>LITHUANIA: SIAULIU SAYS HERMIS ACQUISITION NOT GUARANTEED.</title>
<headline>SIAULIU SAYS HERMIS ACQUISITION NOT GUARANTEED.</headline>
<byline>Andrius Vilkancas</byline>
<dateline>VILNIUS 1997-04-29</dateline>
<text>
<p>Lithuania's Siauliu Bank said on Tuesday that it was uncertain if Hermis Bank would be able to carry out its plans to acquire a majority stake in it.</p>
<p>Hermis Bank was given permission earlier this month by the central bank to increase its stake in the small regional bank. It currently holds just under ten percent of Siauliu Bank's shares.</p>
<p>But Siauliu Bank said there was no guarantee that its current owners would part with their shares.</p>
<p>&quot;Judging from the mood of the present shareholders, the majority of them do not seem to be inclined to sell their shares to Hermis Bank,&quot; Donatas Savickas, Siauliu Bank's deputy chairman, told Reuters.</p>
<p>&quot;Businessmen from Siauliu would like to keep the bank as an independent regional bank,&quot; he added.</p>
<p>The bank begins distributing a new 14 million litas share issue tomorrow and the current shareholders have the right for one month to buy into it on a proportional basis, Savickas said.</p>
<p>He also said that the bank had signed a letter of intent to sell the shares not bought by current shareholders to the U.S. Baltic Fund, the Lithuanian Development Bank, and representatives of Saudi Arabia's royal family.</p>
<p>No shareholder currently has more than a ten percent stake in the bank, Savickas said.</p>
<p>A dealer with Siauliu Bank told Reuters that the issue, which will boost the bank's share capital to 34 million litas from 20 million litas, should be distributed by July and registered with the Bank of Lithuania.</p>
<p>Hermis Bank deputy chairman Vytautas Palijanskas told Reuters that the bank still intended to acquire a higher stake in Siauliu Bank.</p>
<p>Siauliu Bank's share price soared last week in the wake of the news of Hermis' intentions but it has fallen steeply over the past three sessions.</p>
<p>Siauliu Bank is the only regional bank to have emerged relatively unscathed from the rubble of a string of bankruptcies in 1995 and 1996 which forced many smaller banks out of business.</p>
<p>It had a net profit last year of 3.9 million litas after posting a loss of 2.9 million litas the previous year.</p>
<p>-- Vilnius newsroom +370 2 22 35 18</p>
</text>
<copyright>(c) Reuters Limited 1997</copyright>
<metadata>
<codes class="bip:countries:1.0">
  <code code="LITH">
    <editdetail attribution="Reuters BIP Coding Group" action="confirmed" date="1997-04-29"/>
  </code>
</codes>
<codes class="bip:industries:1.0">
  <code code="I81402">
    <editdetail attribution="Reuters BIP Coding Group" action="confirmed" date="1997-04-29"/>
  </code>
</codes>
<codes class="bip:topics:1.0">
  <code code="C18">
    <editdetail attribution="Reuters BIP Coding Group" action="confirmed" date="1997-04-29"/>
  </code>
  <code code="C181">
    <editdetail attribution="Reuters BIP Coding Group" action="confirmed" date="1997-04-29"/>
  </code>
  <code code="CCAT">
    <editdetail attribution="Reuters BIP Coding Group" action="confirmed" date="1997-04-29"/>
  </code>
</codes>
<dc element="dc.date.created" value="1997-04-29"/>
<dc element="dc.publisher" value="Reuters Holdings Plc"/>
<dc element="dc.date.published" value="1997-04-29"/>
<dc element="dc.source" value="Reuters"/>
<dc element="dc.creator.location" value="VILNIUS"/>
<dc element="dc.creator.location.country.name" value="LITHUANIA"/>
<dc element="dc.source" value="Reuters"/>
</metadata>
</newsitem>
