<?xml version="1.0" encoding="iso-8859-1" ?>
<newsitem itemid="546000" id="root" date="1997-04-29" xml:lang="en">
<title>SWITZERLAND: SOCCER-FIORENTINA FINED AND BANNED FROM PLAYING AT HOME.</title>
<headline>SOCCER-FIORENTINA FINED AND BANNED FROM PLAYING AT HOME.</headline>
<dateline>GENEVA 1997-04-29</dateline>
<text>
<p>Fiorentina were ordered to play their next two European matches 500 kms from Florence and were also fined 75,000 Swiss francs ($51,000) by UEFA on Tuesday.</p>
<p>UEFA, European soccer's governing body, pounished the Italian club following disturbances when they played Barcelona in the second leg of their European Cup Winners Cup semifinal second leg last Wednesday.</p>
<p>Barcelona coach Bobby Robson was hit by a bottle while players Sergei Barjuan and Ivan de la Pena were hit by other objects thrown by Fiorentina fans as Barcelona beat Fiorentina 2-0 at the Artemio Franchi Stadium to clinch a place in the Cup Winners Cup Final on a 3-1 aggregate.</p>
<p>UEFA's Control and Disciplinary Committee who made the decisions, also suspended Fiorentina's Portuguese captain Rui Costa for four European matches and his Swedish team mate Stefan Schwarz for three matches for insulting the referee after the game.</p>
<p>Fiorentina's Luis Oliveira, who was sent off, was suspended for two matches as was Barcelona's Miguel Nadal who was also shown the red card.</p>
<p>The committee also fined AEK Athens 40,000 Swiss francs because of what they deemed bad organisation and behaviour of the Greek fans at the European Cup Winners Cyup quarterfinal against Paris Saint Germain in Athens in March.</p>
</text>
<copyright>(c) Reuters Limited 1997</copyright>
<metadata>
<codes class="bip:countries:1.0">
  <code code="ITALY">
    <editdetail attribution="Reuters BIP Coding Group" action="confirmed" date="1997-04-29"/>
  </code>
  <code code="PORL">
    <editdetail attribution="Reuters BIP Coding Group" action="confirmed" date="1997-04-29"/>
  </code>
  <code code="SPAIN">
    <editdetail attribution="Reuters BIP Coding Group" action="confirmed" date="1997-04-29"/>
  </code>
  <code code="SWITZ">
    <editdetail attribution="Reuters BIP Coding Group" action="confirmed" date="1997-04-29"/>
  </code>
</codes>
<codes class="bip:topics:1.0">
  <code code="GCAT">
    <editdetail attribution="Reuters BIP Coding Group" action="confirmed" date="1997-04-29"/>
  </code>
  <code code="GSPO">
    <editdetail attribution="Reuters BIP Coding Group" action="confirmed" date="1997-04-29"/>
  </code>
</codes>
<dc element="dc.date.created" value="1997-04-29"/>
<dc element="dc.publisher" value="Reuters Holdings Plc"/>
<dc element="dc.date.published" value="1997-04-29"/>
<dc element="dc.source" value="Reuters"/>
<dc element="dc.creator.location" value="GENEVA"/>
<dc element="dc.creator.location.country.name" value="SWITZERLAND"/>
<dc element="dc.source" value="Reuters"/>
</metadata>
</newsitem>
