<?xml version="1.0" encoding="iso-8859-1" ?>
<newsitem itemid="546069" id="root" date="1997-04-29" xml:lang="en">
<title>ESTONIA: HANSA INVEST TO TEST ASA MARKET PRICE.</title>
<headline>HANSA INVEST TO TEST ASA MARKET PRICE.</headline>
<dateline>TALLINN 1997-04-29</dateline>
<text>
<p>Hansa Investments, leading the share issue for ASA Insurance, said on Tuesday it will offer shares to various financial institutions before a public offer starts to determine at what price to set the shares.</p>
<p>&quot;After that there will be a public offer of 350,000 shares or 3.5 million kroons,&quot;  Hansa Investments vice-director Viktor Mahhov said in a statement.</p>
<p>ASA shareholders last week approved an 3.5 million kroons and a plan to get a bourse listing by the middle of June.</p>
<p>ASA 1996 turnover was 125 million kroons and its net profit was one million kroons compared to 91.9 million kroons and 1.3 million kroons in 1995.</p>
<p>Its share capital is 25.4 million kroons and equity 32.1 million kroons.</p>
<p>-- Eva Palu, Tallinn Newsroom, +372 630 8400, reuters@reuters.ee</p>
</text>
<copyright>(c) Reuters Limited 1997</copyright>
<metadata>
<codes class="bip:countries:1.0">
  <code code="ESTNIA">
    <editdetail attribution="Reuters BIP Coding Group" action="confirmed" date="1997-04-29"/>
  </code>
</codes>
<codes class="bip:industries:1.0">
  <code code="I82000">
    <editdetail attribution="Reuters BIP Coding Group" action="confirmed" date="1997-04-29"/>
  </code>
</codes>
<codes class="bip:topics:1.0">
  <code code="C17">
    <editdetail attribution="Reuters BIP Coding Group" action="confirmed" date="1997-04-29"/>
  </code>
  <code code="C171">
    <editdetail attribution="Reuters BIP Coding Group" action="confirmed" date="1997-04-29"/>
  </code>
  <code code="CCAT">
    <editdetail attribution="Reuters BIP Coding Group" action="confirmed" date="1997-04-29"/>
  </code>
</codes>
<dc element="dc.date.created" value="1997-04-29"/>
<dc element="dc.publisher" value="Reuters Holdings Plc"/>
<dc element="dc.date.published" value="1997-04-29"/>
<dc element="dc.source" value="Reuters"/>
<dc element="dc.creator.location" value="TALLINN"/>
<dc element="dc.creator.location.country.name" value="ESTONIA"/>
<dc element="dc.source" value="Reuters"/>
</metadata>
</newsitem>
