<?xml version="1.0" encoding="iso-8859-1" ?>
<newsitem itemid="546080" id="root" date="1997-04-29" xml:lang="en">
<title>POLAND: ZLOTY SEEN FLAT IN QUIET TRADE, O/N EASE.</title>
<headline>ZLOTY SEEN FLAT IN QUIET TRADE, O/N EASE.</headline>
<dateline>WARSAW 1997-04-29</dateline>
<text>
<p>The Polish zloty was drifting quietly sideways against the basket of currencies in early trade and dealers expected an uneventful day spent on trailing dollar/mark moves on world markets.</p>
<p>&quot;There is nothing happening on the market now and the zloty is likely to trail the dollar/mark rate throughout the day,&quot; said Tomasz Nowakowski of Bank Handlowy SA.</p>
<p>At 0825 GMT the zloty was at 3.1623/33 against the dollar and 1.8267/72 against the mark, up from 3.1630/40 and down from 1.8255/65 respectively at opening. It was also flat at 2.49/2.46 percent from the parity rate.  </p>
<p>On the money market overnight rates eased in early trade by 1.1 point to 20.50/21.90 percent from 21.00/23.00 at opening and some deales said they might ease further during the last day of April's reserve.</p>
<p>Tomorrow/next rates were seen underpinned at 23.10/23.40 percent against 21.0/23.0 percent at opening because they already fell into the new reserve period and banks wanted to keep cash on accounts over the long weekend.</p>
<p>Dealers also said some banks might be searching for cash to pay for T-bills bought on Monday with T/N value date.</p>
<p>-- Jan Strupczewski +48 22 653 9700</p>
</text>
<copyright>(c) Reuters Limited 1997</copyright>
<metadata>
<codes class="bip:countries:1.0">
  <code code="POL">
    <editdetail attribution="Reuters BIP Coding Group" action="confirmed" date="1997-04-29"/>
  </code>
</codes>
<codes class="bip:topics:1.0">
  <code code="M13">
    <editdetail attribution="Reuters BIP Coding Group" action="confirmed" date="1997-04-29"/>
  </code>
  <code code="M132">
    <editdetail attribution="Reuters BIP Coding Group" action="confirmed" date="1997-04-29"/>
  </code>
  <code code="MCAT">
    <editdetail attribution="Reuters BIP Coding Group" action="confirmed" date="1997-04-29"/>
  </code>
</codes>
<dc element="dc.date.created" value="1997-04-29"/>
<dc element="dc.publisher" value="Reuters Holdings Plc"/>
<dc element="dc.date.published" value="1997-04-29"/>
<dc element="dc.source" value="Reuters"/>
<dc element="dc.creator.location" value="WARSAW"/>
<dc element="dc.creator.location.country.name" value="POLAND"/>
<dc element="dc.source" value="Reuters"/>
</metadata>
</newsitem>
