<?xml version="1.0" encoding="iso-8859-1" ?>
<newsitem itemid="546072" id="root" date="1997-04-29" xml:lang="en">
<title>ESTONIA: ESTONIA - FOREIGN DEBT IN Q1 FALLS TO $265.35.</title>
<headline>ESTONIA - FOREIGN DEBT IN Q1 FALLS TO $265.35.</headline>
<dateline>TALLINN 1997-04-29</dateline>
<text>
<p>Estonia's foreign debt was $265.35 million in the first quarter compared to $271.54 in the previous quarter, the finance ministry said on Tuesday.</p>
<p>&quot;Foreign debt has decreased because part of an EBRD loan was paid back in February,&quot; Agate Dalton, international section head, told Reuters.</p>
<p>Dalton has said earlier that Estonia will not increase its foreign debt burden.</p>
<p>-- Eva Palu, Tallinn Newsroom, +372 630 8400, reuters@reuters.ee</p>
</text>
<copyright>(c) Reuters Limited 1997</copyright>
<metadata>
<codes class="bip:countries:1.0">
  <code code="ESTNIA">
    <editdetail attribution="Reuters BIP Coding Group" action="confirmed" date="1997-04-29"/>
  </code>
</codes>
<codes class="bip:topics:1.0">
  <code code="E21">
    <editdetail attribution="Reuters BIP Coding Group" action="confirmed" date="1997-04-29"/>
  </code>
  <code code="E212">
    <editdetail attribution="Reuters BIP Coding Group" action="confirmed" date="1997-04-29"/>
  </code>
  <code code="ECAT">
    <editdetail attribution="Reuters BIP Coding Group" action="confirmed" date="1997-04-29"/>
  </code>
</codes>
<dc element="dc.date.created" value="1997-04-29"/>
<dc element="dc.publisher" value="Reuters Holdings Plc"/>
<dc element="dc.date.published" value="1997-04-29"/>
<dc element="dc.source" value="Reuters"/>
<dc element="dc.creator.location" value="TALLINN"/>
<dc element="dc.creator.location.country.name" value="ESTONIA"/>
<dc element="dc.source" value="Reuters"/>
</metadata>
</newsitem>
