<?xml version="1.0" encoding="iso-8859-1" ?>
<newsitem itemid="546081" id="root" date="1997-04-29" xml:lang="en">
<title>LITHUANIA: RAILWAY COMPANY POSTS Q1 PROFIT.</title>
<headline>RAILWAY COMPANY POSTS Q1 PROFIT.</headline>
<dateline>VILNIUS 1997-04-29</dateline>
<text>
<p>Lithuanian Railways said on Tuesday that it made a net profit of 2.59 million litas in the first three months of this year compared to losses of 6.94 million litas in the same period last year.  </p>
<p>The company also said in a statement that its income for the first three months of 1997 was 160.55 million litas, up from 134.48 million litas in the same period in 1996.</p>
<p>The bulk of its income came from cargo transportation, rising to 131.51 million litas in the first quarter of this year from 103.18 million litas in the corresponding period last year, an increase of 27.5 percent.</p>
<p>Income from passengers fell in the first quarter to 17.21 million litas from 18.1 million litas in the first quarter of 1996.</p>
<p>The company earlier said that it carried 2.834 million passengers in the first three months of 1997 compared to 3.321 million last year.</p>
<p>The state-run company is on a list of strategic enterprises which will not be privatised before the year 2000.</p>
<p>-- Andrius Vilkancas, Vilnius newsroom +370 2 22 35 18</p>
</text>
<copyright>(c) Reuters Limited 1997</copyright>
<metadata>
<codes class="bip:countries:1.0">
  <code code="LITH">
    <editdetail attribution="Reuters BIP Coding Group" action="confirmed" date="1997-04-29"/>
  </code>
</codes>
<codes class="bip:industries:1.0">
  <code code="I71000">
    <editdetail attribution="Reuters BIP Coding Group" action="confirmed" date="1997-04-29"/>
  </code>
</codes>
<codes class="bip:topics:1.0">
  <code code="C15">
    <editdetail attribution="Reuters BIP Coding Group" action="confirmed" date="1997-04-29"/>
  </code>
  <code code="C151">
    <editdetail attribution="Reuters BIP Coding Group" action="confirmed" date="1997-04-29"/>
  </code>
  <code code="CCAT">
    <editdetail attribution="Reuters BIP Coding Group" action="confirmed" date="1997-04-29"/>
  </code>
</codes>
<dc element="dc.date.created" value="1997-04-29"/>
<dc element="dc.publisher" value="Reuters Holdings Plc"/>
<dc element="dc.date.published" value="1997-04-29"/>
<dc element="dc.source" value="Reuters"/>
<dc element="dc.creator.location" value="VILNIUS"/>
<dc element="dc.creator.location.country.name" value="LITHUANIA"/>
<dc element="dc.source" value="Reuters"/>
</metadata>
</newsitem>
