<?xml version="1.0" encoding="iso-8859-1" ?>
<newsitem itemid="546031" id="root" date="1997-04-29" xml:lang="en">
<title>SLOVAKIA: PRESS DIGEST - SLOVAKIA - APRIL 29.</title>
<headline>PRESS DIGEST - SLOVAKIA - APRIL 29.</headline>
<text>
<p>NARODNA OBRODA - Russian Prime Minister Viktor Chernomyrdin, currently on a three-day visit to Slovakia, is expected to sign an agreement on cooperation between the Russian and Slovak central banks.</p>
<p>- A special committee in charge of organising the forthcoming referenda on NATO membership and direct presidential elecions said people will vote on one ballot in the two plebiscites.</p>
<p>- The state-run postal monopoly Slovenska Posta (SP) said it posted a loss of 11,700 crowns for the first quarter but that it expected to return to profitability this year due to a recently approved increase in postal prices. SP said its revenues should total some 3.9 billion crowns this year.</p>
<p>- A policeman was killed in a car blast on Monday, bringing the number of law enforcement agents this month to three. Police said attacks against policemen meant an open war against them and society as a whole.</p>
<p>SME - The Slovak government argued to the Constitutional Court that the constitution cannot be changed by a referendum, The government was reacting to opposition attempts to create direct presidential elections through a plebiscite.</p>
<p>- Opposition Christian Democratic Movement (KDH) leader Jan Carnogursky said slower deliveries of equipment enabling compatibility of the air force with NATO systems may endanger Slovakia's participation in NATO training manouevres scheduled to take plave in Norway next May.</p>
<p>- Opposition parties said they would work out a draft law to prevent the planned privatisation of the second terrestrial channel of the public Slovak Television (STV).</p>
<p>- Prime Minister Vladmir Meciar said the Czech Republic must return Slovakia's part of the former Czechoslovakia's gold reserves to restore Slovak confidence in Prague.</p>
<p>PRAVDA - Slovakia is expected to obtain a Russin air defence system S-300 PMU-1 as a part of repayment of Russia's debt to Slovakia.</p>
<p>HOSPODARSKE NOVINY - The Economics Ministry has yet to define commodities which will be affected by a recently adopted import deposit measure.</p>
<p>- Some 240,387 orders to sell privatisation bonds are on the market, but there is no demand for the paper at the minimum guaranteed price of 8,160 crowns.</p>
<p>-- Bratislava newsroom, 421-7-521-8402</p>
</text>
<copyright>(c) Reuters Limited 1997</copyright>
<metadata>
<codes class="bip:countries:1.0">
  <code code="SLVAK">
    <editdetail attribution="Reuters BIP Coding Group" action="confirmed" date="1997-04-29"/>
  </code>
</codes>
<codes class="bip:topics:1.0">
  <code code="GCAT">
    <editdetail attribution="Reuters BIP Coding Group" action="confirmed" date="1997-04-29"/>
  </code>
</codes>
<dc element="dc.publisher" value="Reuters Holdings Plc"/>
<dc element="dc.date.published" value="1997-04-29"/>
<dc element="dc.source" value="Reuters"/>
<dc element="dc.creator.location.country.name" value="SLOVAKIA"/>
<dc element="dc.source" value="Reuters"/>
</metadata>
</newsitem>
