<?xml version="1.0" encoding="iso-8859-1" ?>
<newsitem itemid="546049" id="root" date="1997-04-29" xml:lang="en">
<title>LITHUANIA: STATE BUDGET IN SURPLUS OF 11.9 MLN LITAS.</title>
<headline>STATE BUDGET IN SURPLUS OF 11.9 MLN LITAS.</headline>
<dateline>VILNIUS 1997-04-29</dateline>
<text>
<p>Lithuania's finance ministry said on Tuesday that improved revenue collection in April had put an 11.9 million litas surplus into the state's coffers.</p>
<p>The ministry earlier said that revenue collection had fallen 86.3 million litas short of target in the first quarter of the year.</p>
<p>&quot;Today we compensated for previous shortages and now revenues exceed the planned target for the year by 11.9 million litas,&quot; the head of the finance ministry's treasury department, Vytautas Uziela, told Reuters.</p>
<p>&quot;The state budget collected 571.99 million litas as of April 28 compared to the 521.22 million litas planned for the whole month,&quot; he said.</p>
<p>Uziela also said that the average daily revenue collection for the state budget in April was 28.6 million litas versus a planned target of 23.69 million litas.</p>
<p>The Lithuanian government has made improved revenue collection a top priority as it attempts to work within tight monetary and fiscal restraints.</p>
<p>-- Vilnius newsroom +370 2 22 25 18</p>
</text>
<copyright>(c) Reuters Limited 1997</copyright>
<metadata>
<codes class="bip:countries:1.0">
  <code code="LITH">
    <editdetail attribution="Reuters BIP Coding Group" action="confirmed" date="1997-04-29"/>
  </code>
</codes>
<codes class="bip:topics:1.0">
  <code code="E21">
    <editdetail attribution="Reuters BIP Coding Group" action="confirmed" date="1997-04-29"/>
  </code>
  <code code="E211">
    <editdetail attribution="Reuters BIP Coding Group" action="confirmed" date="1997-04-29"/>
  </code>
  <code code="ECAT">
    <editdetail attribution="Reuters BIP Coding Group" action="confirmed" date="1997-04-29"/>
  </code>
</codes>
<dc element="dc.date.created" value="1997-04-29"/>
<dc element="dc.publisher" value="Reuters Holdings Plc"/>
<dc element="dc.date.published" value="1997-04-29"/>
<dc element="dc.source" value="Reuters"/>
<dc element="dc.creator.location" value="VILNIUS"/>
<dc element="dc.creator.location.country.name" value="LITHUANIA"/>
<dc element="dc.source" value="Reuters"/>
</metadata>
</newsitem>
