<?xml version="1.0" encoding="iso-8859-1" ?>
<newsitem itemid="546071" id="root" date="1997-04-29" xml:lang="en">
<title>YUGOSLAVIA: PRESS DIGEST - YUGOSLAVIA - APRIL 29.</title>
<headline>PRESS DIGEST - YUGOSLAVIA - APRIL 29.</headline>
<dateline>BELGRADE 1997-04-29</dateline>
<text>
<p>These are the leading stories in the Serbian and Montenegrin press on Tuesday. Reuters has not verified these stories and does not vouch for their accuracy.</p>
<p>			    - SERBIA -</p>
<p>NASA BORBA</p>
<p>- European Union Council of Ministers to discuss restoring Yugoslavia's trade preferentials, abolished in November 1991, in Luxembourg on Tuesday. Ethnic Albanian leader calls on EU not to grant Belgrade trade concessions until Kosovo issue resolved.</p>
<p>- International mediator for questions of succession of former Yugoslavia Sir Arthur Watts offers ex-Yugoslav republics three new proposals on division of the former federation's assets. No reports in local media on Watts' visit to Belgrade last Thursday.</p>
<p>- Coordination committee of Kosovo Albanian political parties could decide Tuesday on holding Albanian elections in Serbia's majority Albanian province.</p>
<p>- &quot;War&quot; in Montenegrin ruling party leadership continues. Republican President Momir Bulatovic dissatisfied with results of efforts so far to force Prime Minister Milo Djukanovic to carry out his orders, Montena-Fax news agency said.</p>
<p>- Large hard currency debtors and banks with dinar investments fear dinar's devaluation, while huge dinar debtors and exporters would welcome it.</p>
<p>- Merryll Lynch presents two scenarios for Yugoslavia's agreement with foreign creditors. Price of Yugoslav foreign debt determined by length of political crisis. Current indebtedness estimated to be 70 percent of GDP.</p>
<p>- &quot;So far, I am certain no part of PTT system has been sold to anyone,&quot; says PTT trade union secretary Marjan Djukic. Some 30,000 PTT employees interested in the fate of Serbia's postal company and its status in forthcoming ownership transformation.</p>
<p>- Kosovo Albanian Emigration Commission president Rifat Bljaku says return of Albanians from Germany being speeded up.</p>
<p>- In the first three months of the year, 16,500 cases of infectious diseases registered in Kosovo, 25 deaths from various diseases.</p>
<p>- Catholic Archbishop of Belgrade France Perko says the Pope could visit Belgrade next year &quot;if circumstances permit&quot;.</p>
<p>POLITIKA</p>
<p>- Yugoslav Chamber of Commerce president Mihailo Milojevic meets Airbus representatives. Airbus sales director Otmar Krinner says his company is prepared to assist Yugoslav airlines JAT in reconstruction of its fleet.</p>
<p>- Twenty Slovenian firms to attend agricultural fair in Novi Sad. Slovenian businessmen say firms should &quot;go ahead of politics and cooperate more&quot;.</p>
<p>- Yugoslav exports last year 2.2 times below the level in 1987, raw materials dominate in structure of exports.</p>
<p>- If the state has already given income from smuggled cigarettes which account for 90 percent of total sales, why not do the same for the remaining 10 percent and so enable the country's tobacco industry to survive?</p>
<p>- UNHCR granted around 2,000 credits to refugees in Yugoslavia for private businesses as part of process of securing economic independence for refugees.</p>
<p>- Registration of voters for local elections in Bosnia-Herzegovina from May 5 to June 16.</p>
<p>- Japanese government approves $10 million as support to UNHCR for revival programmes for priority regions in Bosnia-Herzegovina.</p>
<p>VECERNJE NOVOSTI</p>
<p>- U.S. Ambassador to Croatia warns rehabilitation of World War Two Croatian fascist leader Ante Pavelic unacceptable.</p>
<p>- Croatian Defence Minister Gojko Susak announces signing of agreement with Yugoslavia soon on demilitarisation of Eastern Slavonia region.</p>
<p>- Yugoslav airlines JAT and Bulgaria's Balkan Air agree on regular Belgrade-Sofia flights three times a week from May 26.</p>
<p>			   - MONTENEGRO -</p>
<p>POBJEDA</p>
<p>- Pro-Monte, GSM Mobile telephone company, on Monday started operating in northern Montenegrin municipalities of Bijelo Polje, Berane and Kolasin.</p>
<p>- Hotel Avala in Budva has sold out its capacities to Israeli tourists until the end of summer season.</p>
<p>- There are some 32,235 workers employed in Montenegrin industry, compared to 55,945 six years ago.</p>
<p>- Three Montenegrin state funds -- Development Fund, Pensioners Fun and Fund for Unemployed -- to privatise 40 small and medium companies this and next week.</p>
<p>- UNESCO expert mission visited Biogradska Gora national park near Kolasin to ascertain if the park meets UNESCO criteria for the world natural heritage list. -- Belgrade newsroom +381 11 222 4305</p>
</text>
<copyright>(c) Reuters Limited 1997</copyright>
<metadata>
<codes class="bip:countries:1.0">
  <code code="YUG">
    <editdetail attribution="Reuters BIP Coding Group" action="confirmed" date="1997-04-29"/>
  </code>
</codes>
<codes class="bip:topics:1.0">
  <code code="GCAT">
    <editdetail attribution="Reuters BIP Coding Group" action="confirmed" date="1997-04-29"/>
  </code>
</codes>
<dc element="dc.date.created" value="1997-04-29"/>
<dc element="dc.publisher" value="Reuters Holdings Plc"/>
<dc element="dc.date.published" value="1997-04-29"/>
<dc element="dc.source" value="Reuters"/>
<dc element="dc.creator.location" value="BELGRADE"/>
<dc element="dc.creator.location.country.name" value="YUGOSLAVIA"/>
<dc element="dc.source" value="Reuters"/>
</metadata>
</newsitem>
