<?xml version="1.0" encoding="iso-8859-1" ?>
<newsitem itemid="546068" id="root" date="1997-04-29" xml:lang="en">
<title>ALBANIA: PRESS DIGEST - ALBANIA - APRIL 29.</title>
<headline>PRESS DIGEST - ALBANIA - APRIL 29.</headline>
<dateline>TIRANA 1997-04-29</dateline>
<text>
<p>These are the leading stories in the Albanian press on Tuesday. Reuters has not verified these stories and does not vouch for their accuracy.</p>
<p>KOHA JONE</p>
<p>- President Sali Berisha's Democratic Party is leading rebel committees in south, the paper says.</p>
<p>- Editorial calls on parliament to lift the state of emergency, saying Albania is facing a political crisis not a civil war.</p>
<p>- Justice Minister Spartak Ngjela accused the Democrats of breaking the agreement reached by ten parties when they rejected the new electoral law based on a proportional vote.</p>
<p>- A Council of Europe two-page report on Albania says many European politicians have criticised President Berisha and his administration for the crisis.</p>
<p>- Kristaq Luniku, former central bank governor said he had warned Berisha two years ago about the risks the pyramid schemes represented to the country's economic stability.</p>
<p>RILINDJA DEMOKRATIKE</p>
<p>- The Democratic Party is resolved to respect a cross-party agreement reached on March 9 to hold elections in June.</p>
<p>- A resolution of the Council of Europe wants rebel committees to be disbanded as a condition for holding new elections.</p>
<p>- Berisha's government should not be held responsible for tragedy in Albania, an American political analyst says.</p>
<p>GAZETA SHQIPTARE</p>
<p>- An editorial asks whether the economic collapse could also be blamed on the International Monetary Fund whose representative in Albania ignored the activity of the pyramid schemes.</p>
<p>- A small ship packed with 517 Albanians escaping violence and lawlessness Albania reached the Italian port of Barletta.</p>
<p>- Schools will re-open on Tuesday under the protection of armed police, a sign Albania is returning to normal after two months of chaos.</p>
<p>ALBANIA</p>
<p>- Parliamentary elections will be held at the end of June as agreed on March 9, Berisha is quoted as saying.</p>
<p>- Editorial asks Prime Minister Bashkim Fino to distance himself from his Socialist Party which the paper alleges continues to back the so-called rebel committees in the south.</p>
<p>- Rebel-held town of Vlore is turned into hell at night with several gangs terrorising residents, paper says.</p>
<p>- Mother Teresa calls for peace and calm in Albania.</p>
<p>ZERI I POPULLIT</p>
<p>- Albania will not be stable as long as President Berisha remains in power, the German Frankfurter Rundshchau newspaper is quoted as saying.</p>
<p>- Vlore people rallied to commemorate people drowned a month ago when an Albanian ship collided with an Italian navy frigate 30 miles off Brindisi in southern Italy and sank.</p>
</text>
<copyright>(c) Reuters Limited 1997</copyright>
<metadata>
<codes class="bip:countries:1.0">
  <code code="ALB">
    <editdetail attribution="Reuters BIP Coding Group" action="confirmed" date="1997-04-29"/>
  </code>
</codes>
<codes class="bip:topics:1.0">
  <code code="GCAT">
    <editdetail attribution="Reuters BIP Coding Group" action="confirmed" date="1997-04-29"/>
  </code>
</codes>
<dc element="dc.date.created" value="1997-04-29"/>
<dc element="dc.publisher" value="Reuters Holdings Plc"/>
<dc element="dc.date.published" value="1997-04-29"/>
<dc element="dc.source" value="Reuters"/>
<dc element="dc.creator.location" value="TIRANA"/>
<dc element="dc.creator.location.country.name" value="ALBANIA"/>
<dc element="dc.source" value="Reuters"/>
</metadata>
</newsitem>
