<?xml version="1.0" encoding="iso-8859-1" ?>
<newsitem itemid="546018" id="root" date="1997-04-29" xml:lang="en">
<title>SRI LANKA: CRICKET-JAYASURIYA CENTURY PUTS SRI LANKA IN COMMAND.</title>
<headline>CRICKET-JAYASURIYA CENTURY PUTS SRI LANKA IN COMMAND.</headline>
<dateline>COLOMBO 1997-04-29</dateline>
<text>
<p>Sri Lanka, powered by a second career test century from opener Sanath Jayasuriya, batted themselves into a strong position by lunch on the fourth day of the final test match against Pakistan on Tuesday.</p>
<p>Jayasuriya went to lunch unbeaten on 106, scored off 203 balls with one six and eight fours, and Sri Lanka on 187 for two wickets -- an overall lead of 226 with five sessions of play left.</p>
<p>When Sri Lanka resumed at 102 for no loss, the opening pair of Jayasuriya and Russell Arnold put together a big stand of 157 against a depleted Pakistan attack which had only spinners Saqlain Mushtaq and Mushtaq Ahmed as their front-line bowlers.</p>
<p>The stand was broken by Mushtaq when Arnold, who had just completed his maiden test fifty, offered no shot to the leg-spinner and was bowled.</p>
<p>Arnold, playing in only his second test, batted 233 minutes and hit five fours.</p>
<p>His partnership with Jayasuriya was short by just three runs of breaking the all-time Sri Lanka record for the first wicket -- 159 between Sidath Wettimuny and Ravi Ratnayake against India at Kanpur in 1986-87.</p>
<p>Marvan Atapattu, in an attempt to give Jayasuriya the strike to get to his century, was run out for four, making Sri Lanka 171 for two.</p>
<p>Jayasuriya eventually reached his hundred with a sweep off Saqlain for four to the square-led boundary -- his eighth four of the innings which also comprised of one six. It took him 262 minutes and 195 balls.</p>
<p>Jayasuriya's previous century was 112 against Australia at Adelaide in 1995-96.</p>
<p>Aravinda de Silva, with two successive centuries behind him in the two-match series, was unbeaten on seven at the break.</p>
<p>Scores: Sri Lanka 331 and 187 for two at (S. Jayasuriya 106 not out; R. Arnold 50). Pakistan 292 (M. Khan 98).</p>
</text>
<copyright>(c) Reuters Limited 1997</copyright>
<metadata>
<codes class="bip:countries:1.0">
  <code code="PAKIS">
    <editdetail attribution="Reuters BIP Coding Group" action="confirmed" date="1997-04-29"/>
  </code>
  <code code="SRILAN">
    <editdetail attribution="Reuters BIP Coding Group" action="confirmed" date="1997-04-29"/>
  </code>
</codes>
<codes class="bip:topics:1.0">
  <code code="GCAT">
    <editdetail attribution="Reuters BIP Coding Group" action="confirmed" date="1997-04-29"/>
  </code>
  <code code="GSPO">
    <editdetail attribution="Reuters BIP Coding Group" action="confirmed" date="1997-04-29"/>
  </code>
</codes>
<dc element="dc.date.created" value="1997-04-29"/>
<dc element="dc.publisher" value="Reuters Holdings Plc"/>
<dc element="dc.date.published" value="1997-04-29"/>
<dc element="dc.source" value="Reuters"/>
<dc element="dc.creator.location" value="COLOMBO"/>
<dc element="dc.creator.location.country.name" value="SRI LANKA"/>
<dc element="dc.source" value="Reuters"/>
</metadata>
</newsitem>
