<?xml version="1.0" encoding="iso-8859-1" ?>
<newsitem itemid="546061" id="root" date="1997-04-29" xml:lang="en">
<title>LITHUANIA: GAS COMPANY POSTS 15.98 MLN LITAS LOSSES.</title>
<headline>GAS COMPANY POSTS 15.98 MLN LITAS LOSSES.</headline>
<dateline>VILNIUS 1997-04-29</dateline>
<text>
<p>Lithuanian Gas said on Tuesday that its audited results for 1996 showed a loss of 15.98 million litas.</p>
<p>The huge state-run gas company did not provide any comparative figures for 1995 because it said that the results from the two years could not be compared as different accounting standards were applied in both cases.</p>
<p>&quot;The losses of the company were 15.98 million litas, but the auditor said it was unusre how to interpret the sum of 79.6 million litas in late payments to Russia's Lentrasgaz,&quot; the firm's general director, Kestutis Shumacheris, told Reuters.</p>
<p>Shumacheris said that the finance ministry had ruled that the debt, which dates back to 1992 and 1993, belonged to the state but the issue had not be fully resolved yet.</p>
<p>The company has plans for a 66 million litas share issue but the government still has to decide on the final price of the shares.</p>
<p>News of the loss hit the company's share price on the bourse today, pushing it down to 1.82 litas from 2.00 litas.</p>
<p>But dealers said they were confident that its price would quickly rebound as it looked like a real bargain at the moment.</p>
<p>-- Andrius Vilkancas, Vilnius newsroom +370 2 22 35 18</p>
</text>
<copyright>(c) Reuters Limited 1997</copyright>
<metadata>
<codes class="bip:countries:1.0">
  <code code="LITH">
    <editdetail attribution="Reuters BIP Coding Group" action="confirmed" date="1997-04-29"/>
  </code>
</codes>
<codes class="bip:industries:1.0">
  <code code="I16200">
    <editdetail attribution="Reuters BIP Coding Group" action="confirmed" date="1997-04-29"/>
  </code>
  <code code="I81402">
    <editdetail attribution="Reuters BIP Coding Group" action="confirmed" date="1997-04-29"/>
  </code>
</codes>
<codes class="bip:topics:1.0">
  <code code="C15">
    <editdetail attribution="Reuters BIP Coding Group" action="confirmed" date="1997-04-29"/>
  </code>
  <code code="C151">
    <editdetail attribution="Reuters BIP Coding Group" action="confirmed" date="1997-04-29"/>
  </code>
  <code code="C1511">
    <editdetail attribution="Reuters BIP Coding Group" action="confirmed" date="1997-04-29"/>
  </code>
  <code code="CCAT">
    <editdetail attribution="Reuters BIP Coding Group" action="confirmed" date="1997-04-29"/>
  </code>
</codes>
<dc element="dc.date.created" value="1997-04-29"/>
<dc element="dc.publisher" value="Reuters Holdings Plc"/>
<dc element="dc.date.published" value="1997-04-29"/>
<dc element="dc.source" value="Reuters"/>
<dc element="dc.creator.location" value="VILNIUS"/>
<dc element="dc.creator.location.country.name" value="LITHUANIA"/>
<dc element="dc.source" value="Reuters"/>
</metadata>
</newsitem>
