<?xml version="1.0" encoding="iso-8859-1" ?>
<newsitem itemid="546020" id="root" date="1997-04-29" xml:lang="en">
<title>SOUTH AFRICA: AMNESTY FOR MAN WHO HELPED S. AFRICAN EDITOR FLEE.</title>
<headline>AMNESTY FOR MAN WHO HELPED S. AFRICAN EDITOR FLEE.</headline>
<dateline>JOHANNESBURG 1997-04-29</dateline>
<text>
<p>The man who helped former newspaper editor Donald Woods to flee persecution by apartheid police for his friendship with black activist Steve Biko was granted amnesty on Tuesday by South Africa's truth commission.</p>
<p>Donald Card, 68, was given amnesty by the post-apartheid Truth and Reconciliation Commission for breaking past laws by helping Woods to violate his banning order and to escape across the borders of South Africa.</p>
<p>The commission said in a statement that as gross violations of human rights were not at issue, no public hearing was held to decide Card's request for amnesty.</p>
<p>Card was a former mayor of East London, the Eastern Cape city where Woods befriended Biko, and a member of the now- defunct Progressive Federal Party (PFP).</p>
<p>Biko and Woods were immortalised in the film &quot;Cry Freedom&quot;, based on the biography Woods wrote after he went into exile in Britain to escape police harassment because of his friendship with Biko.</p>
<p>The black consciousness leader died of brain damage in September 1977. He was the most prominent black activist to die while detained without trial under draconian security laws used to suppress opposition to apartheid.</p>
<p>Five former security policemen said in January they were ready to come clean on the severe beatings meted out to Biko. Their amnesty applications have not been completed.</p>
</text>
<copyright>(c) Reuters Limited 1997</copyright>
<metadata>
<codes class="bip:countries:1.0">
  <code code="SAFR">
    <editdetail attribution="Reuters BIP Coding Group" action="confirmed" date="1997-04-29"/>
  </code>
</codes>
<codes class="bip:topics:1.0">
  <code code="GCAT">
    <editdetail attribution="Reuters BIP Coding Group" action="confirmed" date="1997-04-29"/>
  </code>
  <code code="GCRIM">
    <editdetail attribution="Reuters BIP Coding Group" action="confirmed" date="1997-04-29"/>
  </code>
</codes>
<dc element="dc.date.created" value="1997-04-29"/>
<dc element="dc.publisher" value="Reuters Holdings Plc"/>
<dc element="dc.date.published" value="1997-04-29"/>
<dc element="dc.source" value="Reuters"/>
<dc element="dc.creator.location" value="JOHANNESBURG"/>
<dc element="dc.creator.location.country.name" value="SOUTH AFRICA"/>
<dc element="dc.source" value="Reuters"/>
</metadata>
</newsitem>
