<?xml version="1.0" encoding="iso-8859-1" ?>
<newsitem itemid="546059" id="root" date="1997-04-29" xml:lang="en">
<title>ESTONIA: HUVITUSFOND Q1 PROFIT 41.9 MLN KROONS.</title>
<headline>HUVITUSFOND Q1 PROFIT 41.9 MLN KROONS.</headline>
<dateline>TALLINN 1997-04-29</dateline>
<text>
<p>Huvitusfond (the compensation fund) said on Tuesday that its first quarter profit was 41.9 million kroons and it 1997 March profit was 14.5 million kroons.</p>
<p>The fund's revenue in the first quarter was 63.3 million kroons, which was almost three times the 1996 first quarter results, the company said in a statement.  </p>
<p>Most of the company's income was interest income at 27.3 million kroons and from share trading at 35.2 million kroons.</p>
<p>The company's March balance sheet volume rose by 36 million kroons to 1.22 billion kroons compared to February's 1.18. The increase over the month was three percent.</p>
<p>Debts to clients decreased in March to 0.5 million kroons compared to 1.4 million kroons in February.</p>
<p>Liabilities and loans to credit institutions in March was 184.6 million kroons, 51.9 million kroons less compared to February's 236.5 million kroons.</p>
<p>-- David Mardiste, Tallinn newsroom +372 630 8400 reuters@reuters.ee</p>
</text>
<copyright>(c) Reuters Limited 1997</copyright>
<metadata>
<codes class="bip:countries:1.0">
  <code code="ESTNIA">
    <editdetail attribution="Reuters BIP Coding Group" action="confirmed" date="1997-04-29"/>
  </code>
</codes>
<codes class="bip:industries:1.0">
  <code code="I81502">
    <editdetail attribution="Reuters BIP Coding Group" action="confirmed" date="1997-04-29"/>
  </code>
</codes>
<codes class="bip:topics:1.0">
  <code code="C15">
    <editdetail attribution="Reuters BIP Coding Group" action="confirmed" date="1997-04-29"/>
  </code>
  <code code="C151">
    <editdetail attribution="Reuters BIP Coding Group" action="confirmed" date="1997-04-29"/>
  </code>
  <code code="CCAT">
    <editdetail attribution="Reuters BIP Coding Group" action="confirmed" date="1997-04-29"/>
  </code>
</codes>
<dc element="dc.date.created" value="1997-04-29"/>
<dc element="dc.publisher" value="Reuters Holdings Plc"/>
<dc element="dc.date.published" value="1997-04-29"/>
<dc element="dc.source" value="Reuters"/>
<dc element="dc.creator.location" value="TALLINN"/>
<dc element="dc.creator.location.country.name" value="ESTONIA"/>
<dc element="dc.source" value="Reuters"/>
</metadata>
</newsitem>
