<?xml version="1.0" encoding="iso-8859-1" ?>
<newsitem itemid="546040" id="root" date="1997-04-29" xml:lang="en">
<title>RUSSIA: PRESS DIGEST - RUSSIA IZVESTIA - APRIL 29.</title>
<headline>PRESS DIGEST - RUSSIA IZVESTIA - APRIL 29.</headline>
<dateline>MOSCOW 1997-04-29</dateline>
<text>
<p>Following are some of the leading stories in the April 30 edition of Russia's Izvestia newspaper. Reuters has not verified these stories and does not vouch for their accuracy.</p>
<p>- Two rail blasts in southern Russian towns were both launched by the same Chechen terrorists, who do not seem to be under the control of the separatist authorities.</p>
<p>- Russia's biggest state bank Sberbank holds three quarters of the population's savings.</p>
<p>- The head of military intelligence service is likely to resign. The name of his possible replacement is still being negotiated between top military officials.</p>
<p>- Russians will spend 16 percent of their total income this year on housing and municipal services and by 2000 the figure will grow to 20 percent, according to a new housing reform which starts on May 1.</p>
<p>- &quot;Roditi&quot;, which opened one of the first western style supermarkets in Moscow, has been declared bankcrupt.</p>
<p>-- Tatyana Ustinova, Moscow newsroom, +7095 941 8520.</p>
</text>
<copyright>(c) Reuters Limited 1997</copyright>
<metadata>
<codes class="bip:countries:1.0">
  <code code="RUSS">
    <editdetail attribution="Reuters BIP Coding Group" action="confirmed" date="1997-04-29"/>
  </code>
</codes>
<codes class="bip:topics:1.0">
  <code code="GCAT">
    <editdetail attribution="Reuters BIP Coding Group" action="confirmed" date="1997-04-29"/>
  </code>
</codes>
<dc element="dc.date.created" value="1997-04-29"/>
<dc element="dc.publisher" value="Reuters Holdings Plc"/>
<dc element="dc.date.published" value="1997-04-29"/>
<dc element="dc.source" value="Reuters"/>
<dc element="dc.creator.location" value="MOSCOW"/>
<dc element="dc.creator.location.country.name" value="RUSSIA"/>
<dc element="dc.source" value="Reuters"/>
</metadata>
</newsitem>
