<?xml version="1.0" encoding="iso-8859-1" ?>
<newsitem itemid="546022" id="root" date="1997-04-29" xml:lang="en">
<title>SOUTH AFRICA: S.AFRICAN MINISTER SLAMMED FOR RAIN PAYMENT PLAN.</title>
<headline>S.AFRICAN MINISTER SLAMMED FOR RAIN PAYMENT PLAN.</headline>
<dateline>CAPE TOWN 1997-04-29</dateline>
<text>
<p>Water Affairs and Forestry Minister Kader Asmal has landed up in hot water with South African farmers and foresters for suggesting that they pay for rain.</p>
<p>Given the country's variable rainfall patterns, with many parts being arid, water conservation is generally accepted as being essential.</p>
<p>But farmers believe that Asmal is taking things too far when he says that water is a national asset which must be paid for -- and that includes rain.</p>
<p>Although Asmal has not spelled out details of such a measure, he recently indicated that this was one of the issues he will be looking at in the country's new water management programme.</p>
<p>According to Effective Farming magazine, Asmal is particularly targeting the forestry industry despite the fact that one of his special advisers had admitted that well managed timber plantations gave one of the best returns on the water available for commercial exploitation.</p>
<p>&quot;He (the adviser) went on to say that afforestation is a very significant source of employment and foreign exchange and compares very favourably with many competing land-use options,&quot; the magazine said.</p>
<p>In addition, the environmental damage caused by afforestation was far lower than that caused by unemployment and poverty.</p>
<p>The magazine said Asmal's views were probably based on the historical view that forestry was a &quot;water guzzler&quot; which used an inordinate amount of water to produce a cubic metre of saleable product.</p>
<p>However, it said, Water Affairs Department chief scientist Ciek van der Zyl concluded in 1996 that at most two percent of rainfall runoff in the country was used for timber with the other sectors in agriculture probably using 70 percent.</p>
<p>&quot;Van der Zyl said that timber plantations were perhaps the most efficient users of water of all dryland crops. Yet his minister has no proposals to introduce permits for maize or wheat, ground nuts or pasture grass,&quot; the magazine said.</p>
<p>Forestry is the only agricultural sector in which permits are needed to plant anything. The magazine said this was &quot;seriously delaying&quot; further development in the industry.</p>
<p>-- Cape Town newsroom +27 21 25-2238</p>
</text>
<copyright>(c) Reuters Limited 1997</copyright>
<metadata>
<codes class="bip:countries:1.0">
  <code code="SAFR">
    <editdetail attribution="Reuters BIP Coding Group" action="confirmed" date="1997-04-29"/>
  </code>
</codes>
<codes class="bip:industries:1.0">
  <code code="I17000">
    <editdetail attribution="Reuters BIP Coding Group" action="confirmed" date="1997-04-29"/>
  </code>
</codes>
<codes class="bip:topics:1.0">
  <code code="C13">
    <editdetail attribution="Reuters BIP Coding Group" action="confirmed" date="1997-04-29"/>
  </code>
  <code code="C21">
    <editdetail attribution="Reuters BIP Coding Group" action="confirmed" date="1997-04-29"/>
  </code>
  <code code="C31">
    <editdetail attribution="Reuters BIP Coding Group" action="confirmed" date="1997-04-29"/>
  </code>
  <code code="CCAT">
    <editdetail attribution="Reuters BIP Coding Group" action="confirmed" date="1997-04-29"/>
  </code>
  <code code="GCAT">
    <editdetail attribution="Reuters BIP Coding Group" action="confirmed" date="1997-04-29"/>
  </code>
  <code code="GENV">
    <editdetail attribution="Reuters BIP Coding Group" action="confirmed" date="1997-04-29"/>
  </code>
  <code code="GPOL">
    <editdetail attribution="Reuters BIP Coding Group" action="confirmed" date="1997-04-29"/>
  </code>
  <code code="GWEA">
    <editdetail attribution="Reuters BIP Coding Group" action="confirmed" date="1997-04-29"/>
  </code>
</codes>
<dc element="dc.date.created" value="1997-04-29"/>
<dc element="dc.publisher" value="Reuters Holdings Plc"/>
<dc element="dc.date.published" value="1997-04-29"/>
<dc element="dc.source" value="Reuters"/>
<dc element="dc.creator.location" value="CAPE TOWN"/>
<dc element="dc.creator.location.country.name" value="SOUTH AFRICA"/>
<dc element="dc.source" value="Reuters"/>
</metadata>
</newsitem>
