<?xml version="1.0" encoding="iso-8859-1" ?>
<newsitem itemid="546046" id="root" date="1997-04-29" xml:lang="en">
<title>LATVIA: LMR FIRST QUARTER LOSS 142,312 LATS.</title>
<headline>LMR FIRST QUARTER LOSS 142,312 LATS.</headline>
<dateline>RIGA 1997-04-29</dateline>
<text>
<p>The Riga farm machinery company LMR had a loss in the first quarter of 142,312 lats, the stock exchange said on Tuesday.</p>
<p>It said that the company's turnover was 120,904 lats in the first three months and that expenses came to 206,498 lats.</p>
<p>This led to a gross loss of 85,594 lats. Administrative expenses were 43,141 lats.</p>
<p>The company's pre-tax loss was 139,082 lats and it had assets of 1.55 million lats. The stock exchange did not provide comparative statistics.</p>
<p>-- Riga newsroom, +371 721 5240</p>
</text>
<copyright>(c) Reuters Limited 1997</copyright>
<metadata>
<codes class="bip:countries:1.0">
  <code code="LATV">
    <editdetail attribution="Reuters BIP Coding Group" action="confirmed" date="1997-04-29"/>
  </code>
</codes>
<codes class="bip:industries:1.0">
  <code code="I32100">
    <editdetail attribution="Reuters BIP Coding Group" action="confirmed" date="1997-04-29"/>
  </code>
</codes>
<codes class="bip:topics:1.0">
  <code code="C15">
    <editdetail attribution="Reuters BIP Coding Group" action="confirmed" date="1997-04-29"/>
  </code>
  <code code="C151">
    <editdetail attribution="Reuters BIP Coding Group" action="confirmed" date="1997-04-29"/>
  </code>
  <code code="CCAT">
    <editdetail attribution="Reuters BIP Coding Group" action="confirmed" date="1997-04-29"/>
  </code>
</codes>
<dc element="dc.date.created" value="1997-04-29"/>
<dc element="dc.publisher" value="Reuters Holdings Plc"/>
<dc element="dc.date.published" value="1997-04-29"/>
<dc element="dc.source" value="Reuters"/>
<dc element="dc.creator.location" value="RIGA"/>
<dc element="dc.creator.location.country.name" value="LATVIA"/>
<dc element="dc.source" value="Reuters"/>
</metadata>
</newsitem>
