<?xml version="1.0" encoding="iso-8859-1" ?>
<newsitem itemid="546013" id="root" date="1997-04-29" xml:lang="en">
<title>SRI LANKA: CRICKET-PAKISTAN 28-2 IN 2ND INNINGS V SRI LANKA - CLOSE.</title>
<headline>CRICKET-PAKISTAN 28-2 IN 2ND INNINGS V SRI LANKA - CLOSE.</headline>
<dateline>COLOMBO 1997-04-29</dateline>
<text>
<p>Pakistan, needing 426 for victory, were 28 for two when bad light ended play on the fourth day of the second and final test against Sri Lanka on Tuesday.</p>
<p>Scores: Sri Lanka 331 and 386-4 declared; Pakistan 292 and 28-2.</p>
</text>
<copyright>(c) Reuters Limited 1997</copyright>
<metadata>
<codes class="bip:countries:1.0">
  <code code="PAKIS">
    <editdetail attribution="Reuters BIP Coding Group" action="confirmed" date="1997-04-29"/>
  </code>
  <code code="SRILAN">
    <editdetail attribution="Reuters BIP Coding Group" action="confirmed" date="1997-04-29"/>
  </code>
</codes>
<codes class="bip:topics:1.0">
  <code code="GCAT">
    <editdetail attribution="Reuters BIP Coding Group" action="confirmed" date="1997-04-29"/>
  </code>
  <code code="GSPO">
    <editdetail attribution="Reuters BIP Coding Group" action="confirmed" date="1997-04-29"/>
  </code>
</codes>
<dc element="dc.date.created" value="1997-04-29"/>
<dc element="dc.publisher" value="Reuters Holdings Plc"/>
<dc element="dc.date.published" value="1997-04-29"/>
<dc element="dc.source" value="Reuters"/>
<dc element="dc.creator.location" value="COLOMBO"/>
<dc element="dc.creator.location.country.name" value="SRI LANKA"/>
<dc element="dc.source" value="Reuters"/>
</metadata>
</newsitem>
