<?xml version="1.0" encoding="iso-8859-1" ?>
<newsitem itemid="546017" id="root" date="1997-04-29" xml:lang="en">
<title>SRI LANKA: CRICKET-SRI LANKA 329-4 IN 2ND INNINGS V PAKISTAN - TEA.</title>
<headline>CRICKET-SRI LANKA 329-4 IN 2ND INNINGS V PAKISTAN - TEA.</headline>
<dateline>COLOMBO 1997-04-29</dateline>
<text>
<p>Sri Lanka, 39 runs ahead of Pakistan on first innings, were 329 for four in their second innings at tea on the fourth day of the second and final test on Tuesday.</p>
<p>Scores: Sri Lanka 331 and 329-4, Pakistan 292.</p>
</text>
<copyright>(c) Reuters Limited 1997</copyright>
<metadata>
<codes class="bip:countries:1.0">
  <code code="PAKIS">
    <editdetail attribution="Reuters BIP Coding Group" action="confirmed" date="1997-04-29"/>
  </code>
  <code code="SRILAN">
    <editdetail attribution="Reuters BIP Coding Group" action="confirmed" date="1997-04-29"/>
  </code>
</codes>
<codes class="bip:topics:1.0">
  <code code="GCAT">
    <editdetail attribution="Reuters BIP Coding Group" action="confirmed" date="1997-04-29"/>
  </code>
  <code code="GSPO">
    <editdetail attribution="Reuters BIP Coding Group" action="confirmed" date="1997-04-29"/>
  </code>
</codes>
<dc element="dc.date.created" value="1997-04-29"/>
<dc element="dc.publisher" value="Reuters Holdings Plc"/>
<dc element="dc.date.published" value="1997-04-29"/>
<dc element="dc.source" value="Reuters"/>
<dc element="dc.creator.location" value="COLOMBO"/>
<dc element="dc.creator.location.country.name" value="SRI LANKA"/>
<dc element="dc.source" value="Reuters"/>
</metadata>
</newsitem>
