<?xml version="1.0" encoding="iso-8859-1" ?>
<newsitem itemid="546047" id="root" date="1997-04-29" xml:lang="en">
<title>LATVIA: DAUGAVPILS CHAIN Q1 PRE-TAX 125,352 LATS.</title>
<headline>DAUGAVPILS CHAIN Q1 PRE-TAX 125,352 LATS.</headline>
<dateline>RIGA 1997-04-29</dateline>
<text>
<p>Daugavpils Chain had a first quarter pre-tax profit of 125,352 lats but a final profit figure was not available as the company was expecting a tax refund, the stock exchange said on Tuesday.</p>
<p>A spokesman for Daugavpils said the company overpaid tax worth 390,000 lats in the last financial year which meant that it does not have to pay tax this year. The tax issue will probably affect its 1997 balance sheet.</p>
<p>The bourse said that the company's net turnover was 1.81 million lats in the first quarter and its production expenses were 1.49 million lats. This led to 322,825 lat gross profit.</p>
<p>The company also had administrative expenses of 230,984 lats. The stock exchange did not give comparative figures.</p>
<p>-- Riga newsroom, +371 721 5240</p>
</text>
<copyright>(c) Reuters Limited 1997</copyright>
<metadata>
<codes class="bip:countries:1.0">
  <code code="LATV">
    <editdetail attribution="Reuters BIP Coding Group" action="confirmed" date="1997-04-29"/>
  </code>
</codes>
<codes class="bip:industries:1.0">
  <code code="I32000">
    <editdetail attribution="Reuters BIP Coding Group" action="confirmed" date="1997-04-29"/>
  </code>
</codes>
<codes class="bip:topics:1.0">
  <code code="C15">
    <editdetail attribution="Reuters BIP Coding Group" action="confirmed" date="1997-04-29"/>
  </code>
  <code code="C151">
    <editdetail attribution="Reuters BIP Coding Group" action="confirmed" date="1997-04-29"/>
  </code>
  <code code="CCAT">
    <editdetail attribution="Reuters BIP Coding Group" action="confirmed" date="1997-04-29"/>
  </code>
</codes>
<dc element="dc.date.created" value="1997-04-29"/>
<dc element="dc.publisher" value="Reuters Holdings Plc"/>
<dc element="dc.date.published" value="1997-04-29"/>
<dc element="dc.source" value="Reuters"/>
<dc element="dc.creator.location" value="RIGA"/>
<dc element="dc.creator.location.country.name" value="LATVIA"/>
<dc element="dc.source" value="Reuters"/>
</metadata>
</newsitem>
