<?xml version="1.0" encoding="iso-8859-1" ?>
<newsitem itemid="546036" id="root" date="1997-04-29" xml:lang="en">
<title>HUNGARY: NOON RADIO HEADLINES - APRIL 29.</title>
<headline>NOON RADIO HEADLINES - APRIL 29.</headline>
<dateline>BUDAPEST 1997-04-29</dateline>
<text>
<p>These are the main headlines on Hungary's Kossuth Radio midday news. Reuters cannot vouch for their accuracy:</p>
<p>- The Constitutional Court has ruled that members of parliament cannot hold both their mandates and business positions.</p>
<p>- Parliament debates the amendment of the Labour Law.</p>
<p>- The Prime Ministers of Hungary, Slovenia and Italy will meet in Budapest at the end of May.</p>
<p>- The Interest Coordination Council is close to an agrement on the pension reform plans.</p>
<p>- The government will decide on Wednesday about issues related to the building of new motorways in Hungary.</p>
<p>- Petre Roman, visiting head of the Romanian Senate had talks on NATO-accession and forging closer economic ties with Hungarian officials.</p>
<p>-- Budapest newsroom +36 1 327 4040</p>
</text>
<copyright>(c) Reuters Limited 1997</copyright>
<metadata>
<codes class="bip:countries:1.0">
  <code code="HUNG">
    <editdetail attribution="Reuters BIP Coding Group" action="confirmed" date="1997-04-29"/>
  </code>
</codes>
<codes class="bip:topics:1.0">
  <code code="GCAT">
    <editdetail attribution="Reuters BIP Coding Group" action="confirmed" date="1997-04-29"/>
  </code>
</codes>
<dc element="dc.date.created" value="1997-04-29"/>
<dc element="dc.publisher" value="Reuters Holdings Plc"/>
<dc element="dc.date.published" value="1997-04-29"/>
<dc element="dc.source" value="Reuters"/>
<dc element="dc.creator.location" value="BUDAPEST"/>
<dc element="dc.creator.location.country.name" value="HUNGARY"/>
<dc element="dc.source" value="Reuters"/>
</metadata>
</newsitem>
