<?xml version="1.0" encoding="iso-8859-1" ?>
<newsitem itemid="546045" id="root" date="1997-04-29" xml:lang="en">
<title>SLOVAKIA: RUSSIAN PM SAYS SLOVAK GAS SUPPLY DEAL FOR 10 YRS.</title>
<headline>RUSSIAN PM SAYS SLOVAK GAS SUPPLY DEAL FOR 10 YRS.</headline>
<dateline>BRATISLAVA 1997-04-29</dateline>
<text>
<p>Russian Prime Minister Viktor Chernomyrdin said that a natural gas supply contract signed with Slovakia on Tuesday will last for 10 years.</p>
<p>&quot;This is the first long-term treaty we have concluded with any state, it goes to the year 2008 and contains clauses for further prospects,&quot; Chernomyrdin told journalists at a news conference on the second day of a three-day official visit.  </p>
<p>Earlier in the day, officials from Russia's Gazprom and Slovak gas distributor signed an agreement for the supplies.</p>
<p>The amount of gas to be supplied under the contract was not revealed, but the Russian firm supplied virtually all of Slovakia's six billion cubic metre consumption last year.</p>
<p>&quot;This contract means the full coverage of Slovakia's consumption to the year 2008,&quot; Chernomyrdin added.</p>
<p>Slovak Prime Minister Vladimir Meciar, who accompanied Chernomyrdin on a tour of oil refiner Slovnaft , said the two countries were also in talks over further cooperation in the energy sector, including crude oil exploration, sales and refining.</p>
<p>&quot;Slovnaft will be included in these possible deals,&quot; Chernomyrdin added.</p>
<p>-- Peter Javurek, Bratislava Newsroom, 421-7-521-8402</p>
</text>
<copyright>(c) Reuters Limited 1997</copyright>
<metadata>
<codes class="bip:countries:1.0">
  <code code="RUSS">
    <editdetail attribution="Reuters BIP Coding Group" action="confirmed" date="1997-04-29"/>
  </code>
  <code code="SLVAK">
    <editdetail attribution="Reuters BIP Coding Group" action="confirmed" date="1997-04-29"/>
  </code>
</codes>
<codes class="bip:industries:1.0">
  <code code="I13000">
    <editdetail attribution="Reuters BIP Coding Group" action="confirmed" date="1997-04-29"/>
  </code>
  <code code="I1300014">
    <editdetail attribution="Reuters BIP Coding Group" action="confirmed" date="1997-04-29"/>
  </code>
  <code code="I14000">
    <editdetail attribution="Reuters BIP Coding Group" action="confirmed" date="1997-04-29"/>
  </code>
</codes>
<codes class="bip:topics:1.0">
  <code code="C33">
    <editdetail attribution="Reuters BIP Coding Group" action="confirmed" date="1997-04-29"/>
  </code>
  <code code="CCAT">
    <editdetail attribution="Reuters BIP Coding Group" action="confirmed" date="1997-04-29"/>
  </code>
</codes>
<dc element="dc.date.created" value="1997-04-29"/>
<dc element="dc.publisher" value="Reuters Holdings Plc"/>
<dc element="dc.date.published" value="1997-04-29"/>
<dc element="dc.source" value="Reuters"/>
<dc element="dc.creator.location" value="BRATISLAVA"/>
<dc element="dc.creator.location.country.name" value="SLOVAKIA"/>
<dc element="dc.source" value="Reuters"/>
</metadata>
</newsitem>
