<?xml version="1.0" encoding="iso-8859-1" ?>
<newsitem itemid="546067" id="root" date="1997-04-29" xml:lang="en">
<title>MACEDONIA: PRESS DIGEST - MACEDONIA - APRIL 29.</title>
<headline>PRESS DIGEST - MACEDONIA - APRIL 29.</headline>
<dateline>SKOPJE 1997-04-29</dateline>
<text>
<p>These are the leading stories in the Skopje press on Tuesday. Reuters has not verified these stories and does not vouch for their accuracy.</p>
<p>NOVA MAKEDONIJA</p>
<p>- Macedonian Prime Minister Branko Crvenkovski and Foreign Minister Ljubomir Frckoski to sign Macedonia-European Union cooperation agreement in Luxembourg on Tuesday. Macedonia will receive 150 million ECU credit line.</p>
<p>- Macedonian corporation Elektrostopanstvo and Greek-Russian corporation East Power negotiate for acquisition of equipment for Kozjak hydroelectric power station. Possible favourable credit line worth $33.5 million.</p>
<p>- Owner of collapsed TAT pyramid savings scheme Sonja Nikolovska will address mass protest rally of depositors on Saturday at central square in Bitola. Nikolovska has threatened to reveal the names of influential people who in January withdrew 30 million German marks from her institution.</p>
<p>VECER</p>
<p>- Due to epidemic of brucelosis in the Tetovo village Germo, 82 heads of cattle destroyed in the last two days. Twenty people also infected, 15 of whom are still in the infectious diseases clinic in Tetovo. -- Mircela Casule, Skopje newsroom +389 91 201 196</p>
</text>
<copyright>(c) Reuters Limited 1997</copyright>
<metadata>
<codes class="bip:countries:1.0">
  <code code="MCDNIA">
    <editdetail attribution="Reuters BIP Coding Group" action="confirmed" date="1997-04-29"/>
  </code>
</codes>
<codes class="bip:topics:1.0">
  <code code="GCAT">
    <editdetail attribution="Reuters BIP Coding Group" action="confirmed" date="1997-04-29"/>
  </code>
</codes>
<dc element="dc.date.created" value="1997-04-29"/>
<dc element="dc.publisher" value="Reuters Holdings Plc"/>
<dc element="dc.date.published" value="1997-04-29"/>
<dc element="dc.source" value="Reuters"/>
<dc element="dc.creator.location" value="SKOPJE"/>
<dc element="dc.creator.location.country.name" value="MACEDONIA"/>
<dc element="dc.source" value="Reuters"/>
</metadata>
</newsitem>
