<?xml version="1.0" encoding="iso-8859-1" ?>
<newsitem itemid="546066" id="root" date="1997-04-29" xml:lang="en">
<title>LATVIA: BALTICS-MCDONALDS PLANS INVESTMENTS, CUTS PRICES.</title>
<headline>BALTICS-MCDONALDS PLANS INVESTMENTS, CUTS PRICES.</headline>
<dateline>RIGA 1997-04-29</dateline>
<text>
<p>U.S. fast-food giant McDonalds plans to invest three to four million dollars in the three Baltic states every year for the next 20 to 30 years and said it will cut its prices in the region.</p>
<p>The company has already expanded fast in Latvia, Lithuania and Estonia, with several restaurants in each capital city.</p>
<p>&quot;We plan to open three to four restaurants a year in the coming 20 or 30 years and each on average costs us about one million dollars,&quot; Kevin Murphy, manager of McDonalds' Baltic subidiary, told a news conference.</p>
<p>He said the price cuts were due to the fact that opening in the Baltics had not been as costly as planned.</p>
<p>&quot;We have been able to reduce our costs and would like to pass these savings on to our clients,&quot; Murphy said.</p>
<p>McDonalds will open one new outlet in Riga in 1997 and two to three in 1998, bringing investment so far to $10 million.</p>
<p>McDonalds has opened 14 restaurants in the last two years time in the Baltics.</p>
<p>Estonia will have two more outlets this year in addition to one to be opened in April</p>
<p>Lithuania has one under construction in Kaunas and the company hopes to have another two this year.</p>
<p>&quot;We have so far had the biggest success with in-store outlets and we are going to focus on this. Drive-ins are not yet so popular here,&quot; said Kevin Ronmano, Latvia project manager.</p>
<p>-- Martinsh Gravitis, Riga Newsroom, +371 721 5240</p>
</text>
<copyright>(c) Reuters Limited 1997</copyright>
<metadata>
<codes class="bip:countries:1.0">
  <code code="ESTNIA">
    <editdetail attribution="Reuters BIP Coding Group" action="confirmed" date="1997-04-29"/>
  </code>
  <code code="LATV">
    <editdetail attribution="Reuters BIP Coding Group" action="confirmed" date="1997-04-29"/>
  </code>
  <code code="LITH">
    <editdetail attribution="Reuters BIP Coding Group" action="confirmed" date="1997-04-29"/>
  </code>
  <code code="USA">
    <editdetail attribution="Reuters BIP Coding Group" action="confirmed" date="1997-04-29"/>
  </code>
</codes>
<codes class="bip:industries:1.0">
  <code code="I66100">
    <editdetail attribution="Reuters BIP Coding Group" action="confirmed" date="1997-04-29"/>
  </code>
</codes>
<codes class="bip:topics:1.0">
  <code code="C11">
    <editdetail attribution="Reuters BIP Coding Group" action="confirmed" date="1997-04-29"/>
  </code>
  <code code="C24">
    <editdetail attribution="Reuters BIP Coding Group" action="confirmed" date="1997-04-29"/>
  </code>
  <code code="CCAT">
    <editdetail attribution="Reuters BIP Coding Group" action="confirmed" date="1997-04-29"/>
  </code>
</codes>
<dc element="dc.date.created" value="1997-04-29"/>
<dc element="dc.publisher" value="Reuters Holdings Plc"/>
<dc element="dc.date.published" value="1997-04-29"/>
<dc element="dc.source" value="Reuters"/>
<dc element="dc.creator.location" value="RIGA"/>
<dc element="dc.creator.location.country.name" value="LATVIA"/>
<dc element="dc.source" value="Reuters"/>
</metadata>
</newsitem>
