<?xml version="1.0" encoding="iso-8859-1" ?>
<newsitem itemid="546064" id="root" date="1997-04-29" xml:lang="en">
<title>LATVIA: PARLIAMENT PANEL BACKS NEW STATISTICS LAW.</title>
<headline>PARLIAMENT PANEL BACKS NEW STATISTICS LAW.</headline>
<dateline>RIGA 1997-04-29</dateline>
<text>
<p>The budget and finance committee on Tuesday gave its backing for a new statistics law to be sent to parliament for its first reading, politicians said.</p>
<p>The aim of the new law is to update previous legislation, introduced in 1993, and make it closer to European Union norms.</p>
<p>&quot;The changes (in the law) have been drawn up taking into account changes in the economic process and the need to bring Latvian legislation in line with EU requirements,&quot; Economy Minister Guntar Krasts said in a note to the law.</p>
<p>He said the law also made some terms more precise, defined the confidentiality of statistical data and introduced changes that were suggested by the EU statistics office, Eurostat.</p>
<p>The first reading of the law is expected to take place on May 15 or May 21.</p>
<p>-- Patrick Lannin, Riga newsroom, +371 721 5240</p>
</text>
<copyright>(c) Reuters Limited 1997</copyright>
<metadata>
<codes class="bip:countries:1.0">
  <code code="LATV">
    <editdetail attribution="Reuters BIP Coding Group" action="confirmed" date="1997-04-29"/>
  </code>
</codes>
<codes class="bip:topics:1.0">
  <code code="E21">
    <editdetail attribution="Reuters BIP Coding Group" action="confirmed" date="1997-04-29"/>
  </code>
  <code code="ECAT">
    <editdetail attribution="Reuters BIP Coding Group" action="confirmed" date="1997-04-29"/>
  </code>
  <code code="GCAT">
    <editdetail attribution="Reuters BIP Coding Group" action="confirmed" date="1997-04-29"/>
  </code>
  <code code="GPOL">
    <editdetail attribution="Reuters BIP Coding Group" action="confirmed" date="1997-04-29"/>
  </code>
</codes>
<dc element="dc.date.created" value="1997-04-29"/>
<dc element="dc.publisher" value="Reuters Holdings Plc"/>
<dc element="dc.date.published" value="1997-04-29"/>
<dc element="dc.source" value="Reuters"/>
<dc element="dc.creator.location" value="RIGA"/>
<dc element="dc.creator.location.country.name" value="LATVIA"/>
<dc element="dc.source" value="Reuters"/>
</metadata>
</newsitem>
