<?xml version="1.0" encoding="iso-8859-1" ?>
<newsitem itemid="546029" id="root" date="1997-04-29" xml:lang="en">
<title>CZECH REPUBLIC: CZECH PX50 FALLS LED BY HIGH CAPS AT FIXING.</title>
<headline>CZECH PX50 FALLS LED BY HIGH CAPS AT FIXING.</headline>
<dateline>PRAGUE 1997-04-29</dateline>
<text>
<p>The Czech PX50 moved in familiar fashion at Tuesday's price fixing with the top three major issues pulling the index lower ahead of releasing their first quarter (Q1) results later this week.</p>
<p>SPT Telecom, which will release Q1 results on Wednesday at 0900 GMT, dropped five crowns to 3,300. </p>
<p>Komercni Banka , whose Q1 results are to be announced at 0800 GMT on Wednesday, fell 10 crowns to 2,240 and CEZ , whose results will be released on Friday at 0800 GMT, fell 31 crowns to 970.   </p>
<p>In the broader market, the biggest decliner was conference organiser BVV Brno which fell 139 crowns to 2,650.</p>
<p>-- Robin Shepherd, Prague Newsroom, 420-2-2423-0003</p>
</text>
<copyright>(c) Reuters Limited 1997</copyright>
<metadata>
<codes class="bip:countries:1.0">
  <code code="CZREP">
    <editdetail attribution="Reuters BIP Coding Group" action="confirmed" date="1997-04-29"/>
  </code>
</codes>
<codes class="bip:topics:1.0">
  <code code="M11">
    <editdetail attribution="Reuters BIP Coding Group" action="confirmed" date="1997-04-29"/>
  </code>
  <code code="MCAT">
    <editdetail attribution="Reuters BIP Coding Group" action="confirmed" date="1997-04-29"/>
  </code>
</codes>
<dc element="dc.date.created" value="1997-04-29"/>
<dc element="dc.publisher" value="Reuters Holdings Plc"/>
<dc element="dc.date.published" value="1997-04-29"/>
<dc element="dc.source" value="Reuters"/>
<dc element="dc.creator.location" value="PRAGUE"/>
<dc element="dc.creator.location.country.name" value="CZECH REPUBLIC"/>
<dc element="dc.source" value="Reuters"/>
</metadata>
</newsitem>
