<?xml version="1.0" encoding="iso-8859-1" ?>
<newsitem itemid="546037" id="root" date="1997-04-29" xml:lang="en">
<title>LITHUANIA: LITHUANIA NOON RADIO HEADLINES - APRIL 29.</title>
<headline>LITHUANIA NOON RADIO HEADLINES - APRIL 29.</headline>
<dateline>VILNIUS 1997-04-29</dateline>
<text>
<p>Here are the leading headlines from Lithuania's M-1 plus radio station's noon news report on Tuesday. Reuters has not verified these stories and does not vouch for their accuracy.</p>
<p>- European Affairs Minister Laima Andrikiene said on Tuesday that Lithuania's bid for European Union membership and the privatisation of big state enerprises were two inseparable processes.</p>
<p>- Two-hundred Lithuanian students took part in a model parliament in the parliament on Tuesday.</p>
<p>-- Vilnius newsroom +370 2 22 35 18</p>
</text>
<copyright>(c) Reuters Limited 1997</copyright>
<metadata>
<codes class="bip:countries:1.0">
  <code code="LITH">
    <editdetail attribution="Reuters BIP Coding Group" action="confirmed" date="1997-04-29"/>
  </code>
</codes>
<codes class="bip:topics:1.0">
  <code code="GCAT">
    <editdetail attribution="Reuters BIP Coding Group" action="confirmed" date="1997-04-29"/>
  </code>
</codes>
<dc element="dc.date.created" value="1997-04-29"/>
<dc element="dc.publisher" value="Reuters Holdings Plc"/>
<dc element="dc.date.published" value="1997-04-29"/>
<dc element="dc.source" value="Reuters"/>
<dc element="dc.creator.location" value="VILNIUS"/>
<dc element="dc.creator.location.country.name" value="LITHUANIA"/>
<dc element="dc.source" value="Reuters"/>
</metadata>
</newsitem>
