<?xml version="1.0" encoding="iso-8859-1" ?>
<newsitem itemid="546021" id="root" date="1997-04-29" xml:lang="en">
<title>ZIMBABWE: ZIMBABWE DOLLAR CLOSES WEAKER ON IMPORT PRESSURE.</title>
<headline>ZIMBABWE DOLLAR CLOSES WEAKER ON IMPORT PRESSURE.</headline>
<dateline>HARARE 1997-04-29</dateline>
<text>
<p>The Zimbabwe dollar closed Tuesday's interbank session softer on hard currencies, pressured down by importer demand that met with little support from inflows.</p>
<p>&quot;There were some buyers in the market but we didn't see many inflows,&quot; one dealer commented.</p>
<p>&quot;We haven't seen much tobacco money yet. It looks like the tobacco people are speculating, and waiting for the local dollar to depreciate further before bringing in the funds,&quot; he added.</p>
<p>Zimbabwe's annual tobacco auctions opened last week and the local dollar is widely expect to appreciate on the back of funds from the sales.</p>
<p>The Zimbabwe dollar finished the day weaker at 11.3175/3275 against the U.S. dollar compared to 11.3050/3150 and was at 18.4300/4500 from 18.3400/3600 versus pound sterling.</p>
<p>It eased to 2.5400/5600 from 2.5300/5500 against the rand and to 6.5400/5600 on the German mark from 6.5300/5500.</p>
<p>--Stella Mapenzauswa, Harare Newsroom: +263-4 72 52 27/8/9</p>
</text>
<copyright>(c) Reuters Limited 1997</copyright>
<metadata>
<codes class="bip:countries:1.0">
  <code code="ZIMBAB">
    <editdetail attribution="Reuters BIP Coding Group" action="confirmed" date="1997-04-29"/>
  </code>
</codes>
<codes class="bip:topics:1.0">
  <code code="M13">
    <editdetail attribution="Reuters BIP Coding Group" action="confirmed" date="1997-04-29"/>
  </code>
  <code code="M132">
    <editdetail attribution="Reuters BIP Coding Group" action="confirmed" date="1997-04-29"/>
  </code>
  <code code="MCAT">
    <editdetail attribution="Reuters BIP Coding Group" action="confirmed" date="1997-04-29"/>
  </code>
</codes>
<dc element="dc.date.created" value="1997-04-29"/>
<dc element="dc.publisher" value="Reuters Holdings Plc"/>
<dc element="dc.date.published" value="1997-04-29"/>
<dc element="dc.source" value="Reuters"/>
<dc element="dc.creator.location" value="HARARE"/>
<dc element="dc.creator.location.country.name" value="ZIMBABWE"/>
<dc element="dc.source" value="Reuters"/>
</metadata>
</newsitem>
