<?xml version="1.0" encoding="iso-8859-1" ?>
<newsitem itemid="546056" id="root" date="1997-04-29" xml:lang="en">
<title>LATVIA: UNIBANKA ENDS PHARE PROGRAMME.</title>
<headline>UNIBANKA ENDS PHARE PROGRAMME.</headline>
<dateline>RIGA 1997-04-29</dateline>
<text>
<p>Unibanka said on Tuesday that it completed in April a two-year EU PHARE training programme.</p>
<p>The consultancy programme, run by Britain's Barclays Bank helped Unibanka to improve existing services and offer new ones, the bank said in a statement.</p>
<p>Apart from resource management and marketing development an internal audit system was created, the bank said.</p>
<p>The programme also meant that Unibanka could start activities in spheres new for Latvia's banking sector such as a GDR programme and a private placement of shares.</p>
<p>&quot;The programme was a success, which can also be seen from Unibanka's results,&quot; Unibanka president Andris Berzinsh said.</p>
<p>-- Riga newsroom, +371 721 5240</p>
</text>
<copyright>(c) Reuters Limited 1997</copyright>
<metadata>
<codes class="bip:countries:1.0">
  <code code="LATV">
    <editdetail attribution="Reuters BIP Coding Group" action="confirmed" date="1997-04-29"/>
  </code>
</codes>
<codes class="bip:industries:1.0">
  <code code="I81402">
    <editdetail attribution="Reuters BIP Coding Group" action="confirmed" date="1997-04-29"/>
  </code>
</codes>
<codes class="bip:topics:1.0">
  <code code="C11">
    <editdetail attribution="Reuters BIP Coding Group" action="confirmed" date="1997-04-29"/>
  </code>
  <code code="C21">
    <editdetail attribution="Reuters BIP Coding Group" action="confirmed" date="1997-04-29"/>
  </code>
  <code code="CCAT">
    <editdetail attribution="Reuters BIP Coding Group" action="confirmed" date="1997-04-29"/>
  </code>
</codes>
<dc element="dc.date.created" value="1997-04-29"/>
<dc element="dc.publisher" value="Reuters Holdings Plc"/>
<dc element="dc.date.published" value="1997-04-29"/>
<dc element="dc.source" value="Reuters"/>
<dc element="dc.creator.location" value="RIGA"/>
<dc element="dc.creator.location.country.name" value="LATVIA"/>
<dc element="dc.source" value="Reuters"/>
</metadata>
</newsitem>
