<?xml version="1.0" encoding="iso-8859-1" ?>
<newsitem itemid="546015" id="root" date="1997-04-29" xml:lang="en">
<title>SRI LANKA: CRICKET-SRI LANKA SET PAKISTAN 426 TO WIN FINAL TEST.</title>
<headline>CRICKET-SRI LANKA SET PAKISTAN 426 TO WIN FINAL TEST.</headline>
<dateline>COLOMBO 1997-04-29</dateline>
<text>
<p>Pakistan were left to score 426 to win the second and final test after a Sri Lanka run spree led by centuries from Sanath Jayasuriya and Aarvinda de Silva on Tuesday</p>
<p>Jayasuriya struck 113 and de Silva lashed 103 not out as Sri Lanka, 39 ahead on first innings, piled up 386 for four in their second innings before declaring shortly after tea on the fourth day.</p>
<p>Sri Lanka, 102 without loss overnight, consolidated as Jayasuriya and Russell Arnold (50) extended their partership to 157 against a depleted attack reduced to two front line bowlers - leg-spinner Mushtaq Ahmed and off-spinner Saqlain Mushtaq.</p>
<p>Jayasuriya completed his century off 195 balls, hitting one six and eight fours, and he went on to beat his previous test best of 112 against Australia at Adelaide in the 1995-96 series.</p>
<p>When he was out after lunch, Sri Lanka sustained their onslaught with a 105-run fourth wicket stand between de Silva and Arjuna Ranatunga.</p>
<p>The pair dominated the afternoon session which produced 142 runs off 25 overs.</p>
<p>Ranatunga went to his half-century first, off 51 balls with the aid of one six and eight fours, and he celebrated by hitting Mushtaq for two consecutive sixes.</p>
<p>But the bowler had his revenge, having Ranatunga stumped by stand-in wicketkeeper Salim Elahi for 66, scored off 62 balls and containing three sixes and nine fours.</p>
<p>De Silva went to his half-century from 61 balls, with five fours, and completed his third successive hundred of the series after tea.</p>
<p>The first test was drawn.</p>
</text>
<copyright>(c) Reuters Limited 1997</copyright>
<metadata>
<codes class="bip:countries:1.0">
  <code code="PAKIS">
    <editdetail attribution="Reuters BIP Coding Group" action="confirmed" date="1997-04-29"/>
  </code>
  <code code="SRILAN">
    <editdetail attribution="Reuters BIP Coding Group" action="confirmed" date="1997-04-29"/>
  </code>
</codes>
<codes class="bip:topics:1.0">
  <code code="GCAT">
    <editdetail attribution="Reuters BIP Coding Group" action="confirmed" date="1997-04-29"/>
  </code>
  <code code="GSPO">
    <editdetail attribution="Reuters BIP Coding Group" action="confirmed" date="1997-04-29"/>
  </code>
</codes>
<dc element="dc.date.created" value="1997-04-29"/>
<dc element="dc.publisher" value="Reuters Holdings Plc"/>
<dc element="dc.date.published" value="1997-04-29"/>
<dc element="dc.source" value="Reuters"/>
<dc element="dc.creator.location" value="COLOMBO"/>
<dc element="dc.creator.location.country.name" value="SRI LANKA"/>
<dc element="dc.source" value="Reuters"/>
</metadata>
</newsitem>
