<?xml version="1.0" encoding="iso-8859-1" ?>
<newsitem itemid="546008" id="root" date="1997-04-29" xml:lang="en">
<title>REPUBLIC OF IRELAND: CRICKET-CRONJE LEADS IRELAND TO HISTORIC VICTORY.</title>
<headline>CRICKET-CRONJE LEADS IRELAND TO HISTORIC VICTORY.</headline>
<dateline>DUBLIN 1997-04-29</dateline>
<text>
<p>Ireland's cricketers, led by South Africa captain Hansie Cronje, completed an historic victory in the Benson and Hedges Cup at Clontarf on Tuesday.</p>
<p>The Irish beat Middlesex by 46 runs, their first win over an English county side in the 50 overs competition which also includes Scotland, Minor Counties and British Universities.</p>
<p>Middlesex, facing Ireland's 281 for four, were in big trouble at 134 for six off 32.2 overs when rain ended play on Monday.</p>
<p>They succeeded only in reaching 235 all out from 46.4 overs after play resumed on Tuesday under threatening skies.</p>
<p>Ireland had not won a game since they entered the Cup in 1994.</p>
<p>Cronje, signed to lead Ireland for four matches in the group stage of the competition at the suggestion of South African cricket chief Ali Bacher, batted at number four and hit an unbeaten 94.</p>
<p>The South African also took two wickets, including that of Mark Ramprakash.</p>
<p>Ireland's previous most famous cricketing victory was in a one-day game at the expense of the touring West Indies in 1969.</p>
</text>
<copyright>(c) Reuters Limited 1997</copyright>
<metadata>
<codes class="bip:countries:1.0">
  <code code="IRE">
    <editdetail attribution="Reuters BIP Coding Group" action="confirmed" date="1997-04-29"/>
  </code>
  <code code="SAFR">
    <editdetail attribution="Reuters BIP Coding Group" action="confirmed" date="1997-04-29"/>
  </code>
  <code code="UK">
    <editdetail attribution="Reuters BIP Coding Group" action="confirmed" date="1997-04-29"/>
  </code>
</codes>
<codes class="bip:topics:1.0">
  <code code="GCAT">
    <editdetail attribution="Reuters BIP Coding Group" action="confirmed" date="1997-04-29"/>
  </code>
  <code code="GSPO">
    <editdetail attribution="Reuters BIP Coding Group" action="confirmed" date="1997-04-29"/>
  </code>
</codes>
<dc element="dc.date.created" value="1997-04-29"/>
<dc element="dc.publisher" value="Reuters Holdings Plc"/>
<dc element="dc.date.published" value="1997-04-29"/>
<dc element="dc.source" value="Reuters"/>
<dc element="dc.creator.location" value="DUBLIN"/>
<dc element="dc.creator.location.country.name" value="REPUBLIC OF IRELAND"/>
<dc element="dc.source" value="Reuters"/>
</metadata>
</newsitem>
