<?xml version="1.0" encoding="iso-8859-1" ?>
<newsitem itemid="546073" id="root" date="1997-04-29" xml:lang="en">
<title>POLAND: POLAND SAYS RAUTAKIRJA MAY BE IN RUCH BID.</title>
<headline>POLAND SAYS RAUTAKIRJA MAY BE IN RUCH BID.</headline>
<dateline>WARSAW 1997-04-29</dateline>
<text>
<p>The Polish treasury ministry has shortlisted two entities bidding for a 75-percent stake in newsstand chain Ruch SA, a ministry spokesman told the daily Parkiet in its Tuesday edition.</p>
<p>&quot;The so-called shortlist of bidders for the purchase of Ruch has been prepared,&quot; Zbigniew Ostrowski was quoted as saying.</p>
<p>The daily Rzeczpospolita cited unofficial sources in saying that one of the two bidders was Polish group Polska Grupa Kapitalowa, led by Universal and including private television Polsat SA and soft drink producer Multico SA.</p>
<p>Rzeczpospolita said the other was private printing house Uniprom, which was bidding for Ruch alone but which would cooperate with current Finnish partner Rautakirja on organising the chain should it win the bid.</p>
<p>Rzeczpospolita said Rautakirja had bid for Ruch when Poland called a first tender for the chain in 1995.</p>
<p>It said the whole process of selling Ruch might be completed by the end of June. The bidders would be able to see full details of the chain by mid-May and then submit final offers.</p>
<p>The ministry launched a new tender for the privatisation of Ruch, which controls 65 percent of Poland's press distribution market, in March after withdrawing from a nearly-done deal with a consortium led by French Hachette Distribution Service.</p>
<p>The Polish group, saying it would offer $80 million for a 40-percent stake in Ruch and pledging to invest a total of $200 million in the company, placed its bid in the new tender.</p>
<p>The daily Gazeta Wyborcza reported quoted anonymous sources earlier this month as saying that Germany's Bertelsmann AG had been interested in buying Ruch.</p>
<p>Hachette, which ignored the new tender, plans to create its own distribution network in Poland if the government fails to sell it Ruch.</p>
<p>-- Warsaw Newsroom +48 22 653 9700</p>
</text>
<copyright>(c) Reuters Limited 1997</copyright>
<metadata>
<codes class="bip:countries:1.0">
  <code code="POL">
    <editdetail attribution="Reuters BIP Coding Group" action="confirmed" date="1997-04-29"/>
  </code>
</codes>
<codes class="bip:industries:1.0">
  <code code="I42800">
    <editdetail attribution="Reuters BIP Coding Group" action="confirmed" date="1997-04-29"/>
  </code>
  <code code="I47500">
    <editdetail attribution="Reuters BIP Coding Group" action="confirmed" date="1997-04-29"/>
  </code>
  <code code="I63000">
    <editdetail attribution="Reuters BIP Coding Group" action="confirmed" date="1997-04-29"/>
  </code>
  <code code="I64200">
    <editdetail attribution="Reuters BIP Coding Group" action="confirmed" date="1997-04-29"/>
  </code>
  <code code="I9741110">
    <editdetail attribution="Reuters BIP Coding Group" action="confirmed" date="1997-04-29"/>
  </code>
</codes>
<codes class="bip:topics:1.0">
  <code code="C11">
    <editdetail attribution="Reuters BIP Coding Group" action="confirmed" date="1997-04-29"/>
  </code>
  <code code="C18">
    <editdetail attribution="Reuters BIP Coding Group" action="confirmed" date="1997-04-29"/>
  </code>
  <code code="C181">
    <editdetail attribution="Reuters BIP Coding Group" action="confirmed" date="1997-04-29"/>
  </code>
  <code code="CCAT">
    <editdetail attribution="Reuters BIP Coding Group" action="confirmed" date="1997-04-29"/>
  </code>
</codes>
<dc element="dc.date.created" value="1997-04-29"/>
<dc element="dc.publisher" value="Reuters Holdings Plc"/>
<dc element="dc.date.published" value="1997-04-29"/>
<dc element="dc.source" value="Reuters"/>
<dc element="dc.creator.location" value="WARSAW"/>
<dc element="dc.creator.location.country.name" value="POLAND"/>
<dc element="dc.source" value="Reuters"/>
</metadata>
</newsitem>
