<?xml version="1.0" encoding="iso-8859-1" ?>
<newsitem itemid="546027" id="root" date="1997-04-29" xml:lang="en">
<title>SOUTH AFRICA: SA WEEK AHEAD-M3, CREDIT REACTION IMMEDIATE FOCUS.</title>
<headline>SA WEEK AHEAD-M3, CREDIT REACTION IMMEDIATE FOCUS.</headline>
<dateline>JOHANNESBURG 1997-04-29</dateline>
<text>
<p>Last Friday's money supply and bank credit extension figures will be the main immediate domestic focus for South African markets in a three-day holiday-shortened week.</p>
<p>South African money supply ballooned in March but private bank credit extension growth was lower than expected, relieving markets' worst fears over Friday's keenly-awaited data.</p>
<p>Hawkish comments from Reserve Bank Governor Chris Stals had triggered fears of a worse-than-expected credit figure.</p>
<p>In fact, preliminary annual private sector credit growth was 15.96 percent, less than the Reuters market consensus of 16.50 percent.</p>
<p>&quot;The important number is credit and that is coming down, which is very nice...Stals obviously didn't know the credit figure when he made his speech,&quot; said Dawie Roodt of stockbroker Equisec.</p>
<p>Nick Barnardt of BOE NatWest agreed the unadjusted 3.68 billion rand rise in private bank credit last month was moderate but said the surge in broadly defined M3 money supply was alarming.</p>
<p>M3 grew 16.39 percent year-on-year in March, way above the market consensus for a 15.04 percent rise.</p>
<p>&quot;Overall the data is probably neutral for interest rates but the huge jump in M3 is worrying,&quot; Barnardt said, noting that this figure had increased 9.02 billion in the month.</p>
<p>In the last two months M3 had expanded by 17.27 billion rand, or over five percent, he added.</p>
<p>One bond dealer said the data put a bit of a question-mark around Stals' remarks at a conference in Durban on Friday morning when he cautioned monetary policy might have to be tightened further to curb liquidity and excessive credit growth.</p>
<p>Roodt said the central bank governor appeared to be following in Federal Reserve chairman's Alan Greenspan's footsteps in trying to deflate any &quot;irrational exuberance&quot; in the market.</p>
<p>&quot;I think his comments should be seen as caution to the market more than anything else,&quot; he said.</p>
<p>The only major indicator due this week is headline gold and foreign reserves, at 1600 GMT on Friday.</p>
<p>Economists said offshore demand for bonds and shares should lift the figure but it was too early to make detailed forecasts for the month-end.</p>
<p>Some increase in the underlying reserves position has been discounted after healthy portfolio investment in South Africa this month which has held the rand steady.</p>
<p>-- Johannesburg newsroom +27 11 482 1003</p>
</text>
<copyright>(c) Reuters Limited 1997</copyright>
<metadata>
<codes class="bip:countries:1.0">
  <code code="SAFR">
    <editdetail attribution="Reuters BIP Coding Group" action="confirmed" date="1997-04-29"/>
  </code>
</codes>
<codes class="bip:topics:1.0">
  <code code="E12">
    <editdetail attribution="Reuters BIP Coding Group" action="confirmed" date="1997-04-29"/>
  </code>
  <code code="E121">
    <editdetail attribution="Reuters BIP Coding Group" action="confirmed" date="1997-04-29"/>
  </code>
  <code code="ECAT">
    <editdetail attribution="Reuters BIP Coding Group" action="confirmed" date="1997-04-29"/>
  </code>
</codes>
<dc element="dc.date.created" value="1997-04-29"/>
<dc element="dc.publisher" value="Reuters Holdings Plc"/>
<dc element="dc.date.published" value="1997-04-29"/>
<dc element="dc.source" value="Reuters"/>
<dc element="dc.creator.location" value="JOHANNESBURG"/>
<dc element="dc.creator.location.country.name" value="SOUTH AFRICA"/>
<dc element="dc.source" value="Reuters"/>
</metadata>
</newsitem>
