<?xml version="1.0" encoding="iso-8859-1" ?>
<newsitem itemid="546054" id="root" date="1997-04-29" xml:lang="en">
<title>HUNGARY: HUNGARY'S RAIFFEISEN ORGANISES 1.61 BLN BOND ISSUE.</title>
<headline>HUNGARY'S RAIFFEISEN ORGANISES 1.61 BLN BOND ISSUE.</headline>
<dateline>BUDAPEST 1997-04-29</dateline>
<text>
<p>Hungary's Raiffeisen financial group is organising bond issues,to raise 1.11 billion forints for broadcaster Antenna Hungaria Rt and 600 million forints for the local government of Pecs city.</p>
<p>&quot;Antenna Hungaria had financing needs in connection with investments required by the media law,&quot; Ivan Gara, Deputy General Director of Raiffeisen Unicbank told a news conference on Tuesday.</p>
<p>Zoltan Radnoty, director of Raiffeisen group member Raiffeisen Securities, said several series of bonds will be issued until the year 2002, totaling 1.11 billion forints.</p>
<p>The maturity of Antenna bonds will run from three months to five years and will have a floating rate. The interest rate of the first tranche, which is expected to be issued in late May or early June, will be linked to the benchmark DWIX index.</p>
<p>On April 24 the DWIX index was 20.78 percent.</p>
<p>The city of Pecs will also issue several series of bonds with maturities between three months and five years, either with floating or with fixed rate bonds and the bonds can also be discounted bonds.</p>
<p>Radnoty said Pecs will spend the money on general financing and some special projects.</p>
<p>The first series is expected to be issued by the end of May and the program is running until the end of 2004.</p>
<p>In both cases the bonds will be issued privately, to institutional investors.</p>
<p>Domestic bond issues have been relatively rare recently but mobile phone company Pannon GSM was issuing bonds totaling a nominal 25 billion forints.</p>
<p>-- Emese Bartha, Budapest newsroom +36 1 327-4040</p>
</text>
<copyright>(c) Reuters Limited 1997</copyright>
<metadata>
<codes class="bip:countries:1.0">
  <code code="HUNG">
    <editdetail attribution="Reuters BIP Coding Group" action="confirmed" date="1997-04-29"/>
  </code>
</codes>
<codes class="bip:industries:1.0">
  <code code="I9741102">
    <editdetail attribution="Reuters BIP Coding Group" action="confirmed" date="1997-04-29"/>
  </code>
</codes>
<codes class="bip:topics:1.0">
  <code code="C17">
    <editdetail attribution="Reuters BIP Coding Group" action="confirmed" date="1997-04-29"/>
  </code>
  <code code="C172">
    <editdetail attribution="Reuters BIP Coding Group" action="confirmed" date="1997-04-29"/>
  </code>
  <code code="CCAT">
    <editdetail attribution="Reuters BIP Coding Group" action="confirmed" date="1997-04-29"/>
  </code>
  <code code="E21">
    <editdetail attribution="Reuters BIP Coding Group" action="confirmed" date="1997-04-29"/>
  </code>
  <code code="E212">
    <editdetail attribution="Reuters BIP Coding Group" action="confirmed" date="1997-04-29"/>
  </code>
  <code code="ECAT">
    <editdetail attribution="Reuters BIP Coding Group" action="confirmed" date="1997-04-29"/>
  </code>
</codes>
<dc element="dc.date.created" value="1997-04-29"/>
<dc element="dc.publisher" value="Reuters Holdings Plc"/>
<dc element="dc.date.published" value="1997-04-29"/>
<dc element="dc.source" value="Reuters"/>
<dc element="dc.creator.location" value="BUDAPEST"/>
<dc element="dc.creator.location.country.name" value="HUNGARY"/>
<dc element="dc.source" value="Reuters"/>
</metadata>
</newsitem>
