<?xml version="1.0" encoding="iso-8859-1" ?>
<newsitem itemid="546032" id="root" date="1997-04-29" xml:lang="en">
<title>CZECH REPUBLIC: PRESS DIGEST - CZECH REPUBLIC - APRIL 29.</title>
<headline>PRESS DIGEST - CZECH REPUBLIC - APRIL 29.</headline>
<text>
<p>HOSPODARSKE NOVINY - Experts consider the slight improvement in the foreign trade balance during the first quarter of this year positive. They warn, however, that it should not be overestimated.</p>
<p>- From May 15, CS-Stavebni Sporitelna will decrease by one percent its interest rates for mid-term bridging credits which citizens can obtain for housing.</p>
<p>- Trade Minister Martin Riman said the only way to uphold the cabinet's new economic measures is to lay off more employees from Czech Railways than originally expected.</p>
<p>MLADA FRONTA DNES - According to the most recent survey from IVVM, only 24 percent of the 11,000 Czechs asked are satisfied with politics in their country, 10 percent less than in March.</p>
<p>PRAVO - The police are prepared to ensure a calm visit for German President Roman Herzog today in Prague. Herzog will address the Czech parliament, and there is hope that the Republicans will not disrupt the meeting.</p>
<p>- On Monday, the crown reached an all-time record low when it dropped to 3.8 percent below parity. Before that the record low was 2.7 percent.</p>
<p>- Ceska Sporitelna had net profits of 632 million crowns for the first quarter of this year.</p>
<p>- From May 1, brewery Radegast will increase its prices of all its beers by between seven and nine percent.</p>
<p>LIDOVE NOVINY - Union workers at Motol Hospital in Prague will begin a five-day strike tomorrow, protesting against the dismissal of leading heart sergeon Josef Dvorak by Health Minister Jan Strasky.</p>
<p>- Zivnostenska Banka had net profits last year of 378 million crowns, a decrease of seven percent in comparison to 1995.</p>
<p>-- Prague Newsroom, 420-2-2423-0003</p>
</text>
<copyright>(c) Reuters Limited 1997</copyright>
<metadata>
<codes class="bip:countries:1.0">
  <code code="CZREP">
    <editdetail attribution="Reuters BIP Coding Group" action="confirmed" date="1997-04-29"/>
  </code>
</codes>
<codes class="bip:topics:1.0">
  <code code="GCAT">
    <editdetail attribution="Reuters BIP Coding Group" action="confirmed" date="1997-04-29"/>
  </code>
</codes>
<dc element="dc.publisher" value="Reuters Holdings Plc"/>
<dc element="dc.date.published" value="1997-04-29"/>
<dc element="dc.source" value="Reuters"/>
<dc element="dc.creator.location.country.name" value="CZECH REPUBLIC"/>
<dc element="dc.source" value="Reuters"/>
</metadata>
</newsitem>
