<?xml version="1.0" encoding="iso-8859-1" ?>
<newsitem itemid="546043" id="root" date="1997-04-29" xml:lang="en">
<title>ESTONIA: INTERIOR MINISTER REMOVED FROM POST.</title>
<headline>INTERIOR MINISTER REMOVED FROM POST.</headline>
<dateline>TALLINN 1997-04-29</dateline>
<text>
<p>Prime Minister Mart Siimann has proposed that Interior Minister Riivo Sinijarv be released from service, the Estonian news agency ETA said on Tuesday.</p>
<p>The proposal was made to President Lennart Meri and it was suggested that Sinijarv re-enter the diplomatic service, ETA said, quoting the prime minister's press office.</p>
<p>Siimann's spokesman was not immediately available to confirm the report but the Baltic News Service (BNS) quoted the spokesman as saying that Siinijarv left the minister's job of his own accord.</p>
<p>Sinijarv, a member of Siimann's Coalition Party, became interior minister on March 17. He previously served as foreign minister and minister without portfolio for European Affairs in the governments of former premier Tiit Vaehi.</p>
<p>-- Tallinn newsroom +372 630 8400 reuters@reuters.ee</p>
</text>
<copyright>(c) Reuters Limited 1997</copyright>
<metadata>
<codes class="bip:countries:1.0">
  <code code="ESTNIA">
    <editdetail attribution="Reuters BIP Coding Group" action="confirmed" date="1997-04-29"/>
  </code>
</codes>
<codes class="bip:topics:1.0">
  <code code="GCAT">
    <editdetail attribution="Reuters BIP Coding Group" action="confirmed" date="1997-04-29"/>
  </code>
  <code code="GPOL">
    <editdetail attribution="Reuters BIP Coding Group" action="confirmed" date="1997-04-29"/>
  </code>
</codes>
<dc element="dc.date.created" value="1997-04-29"/>
<dc element="dc.publisher" value="Reuters Holdings Plc"/>
<dc element="dc.date.published" value="1997-04-29"/>
<dc element="dc.source" value="Reuters"/>
<dc element="dc.creator.location" value="TALLINN"/>
<dc element="dc.creator.location.country.name" value="ESTONIA"/>
<dc element="dc.source" value="Reuters"/>
</metadata>
</newsitem>
