<?xml version="1.0" encoding="iso-8859-1" ?>
<newsitem itemid="546039" id="root" date="1997-04-29" xml:lang="en">
<title>CZECH REPUBLIC: CZECH LOCAL DEVELOPMENT MINISTER RESIGNS - AGENCY.</title>
<headline>CZECH LOCAL DEVELOPMENT MINISTER RESIGNS - AGENCY.</headline>
<dateline>PRAGUE 1997-04-29</dateline>
<text>
<p>Czech Minister for Local Development Jaromir Schneider of the junior coalition Christian Democratic Party (KDU-CSL) resigned on Tuesday, news agency CTK said.</p>
<p>CTK reported that Schneider stepped down after he lost the confidence of his party which had called for his resignation.</p>
<p>Schneider, 59, became a member of the three-party coalition cabinet after last June's election.</p>
<p>The agency quoted KDU-CSL chairman and Agriculture Minister Josef Lux as saying that Schneider was a weak point in the cabinet.</p>
<p>KDU has four seats in the 16-member cabinet, the same number as the right-wing Civic Democratic Alliance (ODA). The Civic Democratic Party (ODS) led by Prime Minister Vaclav Klaus has eight seats.</p>
<p>-- Jan Lopatka, Prague Newsroom, 420-2-2423-0003</p>
</text>
<copyright>(c) Reuters Limited 1997</copyright>
<metadata>
<codes class="bip:countries:1.0">
  <code code="CZREP">
    <editdetail attribution="Reuters BIP Coding Group" action="confirmed" date="1997-04-29"/>
  </code>
</codes>
<codes class="bip:topics:1.0">
  <code code="GCAT">
    <editdetail attribution="Reuters BIP Coding Group" action="confirmed" date="1997-04-29"/>
  </code>
  <code code="GPOL">
    <editdetail attribution="Reuters BIP Coding Group" action="confirmed" date="1997-04-29"/>
  </code>
</codes>
<dc element="dc.date.created" value="1997-04-29"/>
<dc element="dc.publisher" value="Reuters Holdings Plc"/>
<dc element="dc.date.published" value="1997-04-29"/>
<dc element="dc.source" value="Reuters"/>
<dc element="dc.creator.location" value="PRAGUE"/>
<dc element="dc.creator.location.country.name" value="CZECH REPUBLIC"/>
<dc element="dc.source" value="Reuters"/>
</metadata>
</newsitem>
