<?xml version="1.0" encoding="iso-8859-1" ?>
<newsitem itemid="546077" id="root" date="1997-04-29" xml:lang="en">
<title>ESTONIA: STATE-OWNED EMEX Q1 PROFIT 5 MLN KROONS.</title>
<headline>STATE-OWNED EMEX Q1 PROFIT 5 MLN KROONS.</headline>
<dateline>TALLINN 1997-04-29</dateline>
<text>
<p>The Estonian Metal Company (EMEX), in which a majority stake is to be privatised, had net profit of 4.9 million kroons and turnover of 68.1 million kroons in the first quarter, it said on Tuesday.</p>
<p>&quot;The profit is 20 percent of the year estimate of 24.9 million kroons,&quot; managing director Toomas Keridon told Reuters.</p>
<p>EMEX, which has a monopoly in scrap metal export and import, posted a net profit of 144,000 kroons and turnover of 50.77 million kroons in the first quarter of 1996.</p>
<p>The company had net profit of 18.7 million kroons and a turnover of 301.7 million kroons in 1996.</p>
<p>The closing date for the privatization tenders for a 51 percent stake in the company is May 8.</p>
<p>The privatization agency sold five percent of its shares last year for vouchers, which are traded now on the OTC market.</p>
<p>-- Eva Palu, Tallinn Newsroom, +372 630 8400, reuters@reuters.ee</p>
</text>
<copyright>(c) Reuters Limited 1997</copyright>
<metadata>
<codes class="bip:countries:1.0">
  <code code="ESTNIA">
    <editdetail attribution="Reuters BIP Coding Group" action="confirmed" date="1997-04-29"/>
  </code>
</codes>
<codes class="bip:industries:1.0">
  <code code="I63000">
    <editdetail attribution="Reuters BIP Coding Group" action="confirmed" date="1997-04-29"/>
  </code>
</codes>
<codes class="bip:topics:1.0">
  <code code="C15">
    <editdetail attribution="Reuters BIP Coding Group" action="confirmed" date="1997-04-29"/>
  </code>
  <code code="C151">
    <editdetail attribution="Reuters BIP Coding Group" action="confirmed" date="1997-04-29"/>
  </code>
  <code code="CCAT">
    <editdetail attribution="Reuters BIP Coding Group" action="confirmed" date="1997-04-29"/>
  </code>
</codes>
<dc element="dc.date.created" value="1997-04-29"/>
<dc element="dc.publisher" value="Reuters Holdings Plc"/>
<dc element="dc.date.published" value="1997-04-29"/>
<dc element="dc.source" value="Reuters"/>
<dc element="dc.creator.location" value="TALLINN"/>
<dc element="dc.creator.location.country.name" value="ESTONIA"/>
<dc element="dc.source" value="Reuters"/>
</metadata>
</newsitem>
