<?xml version="1.0" encoding="iso-8859-1" ?>
<newsitem itemid="546079" id="root" date="1997-04-29" xml:lang="en">
<title>HUNGARY: HUNGARY 1-MO BUBOR RATE 21.27 PCT, 3-MO 21.14 PCT.</title>
<headline>HUNGARY 1-MO BUBOR RATE 21.27 PCT, 3-MO 21.14 PCT.</headline>
<dateline>BUDAPEST 1997-04-29</dateline>
<text>
<p>Hungary's Budapest Interbank Offered Rates (BUBOR) remained steady for the one-month maturity at 21.27 percent and eased for the three-month maturity to 21.14 percent, down 0.07, the National Bank of Hungary (NBH) said on its Reuters page on Tuesday.</p>
<p>-- Budapest newsroom +36 1 327 4040</p>
</text>
<copyright>(c) Reuters Limited 1997</copyright>
<metadata>
<codes class="bip:countries:1.0">
  <code code="HUNG">
    <editdetail attribution="Reuters BIP Coding Group" action="confirmed" date="1997-04-29"/>
  </code>
</codes>
<codes class="bip:topics:1.0">
  <code code="M13">
    <editdetail attribution="Reuters BIP Coding Group" action="confirmed" date="1997-04-29"/>
  </code>
  <code code="M131">
    <editdetail attribution="Reuters BIP Coding Group" action="confirmed" date="1997-04-29"/>
  </code>
  <code code="MCAT">
    <editdetail attribution="Reuters BIP Coding Group" action="confirmed" date="1997-04-29"/>
  </code>
</codes>
<dc element="dc.date.created" value="1997-04-29"/>
<dc element="dc.publisher" value="Reuters Holdings Plc"/>
<dc element="dc.date.published" value="1997-04-29"/>
<dc element="dc.source" value="Reuters"/>
<dc element="dc.creator.location" value="BUDAPEST"/>
<dc element="dc.creator.location.country.name" value="HUNGARY"/>
<dc element="dc.source" value="Reuters"/>
</metadata>
</newsitem>
