<?xml version="1.0" encoding="iso-8859-1" ?>
<newsitem itemid="546041" id="root" date="1997-04-29" xml:lang="en">
<title>CZECH REPUBLIC: CZECH IPB CHARGES NOT TO AFFECT PRIVATISATION - NPF.</title>
<headline>CZECH IPB CHARGES NOT TO AFFECT PRIVATISATION - NPF.</headline>
<dateline>PRAGUE 1997-04-29</dateline>
<text>
<p>Plans to sell off the remainder of the Czech state's holding in Czech bank IPB a.s. should not be affected by charges against two senior IPB officials, the National Property fund (NPF) said on Tuesday.</p>
<p>&quot;Because this is about people and not about IPB as an institution, the NPF does not presume that the situation which has arisen would threaten the tender for its (the NPF's) share in IPB,&quot; the NPF, the Czech privatisation agency, said in a statement.  </p>
<p>Two, so far unnamed, officials at IPB were charged with fraud on Tuesday, investigators said. IPB's board of directors described the affair as an attempt to smear the bank's good name.</p>
<p>IPB is the third largest Czech bank by basic capital. The NPF holds a 31.5 percent stake in IPB and the Czech Post Office holds a further 4.5 percent, bringing the state's total holding to 36 percnt.</p>
<p>The state holdings should be sold off in the middle of the year and local press reports say ING Bank and Japan's Nomura are front runners on the shortlist of buyers, being drawn up by U.S based investment bank Salomon Brothers.  </p>
<p>Czech National Bank (CNB) press spokesman Martin Svehla also refused to name the two officials. He said the CNB was following the situation closely but not preparing to take any extraordinary measures.</p>
<p>&quot;We are keeping ourselves informed. The matter which is being investigated is not of an extent which could represent any danger to the bank,&quot; he told Reuters.</p>
<p>The NPF's statement also said that if it did not get a &quot;satisfactory explanation&quot; from IPB, or if the bank has not taken &quot;sufficient measures&quot;, by next Tuesday it would call an extraordinary general meeting of IPB to &quot;resolve personnel questions&quot;.</p>
<p>-- Robin Shepherd, Prague Newsroom, 420-2-2423-0003</p>
</text>
<copyright>(c) Reuters Limited 1997</copyright>
<metadata>
<codes class="bip:countries:1.0">
  <code code="CZREP">
    <editdetail attribution="Reuters BIP Coding Group" action="confirmed" date="1997-04-29"/>
  </code>
</codes>
<codes class="bip:industries:1.0">
  <code code="I81402">
    <editdetail attribution="Reuters BIP Coding Group" action="confirmed" date="1997-04-29"/>
  </code>
  <code code="I83100">
    <editdetail attribution="Reuters BIP Coding Group" action="confirmed" date="1997-04-29"/>
  </code>
</codes>
<codes class="bip:topics:1.0">
  <code code="C18">
    <editdetail attribution="Reuters BIP Coding Group" action="confirmed" date="1997-04-29"/>
  </code>
  <code code="C181">
    <editdetail attribution="Reuters BIP Coding Group" action="confirmed" date="1997-04-29"/>
  </code>
  <code code="C183">
    <editdetail attribution="Reuters BIP Coding Group" action="confirmed" date="1997-04-29"/>
  </code>
  <code code="CCAT">
    <editdetail attribution="Reuters BIP Coding Group" action="confirmed" date="1997-04-29"/>
  </code>
</codes>
<dc element="dc.date.created" value="1997-04-29"/>
<dc element="dc.publisher" value="Reuters Holdings Plc"/>
<dc element="dc.date.published" value="1997-04-29"/>
<dc element="dc.source" value="Reuters"/>
<dc element="dc.creator.location" value="PRAGUE"/>
<dc element="dc.creator.location.country.name" value="CZECH REPUBLIC"/>
<dc element="dc.source" value="Reuters"/>
</metadata>
</newsitem>
