<?xml version="1.0" encoding="iso-8859-1" ?>
<newsitem itemid="546028" id="root" date="1997-04-29" xml:lang="en">
<title>ESTONIA: BOURSE CLOSE - INDEX 1.30 PERCENT LOWER.</title>
<headline>BOURSE CLOSE - INDEX 1.30 PERCENT LOWER.</headline>
<text>
<p>* Preliminary closing data from the Tallinn stock exchange</p>
<p>put total trade on the Estonian bourse at 37.6 million kroons</p>
<p>versus Monday's 60.5 million kroons.</p>
<p>* The Talse online index lost 1.30 percent to close at</p>
<p>263.62. (See index on stock exchange web site:</p>
<p>http://www.tse.ee/online/total.htm)</p>
<p>* Preliminary data showed that Forekspank was the</p>
<p>most active stock with turnover of 12.3 million kroons to close</p>
<p>1.75 kroons lower on 188.25 kroons.</p>
<p>* Hansapank's closing price 2.30 kroons lower from</p>
<p>Monday close 138.70 kroons on 11.3 million kroons.</p>
</text>
<copyright>(c) Reuters Limited 1997</copyright>
<metadata>
<codes class="bip:countries:1.0">
  <code code="ESTNIA">
    <editdetail attribution="Reuters BIP Coding Group" action="confirmed" date="1997-04-29"/>
  </code>
</codes>
<codes class="bip:topics:1.0">
  <code code="M11">
    <editdetail attribution="Reuters BIP Coding Group" action="confirmed" date="1997-04-29"/>
  </code>
  <code code="MCAT">
    <editdetail attribution="Reuters BIP Coding Group" action="confirmed" date="1997-04-29"/>
  </code>
</codes>
<dc element="dc.publisher" value="Reuters Holdings Plc"/>
<dc element="dc.date.published" value="1997-04-29"/>
<dc element="dc.source" value="Reuters"/>
<dc element="dc.creator.location.country.name" value="ESTONIA"/>
<dc element="dc.source" value="Reuters"/>
</metadata>
</newsitem>
