<?xml version="1.0" encoding="iso-8859-1" ?>
<newsitem itemid="546024" id="root" date="1997-04-29" xml:lang="en">
<title>ZIMBABWE: ZIMBABWE MONEY RATES STABLE TO FIRMER ON TUESDAY.</title>
<headline>ZIMBABWE MONEY RATES STABLE TO FIRMER ON TUESDAY.</headline>
<dateline>HARARE 1997-04-29</dateline>
<text>
<p>Short-term trading rates on Zimbabwe's money market were quoted stable to firmer on Tuesday despite a cash surplus at opening, dealers said.</p>
<p>They said the central Reserve Bank auctioned treasury bills worth Z$485 million to mop up excess liquidity at a firmer yield of 17.11 percent from 16.64 percent on Monday.</p>
<p>&quot;The sentiment in the market at the moment is that the rates should go up (in line with inflation, currently at 19.9 percent),&quot; one dealer explained.</p>
<p>In the secondary market, discount houses were looking to buy treasury bills at 17.25 percent and sell them at 17.15 percent while call money added one percentage point to 17 percent.</p>
<p>Bankers acceptance bills were quoted unchanged at 17.25 and 17.15 percent (buying and selling respectively) while NCDs with maturity of 30, 60 and 90 days were being bought at a steady 18 percent but sold at 16.75 from 17.50 percent.</p>
<p>Reserve Bank figures showed the market started off with a Z$178 million surplus compared with Z$58 million the previous day.</p>
<p>--Stella Mapenzauswa, Harare Newsroom: +263-4 72 52 27/8/9--</p>
</text>
<copyright>(c) Reuters Limited 1997</copyright>
<metadata>
<codes class="bip:countries:1.0">
  <code code="ZIMBAB">
    <editdetail attribution="Reuters BIP Coding Group" action="confirmed" date="1997-04-29"/>
  </code>
</codes>
<codes class="bip:topics:1.0">
  <code code="M13">
    <editdetail attribution="Reuters BIP Coding Group" action="confirmed" date="1997-04-29"/>
  </code>
  <code code="M131">
    <editdetail attribution="Reuters BIP Coding Group" action="confirmed" date="1997-04-29"/>
  </code>
  <code code="MCAT">
    <editdetail attribution="Reuters BIP Coding Group" action="confirmed" date="1997-04-29"/>
  </code>
</codes>
<dc element="dc.date.created" value="1997-04-29"/>
<dc element="dc.publisher" value="Reuters Holdings Plc"/>
<dc element="dc.date.published" value="1997-04-29"/>
<dc element="dc.source" value="Reuters"/>
<dc element="dc.creator.location" value="HARARE"/>
<dc element="dc.creator.location.country.name" value="ZIMBABWE"/>
<dc element="dc.source" value="Reuters"/>
</metadata>
</newsitem>
