<?xml version="1.0" encoding="iso-8859-1" ?>
<newsitem itemid="546002" id="root" date="1997-04-29" xml:lang="en">
<title>SWITZERLAND: SOCCER-SANDOR PUHL TO REFEREE EUROPEAN CUP FINAL.</title>
<headline>SOCCER-SANDOR PUHL TO REFEREE EUROPEAN CUP FINAL.</headline>
<dateline>GENEVA 1997-04-29</dateline>
<text>
<p>Sandor Puhl of Hungary will referee the European Cup Final between Juventus of Italy and Borussia Dortmund of Germany, UEFA said on Tuesday.</p>
<p>Puhl, who will be 43 two weeks before the final in Munich on May 28, also refereed the first leg of the 1993 UEFA Cup Final between Juventus and Borussia and was the referee for the 1994 World Cup final between Brazil and Italy in the United States.</p>
<p>Markus Merk of Germany will referee the European Cup Winners Cup final between Barcelona and Paris Saint Germain in Rotterdam on May 14.</p>
<p>The first leg of the UEFA Cup final between Schalke of Germany and Internazionale of Italy in Gelsenkirchen on May 7 will be refereed by Marc Batta of France. Jose Garcia-Aranda of Spain will officiate the second leg in Milan two weeks later.</p>
</text>
<copyright>(c) Reuters Limited 1997</copyright>
<metadata>
<codes class="bip:countries:1.0">
  <code code="BRAZ">
    <editdetail attribution="Reuters BIP Coding Group" action="confirmed" date="1997-04-29"/>
  </code>
  <code code="FRA">
    <editdetail attribution="Reuters BIP Coding Group" action="confirmed" date="1997-04-29"/>
  </code>
  <code code="GFR">
    <editdetail attribution="Reuters BIP Coding Group" action="confirmed" date="1997-04-29"/>
  </code>
  <code code="HUNG">
    <editdetail attribution="Reuters BIP Coding Group" action="confirmed" date="1997-04-29"/>
  </code>
  <code code="ITALY">
    <editdetail attribution="Reuters BIP Coding Group" action="confirmed" date="1997-04-29"/>
  </code>
  <code code="SPAIN">
    <editdetail attribution="Reuters BIP Coding Group" action="confirmed" date="1997-04-29"/>
  </code>
  <code code="SWITZ">
    <editdetail attribution="Reuters BIP Coding Group" action="confirmed" date="1997-04-29"/>
  </code>
  <code code="USA">
    <editdetail attribution="Reuters BIP Coding Group" action="confirmed" date="1997-04-29"/>
  </code>
</codes>
<codes class="bip:topics:1.0">
  <code code="GCAT">
    <editdetail attribution="Reuters BIP Coding Group" action="confirmed" date="1997-04-29"/>
  </code>
  <code code="GSPO">
    <editdetail attribution="Reuters BIP Coding Group" action="confirmed" date="1997-04-29"/>
  </code>
</codes>
<dc element="dc.date.created" value="1997-04-29"/>
<dc element="dc.publisher" value="Reuters Holdings Plc"/>
<dc element="dc.date.published" value="1997-04-29"/>
<dc element="dc.source" value="Reuters"/>
<dc element="dc.creator.location" value="GENEVA"/>
<dc element="dc.creator.location.country.name" value="SWITZERLAND"/>
<dc element="dc.source" value="Reuters"/>
</metadata>
</newsitem>
