<?xml version="1.0" encoding="iso-8859-1" ?>
<newsitem itemid="546006" id="root" date="1997-04-29" xml:lang="en">
<title>GERMANY: SOCCER-PRESSURE ON GERMANY AHEAD OF UKRAINE MATCH.</title>
<headline>SOCCER-PRESSURE ON GERMANY AHEAD OF UKRAINE MATCH.</headline>
<byline>Erik Kirschbaum</byline>
<dateline>BONN 1997-04-29</dateline>
<text>
<p>Germany will have their backs to the wall in the race for a spot in the World Cup finals when their injury-depleted team plays host to front-running Ukraine on Wednesday.</p>
<p>Stuck in third place in qualifying group nine behind Ukraine and Portugal, Germany desperately need a victory in Bremen to keep alive their hopes of winning the group and guaranteed themselves a place in the World Cup finals next year.</p>
<p>&quot;It is the most important match of the year,&quot; said coach Berti Vogts, whose Euro 96-winning team has struggled with two draws and two wins in the group so far.</p>
<p>Ukraine have won four of their five matches and lead the group with 12 points. Portugal are second with nine points.</p>
<p>&quot;We need three points if we want to fight our way directly to the World Cup finals in France,&quot; Vogts said. &quot;I am convinced the team will put in a stronger performance than in recent games. The harder the opponents, the easier it will be for us.&quot;</p>
<p>Germany have certainly made it look difficult against easier opponents.</p>
<p>The 1990 World Cup winners managed draws against Northern Ireland and Portugal and have beaten only lowly Armenia and Albania.</p>
<p>The Albanians nearly defeated Germany in their most recent qualifier before Ulf Kirsten came off the bench to score a hat-trick in a 3-2 win.</p>
<p>But Kirsten is suspended for the match against Ukraine.</p>
<p>&quot;The team knows what is at stake -- we need two wins, no matter how,&quot; said Bayern Munich's Mario Basler, who is expected to replaced the injured Andy Moeller in midfield.</p>
<p>Vogts will be missing many other key players due to injury. Matthias Sammer, Stefan Reuter and Lars Ricken as well as Moeller have all been declared unfit for the match in Bremen's Weser Stadium.</p>
<p>&quot;Every player is replaceable,&quot; said Vogts, who also dismissed criticism from Borussia Dortmund coach Ottmar Hitzfeld that internationals were becoming so vulnerable to injury because they were playing so many matches.</p>
<p>&quot;I can't understand all the moaning and complaining,&quot; Vogts said. &quot;These are professionals and they earn a lot of money. It is up to them to work on their own health and fitness in training.&quot;</p>
<p>One injured player Vogts will most likely be able to rely on is goalkeeper Andreas Koepke, who has been suffering from a hamstring injury. Koepke dropped out of a training session in Bremen on Monday but said it was just a preventative measure.</p>
<p>&quot;I just didn't want to overtax the muscle,&quot; Koepke said.</p>
<p>Vogts has enlisted three newcomers to the squad -- Jens Jeremies from 1860 Munich, Sven Kmetsch from Hamburg and Jens Nowotny from Bayer Leverkusen. None is expected to start the match against Ukraine.</p>
<p>Teams (probable):</p>
<p>Germany - Andreas Koepke, Thomas Helmer, Markus Babbel, Juergen Kohler, Joerg Heinrich, Dieter Eilts, Christian Ziege, Mario Basler, Dariusz Wosz, Juergen Klinsmann, Oliver Bierhoff</p>
<p>Ukraine - Oleg Suslov, Oleksandr Golovko, Oleg Luzhnyi, Vladislav Vashchyuk, Viktor Skripnik, Sergiy Bezhenar, Yuri Maksimov, Gennady Orbu, Yuri Kalitvintsev, Vitaly Kosovsky, Andriy Shevchenko</p>
</text>
<copyright>(c) Reuters Limited 1997</copyright>
<metadata>
<codes class="bip:countries:1.0">
  <code code="GFR">
    <editdetail attribution="Reuters BIP Coding Group" action="confirmed" date="1997-04-29"/>
  </code>
  <code code="UKRN">
    <editdetail attribution="Reuters BIP Coding Group" action="confirmed" date="1997-04-29"/>
  </code>
</codes>
<codes class="bip:topics:1.0">
  <code code="GCAT">
    <editdetail attribution="Reuters BIP Coding Group" action="confirmed" date="1997-04-29"/>
  </code>
  <code code="GSPO">
    <editdetail attribution="Reuters BIP Coding Group" action="confirmed" date="1997-04-29"/>
  </code>
</codes>
<dc element="dc.date.created" value="1997-04-29"/>
<dc element="dc.publisher" value="Reuters Holdings Plc"/>
<dc element="dc.date.published" value="1997-04-29"/>
<dc element="dc.source" value="Reuters"/>
<dc element="dc.creator.location" value="BONN"/>
<dc element="dc.creator.location.country.name" value="GERMANY"/>
<dc element="dc.source" value="Reuters"/>
</metadata>
</newsitem>
