<?xml version="1.0" encoding="iso-8859-1" ?>
<newsitem itemid="546004" id="root" date="1997-04-29" xml:lang="en">
<title>MALTA: SOCCER-PRIDE AT STAKE AS MALTA FACES THE FAROES ISLANDS.</title>
<headline>SOCCER-PRIDE AT STAKE AS MALTA FACES THE FAROES ISLANDS.</headline>
<dateline>VALLETTA 1997-04-29</dateline>
<text>
<p>Not too many countries issue commemorative telephone cards to mark World Cup qualifiers -- but Malta have done just that before their group six game against the Faroes Islands on Wednesday.</p>
<p>It was issued as part of the drive to get the Maltese public behind their team for what is a crucial qualifier for both countries.</p>
<p>Not that it will have the slighest bearing on a place in the finals in France next year -- but because it may determine who will end up with the wooden spoon at the bottom of the group.</p>
<p>For the two teams go into the match having lost all 11 qualifers they have played between them, scoring five goals and conceding 49.</p>
<p>So plenty of pride will be at stake when the two tiny island nations meet at at the Ta'Qali stadium.</p>
<p>Malta are currently bottom of the group having lost all six matches with a goal tally of 0-27 while the Faroes record is not much better -- in fact it is almost as as bad -- played five, lost five scored five, conceded 22.</p>
<p>If they can't work out which team is the least worst on Wednesday, they meet again in the Faroes on June 8.</p>
<p>Ticket prices have been slashed in a bid to revive flagging public support, and state telephone company Telemalta has issued the commemorative phone card with a picture of the Maltese team</p>
<p>&quot;We are expecting a win. The Faroes are not inferior to us, but they are certainly not better either,&quot; said Joe Mifsud, a senior UEFA official and the president of the Malta Football Association.</p>
<p>Maltese national coach Milorad Kosanovic, a Yugoslav, said there was plenty of enthusiasm in his squad.</p>
<p>Buoyed by the news on Tuesday that his only doubt, skipper Silvio Vella had passed a fitness test after being injured in training, Kosanovic said he was looking forward to this match.</p>
<p>His team would be especially careful of the Faroes one potent weapon -- their swift counter-attacks. Faroe Islands coach, former Denmark midfielder Allan Simonsen was more philosophical, saying when he arrived in Malta on Sunday that he preferred playing against top teams because that was the only way soccer could improve. &quot;Our nation is a cluster of islands and it is difficult for the players to train together except for a few days before each match,&quot; he said.</p>
<p>Malta go into the game after losing 6-0 to Yugoslavia, 6-0 to the Czech Republic, 6-0 and 2-0 to Slovakia and 3-0 and 4-0 to Spain.</p>
<p>The Faroes have lost 3-1 and 8-1 to Yugoslavia, 2-1 and 3-0 to Slovakia and 6-2 to Spain.</p>
<p>All that matters now is avoiding bottom place when the qualifiers end in October.</p>
</text>
<copyright>(c) Reuters Limited 1997</copyright>
<metadata>
<codes class="bip:countries:1.0">
  <code code="FAEROE">
    <editdetail attribution="Reuters BIP Coding Group" action="confirmed" date="1997-04-29"/>
  </code>
  <code code="MALTA">
    <editdetail attribution="Reuters BIP Coding Group" action="confirmed" date="1997-04-29"/>
  </code>
</codes>
<codes class="bip:topics:1.0">
  <code code="GCAT">
    <editdetail attribution="Reuters BIP Coding Group" action="confirmed" date="1997-04-29"/>
  </code>
  <code code="GSPO">
    <editdetail attribution="Reuters BIP Coding Group" action="confirmed" date="1997-04-29"/>
  </code>
</codes>
<dc element="dc.date.created" value="1997-04-29"/>
<dc element="dc.publisher" value="Reuters Holdings Plc"/>
<dc element="dc.date.published" value="1997-04-29"/>
<dc element="dc.source" value="Reuters"/>
<dc element="dc.creator.location" value="VALLETTA"/>
<dc element="dc.creator.location.country.name" value="MALTA"/>
<dc element="dc.source" value="Reuters"/>
</metadata>
</newsitem>
