<?xml version="1.0" encoding="iso-8859-1" ?>
<newsitem itemid="546009" id="root" date="1997-04-29" xml:lang="en">
<title>ITALY: SOCCER-ITALY'S BAGGIO AWAITS RETURN AGAINST POLAND.</title>
<headline>SOCCER-ITALY'S BAGGIO AWAITS RETURN AGAINST POLAND.</headline>
<byline>Alan Baldwin</byline>
<dateline>ROME 1997-04-29</dateline>
<text>
<p>The return of Roberto Baggio could be just one of several new problems facing Poland when they play Italy on Wednesday in their second World Cup qualifying clash in the space of a month.</p>
<p>Poland will be little changed for the group two clash in Naples while Italy have made some major modifications to the side that was held 0-0 in Chorzow.</p>
<p>Baggio, out of the team since 1995, is expected to be a substitute on a night that could take Cesare Maldini's players a huge step closer to the 1998 finals in France.</p>
<p>But a far bigger factor than Baggio for the home team is likely to be provided by the crowd at the San Paolo stadium who will not just be cheering on Italy.</p>
<p>They will be witnessing the return of some of those who contributed to the greatest years in the city's soccer history.</p>
<p>Striker Gianfranco Zola, now with Chelsea in England, was understudy to Diego Maradona when the Argentine took Napoli to their second league title in 1989.</p>
<p>Defender Ciro Ferrara, now with European Cup holders Juventus, was also in that great Napoli team and grew up in the streets of the teeming southern port.</p>
<p>So too did fellow defender Fabio Cannavaro.</p>
<p>Ferrara was booed on his last appearance here with Juventus by some fans who could not forgive his leaving.</p>
<p>The incident brought him a formal apology from Napoli's official fan club and has raised fears of a repeat on Wednesday.</p>
<p>&quot;I hope the fans give us a hand,&quot; said Paolo Maldini. &quot;The people of Napoli want to get back into the football that matters and this could be the right moment.&quot;</p>
<p>To add to the sense of occasion, Maldini senior played his first international for Italy in Naples 37 years ago.</p>
<p>That match, a 3-0 win against Switzerland, was nowhere near as important as this one.</p>
<p>The match is Italy's last World Cup qualifier until September and one the &quot;Azzurri&quot; must win to maintain their lead over main group rivals England.</p>
<p>Italy currently have 13 points, four clear of second-placed England who have a game in hand.</p>
<p>&quot;We need three points,&quot; said Maldini, whose players are unbeaten and have not conceded a goal since he took over from unpopular coach Arrigo Sacchi last last year.</p>
<p>&quot;If we beat Poland then England will be almost on their knees. It means having all the psychological advantage.&quot;</p>
<p>England beat Poland 2-1 at Wembley and anything less than three points for Italy could be dangerous -- particularly if England beat the Poles away next month.</p>
<p>Zola, who caused an injury scare last week that led to Baggio being called up, is expected to partner Middlesbrough's returning striker Fabrizio Ravanelli.</p>
<p>Ravanelli missed the last two World Cup qualifiers due to injury and has not partnered Zola up front in a starting line-up since May last year.</p>
<p>The other main attacking option of Christian Vieri evaporated on Monday when the young Juventus star was diagnosed with a tonsil problem and sent home to recuperate.</p>
<p>Atalanta's Filippo Inzaghi, still waiting for his first senior cap despite being the league top scorer this season, is also expected to be on the bench.</p>
<p>Teams:</p>
<p>Italy (probable) - Angelo Peruzzi, Alessandro Costacurta, Paolo Maldini, Fabio Cannavaro, Ciro Ferrara, Angelo Di Livio, Dino Baggio, Demetrio Albertini, Roberto Di Matteo, Fabrizio Ravanelli, Gianfranco Zola</p>
<p>Poland - to be announced</p>
</text>
<copyright>(c) Reuters Limited 1997</copyright>
<metadata>
<codes class="bip:countries:1.0">
  <code code="ITALY">
    <editdetail attribution="Reuters BIP Coding Group" action="confirmed" date="1997-04-29"/>
  </code>
  <code code="POL">
    <editdetail attribution="Reuters BIP Coding Group" action="confirmed" date="1997-04-29"/>
  </code>
</codes>
<codes class="bip:topics:1.0">
  <code code="GCAT">
    <editdetail attribution="Reuters BIP Coding Group" action="confirmed" date="1997-04-29"/>
  </code>
  <code code="GSPO">
    <editdetail attribution="Reuters BIP Coding Group" action="confirmed" date="1997-04-29"/>
  </code>
</codes>
<dc element="dc.date.created" value="1997-04-29"/>
<dc element="dc.publisher" value="Reuters Holdings Plc"/>
<dc element="dc.date.published" value="1997-04-29"/>
<dc element="dc.source" value="Reuters"/>
<dc element="dc.creator.location" value="ROME"/>
<dc element="dc.creator.location.country.name" value="ITALY"/>
<dc element="dc.source" value="Reuters"/>
</metadata>
</newsitem>
