<?xml version="1.0" encoding="iso-8859-1" ?>
<newsitem itemid="546030" id="root" date="1997-04-29" xml:lang="en">
<title>LITHUANIA: SHARES MIXED, GAS FIRM FALLS.</title>
<headline>SHARES MIXED, GAS FIRM FALLS.</headline>
<dateline>VILNIUS 1997-04-29</dateline>
<text>
<p>* Lithuanian share prices were mixed on Tuesday, with 15 of the 43 stocks on the A list easing, eight rising and the rest holding firm or trading in a range above and below their price on Monday.</p>
<p>* Lithuanian Gas returned to the market after a suspension because of its shareholders' meeting and promptly lost nine percent, falling to 1.82 litas from 2.00 litas.</p>
<p>* Vilniaus Bank eased to 221.00 litas from 235.00 litas while Siauliu Bank sank for the third straight session, falling to 82.00 litas from 90.00 litas.</p>
<p>Lithuanian shares were mixed on Tuesday and the short-term outlook was gloomy, dealers said.</p>
<p>&quot;We only have local investors right now and a few orders from the Nordic countries...the big investors are still examining the market and haven't come yet,&quot; said Kestutis Kupsys, a dealer with brokerage house Mendes Prior Europe.</p>
<p>&quot;Instead of using the central market, big foreign investors have been opting for block trades and direct purchases,&quot; he added.</p>
<p>The session's losers included Vilniaus Bank, which eased to 221.00 litas from 235.00 litas.</p>
<p>Siauliu Bank stumbled for the third straight session after rising steeply last week on news that Hermis Bank planned to buy 51 percent of its shares.</p>
<p>Dealers said its price had risen too high too fast last week.</p>
<p>&quot;Its price increase was purely speculative and fueled by investors who did not examine the situation carefully,&quot; said Arvydas Jacikevicius of brokerage firm Suprema.</p>
<p>&quot;Just because the central bank gave Hermis Bank permission to acquire 51 percent of Siauliu Bank's shares doesn't mean that it will happen...and there is a chance that it won't happen,&quot; he said.</p>
<p>Lithuanian Gas lost nine percent on its first day of trade after a suspension because of its shareholders' meeting on Monday.</p>
<p>The company reported a loss of 15.975 million litas but dealers said that it had lots of room to move up as its long-term prospects are good and its price looks like a bargain at the moment.</p>
<p>-- Ed Stoddard, Vilnius newsroom +370 2 22 35 18</p>
</text>
<copyright>(c) Reuters Limited 1997</copyright>
<metadata>
<codes class="bip:countries:1.0">
  <code code="LITH">
    <editdetail attribution="Reuters BIP Coding Group" action="confirmed" date="1997-04-29"/>
  </code>
</codes>
<codes class="bip:topics:1.0">
  <code code="M11">
    <editdetail attribution="Reuters BIP Coding Group" action="confirmed" date="1997-04-29"/>
  </code>
  <code code="MCAT">
    <editdetail attribution="Reuters BIP Coding Group" action="confirmed" date="1997-04-29"/>
  </code>
</codes>
<dc element="dc.date.created" value="1997-04-29"/>
<dc element="dc.publisher" value="Reuters Holdings Plc"/>
<dc element="dc.date.published" value="1997-04-29"/>
<dc element="dc.source" value="Reuters"/>
<dc element="dc.creator.location" value="VILNIUS"/>
<dc element="dc.creator.location.country.name" value="LITHUANIA"/>
<dc element="dc.source" value="Reuters"/>
</metadata>
</newsitem>
