<?xml version="1.0" encoding="iso-8859-1" ?>
<newsitem itemid="546062" id="root" date="1997-04-29" xml:lang="en">
<title>LATVIA: BALTICS-MCDONALDS HOPES TO USE MORE LOCAL PRODUCE.</title>
<headline>BALTICS-MCDONALDS HOPES TO USE MORE LOCAL PRODUCE.</headline>
<dateline>RIGA 1997-04-29</dateline>
<text>
<p>Fast-food giant McDonalds on Tuesday said it hoped to use more local produce in the Baltics, including local meat and bread products.</p>
<p>The company said it plans to increase the share of locally produced products from the current 10 percent. This compares with Poland, where local produce is 98 percent.</p>
<p>&quot;By the end of this year we hope to see local meat and bread products replacing imports,&quot; McDonalds Baltics manager Kevin Murphy told a news conference.</p>
<p>&quot;The majority of supplies would then be coming from the local market,&quot; he added.</p>
<p>Riga Dairy currently supplies milk shake and ice-cream ingredients while the company sources lettuce in Estonia.</p>
<p>But he said that some $1.5 million of investment in meat processing and $800,000 in potato processing would be needed to meet EU quality standards, Murphy said.</p>
<p>&quot;Our tonnage in the Baltics is not big enough for the time being for a local producer to see a return on it,&quot; Murphy said.</p>
<p>McDonalds is working on two solutions, including European suppliers entering a joint-venture with a local producer.</p>
<p>He said that processing products from Baltics in existing production facilties and re-exporting to the three countries was a solution which was currently blocked by local authorities.</p>
<p>&quot;We are currently negotiating with our German meat supplier to make an investment in Latvia or elsewhere in the Baltics, entering a joint venture,&quot; Murphy said.</p>
<p>McDonalds European bread supplier, French FSB, has also expressed interest in investing in the Baltics, Murphy said.</p>
<p>-- Martinsh Gravitis, Riga newsroom, +371 721 5240</p>
</text>
<copyright>(c) Reuters Limited 1997</copyright>
<metadata>
<codes class="bip:countries:1.0">
  <code code="LATV">
    <editdetail attribution="Reuters BIP Coding Group" action="confirmed" date="1997-04-29"/>
  </code>
  <code code="USA">
    <editdetail attribution="Reuters BIP Coding Group" action="confirmed" date="1997-04-29"/>
  </code>
</codes>
<codes class="bip:industries:1.0">
  <code code="I66100">
    <editdetail attribution="Reuters BIP Coding Group" action="confirmed" date="1997-04-29"/>
  </code>
</codes>
<codes class="bip:topics:1.0">
  <code code="C11">
    <editdetail attribution="Reuters BIP Coding Group" action="confirmed" date="1997-04-29"/>
  </code>
  <code code="CCAT">
    <editdetail attribution="Reuters BIP Coding Group" action="confirmed" date="1997-04-29"/>
  </code>
</codes>
<dc element="dc.date.created" value="1997-04-29"/>
<dc element="dc.publisher" value="Reuters Holdings Plc"/>
<dc element="dc.date.published" value="1997-04-29"/>
<dc element="dc.source" value="Reuters"/>
<dc element="dc.creator.location" value="RIGA"/>
<dc element="dc.creator.location.country.name" value="LATVIA"/>
<dc element="dc.source" value="Reuters"/>
</metadata>
</newsitem>
