<?xml version="1.0" encoding="iso-8859-1" ?>
<newsitem itemid="546023" id="root" date="1997-04-29" xml:lang="en">
<title>SOUTH AFRICA: S.AFRICAN POLICE ARREST COCAINE SMUGGLER AT AIRPORT.</title>
<headline>S.AFRICAN POLICE ARREST COCAINE SMUGGLER AT AIRPORT.</headline>
<dateline>JOHANNESBURG 1997-04-29</dateline>
<text>
<p>South African police said on Tuesday they had arrested a man at Johannesburg International Airport carrying three kilogrammes of cocaine worth about 900,000 rand ($200,000).</p>
<p>The South African, who had flown in from Miami in the United States, had tried to smuggle the drugs through customs in a pair of boots, two cans, four Johnson &amp; Johnson powder holders and four underarm deodorant cans.</p>
<p>($ = 4.44 rand)</p>
</text>
<copyright>(c) Reuters Limited 1997</copyright>
<metadata>
<codes class="bip:countries:1.0">
  <code code="SAFR">
    <editdetail attribution="Reuters BIP Coding Group" action="confirmed" date="1997-04-29"/>
  </code>
  <code code="USA">
    <editdetail attribution="Reuters BIP Coding Group" action="confirmed" date="1997-04-29"/>
  </code>
</codes>
<codes class="bip:topics:1.0">
  <code code="GCAT">
    <editdetail attribution="Reuters BIP Coding Group" action="confirmed" date="1997-04-29"/>
  </code>
  <code code="GCRIM">
    <editdetail attribution="Reuters BIP Coding Group" action="confirmed" date="1997-04-29"/>
  </code>
</codes>
<dc element="dc.date.created" value="1997-04-29"/>
<dc element="dc.publisher" value="Reuters Holdings Plc"/>
<dc element="dc.date.published" value="1997-04-29"/>
<dc element="dc.source" value="Reuters"/>
<dc element="dc.creator.location" value="JOHANNESBURG"/>
<dc element="dc.creator.location.country.name" value="SOUTH AFRICA"/>
<dc element="dc.source" value="Reuters"/>
</metadata>
</newsitem>
