<?xml version="1.0" encoding="iso-8859-1" ?>
<newsitem itemid="546038" id="root" date="1997-04-29" xml:lang="en">
<title>LATVIA: LATVIA NOON RADIO HEADLINES-APRIL 29.</title>
<headline>LATVIA NOON RADIO HEADLINES-APRIL 29.</headline>
<dateline>RIGA 1997-04-29</dateline>
<text>
<p>These were the headlines on Latvian state radio at noon. Reuters has not verified these reports and does not vouch for their accuracy:</p>
<p>- President Guntis Ulmanis continues his visit to Poland, where he has already signed a free trade deal. The agenda includes a meeting with Lithuanian and Polish businessmen.</p>
<p>- Riga city will tomorrow end the heating season, meaning it will start turning off the heating in peoples homes.</p>
<p>- The parliament committee investigating the use of credits from the G24 sat again. It said it has no clear idea of who was responsible for distributing the loans.</p>
<p>- The libel case of the Social Democratic Party continues against Prime Minister Andris Shkele.</p>
<p>- The human rights and social affairs parliament committee backed new legislation on the treatment of refugees.</p>
<p>- Latvia and Norway continue talks on the readmission of illegal immigrants, expected to visa-free travel between the two nations.</p>
<p>-- Riga newsroom, +371 721 5240</p>
</text>
<copyright>(c) Reuters Limited 1997</copyright>
<metadata>
<codes class="bip:countries:1.0">
  <code code="LATV">
    <editdetail attribution="Reuters BIP Coding Group" action="confirmed" date="1997-04-29"/>
  </code>
</codes>
<codes class="bip:topics:1.0">
  <code code="GCAT">
    <editdetail attribution="Reuters BIP Coding Group" action="confirmed" date="1997-04-29"/>
  </code>
</codes>
<dc element="dc.date.created" value="1997-04-29"/>
<dc element="dc.publisher" value="Reuters Holdings Plc"/>
<dc element="dc.date.published" value="1997-04-29"/>
<dc element="dc.source" value="Reuters"/>
<dc element="dc.creator.location" value="RIGA"/>
<dc element="dc.creator.location.country.name" value="LATVIA"/>
<dc element="dc.source" value="Reuters"/>
</metadata>
</newsitem>
