<?xml version="1.0" encoding="iso-8859-1" ?>
<newsitem itemid="546026" id="root" date="1997-04-29" xml:lang="en">
<title>SOUTH AFRICA: MALBAK UNBUNDLING ENDS, MOVES JSE SECTOR.</title>
<headline>MALBAK UNBUNDLING ENDS, MOVES JSE SECTOR.</headline>
<dateline>JOHANNESBURG 1997-04-29</dateline>
<text>
<p>Malbak Ltd, the South African conglomerate which last week put the final touches to its unbundling, will move to the packaging and printing sector on the Johannesburg Stock Exchange on Tuesday, the firm said.</p>
<p>The company, which was previously listed in the industrial holdings sector, now takes on a new guise as a packaging company with its major asssets a 68 percent stake in Kohler Ltd, a 64 percent interest in London-listed MY Holdings and 100 million rand in cash.</p>
<p>Malbak said in a statement that its major assets are valued at around two billion rand.</p>
<p>Its pro forma turnover for the year ended August 31, 1996 was 2.8 billion rand while its operating income amounted to 290 million rand.</p>
<p>On the 337.5 million shares in issue, earnings per share excluding exceptional items, would have been 39.1 cents a share and the dividend on a 2.9 times cover, 13.6 cents a share.</p>
<p>Malbak said that with the restructure of the group, its share price will decrease to reflect the value of its underlying assets. Analysts have estimated that the &quot;new&quot; Malbak should trade at between 750 and 800 cents a share.</p>
<p>Due to certain conditions precedent to the disposal of its stake in Haggie Ltd, Malbak still holds this asset. Shareholders will be informed as soon as resolution is reached.</p>
<p>Malbak also continues to hold its unsold interests in ICL (South Africa) but negotiations are continuing for that disposal.</p>
<p>It said it this week finalised the sale of its interest in engineering business Osborn MMD to Boart Longyear for 10.3 million rand in cash. These funds, plus 32 million rand arising out of dividends paid to Malbak from its unbundled companies will also reside in Malbak.</p>
<p>The group said that analysts in their valuations may not have &quot;appreciated&quot; the net value due to Malbak by the Malbak share trust. The trust holds 5.6 million Malbak shares which currently valued amounts to around 120 million rand.</p>
<p>The trust will receive the shares in the Malbak unbundling which will be disposed of over time, so realising value for shareholders.</p>
<p>Malbak said the the share distribution for Haggie, if applicable, the proceeds and interest on that, also if applicable, from the disposal of Osborn, ICL and Haggie and any other provisions will be available for a possible second distribution.</p>
<p>The group's interim results for the six months ended February 28 will be published towards the end of the first week in May.</p>
<p>Shareholders were reminded that they would receive their distributed shares cum dividend, except for Foodcorp Ltd. Because of this Malbak will not pay an interim dividend.</p>
<p>-- Johannesburg newsroom 27 11 482 1003</p>
</text>
<copyright>(c) Reuters Limited 1997</copyright>
<metadata>
<codes class="bip:countries:1.0">
  <code code="SAFR">
    <editdetail attribution="Reuters BIP Coding Group" action="confirmed" date="1997-04-29"/>
  </code>
</codes>
<codes class="bip:industries:1.0">
  <code code="I47000">
    <editdetail attribution="Reuters BIP Coding Group" action="confirmed" date="1997-04-29"/>
  </code>
  <code code="I47100">
    <editdetail attribution="Reuters BIP Coding Group" action="confirmed" date="1997-04-29"/>
  </code>
  <code code="I83960">
    <editdetail attribution="Reuters BIP Coding Group" action="confirmed" date="1997-04-29"/>
  </code>
</codes>
<codes class="bip:topics:1.0">
  <code code="C11">
    <editdetail attribution="Reuters BIP Coding Group" action="confirmed" date="1997-04-29"/>
  </code>
  <code code="C18">
    <editdetail attribution="Reuters BIP Coding Group" action="confirmed" date="1997-04-29"/>
  </code>
  <code code="C181">
    <editdetail attribution="Reuters BIP Coding Group" action="confirmed" date="1997-04-29"/>
  </code>
  <code code="CCAT">
    <editdetail attribution="Reuters BIP Coding Group" action="confirmed" date="1997-04-29"/>
  </code>
</codes>
<dc element="dc.date.created" value="1997-04-29"/>
<dc element="dc.publisher" value="Reuters Holdings Plc"/>
<dc element="dc.date.published" value="1997-04-29"/>
<dc element="dc.source" value="Reuters"/>
<dc element="dc.creator.location" value="JOHANNESBURG"/>
<dc element="dc.creator.location.country.name" value="SOUTH AFRICA"/>
<dc element="dc.source" value="Reuters"/>
</metadata>
</newsitem>
