<?xml version="1.0" encoding="iso-8859-1" ?>
<newsitem itemid="546058" id="root" date="1997-04-29" xml:lang="en">
<title>LATVIA: KAIJA IN PROFIT IN 1996, SEES 1.1 MLN LATS IN '97.</title>
<headline>KAIJA IN PROFIT IN 1996, SEES 1.1 MLN LATS IN '97.</headline>
<dateline>RIGA 1997-04-29</dateline>
<text>
<p>Fish cannery Kaija said on Tuesday that its audited 1996 net profit came to 639,893 lats against a loss of 200,615 lats in 1995 and that it expected a 1997 profit of 1.1 million lats.  </p>
<p>Kaija also said in a statement that it expects 1997 income to be 14.4 million lats and expenses to be 13.3 million lats.</p>
<p>The management was also due to suggest to a shareholders meeting, taking place on Tuesday, to transfer 31,995 lats of 1996 profit into reserves and use the remaining 607,898 lats in the development of the company.</p>
<p>The company said its net turnover in 1996 was 11.4 million lats versus 3.89 million lats in 1995 and gross profit was 2.14 million lats versus 594,482 lats.</p>
<p>Its administrative expenses rose to 958,172 lats from 311,423 lats and its pre-tax profit was 315,363 lats versus a profit of 196,656 lats.</p>
<p>It said its staff numbers rose to 664 people from 576 people and the average wage was 148.2 lats versus 107.4 lats.</p>
<p>Its total output was worth 12.14 million lats versus 7.03 million lats.</p>
<p>-- Riga newsroom, +371 721 5240</p>
</text>
<copyright>(c) Reuters Limited 1997</copyright>
<metadata>
<codes class="bip:countries:1.0">
  <code code="LATV">
    <editdetail attribution="Reuters BIP Coding Group" action="confirmed" date="1997-04-29"/>
  </code>
</codes>
<codes class="bip:industries:1.0">
  <code code="I41500">
    <editdetail attribution="Reuters BIP Coding Group" action="confirmed" date="1997-04-29"/>
  </code>
</codes>
<codes class="bip:topics:1.0">
  <code code="C15">
    <editdetail attribution="Reuters BIP Coding Group" action="confirmed" date="1997-04-29"/>
  </code>
  <code code="C151">
    <editdetail attribution="Reuters BIP Coding Group" action="confirmed" date="1997-04-29"/>
  </code>
  <code code="C1511">
    <editdetail attribution="Reuters BIP Coding Group" action="confirmed" date="1997-04-29"/>
  </code>
  <code code="C152">
    <editdetail attribution="Reuters BIP Coding Group" action="confirmed" date="1997-04-29"/>
  </code>
  <code code="CCAT">
    <editdetail attribution="Reuters BIP Coding Group" action="confirmed" date="1997-04-29"/>
  </code>
</codes>
<dc element="dc.date.created" value="1997-04-29"/>
<dc element="dc.publisher" value="Reuters Holdings Plc"/>
<dc element="dc.date.published" value="1997-04-29"/>
<dc element="dc.source" value="Reuters"/>
<dc element="dc.creator.location" value="RIGA"/>
<dc element="dc.creator.location.country.name" value="LATVIA"/>
<dc element="dc.source" value="Reuters"/>
</metadata>
</newsitem>
