<?xml version="1.0" encoding="iso-8859-1" ?>
<newsitem itemid="546010" id="root" date="1997-04-29" xml:lang="en">
<title>SPAIN: SOCCER-CAPELLO CONFIRMS HE IS QUITTING REAL MADRID.</title>
<headline>SOCCER-CAPELLO CONFIRMS HE IS QUITTING REAL MADRID.</headline>
<dateline>MADRID 1997-04-29</dateline>
<text>
<p>Real Madrid coach Fabio Capello said on Tuesday he was quitting the club and will leave at the end of this season.</p>
<p>Capello, who joined Real at the start of this season from AC Milan, said in an interview with Radio Cope in Spain he was leaving because of difficulties with club President Lorenzo Sanz. &quot;For a week I have had big doubts whether to stay with Real Madrid or not and I let the president know.&quot;</p>
<p>&quot;I took the decision to leave only two days ago after a dialogue with the club's managers proved impossible,&quot; he added.</p>
<p>&quot;One can't work in a squad where one day you talk to the managers and the next it's all in the papers...When people don't behave properly one can't work,&quot; Capello said.</p>
<p>He denied recent speculation in the Italian media that he had already signed with AC Milan.</p>
<p>&quot;It is a lie to say I have already signed for someone else,&quot; he told the radio station.</p>
<p>Real Madrid are curently top of the Spanish League, eight points clear of second-placed Barcelona.</p>
</text>
<copyright>(c) Reuters Limited 1997</copyright>
<metadata>
<codes class="bip:countries:1.0">
  <code code="ITALY">
    <editdetail attribution="Reuters BIP Coding Group" action="confirmed" date="1997-04-29"/>
  </code>
  <code code="SPAIN">
    <editdetail attribution="Reuters BIP Coding Group" action="confirmed" date="1997-04-29"/>
  </code>
</codes>
<codes class="bip:topics:1.0">
  <code code="GCAT">
    <editdetail attribution="Reuters BIP Coding Group" action="confirmed" date="1997-04-29"/>
  </code>
  <code code="GSPO">
    <editdetail attribution="Reuters BIP Coding Group" action="confirmed" date="1997-04-29"/>
  </code>
</codes>
<dc element="dc.date.created" value="1997-04-29"/>
<dc element="dc.publisher" value="Reuters Holdings Plc"/>
<dc element="dc.date.published" value="1997-04-29"/>
<dc element="dc.source" value="Reuters"/>
<dc element="dc.creator.location" value="MADRID"/>
<dc element="dc.creator.location.country.name" value="SPAIN"/>
<dc element="dc.source" value="Reuters"/>
</metadata>
</newsitem>
