<?xml version="1.0" encoding="iso-8859-1" ?>
<newsitem itemid="546050" id="root" date="1997-04-29" xml:lang="en">
<title>HUNGARY: HUNGARY BUX ENDS AT RECORD OF 5,952.92 PTS - OFFICIAL.</title>
<headline>HUNGARY BUX ENDS AT RECORD OF 5,952.92 PTS - OFFICIAL.</headline>
<dateline>BUDAPEST 1997-04-29</dateline>
<text>
<p>The BUX index of the Budapest Stock Exchange closed officially at a record high of 5,952.92 points, up 103.51, unchanged from the preliminary figures.</p>
<p>Spot share turnover totalled 5.29 billion forints, remaining slightly below the all-time record of 5.77 billion set in August 1995.</p>
<p>-- Budapest newsroom +36 1 327-4040</p>
</text>
<copyright>(c) Reuters Limited 1997</copyright>
<metadata>
<codes class="bip:countries:1.0">
  <code code="HUNG">
    <editdetail attribution="Reuters BIP Coding Group" action="confirmed" date="1997-04-29"/>
  </code>
</codes>
<codes class="bip:topics:1.0">
  <code code="M11">
    <editdetail attribution="Reuters BIP Coding Group" action="confirmed" date="1997-04-29"/>
  </code>
  <code code="MCAT">
    <editdetail attribution="Reuters BIP Coding Group" action="confirmed" date="1997-04-29"/>
  </code>
</codes>
<dc element="dc.date.created" value="1997-04-29"/>
<dc element="dc.publisher" value="Reuters Holdings Plc"/>
<dc element="dc.date.published" value="1997-04-29"/>
<dc element="dc.source" value="Reuters"/>
<dc element="dc.creator.location" value="BUDAPEST"/>
<dc element="dc.creator.location.country.name" value="HUNGARY"/>
<dc element="dc.source" value="Reuters"/>
</metadata>
</newsitem>
