<?xml version="1.0" encoding="iso-8859-1" ?>
<newsitem itemid="546044" id="root" date="1997-04-29" xml:lang="en">
<title>ESTONIA: UHIS HAS BIG HOPES FOR RUSSIA.</title>
<headline>UHIS HAS BIG HOPES FOR RUSSIA.</headline>
<byline>Eva Palu</byline>
<dateline>TALLINN 1997-04-29</dateline>
<text>
<p>Uhispank said on Tuesday that it hopes its Russian leasing subsidiary will grow substantially bigger than its Estonian leasing operation.</p>
<p>&quot;Uhisliising has a leasing portfolio of 500 million kroons in Estonia, which has 1.5 million inhabitants. This is compared to eight million inhabitants in the St Petersburg region,&quot; Ain Hanschmidt, Uhispank chairman, told Reuters.</p>
<p>He earlier signed the documents that formally brought the company into existence.</p>
<p>Uhispank has a 75 percent stake in the new company while the minority shares are held by Russian Neva-Rus.</p>
<p>Hanschmidt said the Russian leasing subsidiary, Venemaa Uhisliising (Russian Uhis Leasing), will grow bigger than the local leasing firm but could give no detailed estimates.</p>
<p>&quot;Local know-how helps us to start quicker there than we did in the Estonian market,&quot; board member Ott Karolin said.</p>
<p>He said that Uhispank will start with classical leasing services in Russia.</p>
<p>&quot;If the market was more transparent, we would start with factoring,&quot; he added.</p>
<p>The managing director of the new firm, Andrei Haponen, said there are only 30 leasing companies in Russia and two in St Petersburg.</p>
<p>The firm, due to start activities in a couple of months, will have 10 employees at the start, Haponen said.</p>
<p>Uhispank also plans to open leasing subsidiaries in other Baltic countries.</p>
<p>&quot;Although we do not have any concrete contacts in Latvia and Lithuania, we are interested in them,&quot; Karolin said.</p>
<p>-- Eva Palu, Tallinn Newsroom, +372 6308 400, reuters@reuters.ee</p>
</text>
<copyright>(c) Reuters Limited 1997</copyright>
<metadata>
<codes class="bip:countries:1.0">
  <code code="ESTNIA">
    <editdetail attribution="Reuters BIP Coding Group" action="confirmed" date="1997-04-29"/>
  </code>
  <code code="RUSS">
    <editdetail attribution="Reuters BIP Coding Group" action="confirmed" date="1997-04-29"/>
  </code>
</codes>
<codes class="bip:industries:1.0">
  <code code="I81402">
    <editdetail attribution="Reuters BIP Coding Group" action="confirmed" date="1997-04-29"/>
  </code>
</codes>
<codes class="bip:topics:1.0">
  <code code="C11">
    <editdetail attribution="Reuters BIP Coding Group" action="confirmed" date="1997-04-29"/>
  </code>
  <code code="C15">
    <editdetail attribution="Reuters BIP Coding Group" action="confirmed" date="1997-04-29"/>
  </code>
  <code code="C152">
    <editdetail attribution="Reuters BIP Coding Group" action="confirmed" date="1997-04-29"/>
  </code>
  <code code="CCAT">
    <editdetail attribution="Reuters BIP Coding Group" action="confirmed" date="1997-04-29"/>
  </code>
</codes>
<dc element="dc.date.created" value="1997-04-29"/>
<dc element="dc.publisher" value="Reuters Holdings Plc"/>
<dc element="dc.date.published" value="1997-04-29"/>
<dc element="dc.source" value="Reuters"/>
<dc element="dc.creator.location" value="TALLINN"/>
<dc element="dc.creator.location.country.name" value="ESTONIA"/>
<dc element="dc.source" value="Reuters"/>
</metadata>
</newsitem>
