<?xml version="1.0" encoding="iso-8859-1" ?>
<newsitem itemid="546070" id="root" date="1997-04-29" xml:lang="en">
<title>LATVIA: TWO MEMBERS OF SECURITIES COMMISSION REJECTED.</title>
<headline>TWO MEMBERS OF SECURITIES COMMISSION REJECTED.</headline>
<dateline>RIGA 1997-04-29</dateline>
<text>
<p>Parliament's budget and finance committee on Tuesday backed three of the proposed candidates for the new securities commission and rejected two.</p>
<p>The committee's recommendations are not binding and are a recommendation only. Parliament has the final say and a vote is expected on May 8, politicians said.</p>
<p>The committee rejected economist and businessman Ojar Kehris and businessman Guntis Urlovksis.</p>
<p>They did not get backing as they were members of the commission which distributed credits from the G24, the granting of which is currently under investigation.</p>
<p>Finance Minister Robert Zile was negative on Kehris and Urlovskis. He said that personal interests of commission members should not conflict with their duties. He said that new candidates would only be considered after the parliament vote.</p>
<p>Kehris is chairman of the council of Ventspils Nafta and head of the Union of Economists 2000. Urlovskis is finance director of the Turiba consumer union.</p>
<p>The committee approved central bank vice-president Ilmar Rimshevics, privatisation agency legal director Viktor Shadinov and Latvian University international economic relations professor Andris Klaus.</p>
<p>-- Riga newsroom, +371 721 5240</p>
</text>
<copyright>(c) Reuters Limited 1997</copyright>
<metadata>
<codes class="bip:countries:1.0">
  <code code="LATV">
    <editdetail attribution="Reuters BIP Coding Group" action="confirmed" date="1997-04-29"/>
  </code>
</codes>
<codes class="bip:industries:1.0">
  <code code="I83100">
    <editdetail attribution="Reuters BIP Coding Group" action="confirmed" date="1997-04-29"/>
  </code>
</codes>
<codes class="bip:topics:1.0">
  <code code="C13">
    <editdetail attribution="Reuters BIP Coding Group" action="confirmed" date="1997-04-29"/>
  </code>
  <code code="C41">
    <editdetail attribution="Reuters BIP Coding Group" action="confirmed" date="1997-04-29"/>
  </code>
  <code code="C411">
    <editdetail attribution="Reuters BIP Coding Group" action="confirmed" date="1997-04-29"/>
  </code>
  <code code="CCAT">
    <editdetail attribution="Reuters BIP Coding Group" action="confirmed" date="1997-04-29"/>
  </code>
  <code code="GCAT">
    <editdetail attribution="Reuters BIP Coding Group" action="confirmed" date="1997-04-29"/>
  </code>
  <code code="GPOL">
    <editdetail attribution="Reuters BIP Coding Group" action="confirmed" date="1997-04-29"/>
  </code>
</codes>
<dc element="dc.date.created" value="1997-04-29"/>
<dc element="dc.publisher" value="Reuters Holdings Plc"/>
<dc element="dc.date.published" value="1997-04-29"/>
<dc element="dc.source" value="Reuters"/>
<dc element="dc.creator.location" value="RIGA"/>
<dc element="dc.creator.location.country.name" value="LATVIA"/>
<dc element="dc.source" value="Reuters"/>
</metadata>
</newsitem>
