<?xml version="1.0" encoding="iso-8859-1" ?>
<newsitem itemid="619079" id="root" date="1997-05-28" xml:lang="en">
<title>CANADA: Inco Sudbury union says talks going poorly.</title>
<headline>Inco Sudbury union says talks going poorly.</headline>
<dateline>TORONTO 1997-05-28</dateline>
<text>
<p>The union representing 4,700 Inco Ltd workers in Ontario said on Wednesday contract talks are going poorly ahead of a weekend strike deadline.</p>
<p>Negotiators for the United Steeworkers of America and Inco are trying to hammer out a new agreement before the current contract expires at midnight on Saturday, May 31.</p>
<p>&quot;It looks like things are going poorly,&quot; Gary Patterson, vice-president of Steelworkers' local 6500, said in a telephone interview.</p>
<p>Patterson said monetary issues had not yet been put on the negotiating table. He added that unless a tentative agreement is reached by Thursday, the union may not have enough time to put it to a vote before the Saturday strike deadline.</p>
<p>&quot;If we don't have an offer by tommorrow morning then we could still have a strike,&quot; Patterson said. He said the union would not extend the deadline.</p>
<p>On Monday, the Steelworkers said they had requested the assistance of a provincial mediator after talks reached an impasse over the weekend.</p>
<p>Workers at Inco's Ontario operations have voted 98 percent in favor of giving union leaders a mandate to strike if a tentative agreement cannot be reached by May 31.</p>
<p>The contract affects 4,700 workers at the nickel giant's mining, smelting and refinery operations in Sudbury and its refinery in Port Colborne.</p>
<p>((Reuters Toronto Bureau (416) 941-8100))</p>
</text>
<copyright>(c) Reuters Limited 1997</copyright>
<metadata>
<codes class="bip:countries:1.0">
  <code code="CANA">
    <editdetail attribution="Reuters BIP Coding Group" action="confirmed" date="1997-05-28"/>
  </code>
</codes>
<codes class="bip:industries:1.0">
  <code code="I21000">
    <editdetail attribution="Reuters BIP Coding Group" action="confirmed" date="1997-05-28"/>
  </code>
</codes>
<codes class="bip:topics:1.0">
  <code code="C42">
    <editdetail attribution="Reuters BIP Coding Group" action="confirmed" date="1997-05-28"/>
  </code>
  <code code="CCAT">
    <editdetail attribution="Reuters BIP Coding Group" action="confirmed" date="1997-05-28"/>
  </code>
  <code code="E41">
    <editdetail attribution="Reuters BIP Coding Group" action="confirmed" date="1997-05-28"/>
  </code>
  <code code="ECAT">
    <editdetail attribution="Reuters BIP Coding Group" action="confirmed" date="1997-05-28"/>
  </code>
  <code code="GCAT">
    <editdetail attribution="Reuters BIP Coding Group" action="confirmed" date="1997-05-28"/>
  </code>
  <code code="GJOB">
    <editdetail attribution="Reuters BIP Coding Group" action="confirmed" date="1997-05-28"/>
  </code>
</codes>
<dc element="dc.date.created" value="1997-05-28"/>
<dc element="dc.publisher" value="Reuters Holdings Plc"/>
<dc element="dc.date.published" value="1997-05-28"/>
<dc element="dc.source" value="Reuters"/>
<dc element="dc.creator.location" value="TORONTO"/>
<dc element="dc.creator.location.country.name" value="CANADA"/>
<dc element="dc.source" value="Reuters"/>
</metadata>
</newsitem>
