<?xml version="1.0" encoding="iso-8859-1" ?>
<newsitem itemid="619095" id="root" date="1997-05-28" xml:lang="en">
<title>USA: Pall sees no Q4 dilution from Gelman deal.</title>
<headline>Pall sees no Q4 dilution from Gelman deal.</headline>
<dateline>EAST HILLS, N.Y. 1997-05-28</dateline>
<text>
<p>Pall Corp said Wednesday that it did not expect the consolidation of Gelman Sciences Inc to dilute earnings in its fourth quarter.</p>
<p>Pall, which acquired Gelman last year, said the operation diluted earnings by about $0.02 a share in the third quarter.</p>
<p>The company, which makes filters and other devices for sectors like healthcare, said it expected exchange rates to reduce fourth quarter sales by three percent at current rates even though it saw the rates improving from the previous quarter.  </p>
<p>Pall said it foresaw the health care market remaining &quot;sluggish&quot; and the semiconductor industry maintaining its decline in the next quarter. &quot;(This) will result in flat sales on a unit and price basis,&quot; it said.</p>
<p>The company said it was nevertheless optimistic about the next fiscal year.</p>
<p>&quot;Gelman will be accretive and our other restructuring will enhance the bottom line,&quot; it said.  </p>
<p>&quot;We and others forecast general improvement in the semiconductor and health care markets and there are significant new products that will be contributing to sales in each of our markets,&quot; it added.</p>
<p>Pall reported a net loss of $0.18 per share for the quarter, compared to last year's profit of $0.32.</p>
<p>&quot;This result is due to the effects of one-time charges (including the Gelman Sciences merger and restructuring charges) of $92,019,000, equal to 47 cents per share (after pro forma tax effect),&quot; it said.  </p>
<p>Sales in the third quarter totaled $275.3 million against $277.4 million a year ago, it said.</p>
<p>It said sales were reduced four percent due to foreign currency exchange rates.</p>
</text>
<copyright>(c) Reuters Limited 1997</copyright>
<metadata>
<codes class="bip:countries:1.0">
  <code code="USA">
    <editdetail attribution="Reuters BIP Coding Group" action="confirmed" date="1997-05-28"/>
  </code>
</codes>
<codes class="bip:industries:1.0">
  <code code="I32830">
    <editdetail attribution="Reuters BIP Coding Group" action="confirmed" date="1997-05-28"/>
  </code>
  <code code="I37200">
    <editdetail attribution="Reuters BIP Coding Group" action="confirmed" date="1997-05-28"/>
  </code>
</codes>
<codes class="bip:topics:1.0">
  <code code="C15">
    <editdetail attribution="Reuters BIP Coding Group" action="confirmed" date="1997-05-28"/>
  </code>
  <code code="C152">
    <editdetail attribution="Reuters BIP Coding Group" action="confirmed" date="1997-05-28"/>
  </code>
  <code code="CCAT">
    <editdetail attribution="Reuters BIP Coding Group" action="confirmed" date="1997-05-28"/>
  </code>
</codes>
<dc element="dc.date.created" value="1997-05-28"/>
<dc element="dc.publisher" value="Reuters Holdings Plc"/>
<dc element="dc.date.published" value="1997-05-28"/>
<dc element="dc.source" value="Reuters"/>
<dc element="dc.creator.location" value="EAST HILLS, N.Y."/>
<dc element="dc.creator.location.country.name" value="USA"/>
<dc element="dc.source" value="Reuters"/>
</metadata>
</newsitem>
