<?xml version="1.0" encoding="iso-8859-1" ?>
<newsitem itemid="619099" id="root" date="1997-05-28" xml:lang="en">
<title>USA: Vail Resorts '96-'97 skier days increase.</title>
<headline>Vail Resorts '96-'97 skier days increase.</headline>
<dateline>VAIL, Colo. 1997-05-28</dateline>
<text>
<p>Vail Resorts Inc said Wednesday its Colorado mountain resorts posted record skier days for the 1996-1997 ski season.</p>
<p>Vail said its four resorts reported a combined 4,877,593 skier days for the year, a five percent increase over the 4,643,777 skier days in the 1995-96 season.  One skier day equals one guest accessing a ski mountain on any one day.</p>
<p>Vail operates the Colorado mountain resorts of Vail, Beaver Creek, Breckenridge and Keystone.</p>
</text>
<copyright>(c) Reuters Limited 1997</copyright>
<metadata>
<codes class="bip:countries:1.0">
  <code code="USA">
    <editdetail attribution="Reuters BIP Coding Group" action="confirmed" date="1997-05-28"/>
  </code>
</codes>
<codes class="bip:industries:1.0">
  <code code="I66500">
    <editdetail attribution="Reuters BIP Coding Group" action="confirmed" date="1997-05-28"/>
  </code>
</codes>
<codes class="bip:topics:1.0">
  <code code="C31">
    <editdetail attribution="Reuters BIP Coding Group" action="confirmed" date="1997-05-28"/>
  </code>
  <code code="CCAT">
    <editdetail attribution="Reuters BIP Coding Group" action="confirmed" date="1997-05-28"/>
  </code>
</codes>
<dc element="dc.date.created" value="1997-05-28"/>
<dc element="dc.publisher" value="Reuters Holdings Plc"/>
<dc element="dc.date.published" value="1997-05-28"/>
<dc element="dc.source" value="Reuters"/>
<dc element="dc.creator.location" value="VAIL, Colo."/>
<dc element="dc.creator.location.country.name" value="USA"/>
<dc element="dc.source" value="Reuters"/>
</metadata>
</newsitem>
