<?xml version="1.0" encoding="iso-8859-1" ?>
<newsitem itemid="619077" id="root" date="1997-05-28" xml:lang="en">
<title>CANADA: Inco union says rejects latest Sudbury offer.</title>
<headline>Inco union says rejects latest Sudbury offer.</headline>
<dateline>TORONTO 1997-05-28</dateline>
<text>
<p>The union representing 4,700 Inco Ltd workers in Ontario said on Wednesday that it  rejected the nickel miner's latest contract offer.</p>
<p>Negotiators for the United Steelworkers of America and Inco are trying to hammer out a new agreement before the current contract expires at midnight on Saturday, May 31.</p>
<p>&quot;There was an offer this afternoon,&quot; Gary Patterson, vice-president of Steelworkers' local 6500, said in a telephone interview.</p>
<p>&quot;It's certainly not anything close to resolving the differences that we have,&quot; he said, adding that the offer was quickly rejected by union negotiators.</p>
<p>Patterson said both sides are having trouble finding common ground on some non-monetary issues.</p>
<p>&quot;Those issues for us unless they disappear will cause a strike regardless of what the monetary offer is,&quot; he said.</p>
<p>Earlier today, Inco spokesman Jerry Rogers said the company was optimistic that a deal could be reached.</p>
<p>&quot;We're meeting continuously and we remain optimistic,&quot; Rogers said in a telephone interview.</p>
<p>On Monday, the Steelworkers requested the assistance of a provincial mediator after talks reached an impasse over the weekend.</p>
<p>Workers at Inco's Ontario operations have voted 98 percent in favor of giving union leaders a mandate to strike if a tentative agreement cannot be reached by May 31.</p>
<p>The contract affects 4,700 workers at the nickel giant's mining, smelting and refinery operations in Sudbury and its refinery in Port Colborne.</p>
<p>((Reuters Toronto Bureau (416) 941-8100))</p>
</text>
<copyright>(c) Reuters Limited 1997</copyright>
<metadata>
<codes class="bip:countries:1.0">
  <code code="CANA">
    <editdetail attribution="Reuters BIP Coding Group" action="confirmed" date="1997-05-28"/>
  </code>
  <code code="USA">
    <editdetail attribution="Reuters BIP Coding Group" action="confirmed" date="1997-05-28"/>
  </code>
</codes>
<codes class="bip:industries:1.0">
  <code code="I21000">
    <editdetail attribution="Reuters BIP Coding Group" action="confirmed" date="1997-05-28"/>
  </code>
</codes>
<codes class="bip:topics:1.0">
  <code code="C42">
    <editdetail attribution="Reuters BIP Coding Group" action="confirmed" date="1997-05-28"/>
  </code>
  <code code="CCAT">
    <editdetail attribution="Reuters BIP Coding Group" action="confirmed" date="1997-05-28"/>
  </code>
  <code code="E41">
    <editdetail attribution="Reuters BIP Coding Group" action="confirmed" date="1997-05-28"/>
  </code>
  <code code="ECAT">
    <editdetail attribution="Reuters BIP Coding Group" action="confirmed" date="1997-05-28"/>
  </code>
  <code code="GCAT">
    <editdetail attribution="Reuters BIP Coding Group" action="confirmed" date="1997-05-28"/>
  </code>
  <code code="GJOB">
    <editdetail attribution="Reuters BIP Coding Group" action="confirmed" date="1997-05-28"/>
  </code>
</codes>
<dc element="dc.date.created" value="1997-05-28"/>
<dc element="dc.publisher" value="Reuters Holdings Plc"/>
<dc element="dc.date.published" value="1997-05-28"/>
<dc element="dc.source" value="Reuters"/>
<dc element="dc.creator.location" value="TORONTO"/>
<dc element="dc.creator.location.country.name" value="CANADA"/>
<dc element="dc.source" value="Reuters"/>
</metadata>
</newsitem>
