<?xml version="1.0" encoding="iso-8859-1" ?>
<newsitem itemid="619091" id="root" date="1997-05-28" xml:lang="en">
<title>USA: E*Trade failed to renew license in 2 states.</title>
<headline>E*Trade failed to renew license in 2 states.</headline>
<dateline>NEW YORK 1997-05-28</dateline>
<text>
<p>E*Trade Group Inc on Wednesday said it failed to renew its broker's license in the states of Ohio and Nebraska earlier in the year because of a clerical error.</p>
<p>As a result, Ohio customers who made trades with the online brokerage firm between January 1 and April 14 may cancel the transactions if they choose, it said.</p>
<p>In Nebraska, the company was fined about $94,000, according to a E*Trade spokeswoman, who said the fine would not be material to the company's results.</p>
</text>
<copyright>(c) Reuters Limited 1997</copyright>
<metadata>
<codes class="bip:countries:1.0">
  <code code="USA">
    <editdetail attribution="Reuters BIP Coding Group" action="confirmed" date="1997-05-28"/>
  </code>
</codes>
<codes class="bip:topics:1.0">
  <code code="C13">
    <editdetail attribution="Reuters BIP Coding Group" action="confirmed" date="1997-05-28"/>
  </code>
  <code code="C21">
    <editdetail attribution="Reuters BIP Coding Group" action="confirmed" date="1997-05-28"/>
  </code>
  <code code="CCAT">
    <editdetail attribution="Reuters BIP Coding Group" action="confirmed" date="1997-05-28"/>
  </code>
</codes>
<dc element="dc.date.created" value="1997-05-28"/>
<dc element="dc.publisher" value="Reuters Holdings Plc"/>
<dc element="dc.date.published" value="1997-05-28"/>
<dc element="dc.source" value="Reuters"/>
<dc element="dc.creator.location" value="NEW YORK"/>
<dc element="dc.creator.location.country.name" value="USA"/>
<dc element="dc.source" value="Reuters"/>
</metadata>
</newsitem>
