<?xml version="1.0" encoding="iso-8859-1" ?>
<newsitem itemid="619094" id="root" date="1997-05-28" xml:lang="en">
<title>USA: Today's Man seeks extension of exclusivity.</title>
<headline>Today's Man seeks extension of exclusivity.</headline>
<dateline>MORRESTOWN, N.J. 1997-05-28</dateline>
<text>
<p>Today's Man Inc said Wednesday it filed a motion to extend for three weeks its exclusivity period to file a plan to reorganize.</p>
<p>The company said it filed the motion with the consent and support of its official creditor's committee. The motion would extend the June 2, 1997 exclusive period for the company to file a plan of reorganization to June 24, 1997.</p>
<p>With the support of the committee, the company expects rapid court approval of the motion, it said.</p>
<p>The clothing store company filed for bankruptcy protection February 2, 1996.</p>
</text>
<copyright>(c) Reuters Limited 1997</copyright>
<metadata>
<codes class="bip:countries:1.0">
  <code code="USA">
    <editdetail attribution="Reuters BIP Coding Group" action="confirmed" date="1997-05-28"/>
  </code>
</codes>
<codes class="bip:industries:1.0">
  <code code="I64500">
    <editdetail attribution="Reuters BIP Coding Group" action="confirmed" date="1997-05-28"/>
  </code>
</codes>
<codes class="bip:topics:1.0">
  <code code="C16">
    <editdetail attribution="Reuters BIP Coding Group" action="confirmed" date="1997-05-28"/>
  </code>
  <code code="C17">
    <editdetail attribution="Reuters BIP Coding Group" action="confirmed" date="1997-05-28"/>
  </code>
  <code code="CCAT">
    <editdetail attribution="Reuters BIP Coding Group" action="confirmed" date="1997-05-28"/>
  </code>
</codes>
<dc element="dc.date.created" value="1997-05-28"/>
<dc element="dc.publisher" value="Reuters Holdings Plc"/>
<dc element="dc.date.published" value="1997-05-28"/>
<dc element="dc.source" value="Reuters"/>
<dc element="dc.creator.location" value="MORRESTOWN, N.J."/>
<dc element="dc.creator.location.country.name" value="USA"/>
<dc element="dc.source" value="Reuters"/>
</metadata>
</newsitem>
