<?xml version="1.0" encoding="iso-8859-1" ?>
<newsitem itemid="619090" id="root" date="1997-05-28" xml:lang="en">
<title>USA: Worldwide Value Fund Inc sets distribution.</title>
<headline>Worldwide Value Fund Inc sets distribution.</headline>
<dateline>BALTIMORE, Md. 1997-05-28</dateline>
<text>
<p>Worldwide Value Fund Inc said Wednesday it declared a distribution of long-term capital gains of $1.50 per share on its common stock.</p>
<p>The distribution is payable July 11 to shareholders of record on June 5.</p>
<p>The prior capital gains distribution paid on Jan 28 was $3.25 per common share.</p>
<p>Worldwide is a diversified closed-end mutual fund that seeks long-term growth of capital.</p>
</text>
<copyright>(c) Reuters Limited 1997</copyright>
<metadata>
<codes class="bip:countries:1.0">
  <code code="USA">
    <editdetail attribution="Reuters BIP Coding Group" action="confirmed" date="1997-05-28"/>
  </code>
</codes>
<codes class="bip:industries:1.0">
  <code code="I81502">
    <editdetail attribution="Reuters BIP Coding Group" action="confirmed" date="1997-05-28"/>
  </code>
  <code code="I8150206">
    <editdetail attribution="Reuters BIP Coding Group" action="confirmed" date="1997-05-28"/>
  </code>
</codes>
<codes class="bip:topics:1.0">
  <code code="C15">
    <editdetail attribution="Reuters BIP Coding Group" action="confirmed" date="1997-05-28"/>
  </code>
  <code code="C151">
    <editdetail attribution="Reuters BIP Coding Group" action="confirmed" date="1997-05-28"/>
  </code>
  <code code="CCAT">
    <editdetail attribution="Reuters BIP Coding Group" action="confirmed" date="1997-05-28"/>
  </code>
</codes>
<dc element="dc.date.created" value="1997-05-28"/>
<dc element="dc.publisher" value="Reuters Holdings Plc"/>
<dc element="dc.date.published" value="1997-05-28"/>
<dc element="dc.source" value="Reuters"/>
<dc element="dc.creator.location" value="BALTIMORE, Md."/>
<dc element="dc.creator.location.country.name" value="USA"/>
<dc element="dc.source" value="Reuters"/>
</metadata>
</newsitem>
