<?xml version="1.0" encoding="iso-8859-1" ?>
<newsitem itemid="619088" id="root" date="1997-05-28" xml:lang="en">
<title>USA: Learmonth &amp; Burchett Q4 shr profit vs loss.</title>
<headline>Learmonth &amp; Burchett Q4 shr profit vs loss.</headline>
<dateline>HOUSTON, Texas 1997-05-28</dateline>
<text>
<p>(unaudited)</p>
<p>			     Three months ended	 Year ended</p>
<p>				    April 30,		April 30,</p>
<p>				  1997	1996	 1997	1996</p>
<p>Revenue:</p>
<p>    Product licenses    $4,007    $7,192     $12,170  $25,077</p>
<p>    Services		 2,181     3,649	 9,691   16,081</p>
<p>	Total revenue	6,188    10,841	21,861   41,158</p>
<p>Cost of Revenue:</p>
<p>    Product licenses	  72	 226	   195	838</p>
<p>    Services		   855     1,797	 4,218    6,975</p>
<p>Total cost of</p>
<p>	 revenue		 927     2,023	 4,413    7,813</p>
<p> Gross margin		5,261     8,818	17,448   33,345</p>
<p>Operating expenses:</p>
<p>    Sales and marketing  2,570     5,549	11,704   20,045</p>
<p>Research and</p>
<p>	 development	 1,033     2,212	 5,296    8,059</p>
<p>General and</p>
<p>	 administrative	638     1,620	 3,108    5,724</p>
<p>    Merger expense						    468</p>
<p>    Restructuring charge			    14,109</p>
<p>Total operating</p>
<p>	 expenses	    4,241     9,381	34,217   34,296</p>
<p>Operating income (loss)</p>
<p>				 1,020     (563)    (16,769)    (951)</p>
<p> Interest income	     118	 138	   445	301</p>
<p> Interest expense	   (64)	(25)	 (159)     (83)</p>
<p>Other income and (expense)</p>
<p>						(42)	    15     (51)</p>
<p>Income (loss) from</p>
<p>continuing operations</p>
<p>  before income taxes    1,074     (492)    (16,468)    (784)</p>
<p> Income tax benefit					150</p>
<p> Net income (loss)	 1,074    ( 492)   ( 16,318)   ( 784)</p>
<p>Income (loss) per</p>
<p>   Ordinary Share:	  0.04   ( 0.02)     ( 0.64)  ( 0.03)</p>
<p>Income (loss) per</p>
<p>   ADS: (1)		   0.08   ( 0.04)     ( 1.28)  ( 0.07)</p>
<p>Weighted average</p>
<p>Ordinary and Ordinary</p>
<p>Share equivalents</p>
<p>   outstanding	    26,756    25,528	25,551   23,639</p>
<p>		  (In thousands, except per share information)</p>
<p>NOTE: Company's full name is Learmonth &amp; Burchett Management Systems Plc.</p>
<p>Net loss per ADS is adjusted to reflect the ratio of one ADS to two ordinary shares.</p>
</text>
<copyright>(c) Reuters Limited 1997</copyright>
<metadata>
<codes class="bip:countries:1.0">
  <code code="USA">
    <editdetail attribution="Reuters BIP Coding Group" action="confirmed" date="1997-05-28"/>
  </code>
</codes>
<codes class="bip:industries:1.0">
  <code code="I83940">
    <editdetail attribution="Reuters BIP Coding Group" action="confirmed" date="1997-05-28"/>
  </code>
</codes>
<codes class="bip:topics:1.0">
  <code code="C15">
    <editdetail attribution="Reuters BIP Coding Group" action="confirmed" date="1997-05-28"/>
  </code>
  <code code="C151">
    <editdetail attribution="Reuters BIP Coding Group" action="confirmed" date="1997-05-28"/>
  </code>
  <code code="C1511">
    <editdetail attribution="Reuters BIP Coding Group" action="confirmed" date="1997-05-28"/>
  </code>
  <code code="CCAT">
    <editdetail attribution="Reuters BIP Coding Group" action="confirmed" date="1997-05-28"/>
  </code>
</codes>
<dc element="dc.date.created" value="1997-05-28"/>
<dc element="dc.publisher" value="Reuters Holdings Plc"/>
<dc element="dc.date.published" value="1997-05-28"/>
<dc element="dc.source" value="Reuters"/>
<dc element="dc.creator.location" value="HOUSTON, Texas"/>
<dc element="dc.creator.location.country.name" value="USA"/>
<dc element="dc.source" value="Reuters"/>
</metadata>
</newsitem>
