<?xml version="1.0" encoding="iso-8859-1" ?>
<newsitem itemid="619073" id="root" date="1997-05-28" xml:lang="en">
<title>CANADA: Canada C$2.6 bln bond due 2002 yields 6.085 pct. [CORRECTED 22:00 GMT]</title>
<headline>Canada C$2.6 bln bond due 2002 yields 6.085 pct. [CORRECTED 22:00 GMT]</headline>
<dateline>OTTAWA 1997-05-28</dateline>
<text>
<p>The Government of Canada said its C$2.6 billion auction of 5.5 percent bonds due September 1, 2002 produced the following results:</p>
<p>			     YIELD	 PRICE</p>
<p>		   AVG     6.085	97.396  PCT AT</p>
<p>		   LOW     6.080	97.417  HI YIELD</p>
<p>		   HIGH    6.093	97.361   41.59091</p>
<p>The bonds will be dated and delivered on June 2. The outstanding debt of the issue now totals C$5.3 billion. Bids from primary dealers totalled C$5,557.9 million, including C$60.4 million non-competitive tenders at the average yield.</p>
<p>(Bank of Canada reissues prices due to incorrect data it issued at auction).</p>
</text>
<copyright>(c) Reuters Limited 1997</copyright>
<metadata>
<codes class="bip:countries:1.0">
  <code code="CANA">
    <editdetail attribution="Reuters BIP Coding Group" action="confirmed" date="1997-05-28"/>
  </code>
</codes>
<codes class="bip:topics:1.0">
  <code code="E21">
    <editdetail attribution="Reuters BIP Coding Group" action="confirmed" date="1997-05-28"/>
  </code>
  <code code="E212">
    <editdetail attribution="Reuters BIP Coding Group" action="confirmed" date="1997-05-28"/>
  </code>
  <code code="ECAT">
    <editdetail attribution="Reuters BIP Coding Group" action="confirmed" date="1997-05-28"/>
  </code>
</codes>
<dc element="dc.date.created" value="1997-05-28"/>
<dc element="dc.publisher" value="Reuters Holdings Plc"/>
<dc element="dc.date.published" value="1997-05-28"/>
<dc element="dc.source" value="Reuters"/>
<dc element="dc.creator.location" value="OTTAWA"/>
<dc element="dc.creator.location.country.name" value="CANADA"/>
<dc element="dc.source" value="Reuters"/>
</metadata>
</newsitem>
