<?xml version="1.0" encoding="iso-8859-1" ?>
<newsitem itemid="619075" id="root" date="1997-05-28" xml:lang="en">
<title>CANADA: Toronto stocks fall one percent in late trading.</title>
<headline>Toronto stocks fall one percent in late trading.</headline>
<text>
<p>CHANGE				    CHANGE</p>
<p>TSE	 6377.84   -64.70   HI 6440.01	    LO  6377.84</p>
<p>DJI	 7322.03   -60.95   GOLD (LONDON)   US$342.80  -0.85</p>
<p>FTSE	4677.50    -4.10   GOLD (NY-COMEX) US$345.30  +0.60</p>
<p>NIKKEI   20351.34  +461.45   LME CASH NICKEL US$7220   -105.0</p>
<p>CANDLR     1.3834		LME CASH ALUM   US$1619    -15.5</p>
<p>CAN 30-YR  109.95    -0.24   BRENT CRUDE     US$19.23   +0.01</p>
<p>--------------------MARKET COMMENT----------------------------</p>
<p>* Toronto stocks dropped one percent in late afternoon trade as all sectors took losses. * 78.3 million shares traded worth C$1.30 billion. * 515 stocks fall, 405 advance, 328 are flat.</p>
<p>((Reuters Toronto Bureau (416) 941-8100))</p>
</text>
<copyright>(c) Reuters Limited 1997</copyright>
<metadata>
<codes class="bip:countries:1.0">
  <code code="CANA">
    <editdetail attribution="Reuters BIP Coding Group" action="confirmed" date="1997-05-28"/>
  </code>
</codes>
<codes class="bip:topics:1.0">
  <code code="M11">
    <editdetail attribution="Reuters BIP Coding Group" action="confirmed" date="1997-05-28"/>
  </code>
  <code code="MCAT">
    <editdetail attribution="Reuters BIP Coding Group" action="confirmed" date="1997-05-28"/>
  </code>
</codes>
<dc element="dc.publisher" value="Reuters Holdings Plc"/>
<dc element="dc.date.published" value="1997-05-28"/>
<dc element="dc.source" value="Reuters"/>
<dc element="dc.creator.location.country.name" value="CANADA"/>
<dc element="dc.source" value="Reuters"/>
</metadata>
</newsitem>
