<?xml version="1.0" encoding="iso-8859-1" ?>
<newsitem itemid="619084" id="root" date="1997-05-28" xml:lang="en">
<title>USA: API weekly report on fuel production and stocks.</title>
<headline>API weekly report on fuel production and stocks.</headline>
<text>
<p>(In Thousands of Barrels a Day, Except Stocks)</p>
<p>			  05/23/97  05/16/97   05/24/96</p>
<p> Gasoline Production   7,934     7,959	7,633</p>
<p> Gasoline Stocks     196,778   197,897    204,848</p>
<p> RFG Stocks	     37,787    36,437     45,146</p>
<p> Distillate Produc     3,595     3,577	3,329</p>
<p> Distillate Stocks   101,698    98,379     94,790</p>
<p> Residual Fuel Produc    561	 637	  728</p>
<p> Resid Fuel Stocks    40,267    41,167     33,538</p>
<p> Jet Fuel Production   1,560     1,550	1,448</p>
<p> Jet Fuel Stocks	40,389    40,476     34,639</p>
<p> Crude Oil Stocks    316,120   314,724-R  297,802</p>
<p> Crude Oil Imports     8,341     7,834	7,019</p>
<p> Crude Runs-X	   14,928    14,819     14,249</p>
<p> Pct of Capacity	  96.7	97.6	 93.7</p>
<p>X-Crude runs to processing units. R-Revised from 315,811</p>
</text>
<copyright>(c) Reuters Limited 1997</copyright>
<metadata>
<codes class="bip:countries:1.0">
  <code code="USA">
    <editdetail attribution="Reuters BIP Coding Group" action="confirmed" date="1997-05-28"/>
  </code>
</codes>
<codes class="bip:industries:1.0">
  <code code="I13000">
    <editdetail attribution="Reuters BIP Coding Group" action="confirmed" date="1997-05-28"/>
  </code>
</codes>
<codes class="bip:topics:1.0">
  <code code="C21">
    <editdetail attribution="Reuters BIP Coding Group" action="confirmed" date="1997-05-28"/>
  </code>
  <code code="CCAT">
    <editdetail attribution="Reuters BIP Coding Group" action="confirmed" date="1997-05-28"/>
  </code>
  <code code="M14">
    <editdetail attribution="Reuters BIP Coding Group" action="confirmed" date="1997-05-28"/>
  </code>
  <code code="M143">
    <editdetail attribution="Reuters BIP Coding Group" action="confirmed" date="1997-05-28"/>
  </code>
  <code code="MCAT">
    <editdetail attribution="Reuters BIP Coding Group" action="confirmed" date="1997-05-28"/>
  </code>
</codes>
<dc element="dc.publisher" value="Reuters Holdings Plc"/>
<dc element="dc.date.published" value="1997-05-28"/>
<dc element="dc.source" value="Reuters"/>
<dc element="dc.creator.location.country.name" value="USA"/>
<dc element="dc.source" value="Reuters"/>
</metadata>
</newsitem>
