<?xml version="1.0" encoding="iso-8859-1" ?>
<newsitem itemid="619068" id="root" date="1997-05-28" xml:lang="en">
<title>JAPAN: Tokyo stocks to firm but gains seen limited.</title>
<headline>Tokyo stocks to firm but gains seen limited.</headline>
<dateline>TOKYO 1996-05-29</dateline>
<text>
<p>Tokyo stocks are likely to firm on Thursday with the Nikkei average eyeing the closing high for the year near 20,500, brokers said. But they said profit-taking pressure was intense above that barrier and gains were likely to be limited.</p>
<p>On Wednesday, the 225-share Nikkei surged 461.45 points or 2.32 percent to finish at 20,351.34. Its June futures added 540 points to end at 20,400.</p>
<p>&quot;Exporters led by high-techs, telecommunications, cable and wire shares have been rising and should continue to provide support,&quot; a dealer at a foreign brokerage said.  </p>
<p>Brokers said, however, that rather than the rises in the indices, market attention was on turnover, which has been rather thin lately.</p>
<p>&quot;In order to generate solid gains, turnover needs to grow to about 500 million shares,&quot; said Yasuo Ueki, Nikko Securities general manager.</p>
<p>On Wednesday, only 374 million issues changed hands despite the jump in the Nikkei average.  </p>
<p>&quot;Rather than rises in the indices, market attention is on turnover volume,&quot; he added.</p>
<p>Some high-tech issues, especially laggards, continued to rally from the previous day, with Advantest Corp and Tokyo Electron Ltd jumping briefly to new highs for the calendar year. Advantest added 400 yen to 7,630 and Tokyo Electron gained 370 yen to 5,590.</p>
<p>Banks powered higher late in the morning, amid speculation that hedge funds were buyers of the shares. Sakura Bank Ltd rose 14 yen to 730, the second most heavily traded issue on the Tokyo bourse with turnover of 3.17 million shares.  </p>
<p>The Industrial Bank of Japan Ltd rose 40 yen to 1,440 in trade totalling 2.97 million shares.</p>
<p>Banks, trading houses, electrical equipment, iron/steel and chemicals were at the top of the list of gaining sectors.</p>
<p>Miscellaneous manufacturers, air transport, fisheries, ship building and non-ferrous metals headed the list of retreaters.</p>
<p>Bandai Co Ltd continued to slump following the recent cancellation of its planned merger with Sega Enterprises Ltd. Toymaker Bandai lost 110 yen to 2,560 and Sega, a video-game machine producer, fell 10 yen to 3,770.  </p>
<p>Brokers said that the market would be keeping an eye on Japan's industrial output data for April and forecasts for May and June, due out at 1.30 p.m. (0430 GMT).</p>
<p>&quot;If the forecasts are bullish, it could give investors confidence about the future of the economy, which is supportive for stocks,&quot; one broker said. &quot;Strong data, however, could move other markets and thus have a negative effect on stocks. It is difficult to predict what will happen.&quot;</p>
<p>Previously, the Ministry of International Trade and Industry said output in the April-June quarter was expected to fall 0.4 percent from the previous quarter.  </p>
<p>The TOPIX index added 2.25 points or 0.15 percent to reach 1,505.50. The Nikkei 300 rose 0.26 point or 0.09 percent to 291.22.</p>
<p>--Masako Iijima, Tokyo Equities Desk (+81-3-3432-9052)</p>
</text>
<copyright>(c) Reuters Limited 1997</copyright>
<metadata>
<codes class="bip:countries:1.0">
  <code code="JAP">
    <editdetail attribution="Reuters BIP Coding Group" action="confirmed" date="1997-05-28"/>
  </code>
</codes>
<codes class="bip:topics:1.0">
  <code code="M11">
    <editdetail attribution="Reuters BIP Coding Group" action="confirmed" date="1997-05-28"/>
  </code>
  <code code="MCAT">
    <editdetail attribution="Reuters BIP Coding Group" action="confirmed" date="1997-05-28"/>
  </code>
</codes>
<dc element="dc.date.created" value="1996-05-29"/>
<dc element="dc.publisher" value="Reuters Holdings Plc"/>
<dc element="dc.date.published" value="1997-05-28"/>
<dc element="dc.source" value="Reuters"/>
<dc element="dc.creator.location" value="TOKYO"/>
<dc element="dc.creator.location.country.name" value="JAPAN"/>
<dc element="dc.source" value="Reuters"/>
</metadata>
</newsitem>
