<?xml version="1.0" encoding="iso-8859-1" ?>
<newsitem itemid="619072" id="root" date="1997-05-28" xml:lang="en">
<title>EU:  OFFICIAL JOURNAL CONTENTS - OJ L 137 OF MAY 28, 1997.</title>
<headline>OFFICIAL JOURNAL CONTENTS - OJ L 137 OF MAY 28, 1997.</headline>
<text>
<p>*</p>
<p>(Note - contents are displayed in reverse order to that in the printed Journal)</p>
<p>*</p>
<p>COMMISSION DECISION of 30 April 1997 amending, as regards certain Spanish regions, Decision 93/52/EEC recording the compliance by certain Member States or regions with the requirements relating to brucellosis (B. melitensis) and according them the status of a Member State or region officially free of the disease (Text with EEA relevance) (97/315/EC)</p>
<p>COMMISSION REGULATION (EC) No 937/97 of 27 May 1997 establishing the standard import values for determining the entry price of certain fruit and vegetables</p>
<p>COMMISSION REGULATION (EC) No 936/97 of 27 May 1997 opening and providing for the administration of tariff quotas for high-quality fresh, chilled and frozen beef and for frozen buffalo meat</p>
<p>COMMISSION REGULATION (EC) No 935/97 of 27 May 1997 opening and providing for the administration of tariff quotas for the import of bulls, cows and heifers, other than those intended for slaughter, of certain Alpine and mountain breeds, for the period 1 July 1997 to 30 June 1998</p>
<p>COMMISSION REGULATION (EC) No 934/97 of 27 May 1997 fixing certain indicative quantities for imports of bananas into the Community for the third quarter of 1997 (Text with EEA relevance) END OF DOCUMENT.</p>
</text>
<copyright>(c) Reuters Limited 1997</copyright>
<metadata>
<codes class="bip:countries:1.0">
  <code code="EEC">
    <editdetail attribution="Reuters BIP Coding Group" action="confirmed" date="1997-05-28"/>
  </code>
</codes>
<codes class="bip:topics:1.0">
  <code code="G15">
    <editdetail attribution="Reuters BIP Coding Group" action="confirmed" date="1997-05-28"/>
  </code>
  <code code="GCAT">
    <editdetail attribution="Reuters BIP Coding Group" action="confirmed" date="1997-05-28"/>
  </code>
</codes>
<dc element="dc.publisher" value="Reuters Holdings Plc"/>
<dc element="dc.date.published" value="1997-05-28"/>
<dc element="dc.source" value="Reuters"/>
<dc element="dc.creator.location.country.name" value="EU"/>
<dc element="dc.source" value="Reuters"/>
</metadata>
</newsitem>
