<?xml version="1.0" encoding="iso-8859-1" ?>
<newsitem itemid="619083" id="root" date="1997-05-28" xml:lang="en">
<title>CANADA: Canada bonds open mixed, eye on five-year auction.</title>
<headline>Canada bonds open mixed, eye on five-year auction.</headline>
<dateline>TORONTO 1997-05-28</dateline>
<text>
<p>Canadian bonds opened mixed in quiet trade on Wednesday with market participants largely focused on the afternoon auction of C$2.6 billion in five-year Government of Canada bonds, analysts said.</p>
<p>&quot;The immediate thing is the supply in both (Canadian and U.S.) markets today and tomorrow in the U.S.,&quot; said a Toronto-based bond trader with one bank-owned brokerage. &quot;Right now it's starting off pretty quiet.&quot;</p>
<p>Canada's 30-year benchmark bond fell C$0.09 to C$110.10 to yield 7.140 percent.  </p>
<p>The U.S. 30-year bond rose 6/32 to yield 7.01 percent. The spread between the bonds widened to 13 basis points from 11 basis points at the close of trading on Tuesday.</p>
<p>Results of the auction of C$2.6 billion of 5.5 percent Government of Canada bonds due September 1, 2002 will be released at 1315 EDT/1715 GMT. The Bank of Canada will buy at least C$390 million of the new bonds.</p>
<p>Investors are also looking ahead to a U.S. two-year note auction this afternoon and a five-year note auction tomorrow, analysts said.  </p>
<p>&quot;The long Canada on a technical basis is back to neutral,&quot; said Sheldon Dong, manager of fixed-income research with Midland Walwyn Capital Inc. &quot;We've had enough price concessions that today's auctions in the U.S. and Canada should be fairly healthy.&quot;</p>
<p>In other prices, Canada's 10-year benchmark bond fell C$0.07 to C$102.65 to yield 6.62 percent. The U.S. 10-year bond traded unchanged to yield 6.79 percent.</p>
<p>The negative spread between the two bonds narrowed to 17 basis points from 19 basis points at the close of trading on Tuesday.  </p>
<p>The three-month cash T-bill traded with a yield of 3.01 percent against its U.S. equivalent, which yielded 5.17 percent.</p>
<p>((Jeffrey Hodgson (416) 941-8105, e-mail: jeffrey.hodgson@reuters.com))</p>
</text>
<copyright>(c) Reuters Limited 1997</copyright>
<metadata>
<codes class="bip:countries:1.0">
  <code code="CANA">
    <editdetail attribution="Reuters BIP Coding Group" action="confirmed" date="1997-05-28"/>
  </code>
</codes>
<codes class="bip:topics:1.0">
  <code code="M12">
    <editdetail attribution="Reuters BIP Coding Group" action="confirmed" date="1997-05-28"/>
  </code>
  <code code="MCAT">
    <editdetail attribution="Reuters BIP Coding Group" action="confirmed" date="1997-05-28"/>
  </code>
</codes>
<dc element="dc.date.created" value="1997-05-28"/>
<dc element="dc.publisher" value="Reuters Holdings Plc"/>
<dc element="dc.date.published" value="1997-05-28"/>
<dc element="dc.source" value="Reuters"/>
<dc element="dc.creator.location" value="TORONTO"/>
<dc element="dc.creator.location.country.name" value="CANADA"/>
<dc element="dc.source" value="Reuters"/>
</metadata>
</newsitem>
