<?xml version="1.0" encoding="iso-8859-1" ?>
<newsitem itemid="619085" id="root" date="1997-05-28" xml:lang="en">
<title>USA: Erie Indemnity says CFO to retire.</title>
<headline>Erie Indemnity says CFO to retire.</headline>
<dateline>ERIE, Penna. 1997-05-28</dateline>
<text>
<p>Erie Indemnity Co said Wednesday that its Chief Financial Officer Thomas Sider will retire effective June 30.</p>
<p>The company said it will search internally and externally for a replacement CFO.</p>
<p>Sider was first named an officer of the company in 1978.</p>
</text>
<copyright>(c) Reuters Limited 1997</copyright>
<metadata>
<codes class="bip:countries:1.0">
  <code code="USA">
    <editdetail attribution="Reuters BIP Coding Group" action="confirmed" date="1997-05-28"/>
  </code>
</codes>
<codes class="bip:topics:1.0">
  <code code="C41">
    <editdetail attribution="Reuters BIP Coding Group" action="confirmed" date="1997-05-28"/>
  </code>
  <code code="C411">
    <editdetail attribution="Reuters BIP Coding Group" action="confirmed" date="1997-05-28"/>
  </code>
  <code code="CCAT">
    <editdetail attribution="Reuters BIP Coding Group" action="confirmed" date="1997-05-28"/>
  </code>
</codes>
<dc element="dc.date.created" value="1997-05-28"/>
<dc element="dc.publisher" value="Reuters Holdings Plc"/>
<dc element="dc.date.published" value="1997-05-28"/>
<dc element="dc.source" value="Reuters"/>
<dc element="dc.creator.location" value="ERIE, Penna."/>
<dc element="dc.creator.location.country.name" value="USA"/>
<dc element="dc.source" value="Reuters"/>
</metadata>
</newsitem>
