<?xml version="1.0" encoding="iso-8859-1" ?>
<newsitem itemid="619076" id="root" date="1997-05-28" xml:lang="en">
<title>CANADA: Newbridge hits new highs on ratings upgrade.</title>
<headline>Newbridge hits new highs on ratings upgrade.</headline>
<dateline>TORONTO 1997-05-28</dateline>
<text>
<p>Telecommunications equipment firm Newbridge Networks Corp surged to a new high on Wednesday on the back of a ratings upgrade by New York-based brokerage Alex Brown following days of gains.</p>
<p>Analyst Mike Gordon Alex. Brown upgraded Newbridge to a strong buy from a buy on Wednesday.</p>
<p>Shares in the Ottawa-based firm jumped 0.55 to 57.80 on the Toronto Stock Exchange in mid-afternoon turnover of 1.8 million shares, relinquishing earlier gains which pushed it to 60. In New York, Newbridge rose 1/8 to 41-7/8 in trading of over a million shares after posting a high of 43-1/2.  </p>
<p>&quot;Newbridge has the momentum going for it,&quot; said another analyst who declined to be identified. &quot;They're back in favor.&quot;</p>
<p>Newbridge shares rose yesterday in concert with the news that it and strategic partner Siemens AG were chosen by Swiss Telecom to provide an asynchronous transfer mode (ATM) network to link larger Swiss cities.</p>
<p>This sale of Newbridge's flagship telephone equipment was a major deal and worth several tens of millions, the analyst said.  </p>
<p>Newbridge has surged in recent sessions as investors have returned to the high technology sector, shunning small mining issues following the discovery of several gold scams. The largest was Bre-X Minerals Ltd, which touted its Busang gold deposit in Indonesia as the world's largest and then turned out to be a fraud.</p>
<p>&quot;Because of the recent disappointment with mining stocks, people are looking back at high tech,&quot; the analyst said.</p>
<p>High tech U.S. issues have powered higher, pulling Canadians in their wake since they are comparatively undervalued, the analyst said. &quot;Newbridge is, compared to the others, in an even better position because they have to broaden their portfolios,&quot; he said. He had a TSE target price of 65 in a year.</p>
<p>((Lydia Zajc, Reuters Toronto Bureau (416) 941-8109 or lydia.zajc@reuters.com))</p>
</text>
<copyright>(c) Reuters Limited 1997</copyright>
<metadata>
<codes class="bip:countries:1.0">
  <code code="CANA">
    <editdetail attribution="Reuters BIP Coding Group" action="confirmed" date="1997-05-28"/>
  </code>
</codes>
<codes class="bip:industries:1.0">
  <code code="I33030">
    <editdetail attribution="Reuters BIP Coding Group" action="confirmed" date="1997-05-28"/>
  </code>
</codes>
<codes class="bip:topics:1.0">
  <code code="C15">
    <editdetail attribution="Reuters BIP Coding Group" action="confirmed" date="1997-05-28"/>
  </code>
  <code code="C152">
    <editdetail attribution="Reuters BIP Coding Group" action="confirmed" date="1997-05-28"/>
  </code>
  <code code="CCAT">
    <editdetail attribution="Reuters BIP Coding Group" action="confirmed" date="1997-05-28"/>
  </code>
</codes>
<dc element="dc.date.created" value="1997-05-28"/>
<dc element="dc.publisher" value="Reuters Holdings Plc"/>
<dc element="dc.date.published" value="1997-05-28"/>
<dc element="dc.source" value="Reuters"/>
<dc element="dc.creator.location" value="TORONTO"/>
<dc element="dc.creator.location.country.name" value="CANADA"/>
<dc element="dc.source" value="Reuters"/>
</metadata>
</newsitem>
