<?xml version="1.0" encoding="iso-8859-1" ?>
<newsitem itemid="619086" id="root" date="1997-05-28" xml:lang="en">
<title>USA: PRESS DIGEST - U.S. technology trade publications.</title>
<headline>PRESS DIGEST - U.S. technology trade publications.</headline>
<text>
<p>For the week of May 26, here are some of the top stories reported in major U.S. technology trade publications.</p>
<p>-----------</p>
<p>PC WEEK - IBM Corp's Lotus Development Corp unit will help Internet Service Providers and their customers usher in a new online collaborative era next month when it ships the first of its &quot;rentable&quot; service provider applications, PC Week reported May 26.</p>
<p>A startup readying new management software that will give business managers more intelligent performance reports about their SAP R/3 applications software, PC Week reported May 26.</p>
<p>-----------</p>
<p>COMPUTERWORLD - IBM's Lotus Development Corp will hike the price of its Domino Server software starting July 1 and analysts said that the increase is an attempt by Lotus to make up for falling prices on its client software over the past few years, ComputerWorld reported May 26.</p>
<p>Microsoft Corp's &quot;Scalability Day&quot; last week was short on substance and long on hype, and many users and analysts said that while the demonstrations of the scalability of Windows NT were impressive, they do not translate into real-world situations, Computerworld reported May 26.</p>
<p>----------</p>
<p>COMPUTER RESELLER NEWS - Microsoft Corp is setting its sights on yet another UNIX bastion - the telecommunications switch market - and it will lay out plans for a full-fledged Windows NT attack at the upcoming SuperComm conference in New Orleans on June 3, Computer Reseller News reported May 26.</p>
<p>Hewlett-Packard Co will redirect the flow of its high-end business so that 80 percent of its UNIX sales will go through the reseller channel in the next two years and will markedly change HP's sales strategy, CRN reported May 26.</p>
<p>----------</p>
<p>INFOWORLD - IBM is pouring $100 million into its Thomas Watson Research Center this year in order to develop a wide variety of Internet and networking based technologies, some of which will be coming out this year, InfoWorld reported May 26.</p>
<p>IBM's Microelectronics unit will be one of the first entities with a Java accelerator chip, with samples in the fourth quarter or first quarter of 1998, InfoWorld reported.</p>
<p>-----------</p>
<p>INFORMATION WEEK - International Business Machines Corp's Tivoli Systems division and Sun Microsystems Inc's SunSoft unit are working on a project that would merge their technologies for information management, Information Week reported in its May 26 issue.</p>
<p>Novell Inc is planning a major round of layoffs and is seeking to hire several top executives under new chief executive officer Eric Schmidt, Information Week reported.</p>
<p>-----------</p>
<p>EE TIMES -  A new blend of Sun Microsystems' Java language, called JavaCard, was developed just for smart cards and promises the ability to use a single smart card for multiple applications, such as electronic cash, credit, debit and buying profile data, EE Times reported May 26.</p>
<p>A breakthrough product called Phantom is spawning a firestrom of activity in the next frontier of three dimensional virtual space: called haptics or &quot;touch&quot; technology, letting users &quot;feel&quot; virtual objects.</p>
<p>Futuristic applications could include virtual circuit boards that designers can manipulate by hand and surgical simulations that let doctors &quot;feel&quot; an organ without making a cut, EE Times reportd in its May 26 issue.</p>
<p>-----------</p>
<p>ELECTRONIC BUYERS' NEWS - The year-long meltdown of 64 megabit dynamic random access memory chip prices may be squeezing profit margins for some Japanese chip makers, just as they are cranking up production, EBN reported May 26.</p>
<p>Prices of 64-megabit DRAM chips continued to fall last month, edging closer to those prices for the equivalent amount of 16-megabit parts, according to the EBN Barometer on May 26.</p>
<p>-----------</p>
<p>INTERACTIVE WEEK - A little-known trade group is developing a service that will allow small Internet service providers to offer customers toll-free access numbers at fixed costs, making it possible for them to compete with much larger rivals, InterActive Week reported May 26.</p>
<p>Netscape Communications Corp's star is falling as sales of its browsers are slipping and its stock has lost 60 percent of its value in the past year. The question now is can Netscape successfully execute its plan to become a purveyor of enterprise strength systems and services, Interactive Week reported May 26.</p>
<p>-----------</p>
<p>MACWEEK - Mac developers may be waiting for Rhapsody but a handful of NeXT Computer's OpenStep veteran developers are racing to ship the first applications for Apple Computer Inc's new operating system, MacWeek reported May 26.</p>
</text>
<copyright>(c) Reuters Limited 1997</copyright>
<metadata>
<codes class="bip:countries:1.0">
  <code code="USA">
    <editdetail attribution="Reuters BIP Coding Group" action="confirmed" date="1997-05-28"/>
  </code>
</codes>
<codes class="bip:topics:1.0">
  <code code="GCAT">
    <editdetail attribution="Reuters BIP Coding Group" action="confirmed" date="1997-05-28"/>
  </code>
</codes>
<dc element="dc.publisher" value="Reuters Holdings Plc"/>
<dc element="dc.date.published" value="1997-05-28"/>
<dc element="dc.source" value="Reuters"/>
<dc element="dc.creator.location.country.name" value="USA"/>
<dc element="dc.source" value="Reuters"/>
</metadata>
</newsitem>
