<?xml version="1.0" encoding="iso-8859-1" ?>
<newsitem itemid="619071" id="root" date="1997-05-28" xml:lang="en">
<title>EU:  OFFICIAL JOURNAL CONTENTS - OJ C 161 OF MAY 28, 1997.</title>
<headline>OFFICIAL JOURNAL CONTENTS - OJ C 161 OF MAY 28, 1997.</headline>
<text>
<p>*</p>
<p>(Note - contents are displayed in reverse order to that in the printed Journal)</p>
<p>*</p>
<p>Amendment to the notice of invitation to tender for the reduction in the import duty on maize imported from non-member countries (97/C 161/06)</p>
<p>Amended proposal for a Council Regulation (EC) amending, for the benefit of unemployed persons, Regulation (EEC) No 1408/71 on the application of social security schemes to employed persons, to self-employed persons and to the members of their families moving within the Community and Regulation (EEC) No 574/72 laying down the procedure for implementing Regulation (EEC) No 1408/71 (1) (97/C 161/05) (Text with EEA relevance) COM(97) 158 final - 96/0004(CNS)</p>
<p>Prior notification of a concentration (Case No IV/M.923 - Deutsche Bank/Dresdner Bank/ESG) (97/C 161/04)</p>
<p>Commission communication in the framework of the implementation of Commission Directive 96/60/EC of 19 September 1996 implementing Council Directive 92/75/EEC with regard to energy labelling of household combined washer-driers (1) (97/C 161/03)</p>
<p>Information procedure - technical regulations (97/C 161/02)</p>
<p>Ecu (1) 27 May 1997 (97/C 161/01) END OF DOCUMENT.</p>
</text>
<copyright>(c) Reuters Limited 1997</copyright>
<metadata>
<codes class="bip:countries:1.0">
  <code code="EEC">
    <editdetail attribution="Reuters BIP Coding Group" action="confirmed" date="1997-05-28"/>
  </code>
</codes>
<codes class="bip:topics:1.0">
  <code code="G15">
    <editdetail attribution="Reuters BIP Coding Group" action="confirmed" date="1997-05-28"/>
  </code>
  <code code="GCAT">
    <editdetail attribution="Reuters BIP Coding Group" action="confirmed" date="1997-05-28"/>
  </code>
</codes>
<dc element="dc.publisher" value="Reuters Holdings Plc"/>
<dc element="dc.date.published" value="1997-05-28"/>
<dc element="dc.source" value="Reuters"/>
<dc element="dc.creator.location.country.name" value="EU"/>
<dc element="dc.source" value="Reuters"/>
</metadata>
</newsitem>
