<?xml version="1.0" encoding="iso-8859-1" ?>
<newsitem itemid="619070" id="root" date="1997-05-28" xml:lang="en">
<title>EU:  OFFICIAL JOURNAL CONTENTS - OJ L 136 OF MAY 27, 1997.</title>
<headline>OFFICIAL JOURNAL CONTENTS - OJ L 136 OF MAY 27, 1997.</headline>
<text>
<p>DECISION No 1/97 OF THE JOINT COMMITTEE, BETWEEN THE EUROPEAN COMMUNITIES, OF THE ONE PART, AND THE REPUBLIC OF LITHUANIA, OF THE OTHER PART of 25 February 1997 amending Protocol 3 to the Agreement on free trade and trade-related matters between the European Community, the European Atomic Energy Community and the European Coal and Steel Community, of the one part, and the Republic of Lithuania of the other part (97/309/ECSC, CE, Euratom) END OF DOCUMENT.</p>
</text>
<copyright>(c) Reuters Limited 1997</copyright>
<metadata>
<codes class="bip:countries:1.0">
  <code code="EEC">
    <editdetail attribution="Reuters BIP Coding Group" action="confirmed" date="1997-05-28"/>
  </code>
</codes>
<codes class="bip:topics:1.0">
  <code code="G15">
    <editdetail attribution="Reuters BIP Coding Group" action="confirmed" date="1997-05-28"/>
  </code>
  <code code="GCAT">
    <editdetail attribution="Reuters BIP Coding Group" action="confirmed" date="1997-05-28"/>
  </code>
</codes>
<dc element="dc.publisher" value="Reuters Holdings Plc"/>
<dc element="dc.date.published" value="1997-05-28"/>
<dc element="dc.source" value="Reuters"/>
<dc element="dc.creator.location.country.name" value="EU"/>
<dc element="dc.source" value="Reuters"/>
</metadata>
</newsitem>
