<?xml version="1.0" encoding="iso-8859-1" ?>
<newsitem itemid="619096" id="root" date="1997-05-28" xml:lang="en">
<title>USA: International CompuTex Q1 net rises.</title>
<headline>International CompuTex Q1 net rises.</headline>
<dateline>ATLANTA 1997-05-28</dateline>
<text>
<p>Three Months ended March 31,</p>
<p>						     1997	     1996</p>
<p> Gross Revenue			   $1,358,319	  $811,328</p>
<p>Operating Income Before</p>
<p> Non-Cash Charge			    751,650	   241,907</p>
<p> Non-Cash Charge for Stock Options    442,382		   0</p>
<p> Net Operating Income		     309,268	   241,907</p>
<p> Other Income/(Expense)		  (32,374)		   0</p>
<p> Net Income Before Income Taxes	 276,894	   241,907</p>
<p>Pro Forma Provision</p>
<p> For Income Taxes (37.7 percent)	104,389	    91,199</p>
<p> Pro Forma Net Income		     172,505	   150,708</p>
<p> Pro Forma Net Income per Share	    0.07		0.06</p>
<p>Pro Forma Net Income per Share</p>
<p> Without Non-Cash Charge		     0.19		0.06</p>
<p> Weighted Average Shrs Outstanding  2,357,836	 2,357,836</p>
<p>* The Company was treated for income tax purposes as an S-corporation through April 30, 1997. These pro forma amounts are calculated as if the Company had been treated for income tax purposes as a C-corporation during each of these fiscal periods using a combined 37.7 percent federal and state income tax rate.</p>
</text>
<copyright>(c) Reuters Limited 1997</copyright>
<metadata>
<codes class="bip:countries:1.0">
  <code code="USA">
    <editdetail attribution="Reuters BIP Coding Group" action="confirmed" date="1997-05-28"/>
  </code>
</codes>
<codes class="bip:topics:1.0">
  <code code="C15">
    <editdetail attribution="Reuters BIP Coding Group" action="confirmed" date="1997-05-28"/>
  </code>
  <code code="C151">
    <editdetail attribution="Reuters BIP Coding Group" action="confirmed" date="1997-05-28"/>
  </code>
  <code code="CCAT">
    <editdetail attribution="Reuters BIP Coding Group" action="confirmed" date="1997-05-28"/>
  </code>
</codes>
<dc element="dc.date.created" value="1997-05-28"/>
<dc element="dc.publisher" value="Reuters Holdings Plc"/>
<dc element="dc.date.published" value="1997-05-28"/>
<dc element="dc.source" value="Reuters"/>
<dc element="dc.creator.location" value="ATLANTA"/>
<dc element="dc.creator.location.country.name" value="USA"/>
<dc element="dc.source" value="Reuters"/>
</metadata>
</newsitem>
