<?xml version="1.0" encoding="iso-8859-1" ?>
<newsitem itemid="619078" id="root" date="1997-05-28" xml:lang="en">
<title>CANADA: DBRS raises trend on Fairfax to positive.</title>
<headline>DBRS raises trend on Fairfax to positive.</headline>
<dateline>TORONTO 1997-05-28</dateline>
<text>
<p>Dominion Bond Rating Service Ltd said on Wednesday that it had confirmed a BBB (high) rating on long-term debt for Fairfax Financial Holdings Ltd and upgraded the trend from stable to positive.</p>
<p>&quot;The positive trend recognizes the possibility of a future rating upgrade given the progress which Fairfax continues to make in growing and diversifying its base of businesses, while maintaining acceptable capital and generally favorable profitability ratios,&quot; DBRS said.</p>
<p>Last year, Fairfax acquired the Odyssey Reinsurance Company and contracted for the acquisition of CTR (Paris) in a bid to expand internationally.</p>
<p>&quot;These two acquisitions significantly add to Fairfax's re-insurance participation in global markets,&quot; DBRS said.</p>
<p>((Paul Simao, Reuters Toronto Bureau (416) 941-8104))</p>
</text>
<copyright>(c) Reuters Limited 1997</copyright>
<metadata>
<codes class="bip:countries:1.0">
  <code code="CANA">
    <editdetail attribution="Reuters BIP Coding Group" action="confirmed" date="1997-05-28"/>
  </code>
</codes>
<codes class="bip:industries:1.0">
  <code code="I83200">
    <editdetail attribution="Reuters BIP Coding Group" action="confirmed" date="1997-05-28"/>
  </code>
</codes>
<codes class="bip:topics:1.0">
  <code code="C17">
    <editdetail attribution="Reuters BIP Coding Group" action="confirmed" date="1997-05-28"/>
  </code>
  <code code="C174">
    <editdetail attribution="Reuters BIP Coding Group" action="confirmed" date="1997-05-28"/>
  </code>
  <code code="CCAT">
    <editdetail attribution="Reuters BIP Coding Group" action="confirmed" date="1997-05-28"/>
  </code>
</codes>
<dc element="dc.date.created" value="1997-05-28"/>
<dc element="dc.publisher" value="Reuters Holdings Plc"/>
<dc element="dc.date.published" value="1997-05-28"/>
<dc element="dc.source" value="Reuters"/>
<dc element="dc.creator.location" value="TORONTO"/>
<dc element="dc.creator.location.country.name" value="CANADA"/>
<dc element="dc.source" value="Reuters"/>
</metadata>
</newsitem>
