<?xml version="1.0" encoding="iso-8859-1" ?>
<newsitem itemid="619074" id="root" date="1997-05-28" xml:lang="en">
<title>CANADA: Toronto stocks close weaker after digesting gains.</title>
<headline>Toronto stocks close weaker after digesting gains.</headline>
<dateline>TORONTO 1997-05-28</dateline>
<text>
<p>CHANGE				    CHANGE</p>
<p>TSE	 6389.03   -53.51   HI 6440.01	    LO  6377.84</p>
<p>DJI	 7357.23   -26.18   GOLD (LONDON)   US$342.80  -0.85</p>
<p>FTSE	4677.50    -4.10   GOLD (NY-COMEX) US$345.30  +0.60</p>
<p>NIKKEI   20351.34  +461.45   LME CASH NICKEL US$7220   -105.0</p>
<p>CANDLR     1.3826		LME CASH ALUM   US$1619    -15.5</p>
<p>CAN 30-YR  110.00    -0.19   BRENT CRUDE     US$19.23   +0.02</p>
<p>--------------------MARKET COMMENT----------------------------</p>
<p>* Toronto stocks sank on Wednesday as investors paused to take profits and digest recent gains. * Almost all 14 groups fell. * 91 million shares traded worth C$1.6 billion.  </p>
<p>Toronto's stock market closed weaker for a second straight session on Wednesday as investors took profits following the market's recent new highs.</p>
<p>The Toronto Stock Exchange's 300 Composite Index fell 53.51 points to 6389.03 on Wednesday. Canada's biggest equity market has shed more than 100 points over the past two sessions.</p>
<p>&quot;The market had a good run. It needed to digest it,&quot; said Calgary-based portfolio manager Josef Schachter.</p>
<p>The key index soared to a life-time high of 6401.13 points on Monday.  </p>
<p>Schachter predicted Toronto would rebound if upcoming U.S. economic data showed that the U.S. economy is growing at a steady pace. That would reduce the need for the Federal Reserve to raise U.S. interest rates and allow Canadian rates to remain low.</p>
<p>All but two of Toronto's 14 sub-sectors lost ground, led by oils, golds, conglomerates and utilities. The two gainers were retail and transportation.</p>
<p>Declining issues outnumbered advances 539 to 427 with 310 stocks unchanged.</p>
<p>--- HOT STOCKS ---</p>
<p>* High technology firm Newbridge Networks Corp fell 0.40 to close at 57.10 on 2.2 million shares after hitting new highs earlier in the day.</p>
<p>The telecommunications equipment firm hit a 52-week peak of 60 after New York-based brokerage Alex. Brown upgraded the stock to a stronger buy from a buy.</p>
<p>* Royal Bank of Canada, the nation's largest bank, slipped 0.10 to 60.80 in active dealings after reporting higher second quarter profits on Wednesday.</p>
<p>((Lydia Zajc, Reuters Toronto Bureau (416) 941-8109))</p>
</text>
<copyright>(c) Reuters Limited 1997</copyright>
<metadata>
<codes class="bip:countries:1.0">
  <code code="CANA">
    <editdetail attribution="Reuters BIP Coding Group" action="confirmed" date="1997-05-28"/>
  </code>
</codes>
<codes class="bip:topics:1.0">
  <code code="M11">
    <editdetail attribution="Reuters BIP Coding Group" action="confirmed" date="1997-05-28"/>
  </code>
  <code code="MCAT">
    <editdetail attribution="Reuters BIP Coding Group" action="confirmed" date="1997-05-28"/>
  </code>
</codes>
<dc element="dc.date.created" value="1997-05-28"/>
<dc element="dc.publisher" value="Reuters Holdings Plc"/>
<dc element="dc.date.published" value="1997-05-28"/>
<dc element="dc.source" value="Reuters"/>
<dc element="dc.creator.location" value="TORONTO"/>
<dc element="dc.creator.location.country.name" value="CANADA"/>
<dc element="dc.source" value="Reuters"/>
</metadata>
</newsitem>
