<?xml version="1.0" encoding="iso-8859-1" ?>
<newsitem itemid="619081" id="root" date="1997-05-28" xml:lang="en">
<title>CANADA: Rogers appoints new Cablesystems CEO.</title>
<headline>Rogers appoints new Cablesystems CEO.</headline>
<dateline>TORONTO 1997-05-28</dateline>
<text>
<p>Rogers Communications Inc said on Wednesday it appointed Jos Wintermans as chief executive and president of unit Rogers Cablesystems, Canada's largest cable network operator.</p>
<p>Wintermans' appointment takes effect June 2, Rogers said in a statement. He will oversee Rogers' cable television operations in Ontario and British Columbia, 175 Rogers Video stores, Internet access service, and the home security unit.</p>
<p>Before joining Rogers, Wintermans was Canadian Tire Corp's senior vice-president of diversified businesses such as the credit card arm and gas stations.</p>
<p>((Reuters Toronto Bureau (416) 941-8100))</p>
</text>
<copyright>(c) Reuters Limited 1997</copyright>
<metadata>
<codes class="bip:countries:1.0">
  <code code="CANA">
    <editdetail attribution="Reuters BIP Coding Group" action="confirmed" date="1997-05-28"/>
  </code>
</codes>
<codes class="bip:industries:1.0">
  <code code="I97400">
    <editdetail attribution="Reuters BIP Coding Group" action="confirmed" date="1997-05-28"/>
  </code>
</codes>
<codes class="bip:topics:1.0">
  <code code="C41">
    <editdetail attribution="Reuters BIP Coding Group" action="confirmed" date="1997-05-28"/>
  </code>
  <code code="C411">
    <editdetail attribution="Reuters BIP Coding Group" action="confirmed" date="1997-05-28"/>
  </code>
  <code code="CCAT">
    <editdetail attribution="Reuters BIP Coding Group" action="confirmed" date="1997-05-28"/>
  </code>
</codes>
<dc element="dc.date.created" value="1997-05-28"/>
<dc element="dc.publisher" value="Reuters Holdings Plc"/>
<dc element="dc.date.published" value="1997-05-28"/>
<dc element="dc.source" value="Reuters"/>
<dc element="dc.creator.location" value="TORONTO"/>
<dc element="dc.creator.location.country.name" value="CANADA"/>
<dc element="dc.source" value="Reuters"/>
</metadata>
</newsitem>
