<?xml version="1.0" encoding="iso-8859-1" ?>
<newsitem itemid="619069" id="root" date="1997-05-28" xml:lang="en">
<title>USA: Stocks leading percentage gains and losses.</title>
<headline>Stocks leading percentage gains and losses.</headline>
<dateline>NEW YORK</dateline>
<text>
<p>Following are the largest percentage gains and losses based on consolidated trading on the New York and American stock exchanges Wednesday.</p>
<p> NYSE BIGGEST PERCENT GAINS</p>
<p>  MESTEK INC		19 7/8    +2 3/8   13.6</p>
<p>  UTD AMER HEALTH	 6	   +5/8     11.6</p>
<p>  URS CORP		  10 7/8    +1 1/8   11.5</p>
<p>  MERCURY FIN	     2 1/2     +1/4     11.1</p>
<p>  SIZZLER INTL	    2 1/2     +1/4     11.1</p>
<p>  BAY NETWORK	     25 1/4    +2 1/2   11.0</p>
<p>  HAMBRECHT QUIST	 23	  +2 1/4   10.8</p>
<p>  KOREA FUND		13 3/4    +1 1/8   8.9</p>
<p>  BROWN GROUP INC	 18 1/8    +1 3/8   8.2</p>
<p>  SITEL CORP		15 1/8    +1 1/8   8.0</p>
<p> NYSE BIGGEST PERCENT LOSSES    </p>
<p>  LAB AMER HLDG	   2 3/4     -1/2     -15.4</p>
<p>  CUC INTL		  23 1/4    -2 3/4   -10.6</p>
<p>  EA INDUSTRIES	   2 3/8     -1/4     -9.5</p>
<p>  GRUBB &amp; ELLIS CO	11 1/8    -1 1/8   -9.2</p>
<p>  BANGOR HYDRO	    5	   -1/2     -9.1</p>
<p>  COMPAGNIE GEN	   16 1/8    -1 1/4   -7.2</p>
<p>  HFS INC		   54 1/2    -4	 -6.8</p>
<p>  ALCATEL ALSTHOM	 22 1/8    -1 1/2   -6.4</p>
<p>  KANEB SERVICES	  3 3/4     -1/4     -6.3</p>
<p>  NABISCO HLD	     40	  -2 3/8   -5.6</p>
<p> AMEX BIGGEST PERCENT GAINS    </p>
<p>  MISSION WEST PR	 3 1/16    +3/4     32.4</p>
<p>  FIBREBOARD CORP	 54 5/16   #VALUE!  14.3</p>
<p>  QC OPTICS		 3 3/8     +3/8     12.5</p>
<p>  ENVIR TECTONICS	 8 3/8     +13/16   10.7</p>
<p>  ALPHA INDUSTRIES	7 1/8     +5/8     9.6</p>
<p>  THERMOTREX CP	   28 1/4    +2 1/4   8.7</p>
<p>  WELLS-GARDNER	   4	   +5/16    8.5</p>
<p>  VICON INDS INC	  3 1/4     +1/4     8.3</p>
<p>  FREQUENCY ELEC	  12 1/2    +7/8     7.5</p>
<p>  RF POWER		  3 5/8     +1/4     7.4</p>
<p> AMEX BIGGEST PERCENT LOSSES    </p>
<p>  KATZ MEDIA		4 15/16   -9/16    -10.2</p>
<p>  ONCOR INC		 3 1/2     -3/8     -9.7</p>
<p>  PURO WATER		5 11/16   -7/16    -7.1</p>
<p>  LXR BIOTECH	     2 7/16    -3/16    -7.1</p>
<p>  MAI SYSTEMS	     4 1/8     -5/16    -7.0</p>
<p>  NETMED INC		6 3/16    -7/16    -6.6</p>
<p>  CAP PAC HLDGS	   2 11/16   -3/16    -6.5</p>
<p>  BALDWIN TECH	    2 3/4     -3/16    -6.4</p>
<p>  NEOPHARM INC	    3 3/4     -1/4     -6.3</p>
<p>  THERMO POWER	    6	   -3/8     -5.9</p>
</text>
<copyright>(c) Reuters Limited 1997</copyright>
<metadata>
<codes class="bip:countries:1.0">
  <code code="USA">
    <editdetail attribution="Reuters BIP Coding Group" action="confirmed" date="1997-05-28"/>
  </code>
</codes>
<codes class="bip:topics:1.0">
  <code code="M11">
    <editdetail attribution="Reuters BIP Coding Group" action="confirmed" date="1997-05-28"/>
  </code>
  <code code="MCAT">
    <editdetail attribution="Reuters BIP Coding Group" action="confirmed" date="1997-05-28"/>
  </code>
</codes>
<dc element="dc.publisher" value="Reuters Holdings Plc"/>
<dc element="dc.date.published" value="1997-05-28"/>
<dc element="dc.source" value="Reuters"/>
<dc element="dc.creator.location" value="NEW YORK"/>
<dc element="dc.creator.location.country.name" value="USA"/>
<dc element="dc.source" value="Reuters"/>
</metadata>
</newsitem>
