<?xml version="1.0" encoding="iso-8859-1" ?>
<newsitem itemid="619145" id="root" date="1997-05-28" xml:lang="en">
<title>USA: Cullen/Frost confident of earnings growth.</title>
<headline>Cullen/Frost confident of earnings growth.</headline>
<dateline>SAN ANTONIO, Texas 1997-05-28</dateline>
<text>
<p>Cullen/Frost Bankers Inc should meet higher earnings projected by brokers for the next quarter and this fiscal year, senior chairman and chief executive officer Tom Frost said on Wednesday.</p>
<p>&quot;The momentum is there, and we think it will keep on going,&quot; Frost told Reuters following the San Antonio-based bank holding company's annual shareholders meeting.</p>
<p>Analysts projected earnings of $0.66 per share for the second quarter ending in June versus $0.59 in the second quarter of fiscal 1996, and earnings of $2.69 per share for 1997, up from $2.40 a share in fiscal 1996, according to First Call.</p>
<p>&quot;Those are reasonable estimates they have made,&quot; Frost said of the analysts' consensus estimates. &quot;We think the market is understanding and really appreciating what is happening.&quot;</p>
</text>
<copyright>(c) Reuters Limited 1997</copyright>
<metadata>
<codes class="bip:countries:1.0">
  <code code="USA">
    <editdetail attribution="Reuters BIP Coding Group" action="confirmed" date="1997-05-28"/>
  </code>
</codes>
<codes class="bip:industries:1.0">
  <code code="I81402">
    <editdetail attribution="Reuters BIP Coding Group" action="confirmed" date="1997-05-28"/>
  </code>
</codes>
<codes class="bip:topics:1.0">
  <code code="C15">
    <editdetail attribution="Reuters BIP Coding Group" action="confirmed" date="1997-05-28"/>
  </code>
  <code code="C152">
    <editdetail attribution="Reuters BIP Coding Group" action="confirmed" date="1997-05-28"/>
  </code>
  <code code="CCAT">
    <editdetail attribution="Reuters BIP Coding Group" action="confirmed" date="1997-05-28"/>
  </code>
</codes>
<dc element="dc.date.created" value="1997-05-28"/>
<dc element="dc.publisher" value="Reuters Holdings Plc"/>
<dc element="dc.date.published" value="1997-05-28"/>
<dc element="dc.source" value="Reuters"/>
<dc element="dc.creator.location" value="SAN ANTONIO, Texas"/>
<dc element="dc.creator.location.country.name" value="USA"/>
<dc element="dc.source" value="Reuters"/>
</metadata>
</newsitem>
