<?xml version="1.0" encoding="iso-8859-1" ?>
<newsitem itemid="619105" id="root" date="1997-05-28" xml:lang="en">
<title>USA: Silicon Valley Research Q4 shr loss $0.17.</title>
<headline>Silicon Valley Research Q4 shr loss $0.17.</headline>
<dateline>SAN JOSE, Calif. 1997-05-28</dateline>
<text>
<p>SILICON VALLEY RESEARCH, INC. AND SUBSIDIARIES</p>
<p>		   Consolidated Statements of Operations</p>
<p>		   (In thousands, except per share data)</p>
<p>				   Three Months Ended   Year Ended</p>
<p>					  March 31,	   March 31,</p>
<p>				     1996	1997     1996     1997</p>
<p>					(Unaudited)</p>
<p>Revenue:</p>
<p> License fees and other     $2,213    $ 504 $  7,750   $2,884</p>
<p> Maintenance fees		  793	571    3,197    2,620</p>
<p>	Total revenue	    3,006    1,075   10,947    5,504</p>
<p>Cost of revenue:</p>
<p>Cost of license fees and</p>
<p>  other revenue		    127	 24	388	843</p>
<p> Cost of maintenance fees	 65	166	357	546</p>
<p>	Total cost of revenue    192	190	745    1,389</p>
<p> Gross margin		    2,814	885   10,202    4,115</p>
<p>Operating expenses:</p>
<p>Engineering, research and</p>
<p>  development			869    1,369    3,330    4,074</p>
<p> Selling and marketing	 1,361    1,201    5,145    5,914</p>
<p> General and administrative    384	284    1,197    4,232</p>
<p>Total operating</p>
<p>	 expenses		  2,614    2,854    9,672   14,220</p>
<p> Operating income (loss)	200  (1,969)	530  (10,105)</p>
<p>Total other income (expense),</p>
<p>  net				   90	(7)	 44	222</p>
<p>Income (loss) before provision</p>
<p>  for income taxes		 290  (1,976)	574  (9,883)</p>
<p> Provision for income taxes	5	  2	  5	  2</p>
<p> Net income (loss)		 285  (1,978)	569  (9,885)</p>
<p> Net income (loss) per share  0.03    (.17)     0.05    (.86)</p>
</text>
<copyright>(c) Reuters Limited 1997</copyright>
<metadata>
<codes class="bip:countries:1.0">
  <code code="USA">
    <editdetail attribution="Reuters BIP Coding Group" action="confirmed" date="1997-05-28"/>
  </code>
</codes>
<codes class="bip:industries:1.0">
  <code code="I33020">
    <editdetail attribution="Reuters BIP Coding Group" action="confirmed" date="1997-05-28"/>
  </code>
  <code code="I3302021">
    <editdetail attribution="Reuters BIP Coding Group" action="confirmed" date="1997-05-28"/>
  </code>
</codes>
<codes class="bip:topics:1.0">
  <code code="C15">
    <editdetail attribution="Reuters BIP Coding Group" action="confirmed" date="1997-05-28"/>
  </code>
  <code code="C151">
    <editdetail attribution="Reuters BIP Coding Group" action="confirmed" date="1997-05-28"/>
  </code>
  <code code="C1511">
    <editdetail attribution="Reuters BIP Coding Group" action="confirmed" date="1997-05-28"/>
  </code>
  <code code="CCAT">
    <editdetail attribution="Reuters BIP Coding Group" action="confirmed" date="1997-05-28"/>
  </code>
</codes>
<dc element="dc.date.created" value="1997-05-28"/>
<dc element="dc.publisher" value="Reuters Holdings Plc"/>
<dc element="dc.date.published" value="1997-05-28"/>
<dc element="dc.source" value="Reuters"/>
<dc element="dc.creator.location" value="SAN JOSE, Calif."/>
<dc element="dc.creator.location.country.name" value="USA"/>
<dc element="dc.source" value="Reuters"/>
</metadata>
</newsitem>
