<?xml version="1.0" encoding="iso-8859-1" ?>
<newsitem itemid="619185" id="root" date="1997-05-28" xml:lang="en">
<title>USA: Charter Power Q1 net rises.</title>
<headline>Charter Power Q1 net rises.</headline>
<dateline>BLUE BELL, Pa. 1997-05-28</dateline>
<text>
<p>CHARTER POWER SYSTEMS, INC. AND SUBSIDIARIES</p>
<p>				  SUMMARY OF EARNINGS</p>
<p>						    (Unaudited)</p>
<p>						  Three months ended</p>
<p>						     April 30,</p>
<p>					 1997			    1996</p>
<p> Net sales			 $73,346			$62,429</p>
<p> Operating income		  7,652			  5,804</p>
<p> Income before income taxes    6,564			  5,545</p>
<p> Net income			  4,135			  3,646</p>
<p>Earnings per common and common</p>
<p>  equivalent share		  0.66			   0.56</p>
<p>Weighted average common and common</p>
<p>  equivalent shares		6,265			  6,548</p>
<p>(In thousands, except per share data)</p>
<p>-- New York Newsdesk 212 859-1610</p>
</text>
<copyright>(c) Reuters Limited 1997</copyright>
<metadata>
<codes class="bip:countries:1.0">
  <code code="USA">
    <editdetail attribution="Reuters BIP Coding Group" action="confirmed" date="1997-05-28"/>
  </code>
</codes>
<codes class="bip:industries:1.0">
  <code code="I34320">
    <editdetail attribution="Reuters BIP Coding Group" action="confirmed" date="1997-05-28"/>
  </code>
</codes>
<codes class="bip:topics:1.0">
  <code code="C15">
    <editdetail attribution="Reuters BIP Coding Group" action="confirmed" date="1997-05-28"/>
  </code>
  <code code="C151">
    <editdetail attribution="Reuters BIP Coding Group" action="confirmed" date="1997-05-28"/>
  </code>
  <code code="CCAT">
    <editdetail attribution="Reuters BIP Coding Group" action="confirmed" date="1997-05-28"/>
  </code>
</codes>
<dc element="dc.date.created" value="1997-05-28"/>
<dc element="dc.publisher" value="Reuters Holdings Plc"/>
<dc element="dc.date.published" value="1997-05-28"/>
<dc element="dc.source" value="Reuters"/>
<dc element="dc.creator.location" value="BLUE BELL, Pa."/>
<dc element="dc.creator.location.country.name" value="USA"/>
<dc element="dc.source" value="Reuters"/>
</metadata>
</newsitem>
