<?xml version="1.0" encoding="iso-8859-1" ?>
<newsitem itemid="619122" id="root" date="1997-05-28" xml:lang="en">
<title>USA: Research buys shares from founder's estate.</title>
<headline>Research buys shares from founder's estate.</headline>
<dateline>EDEN PRAIRIE, Minn. 1997-05-28</dateline>
<text>
<p>Research Inc said Wednesday it repurchased 237,519 shares of the company's common stock from Mary Ellen Abramson and the estate of Andrew (Ed) Abramson, a founder of the company, for $6.45 a share.</p>
<p>Research said it has paid half of the purchase price in cash and will pay the remaining amount in early 1998.</p>
<p>After the repurchase, the company has 968,424 shares outstanding.  </p>
<p>The company said it bought the shares because a block sale of that size could have significantly depressed the market price of the stock.</p>
<p>&quot;I expect the redemption to have a favorable effect on earnings per share and book value per share, which is consistent with the company's commitment to enhancing shareholder value,&quot; Claude Johnson, Research president and chief executive, said in a statement.</p>
<p>Ed Abramsom was a founder of the company and served as chief executive and a director for many years, Research said. He died in June 1996.</p>
<p>Shares of Research, which manufactures industrial electronic controls and radiant heating equipment, closed down 1/4 at 6-1/2.</p>
<p>((--Chicago newsdesk, 312-408-8787))</p>
</text>
<copyright>(c) Reuters Limited 1997</copyright>
<metadata>
<codes class="bip:countries:1.0">
  <code code="USA">
    <editdetail attribution="Reuters BIP Coding Group" action="confirmed" date="1997-05-28"/>
  </code>
</codes>
<codes class="bip:topics:1.0">
  <code code="C17">
    <editdetail attribution="Reuters BIP Coding Group" action="confirmed" date="1997-05-28"/>
  </code>
  <code code="C171">
    <editdetail attribution="Reuters BIP Coding Group" action="confirmed" date="1997-05-28"/>
  </code>
  <code code="C18">
    <editdetail attribution="Reuters BIP Coding Group" action="confirmed" date="1997-05-28"/>
  </code>
  <code code="C181">
    <editdetail attribution="Reuters BIP Coding Group" action="confirmed" date="1997-05-28"/>
  </code>
  <code code="CCAT">
    <editdetail attribution="Reuters BIP Coding Group" action="confirmed" date="1997-05-28"/>
  </code>
</codes>
<dc element="dc.date.created" value="1997-05-28"/>
<dc element="dc.publisher" value="Reuters Holdings Plc"/>
<dc element="dc.date.published" value="1997-05-28"/>
<dc element="dc.source" value="Reuters"/>
<dc element="dc.creator.location" value="EDEN PRAIRIE, Minn."/>
<dc element="dc.creator.location.country.name" value="USA"/>
<dc element="dc.source" value="Reuters"/>
</metadata>
</newsitem>
