<?xml version="1.0" encoding="iso-8859-1" ?>
<newsitem itemid="619108" id="root" date="1997-05-28" xml:lang="en">
<title>USA: US WATS Inc Q1 net loss vs profit.</title>
<headline>US WATS Inc Q1 net loss vs profit.</headline>
<dateline>BALA CYNWYD, Pa. 1997-05-28</dateline>
<text>
<p>1997			1996</p>
<p> Shr loss		   $0.01   profit	 $0.01</p>
<p> Net loss		     129   profit	   144</p>
<p> Revs			13,507		    8,924</p>
<p> Avg shrs		  15,923		   15,852</p>
<p>(All data above 000s except per share numbers)</p>
<p>NOTE: Net income was calculated before the payment of preferred dividends; earnings per share were calculated after the payment of preferred dividends.</p>
<p>The company paid preferred dividends of $6,750 in the first quarters of 1997 and 1996.</p>
</text>
<copyright>(c) Reuters Limited 1997</copyright>
<metadata>
<codes class="bip:countries:1.0">
  <code code="USA">
    <editdetail attribution="Reuters BIP Coding Group" action="confirmed" date="1997-05-28"/>
  </code>
</codes>
<codes class="bip:industries:1.0">
  <code code="I79020">
    <editdetail attribution="Reuters BIP Coding Group" action="confirmed" date="1997-05-28"/>
  </code>
</codes>
<codes class="bip:topics:1.0">
  <code code="C15">
    <editdetail attribution="Reuters BIP Coding Group" action="confirmed" date="1997-05-28"/>
  </code>
  <code code="C151">
    <editdetail attribution="Reuters BIP Coding Group" action="confirmed" date="1997-05-28"/>
  </code>
  <code code="CCAT">
    <editdetail attribution="Reuters BIP Coding Group" action="confirmed" date="1997-05-28"/>
  </code>
</codes>
<dc element="dc.date.created" value="1997-05-28"/>
<dc element="dc.publisher" value="Reuters Holdings Plc"/>
<dc element="dc.date.published" value="1997-05-28"/>
<dc element="dc.source" value="Reuters"/>
<dc element="dc.creator.location" value="BALA CYNWYD, Pa."/>
<dc element="dc.creator.location.country.name" value="USA"/>
<dc element="dc.source" value="Reuters"/>
</metadata>
</newsitem>
