<?xml version="1.0" encoding="iso-8859-1" ?>
<newsitem itemid="619150" id="root" date="1997-05-28" xml:lang="en">
<title>USA: Garden Botanika Q1 loss $0.46 vs loss $0.68.</title>
<headline>Garden Botanika Q1 loss $0.46 vs loss $0.68.</headline>
<dateline>REDMOND, Wash 1997-05-28</dateline>
<text>
<p>(amounts in thousands, except per share data)</p>
<p>							 (Unaudited)</p>
<p>							Quarter Ended</p>
<p>						     May 3,	  May 4,</p>
<p>							 1997	    1996</p>
<p> Net sales					$23,918	 $16,647</p>
<p>Cost of sales (including buying</p>
<p> and occupancy costs)			  15,182	   9,601</p>
<p>    Gross margin				  8,736	   7,046</p>
<p>Operating expenses:</p>
<p>    Stores and catalog			  9,620	   7,067</p>
<p>    General and administrative		2,590	   2,126</p>
<p>Preopening and facility</p>
<p>    relocation expenses			    23	     354</p>
<p>	 Operating loss			 (3,497)	 (2,501)</p>
<p> Interest income (expense), net		 272	   (184)</p>
<p>	 Net loss				( 3,225)	( 2,685)</p>
<p> Net loss per share			    (0.46)	  (0.68)</p>
<p>Weighted average common and common</p>
<p>	  equivalent shares		     7,069	   3,963</p>
<p>(a) Comment: For purposes of comparing reported results to published estimates, an assumed 40% tax obligation or benefit should be applied to the reported income or loss in each period presented above.  On that tax effected basis, per share income (losses) would be as follows:</p>
<p>  Tax-effected income (loss) per share  $(0.27)	 $(0.41)</p>
</text>
<copyright>(c) Reuters Limited 1997</copyright>
<metadata>
<codes class="bip:countries:1.0">
  <code code="USA">
    <editdetail attribution="Reuters BIP Coding Group" action="confirmed" date="1997-05-28"/>
  </code>
</codes>
<codes class="bip:industries:1.0">
  <code code="I65400">
    <editdetail attribution="Reuters BIP Coding Group" action="confirmed" date="1997-05-28"/>
  </code>
</codes>
<codes class="bip:topics:1.0">
  <code code="C15">
    <editdetail attribution="Reuters BIP Coding Group" action="confirmed" date="1997-05-28"/>
  </code>
  <code code="C151">
    <editdetail attribution="Reuters BIP Coding Group" action="confirmed" date="1997-05-28"/>
  </code>
  <code code="CCAT">
    <editdetail attribution="Reuters BIP Coding Group" action="confirmed" date="1997-05-28"/>
  </code>
</codes>
<dc element="dc.date.created" value="1997-05-28"/>
<dc element="dc.publisher" value="Reuters Holdings Plc"/>
<dc element="dc.date.published" value="1997-05-28"/>
<dc element="dc.source" value="Reuters"/>
<dc element="dc.creator.location" value="REDMOND, Wash"/>
<dc element="dc.creator.location.country.name" value="USA"/>
<dc element="dc.source" value="Reuters"/>
</metadata>
</newsitem>
