<?xml version="1.0" encoding="iso-8859-1" ?>
<newsitem itemid="619195" id="root" date="1997-05-28" xml:lang="en">
<title>USA: RESEARCH ALERT - Coke Enterprises raised.</title>
<headline>RESEARCH ALERT - Coke Enterprises raised.</headline>
<dateline>NEW YORK 1997-05-28</dateline>
<text>
<p>Salomon Brothers said it upgraded Coca-Cola Enterprises Inc to strong buy from buy.</p>
<p>-- said raised the 12-month price target to $26 a share from $23 a share.</p>
<p>-- cited Tuesday's announcement that Coca-Cola Enterprises plans to buy two major North American Coke bottlers for about $1.66 billion.</p>
<p>-- said although the deal will dilute earnings per share by about $0.05 a share in both 1997 and 1998, the acquisitions will ultimately accelerate the company's EBITDA growth rate.</p>
<p>-- said it is also bullish about the company's opportunities in France.</p>
<p>-- Coca-Cola Enterprises gained 5/8 to 20-1/4.</p>
</text>
<copyright>(c) Reuters Limited 1997</copyright>
<metadata>
<codes class="bip:countries:1.0">
  <code code="USA">
    <editdetail attribution="Reuters BIP Coding Group" action="confirmed" date="1997-05-28"/>
  </code>
</codes>
<codes class="bip:industries:1.0">
  <code code="I42800">
    <editdetail attribution="Reuters BIP Coding Group" action="confirmed" date="1997-05-28"/>
  </code>
</codes>
<codes class="bip:topics:1.0">
  <code code="C15">
    <editdetail attribution="Reuters BIP Coding Group" action="confirmed" date="1997-05-28"/>
  </code>
  <code code="C152">
    <editdetail attribution="Reuters BIP Coding Group" action="confirmed" date="1997-05-28"/>
  </code>
  <code code="CCAT">
    <editdetail attribution="Reuters BIP Coding Group" action="confirmed" date="1997-05-28"/>
  </code>
</codes>
<dc element="dc.date.created" value="1997-05-28"/>
<dc element="dc.publisher" value="Reuters Holdings Plc"/>
<dc element="dc.date.published" value="1997-05-28"/>
<dc element="dc.source" value="Reuters"/>
<dc element="dc.creator.location" value="NEW YORK"/>
<dc element="dc.creator.location.country.name" value="USA"/>
<dc element="dc.source" value="Reuters"/>
</metadata>
</newsitem>
