<?xml version="1.0" encoding="iso-8859-1" ?>
<newsitem itemid="619192" id="root" date="1997-05-28" xml:lang="en">
<title>USA: US OPTIONS FOCUS/Indices quiet as market slips.</title>
<headline>US OPTIONS FOCUS/Indices quiet as market slips.</headline>
<dateline>CHICAGO 1997-05-28</dateline>
<text>
<p>Major U.S. stock index options trading was relatively quiet Wednesday as the market struggled with early gains only to move lower in afternoon action.</p>
<p>&quot;We've done hardly any index stuff in the last few days,&quot; one options trader said. &quot;Our index business has really dried up.&quot;</p>
<p>By 1400 CDT/1900 GMT, the S&amp;P 100 index .OEX was down 5.41 at 830.18, just off its session low. The broader S&amp;P 500 index .SPX lost 3.56 to 846.15 and June S&amp;P 500 futures were down 3.35 at 848.  </p>
<p>In the OEX, where the majority of index options trade, the busiest issue was the June 820 put, which traded 2,945 contracts. The June 830 put traded about 2,700.</p>
<p>On the call side, the most active OEX options included the June 830, with turnover of 2,330 and the June 840, with volume of about 2,050.</p>
<p>Jerry Hegarty, an analyst at Thomson Financial Services, said he was expecting the market to head lower because of heavy equity call buying.</p>
<p>&quot;Equity call buying continues to overwhelm the public's interest in equity puts,&quot; he said in an afternoon report.  </p>
<p>&quot;Eventually--soon--this investor enthusiasm will lead to lower prices,&quot; he said.</p>
<p>At the Chicago Board Options exchange, equity call volume outpaced put volume by 300,624 to 87,998 at 1400 CDT/1900 GMT.</p>
<p>But in the OEX, put volume led call volume 23,037 to 19,738.</p>
<p>Traders generally watch equity put/call volumes more closely as a sentiment indicator because index figures can be distorted by heavy arbitrage and big institutional use.</p>
<p>One options trader said further losses in stocks would be linked to action in bonds.  </p>
<p>&quot;If the bond market continues to slide, you'll probably see some asset allocation going into bonds,&quot; out of stocks, he said. As bond prices fall, yields rise, making them more attractive to some investors.</p>
<p>Stocks powered higher earlier in the week despite weak bonds as strength in technology stocks boosted the broad market.</p>
<p>But that strength was largely absent Wednesday, with the Nasdaq composite index .IXIC losting 3.63 to 1,405.58 after closing at a record high on Tuesday.  </p>
<p>The action in technology stocks appeared to boost interest in options on the Morgan Stanley high tech index .MSH, which trade on the American Stock Exchange.</p>
<p>The MSH June 425 call traded 1,900 contracts and the July 445 call traded 3,650.</p>
<p>&quot;It looked like some kind of spread,&quot; one trader said. &quot;I would assume they were done as a package.&quot;</p>
<p>Another trader said some of his customers had been inquiring about options on the Morgan Stanley multinational index .NFT as a substitute for the OEX because premium levels are lower on an absolute price basis.</p>
<p>((Gregory Crawford, 312 408 8750))</p>
<p>E-mail: derivatives@reuters.com</p>
</text>
<copyright>(c) Reuters Limited 1997</copyright>
<metadata>
<codes class="bip:countries:1.0">
  <code code="USA">
    <editdetail attribution="Reuters BIP Coding Group" action="confirmed" date="1997-05-28"/>
  </code>
</codes>
<codes class="bip:topics:1.0">
  <code code="M11">
    <editdetail attribution="Reuters BIP Coding Group" action="confirmed" date="1997-05-28"/>
  </code>
  <code code="MCAT">
    <editdetail attribution="Reuters BIP Coding Group" action="confirmed" date="1997-05-28"/>
  </code>
</codes>
<dc element="dc.date.created" value="1997-05-28"/>
<dc element="dc.publisher" value="Reuters Holdings Plc"/>
<dc element="dc.date.published" value="1997-05-28"/>
<dc element="dc.source" value="Reuters"/>
<dc element="dc.creator.location" value="CHICAGO"/>
<dc element="dc.creator.location.country.name" value="USA"/>
<dc element="dc.source" value="Reuters"/>
</metadata>
</newsitem>
