<?xml version="1.0" encoding="iso-8859-1" ?>
<newsitem itemid="619142" id="root" date="1997-05-28" xml:lang="en">
<title>USA: Greenwich Street three monthly dividends.</title>
<headline>Greenwich Street three monthly dividends.</headline>
<dateline>NEW YORK 1997-05-28</dateline>
<text>
<p>Monthly</p>
<p>		   Latest		    Prior</p>
<p> Amount		  $0.06		   $0.06</p>
<p> Pay		   June 27</p>
<p> Record		June 24</p>
<p>---------------------------</p>
<p>		    Monthly</p>
<p>		   Latest		    Prior</p>
<p> Amount		  $0.06		   $0.06</p>
<p> Pay		   July 25</p>
<p> Record		July 22</p>
<p>---------------------------</p>
<p>		    Monthly</p>
<p>		   Latest		    Prior</p>
<p> Amount		  $0.06		   $0.06</p>
<p> Pay		 August 29</p>
<p> Record	    August 26</p>
<p>NOTE: Full name of company is Greenwich Street Municipal Fund.</p>
</text>
<copyright>(c) Reuters Limited 1997</copyright>
<metadata>
<codes class="bip:countries:1.0">
  <code code="USA">
    <editdetail attribution="Reuters BIP Coding Group" action="confirmed" date="1997-05-28"/>
  </code>
</codes>
<codes class="bip:industries:1.0">
  <code code="I81502">
    <editdetail attribution="Reuters BIP Coding Group" action="confirmed" date="1997-05-28"/>
  </code>
  <code code="I8150206">
    <editdetail attribution="Reuters BIP Coding Group" action="confirmed" date="1997-05-28"/>
  </code>
</codes>
<codes class="bip:topics:1.0">
  <code code="C15">
    <editdetail attribution="Reuters BIP Coding Group" action="confirmed" date="1997-05-28"/>
  </code>
  <code code="C151">
    <editdetail attribution="Reuters BIP Coding Group" action="confirmed" date="1997-05-28"/>
  </code>
  <code code="CCAT">
    <editdetail attribution="Reuters BIP Coding Group" action="confirmed" date="1997-05-28"/>
  </code>
</codes>
<dc element="dc.date.created" value="1997-05-28"/>
<dc element="dc.publisher" value="Reuters Holdings Plc"/>
<dc element="dc.date.published" value="1997-05-28"/>
<dc element="dc.source" value="Reuters"/>
<dc element="dc.creator.location" value="NEW YORK"/>
<dc element="dc.creator.location.country.name" value="USA"/>
<dc element="dc.source" value="Reuters"/>
</metadata>
</newsitem>
