<?xml version="1.0" encoding="iso-8859-1" ?>
<newsitem itemid="619128" id="root" date="1997-05-28" xml:lang="en">
<title>USA: Bayoil wins U.N. appeal to load cancelled cargo.</title>
<headline>Bayoil wins U.N. appeal to load cancelled cargo.</headline>
<dateline>NEW YORK 1997-05-28</dateline>
<text>
<p>U.S. oil trader Bayoil won approval from the United Nations Wednesday to proceed with loading 1.3 million barrels of Iraqi Basrah Light crude, despite Iraqi attempts to cancel the deal, informed sources said.</p>
<p>Bayoil appealed to the overseers of the U.N. &quot;oil-for-food&quot; accord after Iraq's State Oil Marketing Organization (SOMO) cancelled its 1.3 million-barrel cargo of Basrah Light crude oil at the last minute.</p>
<p>SOMO also cancelled a 900,000-barrel cargo for Nippon Oil, which the Japanese company accepted.</p>
<p>SOMO cancelled the cargoes even though they were given the green light by U.N. overseers last Friday, apparently because the U.N. said the cargoes could load but the receipts from its sale would be frozen until it was determined whether they would overshoot the $2.14 billion limit on the deal or until a renewal of the deal can be agreed.</p>
<p>Sources close to the deal said it was not yet clear if Bayoil would be allowed to load the entire 1.3 million barrels.</p>
<p>The source said Bayoil appealled on the grounds that it has a ship already waiting to load the crude.</p>
<p>&quot;The money from the oil sales will be frozen,&quot; said the trader source. If Iraq's oil accord with the U.N. is extended, the Bayoil proceeds will be unfrozen and set against the next oil sales receipt limit, the source said.</p>
<p>U.N. Secretary-General Kofi Annan is expected to submit his recommendation on renewing the deal at the beginning of next week. Once the report is issued to the Security Council its 15 members must decide whether to renew and on what terms.</p>
<p>Iraq's current deal expires on June 7.</p>
<p>Baghad is allowed to sell $2.14 billion of oil from December 10 to June 7, with the proceeds mainly to buy food and medicine for civilians suffering from sanctions imposed after the invasion of Kuwait in 1990.</p>
<p>--Patrick Connole, NY Energy Desk, ((+1 212 859 1828))</p>
</text>
<copyright>(c) Reuters Limited 1997</copyright>
<metadata>
<codes class="bip:countries:1.0">
  <code code="IRAQ">
    <editdetail attribution="Reuters BIP Coding Group" action="confirmed" date="1997-05-28"/>
  </code>
  <code code="UN">
    <editdetail attribution="Reuters BIP Coding Group" action="confirmed" date="1997-05-28"/>
  </code>
  <code code="USA">
    <editdetail attribution="Reuters BIP Coding Group" action="confirmed" date="1997-05-28"/>
  </code>
</codes>
<codes class="bip:industries:1.0">
  <code code="I13000">
    <editdetail attribution="Reuters BIP Coding Group" action="confirmed" date="1997-05-28"/>
  </code>
</codes>
<codes class="bip:topics:1.0">
  <code code="C13">
    <editdetail attribution="Reuters BIP Coding Group" action="confirmed" date="1997-05-28"/>
  </code>
  <code code="C31">
    <editdetail attribution="Reuters BIP Coding Group" action="confirmed" date="1997-05-28"/>
  </code>
  <code code="CCAT">
    <editdetail attribution="Reuters BIP Coding Group" action="confirmed" date="1997-05-28"/>
  </code>
  <code code="E51">
    <editdetail attribution="Reuters BIP Coding Group" action="confirmed" date="1997-05-28"/>
  </code>
  <code code="E512">
    <editdetail attribution="Reuters BIP Coding Group" action="confirmed" date="1997-05-28"/>
  </code>
  <code code="ECAT">
    <editdetail attribution="Reuters BIP Coding Group" action="confirmed" date="1997-05-28"/>
  </code>
  <code code="GCAT">
    <editdetail attribution="Reuters BIP Coding Group" action="confirmed" date="1997-05-28"/>
  </code>
  <code code="GDIP">
    <editdetail attribution="Reuters BIP Coding Group" action="confirmed" date="1997-05-28"/>
  </code>
  <code code="M14">
    <editdetail attribution="Reuters BIP Coding Group" action="confirmed" date="1997-05-28"/>
  </code>
  <code code="M143">
    <editdetail attribution="Reuters BIP Coding Group" action="confirmed" date="1997-05-28"/>
  </code>
  <code code="MCAT">
    <editdetail attribution="Reuters BIP Coding Group" action="confirmed" date="1997-05-28"/>
  </code>
</codes>
<dc element="dc.date.created" value="1997-05-28"/>
<dc element="dc.publisher" value="Reuters Holdings Plc"/>
<dc element="dc.date.published" value="1997-05-28"/>
<dc element="dc.source" value="Reuters"/>
<dc element="dc.creator.location" value="NEW YORK"/>
<dc element="dc.creator.location.country.name" value="USA"/>
<dc element="dc.source" value="Reuters"/>
</metadata>
</newsitem>
