<?xml version="1.0" encoding="iso-8859-1" ?>
<newsitem itemid="619104" id="root" date="1997-05-28" xml:lang="en">
<title>USA: Starbucks to sell Oprah's Book Club selections.</title>
<headline>Starbucks to sell Oprah's Book Club selections.</headline>
<dateline>SEATTLE 1997-05-28</dateline>
<text>
<p>Starbucks Corp. said Wednesday it will begin selling talk show host Oprah Winfrey's monthly book club selection in its 1,100 coffee bars to benefit the chain's new charitable foundation.</p>
<p>Since the popular television star started her on-air book club in September, each monthly selection has soared onto national bestseller lists, selling at least 1 million copies in the succeeding four weeks.</p>
<p>Winfrey will announce her next selection in mid-June, and the book will remain on sale at Starbucks stores into September, covering a summer hiatus for the talk show.</p>
<p>All profits from books sold at Starbucks will be funneled into the Starbucks Foundation and used for local literacy projects in cities where the coffee company has its outlets.</p>
<p>The foundation was launched this year with a donation of $500,000 by Starbucks Chairman and Chief Executive Officer Howard Schultz, who said he expected net profits from Oprah's Book Club to at least match that figure over the next year.</p>
<p>&quot;I am pleased to support Starbucks in its efforts to improve literacy,&quot; Winfrey said in a statement. &quot;One of the greatest pleasures in my life is reading.  I believe books open windows to the world for all of us.&quot;</p>
<p>Schultz said in an interview that book sales were a &quot;natural extension&quot; for Starbucks, which has launched a successful line of music tapes and compact disks. He said he would not rule out the possibility the chain will expand its book sales.</p>
<p>One book that definitely will be offered for sale at the stores is Schultz's own book on Starbucks, which will go on sale Sept. 2.</p>
<p>Profits from the Schultz book, &quot;Pour Your Heart Into It,&quot; also will benefit the foundation.</p>
</text>
<copyright>(c) Reuters Limited 1997</copyright>
<metadata>
<codes class="bip:countries:1.0">
  <code code="USA">
    <editdetail attribution="Reuters BIP Coding Group" action="confirmed" date="1997-05-28"/>
  </code>
</codes>
<codes class="bip:industries:1.0">
  <code code="I42390">
    <editdetail attribution="Reuters BIP Coding Group" action="confirmed" date="1997-05-28"/>
  </code>
</codes>
<codes class="bip:topics:1.0">
  <code code="C21">
    <editdetail attribution="Reuters BIP Coding Group" action="confirmed" date="1997-05-28"/>
  </code>
  <code code="C31">
    <editdetail attribution="Reuters BIP Coding Group" action="confirmed" date="1997-05-28"/>
  </code>
  <code code="CCAT">
    <editdetail attribution="Reuters BIP Coding Group" action="confirmed" date="1997-05-28"/>
  </code>
</codes>
<dc element="dc.date.created" value="1997-05-28"/>
<dc element="dc.publisher" value="Reuters Holdings Plc"/>
<dc element="dc.date.published" value="1997-05-28"/>
<dc element="dc.source" value="Reuters"/>
<dc element="dc.creator.location" value="SEATTLE"/>
<dc element="dc.creator.location.country.name" value="USA"/>
<dc element="dc.source" value="Reuters"/>
</metadata>
</newsitem>
