<?xml version="1.0" encoding="iso-8859-1" ?>
<newsitem itemid="619172" id="root" date="1997-05-28" xml:lang="en">
<title>USA: Uncle B's, Heinz cancel contract.</title>
<headline>Uncle B's, Heinz cancel contract.</headline>
<dateline>ELLSWORTH, Iowa 1997-05-28</dateline>
<text>
<p>Uncle B's Bakery Inc and Heinz Bakery Products have agreed to cancel their existing contract to produce frozen raw dough bagels and to form another partnership, Uncle B's said on Wednesday.</p>
<p>Uncle B's said the cancelation would have an adverse impact on sales and net income for its fiscal third and fourth quarters, with the major sales impact occurring in the fourth quarter.</p>
<p>The move was taken because of problems encountered with ingredients provided by outside suppliers, which hindered Uncle B's ability to deliver the product, the company said.  </p>
<p>Uncle B's in a statement said it believed it should not absorb the additional costs of customer specification changes not contained in its original agreement.</p>
<p>The company could not be reached immediately for further comment.</p>
<p>Under the new strategic partnership agreement, Heinz Bakery Products, part of H.J. Heinz Co, designated Uncle B's as its preferred supplier of par baked and fully baked bagels. The new agreement covers a term of three years with no guaranteed volumes, Uncle B's said.</p>
<p>As a result of the change, Uncle B's said it now expected sales of $20 million to $21 million for its fiscal year ending July 31. Previously, the company estimated fiscal 1997 sales at $24 million to $26 million.</p>
<p>The company reported fiscal 1996 sales of $17.4 million and fiscal 1997 first-half sales of $11.8 million.</p>
<p>Uncle B's produces and markets the Uncle B's and Millspring brands of bagels. The company's products are currently available in 11,000 supermarkets in 43 states.</p>
<p>Shares of Uncle B's were off 3/8 to 1-1/4 late Wednesday afternoon.</p>
<p>((Chicago newsdesk 312 408 8787))</p>
</text>
<copyright>(c) Reuters Limited 1997</copyright>
<metadata>
<codes class="bip:countries:1.0">
  <code code="USA">
    <editdetail attribution="Reuters BIP Coding Group" action="confirmed" date="1997-05-28"/>
  </code>
</codes>
<codes class="bip:industries:1.0">
  <code code="I41000">
    <editdetail attribution="Reuters BIP Coding Group" action="confirmed" date="1997-05-28"/>
  </code>
  <code code="I41900">
    <editdetail attribution="Reuters BIP Coding Group" action="confirmed" date="1997-05-28"/>
  </code>
</codes>
<codes class="bip:topics:1.0">
  <code code="C33">
    <editdetail attribution="Reuters BIP Coding Group" action="confirmed" date="1997-05-28"/>
  </code>
  <code code="CCAT">
    <editdetail attribution="Reuters BIP Coding Group" action="confirmed" date="1997-05-28"/>
  </code>
</codes>
<dc element="dc.date.created" value="1997-05-28"/>
<dc element="dc.publisher" value="Reuters Holdings Plc"/>
<dc element="dc.date.published" value="1997-05-28"/>
<dc element="dc.source" value="Reuters"/>
<dc element="dc.creator.location" value="ELLSWORTH, Iowa"/>
<dc element="dc.creator.location.country.name" value="USA"/>
<dc element="dc.source" value="Reuters"/>
</metadata>
</newsitem>
