<?xml version="1.0" encoding="iso-8859-1" ?>
<newsitem itemid="619107" id="root" date="1997-05-28" xml:lang="en">
<title>USA: Alignis' chiropractic network expands coverage.</title>
<headline>Alignis' chiropractic network expands coverage.</headline>
<dateline>ATLANTA 1997-05-28</dateline>
<text>
<p>Alignis Inc said Wednesday it has three new contracts to provide coverage for chiropractic services to 10 million people.</p>
<p>The company said it signed an agreement with Austin, Texas-based USA Managed Health Care Organization to add Alignis' chiropractic network to USA Managed Health Care's list of providers serving 10 million people nationwide.</p>
<p>Alignis said it has an agreement with Vincam Group Inc to provide chiropractic coverage for the 400,000 workers that Vincam leases to other employers. The coverage is included under Vincam's workers' compensation plan.</p>
<p>Alignis said it signed an agreement with Charlotte, N.C.-based Managed Care USA to provide chiropractic coverage to the 175,000 members of its health and workers compensation insurance plans.</p>
<p>Alignis is a privately owned company that manages a network of chiropractors, podiatrists and acupuncturists in 19 states, it said.</p>
</text>
<copyright>(c) Reuters Limited 1997</copyright>
<metadata>
<codes class="bip:countries:1.0">
  <code code="USA">
    <editdetail attribution="Reuters BIP Coding Group" action="confirmed" date="1997-05-28"/>
  </code>
</codes>
<codes class="bip:industries:1.0">
  <code code="I83954">
    <editdetail attribution="Reuters BIP Coding Group" action="confirmed" date="1997-05-28"/>
  </code>
  <code code="I95100">
    <editdetail attribution="Reuters BIP Coding Group" action="confirmed" date="1997-05-28"/>
  </code>
</codes>
<codes class="bip:topics:1.0">
  <code code="C33">
    <editdetail attribution="Reuters BIP Coding Group" action="confirmed" date="1997-05-28"/>
  </code>
  <code code="CCAT">
    <editdetail attribution="Reuters BIP Coding Group" action="confirmed" date="1997-05-28"/>
  </code>
</codes>
<dc element="dc.date.created" value="1997-05-28"/>
<dc element="dc.publisher" value="Reuters Holdings Plc"/>
<dc element="dc.date.published" value="1997-05-28"/>
<dc element="dc.source" value="Reuters"/>
<dc element="dc.creator.location" value="ATLANTA"/>
<dc element="dc.creator.location.country.name" value="USA"/>
<dc element="dc.source" value="Reuters"/>
</metadata>
</newsitem>
