<?xml version="1.0" encoding="iso-8859-1" ?>
<newsitem itemid="619157" id="root" date="1997-05-28" xml:lang="en">
<title>USA: Sears to open &quot;home environment&quot; departments.</title>
<headline>Sears to open &quot;home environment&quot; departments.</headline>
<dateline>HOFFMAN ESTATES, Ill. 1997-05-28</dateline>
<text>
<p>Sears, Roebuck and Co said Wednesday it will open &quot;home environment&quot; departments in 300 stores this year to tap consumer demand for security systems and air and water treatment products.</p>
<p>Sears said it was seeking to cater to growing demand for household comfort products such as humidifiers and PC-based home security systems.</p>
<p>&quot;In addition to consumer trends, our sales figures and research indicate that many families want to take steps to improve the quality of life in their homes,&quot; said Bill Collins, vice president of Sears home environment center.</p>
<p>The retailer began testing the &quot;home environment&quot; shops last fall. It said sales of water treatment products have risen by double digits, and air clearner product sales have increased by more than 25 percent.</p>
<p>Sears plans to open more of the departments in other stores next year but did not say how many.</p>
<p>-- Reuter Chicago Newsdesk 312-408-8787</p>
</text>
<copyright>(c) Reuters Limited 1997</copyright>
<metadata>
<codes class="bip:countries:1.0">
  <code code="USA">
    <editdetail attribution="Reuters BIP Coding Group" action="confirmed" date="1997-05-28"/>
  </code>
</codes>
<codes class="bip:industries:1.0">
  <code code="I83960">
    <editdetail attribution="Reuters BIP Coding Group" action="confirmed" date="1997-05-28"/>
  </code>
</codes>
<codes class="bip:topics:1.0">
  <code code="C22">
    <editdetail attribution="Reuters BIP Coding Group" action="confirmed" date="1997-05-28"/>
  </code>
  <code code="CCAT">
    <editdetail attribution="Reuters BIP Coding Group" action="confirmed" date="1997-05-28"/>
  </code>
</codes>
<dc element="dc.date.created" value="1997-05-28"/>
<dc element="dc.publisher" value="Reuters Holdings Plc"/>
<dc element="dc.date.published" value="1997-05-28"/>
<dc element="dc.source" value="Reuters"/>
<dc element="dc.creator.location" value="HOFFMAN ESTATES, Ill."/>
<dc element="dc.creator.location.country.name" value="USA"/>
<dc element="dc.source" value="Reuters"/>
</metadata>
</newsitem>
