<?xml version="1.0" encoding="iso-8859-1" ?>
<newsitem itemid="619161" id="root" date="1997-05-28" xml:lang="en">
<title>USA: Furon Co Q1 shr rises to $0.54.</title>
<headline>Furon Co Q1 shr rises to $0.54.</headline>
<dateline>LAGUNA NIGUEL, Calif. 1997-05-28</dateline>
<text>
<p>FURON COMPANY</p>
<p>				FINANCIAL HIGHLIGHTS</p>
<p>FOR THE FIRST QUARTER ENDED MAY 3, 1997 AND MAY 4, 1996</p>
<p>				    (unaudited)</p>
<p>		  (In thousands, except per share amounts)</p>
<p>						    Three months ended</p>
<p>						   May 3,	   May 4,</p>
<p>						    1997	     1996</p>
<p> Net sales				   $ 119,649	$  94,763</p>
<p> Cost of sales				  81,330	   68,266</p>
<p> Gross profit				   38,319	   26,497</p>
<p>Selling, general and</p>
<p>  administrative expense		    28,139	   20,005</p>
<p> Other (income), net			   (410)	  (1,090)</p>
<p> Interest expense				3,049		676</p>
<p> Income before income taxes		  7,541	    6,906</p>
<p> Provision for income taxes		  2,564	    2,348</p>
<p> Net income					4,977	    4,558</p>
<p>Net income per common share &amp; common</p>
<p>  share equivalents			     0.54	     0.50</p>
<p> Cash dividends per common share	    0.06	     0.06</p>
<p>Weighted average number of common</p>
<p>  shares &amp; common share equivalents	9,156	    9,080</p>
</text>
<copyright>(c) Reuters Limited 1997</copyright>
<metadata>
<codes class="bip:countries:1.0">
  <code code="USA">
    <editdetail attribution="Reuters BIP Coding Group" action="confirmed" date="1997-05-28"/>
  </code>
</codes>
<codes class="bip:industries:1.0">
  <code code="I25140">
    <editdetail attribution="Reuters BIP Coding Group" action="confirmed" date="1997-05-28"/>
  </code>
</codes>
<codes class="bip:topics:1.0">
  <code code="C15">
    <editdetail attribution="Reuters BIP Coding Group" action="confirmed" date="1997-05-28"/>
  </code>
  <code code="C151">
    <editdetail attribution="Reuters BIP Coding Group" action="confirmed" date="1997-05-28"/>
  </code>
  <code code="CCAT">
    <editdetail attribution="Reuters BIP Coding Group" action="confirmed" date="1997-05-28"/>
  </code>
</codes>
<dc element="dc.date.created" value="1997-05-28"/>
<dc element="dc.publisher" value="Reuters Holdings Plc"/>
<dc element="dc.date.published" value="1997-05-28"/>
<dc element="dc.source" value="Reuters"/>
<dc element="dc.creator.location" value="LAGUNA NIGUEL, Calif."/>
<dc element="dc.creator.location.country.name" value="USA"/>
<dc element="dc.source" value="Reuters"/>
</metadata>
</newsitem>
