<?xml version="1.0" encoding="iso-8859-1" ?>
<newsitem itemid="619117" id="root" date="1997-05-28" xml:lang="en">
<title>USA: EA Industries says sells Aydin shrs.</title>
<headline>EA Industries says sells Aydin shrs.</headline>
<dateline>WEST LONG BRANCH, N.J. 1997-05-28</dateline>
<text>
<p>EA Industries Inc said Wednesday it sold 500,000 shares of Aydin Corp stock for about $5.4 million to a group of investors.</p>
<p>EA said it sold the stock at $10.75 per share</p>
<p>EA also said it granted an option to the group, which it said was introduced to the company by the chairman of Aydin, on the 96,927 remaining shares of Aydin it holds, to be exercised by October 1 at an price of $10.75 per share.</p>
<p>EA received proceeds of about $3.3 million after paying off loans secured by the Aydin stock.  </p>
<p>The company said it agreed to provide consulting services to Aydin for three years to help it solicit customers internationally and explore strategic joint ventures.</p>
<p>In exchange for the services, EA said it received a warrant to buy 167,524 Aydin shares, half at an exercise price of $12.10 per share and half at $13.20 per share.</p>
<p>EA Industries, through its Tanon Manufacturing Inc subsidiary, is a manufacturing company that focuses on the electronics industry.</p>
</text>
<copyright>(c) Reuters Limited 1997</copyright>
<metadata>
<codes class="bip:countries:1.0">
  <code code="USA">
    <editdetail attribution="Reuters BIP Coding Group" action="confirmed" date="1997-05-28"/>
  </code>
</codes>
<codes class="bip:industries:1.0">
  <code code="I34400">
    <editdetail attribution="Reuters BIP Coding Group" action="confirmed" date="1997-05-28"/>
  </code>
  <code code="I83940">
    <editdetail attribution="Reuters BIP Coding Group" action="confirmed" date="1997-05-28"/>
  </code>
  <code code="I8394007">
    <editdetail attribution="Reuters BIP Coding Group" action="confirmed" date="1997-05-28"/>
  </code>
</codes>
<codes class="bip:topics:1.0">
  <code code="C18">
    <editdetail attribution="Reuters BIP Coding Group" action="confirmed" date="1997-05-28"/>
  </code>
  <code code="C181">
    <editdetail attribution="Reuters BIP Coding Group" action="confirmed" date="1997-05-28"/>
  </code>
  <code code="CCAT">
    <editdetail attribution="Reuters BIP Coding Group" action="confirmed" date="1997-05-28"/>
  </code>
</codes>
<dc element="dc.date.created" value="1997-05-28"/>
<dc element="dc.publisher" value="Reuters Holdings Plc"/>
<dc element="dc.date.published" value="1997-05-28"/>
<dc element="dc.source" value="Reuters"/>
<dc element="dc.creator.location" value="WEST LONG BRANCH, N.J."/>
<dc element="dc.creator.location.country.name" value="USA"/>
<dc element="dc.source" value="Reuters"/>
</metadata>
</newsitem>
