<?xml version="1.0" encoding="iso-8859-1" ?>
<newsitem itemid="619127" id="root" date="1997-05-28" xml:lang="en">
<title>USA: Diversified Corporate Q1 net decreases.</title>
<headline>Diversified Corporate Q1 net decreases.</headline>
<dateline>DALLAS 1997-05-28</dateline>
<text>
<p>1997			1996</p>
<p> Shr			  $0.13		    $0.19</p>
<p> Net			    234			338</p>
<p> Revs			 7,279		    6,214</p>
<p>(All data above 000s except per share numbers)</p>
<p>Net income for the first quarter of 1997 included extraordinary income of $43,000 for the settlement of certain delinquent obligations.</p>
</text>
<copyright>(c) Reuters Limited 1997</copyright>
<metadata>
<codes class="bip:countries:1.0">
  <code code="USA">
    <editdetail attribution="Reuters BIP Coding Group" action="confirmed" date="1997-05-28"/>
  </code>
</codes>
<codes class="bip:topics:1.0">
  <code code="C15">
    <editdetail attribution="Reuters BIP Coding Group" action="confirmed" date="1997-05-28"/>
  </code>
  <code code="C151">
    <editdetail attribution="Reuters BIP Coding Group" action="confirmed" date="1997-05-28"/>
  </code>
  <code code="CCAT">
    <editdetail attribution="Reuters BIP Coding Group" action="confirmed" date="1997-05-28"/>
  </code>
</codes>
<dc element="dc.date.created" value="1997-05-28"/>
<dc element="dc.publisher" value="Reuters Holdings Plc"/>
<dc element="dc.date.published" value="1997-05-28"/>
<dc element="dc.source" value="Reuters"/>
<dc element="dc.creator.location" value="DALLAS"/>
<dc element="dc.creator.location.country.name" value="USA"/>
<dc element="dc.source" value="Reuters"/>
</metadata>
</newsitem>
