<?xml version="1.0" encoding="iso-8859-1" ?>
<newsitem itemid="619155" id="root" date="1997-05-28" xml:lang="en">
<title>USA: U.S. stock index futures end mixed, June S&amp;P lower.</title>
<headline>U.S. stock index futures end mixed, June S&amp;P lower.</headline>
<dateline>CHICAGO 1997-05-28</dateline>
<text>
<p>U.S. stock index futures ended a choppy session mixed as June Standard and Poor's 500 futures registered minor losses.</p>
<p>June S&amp;Ps posted an inside day on daily bar charts, a technical formation that traders said shows the market was pausing after two days of record highs.</p>
<p>Traders said S&amp;P 500 action appeared &quot;toppy&quot; and said the market lacked follow-through on both rallies and downdrafts Wednesday. June S&amp;Ps opened weak, turned higher before midday, but failed to challenge 854.00 resistance and the 854.70 all-time high set Tuesday.  </p>
<p>June set the session low of 844.60 after Treasury bond futures closed, but support at 843.00 and Tuesday's low of 842.60 held.</p>
<p>S&amp;P 500 futures players had been closely watching T-bonds all session and locals were quick to sell when June T-bonds cut gains and closed below 108-30/32, traders said.</p>
<p>But in the last half hour of trade, June S&amp;Ps cut losses slightly to end near the middle of the day's range.</p>
<p>&quot;It did seem like people were taking a break,&quot; one S&amp;P 500 futures source said. &quot;It was mostly local trade all day, but it picked up a little into the close,&quot; he said.  </p>
<p>On Thursday, the latest weekly jobless claims, New York purchasing managers data and the April help-wanted index will be released.</p>
<p>Traders said stock indices gleaned little direction from Wednesday's economic events. Treasury auctioned $16.5 billion in two-year notes at 6.328 percent. The bid-to-cover ratio was 2.43 and non-competitive bids totalled $1.41 billion.</p>
<p>Before stocks opened, U.S. April durable goods were reported up 1.4 percent overall and up 0.6 percent excluding defense.  </p>
<p>At the close, June S&amp;P 500s were down 0.80 point at 850.55, Nasdaq 100 fell 1.75 to 985.00, NYSE Composites were down 0.20 at 441.30, KCBT Value Lines rose 2.00 to 753.40, Nikkeis were up 450 at 20,345, Midcap 400s were up 1.00 at 277.80, and Russell 2000s were up 2.55 at 379.90. ((Derivatives desk 312-408-8750))</p>
<p>E-mail derivatives@reuters.com</p>
</text>
<copyright>(c) Reuters Limited 1997</copyright>
<metadata>
<codes class="bip:countries:1.0">
  <code code="USA">
    <editdetail attribution="Reuters BIP Coding Group" action="confirmed" date="1997-05-28"/>
  </code>
</codes>
<codes class="bip:topics:1.0">
  <code code="M11">
    <editdetail attribution="Reuters BIP Coding Group" action="confirmed" date="1997-05-28"/>
  </code>
  <code code="MCAT">
    <editdetail attribution="Reuters BIP Coding Group" action="confirmed" date="1997-05-28"/>
  </code>
</codes>
<dc element="dc.date.created" value="1997-05-28"/>
<dc element="dc.publisher" value="Reuters Holdings Plc"/>
<dc element="dc.date.published" value="1997-05-28"/>
<dc element="dc.source" value="Reuters"/>
<dc element="dc.creator.location" value="CHICAGO"/>
<dc element="dc.creator.location.country.name" value="USA"/>
<dc element="dc.source" value="Reuters"/>
</metadata>
</newsitem>
