<?xml version="1.0" encoding="iso-8859-1" ?>
<newsitem itemid="619112" id="root" date="1997-05-28" xml:lang="en">
<title>USA: MGIC Investment authorizes share buyback.</title>
<headline>MGIC Investment authorizes share buyback.</headline>
<dateline>MILWAUKEE 1997-05-28</dateline>
<text>
<p>MGIC Investment Corp said Wednesday its board of directors authorized the repurchase of of up $250 million in shares of the company's outstanding common stock.</p>
<p>MGIC said it expects to fund the repurchase program through a bank loan facility and operating cash flow. It received a commitment letter from a bank for up to $250 million to be used for the repurchase program and general corporate purposes.  </p>
<p>MGIC said management is authorized to repurchase shares from time to time in open-market transactions or in privately negotiated transactions. The timing of repurchases and the number of shares repurchased will depend on market conditions and corporate requirements.</p>
<p>The repurchased shares will be available for general corporate purposes, the company said.</p>
<p>MGIC Investment Corp is the parent corporation of Mortgage Guaranty Insurance Corporation (MGIC).</p>
<p>((--Chicago newsdesk, 312-408-8787))</p>
</text>
<copyright>(c) Reuters Limited 1997</copyright>
<metadata>
<codes class="bip:countries:1.0">
  <code code="USA">
    <editdetail attribution="Reuters BIP Coding Group" action="confirmed" date="1997-05-28"/>
  </code>
</codes>
<codes class="bip:industries:1.0">
  <code code="I82003">
    <editdetail attribution="Reuters BIP Coding Group" action="confirmed" date="1997-05-28"/>
  </code>
</codes>
<codes class="bip:topics:1.0">
  <code code="C17">
    <editdetail attribution="Reuters BIP Coding Group" action="confirmed" date="1997-05-28"/>
  </code>
  <code code="C171">
    <editdetail attribution="Reuters BIP Coding Group" action="confirmed" date="1997-05-28"/>
  </code>
  <code code="C18">
    <editdetail attribution="Reuters BIP Coding Group" action="confirmed" date="1997-05-28"/>
  </code>
  <code code="C181">
    <editdetail attribution="Reuters BIP Coding Group" action="confirmed" date="1997-05-28"/>
  </code>
  <code code="CCAT">
    <editdetail attribution="Reuters BIP Coding Group" action="confirmed" date="1997-05-28"/>
  </code>
</codes>
<dc element="dc.date.created" value="1997-05-28"/>
<dc element="dc.publisher" value="Reuters Holdings Plc"/>
<dc element="dc.date.published" value="1997-05-28"/>
<dc element="dc.source" value="Reuters"/>
<dc element="dc.creator.location" value="MILWAUKEE"/>
<dc element="dc.creator.location.country.name" value="USA"/>
<dc element="dc.source" value="Reuters"/>
</metadata>
</newsitem>
