<?xml version="1.0" encoding="iso-8859-1" ?>
<newsitem itemid="619167" id="root" date="1997-05-28" xml:lang="en">
<title>USA: Rankin names CFO, senior vice president.</title>
<headline>Rankin names CFO, senior vice president.</headline>
<dateline>ALEXANDRIA, La. 1997-05-28</dateline>
<text>
<p>Rankin Automotive Group Inc said Wednesday it has named Deborah Eddlemon senior vice president of finance and administration.</p>
<p>She will also serve as the company's chief financial officer, the company said.</p>
<p>Rankin said it also appointed Murray Sullivan as senior vice president.</p>
<p>Eddlemon had been a partner in a Louisiana public accounting firm and chief financial officer for a group of 14 private companies, the company said.</p>
<p>Sullivan had been a division vice president for sales and marketing for APS' Installer Service Warehouse, the company said.</p>
</text>
<copyright>(c) Reuters Limited 1997</copyright>
<metadata>
<codes class="bip:countries:1.0">
  <code code="USA">
    <editdetail attribution="Reuters BIP Coding Group" action="confirmed" date="1997-05-28"/>
  </code>
</codes>
<codes class="bip:industries:1.0">
  <code code="I65400">
    <editdetail attribution="Reuters BIP Coding Group" action="confirmed" date="1997-05-28"/>
  </code>
</codes>
<codes class="bip:topics:1.0">
  <code code="C41">
    <editdetail attribution="Reuters BIP Coding Group" action="confirmed" date="1997-05-28"/>
  </code>
  <code code="C411">
    <editdetail attribution="Reuters BIP Coding Group" action="confirmed" date="1997-05-28"/>
  </code>
  <code code="CCAT">
    <editdetail attribution="Reuters BIP Coding Group" action="confirmed" date="1997-05-28"/>
  </code>
</codes>
<dc element="dc.date.created" value="1997-05-28"/>
<dc element="dc.publisher" value="Reuters Holdings Plc"/>
<dc element="dc.date.published" value="1997-05-28"/>
<dc element="dc.source" value="Reuters"/>
<dc element="dc.creator.location" value="ALEXANDRIA, La."/>
<dc element="dc.creator.location.country.name" value="USA"/>
<dc element="dc.source" value="Reuters"/>
</metadata>
</newsitem>
