<?xml version="1.0" encoding="iso-8859-1" ?>
<newsitem itemid="619183" id="root" date="1997-05-28" xml:lang="en">
<title>USA: US CORPORATE BONDS - Prices firm but volume low.</title>
<headline>US CORPORATE BONDS - Prices firm but volume low.</headline>
<dateline>NEW YORK 1997-05-28</dateline>
<text>
<p>U.S corporate bond prices firmed on the back of a stronger Treasury market on Wednesday, but trading activity remained low, traders said.</p>
<p>&quot;Spreads were unchanged to tighter in most issues,&quot; said one investment-grade corporate bond trader. He added, &quot;But volume has been low since the (Memorial Day) holiday.&quot;</p>
<p>Junk bond traders reported similar market conditions with prices firmer by 1/8 to 1/4 of a point on sluggish trading.</p>
<p>In the primary market, corporations sold over $1 billion in new investment-grade corporate bonds and capital securities.  </p>
<p>Zurich Insurance Co sold $1 billion in 40-year capital secuities, non-callable for 10 years, via Goldman Sachs &amp; Co.</p>
<p>The securities, rated AA2/AA, were priced at a spread of 133 basis points over comparable Treasuries, yielding 8.376 percent. Traders called that yield &quot;attractive&quot; and noted the deal was increased from an original size of $750 million to meet strong investor demand.</p>
<p>Banks and insurers are expected to issue a large number of these securities in the next few weeks before Congress considers whether to abolish their tax-advantaged status.  </p>
<p>Market players said despite the looming new supply, prices in the capital securities in the secondary market have remained firm.</p>
<p>Elsewhere, Hilton Hotels Corp sold $300 million in five-year notes at a spread of 85 basis points over comparable Treasuries via Donaldson Lufkin &amp; Jenrette Securities Corp.</p>
<p>The deal came roughly two months after Hilton sold $375 million in 10-year debt at a 110 basis point spread.</p>
<p>Both bonds, rated Baa1/BBB-plus, have coupon step-up features that protect investors if their rating are downgraded due to a large acquisition in the next three years.  </p>
<p>Since January, Hilton has mounted a hostile bid to acquire ITT Corp.</p>
<p>Also on Wednesday, Union Tank Car sold $150 million in 12-year notes to yield 7.45 percent via Salomon Brothers Inc.</p>
<p>FINOVA Capital Corp, a unit of FINOVA Group Inc, sold $100 million in 10-year notes to yield 7.438 percent via Citicorp Securities Inc.</p>
<p>Elsewhere, bonds of wireless cable companies such as Peoples Choice TV, rose on rumors that PacTel, now a subsidiary of SBC Communications was going ahead with its plan to build a wireless cable system in California.  </p>
<p>Wireless cable bonds, which have been trading at distressed levels for several months, dropped five to 10 points last week on speculation that PacTel would no longer go ahead with the project following its merger with SBC, market sources said.</p>
<p>Peoples Choice bonds rose three points to 35-37 on Wednesday, a trader said.</p>
<p>&quot;This is a very speculative sector. If (today's) rumors are true, it suggests that Southwest Bell feels that there is value for this spectrum,&quot; said Oren Cohen, high-yield cable and media analyst for Bear Stearns Inc.</p>
<p>Calls to a PacTel spokesman were not returned.</p>
<p>In the broader markets, the Dow Jones industrial average dropped 26.18 points to end the day at 7357.23 on worries about the outlook for long-term interest rates.</p>
<p>But Treasury prices ended the day largely unchanged as a mediocre two-year note auction cancelled out gains from a positive durable goods report.</p>
<p>The yield on the 30-year bond closed at 7.03 percent, unchanged from Tuesday's closing level.</p>
<p>-Douglas Brown, 212-859-1662</p>
</text>
<copyright>(c) Reuters Limited 1997</copyright>
<metadata>
<codes class="bip:countries:1.0">
  <code code="USA">
    <editdetail attribution="Reuters BIP Coding Group" action="confirmed" date="1997-05-28"/>
  </code>
</codes>
<codes class="bip:topics:1.0">
  <code code="M12">
    <editdetail attribution="Reuters BIP Coding Group" action="confirmed" date="1997-05-28"/>
  </code>
  <code code="MCAT">
    <editdetail attribution="Reuters BIP Coding Group" action="confirmed" date="1997-05-28"/>
  </code>
</codes>
<dc element="dc.date.created" value="1997-05-28"/>
<dc element="dc.publisher" value="Reuters Holdings Plc"/>
<dc element="dc.date.published" value="1997-05-28"/>
<dc element="dc.source" value="Reuters"/>
<dc element="dc.creator.location" value="NEW YORK"/>
<dc element="dc.creator.location.country.name" value="USA"/>
<dc element="dc.source" value="Reuters"/>
</metadata>
</newsitem>
