<?xml version="1.0" encoding="iso-8859-1" ?>
<newsitem itemid="619134" id="root" date="1997-05-28" xml:lang="en">
<title>USA: Vion says gets patent for HIV treatment.</title>
<headline>Vion says gets patent for HIV treatment.</headline>
<dateline>NEW HAVEN, Conn. 1997-05-28</dateline>
<text>
<p>Vion Pharmaceuticals Inc said Wednesday that the U.S. Patent and Trademark Office issued a patent covering the method of use of B-L-Fd4C, the company's novel L-2', 3'-didehydro-dideoxy-5-fluorocytidine nucleoside analog, against HIV.</p>
<p>The company said this patent complements an earlier one issued relating to the composition of matter and method of use against the Hepatitis B Virus.</p>
<p>The company said it now has exclusive worldwide rights to the two patents covering the composition and use of B-L-Fd4C for HBV and HIV.</p>
</text>
<copyright>(c) Reuters Limited 1997</copyright>
<metadata>
<codes class="bip:countries:1.0">
  <code code="USA">
    <editdetail attribution="Reuters BIP Coding Group" action="confirmed" date="1997-05-28"/>
  </code>
</codes>
<codes class="bip:topics:1.0">
  <code code="C13">
    <editdetail attribution="Reuters BIP Coding Group" action="confirmed" date="1997-05-28"/>
  </code>
  <code code="CCAT">
    <editdetail attribution="Reuters BIP Coding Group" action="confirmed" date="1997-05-28"/>
  </code>
</codes>
<dc element="dc.date.created" value="1997-05-28"/>
<dc element="dc.publisher" value="Reuters Holdings Plc"/>
<dc element="dc.date.published" value="1997-05-28"/>
<dc element="dc.source" value="Reuters"/>
<dc element="dc.creator.location" value="NEW HAVEN, Conn."/>
<dc element="dc.creator.location.country.name" value="USA"/>
<dc element="dc.source" value="Reuters"/>
</metadata>
</newsitem>
