<?xml version="1.0" encoding="iso-8859-1" ?>
<newsitem itemid="619196" id="root" date="1997-05-28" xml:lang="en">
<title>USA: Mestek declines comment on share activity.</title>
<headline>Mestek declines comment on share activity.</headline>
<dateline>NEW YORK 1997-05-28</dateline>
<text>
<p>The New York Stock Exchange said Wednesday Mestek Inc has declined to comment on whether there are corporate developments that may explain the unusual market activity in its stock.</p>
<p>In late afternoon trading, the stock was up 2-1/8 to 19-5/8 on turnover of 20,000 shares.</p>
<p>In view of the unusual activity in Mestek's stock, the Big Board said, it contacted the company and requested a public statement indicating whether there are any corporate developments which may explain the activitiy.</p>
<p>&quot;The company stated that its policy is not to comment on unusual market activity or rumors,&quot; the NYSE said.</p>
<p>((-- New York Newsdesk 212-859-1610.))</p>
</text>
<copyright>(c) Reuters Limited 1997</copyright>
<metadata>
<codes class="bip:countries:1.0">
  <code code="USA">
    <editdetail attribution="Reuters BIP Coding Group" action="confirmed" date="1997-05-28"/>
  </code>
</codes>
<codes class="bip:industries:1.0">
  <code code="I32840">
    <editdetail attribution="Reuters BIP Coding Group" action="confirmed" date="1997-05-28"/>
  </code>
</codes>
<codes class="bip:topics:1.0">
  <code code="C15">
    <editdetail attribution="Reuters BIP Coding Group" action="confirmed" date="1997-05-28"/>
  </code>
  <code code="C152">
    <editdetail attribution="Reuters BIP Coding Group" action="confirmed" date="1997-05-28"/>
  </code>
  <code code="CCAT">
    <editdetail attribution="Reuters BIP Coding Group" action="confirmed" date="1997-05-28"/>
  </code>
</codes>
<dc element="dc.date.created" value="1997-05-28"/>
<dc element="dc.publisher" value="Reuters Holdings Plc"/>
<dc element="dc.date.published" value="1997-05-28"/>
<dc element="dc.source" value="Reuters"/>
<dc element="dc.creator.location" value="NEW YORK"/>
<dc element="dc.creator.location.country.name" value="USA"/>
<dc element="dc.source" value="Reuters"/>
</metadata>
</newsitem>
