<?xml version="1.0" encoding="iso-8859-1" ?>
<newsitem itemid="619158" id="root" date="1997-05-28" xml:lang="en">
<title>USA: Michaels Stores Inc Q1 net rises.</title>
<headline>Michaels Stores Inc Q1 net rises.</headline>
<dateline>IRVING, Texas 1997-05-28</dateline>
<text>
<p>1997	     1996</p>
<p>    Net Sales			  $321,318	   $301,875</p>
<p>Cost of sales and occupancy</p>
<p>     expense			    220,128	    205,067</p>
<p>    SG&amp;A expense			 91,884	     88,970</p>
<p>    Operating income		    9,306		7,838</p>
<p>    Interest expense		    5,742		3,710</p>
<p>    Other (income) and expense, net (1,549)	    (267)</p>
<p>    Income before income taxes	5,113		4,395</p>
<p>    Provision for income taxes	1,943		1,670</p>
<p>    Net income			   $3,170	     $2,725</p>
<p>    Earnings per common share	 $0.12		$0.12</p>
<p>Weighted average shares</p>
<p>     outstanding			 26,303	     22,459</p>
<p>(In thousands except per share data)</p>
<p>((New York Newsdesk 212 859 1610))</p>
</text>
<copyright>(c) Reuters Limited 1997</copyright>
<metadata>
<codes class="bip:countries:1.0">
  <code code="USA">
    <editdetail attribution="Reuters BIP Coding Group" action="confirmed" date="1997-05-28"/>
  </code>
</codes>
<codes class="bip:industries:1.0">
  <code code="I65400">
    <editdetail attribution="Reuters BIP Coding Group" action="confirmed" date="1997-05-28"/>
  </code>
</codes>
<codes class="bip:topics:1.0">
  <code code="C15">
    <editdetail attribution="Reuters BIP Coding Group" action="confirmed" date="1997-05-28"/>
  </code>
  <code code="C151">
    <editdetail attribution="Reuters BIP Coding Group" action="confirmed" date="1997-05-28"/>
  </code>
  <code code="CCAT">
    <editdetail attribution="Reuters BIP Coding Group" action="confirmed" date="1997-05-28"/>
  </code>
</codes>
<dc element="dc.date.created" value="1997-05-28"/>
<dc element="dc.publisher" value="Reuters Holdings Plc"/>
<dc element="dc.date.published" value="1997-05-28"/>
<dc element="dc.source" value="Reuters"/>
<dc element="dc.creator.location" value="IRVING, Texas"/>
<dc element="dc.creator.location.country.name" value="USA"/>
<dc element="dc.source" value="Reuters"/>
</metadata>
</newsitem>
