<?xml version="1.0" encoding="iso-8859-1" ?>
<newsitem itemid="619165" id="root" date="1997-05-28" xml:lang="en">
<title>USA: NY-NJ Port Authority sets $100 mln bond sale in Q2.</title>
<headline>NY-NJ Port Authority sets $100 mln bond sale in Q2.</headline>
<dateline>NEW YORK 1997-05-28</dateline>
<text>
<p>The Port Authority of New York and New Jersey plans to sell about $100 million of consolidated bonds towards the end of the second quarter, its chief financial officer said on Wednesday.</p>
<p>Charles McClafferty also said, &quot;We expect that at the end of the third quarter, the beginning of the fourth quarter, we'll be selling approximately another $300 million in bonds for new money and to refund our commercial paper obligations.&quot;</p>
<p>The chief financial officer made the remarks during an interview with Reuters Financial Television, parts of which were scheduled to be shown on Thursday.  </p>
<p>Further, the Port Authority, which plans to break ground this autumn on a project to allow passengers to travel by rail to and from John F. Kennedy International Airport in Queens County, New York City, expects to sell bonds to help finance the $1.2 billion rail link after it gets going.</p>
<p>&quot;It is likely that we will be issuing some sort of bonds backed by passenger facility charges in 1998 or 1999 because we'll be spending the money faster than we can collect it,&quot; McClafferty said.  </p>
<p>He said the Port Authority wanted to use pay-as-you-go financing as much as possible, and the $3 charge per passenger, which will generate from $60 million to $70 million a year from New York City's two airports, will not provide enough money quickly enough.</p>
<p>The Port Authority has yet to decide how much new debt it might need to sell for the rail link. &quot;It's really too premature to tell. It depends upon the timing and project payments,&quot; McClafferty said.</p>
<p>Rail-link proposals submitted by a handful of companies are now being reviewed.</p>
<p>The Port Authority official was confident the system would go ahead. &quot;I see no reason why that project won't go forward successfully,&quot; McClafferty said.</p>
<p>Asked about concerns that the Kennedy airport rail link might be stalled by other proposals, like one for a rail link for LaGuardia Airport, McClafferty replied: &quot;I'm not saying every political obstacle has been cleared out of the way.&quot;</p>
<p>While the Port Authority at present has no plans for a rail link for LaGuardia, it is working on a high-speed ferry system for that airport.</p>
<p>((--Joan Gralla, 212-859-1654))</p>
</text>
<copyright>(c) Reuters Limited 1997</copyright>
<metadata>
<codes class="bip:countries:1.0">
  <code code="USA">
    <editdetail attribution="Reuters BIP Coding Group" action="confirmed" date="1997-05-28"/>
  </code>
</codes>
<codes class="bip:industries:1.0">
  <code code="I76300">
    <editdetail attribution="Reuters BIP Coding Group" action="confirmed" date="1997-05-28"/>
  </code>
</codes>
<codes class="bip:topics:1.0">
  <code code="C17">
    <editdetail attribution="Reuters BIP Coding Group" action="confirmed" date="1997-05-28"/>
  </code>
  <code code="C172">
    <editdetail attribution="Reuters BIP Coding Group" action="confirmed" date="1997-05-28"/>
  </code>
  <code code="CCAT">
    <editdetail attribution="Reuters BIP Coding Group" action="confirmed" date="1997-05-28"/>
  </code>
</codes>
<dc element="dc.date.created" value="1997-05-28"/>
<dc element="dc.publisher" value="Reuters Holdings Plc"/>
<dc element="dc.date.published" value="1997-05-28"/>
<dc element="dc.source" value="Reuters"/>
<dc element="dc.creator.location" value="NEW YORK"/>
<dc element="dc.creator.location.country.name" value="USA"/>
<dc element="dc.source" value="Reuters"/>
</metadata>
</newsitem>
