<?xml version="1.0" encoding="iso-8859-1" ?>
<newsitem itemid="619111" id="root" date="1997-05-28" xml:lang="en">
<title>USA: Hearst names publisher for &quot;Popular Mechanics&quot;.</title>
<headline>Hearst names publisher for &quot;Popular Mechanics&quot;.</headline>
<dateline>NEW YORK 1997-05-28</dateline>
<text>
<p>Hearst Magazines said Wednesday it named Jay McGill publisher of its &quot;Popular Mechanics&quot; magazine, succeeding Robert Dillingham, who will retire on June 20.</p>
<p>Earlier this week, Hearst Magazines promoted McGill to the newly-created position of publishing director, overseeing Popular Mechanics as well as &quot;Sports Afield&quot; and &quot;Motor Boating &amp; Sailing,&quot; although he will not serve as publisher for the latter two.</p>
<p>Hearst Magazines, a division of the privately-held Hearst Corp, publishes monthly magazines, with distribution in more than 100 countries.</p>
</text>
<copyright>(c) Reuters Limited 1997</copyright>
<metadata>
<codes class="bip:countries:1.0">
  <code code="USA">
    <editdetail attribution="Reuters BIP Coding Group" action="confirmed" date="1997-05-28"/>
  </code>
</codes>
<codes class="bip:industries:1.0">
  <code code="I47500">
    <editdetail attribution="Reuters BIP Coding Group" action="confirmed" date="1997-05-28"/>
  </code>
</codes>
<codes class="bip:topics:1.0">
  <code code="C41">
    <editdetail attribution="Reuters BIP Coding Group" action="confirmed" date="1997-05-28"/>
  </code>
  <code code="C411">
    <editdetail attribution="Reuters BIP Coding Group" action="confirmed" date="1997-05-28"/>
  </code>
  <code code="CCAT">
    <editdetail attribution="Reuters BIP Coding Group" action="confirmed" date="1997-05-28"/>
  </code>
</codes>
<dc element="dc.date.created" value="1997-05-28"/>
<dc element="dc.publisher" value="Reuters Holdings Plc"/>
<dc element="dc.date.published" value="1997-05-28"/>
<dc element="dc.source" value="Reuters"/>
<dc element="dc.creator.location" value="NEW YORK"/>
<dc element="dc.creator.location.country.name" value="USA"/>
<dc element="dc.source" value="Reuters"/>
</metadata>
</newsitem>
