<?xml version="1.0" encoding="iso-8859-1" ?>
<newsitem itemid="619181" id="root" date="1997-05-28" xml:lang="en">
<title>USA: NeoPharm says it can't explain stock volume.</title>
<headline>NeoPharm says it can't explain stock volume.</headline>
<dateline>LAKE FOREST, Ill. 1997-05-28</dateline>
<text>
<p>NeoPharm Inc said Wednesday it was unaware of any events that would account for heavy trading volume in its shares in recent days.  </p>
<p>NeoPharm Chief Financial Officer David Riggs said &quot;it was business as usual&quot; at the company's operations, according to a statement released by NeoPharm.</p>
<p>The bio-pharmaceutical company said volume in its stock had increased to more than 125,000 shares on both Wednesday and Tuesday, May 27, from average trading volume of 5,000 to 10,000 shares.</p>
<p>	    -- Reuter Chicago Newsdesk 312-408-8787</p>
</text>
<copyright>(c) Reuters Limited 1997</copyright>
<metadata>
<codes class="bip:countries:1.0">
  <code code="USA">
    <editdetail attribution="Reuters BIP Coding Group" action="confirmed" date="1997-05-28"/>
  </code>
</codes>
<codes class="bip:topics:1.0">
  <code code="C15">
    <editdetail attribution="Reuters BIP Coding Group" action="confirmed" date="1997-05-28"/>
  </code>
  <code code="C152">
    <editdetail attribution="Reuters BIP Coding Group" action="confirmed" date="1997-05-28"/>
  </code>
  <code code="CCAT">
    <editdetail attribution="Reuters BIP Coding Group" action="confirmed" date="1997-05-28"/>
  </code>
</codes>
<dc element="dc.date.created" value="1997-05-28"/>
<dc element="dc.publisher" value="Reuters Holdings Plc"/>
<dc element="dc.date.published" value="1997-05-28"/>
<dc element="dc.source" value="Reuters"/>
<dc element="dc.creator.location" value="LAKE FOREST, Ill."/>
<dc element="dc.creator.location.country.name" value="USA"/>
<dc element="dc.source" value="Reuters"/>
</metadata>
</newsitem>
