<?xml version="1.0" encoding="iso-8859-1" ?>
<newsitem itemid="619138" id="root" date="1997-05-28" xml:lang="en">
<title>USA: CSCE cocoa ends higher, turnover remains light.</title>
<headline>CSCE cocoa ends higher, turnover remains light.</headline>
<dateline>NEW YORK 1997-05-28</dateline>
<text>
<p>CSCE cocoa futures ended moderately higher in light dealings on Wednesday, bolstered  by technically inspired speculative and local short-covering, traders said.</p>
<p>The benchmark July contract rose $14 a tonne on the day, to close at $1,466, after trading from $1,469 to $1,445. Second-month September ended $15 higher, at $1,496, while the back months gained $16 to $17.</p>
<p>Cocoa prices took a downturn at the outset, pressured by commission house long liquidation, dealers said. Traders said the ring joined in on the selling in an attempt to find sell-stops below near-term support at $1,444 basis July.</p>
<p>But scale-down commercial buying limited losses and rebuffed the test of support, prompting locals to cover their short positions.</p>
<p>Upward momentum picked up after July broke through through $1,460-$1,462, triggering light buy-stops.</p>
<p>On the charts, traders pegged July resistance at $1,471-$1,473. On the downside, support was still seen at $1,444.</p>
<p>Otherwise, activity was uneventful, with July cocoa remaining well within its longtime $1,400-$1,500 range. Traders said a lack of significant news was likely to keep prices trading sideways until a clearer picture of the 1997/98 crop emerges.</p>
<p>&quot;We are just waiting to see how things develop,&quot; said one trader. &quot;We may have to wait until August before anyone puts a number on next year's crop.&quot;</p>
<p>Turnover reached an estimated 5,580 lots.</p>
<p>((--Patricia Avidan, New York Commodity Desk +1 212 859 1640))</p>
</text>
<copyright>(c) Reuters Limited 1997</copyright>
<metadata>
<codes class="bip:countries:1.0">
  <code code="USA">
    <editdetail attribution="Reuters BIP Coding Group" action="confirmed" date="1997-05-28"/>
  </code>
</codes>
<codes class="bip:topics:1.0">
  <code code="M14">
    <editdetail attribution="Reuters BIP Coding Group" action="confirmed" date="1997-05-28"/>
  </code>
  <code code="M141">
    <editdetail attribution="Reuters BIP Coding Group" action="confirmed" date="1997-05-28"/>
  </code>
  <code code="MCAT">
    <editdetail attribution="Reuters BIP Coding Group" action="confirmed" date="1997-05-28"/>
  </code>
</codes>
<dc element="dc.date.created" value="1997-05-28"/>
<dc element="dc.publisher" value="Reuters Holdings Plc"/>
<dc element="dc.date.published" value="1997-05-28"/>
<dc element="dc.source" value="Reuters"/>
<dc element="dc.creator.location" value="NEW YORK"/>
<dc element="dc.creator.location.country.name" value="USA"/>
<dc element="dc.source" value="Reuters"/>
</metadata>
</newsitem>
