<?xml version="1.0" encoding="iso-8859-1" ?>
<newsitem itemid="619175" id="root" date="1997-05-28" xml:lang="en">
<title>USA: CSCE coffee rallies sharply, July at 20-year high.</title>
<headline>CSCE coffee rallies sharply, July at 20-year high.</headline>
<dateline>NEW YORK 1997-05-28</dateline>
<text>
<p>CSCE coffee futures spiked up for the second day in a row on Wednesday, with the benchmark July contract surging to a new 20-year high, as ongoing worries about the supply of quality arabica beans fueled a speculative buying frenzy, market sources said.</p>
<p>&quot;This market is like a freight train, don't get in front of it,&quot; said Victor Henriquez, president of Miami-based Hencorp-Becstone. &quot;No one wants to be short.&quot;</p>
<p>July arabicas shot up to a new life-of-contract high of 297.00 cents per lb, the highest price since September 1977, before closing at 295.55 cents, up a hefty 21.25 cents -- or nearly eight percent -- on the day.</p>
<p>Second-position September closed 19.20 cents higher, at 256.70 cents, while the back months rose 6.00 to 12.60.</p>
<p>Coffee prices headed higher at the outset, defying pre-opening expectations, as speculators followed through on Tuesday's buying spree. Traders said weather forecasts calling for below normal temperatures later this week in top-producer Brazil also prompted buying.</p>
<p>Although weather forecasters said temperatures in Brazil's coffee belt are not expected to drop low enough to cause damage to coffee trees, traders said any signs of cool weather at a time when inventories in consuming and producing countries hover near 20-year lows will spark panicky buying.</p>
<p>Two severe frosts in 1994, one in June and another in July, damaged more than half of Brazil's coffee trees and sent world prices reeling higher.</p>
<p>&quot;There was no change or nothing new,&quot; said Smith Barney analyst Walt Spilka. &quot;The fundamentals are the same, they just become more bullish because of the coming winter in Brazil.</p>
<p>&quot;There's no sign of cold weather in Brazil, so I tend to think it's just a speculative frenzy,&quot; he added.</p>
<p>The two-day speculative buying frenzy has driven the July contract up 38.70 cents -- or 15 percent -- since Friday's close.</p>
<p>Traders said the recent rally has been exaggerated by a lack of selling, with many Latin American producers believed to be well sold ahead of their 1997/98 harvest this autumn.</p>
<p>&quot;The biggest problem is that there is no selling from origin,&quot; Hencorp-Becstone's Henriquez. &quot;Nearly every bean from origin has been sold.&quot;</p>
<p>New York arabica futures have staged a stunning rally since the end of last year -- with prices rising more than 150 percent -- on supply concerns.</p>
<p>Forecasts for smaller-than-expected crops in many Latin American countries, labor unrest in Colombia and Brazil and projections for a smaller crop in top-grower Brazil in the coming 1997/98 season have heightened supply worries.</p>
<p>But as prices continue to climb, roasters have been forced to pass higher costs to consumers. Some operators fear some coffee drinkers may soon shun the higher-priced brew and opt for other beverages.</p>
<p>On Wednesday, Starbucks Corp. said it planned to raise prices for the second time on its coffee prices to reflect the higher cost of coffee beans worldwide.</p>
<p>The Seattle-based retailer and roaster said most coffee beverage prices will increase by $0.05 to $0.10 per cup, while the price of whole beans will increase by $0.40 per pound, effective on Friday.</p>
<p>Volume reached an estimated 14,131 lots.</p>
<p>((--Patricia Avidan, New York Commodity Desk 212 859 1640))</p>
</text>
<copyright>(c) Reuters Limited 1997</copyright>
<metadata>
<codes class="bip:countries:1.0">
  <code code="USA">
    <editdetail attribution="Reuters BIP Coding Group" action="confirmed" date="1997-05-28"/>
  </code>
</codes>
<codes class="bip:topics:1.0">
  <code code="M14">
    <editdetail attribution="Reuters BIP Coding Group" action="confirmed" date="1997-05-28"/>
  </code>
  <code code="M141">
    <editdetail attribution="Reuters BIP Coding Group" action="confirmed" date="1997-05-28"/>
  </code>
  <code code="MCAT">
    <editdetail attribution="Reuters BIP Coding Group" action="confirmed" date="1997-05-28"/>
  </code>
</codes>
<dc element="dc.date.created" value="1997-05-28"/>
<dc element="dc.publisher" value="Reuters Holdings Plc"/>
<dc element="dc.date.published" value="1997-05-28"/>
<dc element="dc.source" value="Reuters"/>
<dc element="dc.creator.location" value="NEW YORK"/>
<dc element="dc.creator.location.country.name" value="USA"/>
<dc element="dc.source" value="Reuters"/>
</metadata>
</newsitem>
