<?xml version="1.0" encoding="iso-8859-1" ?>
<newsitem itemid="619170" id="root" date="1997-05-28" xml:lang="en">
<title>USA: HFS, CUC shrs off on growth fears -- arbs.</title>
<headline>HFS, CUC shrs off on growth fears -- arbs.</headline>
<dateline>NEW YORK 1997-05-28</dateline>
<text>
<p>Shares in merger partners HFS Inc and CUC International Inc tumbled following the unveiling of their nearly-$11 billion deal as investors fretted over the resulting company's future growth rates, arbitrageurs said.</p>
<p>&quot;Anytime you have two companies with strong growth tracks merging, there is a concern that the growth rates are unsustainable because you are creating a behemoth,&quot; said an arb who declined to be identified.</p>
<p>&quot;There are no cost savings here, though they have huge cross-sale and revenue enhancement opportunities, but it is going to take some putting together,&quot; he said.  </p>
<p>The arbitrageurs agreed the sales were not driven by apprehesion or doubt about the terms or rationale of the deal, but largely by concerns about whether the high growth rates posted by the companies can be sustained.</p>
<p>In late-session New York Stock Exchange trading, HFS shares were off 4-1/8, or seven percent, to 54-3/8 with over four million shares traded, while CUC shed 2-3/4, or 10.6 percent, to 23-1/4.</p>
<p>CUC was the exchange's most active issue with more than 10 million shares traded and HFS ranked tenth among the NYSE's busiest shares.  </p>
<p>A second arbitrageur, who also requested anonymity, said the companies' executives delivered a &quot;mediocre presentation&quot; to the financial community at a Manhattan hotel earlier today.</p>
<p>&quot;It was just fatigue,&quot; he said.</p>
<p>Also, securities analysts are taking cautious views regarding the merged company's growth potential because, &quot;no analyst who covers CUC covers HFS and vice versa,&quot; he said.</p>
<p>&quot;This is not dissimilar from the Aetna Inc /U.S. Healthcare and WorldCom /MFS (Communications) deals,&quot; where the stocks fell after the deals were announced.  </p>
<p>What these deals have in common is analysts' conservatism while they become familiar with the company that was previously uncovered, the second arbitrageur said.</p>
<p>In a telephone interview with Reuters after the stock-swap merger was announced last night, HFS chairman Henry Silverman said, &quot;These two companies have been shareholder-value machines. This transaction ensures that machine can (continue building) shareholder value for years to come. It is about the sustainability of the earnings growth.&quot;</p>
<p>In the same interview, CUC chairman Walter Forbes said the company's growth rates are &quot;pretty similar.&quot;</p>
<p>Last week, Silverman told a group of financial journalists that per-share earnings growth of 25 to 30 percent per year is &quot;achievable.&quot;</p>
<p>The first arbitrageur also said, &quot;You are seeing some of the momentum players leave. But on the other hand, it is a company with a huge market cap that investors cannot ignore.&quot;</p>
<p>((--Brendan Intindola, Wall Street Desk, 212-859-1734)).</p>
</text>
<copyright>(c) Reuters Limited 1997</copyright>
<metadata>
<codes class="bip:countries:1.0">
  <code code="USA">
    <editdetail attribution="Reuters BIP Coding Group" action="confirmed" date="1997-05-28"/>
  </code>
</codes>
<codes class="bip:industries:1.0">
  <code code="I66500">
    <editdetail attribution="Reuters BIP Coding Group" action="confirmed" date="1997-05-28"/>
  </code>
  <code code="I79020">
    <editdetail attribution="Reuters BIP Coding Group" action="confirmed" date="1997-05-28"/>
  </code>
  <code code="I82001">
    <editdetail attribution="Reuters BIP Coding Group" action="confirmed" date="1997-05-28"/>
  </code>
  <code code="I83954">
    <editdetail attribution="Reuters BIP Coding Group" action="confirmed" date="1997-05-28"/>
  </code>
</codes>
<codes class="bip:topics:1.0">
  <code code="C18">
    <editdetail attribution="Reuters BIP Coding Group" action="confirmed" date="1997-05-28"/>
  </code>
  <code code="C181">
    <editdetail attribution="Reuters BIP Coding Group" action="confirmed" date="1997-05-28"/>
  </code>
  <code code="CCAT">
    <editdetail attribution="Reuters BIP Coding Group" action="confirmed" date="1997-05-28"/>
  </code>
</codes>
<dc element="dc.date.created" value="1997-05-28"/>
<dc element="dc.publisher" value="Reuters Holdings Plc"/>
<dc element="dc.date.published" value="1997-05-28"/>
<dc element="dc.source" value="Reuters"/>
<dc element="dc.creator.location" value="NEW YORK"/>
<dc element="dc.creator.location.country.name" value="USA"/>
<dc element="dc.source" value="Reuters"/>
</metadata>
</newsitem>
