<?xml version="1.0" encoding="iso-8859-1" ?>
<newsitem itemid="619188" id="root" date="1997-05-28" xml:lang="en">
<title>USA: COMEX copper ends firmer at fresh one-year high.</title>
<headline>COMEX copper ends firmer at fresh one-year high.</headline>
<dateline>NEW YORK 1997-05-28</dateline>
<text>
<p>COMEX copper settled firmer with the most active July contract hitting a fresh one-year high of 120.00 cents as the market shrugged off news that Kennecott's large smelter was back on stream, dealers said.</p>
<p>Copper prices are now back to pre-Sumitomo June 1996 crash levels.</p>
<p>The gains in copper came amid some liquidation of positions held by Cerro Sales Corp, the New York trading house being taken over by a subsidiary of Germany's Metallgesellschaft, floor sources said.</p>
<p>Arbitrage and COMEX spreads were being affected by the liquidation because both Cerro and MG are hit arbitrage dealers, floor sources added.</p>
<p>John Tyree of FIMAT futures said the advance came from some fund buying and then the market largely traded sideways.</p>
<p>&quot;We have made a new high and the trend is up. My only concern is that we are technically somewhat overbought,&quot; Tyree said.</p>
<p>COMEX July copper settled 1.05 cents firmer at 119.45 cents per pound, traded 120.00 to 117.80 cents. Volume was estimated at 10,000 lots.</p>
<p>The gains came despite a series of more modest declines in LME stocks, and sharply rising COMEX stocks. LME stocks fell 450 tonnes Wednesday to 136,575 tonnes.</p>
<p>The LME backwardation widened slightly Wednesday before ending at $74/$78.</p>
<p>Kennecott said its 310,000 short tons per year copper smelter in Utah restarted Tuesday after a 42-day shutdown for maintenance.</p>
<p>The U.S. market has been fairly tight for some time, partly due to Kennecott's outage, but the company said the smelter will not reach full capacity until later this year.</p>
<p>Late Tuesday supervisors at Chile Copper Co's huge Chuquicamata mine accepted a company pay offer, removing a potential strike and price prop from the red metal market.</p>
<p>((Huw Jones, New York Commodity Desk 212-859-1646))</p>
</text>
<copyright>(c) Reuters Limited 1997</copyright>
<metadata>
<codes class="bip:countries:1.0">
  <code code="USA">
    <editdetail attribution="Reuters BIP Coding Group" action="confirmed" date="1997-05-28"/>
  </code>
</codes>
<codes class="bip:topics:1.0">
  <code code="M14">
    <editdetail attribution="Reuters BIP Coding Group" action="confirmed" date="1997-05-28"/>
  </code>
  <code code="M142">
    <editdetail attribution="Reuters BIP Coding Group" action="confirmed" date="1997-05-28"/>
  </code>
  <code code="MCAT">
    <editdetail attribution="Reuters BIP Coding Group" action="confirmed" date="1997-05-28"/>
  </code>
</codes>
<dc element="dc.date.created" value="1997-05-28"/>
<dc element="dc.publisher" value="Reuters Holdings Plc"/>
<dc element="dc.date.published" value="1997-05-28"/>
<dc element="dc.source" value="Reuters"/>
<dc element="dc.creator.location" value="NEW YORK"/>
<dc element="dc.creator.location.country.name" value="USA"/>
<dc element="dc.source" value="Reuters"/>
</metadata>
</newsitem>
