<?xml version="1.0" encoding="iso-8859-1" ?>
<newsitem itemid="619109" id="root" date="1997-05-28" xml:lang="en">
<title>USA: Nat'l Home Health plans to buy two firms.</title>
<headline>Nat'l Home Health plans to buy two firms.</headline>
<dateline>SCARSDALE, N.Y. 1997-05-28</dateline>
<text>
<p>National Home Health Care Corp said Wednesday it has entered into a non-binding letter of intent to acquire two home health care companies in Connecticut.</p>
<p>The company did not disclose terms of the proposed deal.</p>
<p>It said the companies it proposes to acquire, which it did not identify, have combined annual revenues of $6-$7 million.</p>
<p>It said completion of the proposed transaction is subject to signing of a binding acqusition agreement, approval by regulators and other conditions.</p>
<p>If those hurdles were met, it said it expects the deal would be completed in August.</p>
<p>National Healthcare provides nursing and paraprofessional home health care services in New York and Connecticut.</p>
</text>
<copyright>(c) Reuters Limited 1997</copyright>
<metadata>
<codes class="bip:countries:1.0">
  <code code="USA">
    <editdetail attribution="Reuters BIP Coding Group" action="confirmed" date="1997-05-28"/>
  </code>
</codes>
<codes class="bip:industries:1.0">
  <code code="I95100">
    <editdetail attribution="Reuters BIP Coding Group" action="confirmed" date="1997-05-28"/>
  </code>
</codes>
<codes class="bip:topics:1.0">
  <code code="C18">
    <editdetail attribution="Reuters BIP Coding Group" action="confirmed" date="1997-05-28"/>
  </code>
  <code code="C181">
    <editdetail attribution="Reuters BIP Coding Group" action="confirmed" date="1997-05-28"/>
  </code>
  <code code="CCAT">
    <editdetail attribution="Reuters BIP Coding Group" action="confirmed" date="1997-05-28"/>
  </code>
</codes>
<dc element="dc.date.created" value="1997-05-28"/>
<dc element="dc.publisher" value="Reuters Holdings Plc"/>
<dc element="dc.date.published" value="1997-05-28"/>
<dc element="dc.source" value="Reuters"/>
<dc element="dc.creator.location" value="SCARSDALE, N.Y."/>
<dc element="dc.creator.location.country.name" value="USA"/>
<dc element="dc.source" value="Reuters"/>
</metadata>
</newsitem>
