<?xml version="1.0" encoding="iso-8859-1" ?>
<newsitem itemid="619124" id="root" date="1997-05-28" xml:lang="en">
<title>USA: DXP buys Strategic Distribution unit.</title>
<headline>DXP buys Strategic Distribution unit.</headline>
<dateline>HOUSTON 1997-05-28</dateline>
<text>
<p>DXP Enterprises Inc said Wednesday it signed a definitive agreement to acquire Strategic Supply Inc, a subsidiary of Strategic Distribution Inc .</p>
<p>Strategic Supply had revenues of about $50 million for fiscal 1996.</p>
<p>The terms of the transaction were not disclosed.</p>
<p>Strategic Supply is a full-service, traditional distribution company specializing in the distribution of safety equipment and general mill supplies.</p>
</text>
<copyright>(c) Reuters Limited 1997</copyright>
<metadata>
<codes class="bip:countries:1.0">
  <code code="USA">
    <editdetail attribution="Reuters BIP Coding Group" action="confirmed" date="1997-05-28"/>
  </code>
</codes>
<codes class="bip:industries:1.0">
  <code code="I61000">
    <editdetail attribution="Reuters BIP Coding Group" action="confirmed" date="1997-05-28"/>
  </code>
</codes>
<codes class="bip:topics:1.0">
  <code code="C18">
    <editdetail attribution="Reuters BIP Coding Group" action="confirmed" date="1997-05-28"/>
  </code>
  <code code="C181">
    <editdetail attribution="Reuters BIP Coding Group" action="confirmed" date="1997-05-28"/>
  </code>
  <code code="CCAT">
    <editdetail attribution="Reuters BIP Coding Group" action="confirmed" date="1997-05-28"/>
  </code>
</codes>
<dc element="dc.date.created" value="1997-05-28"/>
<dc element="dc.publisher" value="Reuters Holdings Plc"/>
<dc element="dc.date.published" value="1997-05-28"/>
<dc element="dc.source" value="Reuters"/>
<dc element="dc.creator.location" value="HOUSTON"/>
<dc element="dc.creator.location.country.name" value="USA"/>
<dc element="dc.source" value="Reuters"/>
</metadata>
</newsitem>
