<?xml version="1.0" encoding="iso-8859-1" ?>
<newsitem itemid="619148" id="root" date="1997-05-28" xml:lang="en">
<title>USA: CMG Information to pay venture dividend.</title>
<headline>CMG Information to pay venture dividend.</headline>
<dateline>ANDOVER, Mass. 1997-05-28</dateline>
<text>
<p>CMG Information Services Inc said Wednesday it will distribute to shareholders one share of Lycos Inc stock for every 16 shares held of CMG stock.</p>
<p>The company said cash will be distributed in lieu of fractional shares on a proportional basis based on the closing price of Lycos stock on June 5.</p>
<p>CMG said it will distribute the dividend July 31 to shareholders of record on June 5.</p>
<p>The dividend is the first under a new venture dividend program connected to CMG's CMG@Ventures Internet investments, the company said.</p>
<p>CMG@Ventures has invested $3.7 million in Lycos and holds about 59 percent of Lycos outstanding common shares, CMG said.</p>
<p>The dividend declaration will result in a one-time gain in CMG's fourth quarter ended July 31. The dividend distribution is not expected to reduce CMG's holdings in Lycos below the 50 percent level.</p>
<p>Tax consequences for CMG shareholders will vary, it said.</p>
</text>
<copyright>(c) Reuters Limited 1997</copyright>
<metadata>
<codes class="bip:countries:1.0">
  <code code="USA">
    <editdetail attribution="Reuters BIP Coding Group" action="confirmed" date="1997-05-28"/>
  </code>
</codes>
<codes class="bip:industries:1.0">
  <code code="I33020">
    <editdetail attribution="Reuters BIP Coding Group" action="confirmed" date="1997-05-28"/>
  </code>
  <code code="I3302021">
    <editdetail attribution="Reuters BIP Coding Group" action="confirmed" date="1997-05-28"/>
  </code>
</codes>
<codes class="bip:topics:1.0">
  <code code="C15">
    <editdetail attribution="Reuters BIP Coding Group" action="confirmed" date="1997-05-28"/>
  </code>
  <code code="C151">
    <editdetail attribution="Reuters BIP Coding Group" action="confirmed" date="1997-05-28"/>
  </code>
  <code code="C17">
    <editdetail attribution="Reuters BIP Coding Group" action="confirmed" date="1997-05-28"/>
  </code>
  <code code="C171">
    <editdetail attribution="Reuters BIP Coding Group" action="confirmed" date="1997-05-28"/>
  </code>
  <code code="CCAT">
    <editdetail attribution="Reuters BIP Coding Group" action="confirmed" date="1997-05-28"/>
  </code>
</codes>
<dc element="dc.date.created" value="1997-05-28"/>
<dc element="dc.publisher" value="Reuters Holdings Plc"/>
<dc element="dc.date.published" value="1997-05-28"/>
<dc element="dc.source" value="Reuters"/>
<dc element="dc.creator.location" value="ANDOVER, Mass."/>
<dc element="dc.creator.location.country.name" value="USA"/>
<dc element="dc.source" value="Reuters"/>
</metadata>
</newsitem>
