<?xml version="1.0" encoding="iso-8859-1" ?>
<newsitem itemid="619154" id="root" date="1997-05-28" xml:lang="en">
<title>USA: CSCE to raise margins on coffee futures May 29.</title>
<headline>CSCE to raise margins on coffee futures May 29.</headline>
<dateline>NEW YORK 1997-05-28</dateline>
<text>
<p>Coffee, Sugar and Cocoa Exchange said on Wednesday it will raise the margin on the July 1997 coffee &quot;C&quot; contract to $10,000, including a $4,000 spot charge, effective May 29.</p>
<p>The exchange was unavailable for comment concerning the reasons for the change.</p>
<p>The margin September 1997 coffee &quot;C&quot; contract will increase to $8,000, including a $2,000 spot charge, the exchange said in a statement.</p>
<p>The previous margin for July 1997 was $8,000, including a $3,000 spot charge, while the September 1997 margin was $6,500, including a $1,500 spot charge.</p>
<p>The margins on all other coffee contracts will increase by $1,000 to $6,000, CSCE said.</p>
<p>In addition, straddle or arbitrage transactions require a minimum of $1,500 for customers who are CSCE members or members of the trade. However, the $4,000 spot charge for July 1997 and the $2,000 spot charge for September 1997 are applicable to all straddle and arbitrage transactions involving these months, the exchange said.</p>
<p>For customers who are not exchange members or a member of the trade, margins will be 140 percent above trade rates, CSCE said. ((--Patricia Avidan, New York Commodities Desk, 212 859 1640))</p>
</text>
<copyright>(c) Reuters Limited 1997</copyright>
<metadata>
<codes class="bip:countries:1.0">
  <code code="USA">
    <editdetail attribution="Reuters BIP Coding Group" action="confirmed" date="1997-05-28"/>
  </code>
</codes>
<codes class="bip:topics:1.0">
  <code code="M14">
    <editdetail attribution="Reuters BIP Coding Group" action="confirmed" date="1997-05-28"/>
  </code>
  <code code="M141">
    <editdetail attribution="Reuters BIP Coding Group" action="confirmed" date="1997-05-28"/>
  </code>
  <code code="MCAT">
    <editdetail attribution="Reuters BIP Coding Group" action="confirmed" date="1997-05-28"/>
  </code>
</codes>
<dc element="dc.date.created" value="1997-05-28"/>
<dc element="dc.publisher" value="Reuters Holdings Plc"/>
<dc element="dc.date.published" value="1997-05-28"/>
<dc element="dc.source" value="Reuters"/>
<dc element="dc.creator.location" value="NEW YORK"/>
<dc element="dc.creator.location.country.name" value="USA"/>
<dc element="dc.source" value="Reuters"/>
</metadata>
</newsitem>
