<?xml version="1.0" encoding="iso-8859-1" ?>
<newsitem itemid="619137" id="root" date="1997-05-28" xml:lang="en">
<title>USA: Dlr/mark ends down in U.S. after volatile session.</title>
<headline>Dlr/mark ends down in U.S. after volatile session.</headline>
<dateline>NEW YORK 1997-05-28</dateline>
<text>
<p>The dollar finished a volatile session weaker against the mark, buffeted by jitters before runoff French parliamentary elections and a Bundesbank statement rejecting the German government's plans to revalue the bank's assets, currency experts said.</p>
<p>Earlier in the day, rumors circulated that a private poll showed the French Socialist party could win a clear majority in the final round of parliamentary elections on Sunday.</p>
<p>The Socialists favor a less stringent interpretation of the criteria that countries must meet in order to qualify for European Economic and Monetary Union (EMU.)  </p>
<p>By contrast, German officials have emphasized the need for strict adherence to the standards for inclusion in the single European currency.</p>
<p>&quot;There's going to be a lot of infighting. Chances are greater for an EMU delay and so the mark strengthens,&quot; said Chris Turner, a research director at I.D.E.A. Inc.</p>
<p>The dollar ended at 1.6950/60 marks, down from 1.7005/10 marks at the open.</p>
<p>The German unit had racked up gains against a variety of European currencies early in the session, surging briefly to its highest level in four-months versus the French franc.  </p>
<p>There was also talk that Spain and Sweden intervened to support their respective currencies against the mark.</p>
<p>But despite the German unit's impressive showing earlier, the dollar managed to briefly surge as high as 1.7047 marks in the U.S. after the Buba statement hit the market during the afternoon.</p>
<p>Buba crticized the plan by Bonn to revalue the bank's gold and currency reserves to help cover a shortfall in budget revenues that would aid Germany's efforts to qualify for the single European currency.  </p>
<p>The German central bank warned the plan ran the risk of undermining the stability of the single European currency. The Bonn government, however, said it would go ahead with its plans.</p>
<p>The response to the central bank announcement was &quot;perverse&quot;, said Kevin Harris, an international economist at MCM CurrencyWatch. This should be positive for the mark because it implies a delay in the start of European Economic and Monetary Union, he said.</p>
<p>&quot;However, that was so fully priced in that people took profits on the announcement,&quot; he added.  </p>
<p>For his part, I.D.E.A.'s Turner said the whole credibility of the project is &quot;shot to pieces&quot; with the Bundesbank openly coming into conflict with the government on the news wires.</p>
<p>&quot;So that's why, basically, the first thing to do ... this afternoon (was) to tend to sell marks...,&quot; he added.</p>
<p>Dollar/mark also pulled dollar/yen higher as it initially rallied after the German central bank statement. Yet dollar/mark gave back its gains to end lower on Wednesday.</p>
<p>Against the yen, the dollar closed at 115.83/88, up slightly from 115.65/77 at the open.  </p>
<p>In other trading, the dollar finished at 1.4100/10 Swiss francs, down from 1.4180/90 francs at the open.</p>
<p>Sterling rose to $1.6402/12 from $1.6345/55.</p>
<p>The dollar ended little changed at Canadian $1.3823/28 versus C$1.3824/29 at the open.</p>
<p>The Australian dollar closed at $0.7657/62, up from $0.7634/39.</p>
<p>-- Donna Sells 212-859-1668</p>
</text>
<copyright>(c) Reuters Limited 1997</copyright>
<metadata>
<codes class="bip:countries:1.0">
  <code code="USA">
    <editdetail attribution="Reuters BIP Coding Group" action="confirmed" date="1997-05-28"/>
  </code>
</codes>
<codes class="bip:topics:1.0">
  <code code="M13">
    <editdetail attribution="Reuters BIP Coding Group" action="confirmed" date="1997-05-28"/>
  </code>
  <code code="M132">
    <editdetail attribution="Reuters BIP Coding Group" action="confirmed" date="1997-05-28"/>
  </code>
  <code code="MCAT">
    <editdetail attribution="Reuters BIP Coding Group" action="confirmed" date="1997-05-28"/>
  </code>
</codes>
<dc element="dc.date.created" value="1997-05-28"/>
<dc element="dc.publisher" value="Reuters Holdings Plc"/>
<dc element="dc.date.published" value="1997-05-28"/>
<dc element="dc.source" value="Reuters"/>
<dc element="dc.creator.location" value="NEW YORK"/>
<dc element="dc.creator.location.country.name" value="USA"/>
<dc element="dc.source" value="Reuters"/>
</metadata>
</newsitem>
