<?xml version="1.0" encoding="iso-8859-1" ?>
<newsitem itemid="619190" id="root" date="1997-05-28" xml:lang="en">
<title>USA: NYCE cotton ends higher, July breaks resistance.</title>
<headline>NYCE cotton ends higher, July breaks resistance.</headline>
<dateline>NEW YORK 1997-05-28</dateline>
<text>
<p>NYCE cotton futures climbed over resistance to settle at the day's highs, fueled by a late commission house buying spree, floor sources said.</p>
<p>&quot;The specs had been nibbling at the market all day,&quot; a trader said.</p>
<p>The July contract finished 0.24 cent higher at 73.21 cents per lb, having ranged from 73.25 to 72.75 cents. New-crop December closed 0.19 cent higher at 75.32 cents, while the rest of the board finished 0.55 to 0.08 cent firmer.</p>
<p>Trading sources expect follow-through buying on Thursday, but said the trade should continue to resist gains.</p>
<p>&quot;We could see some early follow-through but the market will probably fail&quot; to hold 73.00 cents, a dealer said, adding that gains were made amid volume estimated at only 8,000 lots.</p>
<p>Tuesday's official volume was 8,851 lots, NYCE said.</p>
<p>Talk of pest problems in Texas and declining certificated stocks may have lent support to the market, analysts said.</p>
<p>The U.S. Department of Agriculture will delay its weekly export and sales report to Friday, due to the Memorial Day holiday earlier this week.</p>
<p>((Suzanne Rostler, New York Commodities, 212-859-1640))</p>
</text>
<copyright>(c) Reuters Limited 1997</copyright>
<metadata>
<codes class="bip:countries:1.0">
  <code code="USA">
    <editdetail attribution="Reuters BIP Coding Group" action="confirmed" date="1997-05-28"/>
  </code>
</codes>
<codes class="bip:topics:1.0">
  <code code="M14">
    <editdetail attribution="Reuters BIP Coding Group" action="confirmed" date="1997-05-28"/>
  </code>
  <code code="M141">
    <editdetail attribution="Reuters BIP Coding Group" action="confirmed" date="1997-05-28"/>
  </code>
  <code code="MCAT">
    <editdetail attribution="Reuters BIP Coding Group" action="confirmed" date="1997-05-28"/>
  </code>
</codes>
<dc element="dc.date.created" value="1997-05-28"/>
<dc element="dc.publisher" value="Reuters Holdings Plc"/>
<dc element="dc.date.published" value="1997-05-28"/>
<dc element="dc.source" value="Reuters"/>
<dc element="dc.creator.location" value="NEW YORK"/>
<dc element="dc.creator.location.country.name" value="USA"/>
<dc element="dc.source" value="Reuters"/>
</metadata>
</newsitem>
