<?xml version="1.0" encoding="iso-8859-1" ?>
<newsitem itemid="619133" id="root" date="1997-05-28" xml:lang="en">
<title>USA: Rohr Q3 share rises.</title>
<headline>Rohr Q3 share rises.</headline>
<dateline>CHULA VISTA, Calif. 1997-05-28</dateline>
<text>
<p>ROHR, INC. AND SUBSIDIARIES</p>
<p>		CONSOLIDATED STATEMENTS OF EARNINGS - UNAUDITED</p>
<p>		    (in thousands except for per share data)</p>
<p>			     Third Quarter Ended  Nine Months Ended</p>
<p>			   May 4,     Apr 28,     May 4,    Apr 28,</p>
<p>			     1997	  1996	 1997	 1996</p>
<p> Sales		  $249,308   $203,711   $664,487   $534,813</p>
<p> Costs and Expenses  214,360    177,810    581,414    468,414</p>
<p>General &amp; Administrative Expenses</p>
</text>
<copyright>(c) Reuters Limited 1997</copyright>
<metadata>
<codes class="bip:countries:1.0">
  <code code="USA">
    <editdetail attribution="Reuters BIP Coding Group" action="confirmed" date="1997-05-28"/>
  </code>
</codes>
<codes class="bip:industries:1.0">
  <code code="I36400">
    <editdetail attribution="Reuters BIP Coding Group" action="confirmed" date="1997-05-28"/>
  </code>
</codes>
<codes class="bip:topics:1.0">
  <code code="C15">
    <editdetail attribution="Reuters BIP Coding Group" action="confirmed" date="1997-05-28"/>
  </code>
  <code code="C151">
    <editdetail attribution="Reuters BIP Coding Group" action="confirmed" date="1997-05-28"/>
  </code>
  <code code="CCAT">
    <editdetail attribution="Reuters BIP Coding Group" action="confirmed" date="1997-05-28"/>
  </code>
</codes>
<dc element="dc.date.created" value="1997-05-28"/>
<dc element="dc.publisher" value="Reuters Holdings Plc"/>
<dc element="dc.date.published" value="1997-05-28"/>
<dc element="dc.source" value="Reuters"/>
<dc element="dc.creator.location" value="CHULA VISTA, Calif."/>
<dc element="dc.creator.location.country.name" value="USA"/>
<dc element="dc.source" value="Reuters"/>
</metadata>
</newsitem>
