<?xml version="1.0" encoding="iso-8859-1" ?>
<newsitem itemid="619186" id="root" date="1997-05-28" xml:lang="en">
<title>USA: IMM currency futures end topsy-turvy day higher.</title>
<headline>IMM currency futures end topsy-turvy day higher.</headline>
<dateline>CHICAGO 1997-05-28</dateline>
<text>
<p>IMM currency futures recovered toward midrange late, with most units ending higher after an afternoon of brisk, topsy-turvy trading.</p>
<p>Late in the day, day shorts who had taken advantage of the fast-paced midday slide decided to lock in profits and bail out, brokers said.</p>
<p>&quot;Profittaking, I believe,&quot; said one trader after the close of reasons for the partial recovery in marks. &quot;There were no huge players.&quot;</p>
<p>He also noted that June marks bounced back after basically respecting support at $0.5874, near the day's low.  </p>
<p>Just before midday, marks abruptly skidded to a new session low, nearly erasing large early gains, as news emerged that the Bundesbank rejected a German government proposal to revalue the central bank's gold and currency reserves.</p>
<p>The Bonn government quickly retorted that it would stick with its plan anyway, essentially defying the central bank.</p>
<p>Brokers said the events created a rift between the two agencies that rattled confidence and undermined stability.</p>
<p>&quot;I think the reaction really was that it amounted to political instability,&quot; added the broker. &quot;People were buying (U.S.) dollars...there were no Swiss safe-haven plays at all.&quot;  </p>
<p>Floor traders reported heavy buying from one firm, rumored on behalf of a large hedge fund, just before the quick knee-jerk drop sparked by the long-waited news.</p>
<p>Earlier, marks regained their footing after the Bundesbank denied a market rumor that Bundesbank president Hans Tietmeyer had resigned.</p>
<p>Futures had opened higher and barely jiggled when April U.S. durable goods orders rose 1.4 percent and gained 0.6 percent without defense. March's drops were revised upward.</p>
<p>Traders had expected respective gains of 1.3 percent and 0.8 percent last month in the typically volatile report.  </p>
<p>The inability of the dollar to pierce 117.00 yen overnight, about $0.008571 in June futures, helped lift the yen, which also garnered support from a rally in Japanese stock and a rise in Japanese government bond yields overnight, brokers added.</p>
<p>June yen ended up $0.000070 at $0.008662, marks rose $0.0034 to $0.5900, Swiss francs added $0.0049 to $0.7097, sterling rose $0.0086 to $1.6388, Canadian dollar ended flat at $0.7238, Aussie dollar firmed $0.0003 to $0.7646, and Mexican peso lost $0.000050 to $0.125550. ((DerivativesDesk(312)408-8750)) E-mail:derivatives@reuters.com</p>
</text>
<copyright>(c) Reuters Limited 1997</copyright>
<metadata>
<codes class="bip:countries:1.0">
  <code code="USA">
    <editdetail attribution="Reuters BIP Coding Group" action="confirmed" date="1997-05-28"/>
  </code>
</codes>
<codes class="bip:topics:1.0">
  <code code="M13">
    <editdetail attribution="Reuters BIP Coding Group" action="confirmed" date="1997-05-28"/>
  </code>
  <code code="M132">
    <editdetail attribution="Reuters BIP Coding Group" action="confirmed" date="1997-05-28"/>
  </code>
  <code code="MCAT">
    <editdetail attribution="Reuters BIP Coding Group" action="confirmed" date="1997-05-28"/>
  </code>
</codes>
<dc element="dc.date.created" value="1997-05-28"/>
<dc element="dc.publisher" value="Reuters Holdings Plc"/>
<dc element="dc.date.published" value="1997-05-28"/>
<dc element="dc.source" value="Reuters"/>
<dc element="dc.creator.location" value="CHICAGO"/>
<dc element="dc.creator.location.country.name" value="USA"/>
<dc element="dc.source" value="Reuters"/>
</metadata>
</newsitem>
