<?xml version="1.0" encoding="iso-8859-1" ?>
<newsitem itemid="619169" id="root" date="1997-05-28" xml:lang="en">
<title>USA: Remec Q1 shr $0.20 vs $0.11.</title>
<headline>Remec Q1 shr $0.20 vs $0.11.</headline>
<dateline>SAN DIEGO 1997-05-28</dateline>
<text>
<p>(unaudited)</p>
<p>						   Three months ended</p>
<p>						 May 4, 1997  May 5, 1996</p>
<p> Net sales				    $26,216,000 $20,424,000</p>
<p> Cost of sales				 18,309,000  15,279,000</p>
<p> Gross profit				   7,907,000   5,145,000</p>
<p>Operating expenses:</p>
<p>  Selling, general and administrative   3,984,000   2,575,000</p>
<p>  Research and development		    623,000     991,000</p>
<p>						    4,607,000   3,566,000</p>
<p> Income from operations		     3,300,000   1,579,000</p>
<p> Interest income				  756,000     137,000</p>
<p>Income before provision for income taxes</p>
<p>						    4,056,000   1,716,000</p>
<p> Provision for income taxes		 1,583,000     707,000</p>
<p> Net income				     2,473,000   1,009,O00</p>
<p> Net income per share				0.20	  0.11</p>
<p>Shares used in per share calculations</p>
<p>						   12,611,000   9,553,000</p>
</text>
<copyright>(c) Reuters Limited 1997</copyright>
<metadata>
<codes class="bip:countries:1.0">
  <code code="USA">
    <editdetail attribution="Reuters BIP Coding Group" action="confirmed" date="1997-05-28"/>
  </code>
</codes>
<codes class="bip:topics:1.0">
  <code code="C15">
    <editdetail attribution="Reuters BIP Coding Group" action="confirmed" date="1997-05-28"/>
  </code>
  <code code="C151">
    <editdetail attribution="Reuters BIP Coding Group" action="confirmed" date="1997-05-28"/>
  </code>
  <code code="CCAT">
    <editdetail attribution="Reuters BIP Coding Group" action="confirmed" date="1997-05-28"/>
  </code>
</codes>
<dc element="dc.date.created" value="1997-05-28"/>
<dc element="dc.publisher" value="Reuters Holdings Plc"/>
<dc element="dc.date.published" value="1997-05-28"/>
<dc element="dc.source" value="Reuters"/>
<dc element="dc.creator.location" value="SAN DIEGO"/>
<dc element="dc.creator.location.country.name" value="USA"/>
<dc element="dc.source" value="Reuters"/>
</metadata>
</newsitem>
