<?xml version="1.0" encoding="iso-8859-1" ?>
<newsitem itemid="619121" id="root" date="1997-05-28" xml:lang="en">
<title>USA: Noodle Kidoodle Q1 shr loss narrows.</title>
<headline>Noodle Kidoodle Q1 shr loss narrows.</headline>
<dateline>FARMINGDALE, N.Y. 1997-05-28</dateline>
<text>
<p>NOODLE KIDOODLE, INC.</p>
<p>			 (In thousands, except per share data)</p>
<p>						     Thirteen Weeks Ended</p>
<p>							 5/03/97    5/04/96</p>
<p> Net Sales					    $15,535    $9,113</p>
<p> Operating loss				     (2,103)   (2,914)</p>
<p> Interest income					  123	 231</p>
<p> Interest expense					(23)	(10)</p>
<p>	Net loss before income taxes	    (2,003)   (2,693)</p>
<p> Income taxes					     ---	 ---</p>
<p> Net loss					     (2,003)   (2,693)</p>
<p> Net loss per share				 ( 0.26)   ( 0.37)</p>
<p> Average shares outstanding			 7,580     7,239</p>
<p>NOTE: The company has about $18.0 million in net operating loss carryforwards.</p>
</text>
<copyright>(c) Reuters Limited 1997</copyright>
<metadata>
<codes class="bip:countries:1.0">
  <code code="USA">
    <editdetail attribution="Reuters BIP Coding Group" action="confirmed" date="1997-05-28"/>
  </code>
</codes>
<codes class="bip:industries:1.0">
  <code code="I61000">
    <editdetail attribution="Reuters BIP Coding Group" action="confirmed" date="1997-05-28"/>
  </code>
</codes>
<codes class="bip:topics:1.0">
  <code code="C15">
    <editdetail attribution="Reuters BIP Coding Group" action="confirmed" date="1997-05-28"/>
  </code>
  <code code="C151">
    <editdetail attribution="Reuters BIP Coding Group" action="confirmed" date="1997-05-28"/>
  </code>
  <code code="CCAT">
    <editdetail attribution="Reuters BIP Coding Group" action="confirmed" date="1997-05-28"/>
  </code>
</codes>
<dc element="dc.date.created" value="1997-05-28"/>
<dc element="dc.publisher" value="Reuters Holdings Plc"/>
<dc element="dc.date.published" value="1997-05-28"/>
<dc element="dc.source" value="Reuters"/>
<dc element="dc.creator.location" value="FARMINGDALE, N.Y."/>
<dc element="dc.creator.location.country.name" value="USA"/>
<dc element="dc.source" value="Reuters"/>
</metadata>
</newsitem>
