<?xml version="1.0" encoding="iso-8859-1" ?>
<newsitem itemid="619141" id="root" date="1997-05-28" xml:lang="en">
<title>USA: US CREDIT OUTLOOK--Jobless claims, 5-yr note sale.</title>
<headline>US CREDIT OUTLOOK--Jobless claims, 5-yr note sale.</headline>
<byline>Ellen Freilich</byline>
<dateline>NEW YORK 1996-05-29</dateline>
<text>
<p>The weekly U.S. jobless claims report and the Treasury's monthly auction of five-year notes will likely highlight the U.S. government securities market trading session on Thursday, analysts said.</p>
<p>Jobless claims for the week ended May 24 are estimated to have totaled 321,000, barely changed from the 322,000 level of new claims a week earlier, according to economists polled by Reuters. The jobless data are due at 0830 EDT/1230 GMT.</p>
<p>On Thursday afternoon, the Treasury will sell $12.0 billion in five-year notes.  </p>
<p>In late when-issued trade on Wednesday, the five-year notes to be sold in that auction offered yields of 6.645 percent.</p>
<p>The market will also get some privately collected economic data -- the May New York NAPM (National Association of Purchasing Managers) index at 0900 EDT/1300 GMT and the Conference Board's May Help Wanted Advertising Index at 1000 EDT/1400 GMT. No forecast was available for the New York NAPM index which read 53.4 in April. Economists told Reuters they expect the Help-Wanted Advertising Index to stay level at 87 in May, unchanged from April.  </p>
<p>Kevin Flanagan, first vice president and money market economist at Dean Witter Reynolds, said there would be a little more &quot;apprehension&quot; among bidders for the five-year notes after the lackluster Treasury sale of $16.5 billion in two-year notes on Wednesday.</p>
<p>&quot;You were dealing with a stable Federal Reserve monetary policy for at least the next five weeks or so and an 80-bais-point spread over overnight money -- which was reasonably attractive,&quot; said Flanagan. &quot;But the auction results were disappointing.&quot;  </p>
<p>The two-year notes were sold at an average yield of 6.31 percent with yields tailing as high as 6.328 percent.</p>
<p>Flanagan also said that if the weekly jobless claims figures &quot;show a decline of any note, that would be a problem for the market.</p>
<p>&quot;The market is a little concerned about Fed policy being reactive rather than pro-active, about the Fed falling behind in its inflation fight,&quot; said Flanagan. &quot;The steepening of the yield curve since they took no rate action last week (at the May 20 policy meeting) underscores that point.&quot;  </p>
<p>The spread between yields on two- and 30-year maturities stood at 73 basis points, up from 66 basis points at the close of the week before the Fed meeting.</p>
<p>Greg Carr, market analyst at AG Edwards &amp; Sons Inc, said the market was a little weaker &quot;in the belly of the curve&quot; in three- and five-year maturities.</p>
<p>&quot;They're trying to cheapen it up and build in a concession for the five-year auction,&quot; he said. &quot;The five-year auction will get done. It won't be a major stumbling block.&quot;</p>
<p>But Carr said the market's short-term bias is toward higher yields.  </p>
<p>Analysts said the market would pay scant attention to the New York NAPM and to the Help Wanted Advertising Index.</p>
<p>&quot;I don't think New York NAPM will have much of an impact at all,&quot; said Flanagan.</p>
<p>&quot;Those reports make nice print but it's nothing that the traders will act on,&quot; said Carr. &quot;The things they'll watch are jobless claims, the five-year auction and the dollar.&quot;</p>
<p>The dollar was firmer against the mark and yen in late New York dealings.</p>
<p>The benchmark 30-year Treasury bond ended at 94-31/32 on Wednesday, yielding 7.03 percent.</p>
<p>Dealers indicated that Federal funds would open at 5-1/2 percent to 5-9/16 percent on Thursday.</p>
<p>((--212 859 1667))</p>
</text>
<copyright>(c) Reuters Limited 1997</copyright>
<metadata>
<codes class="bip:countries:1.0">
  <code code="USA">
    <editdetail attribution="Reuters BIP Coding Group" action="confirmed" date="1997-05-28"/>
  </code>
</codes>
<codes class="bip:topics:1.0">
  <code code="M12">
    <editdetail attribution="Reuters BIP Coding Group" action="confirmed" date="1997-05-28"/>
  </code>
  <code code="MCAT">
    <editdetail attribution="Reuters BIP Coding Group" action="confirmed" date="1997-05-28"/>
  </code>
</codes>
<dc element="dc.date.created" value="1996-05-29"/>
<dc element="dc.publisher" value="Reuters Holdings Plc"/>
<dc element="dc.date.published" value="1997-05-28"/>
<dc element="dc.source" value="Reuters"/>
<dc element="dc.creator.location" value="NEW YORK"/>
<dc element="dc.creator.location.country.name" value="USA"/>
<dc element="dc.source" value="Reuters"/>
</metadata>
</newsitem>
