<?xml version="1.0" encoding="iso-8859-1" ?>
<newsitem itemid="619114" id="root" date="1997-05-28" xml:lang="en">
<title>USA: Rankin Automotive year profit narrows.</title>
<headline>Rankin Automotive year profit narrows.</headline>
<dateline>ALEXANDRIA, La. 1997-05-28</dateline>
<text>
<p>Fiscal year ended Feb. 25</p>
<p>			    1997			  1996</p>
<p> Shr			  $0.04		    $0.10</p>
<p> Net			    140			310</p>
<p> Revs			29,950	   not reported</p>
<p>(All data above 000s except per share numbers)</p>
<p>NOTES: Full company name is Rankin Automotive Group Inc.</p>
<p>The company said 1997 revenues rose 42.5 percent from a year ago, but it did not report 1996 dollar figure revenues.</p>
<p>The drop in 1997 earnings was caused by negative results in Q4, the company said. Much of the Q4 operational loss was the result of higher than anticipated costs associated with integrating the Mississippi store group into the Rankin organization, it said. Also, sales from the new group were 25 percent below expectations.</p>
<p>Same-store sales from stores in the Rankin group for at least one year rose 8.1 percent, it said.</p>
</text>
<copyright>(c) Reuters Limited 1997</copyright>
<metadata>
<codes class="bip:countries:1.0">
  <code code="USA">
    <editdetail attribution="Reuters BIP Coding Group" action="confirmed" date="1997-05-28"/>
  </code>
</codes>
<codes class="bip:industries:1.0">
  <code code="I65400">
    <editdetail attribution="Reuters BIP Coding Group" action="confirmed" date="1997-05-28"/>
  </code>
</codes>
<codes class="bip:topics:1.0">
  <code code="C15">
    <editdetail attribution="Reuters BIP Coding Group" action="confirmed" date="1997-05-28"/>
  </code>
  <code code="C151">
    <editdetail attribution="Reuters BIP Coding Group" action="confirmed" date="1997-05-28"/>
  </code>
  <code code="C1511">
    <editdetail attribution="Reuters BIP Coding Group" action="confirmed" date="1997-05-28"/>
  </code>
  <code code="CCAT">
    <editdetail attribution="Reuters BIP Coding Group" action="confirmed" date="1997-05-28"/>
  </code>
</codes>
<dc element="dc.date.created" value="1997-05-28"/>
<dc element="dc.publisher" value="Reuters Holdings Plc"/>
<dc element="dc.date.published" value="1997-05-28"/>
<dc element="dc.source" value="Reuters"/>
<dc element="dc.creator.location" value="ALEXANDRIA, La."/>
<dc element="dc.creator.location.country.name" value="USA"/>
<dc element="dc.source" value="Reuters"/>
</metadata>
</newsitem>
