<?xml version="1.0" encoding="iso-8859-1" ?>
<newsitem itemid="619113" id="root" date="1997-05-28" xml:lang="en">
<title>USA: Lechters Q1 shr loss $0.29 vs loss $0.21.</title>
<headline>Lechters Q1 shr loss $0.29 vs loss $0.21.</headline>
<dateline>HARRISON, N.J. 1997-05-28</dateline>
<text>
<p>(Amounts in Thousands, Except Shares and Per Share Data)</p>
<p>				    Thirteen	 Thirteen	  %</p>
<p>				   Wks Ended	Wks Ended   Change</p>
<p>				 May 3, 1997    May 4, 1996</p>
<p> Sales			     $85,129	  $84,992     0.2%</p>
<p> Net Loss			  (4,683)	  (3,526)    32.8%</p>
<p> Net Loss per Common Share   ( 0.29)	  ( 0.21)    38.1%</p>
<p>Weighted Average</p>
<p>  Shares Outstanding	17,155,000     17,155,000	 --</p>
<p>NOTE: Full company name is Lechters Inc.</p>
</text>
<copyright>(c) Reuters Limited 1997</copyright>
<metadata>
<codes class="bip:countries:1.0">
  <code code="USA">
    <editdetail attribution="Reuters BIP Coding Group" action="confirmed" date="1997-05-28"/>
  </code>
</codes>
<codes class="bip:industries:1.0">
  <code code="I65400">
    <editdetail attribution="Reuters BIP Coding Group" action="confirmed" date="1997-05-28"/>
  </code>
</codes>
<codes class="bip:topics:1.0">
  <code code="C15">
    <editdetail attribution="Reuters BIP Coding Group" action="confirmed" date="1997-05-28"/>
  </code>
  <code code="C151">
    <editdetail attribution="Reuters BIP Coding Group" action="confirmed" date="1997-05-28"/>
  </code>
  <code code="CCAT">
    <editdetail attribution="Reuters BIP Coding Group" action="confirmed" date="1997-05-28"/>
  </code>
</codes>
<dc element="dc.date.created" value="1997-05-28"/>
<dc element="dc.publisher" value="Reuters Holdings Plc"/>
<dc element="dc.date.published" value="1997-05-28"/>
<dc element="dc.source" value="Reuters"/>
<dc element="dc.creator.location" value="HARRISON, N.J."/>
<dc element="dc.creator.location.country.name" value="USA"/>
<dc element="dc.source" value="Reuters"/>
</metadata>
</newsitem>
