<?xml version="1.0" encoding="iso-8859-1" ?>
<newsitem itemid="619159" id="root" date="1997-05-28" xml:lang="en">
<title>USA: NY palladium storms to 17-year high, gold ranging.</title>
<headline>NY palladium storms to 17-year high, gold ranging.</headline>
<dateline>NEW YORK 1997-05-28</dateline>
<text>
<p>New York palladium prices stormed to a 17-year high on Wednesday as the market's nerve finally snapped on news of a strike in South Africa amid very tight physical supplies, while gold shrugged off an emerging tussle between Germany's central bank and government over revaluating reserves.</p>
<p>NYMEX spot June palladium settled $28.15 higher at $202.65 an ounce, just off the high of $204.00.</p>
<p>September, December and June 1998 contracts all settled $6.00 limit up, the maximum allowed in the forwards.</p>
<p>This ceiling is raised to $9.00 in Thursday's trading.  </p>
<p>The run up in palladium and platinum, the latter back to February's highs, followed news of a wildcat strike at Amplats Rustenburg mine in South Africa, the world's biggest.</p>
<p>&quot;It was the straw that broke the camel's back,&quot; a dealer said.</p>
<p>White metal supplies were already tight because Russia has not shipped any of its 1997 platinum and palladium exports. The cost for people to borrow the metal has soared lately.</p>
<p>But after close of New York trading Wednesday, Amplats said the strike was over and employees were returning to work.</p>
<p>NYMEX July platinum settled $13.50 firmer at $410.50 an ounce, traded $411.00 to $396.50.</p>
<p>Leading funds such as Tiger reportedly hold huge long positions in palladium and would make attractive sums by taking profits, dealers said.</p>
<p>&quot;It would have to be the funds that sell, but they have said they are in this for the long run. They are on a roll,&quot; a producer-backed dealer said. &quot;Why should they sell when it's going to go higher because there is no metal around.&quot;</p>
<p>White metals producer Stillwater Mining of North America said it benefited from Wednesday's price surge. &quot;We will get the spot price by rolling contracts forward,&quot; spokeswoman Gina Wilson said.</p>
<p>NYMEX palladium stocks are just 584 ounces with open interest in June at 3,216 lots at close Tuesday with first delivery day Friday.</p>
<p>Meanwhile gold and silver were largely focusing on the platinum group metals, with rangebound gold trying to glean strength from them despite a huge $65 gold discount to platinum.</p>
<p>The yellow metal barely moved when Germany's central bank said it disagreed with government plans to revalue national reserves, a move which rattled the markets when first mooted.</p>
<p>Greg Drury of Mitsui USA said unless Bundesbank gold is actually sold, the market has largely discounted the revaluation plan.</p>
<p>Few dealers believed the Bundesbank would sell any gold, and some believed the revaluation may help to put a floor on the metal's price.</p>
<p>COMEX June gold settled 60 cents firmer, unable to stray from its narrow range of $345.50 to $343.10.</p>
<p>Bullion in late afternoon dealings was quoted at $344.60/$345.10 an ounce.</p>
<p>&quot;There seems to be quite a bit of producer selling above the gold market at the $345.00 level in spot,&quot; Scott Mehlman, chief dealer at Credit Lyonnais Rouse said.</p>
<p>&quot;Until we get a convincing close above $345.00, I don't think you can be too much in love with it. If we do start to see some profit-taking as a result of this temporary walkout at Rustenburg being over, then I think gold will wind its way lower,&quot; Mehlman said.</p>
<p>COMEX silver ended slightly lower, recovering from most of the losses suffered around the expiry of over-the-counter precious metals options at 0930 EDT.</p>
<p>Dealers said it was significant that July silver bounced smartly once again off the $4.65 low to end 1.8 cents down at $4.73 an ounce.</p>
<p>((Huw Jones, New York Commodity Desk 212-859-1646))</p>
</text>
<copyright>(c) Reuters Limited 1997</copyright>
<metadata>
<codes class="bip:countries:1.0">
  <code code="USA">
    <editdetail attribution="Reuters BIP Coding Group" action="confirmed" date="1997-05-28"/>
  </code>
</codes>
<codes class="bip:topics:1.0">
  <code code="M14">
    <editdetail attribution="Reuters BIP Coding Group" action="confirmed" date="1997-05-28"/>
  </code>
  <code code="M142">
    <editdetail attribution="Reuters BIP Coding Group" action="confirmed" date="1997-05-28"/>
  </code>
  <code code="MCAT">
    <editdetail attribution="Reuters BIP Coding Group" action="confirmed" date="1997-05-28"/>
  </code>
</codes>
<dc element="dc.date.created" value="1997-05-28"/>
<dc element="dc.publisher" value="Reuters Holdings Plc"/>
<dc element="dc.date.published" value="1997-05-28"/>
<dc element="dc.source" value="Reuters"/>
<dc element="dc.creator.location" value="NEW YORK"/>
<dc element="dc.creator.location.country.name" value="USA"/>
<dc element="dc.source" value="Reuters"/>
</metadata>
</newsitem>
