<?xml version="1.0" encoding="iso-8859-1" ?>
<newsitem itemid="619171" id="root" date="1997-05-28" xml:lang="en">
<title>USA: ONBANCorp says claims are without merit.</title>
<headline>ONBANCorp says claims are without merit.</headline>
<dateline>SYRACUSE, N.Y. 1997-05-28</dateline>
<text>
<p>ONBANCorp Inc said Wednesday its board of directors has determined that a demand made by shareholder Seymour Holtzman in April this year raising various claims of impropriety on the part of the company was &quot;entirely without merit.&quot;</p>
<p>Holtzman claimed, among other things, that certain members of the company's top management may have improperly held parties at the company's expense, improperly contributed to the area's educational institutions and improperly used a company airplane, ONBANCorp said.</p>
<p>In response to Holtzman's demand, the board appointed a special committee consisting of independent, outside directors to investigate the claims.</p>
<p>The special committee, chaired by Henry Lavarnway, who also chairs ONBANCorp's audit committee, with the assistance of independent legal counsel, found no basis for any of Holtzman's claims, the company said.</p>
<p>At a meeting earlier today, the company's board of directors adopted the special committee's recommendations that no further action be taken in response to Holtzman's allegations.</p>
</text>
<copyright>(c) Reuters Limited 1997</copyright>
<metadata>
<codes class="bip:countries:1.0">
  <code code="USA">
    <editdetail attribution="Reuters BIP Coding Group" action="confirmed" date="1997-05-28"/>
  </code>
</codes>
<codes class="bip:industries:1.0">
  <code code="I83100">
    <editdetail attribution="Reuters BIP Coding Group" action="confirmed" date="1997-05-28"/>
  </code>
</codes>
<codes class="bip:topics:1.0">
  <code code="C11">
    <editdetail attribution="Reuters BIP Coding Group" action="confirmed" date="1997-05-28"/>
  </code>
  <code code="CCAT">
    <editdetail attribution="Reuters BIP Coding Group" action="confirmed" date="1997-05-28"/>
  </code>
</codes>
<dc element="dc.date.created" value="1997-05-28"/>
<dc element="dc.publisher" value="Reuters Holdings Plc"/>
<dc element="dc.date.published" value="1997-05-28"/>
<dc element="dc.source" value="Reuters"/>
<dc element="dc.creator.location" value="SYRACUSE, N.Y."/>
<dc element="dc.creator.location.country.name" value="USA"/>
<dc element="dc.source" value="Reuters"/>
</metadata>
</newsitem>
