<?xml version="1.0" encoding="iso-8859-1" ?>
<newsitem itemid="619140" id="root" date="1997-05-28" xml:lang="en">
<title>USA: API says U.S. crude stocks rose in week.</title>
<headline>API says U.S. crude stocks rose in week.</headline>
<dateline>WASHINGTON 1997-05-28</dateline>
<text>
<p>U.S. crude oil stocks held in primary storage rose 1.40 million barrels in the week ended May 23 to 316.12 million barrels, the American Petroleum Institute said on Wednesday. This was up from a revised 314.72 million barrels the prior week, which was previously reported as 315.81 million.</p>
<p>API said that crude stocks excluding PADD 5 (Petroleum Administration for Defense District) rose 1.27 million barrels in the week to 254.04 million barrels.</p>
<p>Distillate stocks rose 3.32 million barrels to 101.70 million barrels from 98.38 million the prior week.  </p>
<p>API said PADD 1 distillate stocks rose 781,000 barrels to 33.23 million barrels.</p>
<p>It said gasoline production fell 25,000 barrels in the week to 7.93 million bpd from 7.96 million in the prior week.</p>
<p>Gasoline stocks fell 1.12 million barrels in the week to 196.78 million barrels from 197.90 million barrels the previous week.</p>
<p>Percent of stocks capacity fell to 96.7 percent from 97.6 percent the previous week.  </p>
<p>API said reformulated gasoline stocks (RFG) rose 1.35 million barrels to 37.79 million barrels from 36.44 million barrels the previous week.</p>
<p>API said crude runs to processing units rose to 14.93 million barrels from 14.82 million the previous week.</p>
<p>Residual fuel stocks in the latest week fell to 40.27 million barrels from 41.17 million in the previous week.</p>
<p>Crude oil imports rose to 8.34 million barrels per day from 7.83 million, API said.</p>
</text>
<copyright>(c) Reuters Limited 1997</copyright>
<metadata>
<codes class="bip:countries:1.0">
  <code code="USA">
    <editdetail attribution="Reuters BIP Coding Group" action="confirmed" date="1997-05-28"/>
  </code>
</codes>
<codes class="bip:industries:1.0">
  <code code="I13000">
    <editdetail attribution="Reuters BIP Coding Group" action="confirmed" date="1997-05-28"/>
  </code>
</codes>
<codes class="bip:topics:1.0">
  <code code="C21">
    <editdetail attribution="Reuters BIP Coding Group" action="confirmed" date="1997-05-28"/>
  </code>
  <code code="CCAT">
    <editdetail attribution="Reuters BIP Coding Group" action="confirmed" date="1997-05-28"/>
  </code>
  <code code="M14">
    <editdetail attribution="Reuters BIP Coding Group" action="confirmed" date="1997-05-28"/>
  </code>
  <code code="M143">
    <editdetail attribution="Reuters BIP Coding Group" action="confirmed" date="1997-05-28"/>
  </code>
  <code code="MCAT">
    <editdetail attribution="Reuters BIP Coding Group" action="confirmed" date="1997-05-28"/>
  </code>
</codes>
<dc element="dc.date.created" value="1997-05-28"/>
<dc element="dc.publisher" value="Reuters Holdings Plc"/>
<dc element="dc.date.published" value="1997-05-28"/>
<dc element="dc.source" value="Reuters"/>
<dc element="dc.creator.location" value="WASHINGTON"/>
<dc element="dc.creator.location.country.name" value="USA"/>
<dc element="dc.source" value="Reuters"/>
</metadata>
</newsitem>
