<?xml version="1.0" encoding="iso-8859-1" ?>
<newsitem itemid="619194" id="root" date="1997-05-28" xml:lang="en">
<title>USA: U.S. blue chips lose footing, trip NYSE curbs.</title>
<headline>U.S. blue chips lose footing, trip NYSE curbs.</headline>
<dateline>NEW YORK 1997-05-28</dateline>
<text>
<p>U.S. blue chip stocks, which had been steady but lower for most of the afternoon, slipped further, prompting the New York Stock Exchange to put curbs on index-arbitrage trading an hour ahead of the session's close.</p>
<p>The Dow Jones industrial average was off 50 points or 0.69 percent to 7333, setting the curbs at 1505 EDT/1905 GMT according to the Big Board. The Standard &amp; Poor's 500 Index was down nearly five to 845, also session lows.</p>
<p>Breadth on the NYSE was almost exactly even with advancers just beating out decliners by one issue, 1,208 to 1,207.</p>
</text>
<copyright>(c) Reuters Limited 1997</copyright>
<metadata>
<codes class="bip:countries:1.0">
  <code code="USA">
    <editdetail attribution="Reuters BIP Coding Group" action="confirmed" date="1997-05-28"/>
  </code>
</codes>
<codes class="bip:topics:1.0">
  <code code="M11">
    <editdetail attribution="Reuters BIP Coding Group" action="confirmed" date="1997-05-28"/>
  </code>
  <code code="MCAT">
    <editdetail attribution="Reuters BIP Coding Group" action="confirmed" date="1997-05-28"/>
  </code>
</codes>
<dc element="dc.date.created" value="1997-05-28"/>
<dc element="dc.publisher" value="Reuters Holdings Plc"/>
<dc element="dc.date.published" value="1997-05-28"/>
<dc element="dc.source" value="Reuters"/>
<dc element="dc.creator.location" value="NEW YORK"/>
<dc element="dc.creator.location.country.name" value="USA"/>
<dc element="dc.source" value="Reuters"/>
</metadata>
</newsitem>
