<?xml version="1.0" encoding="iso-8859-1" ?>
<newsitem itemid="619151" id="root" date="1997-05-28" xml:lang="en">
<title>USA: Bristol Technology revises terms.</title>
<headline>Bristol Technology revises terms.</headline>
<dateline>NEWPORT BEACH, Calif. 1997-05-28</dateline>
<text>
<p>Bristol Technology Systems Inc and Smyth Systems Inc said they have revised terms of a previously announced proposed transaction between the two companies.</p>
<p>The revised terms call for Smyth to be acquired by Bristol for an undisclosed amount of cash and stock, the company said.</p>
<p>Previously, the companies had agreed to merge in an exchange of stock to be accounted for on a pooling of interest basis.  Shareholders of Smyth have voted in favor of the revised terms.  The company said it expects the acquisition to close tomorrow.</p>
</text>
<copyright>(c) Reuters Limited 1997</copyright>
<metadata>
<codes class="bip:countries:1.0">
  <code code="USA">
    <editdetail attribution="Reuters BIP Coding Group" action="confirmed" date="1997-05-28"/>
  </code>
</codes>
<codes class="bip:topics:1.0">
  <code code="C18">
    <editdetail attribution="Reuters BIP Coding Group" action="confirmed" date="1997-05-28"/>
  </code>
  <code code="C181">
    <editdetail attribution="Reuters BIP Coding Group" action="confirmed" date="1997-05-28"/>
  </code>
  <code code="CCAT">
    <editdetail attribution="Reuters BIP Coding Group" action="confirmed" date="1997-05-28"/>
  </code>
</codes>
<dc element="dc.date.created" value="1997-05-28"/>
<dc element="dc.publisher" value="Reuters Holdings Plc"/>
<dc element="dc.date.published" value="1997-05-28"/>
<dc element="dc.source" value="Reuters"/>
<dc element="dc.creator.location" value="NEWPORT BEACH, Calif."/>
<dc element="dc.creator.location.country.name" value="USA"/>
<dc element="dc.source" value="Reuters"/>
</metadata>
</newsitem>
