<?xml version="1.0" encoding="iso-8859-1" ?>
<newsitem itemid="619100" id="root" date="1997-05-28" xml:lang="en">
<title>USA: Aliant Communications to buy back shares.</title>
<headline>Aliant Communications to buy back shares.</headline>
<dateline>LINCOLN, Neb. 1997-05-28</dateline>
<text>
<p>Aliant Communications Inc said Wednesday it will repurchase up to 500,000 shares of its stock.</p>
<p>The repurchase program is in addition to a stock buyback involving 400,000 shares that the company authorized last November, the company said.</p>
<p>Aliant has 36.2 million shares outstanding, it said.</p>
<p>	    -- Reuter Chicago Newsdesk 312-408-8787</p>
</text>
<copyright>(c) Reuters Limited 1997</copyright>
<metadata>
<codes class="bip:countries:1.0">
  <code code="USA">
    <editdetail attribution="Reuters BIP Coding Group" action="confirmed" date="1997-05-28"/>
  </code>
</codes>
<codes class="bip:industries:1.0">
  <code code="I79020">
    <editdetail attribution="Reuters BIP Coding Group" action="confirmed" date="1997-05-28"/>
  </code>
</codes>
<codes class="bip:topics:1.0">
  <code code="C17">
    <editdetail attribution="Reuters BIP Coding Group" action="confirmed" date="1997-05-28"/>
  </code>
  <code code="C171">
    <editdetail attribution="Reuters BIP Coding Group" action="confirmed" date="1997-05-28"/>
  </code>
  <code code="C18">
    <editdetail attribution="Reuters BIP Coding Group" action="confirmed" date="1997-05-28"/>
  </code>
  <code code="C181">
    <editdetail attribution="Reuters BIP Coding Group" action="confirmed" date="1997-05-28"/>
  </code>
  <code code="CCAT">
    <editdetail attribution="Reuters BIP Coding Group" action="confirmed" date="1997-05-28"/>
  </code>
</codes>
<dc element="dc.date.created" value="1997-05-28"/>
<dc element="dc.publisher" value="Reuters Holdings Plc"/>
<dc element="dc.date.published" value="1997-05-28"/>
<dc element="dc.source" value="Reuters"/>
<dc element="dc.creator.location" value="LINCOLN, Neb."/>
<dc element="dc.creator.location.country.name" value="USA"/>
<dc element="dc.source" value="Reuters"/>
</metadata>
</newsitem>
