<?xml version="1.0" encoding="iso-8859-1" ?>
<newsitem itemid="619146" id="root" date="1997-05-28" xml:lang="en">
<title>USA: Barnes &amp; Noble CFO/Vice Chairman resigns.</title>
<headline>Barnes &amp; Noble CFO/Vice Chairman resigns.</headline>
<dateline>NEW YORK 1997-05-28</dateline>
<text>
<p>Barnes &amp; Noble Inc on Wednesday said Irene Miller has resigned as vice chairman and chief financial officer.</p>
<p>Miller will remain a director of the company, it said.</p>
<p>Miller, who had had been with Barnes &amp; Noble for about seven years, wanted to pursue other personal and business interests, the company said in a release.</p>
<p>Miller's financial duties will be assumed by William Duffy, who has been named chief accounting officer, the company said. Duffy had been vice president for finance.</p>
</text>
<copyright>(c) Reuters Limited 1997</copyright>
<metadata>
<codes class="bip:countries:1.0">
  <code code="USA">
    <editdetail attribution="Reuters BIP Coding Group" action="confirmed" date="1997-05-28"/>
  </code>
</codes>
<codes class="bip:industries:1.0">
  <code code="I47530">
    <editdetail attribution="Reuters BIP Coding Group" action="confirmed" date="1997-05-28"/>
  </code>
</codes>
<codes class="bip:topics:1.0">
  <code code="C41">
    <editdetail attribution="Reuters BIP Coding Group" action="confirmed" date="1997-05-28"/>
  </code>
  <code code="C411">
    <editdetail attribution="Reuters BIP Coding Group" action="confirmed" date="1997-05-28"/>
  </code>
  <code code="CCAT">
    <editdetail attribution="Reuters BIP Coding Group" action="confirmed" date="1997-05-28"/>
  </code>
</codes>
<dc element="dc.date.created" value="1997-05-28"/>
<dc element="dc.publisher" value="Reuters Holdings Plc"/>
<dc element="dc.date.published" value="1997-05-28"/>
<dc element="dc.source" value="Reuters"/>
<dc element="dc.creator.location" value="NEW YORK"/>
<dc element="dc.creator.location.country.name" value="USA"/>
<dc element="dc.source" value="Reuters"/>
</metadata>
</newsitem>
