<?xml version="1.0" encoding="iso-8859-1" ?>
<newsitem itemid="619156" id="root" date="1997-05-28" xml:lang="en">
<title>USA: RDO Equipment Inc Q1 April 30 net rises.</title>
<headline>RDO Equipment Inc Q1 April 30 net rises.</headline>
<dateline>FARGO, N.D. 1997-05-28</dateline>
<text>
<p>1997			1996</p>
<p> Shr			  $0.18 proforma	 $0.17</p>
<p> Net			  2,379 proforma	 1,598</p>
<p> Revs			84,798		   70,886</p>
<p> Avg shrs		  13,226		    9,429</p>
<p>(All data above 000s except per share numbers)</p>
<p>NOTE: For the three months ended April 30, 1996, the company was not subject to corporate income taxes. A pro forma income tax provision has been included as if the company were subject to corporate income taxes for that period.</p>
<p>((--Chicago newsdesk, 312-408-8787))</p>
</text>
<copyright>(c) Reuters Limited 1997</copyright>
<metadata>
<codes class="bip:countries:1.0">
  <code code="USA">
    <editdetail attribution="Reuters BIP Coding Group" action="confirmed" date="1997-05-28"/>
  </code>
</codes>
<codes class="bip:industries:1.0">
  <code code="I65400">
    <editdetail attribution="Reuters BIP Coding Group" action="confirmed" date="1997-05-28"/>
  </code>
</codes>
<codes class="bip:topics:1.0">
  <code code="C15">
    <editdetail attribution="Reuters BIP Coding Group" action="confirmed" date="1997-05-28"/>
  </code>
  <code code="C151">
    <editdetail attribution="Reuters BIP Coding Group" action="confirmed" date="1997-05-28"/>
  </code>
  <code code="CCAT">
    <editdetail attribution="Reuters BIP Coding Group" action="confirmed" date="1997-05-28"/>
  </code>
</codes>
<dc element="dc.date.created" value="1997-05-28"/>
<dc element="dc.publisher" value="Reuters Holdings Plc"/>
<dc element="dc.date.published" value="1997-05-28"/>
<dc element="dc.source" value="Reuters"/>
<dc element="dc.creator.location" value="FARGO, N.D."/>
<dc element="dc.creator.location.country.name" value="USA"/>
<dc element="dc.source" value="Reuters"/>
</metadata>
</newsitem>
