<?xml version="1.0" encoding="iso-8859-1" ?>
<newsitem itemid="619119" id="root" date="1997-05-28" xml:lang="en">
<title>USA: Scotts to build $9.1 mln warehouse at hq.</title>
<headline>Scotts to build $9.1 mln warehouse at hq.</headline>
<dateline>MARYSVILLE, Ohio 1997-05-28</dateline>
<text>
<p>The Scotts Company said Wednesday it will start construction this month on a $9.1 million warehouse facility at its headquarters complex here.</p>
<p>The company said the 450,000-square-foot building, adjacent to an existing 250,000-square-foot warehouse, will generate $1 million in new tax revenues for Union County over the next five years.</p>
<p>The facility will hold an average monthly inventory of $15 million in Scotts products, the lawn and garden products company said. It will allow the company to consolidate its central Ohio inventories in one location.</p>
<p>The new facility will have a storage capacity in excess of 60 million pounds of finished product, loading dock doors for 45 trucks, and parking for more than 200 trailers, Scotts said.</p>
<p>The Union County Commissioners granted Scotts a 50 percent tax abatement on real and personal property taxes associated with the new warehouse for five years, Scotts said.</p>
</text>
<copyright>(c) Reuters Limited 1997</copyright>
<metadata>
<codes class="bip:countries:1.0">
  <code code="USA">
    <editdetail attribution="Reuters BIP Coding Group" action="confirmed" date="1997-05-28"/>
  </code>
</codes>
<codes class="bip:industries:1.0">
  <code code="I50200">
    <editdetail attribution="Reuters BIP Coding Group" action="confirmed" date="1997-05-28"/>
  </code>
  <code code="I5020047">
    <editdetail attribution="Reuters BIP Coding Group" action="confirmed" date="1997-05-28"/>
  </code>
</codes>
<codes class="bip:topics:1.0">
  <code code="C11">
    <editdetail attribution="Reuters BIP Coding Group" action="confirmed" date="1997-05-28"/>
  </code>
  <code code="C24">
    <editdetail attribution="Reuters BIP Coding Group" action="confirmed" date="1997-05-28"/>
  </code>
  <code code="CCAT">
    <editdetail attribution="Reuters BIP Coding Group" action="confirmed" date="1997-05-28"/>
  </code>
</codes>
<dc element="dc.date.created" value="1997-05-28"/>
<dc element="dc.publisher" value="Reuters Holdings Plc"/>
<dc element="dc.date.published" value="1997-05-28"/>
<dc element="dc.source" value="Reuters"/>
<dc element="dc.creator.location" value="MARYSVILLE, Ohio"/>
<dc element="dc.creator.location.country.name" value="USA"/>
<dc element="dc.source" value="Reuters"/>
</metadata>
</newsitem>
