<?xml version="1.0" encoding="iso-8859-1" ?>
<newsitem itemid="619144" id="root" date="1997-05-28" xml:lang="en">
<title>USA: Maxim Group Q1 shr $0.20 vs $0.08.</title>
<headline>Maxim Group Q1 shr $0.20 vs $0.08.</headline>
<dateline>KENNESAW, Ga. 1997-05-28</dateline>
<text>
<p>4/30/97	 4/30/96</p>
<p>Revenues:</p>
<p>Retail Related Revenues:</p>
<p>  Sale of Floorcovering		$ 33,590,615  $ 27,129,116</p>
<p>  Franchise Related Revenues	    7,281,256     5,911,659</p>
<p>  Other					 1,454,948	 614,083</p>
<p>  Total Retail Revenues		  42,326,819    33,654,858</p>
<p>Manufacturing Related Revenues</p>
<p>  Sale of Floorcovering		  37,899,283    29,495,981</p>
<p>  PET and Fiber Sales		     5,772,105     9,615,029</p>
<p>  Other					   226,588	 476,251</p>
<p>  Total Manufacturing Revenues	 43,897,976    39,587,261</p>
<p>Other</p>
<p>  Total Revenues:			  86,224,795    73,242,119</p>
<p>  Costs of Good Sold		     59,154,404    52,958,163</p>
<p>  Gross Profit			     27,070,391    20,283,956</p>
<p>  Gross Profit/Sales			   31.40%	  27.69%</p>
<p> SGA					   20,438,138    17,124,726</p>
<p>  SGA/Sales					23.70%	  23.38%</p>
<p>  Operating Income			  6,632,253     3,159,230</p>
<p>  Operating Income/Sales			7.69%	   4.31%</p>
<p>  Net Interest Income (Expense)     (1,307,493)   (1,474,901)</p>
<p>  Other (Expense) Income		     34,908	  84,149</p>
<p>  Earnings before Tax		     5,359,668     1,768,478</p>
<p>  Income Tax				  2,108,828	 616,380</p>
<p>  Net Income				  3,250,840     1,152,098</p>
<p>  Earnings Per Share			     0.20	    0.08</p>
<p>Weighted average shares</p>
<p>   outstanding			     16,630,316    13,611,364</p>
<p>NOTES: Full company name is Maxim Group Inc.</p>
<p>The company said Q1 earnings were affected by lower-than- expected costs within the company-owned retail network and stronger-than-expected sales within the franchise and Image divisions.</p>
<p>-- New York Newsdesk 212 859-1610</p>
</text>
<copyright>(c) Reuters Limited 1997</copyright>
<metadata>
<codes class="bip:countries:1.0">
  <code code="USA">
    <editdetail attribution="Reuters BIP Coding Group" action="confirmed" date="1997-05-28"/>
  </code>
</codes>
<codes class="bip:industries:1.0">
  <code code="I64700">
    <editdetail attribution="Reuters BIP Coding Group" action="confirmed" date="1997-05-28"/>
  </code>
</codes>
<codes class="bip:topics:1.0">
  <code code="C15">
    <editdetail attribution="Reuters BIP Coding Group" action="confirmed" date="1997-05-28"/>
  </code>
  <code code="C151">
    <editdetail attribution="Reuters BIP Coding Group" action="confirmed" date="1997-05-28"/>
  </code>
  <code code="CCAT">
    <editdetail attribution="Reuters BIP Coding Group" action="confirmed" date="1997-05-28"/>
  </code>
</codes>
<dc element="dc.date.created" value="1997-05-28"/>
<dc element="dc.publisher" value="Reuters Holdings Plc"/>
<dc element="dc.date.published" value="1997-05-28"/>
<dc element="dc.source" value="Reuters"/>
<dc element="dc.creator.location" value="KENNESAW, Ga."/>
<dc element="dc.creator.location.country.name" value="USA"/>
<dc element="dc.source" value="Reuters"/>
</metadata>
</newsitem>
