<?xml version="1.0" encoding="iso-8859-1" ?>
<newsitem itemid="619162" id="root" date="1997-05-28" xml:lang="en">
<title>USA: Centigram Q2 shr loss $0.90 vs $0.19.</title>
<headline>Centigram Q2 shr loss $0.90 vs $0.19.</headline>
<dateline>SAN JOSE, Calif 1997-05-28</dateline>
<text>
<p>(in thousands, except per share data)</p>
<p>					   Second Quarter</p>
<p>				1997    1996</p>
<p>Net revenue		$24,899   $24,533</p>
<p>Cost of goods sold	10,839    10,950</p>
<p>     Gross profit	 14,060    13,583</p>
<p>Operating expenses:</p>
<p> Research &amp; development  5,451     4,961</p>
<p>  Sales, general, admin 11,917    10,483</p>
<p>  Other			3,563     --</p>
<p>    Total oper expenses 20,931    15,444</p>
<p>Operating income (loss) (6,871)   (1,861)</p>
<p>Other income and expense, net</p>
<p>				    567	550</p>
<p>Income (loss) before income</p>
<p>	taxes expense	(6,304)   (1,311)</p>
<p>Provision for income taxes				   --</p>
<p>	 --</p>
<p>     Net income (loss)   $(6,304)   $(1,311)</p>
<p>Net income (loss) per shr $(0.90)    $(0.19)</p>
<p>Weighted average common shares</p>
<p>    outstanding		6,994	 6,806</p>
</text>
<copyright>(c) Reuters Limited 1997</copyright>
<metadata>
<codes class="bip:countries:1.0">
  <code code="USA">
    <editdetail attribution="Reuters BIP Coding Group" action="confirmed" date="1997-05-28"/>
  </code>
</codes>
<codes class="bip:industries:1.0">
  <code code="I34400">
    <editdetail attribution="Reuters BIP Coding Group" action="confirmed" date="1997-05-28"/>
  </code>
</codes>
<codes class="bip:topics:1.0">
  <code code="C15">
    <editdetail attribution="Reuters BIP Coding Group" action="confirmed" date="1997-05-28"/>
  </code>
  <code code="C151">
    <editdetail attribution="Reuters BIP Coding Group" action="confirmed" date="1997-05-28"/>
  </code>
  <code code="CCAT">
    <editdetail attribution="Reuters BIP Coding Group" action="confirmed" date="1997-05-28"/>
  </code>
</codes>
<dc element="dc.date.created" value="1997-05-28"/>
<dc element="dc.publisher" value="Reuters Holdings Plc"/>
<dc element="dc.date.published" value="1997-05-28"/>
<dc element="dc.source" value="Reuters"/>
<dc element="dc.creator.location" value="SAN JOSE, Calif"/>
<dc element="dc.creator.location.country.name" value="USA"/>
<dc element="dc.source" value="Reuters"/>
</metadata>
</newsitem>
