<?xml version="1.0" encoding="iso-8859-1" ?>
<newsitem itemid="619115" id="root" date="1997-05-28" xml:lang="en">
<title>USA: DCI Telecommunications Inc year net loss.</title>
<headline>DCI Telecommunications Inc year net loss.</headline>
<dateline>FAIRFIELD, Conn. 1997-05-28</dateline>
<text>
<p>Year Ended March 31,</p>
<p>						    1997	   1996</p>
<p> Net Sales				 $2,793,948   $1,842,170</p>
<p> Cost of Sales			    1,943,704    1,399,862</p>
<p> Gross Profit				 850,244	442,308</p>
<p>Selling, General &amp;</p>
<p>  Administrative Expenses		 420,810	416,141</p>
<p> Salaries and Compensation		438,867	383,510</p>
<p> Professional and Consulting Fees	96,880	130,962</p>
<p> Amortization and Depreciation	  265,737	193,059</p>
<p> Total					1,222,294    1,123,672</p>
<p> Income (Loss) from Operations	(372,050)    (681,364)</p>
<p>Other Income and (Expense):</p>
<p> Interest Expense			  (20,799)     (30,670)</p>
<p> Interest Income			     19,571	    120</p>
<p> Total					  (1,228)     (30,550)</p>
<p> Net (Loss)				( 373,278)   ( 711,914)</p>
<p> Net (loss) per common share	    ( 0.07)	( 0.36)</p>
<p>Weighted average common shares</p>
<p>  outstanding			     4,986,139    1,988,426</p>
<p>-- New York Newsdesk 212 859-1610</p>
<p>NOTE: Declining net loss for 1997 reflects the acquisition of Muller Media, which is being recorded on the purchase method of accounting.</p>
</text>
<copyright>(c) Reuters Limited 1997</copyright>
<metadata>
<codes class="bip:countries:1.0">
  <code code="USA">
    <editdetail attribution="Reuters BIP Coding Group" action="confirmed" date="1997-05-28"/>
  </code>
</codes>
<codes class="bip:industries:1.0">
  <code code="I79020">
    <editdetail attribution="Reuters BIP Coding Group" action="confirmed" date="1997-05-28"/>
  </code>
</codes>
<codes class="bip:topics:1.0">
  <code code="C15">
    <editdetail attribution="Reuters BIP Coding Group" action="confirmed" date="1997-05-28"/>
  </code>
  <code code="C151">
    <editdetail attribution="Reuters BIP Coding Group" action="confirmed" date="1997-05-28"/>
  </code>
  <code code="C1511">
    <editdetail attribution="Reuters BIP Coding Group" action="confirmed" date="1997-05-28"/>
  </code>
  <code code="CCAT">
    <editdetail attribution="Reuters BIP Coding Group" action="confirmed" date="1997-05-28"/>
  </code>
</codes>
<dc element="dc.date.created" value="1997-05-28"/>
<dc element="dc.publisher" value="Reuters Holdings Plc"/>
<dc element="dc.date.published" value="1997-05-28"/>
<dc element="dc.source" value="Reuters"/>
<dc element="dc.creator.location" value="FAIRFIELD, Conn."/>
<dc element="dc.creator.location.country.name" value="USA"/>
<dc element="dc.source" value="Reuters"/>
</metadata>
</newsitem>
