<?xml version="1.0" encoding="iso-8859-1" ?>
<newsitem itemid="619168" id="root" date="1997-05-28" xml:lang="en">
<title>USA: Former Miami, Fla., manager Odio pleads guilty.</title>
<headline>Former Miami, Fla., manager Odio pleads guilty.</headline>
<dateline>MIAMI 1997-05-28</dateline>
<text>
<p>Former Miami City Manager Cesar Odio pleaded guilty Wednesday to a federal charge of obstructing justice.</p>
<p>In exchange for the guilty plea, additional corruption charges against him were dropped.</p>
<p>Odio is scheduled to be sentenced on Aug. 20 and faces 10 to 16 months in prison under terms of the plea agreement, his attorney, Ed Shohat, said.</p>
<p>Odio resigned last fall after he was indicted on charges of conspiring to solicit a kickback from a computer company that sought a city contract.</p>
<p>&quot;I feel better in the sense that my family has been under tremendous strain. I have not let anyone down,&quot; Odio said after entering the plea Wednesday before U.S. District Judge K. Michael Moore.</p>
<p>((--Miami Bureau, 305-374-5013))</p>
</text>
<copyright>(c) Reuters Limited 1997</copyright>
<metadata>
<codes class="bip:countries:1.0">
  <code code="USA">
    <editdetail attribution="Reuters BIP Coding Group" action="confirmed" date="1997-05-28"/>
  </code>
</codes>
<codes class="bip:topics:1.0">
  <code code="GCAT">
    <editdetail attribution="Reuters BIP Coding Group" action="confirmed" date="1997-05-28"/>
  </code>
  <code code="GCRIM">
    <editdetail attribution="Reuters BIP Coding Group" action="confirmed" date="1997-05-28"/>
  </code>
</codes>
<dc element="dc.date.created" value="1997-05-28"/>
<dc element="dc.publisher" value="Reuters Holdings Plc"/>
<dc element="dc.date.published" value="1997-05-28"/>
<dc element="dc.source" value="Reuters"/>
<dc element="dc.creator.location" value="MIAMI"/>
<dc element="dc.creator.location.country.name" value="USA"/>
<dc element="dc.source" value="Reuters"/>
</metadata>
</newsitem>
