<?xml version="1.0" encoding="iso-8859-1" ?>
<newsitem itemid="619129" id="root" date="1997-05-28" xml:lang="en">
<title>USA: Synthetech Inc FY 97 shr rises.</title>
<headline>Synthetech Inc FY 97 shr rises.</headline>
<dateline>ALBANY, Ore. 1997-05-28</dateline>
<text>
<p>Fiscal Years ended March 31,</p>
<p>						     1997		1996</p>
<p>				    (thousands except per share data)</p>
<p>Revenues:</p>
<p>   Sales of products			$12,797	   $ 8,472</p>
<p>Expenses:</p>
<p>   Cost of sales				5,103	     3,685</p>
<p>   Research and development		   211		 217</p>
<p>   Selling, general and administrative  1,235		 833</p>
<p> Operating income			     6,248	     3,737</p>
<p> Effective tax rate			     38%		 36%</p>
<p> Net income				     4,112	     2,574</p>
<p> Net income per share			  0.29		0.19</p>
<p>Shares used in per share calculations</p>
<p>						   14,117	    13,728</p>
</text>
<copyright>(c) Reuters Limited 1997</copyright>
<metadata>
<codes class="bip:countries:1.0">
  <code code="USA">
    <editdetail attribution="Reuters BIP Coding Group" action="confirmed" date="1997-05-28"/>
  </code>
</codes>
<codes class="bip:industries:1.0">
  <code code="I25700">
    <editdetail attribution="Reuters BIP Coding Group" action="confirmed" date="1997-05-28"/>
  </code>
</codes>
<codes class="bip:topics:1.0">
  <code code="C15">
    <editdetail attribution="Reuters BIP Coding Group" action="confirmed" date="1997-05-28"/>
  </code>
  <code code="C151">
    <editdetail attribution="Reuters BIP Coding Group" action="confirmed" date="1997-05-28"/>
  </code>
  <code code="C1511">
    <editdetail attribution="Reuters BIP Coding Group" action="confirmed" date="1997-05-28"/>
  </code>
  <code code="CCAT">
    <editdetail attribution="Reuters BIP Coding Group" action="confirmed" date="1997-05-28"/>
  </code>
</codes>
<dc element="dc.date.created" value="1997-05-28"/>
<dc element="dc.publisher" value="Reuters Holdings Plc"/>
<dc element="dc.date.published" value="1997-05-28"/>
<dc element="dc.source" value="Reuters"/>
<dc element="dc.creator.location" value="ALBANY, Ore."/>
<dc element="dc.creator.location.country.name" value="USA"/>
<dc element="dc.source" value="Reuters"/>
</metadata>
</newsitem>
