<?xml version="1.0" encoding="iso-8859-1" ?>
<newsitem itemid="619177" id="root" date="1997-05-28" xml:lang="en">
<title>USA: Midcoast files for 2.1 mln common shares.</title>
<headline>Midcoast files for 2.1 mln common shares.</headline>
<dateline>WASHINGTON 1997-05-28</dateline>
<text>
<p>Midcoast Energy Resources Inc filed Wednesday with the Securities and Exchange Commission a registration to sell up to 2.1 million common shares.</p>
<p>Of the total amount, two million shares will be offered by the company and 100,000 will be sold by a selling stockholder, Midcoast said in the filing. After the offering, outstanding shares will total 4,500,000 common.</p>
<p>The underwriters were granted a 30-day over-allotment option to purchase up to 315,000 additional common shares. The offering will be made through Oppenheimer &amp; Co Inc, A.G. Edwards &amp; Sons Inc and Coleman and Company Securities Inc.</p>
<p>Net proceeds will be used to repay bank debt incurred in connection with the AlaTenn acquisition.</p>
<p>Midcoast, based in Houston, Texas, is primarily engaged in transportation, gathering, processing and marketing of natural gas and other petroleum products.</p>
</text>
<copyright>(c) Reuters Limited 1997</copyright>
<metadata>
<codes class="bip:countries:1.0">
  <code code="USA">
    <editdetail attribution="Reuters BIP Coding Group" action="confirmed" date="1997-05-28"/>
  </code>
</codes>
<codes class="bip:industries:1.0">
  <code code="I13000">
    <editdetail attribution="Reuters BIP Coding Group" action="confirmed" date="1997-05-28"/>
  </code>
</codes>
<codes class="bip:topics:1.0">
  <code code="C17">
    <editdetail attribution="Reuters BIP Coding Group" action="confirmed" date="1997-05-28"/>
  </code>
  <code code="C171">
    <editdetail attribution="Reuters BIP Coding Group" action="confirmed" date="1997-05-28"/>
  </code>
  <code code="CCAT">
    <editdetail attribution="Reuters BIP Coding Group" action="confirmed" date="1997-05-28"/>
  </code>
</codes>
<dc element="dc.date.created" value="1997-05-28"/>
<dc element="dc.publisher" value="Reuters Holdings Plc"/>
<dc element="dc.date.published" value="1997-05-28"/>
<dc element="dc.source" value="Reuters"/>
<dc element="dc.creator.location" value="WASHINGTON"/>
<dc element="dc.creator.location.country.name" value="USA"/>
<dc element="dc.source" value="Reuters"/>
</metadata>
</newsitem>
