<?xml version="1.0" encoding="iso-8859-1" ?>
<newsitem itemid="619197" id="root" date="1997-05-28" xml:lang="en">
<title>USA: SouthTrust official says company not for sale.</title>
<headline>SouthTrust official says company not for sale.</headline>
<dateline>ATLANTA 1997-05-28</dateline>
<text>
<p>SouthTrust Corp's investor relations director adamantly insisted Wednesday that the banking company is no candidate for a merger despite Wall Street's long held speculation to the contrary.</p>
<p>&quot;There is no for sale sign up,&quot; the executive, C.H. &quot;Butch&quot; Crouch said in answer to a question from the floor after he addressed the Atlanta Society of Financial Analysts.</p>
<p>&quot;The odds of us selling the bank are about nil,&quot; said Crouch, the company's senior vice president for investor relations.  </p>
<p>Wall Street analysts, however, have speculated for a decade that the medium-sized Birmingham, Ala.-based bank holding company is an ideal candidate to be acquired by a larger institution.</p>
<p>Analysts say the $26.2-billion asset company is too large to compete against fleet-footed smaller banks and yet not large enough to offer the services and lending capacities of money center and super-regional banks.  SouthTrust executives consistently maintain they have developed strategies to overcome those perceived shortcomings.  </p>
<p>Crouch said SouthTrust management has never even hinted that it would welcome a merger as have other peer group institutions as a means to help bolster the price of their common stock.  &quot;We don't even flirt,&quot; he said. &quot;Some other banks say, 'We're for sale, but maybe not.'&quot;</p>
<p>Another SouthTrust executive, Thomas Coley, chairman and chief executive of the company's Georgia operation, SouthTrust Bank of Georgia, told the analysts, &quot;If you're buying our stock, buy it on performance.  Don't buy it on takeover (speculation).&quot;</p>
<p>Separately, Crouch described in an interview as &quot;reasonable&quot; Wall Street's consensus earnings per share estimate for 1997 of $3 versus $2.69 in 1996. During his presentation to analysts, Crouch said that the company's five-year goal beginning in 1997 is to achieve an annual return on equity rate of 18 percent, compared with 16 percent during the previous five years.</p>
<p>((--Miami Bureau, 305-374-5013))</p>
</text>
<copyright>(c) Reuters Limited 1997</copyright>
<metadata>
<codes class="bip:countries:1.0">
  <code code="USA">
    <editdetail attribution="Reuters BIP Coding Group" action="confirmed" date="1997-05-28"/>
  </code>
</codes>
<codes class="bip:industries:1.0">
  <code code="I81402">
    <editdetail attribution="Reuters BIP Coding Group" action="confirmed" date="1997-05-28"/>
  </code>
</codes>
<codes class="bip:topics:1.0">
  <code code="C11">
    <editdetail attribution="Reuters BIP Coding Group" action="confirmed" date="1997-05-28"/>
  </code>
  <code code="C18">
    <editdetail attribution="Reuters BIP Coding Group" action="confirmed" date="1997-05-28"/>
  </code>
  <code code="C181">
    <editdetail attribution="Reuters BIP Coding Group" action="confirmed" date="1997-05-28"/>
  </code>
  <code code="CCAT">
    <editdetail attribution="Reuters BIP Coding Group" action="confirmed" date="1997-05-28"/>
  </code>
</codes>
<dc element="dc.date.created" value="1997-05-28"/>
<dc element="dc.publisher" value="Reuters Holdings Plc"/>
<dc element="dc.date.published" value="1997-05-28"/>
<dc element="dc.source" value="Reuters"/>
<dc element="dc.creator.location" value="ATLANTA"/>
<dc element="dc.creator.location.country.name" value="USA"/>
<dc element="dc.source" value="Reuters"/>
</metadata>
</newsitem>
