<?xml version="1.0" encoding="iso-8859-1" ?>
<newsitem itemid="619164" id="root" date="1997-05-28" xml:lang="en">
<title>USA: Citgo, union talk temporary deal at Illinois plant.</title>
<headline>Citgo, union talk temporary deal at Illinois plant.</headline>
<dateline>NEW YORK 1997-05-28</dateline>
<text>
<p>Citgo Petroleum Corp and local Oil Chemical and Atomic Workers Union (OCAW) officials at the company's Lemont, Illinois plant held talks Wednesday over a possible interim deal to ensure workers there are protected by an agreement until a dispute is worked out.</p>
<p>Citgo, an affiliate of PDV America Inc which is state owned Petroleos de Venezuela's main U.S. operating company, last week said it was looking to negotiate a new agreement with Lemont workers on the grounds that Citgo was not a party to a deal worked out last year after a bitter nine-month dispute.</p>
<p>&quot;The company has taken the position that there is nothing in place. What we are trying to do is to agree an interim agreement with a life of 90 days to give our members some protection,&quot; said Dean Alexander, assistant to OCAW president Bob Wages and one of the negotiators of last year's deal.</p>
<p>Union officials say that Citgo is being disingenuous in claiming to be a &quot;new&quot; employer as its parent was a 50 percent owner in the plant and a co-signer to last year's agreement.</p>
<p>&quot;We're in the courts now and going to continue that fight. In the meantime, we have to figure out some way to offer our members protection and we're saying, 'sit down and talk about an interim agreement,'&quot; said Alexander.</p>
<p>The longer-term dispute will have to await a court ruling and hinges on the interpretation of the Burns Security Services versus National Labor Relations Board Supreme Court decision of 1972 which essentially allows a new owner to throw out a previously negotiated labor agreement.</p>
<p>The signatories to last year's agreement at the Lemont plant were the union and both of the the then 50-50 owners, Unocal Corp and PDV America.</p>
<p>In a deal which closed earlier this month, Unocal retained the joint-venture corporate entity, UNO-VEN, with $250 million in cash. PDV America created PDV MidWest Refining Inc as the corporate owner of the Lemont plant and other UNO-VEN assets and gave Citgo an operating contract for the Lemont refinery.</p>
<p>&quot;We think we can prove that Citgo is a joint employer and required by law to honor the original agreement,&quot; said Alexander.</p>
<p>Citgo officials weren't immediately available for comment.</p>
<p>--Tony McAuley, New York Energy Desk, +1 212 859 1623</p>
</text>
<copyright>(c) Reuters Limited 1997</copyright>
<metadata>
<codes class="bip:countries:1.0">
  <code code="USA">
    <editdetail attribution="Reuters BIP Coding Group" action="confirmed" date="1997-05-28"/>
  </code>
  <code code="VEN">
    <editdetail attribution="Reuters BIP Coding Group" action="confirmed" date="1997-05-28"/>
  </code>
</codes>
<codes class="bip:industries:1.0">
  <code code="I13000">
    <editdetail attribution="Reuters BIP Coding Group" action="confirmed" date="1997-05-28"/>
  </code>
  <code code="I1300003">
    <editdetail attribution="Reuters BIP Coding Group" action="confirmed" date="1997-05-28"/>
  </code>
</codes>
<codes class="bip:topics:1.0">
  <code code="C42">
    <editdetail attribution="Reuters BIP Coding Group" action="confirmed" date="1997-05-28"/>
  </code>
  <code code="CCAT">
    <editdetail attribution="Reuters BIP Coding Group" action="confirmed" date="1997-05-28"/>
  </code>
  <code code="E41">
    <editdetail attribution="Reuters BIP Coding Group" action="confirmed" date="1997-05-28"/>
  </code>
  <code code="ECAT">
    <editdetail attribution="Reuters BIP Coding Group" action="confirmed" date="1997-05-28"/>
  </code>
  <code code="GCAT">
    <editdetail attribution="Reuters BIP Coding Group" action="confirmed" date="1997-05-28"/>
  </code>
  <code code="GJOB">
    <editdetail attribution="Reuters BIP Coding Group" action="confirmed" date="1997-05-28"/>
  </code>
</codes>
<dc element="dc.date.created" value="1997-05-28"/>
<dc element="dc.publisher" value="Reuters Holdings Plc"/>
<dc element="dc.date.published" value="1997-05-28"/>
<dc element="dc.source" value="Reuters"/>
<dc element="dc.creator.location" value="NEW YORK"/>
<dc element="dc.creator.location.country.name" value="USA"/>
<dc element="dc.source" value="Reuters"/>
</metadata>
</newsitem>
