<?xml version="1.0" encoding="iso-8859-1" ?>
<newsitem itemid="619136" id="root" date="1997-05-28" xml:lang="en">
<title>USA: SVI Holdings Q2 shr unchanged at $0.02.</title>
<headline>SVI Holdings Q2 shr unchanged at $0.02.</headline>
<dateline>SAN DIEGO 1997-05-28</dateline>
<text>
<p>SVI HOLDINGS INC.</p>
<p>			Three Months Ended	Six Months Ended</p>
<p>			    March 31,		   March 31,</p>
<p>			 1997	  1996	  1997	  1996</p>
<p> Net Sales     $1,870,912    $167,531  $3,930,164    $357,808</p>
<p> Net Income	 301,700     187,879     563,217	98,597</p>
<p>Net Income Per Share</p>
<p>			    .02	   .02	   .04	   .01</p>
<p>Weighted Average</p>
<p>Common Shares</p>
<p>Outstanding  13,833,880  11,972,467  13,248,340  11,679,467</p>
</text>
<copyright>(c) Reuters Limited 1997</copyright>
<metadata>
<codes class="bip:countries:1.0">
  <code code="USA">
    <editdetail attribution="Reuters BIP Coding Group" action="confirmed" date="1997-05-28"/>
  </code>
</codes>
<codes class="bip:topics:1.0">
  <code code="C15">
    <editdetail attribution="Reuters BIP Coding Group" action="confirmed" date="1997-05-28"/>
  </code>
  <code code="C151">
    <editdetail attribution="Reuters BIP Coding Group" action="confirmed" date="1997-05-28"/>
  </code>
  <code code="CCAT">
    <editdetail attribution="Reuters BIP Coding Group" action="confirmed" date="1997-05-28"/>
  </code>
</codes>
<dc element="dc.date.created" value="1997-05-28"/>
<dc element="dc.publisher" value="Reuters Holdings Plc"/>
<dc element="dc.date.published" value="1997-05-28"/>
<dc element="dc.source" value="Reuters"/>
<dc element="dc.creator.location" value="SAN DIEGO"/>
<dc element="dc.creator.location.country.name" value="USA"/>
<dc element="dc.source" value="Reuters"/>
</metadata>
</newsitem>
