<?xml version="1.0" encoding="iso-8859-1" ?>
<newsitem itemid="619184" id="root" date="1997-05-28" xml:lang="en">
<title>USA: GE unit FGIC net income falls 10 pct in Q1.</title>
<headline>GE unit FGIC net income falls 10 pct in Q1.</headline>
<dateline>NEW YORK 1997-05-28</dateline>
<text>
<p>First quarter net income for Financial Guaranty Insurance Co, a unit of General Electric Co's GE Capital Services, fell 10 percent in first quarter 1997 to $43.6 million, according to an official filing by the company.</p>
<p>The income statement, submitted to the Nebraska Department of Insurance and obtained by Reuters, said net income for the same period in 1996 was $48.4 million.  </p>
<p>FGIC announced earlier this year it would stop releasing its quarterly earnings information to the general public, in keeping with a policy in effect for other subsidiaries of GE Capital.</p>
<p>FGIC said, however, it would continue releasing the information to regulators, rating agencies and other official entities.</p>
<p>FGIC's Nebraska filing also indicates that premiums earned in the first quarter dropped 18 percent to $27 million. Investment gains rose to $37.7 million from $36.1 million.</p>
<p>Policyholders' surplus as of March 31, 1997 rose to $1.12 billion from $1.03 billion on Dec. 31, 1996.</p>
<p>--Steven Dickson, ((212-859-1652))</p>
</text>
<copyright>(c) Reuters Limited 1997</copyright>
<metadata>
<codes class="bip:countries:1.0">
  <code code="USA">
    <editdetail attribution="Reuters BIP Coding Group" action="confirmed" date="1997-05-28"/>
  </code>
</codes>
<codes class="bip:industries:1.0">
  <code code="I34000">
    <editdetail attribution="Reuters BIP Coding Group" action="confirmed" date="1997-05-28"/>
  </code>
  <code code="I82000">
    <editdetail attribution="Reuters BIP Coding Group" action="confirmed" date="1997-05-28"/>
  </code>
</codes>
<codes class="bip:topics:1.0">
  <code code="C15">
    <editdetail attribution="Reuters BIP Coding Group" action="confirmed" date="1997-05-28"/>
  </code>
  <code code="C151">
    <editdetail attribution="Reuters BIP Coding Group" action="confirmed" date="1997-05-28"/>
  </code>
  <code code="CCAT">
    <editdetail attribution="Reuters BIP Coding Group" action="confirmed" date="1997-05-28"/>
  </code>
</codes>
<dc element="dc.date.created" value="1997-05-28"/>
<dc element="dc.publisher" value="Reuters Holdings Plc"/>
<dc element="dc.date.published" value="1997-05-28"/>
<dc element="dc.source" value="Reuters"/>
<dc element="dc.creator.location" value="NEW YORK"/>
<dc element="dc.creator.location.country.name" value="USA"/>
<dc element="dc.source" value="Reuters"/>
</metadata>
</newsitem>
