<?xml version="1.0" encoding="iso-8859-1" ?>
<newsitem itemid="619240" id="root" date="1997-05-28" xml:lang="en">
<title>USA: People's Choice says delisting hearing set.</title>
<headline>People's Choice says delisting hearing set.</headline>
<dateline>SHELTON, Conn. 1997-05-28</dateline>
<text>
<p>People's Choice TV Corp on Wednesday said Nasdaq officials have set June 26 as the date for People's appeal of Nasdaq's previous determination to delist the company's stock.</p>
<p>People's Choice said it is out of compliance with Nasdaq listing criteria because the company has negative tangible net assets as calculated pursuant to Nasdaq's National Market System criteria.</p>
<p>The company on May 15 said it had been told by Nasdaq officials that they would not grant a waiver of the listing criteria.</p>
<p>People's Choice said Nasdaq staff will not recommend People's Choice for listing on the Nasdaq SmallCap Market.</p>
<p>The company will present its case in an oral hearing before a panel appointed by the Nasdaq Board of Governors. The board is expected to render a decision shortly afterward, the company said.</p>
</text>
<copyright>(c) Reuters Limited 1997</copyright>
<metadata>
<codes class="bip:countries:1.0">
  <code code="USA">
    <editdetail attribution="Reuters BIP Coding Group" action="confirmed" date="1997-05-28"/>
  </code>
</codes>
<codes class="bip:industries:1.0">
  <code code="I9741109">
    <editdetail attribution="Reuters BIP Coding Group" action="confirmed" date="1997-05-28"/>
  </code>
</codes>
<codes class="bip:topics:1.0">
  <code code="C14">
    <editdetail attribution="Reuters BIP Coding Group" action="confirmed" date="1997-05-28"/>
  </code>
  <code code="CCAT">
    <editdetail attribution="Reuters BIP Coding Group" action="confirmed" date="1997-05-28"/>
  </code>
</codes>
<dc element="dc.date.created" value="1997-05-28"/>
<dc element="dc.publisher" value="Reuters Holdings Plc"/>
<dc element="dc.date.published" value="1997-05-28"/>
<dc element="dc.source" value="Reuters"/>
<dc element="dc.creator.location" value="SHELTON, Conn."/>
<dc element="dc.creator.location.country.name" value="USA"/>
<dc element="dc.source" value="Reuters"/>
</metadata>
</newsitem>
