<?xml version="1.0" encoding="iso-8859-1" ?>
<newsitem itemid="619268" id="root" date="1997-05-28" xml:lang="en">
<title>USA: Liberty Property says closes credit facility.</title>
<headline>Liberty Property says closes credit facility.</headline>
<dateline>MALVERN, Pa. 1997-05-28</dateline>
<text>
<p>Liberty Property Trust said Wednesday it closed  a $325 million unsecured revolving credit facility arranged by BankBoston NA.</p>
<p>The initial interest rate is LIBOR plus 125 basis points, subject to adjustment based on the company's level of leverage and its credit rating.</p>
<p>At a BBB-/Baa3 rating, the interest rate on the new facility would be LIBOR plus 110 basis points.</p>
<p>Liberty said the new facility replaces the its existing $250 million and $100 million secured facilities.</p>
<p>The interest rates on these facilities were LIBOR plus 175 basis points and LIBOR plus 160 basis points, respectively. The new revolving credit facility matures in 1999 and can be extended for one year.</p>
<p>Liberty said the replacement of the secured facilities with an unsecured facility results in the release of liens on properties with operating income of about $55 million.</p>
<p>Liberty Property Trust is a real estate investment trust.</p>
</text>
<copyright>(c) Reuters Limited 1997</copyright>
<metadata>
<codes class="bip:countries:1.0">
  <code code="USA">
    <editdetail attribution="Reuters BIP Coding Group" action="confirmed" date="1997-05-28"/>
  </code>
</codes>
<codes class="bip:industries:1.0">
  <code code="I81502">
    <editdetail attribution="Reuters BIP Coding Group" action="confirmed" date="1997-05-28"/>
  </code>
</codes>
<codes class="bip:topics:1.0">
  <code code="C17">
    <editdetail attribution="Reuters BIP Coding Group" action="confirmed" date="1997-05-28"/>
  </code>
  <code code="C173">
    <editdetail attribution="Reuters BIP Coding Group" action="confirmed" date="1997-05-28"/>
  </code>
  <code code="CCAT">
    <editdetail attribution="Reuters BIP Coding Group" action="confirmed" date="1997-05-28"/>
  </code>
</codes>
<dc element="dc.date.created" value="1997-05-28"/>
<dc element="dc.publisher" value="Reuters Holdings Plc"/>
<dc element="dc.date.published" value="1997-05-28"/>
<dc element="dc.source" value="Reuters"/>
<dc element="dc.creator.location" value="MALVERN, Pa."/>
<dc element="dc.creator.location.country.name" value="USA"/>
<dc element="dc.source" value="Reuters"/>
</metadata>
</newsitem>
