<?xml version="1.0" encoding="iso-8859-1" ?>
<newsitem itemid="619297" id="root" date="1997-05-28" xml:lang="en">
<title>ITALY: CYCLING-TONKOV BRACED FOR GIRO BATTLE.</title>
<headline>CYCLING-TONKOV BRACED FOR GIRO BATTLE.</headline>
<byline>Mike Price</byline>
<dateline>CAMAIORE, Italy 1997-05-28</dateline>
<text>
<p>Giro d'Italia leader Pavel Tonkov had another victory to celebrate on Wednesday as he braced himself for the first serious challenge to his overall lead.</p>
<p>His team mate Gabriele Missaglia snatched the second win of his three-year professional career in the 155-km circuit race at this Tuscan resort.</p>
<p>&quot;It was a great moment for the team. I have the leader's colours and we still managed to win,&quot; said the Russian.</p>
<p>Tonkov finished one minute behind Missaglia in a group of 84 to ensure his lead of 41 seconds over Frenchman Luc Leblanc was safe for an eighth day.</p>
<p>Tonkov said: &quot;I know everyone is going to attack on Thursday and not just for my pink jersey. Others will be attempting to improve their positions.</p>
<p>&quot;It will be a big battle,&quot; he said of Thursday's mountainous finish to the 214-km leg into Varazze.</p>
<p>All the contenders finished with Tonkov on Wednesday except Michele Coppolillo, seventh overnight with a 1:49 deficit.</p>
<p>The Italian crashed on a downhill bend to finish 2:29 behind Missaglia.</p>
<p>It was a miserable day for Coppolillo's team. Stefano Casagranda fell heavily in the feeding zone, suffering concussion and a fractured cheekbone and jaw.</p>
<p>Then Paolo Bettini was with the leaders on the final descent when a puncture put him out of contention, leaving Missaglia, Andrea Vatteroni, Mirko Celestino, and Massimo Podenzana to contest the finish.</p>
<p>Missaglia said: &quot;When I was with the breakaway early on I did not know if anyone was a danger to Pavel. I am in the team to help him. That's my role but this time I had a chance for success.&quot;</p>
<p>Last year Missaglia was drafted into the Giro at 24 hours' notice. He had been signed by Tonkov's team after his original team collapsed through lack of finance.</p>
<p>This year he has had to fight back from tendinitis and 'flu to make the Giro selection.</p>
<p>As he and others began to build a lead on the first lap on Wednesday Missaglia crashed on a tricky winding descent but was quickly back in the fray.</p>
<p>On Thursday it will be business as usual as he works to keep Tonkov in the leader's colours.</p>
</text>
<copyright>(c) Reuters Limited 1997</copyright>
<metadata>
<codes class="bip:countries:1.0">
  <code code="ITALY">
    <editdetail attribution="Reuters BIP Coding Group" action="confirmed" date="1997-05-28"/>
  </code>
  <code code="RUSS">
    <editdetail attribution="Reuters BIP Coding Group" action="confirmed" date="1997-05-28"/>
  </code>
</codes>
<codes class="bip:topics:1.0">
  <code code="GCAT">
    <editdetail attribution="Reuters BIP Coding Group" action="confirmed" date="1997-05-28"/>
  </code>
  <code code="GSPO">
    <editdetail attribution="Reuters BIP Coding Group" action="confirmed" date="1997-05-28"/>
  </code>
</codes>
<dc element="dc.date.created" value="1997-05-28"/>
<dc element="dc.publisher" value="Reuters Holdings Plc"/>
<dc element="dc.date.published" value="1997-05-28"/>
<dc element="dc.source" value="Reuters"/>
<dc element="dc.creator.location" value="CAMAIORE, Italy"/>
<dc element="dc.creator.location.country.name" value="ITALY"/>
<dc element="dc.source" value="Reuters"/>
</metadata>
</newsitem>
