<?xml version="1.0" encoding="iso-8859-1" ?>
<newsitem itemid="619272" id="root" date="1997-05-28" xml:lang="en">
<title>USA: Landec Corp Q2 loss widens.</title>
<headline>Landec Corp Q2 loss widens.</headline>
<dateline>MENLO PARK, Calif. 1997-05-28</dateline>
<text>
<p>(Unaudited)</p>
<p>		     (In thousands, except per share data)</p>
<p>				 Three Months Ended  Six Months Ended</p>
<p>					     April 30,    April 30,</p>
<p>				   1997	 1996     1997	1996</p>
<p>Revenues:</p>
<p>  Product sales	    $   767   $   281  $   940   $   412</p>
<p>  License fees		    --	 600	 --	 600</p>
<p>Research and development</p>
<p>   revenues			242	 394	459	 682</p>
<p>   Total revenues	    1,009     1,275    1,399     1,694</p>
<p>Operating costs and</p>
<p>expenses:</p>
<p>   Cost of product sales     634	 295	943	 539</p>
<p>Research and development</p>
<p>				   1,030	 945    1,946     1,898</p>
<p>Selling, general and</p>
<p>    administrative	   1,316	 733    2,250     1,224</p>
<p>Purchase of in-process</p>
<p>research and development</p>
<p>				   3,022	  --    3,022	  --</p>
<p>Total operating costs</p>
<p>   and expenses		6,002     1,973    8,161     3,661</p>
<p> Operating loss	    (4,993)     (698)  (6,762)   (1,967)</p>
<p> Interest income		 438	 439	932	 506</p>
<p> Interest expense	     (17)	 (8)     (37)	(54)</p>
<p> Net loss		    (4,572)     (267)  (5,867)   (1,515)</p>
<p> Net loss per share	 (0.42)    (0.03)   (0.54)    (0.32)</p>
<p>Shares used in computation</p>
<p>  of net loss per share   10,829     8,874   10,794     4,713</p>
</text>
<copyright>(c) Reuters Limited 1997</copyright>
<metadata>
<codes class="bip:countries:1.0">
  <code code="USA">
    <editdetail attribution="Reuters BIP Coding Group" action="confirmed" date="1997-05-28"/>
  </code>
</codes>
<codes class="bip:industries:1.0">
  <code code="I25140">
    <editdetail attribution="Reuters BIP Coding Group" action="confirmed" date="1997-05-28"/>
  </code>
</codes>
<codes class="bip:topics:1.0">
  <code code="C15">
    <editdetail attribution="Reuters BIP Coding Group" action="confirmed" date="1997-05-28"/>
  </code>
  <code code="C151">
    <editdetail attribution="Reuters BIP Coding Group" action="confirmed" date="1997-05-28"/>
  </code>
  <code code="CCAT">
    <editdetail attribution="Reuters BIP Coding Group" action="confirmed" date="1997-05-28"/>
  </code>
</codes>
<dc element="dc.date.created" value="1997-05-28"/>
<dc element="dc.publisher" value="Reuters Holdings Plc"/>
<dc element="dc.date.published" value="1997-05-28"/>
<dc element="dc.source" value="Reuters"/>
<dc element="dc.creator.location" value="MENLO PARK, Calif."/>
<dc element="dc.creator.location.country.name" value="USA"/>
<dc element="dc.source" value="Reuters"/>
</metadata>
</newsitem>
