<?xml version="1.0" encoding="iso-8859-1" ?>
<newsitem itemid="619274" id="root" date="1997-05-28" xml:lang="en">
<title>USA: Dow shifts to positive ground, bond yield declines.</title>
<headline>Dow shifts to positive ground, bond yield declines.</headline>
<dateline>NEW YORK 1997-05-28</dateline>
<text>
<p>The Dow Jones industrial average, which opened lower, turned itself around on Wednesday after the long bond yield fell back to seven percent.</p>
<p>The Dow, which initially gave back some of the gains made in a record finish on Tuesday, was trading up five points to about 7389.  Advancing issues outpaced declining issues by a slight margin, after mixed trading most of the day.</p>
<p>The Nasdaq composite rose four points to 1413.</p>
<p>Shares, which some traders had said lacked direction, took their lead from the benchmark 30-year Treasury bond, which rose 11/32 to trade back at a seven percent yield.</p>
<p>((Wall Street desk 212-859-1730))</p>
</text>
<copyright>(c) Reuters Limited 1997</copyright>
<metadata>
<codes class="bip:countries:1.0">
  <code code="USA">
    <editdetail attribution="Reuters BIP Coding Group" action="confirmed" date="1997-05-28"/>
  </code>
</codes>
<codes class="bip:topics:1.0">
  <code code="M11">
    <editdetail attribution="Reuters BIP Coding Group" action="confirmed" date="1997-05-28"/>
  </code>
  <code code="MCAT">
    <editdetail attribution="Reuters BIP Coding Group" action="confirmed" date="1997-05-28"/>
  </code>
</codes>
<dc element="dc.date.created" value="1997-05-28"/>
<dc element="dc.publisher" value="Reuters Holdings Plc"/>
<dc element="dc.date.published" value="1997-05-28"/>
<dc element="dc.source" value="Reuters"/>
<dc element="dc.creator.location" value="NEW YORK"/>
<dc element="dc.creator.location.country.name" value="USA"/>
<dc element="dc.source" value="Reuters"/>
</metadata>
</newsitem>
