<?xml version="1.0" encoding="iso-8859-1" ?>
<newsitem itemid="619258" id="root" date="1997-05-28" xml:lang="en">
<title>USA: RESEARCH ALERT - Computer security product cos.</title>
<headline>RESEARCH ALERT - Computer security product cos.</headline>
<dateline>NEW YORK 1997-05-28</dateline>
<text>
<p>Prudential Securities said analyst Paul Merenbloom initiated coverage of several companies that provide products to protect computers and networks from access by unauthorized users.</p>
<p>-- said started Raptor Systems Inc and Trusted Information Systems Inc as a buy.</p>
<p>-- said started Check Point Software Technologies Ltd , Secure Computing Corp, Cylink Corp , V-ONE Corp and Security Dynamics Technologies Inc as a hold.</p>
<p>-- Additional details were not immediately available.</p>
</text>
<copyright>(c) Reuters Limited 1997</copyright>
<metadata>
<codes class="bip:countries:1.0">
  <code code="USA">
    <editdetail attribution="Reuters BIP Coding Group" action="confirmed" date="1997-05-28"/>
  </code>
</codes>
<codes class="bip:industries:1.0">
  <code code="I33020">
    <editdetail attribution="Reuters BIP Coding Group" action="confirmed" date="1997-05-28"/>
  </code>
  <code code="I3302004">
    <editdetail attribution="Reuters BIP Coding Group" action="confirmed" date="1997-05-28"/>
  </code>
  <code code="I3302021">
    <editdetail attribution="Reuters BIP Coding Group" action="confirmed" date="1997-05-28"/>
  </code>
  <code code="I33030">
    <editdetail attribution="Reuters BIP Coding Group" action="confirmed" date="1997-05-28"/>
  </code>
</codes>
<codes class="bip:topics:1.0">
  <code code="C15">
    <editdetail attribution="Reuters BIP Coding Group" action="confirmed" date="1997-05-28"/>
  </code>
  <code code="C152">
    <editdetail attribution="Reuters BIP Coding Group" action="confirmed" date="1997-05-28"/>
  </code>
  <code code="CCAT">
    <editdetail attribution="Reuters BIP Coding Group" action="confirmed" date="1997-05-28"/>
  </code>
</codes>
<dc element="dc.date.created" value="1997-05-28"/>
<dc element="dc.publisher" value="Reuters Holdings Plc"/>
<dc element="dc.date.published" value="1997-05-28"/>
<dc element="dc.source" value="Reuters"/>
<dc element="dc.creator.location" value="NEW YORK"/>
<dc element="dc.creator.location.country.name" value="USA"/>
<dc element="dc.source" value="Reuters"/>
</metadata>
</newsitem>
