<?xml version="1.0" encoding="iso-8859-1" ?>
<newsitem itemid="619275" id="root" date="1997-05-28" xml:lang="en">
<title>USA: RESEARCH ALERT - Monsanto cut to neutral.</title>
<headline>RESEARCH ALERT - Monsanto cut to neutral.</headline>
<dateline>NEW YORK 1997-05-28</dateline>
<text>
<p>Merrill Lynch said it was cutting Monsanto Co to near-term neutral from accumulate.</p>
<p>But it said it was keeping Monsanto's long-term buy rating.</p>
<p>-- Additional details were not immediately available.</p>
<p>-- Monsanto fell 1-1/8 to 43-7/8 in morning trading.</p>
</text>
<copyright>(c) Reuters Limited 1997</copyright>
<metadata>
<codes class="bip:countries:1.0">
  <code code="USA">
    <editdetail attribution="Reuters BIP Coding Group" action="confirmed" date="1997-05-28"/>
  </code>
</codes>
<codes class="bip:industries:1.0">
  <code code="I25000">
    <editdetail attribution="Reuters BIP Coding Group" action="confirmed" date="1997-05-28"/>
  </code>
</codes>
<codes class="bip:topics:1.0">
  <code code="C15">
    <editdetail attribution="Reuters BIP Coding Group" action="confirmed" date="1997-05-28"/>
  </code>
  <code code="C152">
    <editdetail attribution="Reuters BIP Coding Group" action="confirmed" date="1997-05-28"/>
  </code>
  <code code="CCAT">
    <editdetail attribution="Reuters BIP Coding Group" action="confirmed" date="1997-05-28"/>
  </code>
</codes>
<dc element="dc.date.created" value="1997-05-28"/>
<dc element="dc.publisher" value="Reuters Holdings Plc"/>
<dc element="dc.date.published" value="1997-05-28"/>
<dc element="dc.source" value="Reuters"/>
<dc element="dc.creator.location" value="NEW YORK"/>
<dc element="dc.creator.location.country.name" value="USA"/>
<dc element="dc.source" value="Reuters"/>
</metadata>
</newsitem>
