<?xml version="1.0" encoding="iso-8859-1" ?>
<newsitem itemid="619295" id="root" date="1997-05-28" xml:lang="en">
<title>CZECH REPUBLIC: ATHLETICS-LEADING RESULTS FROM CZECH INTERNATIONAL MEETING.</title>
<headline>ATHLETICS-LEADING RESULTS FROM CZECH INTERNATIONAL MEETING.</headline>
<dateline>OSTRAVA, Czech Republic 1997-05-28</dateline>
<text>
<p>Leading results</p>
<p>at an international meeting on Wednesday:</p>
<p>Men's 100 metres</p>
<p> 1. Davidson Ezinwa (Nigeria) 10.12 seconds</p>
<p> 2. Deji Aliu (Nigeria)	 10.15</p>
<p> 3. Gregory Sadler (U.S.)     10.34</p>
<p>Men's 400 metre hurdles</p>
<p> 1. Ken Harnden (Zimbabwe)	   50.02 seconds</p>
<p> 2. David Nikodym (Czech Republic) 50.84</p>
<p> 3. Jiri Muzik (Czech Republic)    50.89</p>
<p>Men's 800 metres</p>
<p> 1. Lukas Vydra (Czech Republic) one minute 47.94 seconds</p>
<p> 2. Craig Winrow (Great Britain)   1:48:54</p>
<p> 3. Roman Oravec (Czech Republic)  1:48:98</p>
<p>Men's 110 metre hurdles</p>
<p> 1. Anier Garcia (Cuba)	     13.25 seconds</p>
<p> 2. Igor Kovac (Slovakia)	   13.34</p>
<p> 3. Colin Jackson (Great Britain) 13.47</p>
<p>Men's 3000 metre steeplechase</p>
<p> 1. Wilson Boit Kipketer (Kenya) eight minutes 22.32 seconds</p>
<p> 2. Rafal Wojcik (Poland)	     8:28:13</p>
<p> 3. Matthew Birir (Kenya)	     8:32:00</p>
<p>Men's High Jump</p>
<p> 1. Artur Partyka (Poland)     2.23 metres</p>
<p> 1. Jaroslav Kotewicz (Poland) 2.23</p>
<p> 3. Svatoslav Ton (Czech Republic) 2.20</p>
<p>Men's Javelin</p>
<p> 1. Jan Zelezny (Czech Republic) 92.42 metres</p>
<p> 2. Peter Blank (Germany)	  85.64</p>
<p> 3. Sergej Makarov (Russia)	84.94</p>
<p>Men's Long jump</p>
<p> 1. Ivan Pedroso (Cuba)	     8.14 metres</p>
<p> 2. Milan Kovar (Czech Republic)  7.72</p>
<p> 3. Tomas Votava (Czech Republic) 7.65</p>
<p>Men's Shot Put</p>
<p> 1. Dimitri Goncharouk (Belarus)   20.25 metres</p>
<p> 2. Miroslav Menc (Czech Republic) 19.64</p>
<p> 3. Andrei Mikhnevitch (Belarus)   18.81</p>
<p>Women's 100 metres</p>
<p> 1. Katherina Koffa (Greece)  11.21 seconds</p>
<p> 2. Chioma Ajunwa (Nigeria)   11.24</p>
<p> 3. Marlene Frazier (Jamaica) 11.38</p>
<p>Women's 400 metres</p>
<p> 1. Helena Fuchsova (Czech Republic) 51.37 seconds</p>
<p> 2. Hana Benesova (Czech Republic)   51.66</p>
<p> 3. Juliet Campbel (Jamaica)	   52.87</p>
<p>Women's 100 metre hurdles</p>
<p> 1. Angela Atede (Nigeria)    12.95 seconds</p>
<p> 2. Gilian Russell (Jamaica)  12.99</p>
<p> 3. Anna Leszczynska (Poland) 13.10</p>
<p>Women's High Jump</p>
<p> 1. Inga Babakova (Ukraine)		1.96 metres</p>
<p> 2. Zuzana Kovacikova (Czech Republic) 1.90</p>
<p> 3. Dora Gyorffy (Hungary)		 1.80</p>
<p> 3. Romana Belocka (Czech Republic)    1.80</p>
<p>Women's Triple jump</p>
<p> 1. Sarka Kasparkova (Czech Republic) 14.26 metres</p>
<p> 2. Yamile Aldana (Cuba)		  14.08</p>
<p> 3. Liudmila Doubkova (Russia)	  13.73</p>
<p>Women's Pole Vault</p>
<p> 1. Daniela Bartova (Czech Republic) 4.29 metres</p>
<p> 2. Janet Zach (Germany)		 3.80</p>
<p> 3. Sarka Mladkova (Czech Republic)  3.80</p>
</text>
<copyright>(c) Reuters Limited 1997</copyright>
<metadata>
<codes class="bip:countries:1.0">
  <code code="CZREP">
    <editdetail attribution="Reuters BIP Coding Group" action="confirmed" date="1997-05-28"/>
  </code>
  <code code="NIGEA">
    <editdetail attribution="Reuters BIP Coding Group" action="confirmed" date="1997-05-28"/>
  </code>
</codes>
<codes class="bip:topics:1.0">
  <code code="GCAT">
    <editdetail attribution="Reuters BIP Coding Group" action="confirmed" date="1997-05-28"/>
  </code>
  <code code="GSPO">
    <editdetail attribution="Reuters BIP Coding Group" action="confirmed" date="1997-05-28"/>
  </code>
</codes>
<dc element="dc.date.created" value="1997-05-28"/>
<dc element="dc.publisher" value="Reuters Holdings Plc"/>
<dc element="dc.date.published" value="1997-05-28"/>
<dc element="dc.source" value="Reuters"/>
<dc element="dc.creator.location" value="OSTRAVA, Czech Republic"/>
<dc element="dc.creator.location.country.name" value="CZECH REPUBLIC"/>
<dc element="dc.source" value="Reuters"/>
</metadata>
</newsitem>
