<?xml version="1.0" encoding="iso-8859-1" ?>
<newsitem itemid="619237" id="root" date="1997-05-28" xml:lang="en">
<title>USA: Oneida to repurchase up to 500,000 shares.</title>
<headline>Oneida to repurchase up to 500,000 shares.</headline>
<dateline>ONEIDA, N.Y. 1997-05-28</dateline>
<text>
<p>Oneida Ltd on Wednesday said its board of directors authorized the company to buy back up to 500,000 more shares of its outstanding common stock.</p>
<p>The new authorization follows Oneida's recently completed repurchase of 500,000 shares, at an average price of $18.80 each, the company said.</p>
<p>Oneida's chairman, William Matthews, said the new authorization would allow the company to repurchase the shares from time to time at prevailing market prices. Any shares reacquired will be reserved for future issuances that meet corporate purposes, he added.</p>
<p>Shares of Oneida Ltd, which makes tableware and industrial wire and cable, were up 1/4 at 22-7/8 early Wednesday afternoon..</p>
</text>
<copyright>(c) Reuters Limited 1997</copyright>
<metadata>
<codes class="bip:countries:1.0">
  <code code="USA">
    <editdetail attribution="Reuters BIP Coding Group" action="confirmed" date="1997-05-28"/>
  </code>
</codes>
<codes class="bip:industries:1.0">
  <code code="I24800">
    <editdetail attribution="Reuters BIP Coding Group" action="confirmed" date="1997-05-28"/>
  </code>
</codes>
<codes class="bip:topics:1.0">
  <code code="C17">
    <editdetail attribution="Reuters BIP Coding Group" action="confirmed" date="1997-05-28"/>
  </code>
  <code code="C171">
    <editdetail attribution="Reuters BIP Coding Group" action="confirmed" date="1997-05-28"/>
  </code>
  <code code="C18">
    <editdetail attribution="Reuters BIP Coding Group" action="confirmed" date="1997-05-28"/>
  </code>
  <code code="C181">
    <editdetail attribution="Reuters BIP Coding Group" action="confirmed" date="1997-05-28"/>
  </code>
  <code code="CCAT">
    <editdetail attribution="Reuters BIP Coding Group" action="confirmed" date="1997-05-28"/>
  </code>
</codes>
<dc element="dc.date.created" value="1997-05-28"/>
<dc element="dc.publisher" value="Reuters Holdings Plc"/>
<dc element="dc.date.published" value="1997-05-28"/>
<dc element="dc.source" value="Reuters"/>
<dc element="dc.creator.location" value="ONEIDA, N.Y."/>
<dc element="dc.creator.location.country.name" value="USA"/>
<dc element="dc.source" value="Reuters"/>
</metadata>
</newsitem>
