<?xml version="1.0" encoding="iso-8859-1" ?>
<newsitem itemid="619231" id="root" date="1997-05-28" xml:lang="en">
<title>USA: Commercial Intertech Corp Q2 net slips.</title>
<headline>Commercial Intertech Corp Q2 net slips.</headline>
<dateline>YOUNGSTOWN, Ohio 1997-05-28</dateline>
<text>
<p>CONSOLIDATED CONDENSED STATEMENTS OF INCOME (unaudited)</p>
<p>				 Six Months Ended  Three Months Ended</p>
<p> (Thousands of dollars except April 30,		 April 30,</p>
<p> per-share data)		  1997     1996     1997     1996</p>
<p> Net sales		    $246,608 $219,189 $129,892 $112,227</p>
<p>Foreign currency gains</p>
<p>    (losses)			 450	360     (44)	178</p>
<p>Income from continuing operations</p>
<p>				     8,692    7,794    5,740    4,392</p>
<p>Income from discontinued operations</p>
<p>					   0    5,102	  0    3,251</p>
<p> Net income			8,692   12,896    5,740    7,643</p>
<p> Preferred stock dividend	963    1,031	450	510</p>
<p>Net income applicable to common</p>
<p>    stock			  7,729   11,865    5,290    7,133</p>
<p>Earnings per share of common stock:</p>
<p>Primary:</p>
<p>Income from continuing</p>
<p>	  operations		0.54     0.43     0.37     0.25</p>
<p>Income from discontinued</p>
<p>	  operations		0.00     0.33     0.00     0.21</p>
<p>	Net income		  0.54     0.76     0.37     0.46</p>
<p>Fully diluted:</p>
<p>Income from continuing</p>
<p>	  operations		0.49     0.42     0.33     0.24</p>
<p>Income from discontinued</p>
<p>	  operations		0.00     0.30     0.00     0.19</p>
<p>	Net income		  0.49     0.72     0.33     0.43</p>
<p>((-- New York Newsdesk 212 859-1610))</p>
</text>
<copyright>(c) Reuters Limited 1997</copyright>
<metadata>
<codes class="bip:countries:1.0">
  <code code="USA">
    <editdetail attribution="Reuters BIP Coding Group" action="confirmed" date="1997-05-28"/>
  </code>
</codes>
<codes class="bip:industries:1.0">
  <code code="I32830">
    <editdetail attribution="Reuters BIP Coding Group" action="confirmed" date="1997-05-28"/>
  </code>
</codes>
<codes class="bip:topics:1.0">
  <code code="C15">
    <editdetail attribution="Reuters BIP Coding Group" action="confirmed" date="1997-05-28"/>
  </code>
  <code code="C151">
    <editdetail attribution="Reuters BIP Coding Group" action="confirmed" date="1997-05-28"/>
  </code>
  <code code="CCAT">
    <editdetail attribution="Reuters BIP Coding Group" action="confirmed" date="1997-05-28"/>
  </code>
</codes>
<dc element="dc.date.created" value="1997-05-28"/>
<dc element="dc.publisher" value="Reuters Holdings Plc"/>
<dc element="dc.date.published" value="1997-05-28"/>
<dc element="dc.source" value="Reuters"/>
<dc element="dc.creator.location" value="YOUNGSTOWN, Ohio"/>
<dc element="dc.creator.location.country.name" value="USA"/>
<dc element="dc.source" value="Reuters"/>
</metadata>
</newsitem>
