<?xml version="1.0" encoding="iso-8859-1" ?>
<newsitem itemid="619253" id="root" date="1997-05-28" xml:lang="en">
<title>USA: Inland targets 1997 prime yield of 83 pct.</title>
<headline>Inland targets 1997 prime yield of 83 pct.</headline>
<dateline>CHICAGO 1997-05-28</dateline>
<text>
<p>Inland Steel Industries Inc said Wednesday its target is to attain a prime yield of 83 percent in 1997 and then one percentage point of gain in each of the next three years.  </p>
<p>At its annual meeting here, the company said it expects second quarter results to top those of the first quarter.</p>
<p>&quot;While the second quarter is not yet over, I am confident that we will exceed our fine first quarter performance,&quot; said Robert Darnall, chief executive of Inland.</p>
<p>Darnall also said steel prices &quot;seem to have stabilized.&quot;</p>
<p>The company said its Inland Steel Co unit has a goal of lowering operating costs by $10 per ton, after inflation, in each of the next three years. &quot;I believe we will achieve this goal and more,&quot; said Dale Wiersbe, senior vice president.  </p>
<p>Wiersbe said the steel company has a goal of shipping 5.5 million tons of steel per year without purchasing semi-finished steel from outside sources. &quot;Our shipments have been flat at about 5.1 million tons for the last several years,&quot; he said.</p>
<p>&quot;We expect to ship more steel this year than at any time since 1981...and do it all with self-manufactured product,&quot; he said.</p>
<p>Prime yield is a measure of productivity used by the company that shows the portion of semi-finished steel produced that is shipped as prime-quality steel.  </p>
<p>Inland earned $0.59 per share in the first quarter of this year on sales of $1.2 billion.</p>
<p>After the meeting, Darnall said he was comfortable with the First Call second-quarter earnings estimate of about $0.63 per share, compared to $0.35 per share in earnings in the second quarter of 1996 after two one-time items.</p>
<p>((--Chicago Newsdesk 312-408-8787))</p>
</text>
<copyright>(c) Reuters Limited 1997</copyright>
<metadata>
<codes class="bip:countries:1.0">
  <code code="USA">
    <editdetail attribution="Reuters BIP Coding Group" action="confirmed" date="1997-05-28"/>
  </code>
</codes>
<codes class="bip:industries:1.0">
  <code code="I22100">
    <editdetail attribution="Reuters BIP Coding Group" action="confirmed" date="1997-05-28"/>
  </code>
</codes>
<codes class="bip:topics:1.0">
  <code code="C15">
    <editdetail attribution="Reuters BIP Coding Group" action="confirmed" date="1997-05-28"/>
  </code>
  <code code="C152">
    <editdetail attribution="Reuters BIP Coding Group" action="confirmed" date="1997-05-28"/>
  </code>
  <code code="CCAT">
    <editdetail attribution="Reuters BIP Coding Group" action="confirmed" date="1997-05-28"/>
  </code>
</codes>
<dc element="dc.date.created" value="1997-05-28"/>
<dc element="dc.publisher" value="Reuters Holdings Plc"/>
<dc element="dc.date.published" value="1997-05-28"/>
<dc element="dc.source" value="Reuters"/>
<dc element="dc.creator.location" value="CHICAGO"/>
<dc element="dc.creator.location.country.name" value="USA"/>
<dc element="dc.source" value="Reuters"/>
</metadata>
</newsitem>
