<?xml version="1.0" encoding="iso-8859-1" ?>
<newsitem itemid="619215" id="root" date="1997-05-28" xml:lang="en">
<title>USA: Commercial Intertech sees earnings rise.</title>
<headline>Commercial Intertech sees earnings rise.</headline>
<dateline>YOUNGSTOWN, Ohio 1997-05-28</dateline>
<text>
<p>Commercial Intertech Corp said on Wednesday said it is on track for meeting its goals of double digit earnings and revenues growth for 1997, since demand remains strong for all of its product lines.</p>
<p>&quot;Our bookings year-to-date, the majority of which will be shipped prior to the close of our fiscal year, are up 26 percent while ending backlog as of April 30 is up 33 percent since the beginning of the fiscal year,&quot; chairman, president and chief executive Paul Powers said in a statement.</p>
<p>For its year ended October 31, 1996, the company reported net income of $17.3 million, or $0.95 a fully diluted share, on sales of $465.2 million.</p>
</text>
<copyright>(c) Reuters Limited 1997</copyright>
<metadata>
<codes class="bip:countries:1.0">
  <code code="USA">
    <editdetail attribution="Reuters BIP Coding Group" action="confirmed" date="1997-05-28"/>
  </code>
</codes>
<codes class="bip:industries:1.0">
  <code code="I32830">
    <editdetail attribution="Reuters BIP Coding Group" action="confirmed" date="1997-05-28"/>
  </code>
</codes>
<codes class="bip:topics:1.0">
  <code code="C15">
    <editdetail attribution="Reuters BIP Coding Group" action="confirmed" date="1997-05-28"/>
  </code>
  <code code="C152">
    <editdetail attribution="Reuters BIP Coding Group" action="confirmed" date="1997-05-28"/>
  </code>
  <code code="CCAT">
    <editdetail attribution="Reuters BIP Coding Group" action="confirmed" date="1997-05-28"/>
  </code>
</codes>
<dc element="dc.date.created" value="1997-05-28"/>
<dc element="dc.publisher" value="Reuters Holdings Plc"/>
<dc element="dc.date.published" value="1997-05-28"/>
<dc element="dc.source" value="Reuters"/>
<dc element="dc.creator.location" value="YOUNGSTOWN, Ohio"/>
<dc element="dc.creator.location.country.name" value="USA"/>
<dc element="dc.source" value="Reuters"/>
</metadata>
</newsitem>
