<?xml version="1.0" encoding="iso-8859-1" ?>
<newsitem itemid="619265" id="root" date="1997-05-28" xml:lang="en">
<title>USA: EarthLink stake held by Storie group.</title>
<headline>EarthLink stake held by Storie group.</headline>
<dateline>WASHINGTON 1997-05-28</dateline>
<text>
<p>A group including Storie Partners LP said Wednesday it holds a 5.14 percent stake in EarthLink Network Inc or 545,999 common shares.</p>
<p>In a filing with the Securities and Exchange Commission, the group said its latest transactions include the purchase of 16,000 common shares between March 27 and May 9 at prices ranging from $11.75 to $13.375 per share.</p>
<p>EarthLink, based in Pasadena, Calif., is an Internet service provider.</p>
</text>
<copyright>(c) Reuters Limited 1997</copyright>
<metadata>
<codes class="bip:countries:1.0">
  <code code="USA">
    <editdetail attribution="Reuters BIP Coding Group" action="confirmed" date="1997-05-28"/>
  </code>
</codes>
<codes class="bip:industries:1.0">
  <code code="I33030">
    <editdetail attribution="Reuters BIP Coding Group" action="confirmed" date="1997-05-28"/>
  </code>
</codes>
<codes class="bip:topics:1.0">
  <code code="C18">
    <editdetail attribution="Reuters BIP Coding Group" action="confirmed" date="1997-05-28"/>
  </code>
  <code code="C181">
    <editdetail attribution="Reuters BIP Coding Group" action="confirmed" date="1997-05-28"/>
  </code>
  <code code="CCAT">
    <editdetail attribution="Reuters BIP Coding Group" action="confirmed" date="1997-05-28"/>
  </code>
</codes>
<dc element="dc.date.created" value="1997-05-28"/>
<dc element="dc.publisher" value="Reuters Holdings Plc"/>
<dc element="dc.date.published" value="1997-05-28"/>
<dc element="dc.source" value="Reuters"/>
<dc element="dc.creator.location" value="WASHINGTON"/>
<dc element="dc.creator.location.country.name" value="USA"/>
<dc element="dc.source" value="Reuters"/>
</metadata>
</newsitem>
