<?xml version="1.0" encoding="iso-8859-1" ?>
<newsitem itemid="619269" id="root" date="1997-05-28" xml:lang="en">
<title>USA: Reynolds says to sell aluminum powder, paste plant.</title>
<headline>Reynolds says to sell aluminum powder, paste plant.</headline>
<dateline>RICHMOND, Va. 1997-05-28</dateline>
<text>
<p>Reynolds Metals Co said on Wednesday that it had signed a letter of intent to sell its Louisville aluminum powder and paste plant to an affiliate of Eckart Holdings Co Inc.</p>
<p>Reynolds did not disclose the terms of the transaction, but anticipated it would close the deal in the third quarter.</p>
<p>The company also said it expected to offer employment to &quot;a substantial majority&quot; of the 115 people now working at the plant.  </p>
<p>Eckart Holdings Co is part of the Eckart group, a privately-held manufacturer and supplier of metallic pigments, pastes, powders and inks.</p>
<p>((New York Newsdesk 212 859 1610))</p>
</text>
<copyright>(c) Reuters Limited 1997</copyright>
<metadata>
<codes class="bip:countries:1.0">
  <code code="USA">
    <editdetail attribution="Reuters BIP Coding Group" action="confirmed" date="1997-05-28"/>
  </code>
</codes>
<codes class="bip:industries:1.0">
  <code code="I21000">
    <editdetail attribution="Reuters BIP Coding Group" action="confirmed" date="1997-05-28"/>
  </code>
</codes>
<codes class="bip:topics:1.0">
  <code code="C18">
    <editdetail attribution="Reuters BIP Coding Group" action="confirmed" date="1997-05-28"/>
  </code>
  <code code="C182">
    <editdetail attribution="Reuters BIP Coding Group" action="confirmed" date="1997-05-28"/>
  </code>
  <code code="CCAT">
    <editdetail attribution="Reuters BIP Coding Group" action="confirmed" date="1997-05-28"/>
  </code>
</codes>
<dc element="dc.date.created" value="1997-05-28"/>
<dc element="dc.publisher" value="Reuters Holdings Plc"/>
<dc element="dc.date.published" value="1997-05-28"/>
<dc element="dc.source" value="Reuters"/>
<dc element="dc.creator.location" value="RICHMOND, Va."/>
<dc element="dc.creator.location.country.name" value="USA"/>
<dc element="dc.source" value="Reuters"/>
</metadata>
</newsitem>
