<?xml version="1.0" encoding="iso-8859-1" ?>
<newsitem itemid="619292" id="root" date="1997-05-28" xml:lang="en">
<title>GERMANY: SOCCER-THOUSANDS GATHER IN DORTMUND FOR EUROPEAN CUP FINAL.</title>
<headline>SOCCER-THOUSANDS GATHER IN DORTMUND FOR EUROPEAN CUP FINAL.</headline>
<byline>Andrew Gray</byline>
<dateline>DORTMUND, Germany 1997-05-28</dateline>
<text>
<p>Tens of thousands of Borussia Dortmund fans clad in the club colours of yellow and black packed into the centre of the German city on Wednesday to watch the European Cup final live on a giant video screen.</p>
<p>City officials estimated 30,000 people had crammed into Dortmund's Friedensplatz square before the kick-off to enjoy a pre-match programme of music and entertainment.</p>
<p>Fans wandered around fairground stalls throughout the city centre selling everything from chocolate hearts declaring affection for Borussia to inflatable European Cups.</p>
<p>A spokesman for the city council, Carsten Hensel, said he expected around 100,000 people to be somewhere in the centre to enjoy the match and was optimistic the fans would remain peaceful even if their team lost the Munich final.</p>
<p>&quot;We'll wait and see but we've been doing these sorts of parties for years and we've always managed to conclude them successfully,&quot; he said.</p>
<p>Few Dortmund fans were willing to even contemplate the prospect that Borussia would not claim their first European trophy since 1966. Several wore T-shirts proclaiming Dortmund as &quot;Champions' League winners 1996/97&quot;.</p>
<p>&quot;I got this made for me today,&quot; said Dortmund resident Udo Grubinski, explaining there was space on the back of the shirt for the scoreline to be added later.</p>
<p>Kerstin Deutschmann, describing herself as a &quot;housewife and full-time Borussia fan&quot;, proudly displayed her T-shirt featuring a photograph of her with Dortmund striker Stephane Chapuisat.</p>
<p>&quot;He'll score at least one tonight,&quot; she predicted confidently.</p>
<p>The caterers and stallholders scattered around the square entered into the mood of the big occasion, many wearing Dortmund scarves. One was even selling special &quot;champions' sausages&quot;.</p>
<p>&quot;I hope to sell 1,000 of these tonight,&quot; said Hans-Joachim Wiechmann. &quot;But it gets so packed here you can't sell too many.&quot;</p>
<p>One souvenir seller, who reported that a scarf bearing the shields of both Juventus and Dortmund was his best-selling item, found himself in a slightly awkward situation -- as an Italian from Turin surrounded by thousands of fanatical Dortmund supporters.</p>
<p>Asked who he wanted to win the match, Vladimiro Dimuro replied: &quot;I'll say this very quietly -- Juventus&quot;.</p>
</text>
<copyright>(c) Reuters Limited 1997</copyright>
<metadata>
<codes class="bip:countries:1.0">
  <code code="GFR">
    <editdetail attribution="Reuters BIP Coding Group" action="confirmed" date="1997-05-28"/>
  </code>
  <code code="ITALY">
    <editdetail attribution="Reuters BIP Coding Group" action="confirmed" date="1997-05-28"/>
  </code>
</codes>
<codes class="bip:topics:1.0">
  <code code="GCAT">
    <editdetail attribution="Reuters BIP Coding Group" action="confirmed" date="1997-05-28"/>
  </code>
  <code code="GSPO">
    <editdetail attribution="Reuters BIP Coding Group" action="confirmed" date="1997-05-28"/>
  </code>
</codes>
<dc element="dc.date.created" value="1997-05-28"/>
<dc element="dc.publisher" value="Reuters Holdings Plc"/>
<dc element="dc.date.published" value="1997-05-28"/>
<dc element="dc.source" value="Reuters"/>
<dc element="dc.creator.location" value="DORTMUND, Germany"/>
<dc element="dc.creator.location.country.name" value="GERMANY"/>
<dc element="dc.source" value="Reuters"/>
</metadata>
</newsitem>
