<?xml version="1.0" encoding="iso-8859-1" ?>
<newsitem itemid="619279" id="root" date="1997-05-28" xml:lang="en">
<title>USA: RESEARCH ALERT - Merrill ups Shared Medical.</title>
<headline>RESEARCH ALERT - Merrill ups Shared Medical.</headline>
<dateline>NEW YORK 1997-05-28</dateline>
<text>
<p>Merrill Lynch said it upgraded Shared Medical Systems Corp to near-term accumulate from neutral.</p>
<p>And it said it was keeping its long-term accumulate rating on the company.</p>
<p>-- Additional details were not immediately available.</p>
<p>-- Shared Medical fell 1/8 to 53-7/8 in morning trading.</p>
</text>
<copyright>(c) Reuters Limited 1997</copyright>
<metadata>
<codes class="bip:countries:1.0">
  <code code="USA">
    <editdetail attribution="Reuters BIP Coding Group" action="confirmed" date="1997-05-28"/>
  </code>
</codes>
<codes class="bip:industries:1.0">
  <code code="I83940">
    <editdetail attribution="Reuters BIP Coding Group" action="confirmed" date="1997-05-28"/>
  </code>
</codes>
<codes class="bip:topics:1.0">
  <code code="C15">
    <editdetail attribution="Reuters BIP Coding Group" action="confirmed" date="1997-05-28"/>
  </code>
  <code code="C152">
    <editdetail attribution="Reuters BIP Coding Group" action="confirmed" date="1997-05-28"/>
  </code>
  <code code="CCAT">
    <editdetail attribution="Reuters BIP Coding Group" action="confirmed" date="1997-05-28"/>
  </code>
</codes>
<dc element="dc.date.created" value="1997-05-28"/>
<dc element="dc.publisher" value="Reuters Holdings Plc"/>
<dc element="dc.date.published" value="1997-05-28"/>
<dc element="dc.source" value="Reuters"/>
<dc element="dc.creator.location" value="NEW YORK"/>
<dc element="dc.creator.location.country.name" value="USA"/>
<dc element="dc.source" value="Reuters"/>
</metadata>
</newsitem>
