<?xml version="1.0" encoding="iso-8859-1" ?>
<newsitem itemid="619262" id="root" date="1997-05-28" xml:lang="en">
<title>USA: Key Energy sets well service acquisitions.</title>
<headline>Key Energy sets well service acquisitions.</headline>
<dateline>EAST BRUNSWICK, N.J. 1997-05-28</dateline>
<text>
<p>Key Energy Group Inc said Wednesday it has acquired the assets of Edco Equipment Inc for $410,000 in cash and purchased wireline equipment and related assets from an undisclosed seller for $595,000 in cash.</p>
<p>The company also said it has closed on the previously announced acquisition of Shreve's Well Service Inc for $550,000 in cash and has signed a letter of intent to acquire Phoenix Well Service Inc for $2,300,000 in cash.</p>
<p>In addition, Key Energy said, it terminated the previously announced acquisition of Clowser Well Service for $600,000.  </p>
<p>The net effect of these acquisitions will be an increase in Key Energy's total domestic well service rig count to 505 and its domestic well service trucking fleet to over 400 trucks.</p>
<p>Based on the latest publicly available information, management believes the company will be the second largest domestic well servicing contractor, Key Energy said.</p>
<p>Edco's assets consist of several trucks and related excavation equipment.  The wireline assets consist of 10 wireline units and related equipment.  Shreve's, based in Spencer, W. Va., owns five well service rigs and related equipment.</p>
<p>The assets acquired in these three acquisitions will be operated by Key Energy's WellTech Eastern Division, it said.</p>
<p>Phoenix, based in Midland, Texas, operates 11 well service rigs and three pump trucks in the Permian Basin of West Texas. Upon completion of the acquisition, which is subject to satisfactory completion of Key Energy's due diligence review, Phoenix will be operated by Key Energy's Yale E. Key Division.</p>
<p>&quot;The Phoenix acquisition in particular should provide an opportunity for cost savings and synergies with our existing Yale E. Key operations,&quot; it said.</p>
<p>((-- New York Newsdesk 212-859-1610.))</p>
</text>
<copyright>(c) Reuters Limited 1997</copyright>
<metadata>
<codes class="bip:countries:1.0">
  <code code="USA">
    <editdetail attribution="Reuters BIP Coding Group" action="confirmed" date="1997-05-28"/>
  </code>
</codes>
<codes class="bip:industries:1.0">
  <code code="I13000">
    <editdetail attribution="Reuters BIP Coding Group" action="confirmed" date="1997-05-28"/>
  </code>
</codes>
<codes class="bip:topics:1.0">
  <code code="C18">
    <editdetail attribution="Reuters BIP Coding Group" action="confirmed" date="1997-05-28"/>
  </code>
  <code code="C182">
    <editdetail attribution="Reuters BIP Coding Group" action="confirmed" date="1997-05-28"/>
  </code>
  <code code="CCAT">
    <editdetail attribution="Reuters BIP Coding Group" action="confirmed" date="1997-05-28"/>
  </code>
</codes>
<dc element="dc.date.created" value="1997-05-28"/>
<dc element="dc.publisher" value="Reuters Holdings Plc"/>
<dc element="dc.date.published" value="1997-05-28"/>
<dc element="dc.source" value="Reuters"/>
<dc element="dc.creator.location" value="EAST BRUNSWICK, N.J."/>
<dc element="dc.creator.location.country.name" value="USA"/>
<dc element="dc.source" value="Reuters"/>
</metadata>
</newsitem>
