<?xml version="1.0" encoding="iso-8859-1" ?>
<newsitem itemid="619209" id="root" date="1997-05-28" xml:lang="en">
<title>USA: Zurich Capital Trust I sells $1 billion cap secs.</title>
<headline>Zurich Capital Trust I sells $1 billion cap secs.</headline>
<dateline>NEW YORK 1997-05-28</dateline>
<text>
<p>The following issue of 144A capital securities from Zurich Capital Trust I was priced on Wednesday in the private placement market via lead manager Goldman Sachs &amp; Co, according to market sources.</p>
<p>Zurich Capital Trust I is 100 percent owned by parent Zurich Insurance Co, a principal insurance company of the Zurich group, one of the world's most diversified insurance and reinsurance groups.</p>
<p>The deal was increased from an initial size of $750 million to meet investor demand, dealers said.</p>
<p>BORROWER ZURICH CAPITAL TRUST I</p>
<p>AMT $1.0 BLN	 COUPON 8.376 PCT  MATURITY 6/1/2037</p>
<p>TYPE CAP SECS	ISS PRICE 100.00  FIRST PAY DATE 12/1/1997</p>
<p>LAST MOODY'S AA2   YIELD 8.376 PCT   PAY FREQ SEMI-ANNUAL</p>
<p>LAST S&amp;P AA	  SPREAD +133 BP    CALLABLE NON-CALL TEN</p>
<p>((--U.S. Corporate Bond Unit, 212 859-1678))</p>
</text>
<copyright>(c) Reuters Limited 1997</copyright>
<metadata>
<codes class="bip:countries:1.0">
  <code code="USA">
    <editdetail attribution="Reuters BIP Coding Group" action="confirmed" date="1997-05-28"/>
  </code>
</codes>
<codes class="bip:industries:1.0">
  <code code="I82001">
    <editdetail attribution="Reuters BIP Coding Group" action="confirmed" date="1997-05-28"/>
  </code>
</codes>
<codes class="bip:topics:1.0">
  <code code="C17">
    <editdetail attribution="Reuters BIP Coding Group" action="confirmed" date="1997-05-28"/>
  </code>
  <code code="C172">
    <editdetail attribution="Reuters BIP Coding Group" action="confirmed" date="1997-05-28"/>
  </code>
  <code code="CCAT">
    <editdetail attribution="Reuters BIP Coding Group" action="confirmed" date="1997-05-28"/>
  </code>
</codes>
<dc element="dc.date.created" value="1997-05-28"/>
<dc element="dc.publisher" value="Reuters Holdings Plc"/>
<dc element="dc.date.published" value="1997-05-28"/>
<dc element="dc.source" value="Reuters"/>
<dc element="dc.creator.location" value="NEW YORK"/>
<dc element="dc.creator.location.country.name" value="USA"/>
<dc element="dc.source" value="Reuters"/>
</metadata>
</newsitem>
