<?xml version="1.0" encoding="iso-8859-1" ?>
<newsitem itemid="619296" id="root" date="1997-05-28" xml:lang="en">
<title>UK: BADMINTON-IBF TO PROBE EIGHT-MINUTE MATCH.</title>
<headline>BADMINTON-IBF TO PROBE EIGHT-MINUTE MATCH.</headline>
<dateline>GLASGOW 1997-05-28</dateline>
<text>
<p>A</p>
<p>world championship mixed doubles match involving an Olympic gold medallist is to be examined by the International Badminton Federation (IBF).</p>
<p>The second round game on Wednesday lasted just eight minutes, ending with a 15-1 15-1 victory for South Koreans Kim Dong-moon and Ra Kyung-min over eighth-seeded compatriots Ha Tae-kwon and Kim Shin-young.</p>
<p>Kim and Ra won gold and silver at the Atlanta Olympics mixed doubles when playing with a different partner. As a new and unseeded pairing, however, they were obliged to come through qualifying rounds here.</p>
<p>On Wednesday, they swiftly dealt with their seeded opponents but tournament assistant referee, American Stan Hales, filed a report to referee Torsten Berg who in turn reported to the championships management committee.</p>
<p>A brief statement on Wednesday night said the committee had received Berg's report and would be reporting to the IBF council, which is due to hold its next meeting on Saturday.</p>
</text>
<copyright>(c) Reuters Limited 1997</copyright>
<metadata>
<codes class="bip:countries:1.0">
  <code code="UK">
    <editdetail attribution="Reuters BIP Coding Group" action="confirmed" date="1997-05-28"/>
  </code>
</codes>
<codes class="bip:topics:1.0">
  <code code="GCAT">
    <editdetail attribution="Reuters BIP Coding Group" action="confirmed" date="1997-05-28"/>
  </code>
  <code code="GSPO">
    <editdetail attribution="Reuters BIP Coding Group" action="confirmed" date="1997-05-28"/>
  </code>
</codes>
<dc element="dc.date.created" value="1997-05-28"/>
<dc element="dc.publisher" value="Reuters Holdings Plc"/>
<dc element="dc.date.published" value="1997-05-28"/>
<dc element="dc.source" value="Reuters"/>
<dc element="dc.creator.location" value="GLASGOW"/>
<dc element="dc.creator.location.country.name" value="UK"/>
<dc element="dc.source" value="Reuters"/>
</metadata>
</newsitem>
