<?xml version="1.0" encoding="iso-8859-1" ?>
<newsitem itemid="619246" id="root" date="1997-05-28" xml:lang="en">
<title>USA: Digital to make statement within hour.</title>
<headline>Digital to make statement within hour.</headline>
<dateline>BOSTON 1997-05-28</dateline>
<text>
<p>Digital Equipment Corp on Wednesday said it would release a statment within an hour about its contractual agreement with Intel Corp and a counter-lawsuit filed by Intel.</p>
<p>&quot;There will be a statement within an hour,&quot; a spokeswoman for Digital told Reuters.</p>
<p>Intel said on Wednesday it filed a lawsuit against Digital, alleging Digital has refused to return confidential information. Intel also said its contract to supply its Pentium family of chips to Digital expires after the third quarter of 1997, rather than June 30, 1999, as Digital has asserted.</p>
<p>((Boston bureau, (617) 367-4106))  </p>
<p>In a statement earlier today, Intel said it sought return of &quot;confidential information pertaining to Intel's products that it has transferred to DEC over the past several years.&quot;</p>
<p>Digital said Intel's demands related to materials that Intel shared with Digital and other vendors that use Intel processors in their products. Digital also said it did not expect to be deprived of access to those products.</p>
<p>&quot;We expect to have timely access to Intel technology,&quot; Siekman said. &quot;This counter suit is nothing more than a thinly veiled attempt to cause concern among Digital customers.&quot;  </p>
<p>&quot;There has been no disruption of supply of product from Intel and we expect none in the future,&quot; Siekman said. &quot;We have product agreements with Intel that run until 1999.&quot;</p>
<p>&quot;The simple fact is that our suit was filed because we discovered that Intel, without permission, is using Digital patented technology to gain significant performance improvements in their products and we want them to stop,&quot; Siekman said.</p>
<p>&quot;Since Intel's use of our technology is unlawful, they are attempting to threaten and silence us,&quot; Siekman said. &quot;It won't work and we are confident that we will win.&quot;</p>
<p>((New York Newsdesk 212 859 1610))</p>
</text>
<copyright>(c) Reuters Limited 1997</copyright>
<metadata>
<codes class="bip:countries:1.0">
  <code code="USA">
    <editdetail attribution="Reuters BIP Coding Group" action="confirmed" date="1997-05-28"/>
  </code>
</codes>
<codes class="bip:industries:1.0">
  <code code="I33020">
    <editdetail attribution="Reuters BIP Coding Group" action="confirmed" date="1997-05-28"/>
  </code>
  <code code="I3302003">
    <editdetail attribution="Reuters BIP Coding Group" action="confirmed" date="1997-05-28"/>
  </code>
  <code code="I34531">
    <editdetail attribution="Reuters BIP Coding Group" action="confirmed" date="1997-05-28"/>
  </code>
</codes>
<codes class="bip:topics:1.0">
  <code code="C12">
    <editdetail attribution="Reuters BIP Coding Group" action="confirmed" date="1997-05-28"/>
  </code>
  <code code="CCAT">
    <editdetail attribution="Reuters BIP Coding Group" action="confirmed" date="1997-05-28"/>
  </code>
  <code code="GCAT">
    <editdetail attribution="Reuters BIP Coding Group" action="confirmed" date="1997-05-28"/>
  </code>
</codes>
<dc element="dc.date.created" value="1997-05-28"/>
<dc element="dc.publisher" value="Reuters Holdings Plc"/>
<dc element="dc.date.published" value="1997-05-28"/>
<dc element="dc.source" value="Reuters"/>
<dc element="dc.creator.location" value="BOSTON"/>
<dc element="dc.creator.location.country.name" value="USA"/>
<dc element="dc.source" value="Reuters"/>
</metadata>
</newsitem>
