<?xml version="1.0" encoding="iso-8859-1" ?>
<newsitem itemid="619263" id="root" date="1997-05-28" xml:lang="en">
<title>USA: Go-Video Inc Q4 shr profit $0.03.</title>
<headline>Go-Video Inc Q4 shr profit $0.03.</headline>
<dateline>SCOTTSDALE, Ariz. 1997-05-28</dateline>
<text>
<p>GO-VIDEO INC. AND SUBSIDIARY</p>
<p>		    CONSOLIDATED STATEMENTS OF OPERATIONS</p>
<p>		     Three Months		  For The Year</p>
<p>		    Ended March 31,	     Ended March 31,</p>
<p>		   1997	   1996	   1996	   1995</p>
<p> SALES	$10,917,799 $ 7,101,495  $40,175,195  $34,646,406</p>
<p>COST OF SALES</p>
<p>		  8,129,282   7,272,328   30,035,136   29,266,086</p>
<p>Gross Profit</p>
<p>		  2,788,517   (170,833)   10,140,059    5,380,320</p>
<p>OTHER OPERATING COSTS:</p>
<p>Sales and Marketing</p>
<p>		    982,250     863,784    3,539,828    4,068,170</p>
<p>Research and</p>
<p>  Development   404,631     234,500    1,112,675	713,600</p>
<p>General and</p>
<p>Administrative</p>
<p>  Expenses	887,467     842,921    2,836,019    2,809,573</p>
<p>Total Other</p>
<p>Operating Costs</p>
<p>		  2,274,348   1,941,205    7,488,522    7,591,343</p>
<p>Operating</p>
<p>Income (Loss)</p>
<p>		    514,169  (2,112,038)   2,651,537  (2,211,023)</p>
<p>OTHER (EXPENSES)</p>
<p>REVENUES:</p>
<p> Interest Income  2,538	 1,737	 16,846	  4,258</p>
<p>Interest Expense</p>
<p>		   (87,871)   (165,484)    (670,522)    (648,804)</p>
<p>Other Income</p>
<p>  (expense)    (41,586)    (13,335)     (73,530)     (15,601)</p>
<p>Total Other Expense</p>
<p>		  (126,919)   (177,082)    (727,206)    (660,147)</p>
<p>INCOME BEFORE</p>
<p>PROVISION FOR</p>
<p>  INCOME TAXES  387,250  (2,289,120)   1,924,331  (2,871,170)</p>
<p>PROVISION FOR</p>
<p>  INCOME TAXES   20,000	     0	 40,000		0</p>
<p>NET INCOME (LOSS)</p>
<p>		    367,250 (2,289,120)    1,884,331  (2,871,170)</p>
<p>NET INCOME (LOSS)</p>
<p>PER COMMON SHARE</p>
<p>			 0.03	(0.20)	   0.17	 (0.25)</p>
<p>WEIGHTED AVERAGE</p>
<p>COMMON SHARES</p>
<p>OUTSTANDING</p>
<p>		 11,620,123  11,331,012   11,407,553   11,304,261</p>
</text>
<copyright>(c) Reuters Limited 1997</copyright>
<metadata>
<codes class="bip:countries:1.0">
  <code code="USA">
    <editdetail attribution="Reuters BIP Coding Group" action="confirmed" date="1997-05-28"/>
  </code>
</codes>
<codes class="bip:industries:1.0">
  <code code="I34540">
    <editdetail attribution="Reuters BIP Coding Group" action="confirmed" date="1997-05-28"/>
  </code>
</codes>
<codes class="bip:topics:1.0">
  <code code="C15">
    <editdetail attribution="Reuters BIP Coding Group" action="confirmed" date="1997-05-28"/>
  </code>
  <code code="C151">
    <editdetail attribution="Reuters BIP Coding Group" action="confirmed" date="1997-05-28"/>
  </code>
  <code code="C1511">
    <editdetail attribution="Reuters BIP Coding Group" action="confirmed" date="1997-05-28"/>
  </code>
  <code code="CCAT">
    <editdetail attribution="Reuters BIP Coding Group" action="confirmed" date="1997-05-28"/>
  </code>
</codes>
<dc element="dc.date.created" value="1997-05-28"/>
<dc element="dc.publisher" value="Reuters Holdings Plc"/>
<dc element="dc.date.published" value="1997-05-28"/>
<dc element="dc.source" value="Reuters"/>
<dc element="dc.creator.location" value="SCOTTSDALE, Ariz."/>
<dc element="dc.creator.location.country.name" value="USA"/>
<dc element="dc.source" value="Reuters"/>
</metadata>
</newsitem>
