<?xml version="1.0" encoding="iso-8859-1" ?>
<newsitem itemid="619200" id="root" date="1997-05-28" xml:lang="en">
<title>USA: Right Start Inc Q1 full results.</title>
<headline>Right Start Inc Q1 full results.</headline>
<dateline>WESTLAKE VILLAGE, Calif. 1997-05-28</dateline>
<text>
<p>(unaudited)</p>
<p>					   13 Weeks Ended</p>
<p>					   May 3,	    May 4,</p>
<p>					     1997		1996</p>
<p>Net sales:</p>
<p>   Retail			   $7,414,000	$5,212,000</p>
<p>   Catalog			   2,522,000	 5,610,000</p>
<p>					 9,936,000	10,822,000</p>
<p> Other revenues			 73,000	   161,000</p>
<p>					10,009,000	10,983,000</p>
<p>Costs and expenses:</p>
<p>   Cost of goods sold	    4,917,000	 5,657,000</p>
<p>   Operating expense	     5,181,000	 4,525,000</p>
<p>General and administrative</p>
<p>    expense			  1,063,000	 1,043,000</p>
<p>Pre-opening cost</p>
<p>    amortization		     217,000	    91,000</p>
<p>Depreciation and</p>
<p>    amortization expense	   394,000	   250,000</p>
<p>					11,772,000	11,566,000</p>
<p> Operating loss		  (1,763,000)	 (583,000)</p>
<p>Interest and other income</p>
<p>  and expense, net		 (205,000)     (490,000)/a</p>
<p> Loss before income taxes    (1,968,000)     (1,073,000)</p>
<p> Income tax provision (benefit)   10,000	 (519,000)</p>
<p> Net loss			  (1,978,000)	 (554,000)</p>
<p> Loss per share		     (23 cts)	   (8 cts)</p>
<p>Weighted average number of</p>
<p>  shares outstanding	     8,499,353	 6,761,684</p>
<p>NOTE:  Includes $450,000 of severance charges incurred in conjunction with the resignation of the company's former chief executive officer.</p>
</text>
<copyright>(c) Reuters Limited 1997</copyright>
<metadata>
<codes class="bip:countries:1.0">
  <code code="USA">
    <editdetail attribution="Reuters BIP Coding Group" action="confirmed" date="1997-05-28"/>
  </code>
</codes>
<codes class="bip:industries:1.0">
  <code code="I65600">
    <editdetail attribution="Reuters BIP Coding Group" action="confirmed" date="1997-05-28"/>
  </code>
  <code code="I6560003">
    <editdetail attribution="Reuters BIP Coding Group" action="confirmed" date="1997-05-28"/>
  </code>
</codes>
<codes class="bip:topics:1.0">
  <code code="C15">
    <editdetail attribution="Reuters BIP Coding Group" action="confirmed" date="1997-05-28"/>
  </code>
  <code code="C151">
    <editdetail attribution="Reuters BIP Coding Group" action="confirmed" date="1997-05-28"/>
  </code>
  <code code="CCAT">
    <editdetail attribution="Reuters BIP Coding Group" action="confirmed" date="1997-05-28"/>
  </code>
</codes>
<dc element="dc.date.created" value="1997-05-28"/>
<dc element="dc.publisher" value="Reuters Holdings Plc"/>
<dc element="dc.date.published" value="1997-05-28"/>
<dc element="dc.source" value="Reuters"/>
<dc element="dc.creator.location" value="WESTLAKE VILLAGE, Calif."/>
<dc element="dc.creator.location.country.name" value="USA"/>
<dc element="dc.source" value="Reuters"/>
</metadata>
</newsitem>
