<?xml version="1.0" encoding="iso-8859-1" ?>
<newsitem itemid="619277" id="root" date="1997-05-28" xml:lang="en">
<title>USA: BPA offers 300 MW peak firm power Thurs, prices up.</title>
<headline>BPA offers 300 MW peak firm power Thurs, prices up.</headline>
<dateline>LOS ANGELES 1997-05-28</dateline>
<text>
<p>The Bonneville Power Administration (BPA) continued to offer 300 megawatts of peak firm power for next-day delivery, but raised prices by $2.00 a megawatt hour (MWh) from Tuesday, the agency said Wednesday.</p>
<p>BPA offered peak power during hours ending 0700-2200 PDT on Thursday at $24.00 per megawatt hour (MWh) for Northwest sales and at $27.00 for California-Oregon border sales.</p>
<p>The agency continued to offer off-peak firm power at $9.00 on Thursday for all deliveries.</p>
<p>BPA prices for non-firm power during hours ending 0600 and 2300 PDT on Thursday were also unchanged at $10.00 per MWh, while prices for hours ending 0100-0500 and 2400 PDT were flat at $9.00 per MWh.</p>
<p>((--Los Angeles bureau +1 212 955 6761))</p>
</text>
<copyright>(c) Reuters Limited 1997</copyright>
<metadata>
<codes class="bip:countries:1.0">
  <code code="USA">
    <editdetail attribution="Reuters BIP Coding Group" action="confirmed" date="1997-05-28"/>
  </code>
</codes>
<codes class="bip:topics:1.0">
  <code code="M14">
    <editdetail attribution="Reuters BIP Coding Group" action="confirmed" date="1997-05-28"/>
  </code>
  <code code="M143">
    <editdetail attribution="Reuters BIP Coding Group" action="confirmed" date="1997-05-28"/>
  </code>
  <code code="MCAT">
    <editdetail attribution="Reuters BIP Coding Group" action="confirmed" date="1997-05-28"/>
  </code>
</codes>
<dc element="dc.date.created" value="1997-05-28"/>
<dc element="dc.publisher" value="Reuters Holdings Plc"/>
<dc element="dc.date.published" value="1997-05-28"/>
<dc element="dc.source" value="Reuters"/>
<dc element="dc.creator.location" value="LOS ANGELES"/>
<dc element="dc.creator.location.country.name" value="USA"/>
<dc element="dc.source" value="Reuters"/>
</metadata>
</newsitem>
