<?xml version="1.0" encoding="iso-8859-1" ?>
<newsitem itemid="619236" id="root" date="1997-05-28" xml:lang="en">
<title>USA: Fluor, partner win $120 mln contract.</title>
<headline>Fluor, partner win $120 mln contract.</headline>
<dateline>IRVINE, Calif. 1997-05-28</dateline>
<text>
<p>Fluor Corp's principal operating unit, Fluor Daniel Inc, and its joint partner SADE, an Argentine construction company, have won a construction contract valued at about $120 million.</p>
<p>The two companies will provide basic engineering, project management, engineering, procurement and contracting services for Cerro Vanguardia, a $237 million gold and silver mine and processing plant in Santa Cruz, Argentina.  </p>
<p>The contract was awared by Cerro Vanguardia S.A., an Argentine company.</p>
<p>&quot;This is Fluor Daniel's second major undertaking in Argentina, and we are extremely pleased to have been chosen to work on this project,&quot; said Phil Asherman, president of Fluor Daniel's Mining &amp; Minerals operating company.</p>
<p>A 1996 feasibility study estimates mining reserves to be at 9.3 million tons, containing 2.7 million ounces of gold and 27.2 million ounces of silver.</p>
<p>Production is scheduled to begin in mid-1998 with full production levels being reached by year-end. Employment levels for operations will peak at about 300 people.</p>
</text>
<copyright>(c) Reuters Limited 1997</copyright>
<metadata>
<codes class="bip:countries:1.0">
  <code code="ARG">
    <editdetail attribution="Reuters BIP Coding Group" action="confirmed" date="1997-05-28"/>
  </code>
  <code code="USA">
    <editdetail attribution="Reuters BIP Coding Group" action="confirmed" date="1997-05-28"/>
  </code>
</codes>
<codes class="bip:industries:1.0">
  <code code="I21000">
    <editdetail attribution="Reuters BIP Coding Group" action="confirmed" date="1997-05-28"/>
  </code>
  <code code="I22472">
    <editdetail attribution="Reuters BIP Coding Group" action="confirmed" date="1997-05-28"/>
  </code>
  <code code="I50200">
    <editdetail attribution="Reuters BIP Coding Group" action="confirmed" date="1997-05-28"/>
  </code>
</codes>
<codes class="bip:topics:1.0">
  <code code="C33">
    <editdetail attribution="Reuters BIP Coding Group" action="confirmed" date="1997-05-28"/>
  </code>
  <code code="CCAT">
    <editdetail attribution="Reuters BIP Coding Group" action="confirmed" date="1997-05-28"/>
  </code>
</codes>
<dc element="dc.date.created" value="1997-05-28"/>
<dc element="dc.publisher" value="Reuters Holdings Plc"/>
<dc element="dc.date.published" value="1997-05-28"/>
<dc element="dc.source" value="Reuters"/>
<dc element="dc.creator.location" value="IRVINE, Calif."/>
<dc element="dc.creator.location.country.name" value="USA"/>
<dc element="dc.source" value="Reuters"/>
</metadata>
</newsitem>
