<?xml version="1.0" encoding="iso-8859-1" ?>
<newsitem itemid="619256" id="root" date="1997-05-28" xml:lang="en">
<title>USA: Amscan Holdings chairman dies.</title>
<headline>Amscan Holdings chairman dies.</headline>
<dateline>ELMSFORD, N.Y. 1997-05-28</dateline>
<text>
<p>Amscan Holdings Inc on Wednesday said its founder and chairman, John Svenningsen, died Tuesday night after a long illness.</p>
<p>A company spokeswoman said Svenningsen was 66. No replacement has been named, she added.</p>
<p>Amscan is a leading supplier of party goods, such as paper plates, cups, napkins and tablecovers, which are sold through more than 20,000 retail outlets in the United States.</p>
</text>
<copyright>(c) Reuters Limited 1997</copyright>
<metadata>
<codes class="bip:countries:1.0">
  <code code="USA">
    <editdetail attribution="Reuters BIP Coding Group" action="confirmed" date="1997-05-28"/>
  </code>
</codes>
<codes class="bip:topics:1.0">
  <code code="C41">
    <editdetail attribution="Reuters BIP Coding Group" action="confirmed" date="1997-05-28"/>
  </code>
  <code code="C411">
    <editdetail attribution="Reuters BIP Coding Group" action="confirmed" date="1997-05-28"/>
  </code>
  <code code="CCAT">
    <editdetail attribution="Reuters BIP Coding Group" action="confirmed" date="1997-05-28"/>
  </code>
</codes>
<dc element="dc.date.created" value="1997-05-28"/>
<dc element="dc.publisher" value="Reuters Holdings Plc"/>
<dc element="dc.date.published" value="1997-05-28"/>
<dc element="dc.source" value="Reuters"/>
<dc element="dc.creator.location" value="ELMSFORD, N.Y."/>
<dc element="dc.creator.location.country.name" value="USA"/>
<dc element="dc.source" value="Reuters"/>
</metadata>
</newsitem>
