<?xml version="1.0" encoding="iso-8859-1" ?>
<newsitem itemid="619250" id="root" date="1997-05-28" xml:lang="en">
<title>USA: Inland says spinoff proposal rejected.</title>
<headline>Inland says spinoff proposal rejected.</headline>
<dateline>CHICAGO 1997-05-28</dateline>
<text>
<p>Inland Steel Industries Inc said a proposal to spin off the company's remaining 87 percent stake in Ryerson Tull Inc was rejected by shareholders Wednesday at the annual meeting here.</p>
<p>The proposal was sponsored by Greenway Partners L.P. which owns a stake in Inland, the sixth largest U.S. steel maker.</p>
<p>At the meeting, Inland said 17.3 percent of the voting power of all voting securities outstanding and represented at the meeting voted in favor of the Greenway proposal. The proposal was opposed by Inland directors and management.  </p>
<p>&quot;Clearly, the overwhelming majority of Inland's shareholders agree that the board is in the best position to determine the appropriateness and timing of strategic alternatives,&quot; said chief executive Robert Darnall.</p>
<p>Alfred Kingsley, principal of Greenway, said the group is a long-term investor and will monitor its Inland holdings.</p>
<p>&quot;We'll see how the company does,&quot; Kingsley said.</p>
<p>Besides proposing a spin-off or a letter-stock issuance of Inland's remaining Ryerson stake, Kingsley said Greenway also proposed that Inland seek a merger partner.  </p>
<p>&quot;We think that there should be some consolidation in the industry now. Don't wait for a downturn when everybody's looking around and they think they're going bust. Do it when things are good and then maybe things will get better. So that's our thought,&quot; Kingsley said.</p>
<p>In a press conference following the meeting, Darnall reiterated that he is open to change at Inland. &quot;I'm willing to consider options that create a stronger steel company,&quot; he said in answer to a question about possible mergers.  </p>
<p>He declined to comment on whether any other talks have followed those that occurred last year between Inland and USX-US Steel Group, the largest U.S. steelmaker.</p>
<p>Those talks were halted late last year after Inland decided against combining the two companies.</p>
<p>&quot;There's an intellectual case that can be made for industry consolidation, but nothing has happened,&quot; Darnall said.</p>
<p>((--Kevin Drawbaugh, Chicago Newsdesk 312-408-8787))</p>
</text>
<copyright>(c) Reuters Limited 1997</copyright>
<metadata>
<codes class="bip:countries:1.0">
  <code code="USA">
    <editdetail attribution="Reuters BIP Coding Group" action="confirmed" date="1997-05-28"/>
  </code>
</codes>
<codes class="bip:industries:1.0">
  <code code="I22100">
    <editdetail attribution="Reuters BIP Coding Group" action="confirmed" date="1997-05-28"/>
  </code>
  <code code="I31000">
    <editdetail attribution="Reuters BIP Coding Group" action="confirmed" date="1997-05-28"/>
  </code>
  <code code="I83100">
    <editdetail attribution="Reuters BIP Coding Group" action="confirmed" date="1997-05-28"/>
  </code>
</codes>
<codes class="bip:topics:1.0">
  <code code="C11">
    <editdetail attribution="Reuters BIP Coding Group" action="confirmed" date="1997-05-28"/>
  </code>
  <code code="C18">
    <editdetail attribution="Reuters BIP Coding Group" action="confirmed" date="1997-05-28"/>
  </code>
  <code code="C181">
    <editdetail attribution="Reuters BIP Coding Group" action="confirmed" date="1997-05-28"/>
  </code>
  <code code="CCAT">
    <editdetail attribution="Reuters BIP Coding Group" action="confirmed" date="1997-05-28"/>
  </code>
</codes>
<dc element="dc.date.created" value="1997-05-28"/>
<dc element="dc.publisher" value="Reuters Holdings Plc"/>
<dc element="dc.date.published" value="1997-05-28"/>
<dc element="dc.source" value="Reuters"/>
<dc element="dc.creator.location" value="CHICAGO"/>
<dc element="dc.creator.location.country.name" value="USA"/>
<dc element="dc.source" value="Reuters"/>
</metadata>
</newsitem>
