<?xml version="1.0" encoding="iso-8859-1" ?>
<newsitem itemid="619273" id="root" date="1997-05-28" xml:lang="en">
<title>USA: Sequa says 2 Pratt claims dismissed.</title>
<headline>Sequa says 2 Pratt claims dismissed.</headline>
<dateline>NEW YORK 1997-05-28</dateline>
<text>
<p>Sequa Corp said Wednesday a federal district court in Delaware has dismissed two royalty claims filed against its Chromalloy Gas Turbine subsidiary by United Technologies Corp's Pratt &amp; Whitney unit.</p>
<p>Sequa said the court rejected Pratt's claims for double royalties on jet engine component repairs under multiple contracts.</p>
<p>But in its statement, Pratt &amp; Whitney said the court ruled in its favor in deciding Chromally violated a licensing agreement by failing to pay fees to the jet engine building.  </p>
<p>Pratt &amp; Whitney also said &quot;Chromalloy has agreed to pay the back royalties it owes with interest. The final sum is expected to be several million dollars.&quot;</p>
<p>An attorney for Sequa said Pratt &amp; Whitney's statement  was &quot;flat wrong.&quot;</p>
<p>A Pratt &amp; Whitney spokesman said he &quot;did not dispute&quot; Sequa's statement that the court dismissed the two claims.</p>
<p>In its statement, Sequa said the two companies agreed, following the rulings, to resolve specific issues that had been in contention in the suit.  </p>
<p>&quot;As part of the agreement to settle one dispute,&quot; Sequa said, &quot;Pratt &amp; Whitney has recognized Chromalloy's license to perform certain repairs Pratt had claimed were unauthorized, and Chromalloy agreed to pay Pratt royalties for these repairs. Pratt also agreed to dismiss related claims for patent and trademark infringement and unfair competition.&quot;</p>
<p>&quot;In addition, the companies agreed to resolve several other disputes over royalties, and Pratt agreed to accept overpayments by Chromalloy under one contract as a credit against any underpayment by Chromalloy under another contract.&quot;  </p>
<p>Chromalloy chairman, Martin Weinstein, said, &quot;We are pleased by this partial resolution of our dispute pending in the Delaware court, and it remains our desire to resolve the rest of our contract disputes with Pratt.&quot;</p>
<p>Pratt &amp; Whitney said the judge's finding that Chromalloy had violated its linense agreement came as part of a breach of contract action Pratt &amp; Whitney filed. The remainin issues are anticipated to be tried later this year the U.S. District Court in Delaware.</p>
<p>It said the royalties at issue cover Chromalloy's use of cereamic coatings for jet engine airfoils and other patented processes.</p>
<p>The Delaware action is related to the recent Texas state court antitrust case in which the jury rejected Chromalloy's claim it had suffered monetary damage because of Pratt &amp; Whitney's alleged monopolization of the jet engine repair business, the company said.</p>
<p>The jury also found Chromalloy had engaged in unfair competition, misappropriation of Pratt &amp; Whitney data and fraudulent concealment.</p>
<p>The Texas court recently ruled that Chromalloy could not collect any damages from Pratt &amp; Whitney or get an injunction.</p>
<p>((-- New York Newsdesk 212-859-1610.))</p>
</text>
<copyright>(c) Reuters Limited 1997</copyright>
<metadata>
<codes class="bip:countries:1.0">
  <code code="USA">
    <editdetail attribution="Reuters BIP Coding Group" action="confirmed" date="1997-05-28"/>
  </code>
</codes>
<codes class="bip:industries:1.0">
  <code code="I36400">
    <editdetail attribution="Reuters BIP Coding Group" action="confirmed" date="1997-05-28"/>
  </code>
  <code code="I83960">
    <editdetail attribution="Reuters BIP Coding Group" action="confirmed" date="1997-05-28"/>
  </code>
</codes>
<codes class="bip:topics:1.0">
  <code code="C12">
    <editdetail attribution="Reuters BIP Coding Group" action="confirmed" date="1997-05-28"/>
  </code>
  <code code="CCAT">
    <editdetail attribution="Reuters BIP Coding Group" action="confirmed" date="1997-05-28"/>
  </code>
  <code code="GCAT">
    <editdetail attribution="Reuters BIP Coding Group" action="confirmed" date="1997-05-28"/>
  </code>
  <code code="GCRIM">
    <editdetail attribution="Reuters BIP Coding Group" action="confirmed" date="1997-05-28"/>
  </code>
</codes>
<dc element="dc.date.created" value="1997-05-28"/>
<dc element="dc.publisher" value="Reuters Holdings Plc"/>
<dc element="dc.date.published" value="1997-05-28"/>
<dc element="dc.source" value="Reuters"/>
<dc element="dc.creator.location" value="NEW YORK"/>
<dc element="dc.creator.location.country.name" value="USA"/>
<dc element="dc.source" value="Reuters"/>
</metadata>
</newsitem>
