<?xml version="1.0" encoding="iso-8859-1" ?>
<newsitem itemid="619210" id="root" date="1997-05-28" xml:lang="en">
<title>USA: RESEARCH ALERT - Cabletron Systems a buy.</title>
<headline>RESEARCH ALERT - Cabletron Systems a buy.</headline>
<dateline>LOS ANGELES 1997-05-28</dateline>
<text>
<p>Robertson, Stephens &amp; Co said analyst Paul Johnson reiterated a buy rating on shares of Cabletron Systems Inc, based on his belief that &quot;the market for next-generation backbone networking technologies is poised to accelerate during the second half of 1997.&quot;</p>
<p>Cabletron shares were up two points to 45 at mid-afternoon.</p>
<p>In a statement, Johnson said Cabletron is one of the best-positioned companies in the computer networking arena. He said Cabletron's &quot;Synthesis network architecture...will extend the company's leadership in the high-end market for switching hubs.&quot;</p>
</text>
<copyright>(c) Reuters Limited 1997</copyright>
<metadata>
<codes class="bip:countries:1.0">
  <code code="USA">
    <editdetail attribution="Reuters BIP Coding Group" action="confirmed" date="1997-05-28"/>
  </code>
</codes>
<codes class="bip:industries:1.0">
  <code code="I33030">
    <editdetail attribution="Reuters BIP Coding Group" action="confirmed" date="1997-05-28"/>
  </code>
</codes>
<codes class="bip:topics:1.0">
  <code code="C15">
    <editdetail attribution="Reuters BIP Coding Group" action="confirmed" date="1997-05-28"/>
  </code>
  <code code="C152">
    <editdetail attribution="Reuters BIP Coding Group" action="confirmed" date="1997-05-28"/>
  </code>
  <code code="CCAT">
    <editdetail attribution="Reuters BIP Coding Group" action="confirmed" date="1997-05-28"/>
  </code>
</codes>
<dc element="dc.date.created" value="1997-05-28"/>
<dc element="dc.publisher" value="Reuters Holdings Plc"/>
<dc element="dc.date.published" value="1997-05-28"/>
<dc element="dc.source" value="Reuters"/>
<dc element="dc.creator.location" value="LOS ANGELES"/>
<dc element="dc.creator.location.country.name" value="USA"/>
<dc element="dc.source" value="Reuters"/>
</metadata>
</newsitem>
