<?xml version="1.0" encoding="iso-8859-1" ?>
<newsitem itemid="619267" id="root" date="1997-05-28" xml:lang="en">
<title>USA: Scott &amp; Stringfellow raises qtly dividend.</title>
<headline>Scott &amp; Stringfellow raises qtly dividend.</headline>
<dateline>RICHMOND, Va. 1997-05-28</dateline>
<text>
<p>Quarterly		   Latest</p>
<p>		   Prior</p>
<p> Amount		  $0.09		     $0.08</p>
<p> Pay		   July 15</p>
<p> Record		 July 1</p>
<p>Note: Full name of company is Scott &amp; Stringfellow Financial Inc.</p>
<p>The company said the prior dividend rate has been adjusted to reflect the three-for-two stock split paid to stockholders on May 6. The rate before the split had been $0.12 per share.</p>
</text>
<copyright>(c) Reuters Limited 1997</copyright>
<metadata>
<codes class="bip:countries:1.0">
  <code code="USA">
    <editdetail attribution="Reuters BIP Coding Group" action="confirmed" date="1997-05-28"/>
  </code>
</codes>
<codes class="bip:industries:1.0">
  <code code="I83100">
    <editdetail attribution="Reuters BIP Coding Group" action="confirmed" date="1997-05-28"/>
  </code>
</codes>
<codes class="bip:topics:1.0">
  <code code="C15">
    <editdetail attribution="Reuters BIP Coding Group" action="confirmed" date="1997-05-28"/>
  </code>
  <code code="C151">
    <editdetail attribution="Reuters BIP Coding Group" action="confirmed" date="1997-05-28"/>
  </code>
  <code code="CCAT">
    <editdetail attribution="Reuters BIP Coding Group" action="confirmed" date="1997-05-28"/>
  </code>
</codes>
<dc element="dc.date.created" value="1997-05-28"/>
<dc element="dc.publisher" value="Reuters Holdings Plc"/>
<dc element="dc.date.published" value="1997-05-28"/>
<dc element="dc.source" value="Reuters"/>
<dc element="dc.creator.location" value="RICHMOND, Va."/>
<dc element="dc.creator.location.country.name" value="USA"/>
<dc element="dc.source" value="Reuters"/>
</metadata>
</newsitem>
