<?xml version="1.0" encoding="iso-8859-1" ?>
<newsitem itemid="619206" id="root" date="1997-05-28" xml:lang="en">
<title>USA: RCSB Financial ends stock buyback.</title>
<headline>RCSB Financial ends stock buyback.</headline>
<dateline>ROCHESTER, N.Y. 1997-05-28</dateline>
<text>
<p>RCSB Financial Inc said on Wednesday it has terminated its current share repurchase program due to a pending merger with Charter One Financial Inc.</p>
<p>On October 23, 1996, RCSB's board authorized the repurchase of 1.5 million shares and 947,100 shares under this authorization have been repurchased at an average price of $30.53.</p>
<p>RCSB ceased repurchasing its shares prior to entering into merger discussions in March 1997 with Charter One, a $14 billion thrift, it said.</p>
<p>RCSB's merger into Charter One is expected to be completed in the 1997 fourth quarter pending regulatory and shareholder approvals, it said.</p>
<p>The merger calls for the tax-free exchange of 0.91 shares of Charter One common stock for each RCSB common share in a pooling of interests.  At March 31, 1997, RCSB had 14.9 million common shares and share equivalents outstanding.</p>
</text>
<copyright>(c) Reuters Limited 1997</copyright>
<metadata>
<codes class="bip:countries:1.0">
  <code code="USA">
    <editdetail attribution="Reuters BIP Coding Group" action="confirmed" date="1997-05-28"/>
  </code>
</codes>
<codes class="bip:industries:1.0">
  <code code="I81501">
    <editdetail attribution="Reuters BIP Coding Group" action="confirmed" date="1997-05-28"/>
  </code>
  <code code="I8150103">
    <editdetail attribution="Reuters BIP Coding Group" action="confirmed" date="1997-05-28"/>
  </code>
</codes>
<codes class="bip:topics:1.0">
  <code code="C17">
    <editdetail attribution="Reuters BIP Coding Group" action="confirmed" date="1997-05-28"/>
  </code>
  <code code="C171">
    <editdetail attribution="Reuters BIP Coding Group" action="confirmed" date="1997-05-28"/>
  </code>
  <code code="C18">
    <editdetail attribution="Reuters BIP Coding Group" action="confirmed" date="1997-05-28"/>
  </code>
  <code code="C181">
    <editdetail attribution="Reuters BIP Coding Group" action="confirmed" date="1997-05-28"/>
  </code>
  <code code="CCAT">
    <editdetail attribution="Reuters BIP Coding Group" action="confirmed" date="1997-05-28"/>
  </code>
</codes>
<dc element="dc.date.created" value="1997-05-28"/>
<dc element="dc.publisher" value="Reuters Holdings Plc"/>
<dc element="dc.date.published" value="1997-05-28"/>
<dc element="dc.source" value="Reuters"/>
<dc element="dc.creator.location" value="ROCHESTER, N.Y."/>
<dc element="dc.creator.location.country.name" value="USA"/>
<dc element="dc.source" value="Reuters"/>
</metadata>
</newsitem>
