<?xml version="1.0" encoding="iso-8859-1" ?>
<newsitem itemid="619221" id="root" date="1997-05-28" xml:lang="en">
<title>USA: Dow slips as bonds weaken from highs, Nasdaq off.</title>
<headline>Dow slips as bonds weaken from highs, Nasdaq off.</headline>
<dateline>NEW YORK 1997-05-28</dateline>
<text>
<p>The Dow Jones industrial average drifted lower again on Wednesday, after making a timid stab at positive ground at around midday when the long bond yield dropped back to seven percent.</p>
<p>As bonds eased, and the yield on the benchmark 30-year Treasury bond went to 7.01 percent ahead of key auction results from the U.S. Treasury, the Dow retraced ground.</p>
<p>The Dow was trading off 23 points at around 7360, while Nasdaq, up for most of the morning, dipped 0.42 point to 1409. The long bond was up 8/32 at 7.01 percent yield, below session highs.</p>
</text>
<copyright>(c) Reuters Limited 1997</copyright>
<metadata>
<codes class="bip:countries:1.0">
  <code code="USA">
    <editdetail attribution="Reuters BIP Coding Group" action="confirmed" date="1997-05-28"/>
  </code>
</codes>
<codes class="bip:topics:1.0">
  <code code="M11">
    <editdetail attribution="Reuters BIP Coding Group" action="confirmed" date="1997-05-28"/>
  </code>
  <code code="MCAT">
    <editdetail attribution="Reuters BIP Coding Group" action="confirmed" date="1997-05-28"/>
  </code>
</codes>
<dc element="dc.date.created" value="1997-05-28"/>
<dc element="dc.publisher" value="Reuters Holdings Plc"/>
<dc element="dc.date.published" value="1997-05-28"/>
<dc element="dc.source" value="Reuters"/>
<dc element="dc.creator.location" value="NEW YORK"/>
<dc element="dc.creator.location.country.name" value="USA"/>
<dc element="dc.source" value="Reuters"/>
</metadata>
</newsitem>
