<?xml version="1.0" encoding="iso-8859-1" ?>
<newsitem itemid="619299" id="root" date="1997-05-28" xml:lang="en">
<title>ITALY: CYCLING-GIRO D'ITALIA 11TH STAGE PLACINGS.</title>
<headline>CYCLING-GIRO D'ITALIA 11TH STAGE PLACINGS.</headline>
<dateline>CAMAIORE, Italy 1997-05-28</dateline>
<text>
<p>Leading placings in the</p>
<p>155-km 11th stage of the Giro d'Italia cycle race starting and</p>
<p>finishing in Camaiore on Wednesday:</p>
<p>  1. Gabriele Missaglia (Italy) Mapei   3 hours 36 minutes</p>
<p>24 seconds</p>
<p>2. Andrea Vatteroni (Italy) Scrigno</p>
<p>3. Mirko Celestino (Italy) Polti</p>
<p>  4. Massimo Podenzana (Italy) Mercatone Uno    all same time</p>
<p>  5. Francisco Cabello (Spain) Kelme		15 seconds</p>
<p>behind</p>
<p>6. Marco Fincato (Italy) Roslotto</p>
<p>7. Daniele di Paoli (Italy) Ros Mary</p>
<p>  8. Cristiano Frattini (Italy) Brescialat	all same time</p>
<p>  9. Mario Cipollini (Italy) Saeco		1:00</p>
<p>10. Alessandro Spezialetti (Italy) Batik</p>
<p>11. Dmitri Konychev (Russia) Roslotto</p>
<p>12. Manuel Scopsi (Italy) Ros Mary</p>
<p>13. Mariano Piccoli (Italy) Brescialat</p>
<p>14. Sauro Gallorini (Italy) Scrigno</p>
<p>15. Giampaolo Mondini (Italy) Amore and Vita</p>
<p>16. Filippo Casagrande (Italy) Scrigno</p>
<p>17. Davide Bramati (Italy) Mapei</p>
<p>18. Jose Luis Rubiera (Spain) Kelme</p>
<p>19. Fabrizio Bontempi (Italy) Brescialat</p>
<p> 20. Stefano Garzelli (Italy) Mercatone Uno     all same time</p>
<p>Leading overall standings after 11 stages:  1. Pavel</p>
<p>Tonkov (Russia) Mapei 49 hours 34 minutes 40 seconds</p>
<p>  2. Luc Leblanc (France) Polti    41 seconds behind</p>
<p>  3. Ivan Gotti (Italy) Saeco			 1:07</p>
<p>  4. Roberto Petito (Italy) Saeco		   1:09</p>
<p>  5. Andrea Paluan (Italy) Cantina Tollo	  1:39</p>
<p>  6. Andrea Noe' (Italy) Asics			1:43</p>
<p>  7. Paolo Savoldelli (Italy) Roslotto	    2:40</p>
<p>  8. Leonardo Piepoli (Italy) Ceramiche Refin   2:49</p>
<p>  9. Alexandre Shefer (Kazakhstan) Asics	  3:05</p>
<p> 10. Gilberto Simoni (Italy) Maglificio MG	3:14</p>
<p> 11. Michele Coppolillo (Italy) Maglificio MG   3:18</p>
<p> 12. Nicola Miceli (Italy) AKI			3:50</p>
<p> 13. Giuseppe Guerini (Italy) Polti		 3:58</p>
<p> 14. Piotr Ugrumov (Russia) Roslotto		3:59</p>
<p> 15. Enrico Zaina (Italy) Asics		     4:01</p>
<p> 16. Giuseppe di Grande (Italy) Mapei	     4:02</p>
<p> 17. Wladimir Belli (Italy) Brescialat	    4:39</p>
<p> 18. Filippo Simeoni (Italy) Asics		  5:01</p>
<p> 19. Axel Merckx (Belgium) Polti		    5:09</p>
<p> 20. Felix Garcia (Spain) Festina		   5:32</p>
</text>
<copyright>(c) Reuters Limited 1997</copyright>
<metadata>
<codes class="bip:countries:1.0">
  <code code="ITALY">
    <editdetail attribution="Reuters BIP Coding Group" action="confirmed" date="1997-05-28"/>
  </code>
</codes>
<codes class="bip:topics:1.0">
  <code code="GCAT">
    <editdetail attribution="Reuters BIP Coding Group" action="confirmed" date="1997-05-28"/>
  </code>
  <code code="GSPO">
    <editdetail attribution="Reuters BIP Coding Group" action="confirmed" date="1997-05-28"/>
  </code>
</codes>
<dc element="dc.date.created" value="1997-05-28"/>
<dc element="dc.publisher" value="Reuters Holdings Plc"/>
<dc element="dc.date.published" value="1997-05-28"/>
<dc element="dc.source" value="Reuters"/>
<dc element="dc.creator.location" value="CAMAIORE, Italy"/>
<dc element="dc.creator.location.country.name" value="ITALY"/>
<dc element="dc.source" value="Reuters"/>
</metadata>
</newsitem>
