<?xml version="1.0" encoding="iso-8859-1" ?>
<newsitem itemid="619284" id="root" date="1997-05-28" xml:lang="en">
<title>USA: U.S. blue chips softer, technology stocks mixed.</title>
<headline>U.S. blue chips softer, technology stocks mixed.</headline>
<dateline>NEW YORK 1997-05-27</dateline>
<text>
<p>The Dow Jones industrial average had a soft tone in mixed and volatile trading on Wednesday, but strength in particular issues like International Business Machines Corp lent support.</p>
<p>U.S. blue chips were off around 21 points or 0.28 percent to 7362.  But IBM, which started trading on a post-split basis, was up 2-1/8 to 91-1/2.  &quot;IBM is having a beautiful day,&quot; Frank Calta, an equity trader at Dain Bosworth said.</p>
<p>The Nasdaq composite, heavily-weighted with technology stocks, was up nearly one point to 1410.  Technology stocks were mixed.  </p>
<p>On Tuesday, a surge in technology stocks like those semiconductor-markers and networking firms, drove broader stock indices to fresh highs despite rising bond yields.</p>
<p>But while some networking shares, like Bay Networks Inc, 3Com Corp and U.S. Robotics Corp, were active and powerful on Wednesday, declines in stocks like Microsoft Corp chipped away at gains, traders said.</p>
<p>Bay Networks was up 2-1/8 at 24-7/8, 3Com was up 2-7/16 at 49-3/16 and U.S. Robotics was up four at 84-3/4. Microsoft was off 7/8 at 125-3/4.</p>
<p>The long bond was up 5/32 at a 7.02 percent yield. ((Wall Street desk 212-859-1730))</p>
</text>
<copyright>(c) Reuters Limited 1997</copyright>
<metadata>
<codes class="bip:countries:1.0">
  <code code="USA">
    <editdetail attribution="Reuters BIP Coding Group" action="confirmed" date="1997-05-28"/>
  </code>
</codes>
<codes class="bip:topics:1.0">
  <code code="M11">
    <editdetail attribution="Reuters BIP Coding Group" action="confirmed" date="1997-05-28"/>
  </code>
  <code code="MCAT">
    <editdetail attribution="Reuters BIP Coding Group" action="confirmed" date="1997-05-28"/>
  </code>
</codes>
<dc element="dc.date.created" value="1997-05-27"/>
<dc element="dc.publisher" value="Reuters Holdings Plc"/>
<dc element="dc.date.published" value="1997-05-28"/>
<dc element="dc.source" value="Reuters"/>
<dc element="dc.creator.location" value="NEW YORK"/>
<dc element="dc.creator.location.country.name" value="USA"/>
<dc element="dc.source" value="Reuters"/>
</metadata>
</newsitem>
