<?xml version="1.0" encoding="iso-8859-1" ?>
<newsitem itemid="619233" id="root" date="1997-05-28" xml:lang="en">
<title>USA: Hibernia says to merge with Unicorp.</title>
<headline>Hibernia says to merge with Unicorp.</headline>
<dateline>NEW ORLEANS 1997-05-28</dateline>
<text>
<p>Hibernia Corp said Wednesday it has signed a definitive agreement to merge with privately held Unicorp Bancshares-Texas Inc, which operates OrangeBank in Texas.</p>
<p>A Hibernia spokesman said Unicorp shareholders will receive 1.6 shares of Hibernia stock for each share of stock they own.</p>
<p>The exact price of the stock will be determined by the price of Hibernia stock at the close of the deal, but it will be in the range of about $27.6  million in a tax-free pooling of interest, the company said. Hibernia also would assume Unicorp's current outstanding debt.</p>
<p>Hibernia said the merger is expected to close during the fourth quarter.</p>
<p>Hibernia said OrangeBank will change its name to Hibernia National Bank of Texas by the end of the year when its computer system is converted to Hibernia's.</p>
</text>
<copyright>(c) Reuters Limited 1997</copyright>
<metadata>
<codes class="bip:countries:1.0">
  <code code="USA">
    <editdetail attribution="Reuters BIP Coding Group" action="confirmed" date="1997-05-28"/>
  </code>
</codes>
<codes class="bip:industries:1.0">
  <code code="I81402">
    <editdetail attribution="Reuters BIP Coding Group" action="confirmed" date="1997-05-28"/>
  </code>
</codes>
<codes class="bip:topics:1.0">
  <code code="C18">
    <editdetail attribution="Reuters BIP Coding Group" action="confirmed" date="1997-05-28"/>
  </code>
  <code code="C181">
    <editdetail attribution="Reuters BIP Coding Group" action="confirmed" date="1997-05-28"/>
  </code>
  <code code="CCAT">
    <editdetail attribution="Reuters BIP Coding Group" action="confirmed" date="1997-05-28"/>
  </code>
</codes>
<dc element="dc.date.created" value="1997-05-28"/>
<dc element="dc.publisher" value="Reuters Holdings Plc"/>
<dc element="dc.date.published" value="1997-05-28"/>
<dc element="dc.source" value="Reuters"/>
<dc element="dc.creator.location" value="NEW ORLEANS"/>
<dc element="dc.creator.location.country.name" value="USA"/>
<dc element="dc.source" value="Reuters"/>
</metadata>
</newsitem>
