<?xml version="1.0" encoding="iso-8859-1" ?>
<newsitem itemid="619249" id="root" date="1997-05-28" xml:lang="en">
<title>USA: Starbucks to raise coffee prices Friday.</title>
<headline>Starbucks to raise coffee prices Friday.</headline>
<dateline>SEATTLE 1997-05-28</dateline>
<text>
<p>Starbucks Corp said it will on Friday raise coffee prices for the second time this year in a reflection of skyrocketing prices for the commodity on world markets.</p>
<p>The Seattle-based chain said in a statement it will raise prices for drip coffee by five cents a cup and for espresso by 10 cents a cup at its approximately 1,100 stores.</p>
<p>Starbucks also said it will raise the price of whole bean coffee by 40 cents a lb.  </p>
<p>&quot;Tighter supplies and increased demand for coffee have been causing prices to continue to rise worldwide,&quot; Starbucks said in its statement, noting that green coffee prices recently hit a 20-year high.</p>
<p>&quot;Even though we are taking a price increase, we are only taking the minimal increase to ffset these higher costs,&quot; the company stated.</p>
<p>((-- Reuters Seattle bureau 206-386-4848))</p>
</text>
<copyright>(c) Reuters Limited 1997</copyright>
<metadata>
<codes class="bip:countries:1.0">
  <code code="USA">
    <editdetail attribution="Reuters BIP Coding Group" action="confirmed" date="1997-05-28"/>
  </code>
</codes>
<codes class="bip:industries:1.0">
  <code code="I42390">
    <editdetail attribution="Reuters BIP Coding Group" action="confirmed" date="1997-05-28"/>
  </code>
</codes>
<codes class="bip:topics:1.0">
  <code code="C31">
    <editdetail attribution="Reuters BIP Coding Group" action="confirmed" date="1997-05-28"/>
  </code>
  <code code="CCAT">
    <editdetail attribution="Reuters BIP Coding Group" action="confirmed" date="1997-05-28"/>
  </code>
  <code code="M14">
    <editdetail attribution="Reuters BIP Coding Group" action="confirmed" date="1997-05-28"/>
  </code>
  <code code="M141">
    <editdetail attribution="Reuters BIP Coding Group" action="confirmed" date="1997-05-28"/>
  </code>
  <code code="MCAT">
    <editdetail attribution="Reuters BIP Coding Group" action="confirmed" date="1997-05-28"/>
  </code>
</codes>
<dc element="dc.date.created" value="1997-05-28"/>
<dc element="dc.publisher" value="Reuters Holdings Plc"/>
<dc element="dc.date.published" value="1997-05-28"/>
<dc element="dc.source" value="Reuters"/>
<dc element="dc.creator.location" value="SEATTLE"/>
<dc element="dc.creator.location.country.name" value="USA"/>
<dc element="dc.source" value="Reuters"/>
</metadata>
</newsitem>
