<?xml version="1.0" encoding="iso-8859-1" ?>
<newsitem itemid="619281" id="root" date="1997-05-28" xml:lang="en">
<title>USA: Tracor says unit gets $130 mln contract.</title>
<headline>Tracor says unit gets $130 mln contract.</headline>
<dateline>RESTON, Va. 1997-05-28</dateline>
<text>
<p>Tracor Information Systems Co said on Wednesday that its Cordant segment had won four new contracts with a potential value of $130 million as part of a multiple award from the Virginia Contracting Activity.</p>
<p>Each of the contracts, which are indefinite delivery and indefinite quantity awards, will last either two or five years, the company said in a statement.</p>
<p>Tracor Information Systems is a unit of Tracor Inc.</p>
<p>&quot;Cordant is pleased to have been chosen by VACA to provide the intelligence community with the equipment it has deemed essential to further its mission objectives,&quot; said Ken Johnson, chief executive officer and president of Cordant.     Tracor</p>
<p>Inc, based in Austin, Texas, is a defense electronics firm with 1996 sales topping $1 billion.</p>
</text>
<copyright>(c) Reuters Limited 1997</copyright>
<metadata>
<codes class="bip:countries:1.0">
  <code code="USA">
    <editdetail attribution="Reuters BIP Coding Group" action="confirmed" date="1997-05-28"/>
  </code>
</codes>
<codes class="bip:industries:1.0">
  <code code="I34430">
    <editdetail attribution="Reuters BIP Coding Group" action="confirmed" date="1997-05-28"/>
  </code>
</codes>
<codes class="bip:topics:1.0">
  <code code="C33">
    <editdetail attribution="Reuters BIP Coding Group" action="confirmed" date="1997-05-28"/>
  </code>
  <code code="CCAT">
    <editdetail attribution="Reuters BIP Coding Group" action="confirmed" date="1997-05-28"/>
  </code>
</codes>
<dc element="dc.date.created" value="1997-05-28"/>
<dc element="dc.publisher" value="Reuters Holdings Plc"/>
<dc element="dc.date.published" value="1997-05-28"/>
<dc element="dc.source" value="Reuters"/>
<dc element="dc.creator.location" value="RESTON, Va."/>
<dc element="dc.creator.location.country.name" value="USA"/>
<dc element="dc.source" value="Reuters"/>
</metadata>
</newsitem>
