<?xml version="1.0" encoding="iso-8859-1" ?>
<newsitem itemid="619276" id="root" date="1997-05-28" xml:lang="en">
<title>USA: Vencor raises Colo. Medtech stake to 39 pct.</title>
<headline>Vencor raises Colo. Medtech stake to 39 pct.</headline>
<dateline>BOULDER, Colo. 1997-05-28</dateline>
<text>
<p>Colorado MEDtech Inc said Wednesday Vencor Inc, its largest shareholder, raised its stake in the company to 39 percent by buying 2.0 million common shares and exercising warrants.  </p>
<p>Before the transaction, Vencor, a long-term healthdare company, held a 21 percent stake in the company, said Greg Gould, Colorado MEDtech's comptroller.</p>
<p>Gould declined to say how much Vencor paid for the latest share purchase.</p>
<p>Colorado MEDtech designs and manufactures electronic and electromechanical products and software systems for the medical device industry.</p>
</text>
<copyright>(c) Reuters Limited 1997</copyright>
<metadata>
<codes class="bip:countries:1.0">
  <code code="USA">
    <editdetail attribution="Reuters BIP Coding Group" action="confirmed" date="1997-05-28"/>
  </code>
</codes>
<codes class="bip:industries:1.0">
  <code code="I37200">
    <editdetail attribution="Reuters BIP Coding Group" action="confirmed" date="1997-05-28"/>
  </code>
  <code code="I95100">
    <editdetail attribution="Reuters BIP Coding Group" action="confirmed" date="1997-05-28"/>
  </code>
</codes>
<codes class="bip:topics:1.0">
  <code code="C18">
    <editdetail attribution="Reuters BIP Coding Group" action="confirmed" date="1997-05-28"/>
  </code>
  <code code="C181">
    <editdetail attribution="Reuters BIP Coding Group" action="confirmed" date="1997-05-28"/>
  </code>
  <code code="CCAT">
    <editdetail attribution="Reuters BIP Coding Group" action="confirmed" date="1997-05-28"/>
  </code>
</codes>
<dc element="dc.date.created" value="1997-05-28"/>
<dc element="dc.publisher" value="Reuters Holdings Plc"/>
<dc element="dc.date.published" value="1997-05-28"/>
<dc element="dc.source" value="Reuters"/>
<dc element="dc.creator.location" value="BOULDER, Colo."/>
<dc element="dc.creator.location.country.name" value="USA"/>
<dc element="dc.source" value="Reuters"/>
</metadata>
</newsitem>
