<?xml version="1.0" encoding="iso-8859-1" ?>
<newsitem itemid="619254" id="root" date="1997-05-28" xml:lang="en">
<title>USA: RESEARCH ALERT - Flagstar started as buy.</title>
<headline>RESEARCH ALERT - Flagstar started as buy.</headline>
<dateline>NEW YORK 1997-05-28</dateline>
<text>
<p>Lehman Brothers said analyst Bruce Harting had initiated coverage of Flagstar Bancorp with a buy rating.</p>
<p>-- said set an 18-month target price of $21.</p>
<p>-- said that although Lehman was comfortable with earnings</p>
<p>estimates of $1.70 per share for fiscal year 1997 and</p>
<p>$2.30 for 1998, investors should expect choppy quarterly numbers due to timing of Flagstar's sales of mortgage servicing rights.</p>
<p>-- said earnings will be driven by leveraging of IPO capital and that Flagstar stands to benefit from void	  in</p>
<p>Michigan community banking.</p>
</text>
<copyright>(c) Reuters Limited 1997</copyright>
<metadata>
<codes class="bip:countries:1.0">
  <code code="USA">
    <editdetail attribution="Reuters BIP Coding Group" action="confirmed" date="1997-05-28"/>
  </code>
</codes>
<codes class="bip:industries:1.0">
  <code code="I81402">
    <editdetail attribution="Reuters BIP Coding Group" action="confirmed" date="1997-05-28"/>
  </code>
</codes>
<codes class="bip:topics:1.0">
  <code code="C15">
    <editdetail attribution="Reuters BIP Coding Group" action="confirmed" date="1997-05-28"/>
  </code>
  <code code="C152">
    <editdetail attribution="Reuters BIP Coding Group" action="confirmed" date="1997-05-28"/>
  </code>
  <code code="CCAT">
    <editdetail attribution="Reuters BIP Coding Group" action="confirmed" date="1997-05-28"/>
  </code>
</codes>
<dc element="dc.date.created" value="1997-05-28"/>
<dc element="dc.publisher" value="Reuters Holdings Plc"/>
<dc element="dc.date.published" value="1997-05-28"/>
<dc element="dc.source" value="Reuters"/>
<dc element="dc.creator.location" value="NEW YORK"/>
<dc element="dc.creator.location.country.name" value="USA"/>
<dc element="dc.source" value="Reuters"/>
</metadata>
</newsitem>
