<?xml version="1.0" encoding="iso-8859-1" ?>
<newsitem itemid="619201" id="root" date="1997-05-28" xml:lang="en">
<title>USA: Digital calls Intel suit a &quot;diversion&quot;.</title>
<headline>Digital calls Intel suit a &quot;diversion&quot;.</headline>
<dateline>MAYNARD, Mass. 1997-05-28</dateline>
<text>
<p>Digital Equipment Corp said Wednesday that Intel Corp's countersuit against the company is a diversion from the central issues of Digital's patent infringement against Intel.</p>
<p>In a written statement, Digital general counsel Thomas Siekman said Intel's suit &quot;is without merit and unjustified.&quot; Digital had anticipated the action, he said.</p>
<p>The Intel suit followed a suit filed on May 12 by Digital in U.S. District Court. In its suit, Digital charged Intel with infringement of 10 Digital patents in production of Intel's Pentium, Pentium Pro and Pentium II microprocessors.</p>
</text>
<copyright>(c) Reuters Limited 1997</copyright>
<metadata>
<codes class="bip:countries:1.0">
  <code code="USA">
    <editdetail attribution="Reuters BIP Coding Group" action="confirmed" date="1997-05-28"/>
  </code>
</codes>
<codes class="bip:industries:1.0">
  <code code="I33020">
    <editdetail attribution="Reuters BIP Coding Group" action="confirmed" date="1997-05-28"/>
  </code>
  <code code="I3302003">
    <editdetail attribution="Reuters BIP Coding Group" action="confirmed" date="1997-05-28"/>
  </code>
  <code code="I34531">
    <editdetail attribution="Reuters BIP Coding Group" action="confirmed" date="1997-05-28"/>
  </code>
</codes>
<codes class="bip:topics:1.0">
  <code code="C12">
    <editdetail attribution="Reuters BIP Coding Group" action="confirmed" date="1997-05-28"/>
  </code>
  <code code="CCAT">
    <editdetail attribution="Reuters BIP Coding Group" action="confirmed" date="1997-05-28"/>
  </code>
  <code code="GCAT">
    <editdetail attribution="Reuters BIP Coding Group" action="confirmed" date="1997-05-28"/>
  </code>
  <code code="GCRIM">
    <editdetail attribution="Reuters BIP Coding Group" action="confirmed" date="1997-05-28"/>
  </code>
</codes>
<dc element="dc.date.created" value="1997-05-28"/>
<dc element="dc.publisher" value="Reuters Holdings Plc"/>
<dc element="dc.date.published" value="1997-05-28"/>
<dc element="dc.source" value="Reuters"/>
<dc element="dc.creator.location" value="MAYNARD, Mass."/>
<dc element="dc.creator.location.country.name" value="USA"/>
<dc element="dc.source" value="Reuters"/>
</metadata>
</newsitem>
