<?xml version="1.0" encoding="iso-8859-1" ?>
<newsitem itemid="619282" id="root" date="1997-05-28" xml:lang="en">
<title>USA: Hoechst plans 2 Singapore acetyl plants.</title>
<headline>Hoechst plans 2 Singapore acetyl plants.</headline>
<dateline>DALLAS 1997-05-28</dateline>
<text>
<p>Hoechst AG's Hoechst Global Basic Chemicals said Wednesday it plans to build two grass-roots acetyl plants in Singapore.</p>
<p>It said a 500,000 ton acetic acid unit will begin production no later than January 2001 and a 100,000 ton acetate ester unit will be onstream in 1999's fourth quarter.</p>
<p>The company said these investments were approved by the Hoechst AG board on May 20, but it declined to give the expected cost of the units to be built on Sakra Island.</p>
<p>Hoechst noted it will start up a 170,000 ton per year vinyl acetate monomer unit on Sakra Island in July.  </p>
<p>Hoechst said it will employ its acid-optimization technology for the acetic acid unit, which will provide feedstock for both the acetate monomer and acetate ester units. The acetate ester unit will produce butyl and ethyl acetate and have the capability of making other esters.</p>
<p>Hoechst Global also pointed out that, as announced in Hoechst's annual report, it will be named Celanese as of July 1, taking on the name of the U.S. chemical company Hoechst acquired 10 years ago.</p>
<p>((-- Jim Brumm 212-859-1710.))</p>
</text>
<copyright>(c) Reuters Limited 1997</copyright>
<metadata>
<codes class="bip:countries:1.0">
  <code code="GFR">
    <editdetail attribution="Reuters BIP Coding Group" action="confirmed" date="1997-05-28"/>
  </code>
  <code code="SINGP">
    <editdetail attribution="Reuters BIP Coding Group" action="confirmed" date="1997-05-28"/>
  </code>
  <code code="USA">
    <editdetail attribution="Reuters BIP Coding Group" action="confirmed" date="1997-05-28"/>
  </code>
</codes>
<codes class="bip:industries:1.0">
  <code code="I25000">
    <editdetail attribution="Reuters BIP Coding Group" action="confirmed" date="1997-05-28"/>
  </code>
</codes>
<codes class="bip:topics:1.0">
  <code code="C24">
    <editdetail attribution="Reuters BIP Coding Group" action="confirmed" date="1997-05-28"/>
  </code>
  <code code="CCAT">
    <editdetail attribution="Reuters BIP Coding Group" action="confirmed" date="1997-05-28"/>
  </code>
</codes>
<dc element="dc.date.created" value="1997-05-28"/>
<dc element="dc.publisher" value="Reuters Holdings Plc"/>
<dc element="dc.date.published" value="1997-05-28"/>
<dc element="dc.source" value="Reuters"/>
<dc element="dc.creator.location" value="DALLAS"/>
<dc element="dc.creator.location.country.name" value="USA"/>
<dc element="dc.source" value="Reuters"/>
</metadata>
</newsitem>
