<?xml version="1.0" encoding="iso-8859-1" ?>
<newsitem itemid="619226" id="root" date="1997-05-28" xml:lang="en">
<title>USA: Mississippi judge drops out of smoking case.</title>
<headline>Mississippi judge drops out of smoking case.</headline>
<dateline>LAUREL, Miss 1997-05-28</dateline>
<text>
<p>A Mississippi judge accused of favoritism by tobacco industry lawyers on Wednesday removed himself from a $650 million secondhand-smoke case scheduled for trial in August.</p>
<p>Laurel County Circuit Court Judge Billy Joe Landrum said in a written order issued in Laurel that he was dropping out of the case he has overseen since 1994 and was asking the Mississippi Supreme Court to appoint a replacement.  </p>
<p>It was not immediately clear what effect, if any, Landrum's decision would have on the timing of the trial, which had been scheduled to start on August 18, local attorneys said.</p>
<p>Two weeks ago, the state supreme court had stayed all proceedings in the case of barber Burl Butler pending resolution of the accusations against Landrum.</p>
<p>&quot;The court is not prejudiced nor biased toward any party in this case ... but the court has now become an issue, rather than a judge in this case,&quot; Landrum wrote.  </p>
<p>Tobacco industry attorneys fighting the claim by Bulter's family, which alleges the non-smoker's cancer death in 1994 was caused by secondhand smoke in his barbershop, said that Landrum had twice met privately with plaintiff lawyers.</p>
<p>The meetings did include representatives of Liggett, one of the defending tobacco companies in the case, but not the full contingent of tobacco defendants, and the meetings dealt with internal industry documents Liggett had released.</p>
<p>Liggett, a unit of Brooke Group, released the documents as part of a settlement with state attorneys general suing tobacco companies for Medicaid costs. Some government officials have described the Liggett papers as highly damaging to tobacco companies defending against some 1,000 lawsuits in the United States.</p>
<p>The meetings, the tobacco lawyers said, raised questions about Landrum's impartiality.</p>
<p>((--Michael Connor - Miami newsroom, 305-374-5013))</p>
</text>
<copyright>(c) Reuters Limited 1997</copyright>
<metadata>
<codes class="bip:countries:1.0">
  <code code="USA">
    <editdetail attribution="Reuters BIP Coding Group" action="confirmed" date="1997-05-28"/>
  </code>
</codes>
<codes class="bip:industries:1.0">
  <code code="I42900">
    <editdetail attribution="Reuters BIP Coding Group" action="confirmed" date="1997-05-28"/>
  </code>
</codes>
<codes class="bip:topics:1.0">
  <code code="C12">
    <editdetail attribution="Reuters BIP Coding Group" action="confirmed" date="1997-05-28"/>
  </code>
  <code code="CCAT">
    <editdetail attribution="Reuters BIP Coding Group" action="confirmed" date="1997-05-28"/>
  </code>
  <code code="GCAT">
    <editdetail attribution="Reuters BIP Coding Group" action="confirmed" date="1997-05-28"/>
  </code>
  <code code="GCRIM">
    <editdetail attribution="Reuters BIP Coding Group" action="confirmed" date="1997-05-28"/>
  </code>
</codes>
<dc element="dc.date.created" value="1997-05-28"/>
<dc element="dc.publisher" value="Reuters Holdings Plc"/>
<dc element="dc.date.published" value="1997-05-28"/>
<dc element="dc.source" value="Reuters"/>
<dc element="dc.creator.location" value="LAUREL, Miss"/>
<dc element="dc.creator.location.country.name" value="USA"/>
<dc element="dc.source" value="Reuters"/>
</metadata>
</newsitem>
