<?xml version="1.0" encoding="iso-8859-1" ?>
<newsitem itemid="619245" id="root" date="1997-05-28" xml:lang="en">
<title>USA: U.S. Robotics to offer free x2 standard upgrade.</title>
<headline>U.S. Robotics to offer free x2 standard upgrade.</headline>
<dateline>CHICAGO 1997-05-28</dateline>
<text>
<p>U.S. Robotics Corp said Wednesday it launched a customer satisfaction program for its X2 high-speed modems and systems hubs, including free upgrades to the international standard expected next year.</p>
<p>In a conference call with reporters, the Skokie, Illinois-based company said it does not expect to take any special charges related to the program.  </p>
<p>U.S. Robotics said the program also gives buyers of new x2 desktop and PC card modems one month of free Internet service worth up to $25 with a provider using x2, plus a 30-day &quot;satisfaction guaranteed&quot; return policy. U.S. Robotics said some 350 Internet Service Providers currently offer x2 connections.</p>
<p>U.S. Robotics, whose merger with 3Com Corp is expected to close next month, began offering in February its x2 technology. It allows connections to the Internet at speeds up to 56 kilobits per second.  </p>
<p>An alliance of other companies, led by Rockwell International Corp and Motorola Inc, also offers 56K technology. But, as there is currently no standard, their technology and x2 do not work together.</p>
<p>U.S. Robotics chairman and chief executive Casey Cowell said the company does not disclose specific sales figures but said the x2 technology has been &quot;very broadly accepted&quot;.</p>
<p>&quot;Every new generation of speed has been more rapidly accepted in the marketplace than the prior generations, and that's true of x2 right now,&quot; Cowell said. &quot;We are just putting the pedal right to the floor.&quot;  </p>
<p>Under the U.S. Robotics' program, called &quot;x2 Delivers&quot;, the company said it will give upgrades to the International Telecommunication Union (ITU-T) 56K modem standard which it expects to be adopted in 1998.</p>
<p>U.S. Robotics said the free upgrades will be available for all its x2 products used by consumers, internet service providers and corporations.</p>
<p>U.S. Robotics modems run on chips produced by Texas Instruments Inc which can be enhanced with software.</p>
<p>The company said the standard upgrades will be simple, using software downloaded from U.S. Robotics' web site, or it will replace the modems with ones that meet the standard.</p>
<p>&quot;We're very familiar with the technology and what's involved for doing a software upgrade,&quot; Cowell said.</p>
<p>&quot;We don't anticipate there will be any sort of a special charge or unusual expense at all,&quot; he said, declining to disclose the expected overall cost of the program.</p>
<p>The free Internet service offer is available to buyers of retail modems between June 1 and September 15.</p>
<p>((--Chicago newsdesk, 312-408-8787))</p>
</text>
<copyright>(c) Reuters Limited 1997</copyright>
<metadata>
<codes class="bip:countries:1.0">
  <code code="USA">
    <editdetail attribution="Reuters BIP Coding Group" action="confirmed" date="1997-05-28"/>
  </code>
</codes>
<codes class="bip:industries:1.0">
  <code code="I34410">
    <editdetail attribution="Reuters BIP Coding Group" action="confirmed" date="1997-05-28"/>
  </code>
</codes>
<codes class="bip:topics:1.0">
  <code code="C22">
    <editdetail attribution="Reuters BIP Coding Group" action="confirmed" date="1997-05-28"/>
  </code>
  <code code="CCAT">
    <editdetail attribution="Reuters BIP Coding Group" action="confirmed" date="1997-05-28"/>
  </code>
</codes>
<dc element="dc.date.created" value="1997-05-28"/>
<dc element="dc.publisher" value="Reuters Holdings Plc"/>
<dc element="dc.date.published" value="1997-05-28"/>
<dc element="dc.source" value="Reuters"/>
<dc element="dc.creator.location" value="CHICAGO"/>
<dc element="dc.creator.location.country.name" value="USA"/>
<dc element="dc.source" value="Reuters"/>
</metadata>
</newsitem>
