<?xml version="1.0" encoding="iso-8859-1" ?>
<newsitem itemid="619264" id="root" date="1997-05-28" xml:lang="en">
<title>USA: PG&amp;E delays Diablo Canyon 1,087 MW nuke restart.</title>
<headline>PG&amp;E delays Diablo Canyon 1,087 MW nuke restart.</headline>
<dateline>LOS ANGELES 1997-05-28</dateline>
<text>
<p>Restart of the 1,087 megawatt (MW) unit 1 at the Diablo Canyon nuclear plant in central California has been delayed until the weekend, a spokesman for Pacific Gas &amp; Electric Co (PG&amp;E) said on Wednesday.</p>
<p>The company said earlier that the unit, which has been shut for scheduled refueling since April 19, was expected to begin delivering power to the regional grid sometime on Thursday.</p>
<p>The PG&amp;E spokesman did not provide an explanation for the decision to push back the schedule to Saturday or Sunday.</p>
<p>((--Los Angeles bureau + 1 213 955 6761))</p>
</text>
<copyright>(c) Reuters Limited 1997</copyright>
<metadata>
<codes class="bip:countries:1.0">
  <code code="USA">
    <editdetail attribution="Reuters BIP Coding Group" action="confirmed" date="1997-05-28"/>
  </code>
</codes>
<codes class="bip:industries:1.0">
  <code code="I16000">
    <editdetail attribution="Reuters BIP Coding Group" action="confirmed" date="1997-05-28"/>
  </code>
</codes>
<codes class="bip:topics:1.0">
  <code code="C24">
    <editdetail attribution="Reuters BIP Coding Group" action="confirmed" date="1997-05-28"/>
  </code>
  <code code="CCAT">
    <editdetail attribution="Reuters BIP Coding Group" action="confirmed" date="1997-05-28"/>
  </code>
</codes>
<dc element="dc.date.created" value="1997-05-28"/>
<dc element="dc.publisher" value="Reuters Holdings Plc"/>
<dc element="dc.date.published" value="1997-05-28"/>
<dc element="dc.source" value="Reuters"/>
<dc element="dc.creator.location" value="LOS ANGELES"/>
<dc element="dc.creator.location.country.name" value="USA"/>
<dc element="dc.source" value="Reuters"/>
</metadata>
</newsitem>
