<?xml version="1.0" encoding="iso-8859-1" ?>
<newsitem itemid="619259" id="root" date="1997-05-28" xml:lang="en">
<title>USA: RESEARCH ALERT-SoundView ups IBM target.</title>
<headline>RESEARCH ALERT-SoundView ups IBM target.</headline>
<dateline>NEW YORK 1997-05-28</dateline>
<text>
<p>SoundView Financial analyst Gary Helmig said he raised his price target on International Business Machines Corp to $200, from $180, on a pre-split basis, or $100 on a post-split basis, from $90.</p>
<p>-- Helmig said he believes IBM's stock could reach his target in the third quarter.</p>
<p>-- Helmig said the second quarter is looking &quot;very strong&quot; and that he is &quot;very comfortable&quot; with his earnings estimates of $2.85 a share, pre-split, for the second quarter.</p>
<p>-- &quot;They (IBM) are executing on this transition to lower-margin businesses,&quot; Helmig said. IBM was up 2 to 91-5/8.  </p>
<p>-- Helmig said IBM's hard disk drive business is performing well, PCs were continuing at a strong pace in April and May, and that his estimate of 23 percent revenue growth in its computer services business &quot;might be conservative.&quot;</p>
<p>-- Helmig also said that the weaker dollar, especially against the Japanese yen in recent weeks is helping IBM and the computer giant is &quot;less exposed&quot; this quarter to a negative impact from currency fluctuations.</p>
<p>-- IBM's shares began trading on a post-split basis Wednesday, after a two-for-one stock split went into effect.</p>
</text>
<copyright>(c) Reuters Limited 1997</copyright>
<metadata>
<codes class="bip:countries:1.0">
  <code code="USA">
    <editdetail attribution="Reuters BIP Coding Group" action="confirmed" date="1997-05-28"/>
  </code>
</codes>
<codes class="bip:industries:1.0">
  <code code="I33020">
    <editdetail attribution="Reuters BIP Coding Group" action="confirmed" date="1997-05-28"/>
  </code>
  <code code="I3302003">
    <editdetail attribution="Reuters BIP Coding Group" action="confirmed" date="1997-05-28"/>
  </code>
</codes>
<codes class="bip:topics:1.0">
  <code code="C15">
    <editdetail attribution="Reuters BIP Coding Group" action="confirmed" date="1997-05-28"/>
  </code>
  <code code="C152">
    <editdetail attribution="Reuters BIP Coding Group" action="confirmed" date="1997-05-28"/>
  </code>
  <code code="CCAT">
    <editdetail attribution="Reuters BIP Coding Group" action="confirmed" date="1997-05-28"/>
  </code>
</codes>
<dc element="dc.date.created" value="1997-05-28"/>
<dc element="dc.publisher" value="Reuters Holdings Plc"/>
<dc element="dc.date.published" value="1997-05-28"/>
<dc element="dc.source" value="Reuters"/>
<dc element="dc.creator.location" value="NEW YORK"/>
<dc element="dc.creator.location.country.name" value="USA"/>
<dc element="dc.source" value="Reuters"/>
</metadata>
</newsitem>
