<?xml version="1.0" encoding="iso-8859-1" ?>
<newsitem itemid="619288" id="root" date="1997-05-28" xml:lang="en">
<title>GERMANY: SOCCER-RIEDLE DOUBLE LIFTS DORTMUND TO GLORIOUS WIN.</title>
<headline>SOCCER-RIEDLE DOUBLE LIFTS DORTMUND TO GLORIOUS WIN.</headline>
<byline>Mike Collett</byline>
<dateline>MUNICH 1997-05-28</dateline>
<text>
<p>Two goals by Karlheinz Riedle and one from substitute Lars Ricken, who had been on the pitch for just 16 seconds, gave Borussia Dortmund a shock 3-1 win over holders Juventus in a remarkable European Cup final on Wednesday.</p>
<p>Dortmund, largely written off as bit-part players in a match Juventus were regarded as certainties to win, scored twice in five minutes after being totally outplayed for the first half hour and then hit back to clinch victory with Ricken's individual goal after Juventus had made it 2-1.</p>
<p>It was the biggest European Cup final upset since Steaua Bucharest beat Barcelona in 1986, Dortmund becoming the first German winners of the trophy since Hamburg beat Juventus in 1983.</p>
<p>The defeat ended Juve's hopes of marking their centenary year with a remarkable haul of European Cup, Italian League, World Club Cup and European Super Cup. But at least they have the consolation of being back in the Champions' League next season after clinching the Italian title last weekend.</p>
<p>Dortmund, whose two-year reign as German champions ended on Saturday, will be one of three German teams in the competition along with Bayern Munich and Bayer Leverkusen.</p>
<p>Their victory also completes a German treble of European champions, European Cup holders and European Footballer of the Year, that honour currently held by Matthias Sammer, one of Dortmund's heroes on a night of rapidly changing expectations.</p>
<p>&quot;It was an unbelievable match,&quot; said Sammer afterwards. &quot;We had a bit of luck and this seems like a dream.&quot;</p>
<p>Juventus coach Marcello Lippi said: &quot;We're not unbeatable, we have never said we were. We were unlucky today but conceding two goals like that in five minutes was a big blow.&quot;</p>
<p>Juventus's early domination suggested  they were heading for a second successive win following their victory over Ajax a year ago.</p>
<p>Frenchmen Didier Deschamps and Zinedine Zidane won early control of the midfield and provided plenty of opportunities for Alen Boksic and Christian Vieri up front.</p>
<p>But there were early signs that perhaps it was not to be Juve's night. They had a penalty appeal turned down after three minutes and Vieri blasted into the side netting when it looked easier to score after six minutes.</p>
<p>Despite the Italian side still looked in control until one of Dortmund's threatened breakaways finally cracked Juventus's solid-looking defence.</p>
<p>From the ensuing corner by Andreas Moeller, Angelo Peruzzi punched the ball to a defender who cleared straight to Paul Lambert on the edge of the Juve penalty box.</p>
<p>His high, floated cross eluded the Italian defence, was chested down by Riedle and he lashed home a left-foot volley to make it 1-0.</p>
<p>Five minutes later the Juve defence froze at another Moeller corner and the unmarked Riedle headed home.</p>
<p>Zidane shot against a post after 42 minutes and a minute later Vieri had a goal disallowed for handball.</p>
<p>Lippi sent on striker Alessandro Del Piero for defender Sergio Porrini at halftime and it was Del Piero who pulled a goal back with a cleverly-taken close-range flick after 64 minutes following a powerful run upfield by Boksic.</p>
<p>Seven minutes before that Juve had hit the woodwork for the second time when Vieri saw his shot come off the crossbar -- but seven minutes after Del Piero's goal Juventus were dead and buried.</p>
<p>Substitute Ricken, who had just replaced Stephane Chapuisat, collected a long pass in space wide on the right, saw Peruzzi off his line and flighted the ball into the net from 30 metres.</p>
<p>The only blot on an otherwise perfect night for the Germans came in the last minute when their Portuguese midfielder Paulo Sousa, a member of Juve's winning team last year, was taken off on a stretcher with a calf injury.</p>
<p>Dortmund wrapped up an unlikely win against the team many regard as the best club side in the world with only 10 men on the pitch.</p>
</text>
<copyright>(c) Reuters Limited 1997</copyright>
<metadata>
<codes class="bip:countries:1.0">
  <code code="GFR">
    <editdetail attribution="Reuters BIP Coding Group" action="confirmed" date="1997-05-28"/>
  </code>
  <code code="ITALY">
    <editdetail attribution="Reuters BIP Coding Group" action="confirmed" date="1997-05-28"/>
  </code>
</codes>
<codes class="bip:topics:1.0">
  <code code="GCAT">
    <editdetail attribution="Reuters BIP Coding Group" action="confirmed" date="1997-05-28"/>
  </code>
  <code code="GSPO">
    <editdetail attribution="Reuters BIP Coding Group" action="confirmed" date="1997-05-28"/>
  </code>
</codes>
<dc element="dc.date.created" value="1997-05-28"/>
<dc element="dc.publisher" value="Reuters Holdings Plc"/>
<dc element="dc.date.published" value="1997-05-28"/>
<dc element="dc.source" value="Reuters"/>
<dc element="dc.creator.location" value="MUNICH"/>
<dc element="dc.creator.location.country.name" value="GERMANY"/>
<dc element="dc.source" value="Reuters"/>
</metadata>
</newsitem>
