<?xml version="1.0" encoding="iso-8859-1" ?>
<newsitem itemid="619208" id="root" date="1997-05-28" xml:lang="en">
<title>USA: U.S. blue chip stocks near session lows.</title>
<headline>U.S. blue chip stocks near session lows.</headline>
<dateline>NEW YORK 1997-05-28</dateline>
<text>
<p>U.S. blue chip stocks were at session lows in afternoon trading Wednesday, settling back from yesterday's record highs.</p>
<p>The Dow Jones industrial average was off 42 to 7342. The index slid into negative ground at the opening, but reversed course and made brief foray into positive territory before turning tail and heading south again.</p>
<p>The Standard &amp; Poor's 500 Index was down three to 846, also near session lows. Smaller stocks were mixed, with the Nasdaq off one to 1408 but the Russell 2000 Index was slightly positive, up 0.4 to 377.  </p>
<p>The long bond was positive, up 3/32 to yield 7.02 percent.</p>
<p>Breadth on the New York Stock Exchange was positive with advancers beating decliners 1221 to 1168.</p>
<p>Stocks weighing on the Dow included DuPont Co, down 3-1/8 to 108-7/8 and Merck, off 2-1/8 TO 91-3/8. IBM shares lent some strength, up 1-1/4 to 90-5/8.</p>
</text>
<copyright>(c) Reuters Limited 1997</copyright>
<metadata>
<codes class="bip:countries:1.0">
  <code code="USA">
    <editdetail attribution="Reuters BIP Coding Group" action="confirmed" date="1997-05-28"/>
  </code>
</codes>
<codes class="bip:topics:1.0">
  <code code="M11">
    <editdetail attribution="Reuters BIP Coding Group" action="confirmed" date="1997-05-28"/>
  </code>
  <code code="MCAT">
    <editdetail attribution="Reuters BIP Coding Group" action="confirmed" date="1997-05-28"/>
  </code>
</codes>
<dc element="dc.date.created" value="1997-05-28"/>
<dc element="dc.publisher" value="Reuters Holdings Plc"/>
<dc element="dc.date.published" value="1997-05-28"/>
<dc element="dc.source" value="Reuters"/>
<dc element="dc.creator.location" value="NEW YORK"/>
<dc element="dc.creator.location.country.name" value="USA"/>
<dc element="dc.source" value="Reuters"/>
</metadata>
</newsitem>
