<?xml version="1.0" encoding="iso-8859-1" ?>
<newsitem itemid="619220" id="root" date="1997-05-28" xml:lang="en">
<title>USA: Excel says in pact to buy wireless minutes.</title>
<headline>Excel says in pact to buy wireless minutes.</headline>
<dateline>DALLAS 1997-05-28</dateline>
<text>
<p>Excel Communications said Wednesday it had signed a letter of intent with NextWave Telecom Inc to negotiate the purchase of wireless minutes on Nextwave's nationwide Personal Communications Service (PCS) network.</p>
<p>Excel said that the pact was in keeping with its strategy to introduce new products and services through its marketing network of independent representatives.  </p>
<p>Excel chief executive Kenny Troutt also said in a release, &quot;In addition to PCS, EXCEL is building the infrastructure to maintain its competitive edge and is evaluating entering the local service, DBS, and Internet service markets in the future.&quot;</p>
<p>The company said the pact would provide for the purchase of airtime on a wholesale basis.</p>
<p>Excel Communications is the fifth largest long distance company in the United States in terms of presubscribed lines, according to the Federal Communications Commission.  Its services are marketed through a national network of independent representatives.</p>
<p>NextWave Telecom is a Personal Communications Service provider with the third largest wireless franchise in the United States.</p>
</text>
<copyright>(c) Reuters Limited 1997</copyright>
<metadata>
<codes class="bip:countries:1.0">
  <code code="USA">
    <editdetail attribution="Reuters BIP Coding Group" action="confirmed" date="1997-05-28"/>
  </code>
</codes>
<codes class="bip:industries:1.0">
  <code code="I79020">
    <editdetail attribution="Reuters BIP Coding Group" action="confirmed" date="1997-05-28"/>
  </code>
</codes>
<codes class="bip:topics:1.0">
  <code code="C18">
    <editdetail attribution="Reuters BIP Coding Group" action="confirmed" date="1997-05-28"/>
  </code>
  <code code="C181">
    <editdetail attribution="Reuters BIP Coding Group" action="confirmed" date="1997-05-28"/>
  </code>
  <code code="CCAT">
    <editdetail attribution="Reuters BIP Coding Group" action="confirmed" date="1997-05-28"/>
  </code>
</codes>
<dc element="dc.date.created" value="1997-05-28"/>
<dc element="dc.publisher" value="Reuters Holdings Plc"/>
<dc element="dc.date.published" value="1997-05-28"/>
<dc element="dc.source" value="Reuters"/>
<dc element="dc.creator.location" value="DALLAS"/>
<dc element="dc.creator.location.country.name" value="USA"/>
<dc element="dc.source" value="Reuters"/>
</metadata>
</newsitem>
