<?xml version="1.0" encoding="iso-8859-1" ?>
<newsitem itemid="619229" id="root" date="1997-05-28" xml:lang="en">
<title>USA: Fonar says high court tells GE to pay $103m.</title>
<headline>Fonar says high court tells GE to pay $103m.</headline>
<dateline>MELVILLE, N.Y. 1997-05-28</dateline>
<text>
<p>Fonar Corp on Wednesday said the U.S. Supreme Court has refused to block a $103 million patent infringement penalty against General Electric Co while GE appeals the fine to the high court.</p>
<p>The ruling was issued without comment by Chief Justice William Rehnquist, the company said.</p>
<p>In 1995, a federal jury awarded Fonar $103 million in connection with its complaint that GE had infringed on two of Fonar's magnetic resonance imaging patents, the company said. GE appealed to the U.S. Court of Appeals, which upheld the District Court award.</p>
<p>GE asked the Supreme Court for a stay of the penalty while it awaited word of its petition to have the high court review the lower court rulings. The Supreme Court has not decided whether it will take the case.</p>
<p>The patents that District Court jurors determined were violated by GE were the &quot;Cancer Detection Patent&quot; -- the world's first MRI patent -- and the &quot;Mutli-angle Oblique Patent,&quot; the company said.</p>
</text>
<copyright>(c) Reuters Limited 1997</copyright>
<metadata>
<codes class="bip:countries:1.0">
  <code code="USA">
    <editdetail attribution="Reuters BIP Coding Group" action="confirmed" date="1997-05-28"/>
  </code>
</codes>
<codes class="bip:industries:1.0">
  <code code="I34000">
    <editdetail attribution="Reuters BIP Coding Group" action="confirmed" date="1997-05-28"/>
  </code>
  <code code="I37200">
    <editdetail attribution="Reuters BIP Coding Group" action="confirmed" date="1997-05-28"/>
  </code>
</codes>
<codes class="bip:topics:1.0">
  <code code="C12">
    <editdetail attribution="Reuters BIP Coding Group" action="confirmed" date="1997-05-28"/>
  </code>
  <code code="CCAT">
    <editdetail attribution="Reuters BIP Coding Group" action="confirmed" date="1997-05-28"/>
  </code>
  <code code="GCAT">
    <editdetail attribution="Reuters BIP Coding Group" action="confirmed" date="1997-05-28"/>
  </code>
  <code code="GCRIM">
    <editdetail attribution="Reuters BIP Coding Group" action="confirmed" date="1997-05-28"/>
  </code>
</codes>
<dc element="dc.date.created" value="1997-05-28"/>
<dc element="dc.publisher" value="Reuters Holdings Plc"/>
<dc element="dc.date.published" value="1997-05-28"/>
<dc element="dc.source" value="Reuters"/>
<dc element="dc.creator.location" value="MELVILLE, N.Y."/>
<dc element="dc.creator.location.country.name" value="USA"/>
<dc element="dc.source" value="Reuters"/>
</metadata>
</newsitem>
