<?xml version="1.0" encoding="iso-8859-1" ?>
<newsitem itemid="619287" id="root" date="1997-05-28" xml:lang="en">
<title>GERMANY: SOCCER-DORTMUND ERUPTS WITH JOY AS BORUSSIA WIN.</title>
<headline>SOCCER-DORTMUND ERUPTS WITH JOY AS BORUSSIA WIN.</headline>
<byline>Andrew Gray</byline>
<dateline>DORTMUND, Germany 1997-05-28</dateline>
<text>
<p>The city of Dortmund launched into an ecstatic all-night party on Wednesday after Borussia Dortmund won the European Cup for the first time in their history.</p>
<p>Tens of thousands of fans who had packed into the city centre to watch the final on a giant video screen sang, danced, cheered and waved flags and scarves in the club colours of yellow and black after the final whistle blew.</p>
<p>&quot;This means a lot for people because they identify with Borussia so strongly,&quot; Dortmund city council spokesman Carsten Hensel said. &quot;The level of expectation was very high, even though they were playing Juventus.&quot;</p>
<p>Dortmund's win created a remarkable double for Germany's depressed Ruhr Valley industrial heartland as neighbours Schalke had claimed the UEFA Cup last week with victory over another top Italian team -- Internazionale.</p>
<p>Hensel said city centre traffic had ground to a standstill long before the end of the match as many of Dortmund's 600,000 residents rushed to join the party.</p>
<p>The fans leapt into the air and began singing the club anthem after Karlheinz Riedle put Borussia ahead. Riedle's second propelled them even higher and a huge sea of supporters began twirling their scarves.</p>
<p>A huge cheer also went up when Juventus had a goal disallowed and chants of &quot;Fight Dortmund! Fight!&quot; followed Alessandro Del Piero's strike which made the score 2-1.</p>
<p>When Lars Ricken's exquisite goal made Dortmund's win all but certain, the fans broke out in unbridled joy. Television pictures of the trophy were greeted with huge cheers.</p>
<p>&quot;I'm crazily happy,&quot; yelled Tom Beckmann, an 18-year-old fan from the town of Bielefeld .</p>
<p>The main city centre party and other celebrations in bars and homes across Dortmund were likely to go on long into the night.</p>
<p>The city plans a huge welcome for its heroes on Thursday with a motorcade to be followed by a giant celebration at the Friedensplatz square where Wednesay's party took place.</p>
</text>
<copyright>(c) Reuters Limited 1997</copyright>
<metadata>
<codes class="bip:countries:1.0">
  <code code="GFR">
    <editdetail attribution="Reuters BIP Coding Group" action="confirmed" date="1997-05-28"/>
  </code>
  <code code="ITALY">
    <editdetail attribution="Reuters BIP Coding Group" action="confirmed" date="1997-05-28"/>
  </code>
</codes>
<codes class="bip:topics:1.0">
  <code code="GCAT">
    <editdetail attribution="Reuters BIP Coding Group" action="confirmed" date="1997-05-28"/>
  </code>
  <code code="GSPO">
    <editdetail attribution="Reuters BIP Coding Group" action="confirmed" date="1997-05-28"/>
  </code>
</codes>
<dc element="dc.date.created" value="1997-05-28"/>
<dc element="dc.publisher" value="Reuters Holdings Plc"/>
<dc element="dc.date.published" value="1997-05-28"/>
<dc element="dc.source" value="Reuters"/>
<dc element="dc.creator.location" value="DORTMUND, Germany"/>
<dc element="dc.creator.location.country.name" value="GERMANY"/>
<dc element="dc.source" value="Reuters"/>
</metadata>
</newsitem>
