<?xml version="1.0" encoding="iso-8859-1" ?>
<newsitem itemid="619217" id="root" date="1997-05-28" xml:lang="en">
<title>USA: Claire's Stores reschedules annual meeting.</title>
<headline>Claire's Stores reschedules annual meeting.</headline>
<dateline>PEMBROKE PINES, Fla. 1997-05-28</dateline>
<text>
<p>Claire's Stores Inc said Wednesday that it has postponed its annual meeting from June 2 to June 16 because some of its shareholders were omitted inadvertently when the required proxy material was mailed.</p>
<p>The meeting will be held June 16 at 9:30 a.m. in the Kennedy Room at The New York Palace Hotel, 455 Madison Avenue, New York City.</p>
<p>Claire's Stores specializes in one-stop shopping for teens' fashion accessories and owns and operates stores in 49 states, the Caribbean, Canada, Japan and The United Kingdom.</p>
</text>
<copyright>(c) Reuters Limited 1997</copyright>
<metadata>
<codes class="bip:countries:1.0">
  <code code="USA">
    <editdetail attribution="Reuters BIP Coding Group" action="confirmed" date="1997-05-28"/>
  </code>
</codes>
<codes class="bip:industries:1.0">
  <code code="I65400">
    <editdetail attribution="Reuters BIP Coding Group" action="confirmed" date="1997-05-28"/>
  </code>
</codes>
<codes class="bip:topics:1.0">
  <code code="CCAT">
    <editdetail attribution="Reuters BIP Coding Group" action="confirmed" date="1997-05-28"/>
  </code>
</codes>
<dc element="dc.date.created" value="1997-05-28"/>
<dc element="dc.publisher" value="Reuters Holdings Plc"/>
<dc element="dc.date.published" value="1997-05-28"/>
<dc element="dc.source" value="Reuters"/>
<dc element="dc.creator.location" value="PEMBROKE PINES, Fla."/>
<dc element="dc.creator.location.country.name" value="USA"/>
<dc element="dc.source" value="Reuters"/>
</metadata>
</newsitem>
