<?xml version="1.0" encoding="iso-8859-1" ?>
<newsitem itemid="619271" id="root" date="1997-05-28" xml:lang="en">
<title>USA: Performance Food to acquire W.J Powell Co.</title>
<headline>Performance Food to acquire W.J Powell Co.</headline>
<dateline>RICHMOND, Va. 1997-05-28</dateline>
<text>
<p>Performance Food Group Co said Wednesday that it has signed a definitive agreement to acquire the outstanding stock of W.J. Powell Co Inc, a privately owned, food service distributor based in Thomasville, Georgia.</p>
<p>Terms of the transaction were not disclosed.</p>
<p>This acquisition, said Performance, is its fourth in fiscal 1997, and will expand its geographic coverage in the southeast, filling a market area contiguous to its operations in Atlanta; Tampa, Florida; and Houma, La.</p>
<p>W.J. Powell reported 1996 sales of approximately $44 million.     Performance Food Group reported net sales of $784</p>
<p>million. It distributes food to about 16,000 restaurants, hotels, cafeterias, schools, healthcare facilities and other institutions.</p>
</text>
<copyright>(c) Reuters Limited 1997</copyright>
<metadata>
<codes class="bip:countries:1.0">
  <code code="USA">
    <editdetail attribution="Reuters BIP Coding Group" action="confirmed" date="1997-05-28"/>
  </code>
</codes>
<codes class="bip:industries:1.0">
  <code code="I41000">
    <editdetail attribution="Reuters BIP Coding Group" action="confirmed" date="1997-05-28"/>
  </code>
</codes>
<codes class="bip:topics:1.0">
  <code code="C18">
    <editdetail attribution="Reuters BIP Coding Group" action="confirmed" date="1997-05-28"/>
  </code>
  <code code="C181">
    <editdetail attribution="Reuters BIP Coding Group" action="confirmed" date="1997-05-28"/>
  </code>
  <code code="CCAT">
    <editdetail attribution="Reuters BIP Coding Group" action="confirmed" date="1997-05-28"/>
  </code>
</codes>
<dc element="dc.date.created" value="1997-05-28"/>
<dc element="dc.publisher" value="Reuters Holdings Plc"/>
<dc element="dc.date.published" value="1997-05-28"/>
<dc element="dc.source" value="Reuters"/>
<dc element="dc.creator.location" value="RICHMOND, Va."/>
<dc element="dc.creator.location.country.name" value="USA"/>
<dc element="dc.source" value="Reuters"/>
</metadata>
</newsitem>
