<?xml version="1.0" encoding="iso-8859-1" ?>
<newsitem itemid="619289" id="root" date="1997-05-28" xml:lang="en">
<title>SOUTH AFRICA: RUGBY UNION-TONGA OVERPOWERED 46-6 BY NORTH WEST.</title>
<headline>RUGBY UNION-TONGA OVERPOWERED 46-6 BY NORTH WEST.</headline>
<dateline>POTCHEFSTROOM 1997-05-28</dateline>
<text>
<p>Tonga slumped to the first defeat of their Southern African tour when they were overpowered 46-6 by North West in icy conditions at Olen Park on Wednesday.</p>
<p>The Tongans, with wins over Zimbabwe and Namibia in their four victories in the past two weeks, failed to adapt to both the harsh winter weather and the sheer size of their opposing forwards.</p>
<p>North West (formerly Western Transvaal) ran in seven tries and were effectively marshalled by former Transvaal scrum-half Jopie Adlam, fresh from his Super 12 campaign with the Gauteng Lions.</p>
<p>Tonga face Eastern Province on Sunday and Border next Wednesday before their one-off test against South Africa in Cape Town on June 10.</p>
<p>Teams:</p>
<p>North West: Tony Lincoln; Rudi Muller (Johan van der Berg 65 min), A.J. de Jager, Jans van Wyk, Charl Bensch (Reagan Anderson 55 min); Bertus Kruger, Jopie Adlam; Chris Oosthuizen, Markus van Greunen (captain), Bertus Pool (Kurt Steinbach 69 min), Andew Duckitt, Kleinjan Tromp, Tenk Hendriks, Leon Boshoff, Hannes Human.</p>
<p>Tonga: Gustavo Tonga; Semisi Faka'osifolau, Fepi Tatafu (Siua Taumalolo 76 min), Viliami Uhi, Tevita Manako (Etuate Manu 70 min); Simana Mafileo (Tevita 'Alatini 39 min), Manu Vunipola; Ronald Katoa (captain), Sione Tohi, Maama Molitika (Kuli Faletau 2 min), Saia Moala (Kilioni Tu'ipulotu 40 min), 'Alipate Ta'ufo'ou, Heamani Lavaka, Fe'ao Vunipola, Ngalu Tau.</p>
</text>
<copyright>(c) Reuters Limited 1997</copyright>
<metadata>
<codes class="bip:countries:1.0">
  <code code="NAMIB">
    <editdetail attribution="Reuters BIP Coding Group" action="confirmed" date="1997-05-28"/>
  </code>
  <code code="SAFR">
    <editdetail attribution="Reuters BIP Coding Group" action="confirmed" date="1997-05-28"/>
  </code>
  <code code="TONGA">
    <editdetail attribution="Reuters BIP Coding Group" action="confirmed" date="1997-05-28"/>
  </code>
  <code code="ZIMBAB">
    <editdetail attribution="Reuters BIP Coding Group" action="confirmed" date="1997-05-28"/>
  </code>
</codes>
<codes class="bip:topics:1.0">
  <code code="GCAT">
    <editdetail attribution="Reuters BIP Coding Group" action="confirmed" date="1997-05-28"/>
  </code>
  <code code="GSPO">
    <editdetail attribution="Reuters BIP Coding Group" action="confirmed" date="1997-05-28"/>
  </code>
</codes>
<dc element="dc.date.created" value="1997-05-28"/>
<dc element="dc.publisher" value="Reuters Holdings Plc"/>
<dc element="dc.date.published" value="1997-05-28"/>
<dc element="dc.source" value="Reuters"/>
<dc element="dc.creator.location" value="POTCHEFSTROOM"/>
<dc element="dc.creator.location.country.name" value="SOUTH AFRICA"/>
<dc element="dc.source" value="Reuters"/>
</metadata>
</newsitem>
