<?xml version="1.0" encoding="iso-8859-1" ?>
<newsitem itemid="619248" id="root" date="1997-05-28" xml:lang="en">
<title>USA: Vencor paid $4.5 mln in Colo. MEDtech shr buy.</title>
<headline>Vencor paid $4.5 mln in Colo. MEDtech shr buy.</headline>
<dateline>BOULDER, Colo. 1997-05-28</dateline>
<text>
<p>Vencor Inc, the largest shareholder of Colorado MEDtech Inc, paid $4.5 million to exercise warrants and purchase 2.0 million additional common shares in the company, Colorado MEDtech comptroller Greg Gould said Wednesday.</p>
<p>Colorado MEDtech earlier said the latest share purchase raised Vencor's stake in the company to 39 percent, from 21 percent.</p>
<p>Vencor is a long-term healthcare company while Colorado MEDtech designs and manufactures electronic and electromechanical products and software systems for the medical device industry.</p>
</text>
<copyright>(c) Reuters Limited 1997</copyright>
<metadata>
<codes class="bip:countries:1.0">
  <code code="USA">
    <editdetail attribution="Reuters BIP Coding Group" action="confirmed" date="1997-05-28"/>
  </code>
</codes>
<codes class="bip:industries:1.0">
  <code code="I37200">
    <editdetail attribution="Reuters BIP Coding Group" action="confirmed" date="1997-05-28"/>
  </code>
  <code code="I95100">
    <editdetail attribution="Reuters BIP Coding Group" action="confirmed" date="1997-05-28"/>
  </code>
</codes>
<codes class="bip:topics:1.0">
  <code code="C18">
    <editdetail attribution="Reuters BIP Coding Group" action="confirmed" date="1997-05-28"/>
  </code>
  <code code="C181">
    <editdetail attribution="Reuters BIP Coding Group" action="confirmed" date="1997-05-28"/>
  </code>
  <code code="CCAT">
    <editdetail attribution="Reuters BIP Coding Group" action="confirmed" date="1997-05-28"/>
  </code>
</codes>
<dc element="dc.date.created" value="1997-05-28"/>
<dc element="dc.publisher" value="Reuters Holdings Plc"/>
<dc element="dc.date.published" value="1997-05-28"/>
<dc element="dc.source" value="Reuters"/>
<dc element="dc.creator.location" value="BOULDER, Colo."/>
<dc element="dc.creator.location.country.name" value="USA"/>
<dc element="dc.source" value="Reuters"/>
</metadata>
</newsitem>
