<?xml version="1.0" encoding="iso-8859-1" ?>
<newsitem itemid="619244" id="root" date="1997-05-28" xml:lang="en">
<title>USA: Amscan Holdings names acting chairman.</title>
<headline>Amscan Holdings names acting chairman.</headline>
<dateline>NEW YORK 1997-05-28</dateline>
<text>
<p>Amscan Holdings Inc on Wednesday said it named its president, Jerry Ritternberg, as acting chairman.</p>
<p>The Elmsford, N.Y.,-based supplier of party goods earlier Wednesday said its founder and chairman, John Svenningsen, 66, died Tuesday night after a long illness.</p>
<p>A company spokeswoman said Rittenberg would serve as acting chairman until the board elects Svenningsen's replacement.</p>
</text>
<copyright>(c) Reuters Limited 1997</copyright>
<metadata>
<codes class="bip:countries:1.0">
  <code code="USA">
    <editdetail attribution="Reuters BIP Coding Group" action="confirmed" date="1997-05-28"/>
  </code>
</codes>
<codes class="bip:topics:1.0">
  <code code="C41">
    <editdetail attribution="Reuters BIP Coding Group" action="confirmed" date="1997-05-28"/>
  </code>
  <code code="C411">
    <editdetail attribution="Reuters BIP Coding Group" action="confirmed" date="1997-05-28"/>
  </code>
  <code code="CCAT">
    <editdetail attribution="Reuters BIP Coding Group" action="confirmed" date="1997-05-28"/>
  </code>
</codes>
<dc element="dc.date.created" value="1997-05-28"/>
<dc element="dc.publisher" value="Reuters Holdings Plc"/>
<dc element="dc.date.published" value="1997-05-28"/>
<dc element="dc.source" value="Reuters"/>
<dc element="dc.creator.location" value="NEW YORK"/>
<dc element="dc.creator.location.country.name" value="USA"/>
<dc element="dc.source" value="Reuters"/>
</metadata>
</newsitem>
