<?xml version="1.0" encoding="iso-8859-1" ?>
<newsitem itemid="619212" id="root" date="1997-05-28" xml:lang="en">
<title>USA: Market Guide Inc launches new Web site.</title>
<headline>Market Guide Inc launches new Web site.</headline>
<dateline>LAKE SUCCESS, N.Y. 1997-05-28</dateline>
<text>
<p>Market Guide Inc said Wednesday it has launched its redesigned Web site, which includes research reports on publicly-traded companies, stock screening applications, stock quotes, price and volume charts, news and SEC filings.</p>
<p>Market Guide said that it created several of its re-designed sites jointly with other Internet vendors, including PC Quote Inc, Financial Insight Systems, News Alert and EDGAR-Online.</p>
<p>The company said its quotes, charts, news and historical SEC filings will be offered free to visitors and subscribers of the site.</p>
<p>Market Guide compiles a database containing descriptive and financial information on publicly traded companies.</p>
</text>
<copyright>(c) Reuters Limited 1997</copyright>
<metadata>
<codes class="bip:countries:1.0">
  <code code="USA">
    <editdetail attribution="Reuters BIP Coding Group" action="confirmed" date="1997-05-28"/>
  </code>
</codes>
<codes class="bip:industries:1.0">
  <code code="I33030">
    <editdetail attribution="Reuters BIP Coding Group" action="confirmed" date="1997-05-28"/>
  </code>
</codes>
<codes class="bip:topics:1.0">
  <code code="C22">
    <editdetail attribution="Reuters BIP Coding Group" action="confirmed" date="1997-05-28"/>
  </code>
  <code code="CCAT">
    <editdetail attribution="Reuters BIP Coding Group" action="confirmed" date="1997-05-28"/>
  </code>
</codes>
<dc element="dc.date.created" value="1997-05-28"/>
<dc element="dc.publisher" value="Reuters Holdings Plc"/>
<dc element="dc.date.published" value="1997-05-28"/>
<dc element="dc.source" value="Reuters"/>
<dc element="dc.creator.location" value="LAKE SUCCESS, N.Y."/>
<dc element="dc.creator.location.country.name" value="USA"/>
<dc element="dc.source" value="Reuters"/>
</metadata>
</newsitem>
