<?xml version="1.0" encoding="iso-8859-1" ?>
<newsitem itemid="619280" id="root" date="1997-05-28" xml:lang="en">
<title>USA: Hilton Hotels debt offering upped - dealers.</title>
<headline>Hilton Hotels debt offering upped - dealers.</headline>
<dateline>NEW YORK 1997-05-28</dateline>
<text>
<p>Hilton Hotels Corp five-year debt offering was increased in size to $300 million, dealers said on Wednesday.</p>
<p>The deal, which was initially slated to come as a $200 million offering, is seen pricing at a spread of 85 basis points over U.S. Treasuries, they said.</p>
<p>Hilton Hotel's senior unsecured debt is rated Baa1 by Moody's Investors Service Inc and BBB-plus by Standard &amp; Poor's. Both agencies said they may lower Hilton's ratings in light of the company's proposed acquistion of ITT Corp.</p>
<p>The deal, which is expected to price later today, features a coupon reset provision in the event Hilton is downgraded to speculative grade status.</p>
<p>Donaldson Lufkin &amp; Jenrette Securities is expected to serve as lead underwriter for the deal.</p>
<p>(( -- Nancy Leinfuss, 212-859-1675 ))</p>
</text>
<copyright>(c) Reuters Limited 1997</copyright>
<metadata>
<codes class="bip:countries:1.0">
  <code code="USA">
    <editdetail attribution="Reuters BIP Coding Group" action="confirmed" date="1997-05-28"/>
  </code>
</codes>
<codes class="bip:industries:1.0">
  <code code="I66500">
    <editdetail attribution="Reuters BIP Coding Group" action="confirmed" date="1997-05-28"/>
  </code>
</codes>
<codes class="bip:topics:1.0">
  <code code="C17">
    <editdetail attribution="Reuters BIP Coding Group" action="confirmed" date="1997-05-28"/>
  </code>
  <code code="C172">
    <editdetail attribution="Reuters BIP Coding Group" action="confirmed" date="1997-05-28"/>
  </code>
  <code code="CCAT">
    <editdetail attribution="Reuters BIP Coding Group" action="confirmed" date="1997-05-28"/>
  </code>
</codes>
<dc element="dc.date.created" value="1997-05-28"/>
<dc element="dc.publisher" value="Reuters Holdings Plc"/>
<dc element="dc.date.published" value="1997-05-28"/>
<dc element="dc.source" value="Reuters"/>
<dc element="dc.creator.location" value="NEW YORK"/>
<dc element="dc.creator.location.country.name" value="USA"/>
<dc element="dc.source" value="Reuters"/>
</metadata>
</newsitem>
