<?xml version="1.0" encoding="iso-8859-1" ?>
<newsitem itemid="619286" id="root" date="1997-05-28" xml:lang="en">
<title>USA: Thomas Nelson Inc Q4 profit vs loss. [CORRECTED 21:30 GMT]</title>
<headline>Thomas Nelson Inc Q4 profit vs loss. [CORRECTED 21:30 GMT]</headline>
<dateline>NASHVILLE, Tenn. 1997-05-28</dateline>
<text>
<p>(Dollars in thousands, except per share data)</p>
<p>			    Twelve Months Ended  Three Months Ended</p>
<p>					March 31,	   March 31,</p>
<p>				     1997     1996     1997     1996</p>
<p> Net Revenues		$243,436 $219,838 $ 59,494  $ 64,721</p>
<p>						  (corrects from $ 64,271) Income (Loss) from continuing</p>
<p>  operations, net	     9,522    (923)    2,290   (7,061)</p>
<p>Discontinued operations:</p>
<p>Operating income (loss),</p>
<p>net of applicable tax</p>
<p>provision (benefit) of</p>
<p>$446, ($4,884) and</p>
<p>   ($3,951), respectively     728  (7,358)	  -   (5,952)</p>
<p>Gain (loss) on disposal,</p>
<p>of discontinued operations</p>
<p>				   15,827  (2,633)   15,827   (2,633)</p>
<p>Income (Loss) from</p>
<p>discontinued operations,</p>
<p>  net			    16,555  (9,991)   15,827   (8,585)</p>
<p> NET INCOME (LOSS)	   26,077 (10,914)   18,117  (15,646)</p>
<p>Weighted average number</p>
<p>  of shares outstanding    17,135   15,718   17,129    16,908</p>
<p>NET INCOME (LOSS) PER SHARE:</p>
<p>Income (Loss) from</p>
<p>    continuing operations    0.56   (0.06)     0.14    (0.42)</p>
<p>Income (Loss) from</p>
<p>    discontinued operations  0.96   (0.63)     0.92    (0.51)</p>
<p>				     1.52   (0.69)     1.06    (0.93)</p>
<p>((-- New York Newsdesk 212 859-1610))</p>
</text>
<copyright>(c) Reuters Limited 1997</copyright>
<metadata>
<codes class="bip:countries:1.0">
  <code code="USA">
    <editdetail attribution="Reuters BIP Coding Group" action="confirmed" date="1997-05-28"/>
  </code>
</codes>
<codes class="bip:industries:1.0">
  <code code="I47500">
    <editdetail attribution="Reuters BIP Coding Group" action="confirmed" date="1997-05-28"/>
  </code>
</codes>
<codes class="bip:topics:1.0">
  <code code="C15">
    <editdetail attribution="Reuters BIP Coding Group" action="confirmed" date="1997-05-28"/>
  </code>
  <code code="C151">
    <editdetail attribution="Reuters BIP Coding Group" action="confirmed" date="1997-05-28"/>
  </code>
  <code code="C1511">
    <editdetail attribution="Reuters BIP Coding Group" action="confirmed" date="1997-05-28"/>
  </code>
  <code code="CCAT">
    <editdetail attribution="Reuters BIP Coding Group" action="confirmed" date="1997-05-28"/>
  </code>
</codes>
<dc element="dc.date.created" value="1997-05-28"/>
<dc element="dc.publisher" value="Reuters Holdings Plc"/>
<dc element="dc.date.published" value="1997-05-28"/>
<dc element="dc.source" value="Reuters"/>
<dc element="dc.creator.location" value="NASHVILLE, Tenn."/>
<dc element="dc.creator.location.country.name" value="USA"/>
<dc element="dc.source" value="Reuters"/>
</metadata>
</newsitem>
