<?xml version="1.0" encoding="iso-8859-1" ?>
<newsitem itemid="619252" id="root" date="1997-05-28" xml:lang="en">
<title>USA: Questar acquires Histotec of Iowa Inc.</title>
<headline>Questar acquires Histotec of Iowa Inc.</headline>
<dateline>GRAIN VALLEY, Mo 1997-05-28</dateline>
<text>
<p>Utah holding company Questar International Inc said Wednesday it had acquired all 200,000 outstanding shares of Histotec of Iowa Inc in a stock-for-stock exchange.</p>
<p>Questar said it had exchanged 10 of its shares for every one of Histotec on May 27.</p>
<p>Early Wednesday, Questar's stock was trading at 0.33 on the Nasdaq Small Cap against a close of 0.20 on May 27.</p>
<p>Questar said it will turn the closely-held company, which works in human DNA extraction and storage, into a wholly-owned subsidiary.</p>
<p>Questar said it had also signed a $2 million licensing agreement for exclusive rights to collect and isolate human DNA specimens within Iowa.</p>
<p>It signed a similar agreement for Missouri on March 7, it added.</p>
<p>Questar extracts DNA sequences from blood samples supplied by clients and stores them for future medical use.</p>
</text>
<copyright>(c) Reuters Limited 1997</copyright>
<metadata>
<codes class="bip:countries:1.0">
  <code code="USA">
    <editdetail attribution="Reuters BIP Coding Group" action="confirmed" date="1997-05-28"/>
  </code>
</codes>
<codes class="bip:topics:1.0">
  <code code="C18">
    <editdetail attribution="Reuters BIP Coding Group" action="confirmed" date="1997-05-28"/>
  </code>
  <code code="C181">
    <editdetail attribution="Reuters BIP Coding Group" action="confirmed" date="1997-05-28"/>
  </code>
  <code code="CCAT">
    <editdetail attribution="Reuters BIP Coding Group" action="confirmed" date="1997-05-28"/>
  </code>
</codes>
<dc element="dc.date.created" value="1997-05-28"/>
<dc element="dc.publisher" value="Reuters Holdings Plc"/>
<dc element="dc.date.published" value="1997-05-28"/>
<dc element="dc.source" value="Reuters"/>
<dc element="dc.creator.location" value="GRAIN VALLEY, Mo"/>
<dc element="dc.creator.location.country.name" value="USA"/>
<dc element="dc.source" value="Reuters"/>
</metadata>
</newsitem>
