<?xml version="1.0" encoding="iso-8859-1" ?>
<newsitem itemid="619293" id="root" date="1997-05-28" xml:lang="en">
<title>FRANCE: CYCLING-MIDI LIBRE SECOND STAGE PLACINGS.</title>
<headline>CYCLING-MIDI LIBRE SECOND STAGE PLACINGS.</headline>
<dateline>SAINT-CHELY D'APCHER, France 1997-05-28</dateline>
<text>
<p>Leading</p>
<p>placings in the 205-km second stage of the Midi Libre cycle race</p>
<p>from Baraqueville on Wednesday:</p>
<p>1. Laurent Dufaux (Switzerland) Festina 5 hours 14 minutes 43</p>
<p>seconds</p>
<p>2. Francois Simon (France) Gan</p>
<p>3. Bart Voskamp (Netherlands) TVM</p>
<p>4. Georg Totschnig (Germany) Telekom</p>
<p>5. Alberto Elli (Italy) Casino</p>
<p>6. Arturas Kasputis (Lithuania) Casino</p>
<p>  7. David Plaza (France) Cofidis		     all same time</p>
<p> 8. Jacky Durand (France) Casino  10 minutes 23 seconds behind</p>
<p>  9. Leon van Bon (Netherlands) Rabobank		  same time</p>
<p> 10. George Hincapie (U.S.) US Postal Service		 21:24</p>
<p>Leading overall standings:</p>
<p>  1. Elli				10 hours 40 minutes 31 seconds</p>
<p>  2. Dufaux				 8 minutes 14 seconds behind</p>
<p>  3. Voskamp							     8:22</p>
<p>  4. Totschnig							   8:23</p>
<p>  5. Kasputis							    8:26</p>
<p>6. Plaza</p>
<p>  7. Laurent Desbiens (France) Cofidis	     both same time</p>
<p>  8. Bo Hamburger (Denmark) TVM				   18:38</p>
<p>  9. Luca Gelfi (Italy) Brescialat				18:44</p>
<p> 10. Dariusz Baranowski (Poland) US Postal Service	  18:47</p>
</text>
<copyright>(c) Reuters Limited 1997</copyright>
<metadata>
<codes class="bip:countries:1.0">
  <code code="FRA">
    <editdetail attribution="Reuters BIP Coding Group" action="confirmed" date="1997-05-28"/>
  </code>
</codes>
<codes class="bip:topics:1.0">
  <code code="GCAT">
    <editdetail attribution="Reuters BIP Coding Group" action="confirmed" date="1997-05-28"/>
  </code>
  <code code="GSPO">
    <editdetail attribution="Reuters BIP Coding Group" action="confirmed" date="1997-05-28"/>
  </code>
</codes>
<dc element="dc.date.created" value="1997-05-28"/>
<dc element="dc.publisher" value="Reuters Holdings Plc"/>
<dc element="dc.date.published" value="1997-05-28"/>
<dc element="dc.source" value="Reuters"/>
<dc element="dc.creator.location" value="SAINT-CHELY D'APCHER, France"/>
<dc element="dc.creator.location.country.name" value="FRANCE"/>
<dc element="dc.source" value="Reuters"/>
</metadata>
</newsitem>
