<?xml version="1.0" encoding="iso-8859-1" ?>
<newsitem itemid="619204" id="root" date="1997-05-28" xml:lang="en">
<title>USA: Dissidents applaud Rexene tender extension.</title>
<headline>Dissidents applaud Rexene tender extension.</headline>
<dateline>NEW YORK 1997-05-28</dateline>
<text>
<p>Wyser-Pratte &amp; Co Inc and Spear, Leeds &amp; Kellogg on Wednesday said they welcomed a decision by Rexene Corp to extended the expiration date for its Dutch auction tender offer to June 19, 1997.</p>
<p>The offer was previously scheduled to expire on May 29.</p>
<p>Wyser-Pratte and Spear, Leeds &amp; Kellog are dissident shareholders of Rexene and have backed a change in Rexene's by-laws to make it easier to sell the company and also replace Rexene's board. Combined, they control around 13 percent of Rexene shares.  </p>
<p>The two companies said they hoped Rexene would sign an acquisition agreement with the privately-held Huntsman Corp by the new expiration date.</p>
<p>Earlier this month, Rexene said it was in discussions with the Huntsman Corp regarding the acqusiition of Rexene for $16 per share.</p>
<p>((New York Newsdesk 212 859 1610))</p>
</text>
<copyright>(c) Reuters Limited 1997</copyright>
<metadata>
<codes class="bip:countries:1.0">
  <code code="USA">
    <editdetail attribution="Reuters BIP Coding Group" action="confirmed" date="1997-05-28"/>
  </code>
</codes>
<codes class="bip:industries:1.0">
  <code code="I25140">
    <editdetail attribution="Reuters BIP Coding Group" action="confirmed" date="1997-05-28"/>
  </code>
  <code code="I83100">
    <editdetail attribution="Reuters BIP Coding Group" action="confirmed" date="1997-05-28"/>
  </code>
</codes>
<codes class="bip:topics:1.0">
  <code code="C18">
    <editdetail attribution="Reuters BIP Coding Group" action="confirmed" date="1997-05-28"/>
  </code>
  <code code="C181">
    <editdetail attribution="Reuters BIP Coding Group" action="confirmed" date="1997-05-28"/>
  </code>
  <code code="CCAT">
    <editdetail attribution="Reuters BIP Coding Group" action="confirmed" date="1997-05-28"/>
  </code>
</codes>
<dc element="dc.date.created" value="1997-05-28"/>
<dc element="dc.publisher" value="Reuters Holdings Plc"/>
<dc element="dc.date.published" value="1997-05-28"/>
<dc element="dc.source" value="Reuters"/>
<dc element="dc.creator.location" value="NEW YORK"/>
<dc element="dc.creator.location.country.name" value="USA"/>
<dc element="dc.source" value="Reuters"/>
</metadata>
</newsitem>
