<?xml version="1.0" encoding="iso-8859-1" ?>
<newsitem itemid="619202" id="root" date="1997-05-28" xml:lang="en">
<title>USA: RJR denounces FTC action against Joe Camel.</title>
<headline>RJR denounces FTC action against Joe Camel.</headline>
<dateline>NEW YORK 1997-05-28</dateline>
<text>
<p>RJR Nabisco Holdings Corp unit R.J. Reynold Tobacco Co on Wednesday denounced the U.S. Federal Trade Commission's vote to seek a court order barring it from using its &quot;Joe Camel&quot; symbol in ads accessible to children, saying there was &quot;no factual basis&quot; for such a lawsuit.</p>
<p>&quot;Today's vote by the Federal Trade Commmission to issue a complaint against Joe Camel is unprecedented, unfounded and unwarranted.  There is absolutely no precedent in FTC history for such a tortured application of the law,&quot; the company said in a statement.  </p>
<p>The tobacco company issued its fiery protest after the FTC voted 3-2 to seek the order, alleging the Joe Camel campaign was &quot;successful in appealing to many children and adolescents under 18&quot; and induced many to begin and continue smoking to the detriment of their health.&quot;</p>
<p>&quot;There is no factual basis on which to found this suit,&quot; Reynolds said, adding, &quot;Joe Camel has become the government's scapegoat for issues our society has been unable to resolve.</p>
<p>&quot;That is not enough to win a lawsuit.  We will vigorously defend this complaint, and we fully expect to prevail,&quot; the company said.  </p>
<p>The FTC, in announcing the vote, said its complaint would be heard before an administrative law judge.</p>
<p>The regulatory agency added it would seek to have Reynolds conduct a public education campaign discouraging young people from smoking and could consider other penalties against the company after a trial of the case was concluded.</p>
<p>&quot;The real loser today is the American public,&quot; said Charles A. Blixt, Reynolds senior vice president and general counsel, who warned that other businesses such as the music and alcoholic beverage industries could also find themselves jeopardized by FTC theory.  </p>
<p>&quot;The penalties sought by the Commission represent an astonishing and unprecedented use of government authority that would exceed both legal precedent and any reasonable interpretation of the FTC's authority,&quot; Reynolds said.</p>
<p>It added that such penalties would force Reynolds to incur a burden &quot;that would not be borne by competitors with much larger shares of market among underage smokers.&quot;</p>
<p>&quot;The FTC cannot possibly prevail in this lawsuit,&quot; the company said, arguing that its Joe Camel campaign was aimed only at adult smokers. &quot;It does not and never has had any other objective.&quot;  </p>
<p>Reynolds said &quot;No matter how much our critics wish it were the case, Joe Camel is not a factor in underage smoking,&quot; Reynolds said.</p>
<p>((New York Newsdesk, 212 859-1610))</p>
</text>
<copyright>(c) Reuters Limited 1997</copyright>
<metadata>
<codes class="bip:countries:1.0">
  <code code="USA">
    <editdetail attribution="Reuters BIP Coding Group" action="confirmed" date="1997-05-28"/>
  </code>
</codes>
<codes class="bip:industries:1.0">
  <code code="I42900">
    <editdetail attribution="Reuters BIP Coding Group" action="confirmed" date="1997-05-28"/>
  </code>
</codes>
<codes class="bip:topics:1.0">
  <code code="C12">
    <editdetail attribution="Reuters BIP Coding Group" action="confirmed" date="1997-05-28"/>
  </code>
  <code code="C13">
    <editdetail attribution="Reuters BIP Coding Group" action="confirmed" date="1997-05-28"/>
  </code>
  <code code="C32">
    <editdetail attribution="Reuters BIP Coding Group" action="confirmed" date="1997-05-28"/>
  </code>
  <code code="CCAT">
    <editdetail attribution="Reuters BIP Coding Group" action="confirmed" date="1997-05-28"/>
  </code>
  <code code="GCAT">
    <editdetail attribution="Reuters BIP Coding Group" action="confirmed" date="1997-05-28"/>
  </code>
  <code code="GCRIM">
    <editdetail attribution="Reuters BIP Coding Group" action="confirmed" date="1997-05-28"/>
  </code>
</codes>
<dc element="dc.date.created" value="1997-05-28"/>
<dc element="dc.publisher" value="Reuters Holdings Plc"/>
<dc element="dc.date.published" value="1997-05-28"/>
<dc element="dc.source" value="Reuters"/>
<dc element="dc.creator.location" value="NEW YORK"/>
<dc element="dc.creator.location.country.name" value="USA"/>
<dc element="dc.source" value="Reuters"/>
</metadata>
</newsitem>
