<?xml version="1.0" encoding="iso-8859-1" ?>
<newsitem itemid="619228" id="root" date="1997-05-28" xml:lang="en">
<title>USA: MCN to issue 8.5 million shares of stock.</title>
<headline>MCN to issue 8.5 million shares of stock.</headline>
<dateline>DETROIT 1997-05-28</dateline>
<text>
<p>MCN Energy Group Inc said Wednesday it plans to issue 8.5 million shares of common stock under an existing universal shelf registration statement previously filed with the U.S. Securities and Exchange Commission.</p>
<p>MCN currently has about 68 million common shares outstanding. The company said proceeds from the sale will be used for general corporate purposes, including capital investments and repayment of short-term debt.</p>
<p>MCN will issue the stock through a syndicate of underwriters led by Merrill Lynch &amp; Co. Other offering co-managers include Donaldson, Lufkin &amp; Jenrette Securities Corp, A.G. Edwards &amp; Sons Inc, PaineWebber Inc, Salomon Brothers Inc and Smith Barney Inc.</p>
<p>Underwriters have an option to purchase up to an additional 1.275 million shares to cover over-allotments.</p>
</text>
<copyright>(c) Reuters Limited 1997</copyright>
<metadata>
<codes class="bip:countries:1.0">
  <code code="USA">
    <editdetail attribution="Reuters BIP Coding Group" action="confirmed" date="1997-05-28"/>
  </code>
</codes>
<codes class="bip:industries:1.0">
  <code code="I16200">
    <editdetail attribution="Reuters BIP Coding Group" action="confirmed" date="1997-05-28"/>
  </code>
</codes>
<codes class="bip:topics:1.0">
  <code code="C17">
    <editdetail attribution="Reuters BIP Coding Group" action="confirmed" date="1997-05-28"/>
  </code>
  <code code="C171">
    <editdetail attribution="Reuters BIP Coding Group" action="confirmed" date="1997-05-28"/>
  </code>
  <code code="CCAT">
    <editdetail attribution="Reuters BIP Coding Group" action="confirmed" date="1997-05-28"/>
  </code>
</codes>
<dc element="dc.date.created" value="1997-05-28"/>
<dc element="dc.publisher" value="Reuters Holdings Plc"/>
<dc element="dc.date.published" value="1997-05-28"/>
<dc element="dc.source" value="Reuters"/>
<dc element="dc.creator.location" value="DETROIT"/>
<dc element="dc.creator.location.country.name" value="USA"/>
<dc element="dc.source" value="Reuters"/>
</metadata>
</newsitem>
