<?xml version="1.0" encoding="iso-8859-1" ?>
<newsitem itemid="619234" id="root" date="1997-05-28" xml:lang="en">
<title>USA: SEC okays Nasdaq move to narrow quote increments.</title>
<headline>SEC okays Nasdaq move to narrow quote increments.</headline>
<dateline>WASHINGTON 1997-05-28</dateline>
<text>
<p>Nasdaq said Wednesday it received federal regulatory approval to narrow its minimum stock quotation increments to 1/16 of a dollar or 6.25 cents from 1/8 of a dollar or 12.5 cents.</p>
<p>The Securities and Exchange Commission approval applies to all securities listed on the electronic stock market whose bid price is $10 or more, Nasdaq said in a statement.  </p>
<p>The new quoting system is effective for all Nasdaq stocks on June 2, the stock market said. Stocks under $10 are already quoted in increments as small as 1/32 or 3.125 cents.</p>
<p>&quot;We're delighted the SEC moved quickly to approve our proposal to quote in 1/16,&quot; said Frank Zarb, chairman, CEO and president of the National Association of Securities Dealers, parent of the Nasdaq stock market.</p>
<p>The NASD first approved the move to narrow the quotation increments for securities last month before sending it to the SEC for federal approval.  </p>
<p>The approval follows the introduction of proposed legislation in March that would require the SEC to develop a plan within a year to move stock and options markets away from trading in fractions.</p>
<p>The narrowing &quot;will enhance transparency and price discovery by allowing orders and quotes in smaller increments to be displayed publicly to the market,&quot; Zarb said.</p>
<p>NASD is a trade group for the U.S. financial industry and a self-regulatory organization under SEC oversight.</p>
</text>
<copyright>(c) Reuters Limited 1997</copyright>
<metadata>
<codes class="bip:countries:1.0">
  <code code="USA">
    <editdetail attribution="Reuters BIP Coding Group" action="confirmed" date="1997-05-28"/>
  </code>
</codes>
<codes class="bip:industries:1.0">
  <code code="I83100">
    <editdetail attribution="Reuters BIP Coding Group" action="confirmed" date="1997-05-28"/>
  </code>
</codes>
<codes class="bip:topics:1.0">
  <code code="C13">
    <editdetail attribution="Reuters BIP Coding Group" action="confirmed" date="1997-05-28"/>
  </code>
  <code code="CCAT">
    <editdetail attribution="Reuters BIP Coding Group" action="confirmed" date="1997-05-28"/>
  </code>
  <code code="M11">
    <editdetail attribution="Reuters BIP Coding Group" action="confirmed" date="1997-05-28"/>
  </code>
  <code code="MCAT">
    <editdetail attribution="Reuters BIP Coding Group" action="confirmed" date="1997-05-28"/>
  </code>
</codes>
<dc element="dc.date.created" value="1997-05-28"/>
<dc element="dc.publisher" value="Reuters Holdings Plc"/>
<dc element="dc.date.published" value="1997-05-28"/>
<dc element="dc.source" value="Reuters"/>
<dc element="dc.creator.location" value="WASHINGTON"/>
<dc element="dc.creator.location.country.name" value="USA"/>
<dc element="dc.source" value="Reuters"/>
</metadata>
</newsitem>
