<?xml version="1.0" encoding="iso-8859-1" ?>
<newsitem itemid="619391" id="root" date="1997-05-28" xml:lang="en">
<title>SOUTH AFRICA: S.AFRICA LOOKS TO NUCLEAR WASTE DISPOSAL POLICY.</title>
<headline>S.AFRICA LOOKS TO NUCLEAR WASTE DISPOSAL POLICY.</headline>
<dateline>CAPE TOWN 1997-05-28</dateline>
<text>
<p>After spending billions of rands on its nuclear industry South Africa is now squaring up to the problem of how to deal with the long-term disposal of radioactive wastes, a parliamentary committee heard on Wednesday.</p>
<p>The industry has largely been wound down in recent years and now concentrates more on high-tech products for medicine and industry rather than producing nuclear energy and making bombs, but the waste remains in various forms.</p>
<p>University of Cape Town Science Advice Unit director Thomas Auf der Heyde told the minerals and energy committee that an official radioactive waste (Radwaste) policy was one of the key policy issues facing government in the nuclear industry.</p>
<p>Low and intermediate wastes from the Koeberg nuclear power plant in the Western Cape are stored at the Vaalputs storage depot in the Northern Cape while high level waste is stored at Pelindaba and Koeberg.</p>
<p>&quot;But these are temporary storage sites pending the determination of a long term solution to the treatment and management of this waste,&quot; Auf der Heyde said.</p>
<p>The Council for Nuclear Safety has been asked to develop a policy on long-term waste management but this had not been finalised yet.</p>
<p>Auf der Heyde told Reuters he did not want to give the impression that this was a crisis situation, but said that pressure was increasing for a coherent policy.</p>
<p>Apart from nuclear fuel rods, radioactivity was also released through gold mine dumps, slimes dams and steel tubes and pipes used in mines. </p>
<p>South Africa's nuclear fuel industry dates back to 1945, when Britain asked South Africa to investigate uranium deposits with a view to supplying uranium to British and American atomic bomb projects.</p>
<p>By 1965, the first atomic energy research reactor on the African continent had been commissioned at Pelindaba and the government started investigating the possibility of producing nuclear power in South Africa.</p>
<p>-- Parliamentary newsroom +27 21 403-2502</p>
</text>
<copyright>(c) Reuters Limited 1997</copyright>
<metadata>
<codes class="bip:countries:1.0">
  <code code="SAFR">
    <editdetail attribution="Reuters BIP Coding Group" action="confirmed" date="1997-05-28"/>
  </code>
</codes>
<codes class="bip:industries:1.0">
  <code code="I15000">
    <editdetail attribution="Reuters BIP Coding Group" action="confirmed" date="1997-05-28"/>
  </code>
  <code code="I1610109">
    <editdetail attribution="Reuters BIP Coding Group" action="confirmed" date="1997-05-28"/>
  </code>
</codes>
<codes class="bip:topics:1.0">
  <code code="C13">
    <editdetail attribution="Reuters BIP Coding Group" action="confirmed" date="1997-05-28"/>
  </code>
  <code code="CCAT">
    <editdetail attribution="Reuters BIP Coding Group" action="confirmed" date="1997-05-28"/>
  </code>
  <code code="GCAT">
    <editdetail attribution="Reuters BIP Coding Group" action="confirmed" date="1997-05-28"/>
  </code>
  <code code="GENV">
    <editdetail attribution="Reuters BIP Coding Group" action="confirmed" date="1997-05-28"/>
  </code>
</codes>
<dc element="dc.date.created" value="1997-05-28"/>
<dc element="dc.publisher" value="Reuters Holdings Plc"/>
<dc element="dc.date.published" value="1997-05-28"/>
<dc element="dc.source" value="Reuters"/>
<dc element="dc.creator.location" value="CAPE TOWN"/>
<dc element="dc.creator.location.country.name" value="SOUTH AFRICA"/>
<dc element="dc.source" value="Reuters"/>
</metadata>
</newsitem>
