<?xml version="1.0" encoding="iso-8859-1" ?>
<newsitem itemid="619371" id="root" date="1997-05-28" xml:lang="en">
<title>GERMANY: GOLF-ALLENBY READY FOR MAJOR FITNESS TEST.</title>
<headline>GOLF-ALLENBY READY FOR MAJOR FITNESS TEST.</headline>
<byline>Norman Dabell</byline>
<dateline>HAMBURG, Germany 1997-05-28</dateline>
<text>
<p>Accident-prone Australian Robert Allenby says he is back to the form which almost took him to the top of last year's European rankings after an intensive fitness programme.</p>
<p>At the end of last season, Allenby, crippled from injuries, tapped a shot just a few yards off the first tee at Valderrama to earn his Volvo Masters finishing bonus and ensure he ended in third place in the rankings.</p>
<p>Prior to that he had suffered two accidents in quick succession.</p>
<p>First he fell over a fence and cracked an ankle bone in August in Scotland after the Loch Lomond Invitational, then a couple of weeks later, while recuperating in Spain, broke his sternum in a car accident.</p>
<p>Hence the tap off the tee in the final event of the season which was all he needed to ensure the bonus points. He then retired from the event and spent the next weeks recovering from his injuries.</p>
<p>By his own admission he tried to come back too quickly, returning after only two months layoff when he had been advised to take three months away.</p>
<p>That set him back and the last two months have been a tough rehabilitation with three missed cuts, including at the U.S. Masters.</p>
<p>Right up to last weekend's British PGA, Allenby was seen to be favouring a shoulder, a stiffness stemming from his sternum injury.</p>
<p>However, the young Australian, in Germany for the European Tournament Players' Championship, says he is fit again and aiming to peak around the time of the third major of the year, the British Open in July -- although he forecasts he might be close to good form in two weeks time for the U.S. Open.</p>
<p>&quot;I just tried to come back too quickly,&quot; said Allenby, &quot;but I couldn't wait to get back on the course. I've had to hold myself back and now I'm feeling the effects of a strict programme in the gym.</p>
<p>&quot;I've been working for at least an hour each day, often much longer, stretching exercises mainly. Last week's shoulder problem came out of the blue, just stiffness.&quot;</p>
<p>Allenby added: &quot;It would be nice to hit form by the U.S. Open but I reckon I might peak for the French Open next month when I defend and then the British Open. I'm fully expecting to play well here in Hamburg, though.&quot;</p>
</text>
<copyright>(c) Reuters Limited 1997</copyright>
<metadata>
<codes class="bip:countries:1.0">
  <code code="AUSTR">
    <editdetail attribution="Reuters BIP Coding Group" action="confirmed" date="1997-05-28"/>
  </code>
  <code code="GFR">
    <editdetail attribution="Reuters BIP Coding Group" action="confirmed" date="1997-05-28"/>
  </code>
</codes>
<codes class="bip:topics:1.0">
  <code code="GCAT">
    <editdetail attribution="Reuters BIP Coding Group" action="confirmed" date="1997-05-28"/>
  </code>
  <code code="GSPO">
    <editdetail attribution="Reuters BIP Coding Group" action="confirmed" date="1997-05-28"/>
  </code>
</codes>
<dc element="dc.date.created" value="1997-05-28"/>
<dc element="dc.publisher" value="Reuters Holdings Plc"/>
<dc element="dc.date.published" value="1997-05-28"/>
<dc element="dc.source" value="Reuters"/>
<dc element="dc.creator.location" value="HAMBURG, Germany"/>
<dc element="dc.creator.location.country.name" value="GERMANY"/>
<dc element="dc.source" value="Reuters"/>
</metadata>
</newsitem>
