<?xml version="1.0" encoding="iso-8859-1" ?>
<newsitem itemid="619388" id="root" date="1997-05-28" xml:lang="en">
<title>GERMANY: GOLF-LANGER SEEKS THIRD WIN IN A MONTH.</title>
<headline>GOLF-LANGER SEEKS THIRD WIN IN A MONTH.</headline>
<byline>Norman Dabell</byline>
<dateline>HAMBURG, Germany 1997-05-28</dateline>
<text>
<p>Bernhard Langer chases his third title in a month and his third career victory at Gut Kaden in Hamburg in the European Tournament Players Championship (TPC) this week.</p>
<p>As well as trying to add to his back-to-back triumphs in the Italian Open and Benson and Hedges International, Langer also seeks to build on past successes at Gut Kaden, where he won the tournament when it was the Honda Open in 1992 and then the first TPC of Europe in 1995.</p>
<p>Langer did not win on the European Tour last year, his first year without a victory since 1979 in a record 16-year run.</p>
<p>But he made up for that with his two successes this month, which lifted him to the top of the European Order of Merit though he dropped to second behind British PGA winner Ian Woosnam on Monday when he tied for 32nd place.</p>
<p>To regain the lead, Langer will have to take the 125,000 pounds ($204,000) first prize in the tournament. Success would be his 10th European Tour title in his home country.</p>
<p>He could come under threat from Ireland's in-form Darren Clarke, who ensured himself a Ryder Cup place at Valderrama in September by taking a share of second place in the PGA on Monday.</p>
<p>While Clarke and Langer warm up for the U.S. Open in two weeks, reigning European number one Colin Montgomerie withdrew from Hamburg on Tuesday morning &quot;for personal reasons&quot;.</p>
<p>But European Ryder Cup captain Seve Ballesteros will play despite pulling out of the PGA on Friday with a recurring back injury.</p>
</text>
<copyright>(c) Reuters Limited 1997</copyright>
<metadata>
<codes class="bip:countries:1.0">
  <code code="GFR">
    <editdetail attribution="Reuters BIP Coding Group" action="confirmed" date="1997-05-28"/>
  </code>
  <code code="UK">
    <editdetail attribution="Reuters BIP Coding Group" action="confirmed" date="1997-05-28"/>
  </code>
</codes>
<codes class="bip:topics:1.0">
  <code code="GCAT">
    <editdetail attribution="Reuters BIP Coding Group" action="confirmed" date="1997-05-28"/>
  </code>
  <code code="GSPO">
    <editdetail attribution="Reuters BIP Coding Group" action="confirmed" date="1997-05-28"/>
  </code>
</codes>
<dc element="dc.date.created" value="1997-05-28"/>
<dc element="dc.publisher" value="Reuters Holdings Plc"/>
<dc element="dc.date.published" value="1997-05-28"/>
<dc element="dc.source" value="Reuters"/>
<dc element="dc.creator.location" value="HAMBURG, Germany"/>
<dc element="dc.creator.location.country.name" value="GERMANY"/>
<dc element="dc.source" value="Reuters"/>
</metadata>
</newsitem>
