<?xml version="1.0" encoding="iso-8859-1" ?>
<newsitem itemid="619311" id="root" date="1997-05-28" xml:lang="en">
<title>UK: CRICKET-GLOUCESTERSHIRE V AUSTRALIA SCOREBOARD. [CORRECTED 21:40 GMT]</title>
<headline>CRICKET-GLOUCESTERSHIRE V AUSTRALIA SCOREBOARD. [CORRECTED 21:40 GMT]</headline>
<dateline>BRISTOL, England 1997-05-28</dateline>
<text>
<p>Scoreboard on the second</p>
<p>day of the three-day tour match between Gloucestershire and</p>
<p>Australia on Wednesday:</p>
<p>Australia first innings 249 (corrects from 149) (S.Waugh 92, M.Waugh 66; J.Lewis</p>
<p>4-89)</p>
<p>Gloucestershire first innings (overnight 55-1)</p>
<p> A.Wright lbw b Gillespie		16</p>
<p> N.Trainor c Kasprowicz b McGrath   121</p>
<p> R.Davis lbw b Warne		     30</p>
<p> R.Cunliffe c Kasprowicz b Warne     61</p>
<p> T.Hancock lbw b Kasprowicz	    15</p>
<p> S.Young c Healy b Kasprowicz	   1</p>
<p> M.Alleyne c and b Gillespie	   20</p>
<p> J.Russell c Bevan b Warne	     20</p>
<p> M.Ball c and b Kasprowicz	     25</p>
<p> A.Smith c Gillespie b Warne	    4</p>
<p> J.Lewis not out			    7</p>
<p> Extras (b-4 lb-6 nb-20)		 30</p>
<p> Total					350</p>
<p>Fall of wicket: 1-52 2-103 3-243 4-250 5-257 6-286</p>
<p>7-288 8-339 4-339</p>
<p>Bowling: McGrath 19-11-31-1, Kasprowicz 21-2-101-3, Warne</p>
<p>35.2-10-97-4, Gillespie 20-4-66-2, Bevan 12-1-45-0</p>
</text>
<copyright>(c) Reuters Limited 1997</copyright>
<metadata>
<codes class="bip:countries:1.0">
  <code code="AUSTR">
    <editdetail attribution="Reuters BIP Coding Group" action="confirmed" date="1997-05-28"/>
  </code>
  <code code="UK">
    <editdetail attribution="Reuters BIP Coding Group" action="confirmed" date="1997-05-28"/>
  </code>
</codes>
<codes class="bip:topics:1.0">
  <code code="GCAT">
    <editdetail attribution="Reuters BIP Coding Group" action="confirmed" date="1997-05-28"/>
  </code>
  <code code="GSPO">
    <editdetail attribution="Reuters BIP Coding Group" action="confirmed" date="1997-05-28"/>
  </code>
</codes>
<dc element="dc.date.created" value="1997-05-28"/>
<dc element="dc.publisher" value="Reuters Holdings Plc"/>
<dc element="dc.date.published" value="1997-05-28"/>
<dc element="dc.source" value="Reuters"/>
<dc element="dc.creator.location" value="BRISTOL, England"/>
<dc element="dc.creator.location.country.name" value="UK"/>
<dc element="dc.source" value="Reuters"/>
</metadata>
</newsitem>
