<?xml version="1.0" encoding="iso-8859-1" ?>
<newsitem itemid="619344" id="root" date="1997-05-28" xml:lang="en">
<title>USA: BASEBALL-MAJOR LEAGUE STANDINGS AFTER TUESDAY'S GAMES.</title>
<headline>BASEBALL-MAJOR LEAGUE STANDINGS AFTER TUESDAY'S GAMES.</headline>
<dateline>NEW YORK 1997-05-28</dateline>
<text>
<p>Standings of Major League</p>
<p>Baseball teams after games played on Tuesday (tabulate under</p>
<p>wins, losses, winning percentage and games behind first):</p>
<p>		  AMERICAN LEAGUE</p>
<p>		  EAST DIVISION</p>
<p>			 W    L   PCT  GB</p>
<p> BALTIMORE	  33   15  .688   -</p>
<p> TORONTO	    25   22  .532   7 1/2</p>
<p> NY YANKEES	 26   24  .520   8</p>
<p> DETROIT	    23   26  .469  10 1/2</p>
<p> BOSTON	     20   27  .426  12 1/2</p>
<p>		  CENTRAL DIVISION</p>
<p>			 W    L   PCT  GB</p>
<p> CLEVELAND	  26   22  .542   -</p>
<p> MILWAUKEE	  22   24  .478   3</p>
<p> CHI WHITE SOX    22   25  .468   3 1/2</p>
<p> KANSAS CITY	22   26  .458   4</p>
<p> MINNESOTA	  21   29  .420   6</p>
<p>		  WEST DIVISION</p>
<p>			 W    L   PCT  GB</p>
<p> TEXAS		27   21  .563   -</p>
<p> ANAHEIM	    25   23  .521   2</p>
<p> SEATTLE	    26   24  .520   2</p>
<p> OAKLAND	    21   31  .404   8</p>
<p>WEDNESDAY, MAY 28 SCHEDULE</p>
<p>CHI WHITE SOX AT BOSTON</p>
<p> BALTIMORE AT DETROIT   </p>
<p>NY YANKEES AT TORONTO  </p>
<p>CLEVELAND AT KANSAS CITY</p>
<p>MILWAUKEE AT MINNESOTA </p>
<p> ANAHEIM AT OAKLAND     </p>
<p> TEXAS AT SEATTLE	 </p>
<p>		  NATIONAL LEAGUE</p>
<p>		   EAST DIVISION</p>
<p>			 W    L   PCT  GB</p>
<p> ATLANTA	    35   15  .700   -</p>
<p> FLORIDA	    30   19  .612   4 1/2</p>
<p> MONTREAL	   27   22  .551   7 1/2</p>
<p> NY METS	    27   23  .540   8</p>
<p> PHILADELPHIA     19   31  .380  16</p>
<p>		  CENTRAL DIVISION</p>
<p>			 W    L   PCT  GB</p>
<p> HOUSTON	    25   26  .490   -</p>
<p> PITTSBURGH	 24   26  .480     1/2</p>
<p> ST LOUIS	   21   28  .429   3</p>
<p> CHICAGO CUBS     19   30  .388   5</p>
<p> CINCINNATI	 18   32  .360   6 1/2</p>
<p>		  WEST DIVISION</p>
<p>			 W    L   PCT  GB</p>
<p> SAN FRANCISCO    29   20  .592   -</p>
<p> COLORADO	   27   23  .540   2 1/2</p>
<p> LOS ANGELES	26   23  .531   3</p>
<p> SAN DIEGO	  20   29  .408   9</p>
<p>WEDNESDAY, MAY 28 SCHEDULE</p>
<p>CHICAGO CUBS AT PITTSBURGH</p>
<p>PHILADELPHIA AT CINCINNATI</p>
<p> NY METS AT MONTREAL</p>
</text>
<copyright>(c) Reuters Limited 1997</copyright>
<metadata>
<codes class="bip:countries:1.0">
  <code code="CANA">
    <editdetail attribution="Reuters BIP Coding Group" action="confirmed" date="1997-05-28"/>
  </code>
  <code code="USA">
    <editdetail attribution="Reuters BIP Coding Group" action="confirmed" date="1997-05-28"/>
  </code>
</codes>
<codes class="bip:topics:1.0">
  <code code="GCAT">
    <editdetail attribution="Reuters BIP Coding Group" action="confirmed" date="1997-05-28"/>
  </code>
  <code code="GSPO">
    <editdetail attribution="Reuters BIP Coding Group" action="confirmed" date="1997-05-28"/>
  </code>
</codes>
<dc element="dc.date.created" value="1997-05-28"/>
<dc element="dc.publisher" value="Reuters Holdings Plc"/>
<dc element="dc.date.published" value="1997-05-28"/>
<dc element="dc.source" value="Reuters"/>
<dc element="dc.creator.location" value="NEW YORK"/>
<dc element="dc.creator.location.country.name" value="USA"/>
<dc element="dc.source" value="Reuters"/>
</metadata>
</newsitem>
