<?xml version="1.0" encoding="iso-8859-1" ?>
<newsitem itemid="619379" id="root" date="1997-05-28" xml:lang="en">
<title>BELGIUM: SOCCER SHOWCASE-PEN PICTURES OF EKEREN PLAYERS.</title>
<headline>SOCCER SHOWCASE-PEN PICTURES OF EKEREN PLAYERS.</headline>
<dateline>BRUSSELS 1997-05-28</dateline>
<text>
<p>Pen pictures of the players most likely to play for Ekeren against Anderlecht in the Belgian Cup final on Sunday:</p>
<p>Philippe Vande Walle, goalkeeper, 35. Dynamic and spectacular, automatic choice for national team but is now back-up for Sporting Lisbon's Filip De Wilde. Regularly converts penalties and has occasionally rushed forward in dying minutes to score and -- successfully -- save his team from defeat. Excellent physique and reflexes, lithe and rarely injured with nearly 400 matches under his belt at Ekeren.</p>
<p>Matthew Andrews, goalkeeper, 26. British understudy to Vande Walle for the past seven years but rarely given the occasion to make a name for himself.</p>
<p>Didier Dheedene, defender, 25. Reliable left-back with quick mind, mainstay in defence but drafted by Anderlecht from next season which already seen as team's biggest loss.</p>
<p>Mike Verstraeten, defender, 29. Lanky and solid central defender, commanding in the air.</p>
<p>Marc Schaessens, defender, 28. Fast and tenacious right-back with offensive drive who easily creates openings down his wing.</p>
<p>Bernard Wegria, defender, 34. Solid defender with good physique but has waned in second half of season and expected to leave.</p>
<p>Rudy Janssens, defender, 33. Has earned a regular berth with no-nonsense defensive play and good positional sense.</p>
<p>Christophe Kinet, midfielder, 22. Technically strong and maturing fast, one of the team's brightest prospects. Known for lightning-fast runs down the wings.</p>
<p>Florian Urban, midfielder, 28. Hard-tackling, uncompromising and hot-tempered Hungarian, often in trouble at former clubs where he was always in the front line during tussles. Has almost learned to control his quick temper. Strong utility player, good at creating openings.</p>
<p>Cvejan Milosevic, midfielder, 33. The team's main force in midfield but absent in recent weeks due to groin injury. Bosnian but former Yugoslav international.</p>
<p>Gunther Hofmans, midfielder, 30. Former striker who has turned into skilful support player while retaining his goalscoring touch although very erratic this season. Son-in-law of club chairman.</p>
<p>Alex Czerniatynski, striker, 36. Former Belgian international whose age is gradually showing. Limited technical abilities largely compensated by immense fighting spirit and often drafted as super-sub at crucial times.</p>
<p>Tomasz Radzinski, striker, 23. The team's most potent weapon, Very fast, scored a hat-trick in league game against Anderlecht earlier this month and again in last match on Sunday. Battled his way to fitness after first half of season was spoiled by injuries and call-ups for Canadian national team. Not always stylish but devastating shot and real match-winner.</p>
<p>Edwin Van Ankeren, striker, 28. Former Dutch international who has been plagued by injuries this season and played mostly below par but has improved in recent weeks and may have found his goal-scoring touch just in time.</p>
<p>-- Brussels Newsroom +32 2 287 6810, Fax +32 2 230 7710</p>
</text>
<copyright>(c) Reuters Limited 1997</copyright>
<metadata>
<codes class="bip:countries:1.0">
  <code code="BELG">
    <editdetail attribution="Reuters BIP Coding Group" action="confirmed" date="1997-05-28"/>
  </code>
</codes>
<codes class="bip:topics:1.0">
  <code code="GCAT">
    <editdetail attribution="Reuters BIP Coding Group" action="confirmed" date="1997-05-28"/>
  </code>
  <code code="GSPO">
    <editdetail attribution="Reuters BIP Coding Group" action="confirmed" date="1997-05-28"/>
  </code>
</codes>
<dc element="dc.date.created" value="1997-05-28"/>
<dc element="dc.publisher" value="Reuters Holdings Plc"/>
<dc element="dc.date.published" value="1997-05-28"/>
<dc element="dc.source" value="Reuters"/>
<dc element="dc.creator.location" value="BRUSSELS"/>
<dc element="dc.creator.location.country.name" value="BELGIUM"/>
<dc element="dc.source" value="Reuters"/>
</metadata>
</newsitem>
