<?xml version="1.0" encoding="iso-8859-1" ?>
<newsitem itemid="619393" id="root" date="1997-05-28" xml:lang="en">
<title>SOUTH AFRICA: S.AFRICAN CABINET APPROVES SHIP REGISTER BILL.</title>
<headline>S.AFRICAN CABINET APPROVES SHIP REGISTER BILL.</headline>
<dateline>CAPE TOWN 1997-05-28</dateline>
<text>
<p>President Nelson Mandela's cabinet on Wednesday approved a draft Shipping Registration Act clearing the way for the registration of ships leased or partly owned by South Africans.</p>
<p>The Transport Ministry said in a statement the bill would simplify the rules for registration of ships in South Africa, but would retain the requirement for a genuine link.</p>
<p>The draft, which will be considered by a parliamentary committee before it is put to a vote, allows for the registration of ships other than fishing vessels if a majority of the shares are held in South Africa or if it is leased to a South African company.</p>
<p>Fishing vessels will be registered in South Africa only if they are wholly owned by a South African company.</p>
<p>&quot;More ships on the South African register means more South Africans being trained for careers at sea (which) can only be of benefit to the nation as a whole,&quot; the ministry said.</p>
<p>The ministry said the government also was investigating existing obstacles to ship financing and the tax environment for shipowners.</p>
<p>Transport Minister Mac Maharaj told a shipping conference in Cape Town last month he favoured a revision of tax rules to help South African shipowners to compete internationally.</p>
<p>&quot;The successfull development of a South African ship register depends on creating a business environment conducive to domestic ship-owning and operating activities.</p>
<p>&quot;To this end and in conjunction with other role players, my department has appointed a consultant to research and make recommendations on the matter of taxation of ship owners,&quot; he said.  </p>
<p>-- Parliament newsroom +27 21 4032502</p>
</text>
<copyright>(c) Reuters Limited 1997</copyright>
<metadata>
<codes class="bip:countries:1.0">
  <code code="SAFR">
    <editdetail attribution="Reuters BIP Coding Group" action="confirmed" date="1997-05-28"/>
  </code>
</codes>
<codes class="bip:industries:1.0">
  <code code="I74000">
    <editdetail attribution="Reuters BIP Coding Group" action="confirmed" date="1997-05-28"/>
  </code>
</codes>
<codes class="bip:topics:1.0">
  <code code="C13">
    <editdetail attribution="Reuters BIP Coding Group" action="confirmed" date="1997-05-28"/>
  </code>
  <code code="CCAT">
    <editdetail attribution="Reuters BIP Coding Group" action="confirmed" date="1997-05-28"/>
  </code>
</codes>
<dc element="dc.date.created" value="1997-05-28"/>
<dc element="dc.publisher" value="Reuters Holdings Plc"/>
<dc element="dc.date.published" value="1997-05-28"/>
<dc element="dc.source" value="Reuters"/>
<dc element="dc.creator.location" value="CAPE TOWN"/>
<dc element="dc.creator.location.country.name" value="SOUTH AFRICA"/>
<dc element="dc.source" value="Reuters"/>
</metadata>
</newsitem>
