<?xml version="1.0" encoding="iso-8859-1" ?>
<newsitem itemid="619392" id="root" date="1997-05-28" xml:lang="en">
<title>SOUTH AFRICA: TWO LEAKS AT S.AFRICAN NUCLEAR POWER STATION.</title>
<headline>TWO LEAKS AT S.AFRICAN NUCLEAR POWER STATION.</headline>
<dateline>CAPE TOWN 1997-05-28</dateline>
<text>
<p>Accidental leaks at South African electricity generator Eskom's Koeberg power have twice this year exposed workers to radiation, the parliamentary minerals and energy committee heard on Wednesday.</p>
<p>University of Cape Town Science Advice Unit director Thomas Auf der Heyde told the committee that the incidents took place in early March and May.</p>
<p>&quot;In the first case the exposure was below the levels set by the Council for Nuclear Safety but higher than the in-house limits that Eskom set for itself,&quot; he said.</p>
<p>The CNS limit is 50 millisieverts (mSv) a year while that of Eskom is 20 mSv.</p>
<p>&quot;In the second case, the exposure that was suffered was approximately double the annual limit that the CNS sets,&quot; Auf der Heyde said.</p>
<p>The committee is planning a trip to Koeberg, in Western Cape province, on June 6 and Auf der Heyde had been asked to brief it on the nuclear industry.</p>
<p>In the first case, a worker went into an area which was off-limits. &quot;Whether he disregarded the fact that he was off-limits or whether signs were not properly placed, I do not know,&quot; Auf der Heyde said.</p>
<p>&quot;In the second case, which involved three workers, it seems that one of the pieces of equipment that the workers were using to monitor the radiation that they were exposed to was defective and therefore they were not aware of the fact that they were being exposed to higher levels than they ought to be.&quot;</p>
<p>The radiation associated with the equipment that they were servicing would ordinarily be very low.</p>
<p>A CNS report on the second incident said that steps had been taken to tighten up controls on testing equipment and make workers more aware of the need for safety procedures.</p>
<p>&quot;Although two of the three individuals involved in the incident have received radiation exposures in excess of the annual limit prescribed ny the CNS, it has been concluded that no licence conditions were violated,&quot; the report said.</p>
<p>&quot;Therefore no legal action against Eskom is recommended.&quot;</p>
<p>-- Parliamentary newsroom +27 21 403-2502</p>
</text>
<copyright>(c) Reuters Limited 1997</copyright>
<metadata>
<codes class="bip:countries:1.0">
  <code code="SAFR">
    <editdetail attribution="Reuters BIP Coding Group" action="confirmed" date="1997-05-28"/>
  </code>
</codes>
<codes class="bip:industries:1.0">
  <code code="I16100">
    <editdetail attribution="Reuters BIP Coding Group" action="confirmed" date="1997-05-28"/>
  </code>
  <code code="I1610109">
    <editdetail attribution="Reuters BIP Coding Group" action="confirmed" date="1997-05-28"/>
  </code>
</codes>
<codes class="bip:topics:1.0">
  <code code="C13">
    <editdetail attribution="Reuters BIP Coding Group" action="confirmed" date="1997-05-28"/>
  </code>
  <code code="C24">
    <editdetail attribution="Reuters BIP Coding Group" action="confirmed" date="1997-05-28"/>
  </code>
  <code code="CCAT">
    <editdetail attribution="Reuters BIP Coding Group" action="confirmed" date="1997-05-28"/>
  </code>
</codes>
<dc element="dc.date.created" value="1997-05-28"/>
<dc element="dc.publisher" value="Reuters Holdings Plc"/>
<dc element="dc.date.published" value="1997-05-28"/>
<dc element="dc.source" value="Reuters"/>
<dc element="dc.creator.location" value="CAPE TOWN"/>
<dc element="dc.creator.location.country.name" value="SOUTH AFRICA"/>
<dc element="dc.source" value="Reuters"/>
</metadata>
</newsitem>
