<?xml version="1.0" encoding="iso-8859-1" ?>
<newsitem itemid="619307" id="root" date="1997-05-28" xml:lang="en">
<title>UK: BADMINTON-HOYER-LARSEN STRUGGLES INTO SECOND ROUND.</title>
<headline>BADMINTON-HOYER-LARSEN STRUGGLES INTO SECOND ROUND.</headline>
<byline>Elspeth Burnside</byline>
<dateline>GLASGOW 1997-05-28</dateline>
<text>
<p>Olympic champion Poul-Erik Hoyer-Larsen produced some late-night drama before advancing to the last 16 of the world championships on Wednesday.</p>
<p>The Danish world number two who set the Olympic gold alongside the European championship and All-England titles in an outstanding 1996 has struggled to reproduce similar form this year.</p>
<p>He gave an unconvincing performance against  Malaysian Wong Choon Han before going through 18-16 15-11.</p>
<p>With all his matches having been scheduled in the late evening session, Hoyer-Larsen admitted his preparation had been far from ideal.</p>
<p>&quot;When you finish late, it is difficult to get something to eat and I also have difficulty sleeping,&quot; he said. &quot;When you are following other matches it is also difficult to time your build-up. You never know when you are going to be on court.&quot;</p>
<p>Hoyer-Larsen admitted he was irritated over always being billed as the night attraction. He was often on court after midnight at the All-England championships in March.</p>
<p>It was the unseeded Wong who set the pace in the opening game. He led 12-10 and 13-12 before an out-of-touch Hoyer-Larsen battled back to 13-13 and went on to take it 18-16.</p>
<p>Wong also led in the early stages of the second game before Hoyer-Larsen drew ahead at 4-3. The Malaysian was always on his heels from then on and it was a relieved second seed who went through to meet number 14 seed Luo Yigang of China.</p>
<p>Chinese top seed Dong Jiong also failed to hit top form but was never in danger of defeat by Russia's Pavel Uvarov. The All-England champion won 15-4 15-5.</p>
<p>In the women's event Ye Zhaoying, the Chinese top seed, took just 11 minutes to defeat Australia's Commonwealth Games champion Lisa Campbell 11-1 11-1 and the 1993 champion, Susi Susanti of Indonesia, was kept on court one minute longer in beating Taiwan's Chan Ya-Lin by the same score.</p>
</text>
<copyright>(c) Reuters Limited 1997</copyright>
<metadata>
<codes class="bip:countries:1.0">
  <code code="DEN">
    <editdetail attribution="Reuters BIP Coding Group" action="confirmed" date="1997-05-28"/>
  </code>
  <code code="UK">
    <editdetail attribution="Reuters BIP Coding Group" action="confirmed" date="1997-05-28"/>
  </code>
</codes>
<codes class="bip:topics:1.0">
  <code code="GCAT">
    <editdetail attribution="Reuters BIP Coding Group" action="confirmed" date="1997-05-28"/>
  </code>
  <code code="GSPO">
    <editdetail attribution="Reuters BIP Coding Group" action="confirmed" date="1997-05-28"/>
  </code>
</codes>
<dc element="dc.date.created" value="1997-05-28"/>
<dc element="dc.publisher" value="Reuters Holdings Plc"/>
<dc element="dc.date.published" value="1997-05-28"/>
<dc element="dc.source" value="Reuters"/>
<dc element="dc.creator.location" value="GLASGOW"/>
<dc element="dc.creator.location.country.name" value="UK"/>
<dc element="dc.source" value="Reuters"/>
</metadata>
</newsitem>
