<?xml version="1.0" encoding="iso-8859-1" ?>
<newsitem itemid="619358" id="root" date="1997-05-28" xml:lang="en">
<title>GERMANY: SOCCER-RIEDLE STRIKES TWICE TO GIVE DORTMUND HALFTIME LEAD.</title>
<headline>SOCCER-RIEDLE STRIKES TWICE TO GIVE DORTMUND HALFTIME LEAD.</headline>
<dateline>MUNICH, Germany 1997-05-28</dateline>
<text>
<p>Two goals within five minutes by Karlheinz Riedle gave Borussia Dortmund a surprise 2-0 lead over Juventus after the Italians had dominated most of the first half of the European Cup final on Wednesday.</p>
<p>In the 29th minute the German international controlled a cross from Scot Paul Lambert with his chest on the left-hand side of the box and fired the ball crispy into the back of the net with his left foot.</p>
<p>Riedle then rose at a corner to head the ball home for his second.</p>
<p>The goals were completely against the run of play, Juventus looking a class above their German opponents for much of the half. Dortmund had not had a shot on goal until Riedle took his first opportunity.</p>
<p>Juventus went desperately close to scoring three minutes before the interval when Zinedine Zidane hit the post.</p>
<p>A minute later Juventus got the ball into the net but Christian Vieri was judged to have handled the ball before he fired home.</p>
</text>
<copyright>(c) Reuters Limited 1997</copyright>
<metadata>
<codes class="bip:countries:1.0">
  <code code="GFR">
    <editdetail attribution="Reuters BIP Coding Group" action="confirmed" date="1997-05-28"/>
  </code>
  <code code="ITALY">
    <editdetail attribution="Reuters BIP Coding Group" action="confirmed" date="1997-05-28"/>
  </code>
  <code code="UK">
    <editdetail attribution="Reuters BIP Coding Group" action="confirmed" date="1997-05-28"/>
  </code>
</codes>
<codes class="bip:topics:1.0">
  <code code="GCAT">
    <editdetail attribution="Reuters BIP Coding Group" action="confirmed" date="1997-05-28"/>
  </code>
  <code code="GSPO">
    <editdetail attribution="Reuters BIP Coding Group" action="confirmed" date="1997-05-28"/>
  </code>
</codes>
<dc element="dc.date.created" value="1997-05-28"/>
<dc element="dc.publisher" value="Reuters Holdings Plc"/>
<dc element="dc.date.published" value="1997-05-28"/>
<dc element="dc.source" value="Reuters"/>
<dc element="dc.creator.location" value="MUNICH, Germany"/>
<dc element="dc.creator.location.country.name" value="GERMANY"/>
<dc element="dc.source" value="Reuters"/>
</metadata>
</newsitem>
