<?xml version="1.0" encoding="iso-8859-1" ?>
<newsitem itemid="619326" id="root" date="1997-05-28" xml:lang="en">
<title>AZERBAIJAN: SOCCER-KAPAZ GANCA BEAT HAZRI BUSOVNA IN AZERI CUP FINAL.</title>
<headline>SOCCER-KAPAZ GANCA BEAT HAZRI BUSOVNA IN AZERI CUP FINAL.</headline>
<dateline>BAKU 1997-05-28</dateline>
<text>
<p>Kapaz Ganca beat Hazri Busovna 1-0 (halftime 1-0) in the final of the Azeri Cup on Wednesday:</p>
<p>Scorer: Mamed Mardanov 44</p>
</text>
<copyright>(c) Reuters Limited 1997</copyright>
<metadata>
<codes class="bip:countries:1.0">
  <code code="AZERB">
    <editdetail attribution="Reuters BIP Coding Group" action="confirmed" date="1997-05-28"/>
  </code>
</codes>
<codes class="bip:topics:1.0">
  <code code="GCAT">
    <editdetail attribution="Reuters BIP Coding Group" action="confirmed" date="1997-05-28"/>
  </code>
  <code code="GSPO">
    <editdetail attribution="Reuters BIP Coding Group" action="confirmed" date="1997-05-28"/>
  </code>
</codes>
<dc element="dc.date.created" value="1997-05-28"/>
<dc element="dc.publisher" value="Reuters Holdings Plc"/>
<dc element="dc.date.published" value="1997-05-28"/>
<dc element="dc.source" value="Reuters"/>
<dc element="dc.creator.location" value="BAKU"/>
<dc element="dc.creator.location.country.name" value="AZERBAIJAN"/>
<dc element="dc.source" value="Reuters"/>
</metadata>
</newsitem>
