<?xml version="1.0" encoding="iso-8859-1" ?>
<newsitem itemid="619304" id="root" date="1997-05-28" xml:lang="en">
<title>Australia: CRICKET-CHAPPELL CALLS FOR TAYLOR'S SCALP.</title>
<headline>CRICKET-CHAPPELL CALLS FOR TAYLOR'S SCALP.</headline>
<dateline>SYDNEY 1997-05-28</dateline>
<text>
<p>Out-of-form opener Mark Taylor has run out of time to save himself as Australia captain and should be sacked before next week's first Ashes test against England, former skipper Ian Chappell said on Wednesday.</p>
<p>Chappell called for Taylor's axing after the left-handed opener's latest batting failure on tour, a fourth-ball duck in the penultimate match before the first test begins at Edgbaston on June 5.</p>
<p>&quot;I have not seen anything in Mark Taylor's batting to say he's coming out of the slump,&quot; Chappell was quoted as saying in Sydney's Daily Telegraph newspaper.</p>
<p>&quot;(Australia) have got to get two openers in form and I don't think they have got time to mess around with him any more.</p>
<p>&quot;You have really got to ask yourself now: is it a prolonged slump or is he gone?&quot; said Chappell, who is working as a television commentator during the tour.</p>
<p>Chappell's comments came after an anti-Taylor barrage in Australian newspapers on Wednesday.</p>
<p>&quot;Dead Duck&quot; said a Daily Telegraph headline after Taylor's dismissal for nought on Tuesday in the first innings of a three-day match against Gloucestershire.</p>
<p>&quot;Given the Australians' collective poor form so far, there is a strong argument they cannot afford to carry anyone into the test who is so painfully unable to make a decent contribution, regardless of his status as captain,&quot; the paper said.</p>
<p>The Sydney Morning Herald agreed that Taylor, who has not scored a test 50 since late 1995 and scored only 18 in the firt two one-day matches against England, should go.</p>
<p>&quot;On top of all that has preceded it (Taylor's latest failure), it is hard to argue that his place is sustainable any longer,&quot; the newspaper wrote.</p>
<p>Taylor's immediate future rests with a three-man tour selection panel comprising coach Geoff Marsh, himself as captain and vice-captain Steve Waugh.</p>
</text>
<copyright>(c) Reuters Limited 1997</copyright>
<metadata>
<codes class="bip:countries:1.0">
  <code code="AUSTR">
    <editdetail attribution="Reuters BIP Coding Group" action="confirmed" date="1997-05-28"/>
  </code>
  <code code="UK">
    <editdetail attribution="Reuters BIP Coding Group" action="confirmed" date="1997-05-28"/>
  </code>
</codes>
<codes class="bip:topics:1.0">
  <code code="GCAT">
    <editdetail attribution="Reuters BIP Coding Group" action="confirmed" date="1997-05-28"/>
  </code>
  <code code="GSPO">
    <editdetail attribution="Reuters BIP Coding Group" action="confirmed" date="1997-05-28"/>
  </code>
</codes>
<dc element="dc.date.created" value="1997-05-28"/>
<dc element="dc.publisher" value="Reuters Holdings Plc"/>
<dc element="dc.date.published" value="1997-05-28"/>
<dc element="dc.source" value="Reuters"/>
<dc element="dc.creator.location" value="SYDNEY"/>
<dc element="dc.creator.location.country.name" value="AUSTRALIA"/>
<dc element="dc.source" value="Reuters"/>
</metadata>
</newsitem>
