<?xml version="1.0" encoding="iso-8859-1" ?>
<newsitem itemid="619366" id="root" date="1997-05-28" xml:lang="en">
<title>FRANCE: TENNIS SPOTLIGHT-ANALYSIS OF SAMPRAS V CLAVET.</title>
<headline>TENNIS SPOTLIGHT-ANALYSIS OF SAMPRAS V CLAVET.</headline>
<dateline>PARIS 1997-05-28</dateline>
<text>
<p>Analysis of Wednesday's French Open men's singles second round match between top seed Pete Sampras of the U.S. and Spain's Francisco Clavet, won 6-1 6-2 6-2 by Sampras.</p>
<p>First set: SAMPRAS 6-1 (20 minutes)</p>
<p>A superb winning backhand allowed Sampras to break Clavet in the second game and lead 2-0. The world number one broke his opponent again in the fourth game with the Spaniard hitting a forehand too long on break point. Sampras remained on top and waited for Clavet to hit a return into the net on set point.</p>
<p>Second set: SAMPRAS 6-2 (38 minutes)</p>
<p>Both players held serve in the first four games, but in the fifth Sampras earned five break points and finally converted when Clavet missed an easy backhand to build a 3-2 lead.</p>
<p>Sampras went on to break the helpless Spaniard again and lead 5-2. Clavet then managed to save a set point with a little help from the net cord but Sampras earned another one on which Clavet hit a backhand long.</p>
<p>Third set: SAMPRAS 6-2 (29 minutes)</p>
<p>Clavet saved two break points in the opening game, but in the third he lost his serve through an unforced error to allow Sampras to go 2-1 up.</p>
<p>A blistering return gave Sampras another break for a 4-1 lead. Both players held serve in the next two games and Sampras served for the match, opening up a 40-0 lead. He sealed it with a forehand winner on his first match point.</p>
</text>
<copyright>(c) Reuters Limited 1997</copyright>
<metadata>
<codes class="bip:countries:1.0">
  <code code="FRA">
    <editdetail attribution="Reuters BIP Coding Group" action="confirmed" date="1997-05-28"/>
  </code>
  <code code="SPAIN">
    <editdetail attribution="Reuters BIP Coding Group" action="confirmed" date="1997-05-28"/>
  </code>
  <code code="USA">
    <editdetail attribution="Reuters BIP Coding Group" action="confirmed" date="1997-05-28"/>
  </code>
</codes>
<codes class="bip:topics:1.0">
  <code code="GCAT">
    <editdetail attribution="Reuters BIP Coding Group" action="confirmed" date="1997-05-28"/>
  </code>
  <code code="GSPO">
    <editdetail attribution="Reuters BIP Coding Group" action="confirmed" date="1997-05-28"/>
  </code>
</codes>
<dc element="dc.date.created" value="1997-05-28"/>
<dc element="dc.publisher" value="Reuters Holdings Plc"/>
<dc element="dc.date.published" value="1997-05-28"/>
<dc element="dc.source" value="Reuters"/>
<dc element="dc.creator.location" value="PARIS"/>
<dc element="dc.creator.location.country.name" value="FRANCE"/>
<dc element="dc.source" value="Reuters"/>
</metadata>
</newsitem>
