<?xml version="1.0" encoding="iso-8859-1" ?>
<newsitem itemid="619314" id="root" date="1997-05-28" xml:lang="en">
<title>UK: BADMINTON-DONG JIONG TESTED AT WORLD CHAMPIONSHIPS.</title>
<headline>BADMINTON-DONG JIONG TESTED AT WORLD CHAMPIONSHIPS.</headline>
<dateline>GLASGOW 1997-05-28</dateline>
<text>
<p>Dong Jiong, the number one seed from China, had a surprisingly tough struggle before securing a place in the last 16 of the world badminton championships on Wednesday.</p>
<p>The All-England champion was held at 11-11 in the first game by Russia's Pavel Uvarov before going on to take the opener 15-11.</p>
<p>In the second, with 30-year-old Uvarov displaying terrific defence, Dong trailed 2-4 before surging ahead to take command at 8-4 and going on to win 15-11 15-5.</p>
<p>Defending champion, Heryanto Arbi, from Indonesia, cruised through 15-4 15-11 against Canadian Mike Beres.</p>
<p>Women's titleholder and top seed, China's Ye Zhaoying, took just 11 minutes to defeat Australia's Commonwealth Games champion, Lisa Campbell 11-1 11-1.</p>
<p>All the seeds survived early second round action, with only Indonesia's Cindana being pushed to a deciding game by Russian-born Swede, Marina Andrievskaya.</p>
<p>Andrievskaya, with her left thigh heavily strapped, saved three match points against the number 16 seed before taking the second game 12-11.</p>
<p>But she could not maintain the pressure in the third and Cindana claimed a last 16 meeting with Ye, winning 11-7 11-12 11-3.</p>
</text>
<copyright>(c) Reuters Limited 1997</copyright>
<metadata>
<codes class="bip:countries:1.0">
  <code code="CHINA">
    <editdetail attribution="Reuters BIP Coding Group" action="confirmed" date="1997-05-28"/>
  </code>
  <code code="DEN">
    <editdetail attribution="Reuters BIP Coding Group" action="confirmed" date="1997-05-28"/>
  </code>
  <code code="INDON">
    <editdetail attribution="Reuters BIP Coding Group" action="confirmed" date="1997-05-28"/>
  </code>
  <code code="RUSS">
    <editdetail attribution="Reuters BIP Coding Group" action="confirmed" date="1997-05-28"/>
  </code>
  <code code="UK">
    <editdetail attribution="Reuters BIP Coding Group" action="confirmed" date="1997-05-28"/>
  </code>
</codes>
<codes class="bip:topics:1.0">
  <code code="GCAT">
    <editdetail attribution="Reuters BIP Coding Group" action="confirmed" date="1997-05-28"/>
  </code>
  <code code="GSPO">
    <editdetail attribution="Reuters BIP Coding Group" action="confirmed" date="1997-05-28"/>
  </code>
</codes>
<dc element="dc.date.created" value="1997-05-28"/>
<dc element="dc.publisher" value="Reuters Holdings Plc"/>
<dc element="dc.date.published" value="1997-05-28"/>
<dc element="dc.source" value="Reuters"/>
<dc element="dc.creator.location" value="GLASGOW"/>
<dc element="dc.creator.location.country.name" value="UK"/>
<dc element="dc.source" value="Reuters"/>
</metadata>
</newsitem>
