<?xml version="1.0" encoding="iso-8859-1" ?>
<newsitem itemid="619385" id="root" date="1997-05-28" xml:lang="en">
<title>ITALY: SOCCER-CUP FINAL REPRESENTS LAST CHANCE FOR VICENZA AND NAPOLI.</title>
<headline>SOCCER-CUP FINAL REPRESENTS LAST CHANCE FOR VICENZA AND NAPOLI.</headline>
<byline>Paddy Agnew</byline>
<dateline>ROME 1997-05-28</dateline>
<text>
<p>One thousand police will be on hand at the second leg of the Italian Cup final between Vicenza and Napoli on Thursday.</p>
<p>Police are concerned that many Napoli fans may travel north to the match without tickets. Vicenza's Menti stadium holds little more than 20,000 people and tickets have been sold out since last weekend.</p>
<p>Both sides come into the game aware that it offers a last chance not to finish the season empty-handed.</p>
<p>Napoli have a one-goal advantage from the first leg in Naples three weeks ago. A cup victory could represent an extra $2.5 million of revenue next season by way of participation in the Cup Winners' Cup.</p>
<p>Victory would give the southern side their first trophy since the halcyon days of the late 1980s and early 1990s when Argentine Diego Maradona led to them to two league titles as well as to a 1989 UEFA Cup and 1987 Italian Cup win.</p>
<p>Despite a good start to the season, Napoli narrowly avoided relegation from serie A this year and parted company with coach Luigi Simoni on acrimonious terms on the eve of the first leg of this final.</p>
<p>&quot;Given the way our season went it's a major achievement to have got to this final and I'm not off my head when I say that this cup could be more important than the two league titles won by Napoli&quot;, said goalkeeper Pino Taglialatela.</p>
<p>Vicenza have guaranteed their first division survival but missed out on a possible UEFA Cup qualification.</p>
<p>The club are currently in the hands of an official receiver following an investigation which led to the arrest last month of club president Gianni Sacchetto on fraud charges.</p>
<p>Despite that, captain Giovanni Lopez, who missed the first leg of the final through suspension, believes his side have every chance of winning the cup.</p>
<p>&quot;The only thing that worries me about Napoli is their one-goal lead, as for the rest we can handle it,&quot; he said.</p>
<p>Vicenza will be without defenders Davide Belotti and Uruguyan Gustavo Mendez, both suspended, while Uruguyan striker Marcelo Otero is injured.</p>
<p>Napoli are without two suspended players in defender Francesco Colonesse and Brazilian midfielder Andre Cruz, while striker Alfredo Aglietti is doubtful because of injury.</p>
<p>Teams (probable):</p>
<p>Vicenza - Pierluigi Brivio; Fabio Viviani, Luigi Sartor, Giovanni Lopez, Massimo Beghetto; Alessandro Ianuzzi, Domenico Di Carlo, Giampiero Maini, Gabriele Ambrosetti; Roberto Murgita, Giovanni Cornacchini.</p>
<p>Napoli - Pino Taglialatela; Roberto Ayala; Bertrand Crasson, Francesco Baldini, Mauro Milanese; Roberto Bordin, Raffaele Longo, Alain Boghossian, Fabio Pecchia; Massimiliano Esposito, Nicola Caccia.</p>
</text>
<copyright>(c) Reuters Limited 1997</copyright>
<metadata>
<codes class="bip:countries:1.0">
  <code code="ITALY">
    <editdetail attribution="Reuters BIP Coding Group" action="confirmed" date="1997-05-28"/>
  </code>
</codes>
<codes class="bip:topics:1.0">
  <code code="GCAT">
    <editdetail attribution="Reuters BIP Coding Group" action="confirmed" date="1997-05-28"/>
  </code>
  <code code="GSPO">
    <editdetail attribution="Reuters BIP Coding Group" action="confirmed" date="1997-05-28"/>
  </code>
</codes>
<dc element="dc.date.created" value="1997-05-28"/>
<dc element="dc.publisher" value="Reuters Holdings Plc"/>
<dc element="dc.date.published" value="1997-05-28"/>
<dc element="dc.source" value="Reuters"/>
<dc element="dc.creator.location" value="ROME"/>
<dc element="dc.creator.location.country.name" value="ITALY"/>
<dc element="dc.source" value="Reuters"/>
</metadata>
</newsitem>
