<?xml version="1.0" encoding="iso-8859-1" ?>
<newsitem itemid="619336" id="root" date="1997-05-28" xml:lang="en">
<title>AUSTRALIA: RUGBY LEAGUE-STATE OF ORIGIN RESULT.</title>
<headline>RUGBY LEAGUE-STATE OF ORIGIN RESULT.</headline>
<dateline>BRISBANE 1997-05-28</dateline>
<text>
<p>Result in the first game of the three-match Australian Rugby League State of Origin series at Suncorp Stadium on Wednesday:</p>
<p> Queensland	    6  New South Wales	  8</p>
<p>Attendance 28,222.</p>
</text>
<copyright>(c) Reuters Limited 1997</copyright>
<metadata>
<codes class="bip:countries:1.0">
  <code code="AUSTR">
    <editdetail attribution="Reuters BIP Coding Group" action="confirmed" date="1997-05-28"/>
  </code>
</codes>
<codes class="bip:topics:1.0">
  <code code="GCAT">
    <editdetail attribution="Reuters BIP Coding Group" action="confirmed" date="1997-05-28"/>
  </code>
  <code code="GSPO">
    <editdetail attribution="Reuters BIP Coding Group" action="confirmed" date="1997-05-28"/>
  </code>
</codes>
<dc element="dc.date.created" value="1997-05-28"/>
<dc element="dc.publisher" value="Reuters Holdings Plc"/>
<dc element="dc.date.published" value="1997-05-28"/>
<dc element="dc.source" value="Reuters"/>
<dc element="dc.creator.location" value="BRISBANE"/>
<dc element="dc.creator.location.country.name" value="AUSTRALIA"/>
<dc element="dc.source" value="Reuters"/>
</metadata>
</newsitem>
