<?xml version="1.0" encoding="iso-8859-1" ?>
<newsitem itemid="619359" id="root" date="1997-05-28" xml:lang="en">
<title>FRANCE: TENNIS-FRENCH OPEN DOUBLES RESULTS.</title>
<headline>TENNIS-FRENCH OPEN DOUBLES RESULTS.</headline>
<dateline>PARIS 1997-05-28</dateline>
<text>
<p>Doubles results on the third day of the French Open tennis tournament on Wednesday.</p>
<p>Prefix number denotes seeding</p>
<p>Men's doubles first round:</p>
<p>4-Yevgeny Kafelnikov (Russia)/Daniel Vacek (Czech Republic) beat Rikard Bergh/David Ekerot (Sweden) 6-1 5-7 6-3</p>
<p>1-Todd Woodbridge/Mark Woodforde (Australia) beat Jean-Francois Bachelot/Jean-Baptiste Perlant (France) 6-2 6-1</p>
<p>Tomas Carbonell/Francisco Roig (Spain) beat Emilio Sanchez (Spain)/Fernon Wibier (Netherlands) 6-3 6-4</p>
<p>Petr Korda (Czech Republic)/Jeff Salzenstein (U.S.) beat 15-Libor Pimek (Belgium)/Byron Talbot (South Africa) 7-5 6-0</p>
<p>8-Luis Lobo (Argentina)/Javier Sanchez (Spain) beat Marcos Ondruska /Grant Stafford (South Africa) 6-3 4-6 6-3</p>
<p>Jean-Philippe Fleurian/Stephane Simian (France) beat Rodolphe Gilbert/Guillaume Raoux (France) 5-7 6-4 6-1</p>
<p>11-Martin Damm (Czech Republic)/Andrei Olhovskiy (Russia) beat Sasa Hirszon/Goran Ivanisevic (Croatia) 6-4 4-6 6-1</p>
<p>3-Mark Knowles (Bahamas)/Daniel Nestor (Canada) beat Marius Barnard /John-Laffnie De Jager (South Africa) 6-3 7-6 (8-6)</p>
<p>Cristian Brandi/Filippo Messori (Italy) beat Kelly Jones/Scott Melville (U.S.) 6-4 7-5</p>
<p> Emanuel Couto/Bernardo Mota (Portugal) beat	12-Sandon</p>
<p>Stolle (Australia)/Cyril Suk (Czech Republic) 6-2 6-7 (10-12) 6-2</p>
<p>Luke Jensen/Murphy Jensen (U.S.) beat Mark Keil /Chris Woodruff (U.S.) 6-3 6-4</p>
<p>Wayne Arthurs/Andrew Kratzmann (Australia) beat Max Mirnyi (Belarus)/Kevin Ullyett (South Africa) 6-3 7-6 (7-0)</p>
<p>Scott Davis (U.S.)/Christo Van Rensburg (South Africa) beat Brent Haygarth (South Africa)/T.J. Middleton (U.S.) 6-1 7-6 (7-5)</p>
<p>2-Jacco Eltingh/Paul Haarhuis (Netherlands) beat David Adams/Wayne Ferreira (South Africa) 6-4 4-6 6-1</p>
<p>13-Neil Broad (Britain)/Piet Norval (South Africa) beat Byron Black (Zimbabwe)/Justin Gimelstob (U.S.) 6-3 6-2</p>
<p>16-Trevor Kronemann (U.S.)/David Macpherson (Australia) beat Javier Frana (Argentina)/Nicolas Lapentti (Ecuador) 4-6 7-6 (14-12) 6-3</p>
<p>Tom Nijssen/Stephen Noteboom (Netherlands) beat Arnaud Boetsch (France)/Marc Rosset (Switzerland) 6-4 6-2</p>
<p>Women's doubles first round:</p>
<p>Rika Hiraki (Japan)/Florencia Labat (Argentina) beat Nathalie Dechy/Lea Ghirardi-Rubbi (France) 6-4 6-4</p>
<p>15-Anna Kournikova/Elena Likhovtseva (Russia) beat Eva Martincova/Helena Vildova (Czech Republic) 4-6 6-1 6-4</p>
<p>Emmanuelle Curutchet/Sophie Georges (France) beat Debbie Graham (U.S.)/Kristine Kunce (Australia) 3-6 7-6 (7-5) 6-1</p>
<p>Virag Csurgo (Hungary)/Liezel Horn (South Africa) beat Segolene Berger/Karolina Jagieniak (France) 6-2 6-3</p>
<p>Mercedes Paz (Argentina)/Rene Simpson (Canada) beat Petra Langrova/Lenka Nemeckova (Czech Republic) 6-3 6-2</p>
<p>Nancy Feber (Belgium)/Patricia Hy-Boulais (Canada) beat Caroline Dhenin/Sarah Pitkowski (France) 6-4 6-2</p>
<p>13-Amy Frazier/Kimberly Po (U.S.) beat Danielle Jones (Australia)/Tamarine Tanasugarn (Thailand) 3-6 6-4 6-4</p>
<p>Erika De Lone (U.S.)/Radka Zrubakova (Slovakia) beat Maja Muric (Croatia)/Tami Whitlinger-Jones (U.S.) 6-2 4-6 6-3</p>
<p>Els Callens (Belgium)/Ginger Helgeson-Nielsen (U.S.) beat Laura Montalvo/Paola Suarez (Argentina) 7-5 1-6 6-2</p>
<p>5-Mary Joe Fernandez/Lisa Raymond (U.S.) beat Corina Morariu (U.S.)/Anne-Gaelle Sidot (France) 6-1 6-3</p>
<p>Amanda Coetzer (South Africa)/Mary Pierce (France) beat Sonya Jeyaseelan (Canada)/Janet Lee (U.S.) 6-4 6-4</p>
<p>Chanda Rubin (U.S.)/Brenda Schultz-McCarthy (Netherlands) beat 12-Sabine Appelmans (Belgium)/Miriam Oremans (Netherlands) 2-6 7-5 6-3</p>
<p>3-Martina Hingis (Switzerland)/Arantxa Sanchez-Vicario (Spain) beat Rita Grande (Italy)/Kerry-Anne Guse (Australia) 6-3 7-6 (7-2)</p>
<p>Wiltrud Probst (Germany)/Ai Sugiyama (Japan) beat Annabel Ellwood/Rachel Mcquillan (Australia) 6-3 6-1 (Ends doubles results)</p>
</text>
<copyright>(c) Reuters Limited 1997</copyright>
<metadata>
<codes class="bip:countries:1.0">
  <code code="AUSTR">
    <editdetail attribution="Reuters BIP Coding Group" action="confirmed" date="1997-05-28"/>
  </code>
  <code code="CZREP">
    <editdetail attribution="Reuters BIP Coding Group" action="confirmed" date="1997-05-28"/>
  </code>
  <code code="FRA">
    <editdetail attribution="Reuters BIP Coding Group" action="confirmed" date="1997-05-28"/>
  </code>
  <code code="GFR">
    <editdetail attribution="Reuters BIP Coding Group" action="confirmed" date="1997-05-28"/>
  </code>
  <code code="RUSS">
    <editdetail attribution="Reuters BIP Coding Group" action="confirmed" date="1997-05-28"/>
  </code>
  <code code="SPAIN">
    <editdetail attribution="Reuters BIP Coding Group" action="confirmed" date="1997-05-28"/>
  </code>
</codes>
<codes class="bip:topics:1.0">
  <code code="GCAT">
    <editdetail attribution="Reuters BIP Coding Group" action="confirmed" date="1997-05-28"/>
  </code>
  <code code="GSPO">
    <editdetail attribution="Reuters BIP Coding Group" action="confirmed" date="1997-05-28"/>
  </code>
</codes>
<dc element="dc.date.created" value="1997-05-28"/>
<dc element="dc.publisher" value="Reuters Holdings Plc"/>
<dc element="dc.date.published" value="1997-05-28"/>
<dc element="dc.source" value="Reuters"/>
<dc element="dc.creator.location" value="PARIS"/>
<dc element="dc.creator.location.country.name" value="FRANCE"/>
<dc element="dc.source" value="Reuters"/>
</metadata>
</newsitem>
