<?xml version="1.0" encoding="iso-8859-1" ?>
<newsitem itemid="619345" id="root" date="1997-05-28" xml:lang="en">
<title>USA: BASEBALL-TUESDAY'S MAJOR LEAGUE RESULTS.</title>
<headline>BASEBALL-TUESDAY'S MAJOR LEAGUE RESULTS.</headline>
<dateline>NEW YORK 1997-05-28</dateline>
<text>
<p>Results of Major League</p>
<p>Baseball games on Tuesday (home team in CAPS):</p>
<p>		 American League</p>
<p> BOSTON		7    Milwaukee	  6</p>
<p> DETROIT	     6    Anaheim	    2</p>
<p> Baltimore	  10    NEW YORK	   6</p>
<p> Oakland	     8    KANSAS CITY	6 (10 innings)</p>
<p> CHICAGO	     8    Cleveland	  2</p>
<p> Texas		15    TORONTO	    5</p>
<p> MINNESOTA	  11    Seattle	   10</p>
<p>		 National League</p>
<p> St Louis	    8    COLORADO	   6</p>
<p> SAN FRANCISCO     5    Houston	    4 (10 innings)</p>
<p> Chicago	     8    PITTSBURGH	 7</p>
<p> Philadelphia	2    CINCINNATI	 1</p>
<p> MONTREAL	    5    New York	   4</p>
<p> Atlanta	     9    SAN DIEGO	  2</p>
<p> Florida	     8    LOS ANGELES	5</p>
</text>
<copyright>(c) Reuters Limited 1997</copyright>
<metadata>
<codes class="bip:countries:1.0">
  <code code="CANA">
    <editdetail attribution="Reuters BIP Coding Group" action="confirmed" date="1997-05-28"/>
  </code>
  <code code="USA">
    <editdetail attribution="Reuters BIP Coding Group" action="confirmed" date="1997-05-28"/>
  </code>
</codes>
<codes class="bip:topics:1.0">
  <code code="GCAT">
    <editdetail attribution="Reuters BIP Coding Group" action="confirmed" date="1997-05-28"/>
  </code>
  <code code="GSPO">
    <editdetail attribution="Reuters BIP Coding Group" action="confirmed" date="1997-05-28"/>
  </code>
</codes>
<dc element="dc.date.created" value="1997-05-28"/>
<dc element="dc.publisher" value="Reuters Holdings Plc"/>
<dc element="dc.date.published" value="1997-05-28"/>
<dc element="dc.source" value="Reuters"/>
<dc element="dc.creator.location" value="NEW YORK"/>
<dc element="dc.creator.location.country.name" value="USA"/>
<dc element="dc.source" value="Reuters"/>
</metadata>
</newsitem>
