<?xml version="1.0" encoding="iso-8859-1" ?>
<newsitem itemid="619331" id="root" date="1997-05-28" xml:lang="en">
<title>RUSSIA: ATHLETICS-BUBKA PULLS OUT OF TORONTO MEETING.</title>
<headline>ATHLETICS-BUBKA PULLS OUT OF TORONTO MEETING.</headline>
<dateline>MOSCOW 1997-05-28</dateline>
<text>
<p>Injury has forced world pole vault record holder Sergei Bubka to pull out of Sunday's athletics meeting in Toronto at which Michael Johnson and Donovan Bailey clash over 150 metres.</p>
<p>The Russian daily Sport-Express reported that Bubka had a nagging Achilles tendon injury, the same problem which prevented him from competing at the Atlanta Olympics.</p>
</text>
<copyright>(c) Reuters Limited 1997</copyright>
<metadata>
<codes class="bip:countries:1.0">
  <code code="CANA">
    <editdetail attribution="Reuters BIP Coding Group" action="confirmed" date="1997-05-28"/>
  </code>
  <code code="RUSS">
    <editdetail attribution="Reuters BIP Coding Group" action="confirmed" date="1997-05-28"/>
  </code>
  <code code="UKRN">
    <editdetail attribution="Reuters BIP Coding Group" action="confirmed" date="1997-05-28"/>
  </code>
  <code code="USA">
    <editdetail attribution="Reuters BIP Coding Group" action="confirmed" date="1997-05-28"/>
  </code>
</codes>
<codes class="bip:topics:1.0">
  <code code="GCAT">
    <editdetail attribution="Reuters BIP Coding Group" action="confirmed" date="1997-05-28"/>
  </code>
  <code code="GSPO">
    <editdetail attribution="Reuters BIP Coding Group" action="confirmed" date="1997-05-28"/>
  </code>
</codes>
<dc element="dc.date.created" value="1997-05-28"/>
<dc element="dc.publisher" value="Reuters Holdings Plc"/>
<dc element="dc.date.published" value="1997-05-28"/>
<dc element="dc.source" value="Reuters"/>
<dc element="dc.creator.location" value="MOSCOW"/>
<dc element="dc.creator.location.country.name" value="RUSSIA"/>
<dc element="dc.source" value="Reuters"/>
</metadata>
</newsitem>
