<?xml version="1.0" encoding="iso-8859-1" ?>
<newsitem itemid="619395" id="root" date="1997-05-28" xml:lang="en">
<title>SOUTH AFRICA: BLACK JCI CAN'T BUCK TREND ON JOB CUTS.</title>
<headline>BLACK JCI CAN'T BUCK TREND ON JOB CUTS.</headline>
<byline>Melanie Cheary</byline>
<dateline>JOHANNESBURG 1997-05-28</dateline>
<text>
<p>JCI Ltd's new management might be black and symbolise economic empowerment but its decision on Wednesday to retrench a third of struggling Randfontein Gold Mining Co's workforce was business as usual.</p>
<p>Analysts said that the South African mining house's first black chairman Mzi Khumalo had no choice but to reduce Randfontein's workforce if he wanted to save the gold mine.</p>
<p>Randfontein's slide into a 2.8 million rand loss for the three months to March, from a 43.8 million rand profit in the previous quarter, was due to falling production, compounded by the current sickly bullion price.</p>
<p>&quot;Absolutely (it was a sound business decision). He's got to get that mine back on track. This should pull it right but it's not a very happy situation,&quot; said Leon Esterhuizen, analyst at South Africa's SocGen Frankel Pollak.</p>
<p>JCI announced earlier on Wednesday that it planned to shed between 3,400 and 4,100 Randfontein jobs and cut tonnage throughput as part of a far-reaching restructuring programme.</p>
<p>Retrenchments would take place on May 31.</p>
<p>The black National Union of Mineworkers (NUM), while shocked and disappointed, did not lambast Khumalo personally, laying the blame squarely on the shoulders of the mining house.</p>
<p>&quot;We are not dealing with an individual here. We are dealing with a company. He (Khumalo) is doing his job,&quot; said NUM national spokesman George Molebatsi.</p>
<p>&quot;The mining company has its own policy of dealing with the union and it cannot change overnight. An individual cannot determine the policy of an entire company,&quot; he said.</p>
<p>But NUM Randfontein mine spokesman, Thabani Mngomezulu, was not as forgiving.</p>
<p>&quot;Capital does not know the colour of the skin. Mzi Khumalo has to do what he has to do but the workers have lost faith in him,&quot; he said earlier in the week when rumours of the big job cuts first surfaced.</p>
<p>Khumalo -- South Africa's first black &quot;randlord&quot; -- took the reins of one of the world's biggest gold miners after black empowerment consortium African Mining Group, led by him, bought 34.9 percent of JCI last year.</p>
<p>Analysts say Khumalo, having successfully broken into one of South Africa's white bastions, has unfortunately inherited a business suffering severely from production problems.</p>
<p>&quot;You're looking at a business that's dying and if it does no-one has a job,&quot; said Esterhuizen.</p>
<p>South African gold mines announced disappointing March quarter results, mostly due to the gold price fall. But the poor performance is part of an enduring  trend.</p>
<p>National output fell to 494.6 tonnes last year -- the lowest since the 1950s, while working costs have soared to an average 43,367 rand per kg of gold mined from 505 rand/kg in 1950.</p>
<p>&quot;Randfontein is very much a sign of the times. The threat of job cuts has been there for some time. It's the nature of mining that when the gold price falls, pay (profitably mined) areas are reduced,&quot; said Dave Giese, analyst at Smith Borkhum Hare.</p>
<p>Mines statistics show that the number of workers employed on gold mines has fallen sharply to 342,439 by the end of 1996 from 505,262 in 1986.</p>
<p>The NUM said that the Randfontein job cuts were too large.</p>
<p>&quot;It came as a surprise. We got notification about a month ago and we wanted to talk about restructuring before retrenchments. This is far too many people,&quot; Molebatsi said.</p>
<p>JCI said that as a result of the restructuring the tonnage throughput would be reduced to allow for more optimal mining of the orebody at an increased grade.</p>
<p>&quot;Management regrets the need to reduce the workforce by this large number of people, but this is essential in order to improve margins and efficiences,&quot; it said.</p>
<p>Randfontein produced 4,392 kg of gold in the March quarter compared to 5,100 kg in the December quarter.</p>
<p>Anglo American Corp of South Africa Ltd last month also warned of shaft closures and job cuts at its Free State Consolidated Gold Mine Ltd and Vaal Reefs Exploration and Mining Co Ltd .</p>
<p>-- Johannesburg newsroom +27 11 482-1003</p>
</text>
<copyright>(c) Reuters Limited 1997</copyright>
<metadata>
<codes class="bip:countries:1.0">
  <code code="SAFR">
    <editdetail attribution="Reuters BIP Coding Group" action="confirmed" date="1997-05-28"/>
  </code>
</codes>
<codes class="bip:industries:1.0">
  <code code="I21000">
    <editdetail attribution="Reuters BIP Coding Group" action="confirmed" date="1997-05-28"/>
  </code>
</codes>
<codes class="bip:topics:1.0">
  <code code="C42">
    <editdetail attribution="Reuters BIP Coding Group" action="confirmed" date="1997-05-28"/>
  </code>
  <code code="CCAT">
    <editdetail attribution="Reuters BIP Coding Group" action="confirmed" date="1997-05-28"/>
  </code>
  <code code="E41">
    <editdetail attribution="Reuters BIP Coding Group" action="confirmed" date="1997-05-28"/>
  </code>
  <code code="ECAT">
    <editdetail attribution="Reuters BIP Coding Group" action="confirmed" date="1997-05-28"/>
  </code>
  <code code="GCAT">
    <editdetail attribution="Reuters BIP Coding Group" action="confirmed" date="1997-05-28"/>
  </code>
  <code code="GJOB">
    <editdetail attribution="Reuters BIP Coding Group" action="confirmed" date="1997-05-28"/>
  </code>
</codes>
<dc element="dc.date.created" value="1997-05-28"/>
<dc element="dc.publisher" value="Reuters Holdings Plc"/>
<dc element="dc.date.published" value="1997-05-28"/>
<dc element="dc.source" value="Reuters"/>
<dc element="dc.creator.location" value="JOHANNESBURG"/>
<dc element="dc.creator.location.country.name" value="SOUTH AFRICA"/>
<dc element="dc.source" value="Reuters"/>
</metadata>
</newsitem>
