<?xml version="1.0" encoding="iso-8859-1" ?>
<newsitem itemid="619374" id="root" date="1997-05-28" xml:lang="en">
<title>GERMANY: GOLF-MYSTERY STILL SURROUNDS MONTGOMERIE WITHDRAWAL.</title>
<headline>GOLF-MYSTERY STILL SURROUNDS MONTGOMERIE WITHDRAWAL.</headline>
<byline>Norman Dabell</byline>
<dateline>HAMBURG, Germany 1997-05-28</dateline>
<text>
<p>Colin Montgomerie's sudden withdrawal from the European Tournament Players' Championship (TPC) was still shrouded in mystery on the eve of the event starting on Thursday.</p>
<p>At the same time it was revealed home favourite Bernhard Langer also came close to pulling out, while Severiano Ballesteros, who seemed to be the biggest doubt, declared himself &quot;fully fit&quot;.</p>
<p>European number one Montgomerie may now enter next week's English event, but there was little amplification from his manager on Wednesday why he is not in Germany.</p>
<p>&quot;Colin withdrew on Tuesday for personal reasons. This is a private matter and it will remain so, but he is considering playing next week's European Grand Prix instead,&quot; said Guy Kinnings.</p>
<p>Langer was in pain from the 16th hole in last Sunday's third round of the PGA at Wentworth, England, jarring his right-hand ring finger and causing a recurrance of ligament trouble.</p>
<p>&quot;It hurt very badly right after playing a shot out of the rough,&quot; said Langer, who seeks his third win at this Gut Kaden course in six years and a third win of this year, having had a barren 1996.</p>
<p>&quot;I was very close to not playing here but the injury has happened before and I knew how to treat it. So I am fit again to play.&quot;</p>
<p>Ballesteros is to play after a recurring back injury which kept him out of the PGA.</p>
<p>&quot;Before playing the second round at Wentworth last week I felt a lttle pinch in my back. By the time I walked to the practice green I couldn't even bend so I couldn't hit putts,&quot; he said</p>
<p>&quot;I went to the physio for massage but it was too painful. Then I had a pain-killing injection but that didn't work so I decided to give myself three days rest. Right now I feel good enough to play.&quot;</p>
<p>Northern Irishman Darren Clarke, joint second to Ian Woosnam at Wentworth on Monday, also nearly pulled out of the TPC but changed his mind on the advice of his manager.</p>
<p>Clarke has been promised a Ferrari 355 by his club suppliers if he gets into the European Ryder Cup team and also wins at least two matches.</p>
<p>But Clarke, who is halfway to achieving his sponsor's targets after clinching his Valderrama place on Monday and rising to third in the European points table, has jumped the lights on his backers over owning a Ferrari.</p>
<p>Fast car enthusiast Clarke bought a second hand Ferrari Testarossa from a garage close to Wentworth on Tuesday with some of his 82,000 pounds ($133,000) prize as PGA joint runner-up.</p>
</text>
<copyright>(c) Reuters Limited 1997</copyright>
<metadata>
<codes class="bip:countries:1.0">
  <code code="GFR">
    <editdetail attribution="Reuters BIP Coding Group" action="confirmed" date="1997-05-28"/>
  </code>
</codes>
<codes class="bip:topics:1.0">
  <code code="GCAT">
    <editdetail attribution="Reuters BIP Coding Group" action="confirmed" date="1997-05-28"/>
  </code>
  <code code="GSPO">
    <editdetail attribution="Reuters BIP Coding Group" action="confirmed" date="1997-05-28"/>
  </code>
</codes>
<dc element="dc.date.created" value="1997-05-28"/>
<dc element="dc.publisher" value="Reuters Holdings Plc"/>
<dc element="dc.date.published" value="1997-05-28"/>
<dc element="dc.source" value="Reuters"/>
<dc element="dc.creator.location" value="HAMBURG, Germany"/>
<dc element="dc.creator.location.country.name" value="GERMANY"/>
<dc element="dc.source" value="Reuters"/>
</metadata>
</newsitem>
