<?xml version="1.0" encoding="iso-8859-1" ?>
<newsitem itemid="619320" id="root" date="1997-05-28" xml:lang="en">
<title>SOUTH AFRICA: RUGBY UNION-LIONS FACE INJURY WORRY OVER GIBBS.</title>
<headline>RUGBY UNION-LIONS FACE INJURY WORRY OVER GIBBS.</headline>
<dateline>EAST LONDON, South Africa 1997-05-28</dateline>
<text>
<p>Centre Scott Gibbs' future on the British Lions tour looked in jeopardy after he was stretchered off during the 18-14 win over Border on Wednesday.</p>
<p>Lions manager Fran Cotton said Gibbs would have X-rays on his ankle for suspected ligament damage.</p>
<p>&quot;Scott will fly down to Cape Town first thing in the morning ahead of the rest of us and his first stop will be to have an X-ray at hospital,&quot; Cotton said.</p>
<p>&quot;At the moment not even our doctor knows the extent of the damage and until we do we can say no more at the moment.&quot;</p>
<p>Scrum-half Austin Healey was also taken off as a precaution after damaging a shoulder in a game played in atrociously wet and muddy conditions.</p>
<p>The Lions' management put on a brave face after the victory which was secured only by a Rob Wainwright try with seven minutes remaining.</p>
<p>&quot;Out of 14 teams in South Africa, Border are probably ranked about 11th so you could say that the Lions have some work to do,&quot; said Border coach Ian Snook.</p>
<p>Border hooker and captain Ruhan van Zyl echoed criticisms of the Lions tight five made by Eastern Province at the weekend.</p>
<p>&quot;I didn't think they were as strong as we thought they would be. We expected a lot more from them,&quot; said van Zyl.</p>
<p>&quot;I feel they are vulnerable upfront, they weren't great in the scrums and I think they will really struggle in the tests.&quot;</p>
<p>Cotton said: &quot;The South African press were expecting us to beat Border pretty convincingly but sometimes you need a sharp reminder that things don't come easy on tour -- especially in South Africa and in these very difficult conditions.</p>
<p>&quot;In my own experience I can only remember worse conditions on about two occasions.&quot;</p>
<p>Lions coach Ian McGeechan was more upbeat. &quot;We scored three tries to one with a new team that has had to perform in very difficult conditions.</p>
<p>&quot;You have to remember that this team was an unknown quantity but in the last 15 minutes it was all Lions.&quot;</p>
<p>Try scoring wing John Bentley, playing his first rugby union international in nine years since returning from rugby league, said: &quot;It was a great honour and beyond my wildest dreams until a couple of weeks ago.</p>
<p>&quot;At the end of the day when we look back at the fixture column we'll see a 'W' in the right hand column which is all that matters.&quot;</p>
<p>The Lions are next in action against Western Province in Cape Town on Saturday.</p>
</text>
<copyright>(c) Reuters Limited 1997</copyright>
<metadata>
<codes class="bip:countries:1.0">
  <code code="SAFR">
    <editdetail attribution="Reuters BIP Coding Group" action="confirmed" date="1997-05-28"/>
  </code>
  <code code="UK">
    <editdetail attribution="Reuters BIP Coding Group" action="confirmed" date="1997-05-28"/>
  </code>
</codes>
<codes class="bip:topics:1.0">
  <code code="GCAT">
    <editdetail attribution="Reuters BIP Coding Group" action="confirmed" date="1997-05-28"/>
  </code>
  <code code="GSPO">
    <editdetail attribution="Reuters BIP Coding Group" action="confirmed" date="1997-05-28"/>
  </code>
</codes>
<dc element="dc.date.created" value="1997-05-28"/>
<dc element="dc.publisher" value="Reuters Holdings Plc"/>
<dc element="dc.date.published" value="1997-05-28"/>
<dc element="dc.source" value="Reuters"/>
<dc element="dc.creator.location" value="EAST LONDON, South Africa"/>
<dc element="dc.creator.location.country.name" value="SOUTH AFRICA"/>
<dc element="dc.source" value="Reuters"/>
</metadata>
</newsitem>
