<?xml version="1.0" encoding="iso-8859-1" ?>
<newsitem itemid="619394" id="root" date="1997-05-28" xml:lang="en">
<title>SOUTH AFRICA: S.AFRICA'S VAAL, BLOEMHOF DAMS WATER LEVELS RISE.</title>
<headline>S.AFRICA'S VAAL, BLOEMHOF DAMS WATER LEVELS RISE.</headline>
<dateline>JOHANNESBURG 1997-05-28</dateline>
<text>
<p>South African Water and Forestry officials on Wednesday advised residents of low lying areas around the Vaal and Bloemhof dams to exercise caution as water levels triggered by unseasonal rains continued to rise.</p>
<p>They said the Vaal Dam was currently 116 percent full and its water level was expected to peak by about 122 percent over its designed capacity on May 30.</p>
<p>&quot;The outflow (of the Vaal Dam) will be increased...due to the rising water level,&quot; the Department of Water Affairs and Forestry said in a statement, adding seven sluice gates had already been opened at the dam.</p>
<p>It said the current capacity of the Bloemhof Dam was at 110 percent with the ouflow expected to peak on Thursday.</p>
<p>-- Johannesburg newsroom +27 11 482 1003</p>
</text>
<copyright>(c) Reuters Limited 1997</copyright>
<metadata>
<codes class="bip:countries:1.0">
  <code code="SAFR">
    <editdetail attribution="Reuters BIP Coding Group" action="confirmed" date="1997-05-28"/>
  </code>
</codes>
<codes class="bip:industries:1.0">
  <code code="I17000">
    <editdetail attribution="Reuters BIP Coding Group" action="confirmed" date="1997-05-28"/>
  </code>
</codes>
<codes class="bip:topics:1.0">
  <code code="C24">
    <editdetail attribution="Reuters BIP Coding Group" action="confirmed" date="1997-05-28"/>
  </code>
  <code code="CCAT">
    <editdetail attribution="Reuters BIP Coding Group" action="confirmed" date="1997-05-28"/>
  </code>
  <code code="GCAT">
    <editdetail attribution="Reuters BIP Coding Group" action="confirmed" date="1997-05-28"/>
  </code>
  <code code="GENV">
    <editdetail attribution="Reuters BIP Coding Group" action="confirmed" date="1997-05-28"/>
  </code>
  <code code="GWEA">
    <editdetail attribution="Reuters BIP Coding Group" action="confirmed" date="1997-05-28"/>
  </code>
</codes>
<dc element="dc.date.created" value="1997-05-28"/>
<dc element="dc.publisher" value="Reuters Holdings Plc"/>
<dc element="dc.date.published" value="1997-05-28"/>
<dc element="dc.source" value="Reuters"/>
<dc element="dc.creator.location" value="JOHANNESBURG"/>
<dc element="dc.creator.location.country.name" value="SOUTH AFRICA"/>
<dc element="dc.source" value="Reuters"/>
</metadata>
</newsitem>
