<?xml version="1.0" encoding="iso-8859-1" ?>
<newsitem itemid="619310" id="root" date="1997-05-28" xml:lang="en">
<title>UK: RUGBY UNION-BOOKMAKERS UNIMPRESSED BY LIONS WIN.</title>
<headline>RUGBY UNION-BOOKMAKERS UNIMPRESSED BY LIONS WIN.</headline>
<dateline>LONDON 1997-05-28</dateline>
<text>
<p>British bookmakers made South Africa even firmer favourites to win the forthcoming test series following the British Lions unimpressive 18-14 win over Border in East London on Wednesday.</p>
<p>Bookmakers William Hill shortened the odds on South Africa winning the three-match test series to 1-6 from 1-5 with the Lions being quoted at 7-2 from 3-1.</p>
<p>&quot;Today's performance against arguably the weakest team they will play on tour does not augur well for the Lions against the stronger provincial sides let alone the full Springbok test side,&quot; said William Hill's spokesman Dave Brown.</p>
</text>
<copyright>(c) Reuters Limited 1997</copyright>
<metadata>
<codes class="bip:countries:1.0">
  <code code="SAFR">
    <editdetail attribution="Reuters BIP Coding Group" action="confirmed" date="1997-05-28"/>
  </code>
  <code code="UK">
    <editdetail attribution="Reuters BIP Coding Group" action="confirmed" date="1997-05-28"/>
  </code>
</codes>
<codes class="bip:topics:1.0">
  <code code="GCAT">
    <editdetail attribution="Reuters BIP Coding Group" action="confirmed" date="1997-05-28"/>
  </code>
  <code code="GSPO">
    <editdetail attribution="Reuters BIP Coding Group" action="confirmed" date="1997-05-28"/>
  </code>
</codes>
<dc element="dc.date.created" value="1997-05-28"/>
<dc element="dc.publisher" value="Reuters Holdings Plc"/>
<dc element="dc.date.published" value="1997-05-28"/>
<dc element="dc.source" value="Reuters"/>
<dc element="dc.creator.location" value="LONDON"/>
<dc element="dc.creator.location.country.name" value="UK"/>
<dc element="dc.source" value="Reuters"/>
</metadata>
</newsitem>
