<?xml version="1.0" encoding="iso-8859-1" ?>
<newsitem itemid="619370" id="root" date="1997-05-28" xml:lang="en">
<title>FRANCE: SOCCER-N'DORAM SIGNS FOR FRENCH CHAMPIONS MONACO.</title>
<headline>SOCCER-N'DORAM SIGNS FOR FRENCH CHAMPIONS MONACO.</headline>
<dateline>NANTES, France 1997-05-28</dateline>
<text>
<p>Chadian striker Japhet N'Doram is joining French champions Monaco from Nantes for about 23 million francs ($4 million).</p>
<p>Nantes said on Wednesday N'Doram, whose 21 goals this season helped Nantes finish the league championship in third place, signed a three-year contract on Tuesday.</p>
<p>Club president Jean Rene Thoumelin said the transfer fee was &quot;close to 23 million francs.&quot;</p>
<p>N'Doram joined Nantes in 1990 from the Cameroonian club Tonnere Yaounde.</p>
<p>Nantes directors said the transfer fee would help the club to cover a financial deficit but they would be able to buy new players only if they also managed to sell forward Claude Makelele to Marseille.</p>
<p>Discussions between the two clubs have, however, reached a standstill with Marseille offering 12 million francs and Nantes wanting 14 million.</p>
<p>It is the third season in succession that Nantes have offloaded leading players.</p>
<p>They sold French internationals Christian Karembeu and Patrice Loko to Sampdoria of Italy and Paris St Germain respectively two seasons ago and Reynald Pedros and Nicolas Ouedec to Marseille and Espanyol of Barcelona last year. ($ = 5.753 French Francs)</p>
</text>
<copyright>(c) Reuters Limited 1997</copyright>
<metadata>
<codes class="bip:countries:1.0">
  <code code="CHAD">
    <editdetail attribution="Reuters BIP Coding Group" action="confirmed" date="1997-05-28"/>
  </code>
  <code code="FRA">
    <editdetail attribution="Reuters BIP Coding Group" action="confirmed" date="1997-05-28"/>
  </code>
  <code code="MONAC">
    <editdetail attribution="Reuters BIP Coding Group" action="confirmed" date="1997-05-28"/>
  </code>
</codes>
<codes class="bip:topics:1.0">
  <code code="GCAT">
    <editdetail attribution="Reuters BIP Coding Group" action="confirmed" date="1997-05-28"/>
  </code>
  <code code="GSPO">
    <editdetail attribution="Reuters BIP Coding Group" action="confirmed" date="1997-05-28"/>
  </code>
</codes>
<dc element="dc.date.created" value="1997-05-28"/>
<dc element="dc.publisher" value="Reuters Holdings Plc"/>
<dc element="dc.date.published" value="1997-05-28"/>
<dc element="dc.source" value="Reuters"/>
<dc element="dc.creator.location" value="NANTES, France"/>
<dc element="dc.creator.location.country.name" value="FRANCE"/>
<dc element="dc.source" value="Reuters"/>
</metadata>
</newsitem>
