<?xml version="1.0" encoding="iso-8859-1" ?>
<newsitem itemid="619319" id="root" date="1997-05-28" xml:lang="en">
<title>UK: ATHLETICS-SPORTS OFFICIALS APPEAR TO BE RETREATING IN DRUGS WAR.</title>
<headline>ATHLETICS-SPORTS OFFICIALS APPEAR TO BE RETREATING IN DRUGS WAR.</headline>
<byline>Steven Downes</byline>
<dateline>LONDON 1997-05-28</dateline>
<text>
<p>Abandoning blood testing at the elite Golden Four athletics meetings is just the latest sign that officials are retreating in the war on drugs.</p>
<p>The meetings in Oslo, Zurich, Brussels and Berlin, leading events on the grand prix circuit, introduced blood testing amid much fanfare when they were launched in 1993.</p>
<p>Now blood tests, widely regarded as a significant advance in the war on dope cheats, have quietly been dropped.</p>
<p>&quot;We stopped the blood tests because there didn't seem any point in continuing,&quot; said Wilfried Meert, director of the Ivo van Damme meeting in Brussels.</p>
<p>&quot;We expected the international federation to introduce a new rule that allowed blood testing, that our tests would be a first step.</p>
<p>&quot;But that never happened. And the International Amateur Athletic Federation's (IAAF) own experts kept telling us that urine samples give just as good results.</p>
<p>&quot;There were also difficult legal aspects. We never received the results of the tests -- there was no reason why we should -- but in the end it was very expensive and we agreed that it is the sort of initiative that ought to come out of the international federations, not from individual meeting organisers.&quot;</p>
<p>Results from analysing 99 samples taken over the first two seasons were only recently released in the specialist medical magazine International Journal of Sports Medicine.</p>
<p>The findings indicated that three of 36 women athletes tested has testosterone levels above the normal range, including one which was three times above the accepted level.</p>
<p>The presence of extra testosterone, the male sex hormone, could lead to a four-year suspension if detected under the IAAF's standard urine analysis.</p>
<p>However, no disciplinary action could be taken because the IAAF's rule have never allowed for blood testing.</p>
<p>Since the Golden Four is contested by some of the world's top athletes, the three positive tests may have included world record holders or Olympic champions.</p>
<p>But when the world's pre-eminent sports body appears to back down from taking action against drug cheats, it may be expecting too much of meeting promoters to take a stand.</p>
<p>Last year the International Olympic Committee (IOC) was forced to admit it had thrown out five steroid positives discovered during the Atlanta Games.</p>
<p>The five ignored positives followed the investment of $3,000,000 in much vaunted new machinery which eventually proved far less effective and reliable than had been hoped.</p>
<p>Only two athletes, both non-medallists, were sanctioned at the Centenary Games after nearly 2,000 tests.</p>
<p>As Don Catlin, director of the IOC-accredited drug-testing laboratory at the University of California who was called in to help supervise testing in Atlanta, said: &quot;I don't think everyone in Atlanta was doped, but the sophisticated athlete who wants to take drugs has switched to things we can't test for.&quot;</p>
<p>The latest trend for dope cheats is to use hormones occurring naturally in the body, leaving the burden of proof with the authorities to show that the substance was admnistered. Most common of these are testosterone, insulin, human growth hormone (hGH) and crythropoietin (EPO).</p>
<p>In underground steroid-users' leaflest, the Atlanta Olympics were openly referred to as &quot;The Growth Hormone Games&quot;. Competitors are prepared to pay around $1,500 a month for hGH because it allows their muscles to recover quickly from intense efforts, allowing them to train harder and more frequently.</p>
<p>Above all, it is undetectable by urine analysis.</p>
<p>&quot;I wish we could just announce that we'd got a test for hGH and will be using it in Atlanta,&quot; said one frustrated British doping control official before the Olympics. &quot;I'd like to see who pulled out of the team then,&quot;</p>
<p>In an attempt to put an end to such abuses, researchers in Sweden, Denmark, Italy and in London have embarked on a five-year project called GH 2000 to devise an acceptable test for hGH through urine analysis in time for the Sydney Olympics.</p>
<p>The researchers had expected the IOC's cooperation and were promised the remnants of urine samples taken in Atlanta, by far the most widespread test base available during the four-year Olympic cycle. Nine months after the Olympic flame was extinguished in Atlanta, the researchers are still waiting for the samples to be delivered.</p>
<p>Such maladministration raises serious doubts over the the desire of senior sports officials to clamp down on drug use, particularly when millions of dollars of sponsors' money are invested in sport.</p>
<p>Robert Voy, medical adviser to the U.S. Olympic Committee until he resigned after the 1988 Olympics, disillusioned with double standards on drugs, is one such sceptic.</p>
<p>&quot;The IOC fears exposing the high levels of drug use,&quot; he said. &quot;It turns off the public. The IOC is very nervous about testing.&quot;</p>
<p>Sports bodies are also nervous about legal challenges. This week in Toronto Ben Johnson, the most notorious drug cheat ever, takes on the IAAF.</p>
<p>No matter that Johnson, disqualified after winning the 1988 Olympic 100 metres final, has been caught cheating twice. Nor that he has testified to prolonged use of performance-enhancing drugs.</p>
<p>This may all count for nothing if a judge in Canada determines the sprinter is entitled to run for money, thereby rendering the sports anti-doping rule unenforceable.</p>
<p>This is already the case elsewhere. Some athletes are being banned for two years for steroid offences, others suspended for four years for the same offence simply because they come from countries with different legal systems.</p>
<p>This weekend the IAAF holds a congress meeting in Athens, venue of the August world championships.</p>
<p>High on the agenda is the case of Haralambros Papadias and two other Greek athletes, who refused an out-of-competition drug test while training in Dortmund.</p>
<p>Despite the prospect of a four-year ban, Papadias has since gone on to win the world indoor 60 metres title. The world governing body has withheld his winner's purse pending an investigation and is considering a new rule which will give it the power to overrule national governing bodies who fail to impose sanctions on athletes.</p>
</text>
<copyright>(c) Reuters Limited 1997</copyright>
<metadata>
<codes class="bip:countries:1.0">
  <code code="BELG">
    <editdetail attribution="Reuters BIP Coding Group" action="confirmed" date="1997-05-28"/>
  </code>
  <code code="GFR">
    <editdetail attribution="Reuters BIP Coding Group" action="confirmed" date="1997-05-28"/>
  </code>
  <code code="NORW">
    <editdetail attribution="Reuters BIP Coding Group" action="confirmed" date="1997-05-28"/>
  </code>
  <code code="SWITZ">
    <editdetail attribution="Reuters BIP Coding Group" action="confirmed" date="1997-05-28"/>
  </code>
  <code code="UK">
    <editdetail attribution="Reuters BIP Coding Group" action="confirmed" date="1997-05-28"/>
  </code>
</codes>
<codes class="bip:topics:1.0">
  <code code="GCAT">
    <editdetail attribution="Reuters BIP Coding Group" action="confirmed" date="1997-05-28"/>
  </code>
  <code code="GSPO">
    <editdetail attribution="Reuters BIP Coding Group" action="confirmed" date="1997-05-28"/>
  </code>
</codes>
<dc element="dc.date.created" value="1997-05-28"/>
<dc element="dc.publisher" value="Reuters Holdings Plc"/>
<dc element="dc.date.published" value="1997-05-28"/>
<dc element="dc.source" value="Reuters"/>
<dc element="dc.creator.location" value="LONDON"/>
<dc element="dc.creator.location.country.name" value="UK"/>
<dc element="dc.source" value="Reuters"/>
</metadata>
</newsitem>
