<?xml version="1.0" encoding="iso-8859-1" ?>
<newsitem itemid="619325" id="root" date="1997-05-28" xml:lang="en">
<title>YUGOSLAVIA: SOCCER-YUGOSLAV DIVISION A RESULTS.</title>
<headline>SOCCER-YUGOSLAV DIVISION A RESULTS.</headline>
<dateline>BELGRADE 1997-05-28</dateline>
<text>
<p>Results of Yugoslav division A</p>
<p>soccer matches played on Wednesday:</p>
<p> Borac	  1     Rad	     2</p>
<p> Partizan     1     Cukaricki     1</p>
<p> Red Star     1     Becej	   0</p>
<p> Vojvodina    0     Proleter	1</p>
<p> Mladost	0     Buducnost (P) 1</p>
<p> Zemun	  3     Hajduk	  1</p>
</text>
<copyright>(c) Reuters Limited 1997</copyright>
<metadata>
<codes class="bip:countries:1.0">
  <code code="YUG">
    <editdetail attribution="Reuters BIP Coding Group" action="confirmed" date="1997-05-28"/>
  </code>
</codes>
<codes class="bip:topics:1.0">
  <code code="GCAT">
    <editdetail attribution="Reuters BIP Coding Group" action="confirmed" date="1997-05-28"/>
  </code>
  <code code="GSPO">
    <editdetail attribution="Reuters BIP Coding Group" action="confirmed" date="1997-05-28"/>
  </code>
</codes>
<dc element="dc.date.created" value="1997-05-28"/>
<dc element="dc.publisher" value="Reuters Holdings Plc"/>
<dc element="dc.date.published" value="1997-05-28"/>
<dc element="dc.source" value="Reuters"/>
<dc element="dc.creator.location" value="BELGRADE"/>
<dc element="dc.creator.location.country.name" value="YUGOSLAVIA"/>
<dc element="dc.source" value="Reuters"/>
</metadata>
</newsitem>
