<?xml version="1.0" encoding="iso-8859-1" ?>
<newsitem itemid="619364" id="root" date="1997-05-28" xml:lang="en">
<title>GERMANY: SOCCER-NEW EUROPEAN SEASON JUST 55 DAYS AWAY.</title>
<headline>SOCCER-NEW EUROPEAN SEASON JUST 55 DAYS AWAY.</headline>
<byline>Mike Collett</byline>
<dateline>MUNICH 1997-05-28</dateline>
<text>
<p>Just 55 days after the final</p>
<p>whistle blows to end Wednesday night's European Cup Final</p>
<p>between Juventus and Borussia Dortmund, Europe's top clubs will</p>
<p>be back in action in the newly-inaugurated preliminary round of</p>
<p>the next European Cup.</p>
<p>Next season's competition starts on July 23 with 32 teams</p>
<p>playing in the first leg of the preliminary round with the</p>
<p>second leg on July 30.</p>
<p>The 16 winners from that will then be joined by 16 teams</p>
<p>exempted from the preliminary round in a qualifying round staged</p>
<p>on a home-and-away basis on August 13 and 27.</p>
<p>The 16 winners emerging from all that will then join the</p>
<p>champions of Europe's eight top-ranked domestic leagues in the</p>
<p>Champions League which starts in September.</p>
<p>Those 24 teams will be drawn into six groups of four teams</p>
<p>on Friday, August 29.</p>
<p>Depending on the outcome of Wednesday's final Germany could</p>
<p>have three teams in the expanded 24-team Champions League. If</p>
<p>Borussia lose, the Turkish champions Galatasaray will enter the</p>
<p>Champions League automatically. If Borussia win, Galatasaray</p>
<p>will play in the qualifying round.</p>
<p>One team who will be in action in July are Glasgow Rangers,</p>
<p>who have just clinched the Scottish title for the ninth</p>
<p>successive season and who were effectively European Cup</p>
<p>semifinalists four seasons ago.</p>
<p>Rangers who have spent 50 million pounds ($81.6 million) on</p>
<p>rebuilding their stadium and buying new players to become a</p>
<p>European power, will have to battle past two preliminary rounds</p>
<p>before reaching next season's Champions League.</p>
<p>Because Scotland's official ranking in UEFA's coeffecient</p>
<p>lists has fallen to 19th, Rangers will play their first</p>
<p>competitive matches of the new season in July.</p>
<p>Despite their impressive domestic record, Rangers have won</p>
<p>only three of the 18 Champions League fixtures they have played</p>
<p>since 1992 and lost five of the six games they played this</p>
<p>season.</p>
<p>For the first time the runners-up in the top eight ranked</p>
<p>European leagues will be taking part in the expanded 24-team</p>
<p>competition next season, but in order to reach the group phase</p>
<p>or Champions League they have to come through the qualifying</p>
<p>round.</p>
<p>The champions of those top eight countries qualify directly</p>
<p>for the Champions League although Turkey's situation depended on</p>
<p>the outcome of the final.</p>
<p>The losing teams in the preliminary and qualifying rounds of</p>
<p>the competition, switch to the UEFA Cup, which, from next</p>
<p>season, has a one-off final for the first time.</p>
<p>Current ranking lists (top eight countries)</p>
<p> Country	     Champions	    Runners Up</p>
<p> Italy		 Juventus	     Parma or Inter Milan</p>
<p> Spain		 Real Madrid or Barcelona</p>
<p> France		Monaco		 Paris Saint Germain</p>
<p> Germany	     Bayern Munich	Bayer Leverkusen</p>
<p> Netherlands	 PSV Eindhoven	Feyenoord</p>
<p> Portugal	    Porto		  Sporting Lisbon</p>
<p> England	     Manchester United  Newcastle United</p>
<p> Turkey		Galatasaray	  Besiktas or Fenerbahce</p>
<p>Note: If Borussia Dortmund are European champions, Turkey</p>
<p>loses its place in the Champions League and Galatasaray will</p>
<p>enter the qualifying round.</p>
</text>
<copyright>(c) Reuters Limited 1997</copyright>
<metadata>
<codes class="bip:countries:1.0">
  <code code="GFR">
    <editdetail attribution="Reuters BIP Coding Group" action="confirmed" date="1997-05-28"/>
  </code>
  <code code="ITALY">
    <editdetail attribution="Reuters BIP Coding Group" action="confirmed" date="1997-05-28"/>
  </code>
</codes>
<codes class="bip:topics:1.0">
  <code code="GCAT">
    <editdetail attribution="Reuters BIP Coding Group" action="confirmed" date="1997-05-28"/>
  </code>
  <code code="GSPO">
    <editdetail attribution="Reuters BIP Coding Group" action="confirmed" date="1997-05-28"/>
  </code>
</codes>
<dc element="dc.date.created" value="1997-05-28"/>
<dc element="dc.publisher" value="Reuters Holdings Plc"/>
<dc element="dc.date.published" value="1997-05-28"/>
<dc element="dc.source" value="Reuters"/>
<dc element="dc.creator.location" value="MUNICH"/>
<dc element="dc.creator.location.country.name" value="GERMANY"/>
<dc element="dc.source" value="Reuters"/>
</metadata>
</newsitem>
