<?xml version="1.0" encoding="iso-8859-1" ?>
<newsitem itemid="619399" id="root" date="1997-05-28" xml:lang="en">
<title>SOUTH AFRICA: S.AFRICAN APRIL CPI DISAPPOINTS BUT SEEN AT PEAK.</title>
<headline>S.AFRICAN APRIL CPI DISAPPOINTS BUT SEEN AT PEAK.</headline>
<dateline>JOHANNESBURG 1997-05-28</dateline>
<text>
<p>South Africa's annual consumer price inflation, kicked higher by increased medical costs, came in at a worse-than-expected 9.9 percent in April but economists said the the rate should now have peaked.</p>
<p>The bond market took the figure, which compared to the Reuters consensus of 9.6 percent, in its stride. Dealers said there was some relief that inflation had at least held below the 10 pecent mark.</p>
<p>&quot;I think we're in a period now where for most of the rest of this year it's going to hover between the nine and 10 pct level. It's probably the top but it's not going to subside as quickly as some observers think,&quot; said Nick Barnardt of BOE NatWest.  </p>
<p>Anastasia Gekis of ABN Amro said the data was disappointing, especially since the market was looking to the April figure to provide a basis for a trend decline for the rest of the year. But she remained confident that the inflation rate should fall from now on.</p>
<p>&quot;It also puts a bit of a damper on hopes for an interest rate cut. It probably delays it slightly, to near the end of the year,&quot; she said.</p>
<p>But a bigger consideration for Reserve Bank Governor Chris Stals would be the release of April money supply and private credit extension data, expected at 1500 GMT, analysts said. </p>
<p>The Central Statistical Service said the year-on-year CPI rise of 9.9 percent versus March's 9.6 percent was the highest rate since the 10.0 percent recorded in June 1995.</p>
<p>The month-on-month rate of increase was 0.9 percent against 0.6 percent in March.</p>
<p>Medical care and health expenses contributed 0.3 percentage point to that monthly rise, mainly due to the annual increase in the membership fees of medical schemes.  </p>
<p>Tony Twine, senior economist at Econometrix consultancy, said the underlying picture for inflation was not too bad, stripping out medical costs.</p>
<p>&quot;The movements of the various components were reasonably under control with the major exception of medical costs where there is a once a year affect in April,&quot; he said.</p>
<p>&quot;I don't think it has a lot (of interest rate implications). The one-off nature of that medical adjustment will be recognised as not a permanent contribution to rising prices by the Reserve Bank.&quot;</p>
<p>-- Johannesburg newsroom +27 11 482 1003</p>
</text>
<copyright>(c) Reuters Limited 1997</copyright>
<metadata>
<codes class="bip:countries:1.0">
  <code code="SAFR">
    <editdetail attribution="Reuters BIP Coding Group" action="confirmed" date="1997-05-28"/>
  </code>
</codes>
<codes class="bip:topics:1.0">
  <code code="E13">
    <editdetail attribution="Reuters BIP Coding Group" action="confirmed" date="1997-05-28"/>
  </code>
  <code code="E131">
    <editdetail attribution="Reuters BIP Coding Group" action="confirmed" date="1997-05-28"/>
  </code>
  <code code="ECAT">
    <editdetail attribution="Reuters BIP Coding Group" action="confirmed" date="1997-05-28"/>
  </code>
</codes>
<dc element="dc.date.created" value="1997-05-28"/>
<dc element="dc.publisher" value="Reuters Holdings Plc"/>
<dc element="dc.date.published" value="1997-05-28"/>
<dc element="dc.source" value="Reuters"/>
<dc element="dc.creator.location" value="JOHANNESBURG"/>
<dc element="dc.creator.location.country.name" value="SOUTH AFRICA"/>
<dc element="dc.source" value="Reuters"/>
</metadata>
</newsitem>
