<?xml version="1.0" encoding="iso-8859-1" ?>
<newsitem itemid="619369" id="root" date="1997-05-28" xml:lang="en">
<title>FRANCE: TENNIS-GRAF NOT READY TO MAKE ROOM FOR NEW GENERATION.</title>
<headline>TENNIS-GRAF NOT READY TO MAKE ROOM FOR NEW GENERATION.</headline>
<byline>Pierre Serisier</byline>
<dateline>PARIS 1997-05-28</dateline>
<text>
<p>Steffi Graf showed she is not yet ready to move aside for the new generation, qualifying effortlessly for the French Open third round on Wednesday.</p>
<p>The world number two from Germany took less than an hour to beat French teenager Amelie Mauresmo 6-3 6-3 and clinch her second consecutive straight set success in two days.</p>
<p>Despite not being back at her peak, the 27-year-old German, chasing her sixth title in Paris, received a warm welcome from the noisy, youthful crowd.</p>
<p>&quot;Being back in Paris always means having nice time with the people here&quot;, said Graf who appeared relaxed and confident for her second match at Roland Garros after being sidelined for three months due to an injured knee.</p>
<p>&quot;You can tell it's a different atmosphere in the courts and it's great that French tennis has days like that&quot;, she said. &quot;It's great to have such a tournament to introduce tennis to kids.&quot;</p>
<p>Graf's 17-year-old opponent, who won the junior titles here and at Wimbledon last year, saw her brief appearance as a learning experience.</p>
<p>&quot;That's my first time here as a professional and I know that I have a lot to do. I think the most important is to be mentally fit to face the favourites&quot;, said Mauresmo, who beat American Jolene Watanabe in the first round on Tuesday.</p>
<p>Graf, who played with a support on her left knee, had a perfect start breaking in the fifth game to lead 3-2 before wrapping up the first set in 24 minutes thanks to her devastating forehand.</p>
<p>&quot;I have been running around easily and I feel very comfortable now&quot;, Graf said of her knee.</p>
<p>The German made a winning comeback last weekend in Strasbourg but her familiar superiority seemed to have faded a little.</p>
<p>&quot;She still has a strong forehand and I was surprised by the speed of her shots but she doesn't seem as confident as she was in previous years&quot;, Mauresmo said.</p>
<p>The German broke again in the first game of the second set but committed several unforced errors and had to save three break points while leading 4-3.</p>
<p>Mauresmo's lack of big match experience became clear in the last game when she gave Graf two match points before bowing out on a wide backhand.</p>
</text>
<copyright>(c) Reuters Limited 1997</copyright>
<metadata>
<codes class="bip:countries:1.0">
  <code code="FRA">
    <editdetail attribution="Reuters BIP Coding Group" action="confirmed" date="1997-05-28"/>
  </code>
  <code code="GFR">
    <editdetail attribution="Reuters BIP Coding Group" action="confirmed" date="1997-05-28"/>
  </code>
</codes>
<codes class="bip:topics:1.0">
  <code code="GCAT">
    <editdetail attribution="Reuters BIP Coding Group" action="confirmed" date="1997-05-28"/>
  </code>
  <code code="GSPO">
    <editdetail attribution="Reuters BIP Coding Group" action="confirmed" date="1997-05-28"/>
  </code>
</codes>
<dc element="dc.date.created" value="1997-05-28"/>
<dc element="dc.publisher" value="Reuters Holdings Plc"/>
<dc element="dc.date.published" value="1997-05-28"/>
<dc element="dc.source" value="Reuters"/>
<dc element="dc.creator.location" value="PARIS"/>
<dc element="dc.creator.location.country.name" value="FRANCE"/>
<dc element="dc.source" value="Reuters"/>
</metadata>
</newsitem>
