<?xml version="1.0" encoding="iso-8859-1" ?>
<newsitem itemid="619337" id="root" date="1997-05-28" xml:lang="en">
<title>AUSTRALIA: OLYMPICS-GREENS GIVE POOR MARKS TO SYDNEY.</title>
<headline>OLYMPICS-GREENS GIVE POOR MARKS TO SYDNEY.</headline>
<dateline>SYDNEY 1997-05-28</dateline>
<text>
<p>Sydney Olympic organisers, who promised to host a genuine &quot;green Olympics&quot;, received a lukewarm performance rating on Wednesday from an environmental watchdog.</p>
<p>A 41-page report by Green Games Watch 2000 gave Sydney a mark of five out of 10, or &quot;barely a pass&quot;, for the city's progress in implementing its bid commitments.</p>
<p>The key concerns surrounded pollution, particularly air and water quality, and waste, the report found.</p>
<p>The Sydney Games watchdog used the plight of a threatened frog species to highlight its call for improvement.</p>
<p>Despite a commitment to protect them, rare green and golden bellfrogs were still under threat because of disruption to their habitat near the Olympic site at Homebush in Western Sydney, the report said.</p>
<p>Group spokeswoman Peggy James said Sydney's reputation as a competitive, world-class city would suffer serious damage if Games organisers shirked their environmental commitments.</p>
<p>&quot;The key issue raised by the review is whether or not Sydney can deliver on its promises to the global community,&quot; she said.</p>
<p>As part of its successful bid, Sydney detailed its environmental targets, focusing on the design and building of the athletes' village, which will provide accommodation for 15,000 competitors and officials.</p>
<p>They included the use of solar energy, recycling of waste water and building materials, and maximising the use of public transport.</p>
<p>In the first in a series of annual reviews, the group gave a mixed rating for the construction authority responsible for building Olympic facilities.</p>
<p>In terms of energy conservation, the authority had performed well, but its record for water conservation, minimising waste, and air, water and soil quality was poor to very poor.</p>
<p>The performance in planning and construction and protecting significant environments was described as fair.</p>
<p>The report was commissioned and paid for by the New South Wales state government, which is underwriting the cost of staging the Games.</p>
<p>But New South Wales Olympics minister Michael Knight, who is also head of the Sydney Olympic organising committee, said the government disputed some of the review findings.</p>
<p>&quot;We believe we are meeting all the guidelines...we are undoubtedly delivering the most environmentally friendly Games in the history of the Olympic movement, said Knight.</p>
</text>
<copyright>(c) Reuters Limited 1997</copyright>
<metadata>
<codes class="bip:countries:1.0">
  <code code="AUSTR">
    <editdetail attribution="Reuters BIP Coding Group" action="confirmed" date="1997-05-28"/>
  </code>
</codes>
<codes class="bip:topics:1.0">
  <code code="GCAT">
    <editdetail attribution="Reuters BIP Coding Group" action="confirmed" date="1997-05-28"/>
  </code>
  <code code="GSPO">
    <editdetail attribution="Reuters BIP Coding Group" action="confirmed" date="1997-05-28"/>
  </code>
</codes>
<dc element="dc.date.created" value="1997-05-28"/>
<dc element="dc.publisher" value="Reuters Holdings Plc"/>
<dc element="dc.date.published" value="1997-05-28"/>
<dc element="dc.source" value="Reuters"/>
<dc element="dc.creator.location" value="SYDNEY"/>
<dc element="dc.creator.location.country.name" value="AUSTRALIA"/>
<dc element="dc.source" value="Reuters"/>
</metadata>
</newsitem>
