<?xml version="1.0" encoding="iso-8859-1" ?>
<newsitem itemid="619350" id="root" date="1997-05-28" xml:lang="en">
<title>PORTUGAL: SOCCER-PORTUGAL CALLS UP DANI FOR ALBANIA GAME.</title>
<headline>SOCCER-PORTUGAL CALLS UP DANI FOR ALBANIA GAME.</headline>
<dateline>LISBON 1997-05-28</dateline>
<text>
<p>Portugal named Ajax's young striker Daniel 'Dani' Carvalho on Wednesday amongst its 19-man squad to face Albania in a crucial World Cup qualifier on June 7.</p>
<p>If the striker plays, it will be his first cap in a competitive match. The last time that Dani played for the national side was in a friendly against England in 1995.</p>
<p>Porto striker Domingos Oliveira, who has struggled with injury during much of the season, was also recalled for the home group nine qualifier which Portugal must win to keep alive its hopes of qualifying for the 1998 finals in France.</p>
<p>Coach Artur Jorge cannot count on creative midfielder Rui Costa of Fiorentina, who is injured, nor on suspended defender Oceano Cruz.</p>
<p>Squad:</p>
<p>Goalkeepers: Vitor Baia (Barcelona, Spain), Rui Correia (Braga)</p>
<p>Defenders: Sergio Conceicao (Porto), Jorge Costa (Porto), Paulinho Santos (Porto), Fernando Couto (Barcelona, Spain), Dimas Teixeira (Juventus, Italy), Helder Cristovao (Deportivo Corunha, Spain), Fernando Nelson (Aston Villa, England)</p>
<p>Midfielders: Pedro Barbosa (Sporting), Paulo Sousa (Borussia Dortmund, Germany), Luis Figo (Barcelona, Spain), Daniel Carvalho (Ajax Amsterdam, Netherlands) Luis Taira (Salamanca, Spain), Rui Barros (FC Porto).</p>
<p>Forwards: Domingos Oliveira (Porto), Joao Vieira Pinto (Benfica), Nuno Ribeiro Gomes (Boavista), Jorge Cadete (Celtic, Scotland)</p>
</text>
<copyright>(c) Reuters Limited 1997</copyright>
<metadata>
<codes class="bip:countries:1.0">
  <code code="ALB">
    <editdetail attribution="Reuters BIP Coding Group" action="confirmed" date="1997-05-28"/>
  </code>
  <code code="FRA">
    <editdetail attribution="Reuters BIP Coding Group" action="confirmed" date="1997-05-28"/>
  </code>
  <code code="GFR">
    <editdetail attribution="Reuters BIP Coding Group" action="confirmed" date="1997-05-28"/>
  </code>
  <code code="ITALY">
    <editdetail attribution="Reuters BIP Coding Group" action="confirmed" date="1997-05-28"/>
  </code>
  <code code="NETH">
    <editdetail attribution="Reuters BIP Coding Group" action="confirmed" date="1997-05-28"/>
  </code>
  <code code="PORL">
    <editdetail attribution="Reuters BIP Coding Group" action="confirmed" date="1997-05-28"/>
  </code>
  <code code="SPAIN">
    <editdetail attribution="Reuters BIP Coding Group" action="confirmed" date="1997-05-28"/>
  </code>
  <code code="UK">
    <editdetail attribution="Reuters BIP Coding Group" action="confirmed" date="1997-05-28"/>
  </code>
</codes>
<codes class="bip:topics:1.0">
  <code code="GCAT">
    <editdetail attribution="Reuters BIP Coding Group" action="confirmed" date="1997-05-28"/>
  </code>
  <code code="GSPO">
    <editdetail attribution="Reuters BIP Coding Group" action="confirmed" date="1997-05-28"/>
  </code>
</codes>
<dc element="dc.date.created" value="1997-05-28"/>
<dc element="dc.publisher" value="Reuters Holdings Plc"/>
<dc element="dc.date.published" value="1997-05-28"/>
<dc element="dc.source" value="Reuters"/>
<dc element="dc.creator.location" value="LISBON"/>
<dc element="dc.creator.location.country.name" value="PORTUGAL"/>
<dc element="dc.source" value="Reuters"/>
</metadata>
</newsitem>
