<?xml version="1.0" encoding="iso-8859-1" ?>
<newsitem itemid="619365" id="root" date="1997-05-28" xml:lang="en">
<title>GERMANY: SOCCER-BORUSSIA DORTMUND V JUVENTUS TEAMS.</title>
<headline>SOCCER-BORUSSIA DORTMUND V JUVENTUS TEAMS.</headline>
<dateline>MUNICH 1997-05-28</dateline>
<text>
<p>Teams for Wednesday's European Cup final between holders Juventus and Borussia Dortmund at the Olympic Stadium:</p>
<p>Juventus: 1-Angelo Peruzzi; 2-Ciro Ferrara, 4-Paolo Montero, 5-Sergio Porrini, 13-Mark Juliano, 7-Angelo Di Livio, 14-Didier Deschamps, 21-Zinedine Zidane, 18-Vladimir Jugovic, 9-Alen Boksic, 15-Christian Vieri</p>
<p>Borussia Dortmund: 1-Stefan Klos; 6-Matthias Sammer, 16-Martin Kree, 15-Juergen Kohler, 7-Stefan Reuter, 19-Paulo Sousa, 14-Paul Lambert, 17-Joerg Heinrich, 10-Andreas Moeller, 9-Stephane Chapuisat, 13-Karlheinz Reidle</p>
<p>Referee: Sandor Puhl, Hungary.</p>
</text>
<copyright>(c) Reuters Limited 1997</copyright>
<metadata>
<codes class="bip:countries:1.0">
  <code code="GFR">
    <editdetail attribution="Reuters BIP Coding Group" action="confirmed" date="1997-05-28"/>
  </code>
  <code code="ITALY">
    <editdetail attribution="Reuters BIP Coding Group" action="confirmed" date="1997-05-28"/>
  </code>
</codes>
<codes class="bip:topics:1.0">
  <code code="GCAT">
    <editdetail attribution="Reuters BIP Coding Group" action="confirmed" date="1997-05-28"/>
  </code>
  <code code="GSPO">
    <editdetail attribution="Reuters BIP Coding Group" action="confirmed" date="1997-05-28"/>
  </code>
</codes>
<dc element="dc.date.created" value="1997-05-28"/>
<dc element="dc.publisher" value="Reuters Holdings Plc"/>
<dc element="dc.date.published" value="1997-05-28"/>
<dc element="dc.source" value="Reuters"/>
<dc element="dc.creator.location" value="MUNICH"/>
<dc element="dc.creator.location.country.name" value="GERMANY"/>
<dc element="dc.source" value="Reuters"/>
</metadata>
</newsitem>
