<?xml version="1.0" encoding="iso-8859-1" ?>
<newsitem itemid="619351" id="root" date="1997-05-28" xml:lang="en">
<title>SPAIN: SOCCER-RONALDO LEAVING BARCELONA, SAYS NUNEZ.</title>
<headline>SOCCER-RONALDO LEAVING BARCELONA, SAYS NUNEZ.</headline>
<dateline>MADRID 1997-05-28</dateline>
<text>
<p>Brazilian striker Ronaldo is to leave Barcelona, club president Jose Luiz Nunez said on Wednesday.</p>
<p>News of his impending departure came just one day after the Spanish club said the star striker had signed an improved nine-year contract.</p>
<p>&quot;Ronaldo is leaving us,&quot; said Nunez who indicated the Brazilian striker could be headed for Italian club Inter Milan.</p>
<p>Nunez said he suspected after a negotiating session on Tuesday night that Ronaldo had already made a deal with Inter Milan.</p>
<p>&quot;I believe that (Ronaldo's agents) were committed to Inter Milan because when they finished the meeting and shook our hands, afterward they spent almost one hour talking with the representatives of the Italian team,&quot; Nunez said.</p>
<p>Earlier on Wednesday, Spanish media reported that a dispute over a one-off 2.0 billion peseta ($14 million) bonus agreed last October had led to a suspension of the talks to keep the player at Barcelona.</p>
<p>The Spanish club reportedly said it would pay it to ensure Ronaldo did not go to another team. Barcelona wanted to pay the money through a company based in the Virgin Islands to save on taxes estimated at 1.0 billion pesetas ($7 million).</p>
<p>But Ronaldo's agents demanded the money be paid in Spain net of taxes. A spokesman for Barcelona said he had no comment on the reports.</p>
<p>The club said on Tuesday that Ronaldo had renewed his contract.</p>
<p>The 20-year-old striker signed on for nine more years at 500 million pesetas ($3.5 million) a season after protracted talks on the cost of breaking his contract, which was finally set at 10 billion pesetas ($69.9 million).</p>
<p>Italian, English and French clubs had shown interest in Ronaldo, whose 34 goals this season are far more than any other player in the Spanish league or the European Golden Boot competition.</p>
</text>
<copyright>(c) Reuters Limited 1997</copyright>
<metadata>
<codes class="bip:countries:1.0">
  <code code="BRAZ">
    <editdetail attribution="Reuters BIP Coding Group" action="confirmed" date="1997-05-28"/>
  </code>
  <code code="SPAIN">
    <editdetail attribution="Reuters BIP Coding Group" action="confirmed" date="1997-05-28"/>
  </code>
</codes>
<codes class="bip:topics:1.0">
  <code code="GCAT">
    <editdetail attribution="Reuters BIP Coding Group" action="confirmed" date="1997-05-28"/>
  </code>
  <code code="GSPO">
    <editdetail attribution="Reuters BIP Coding Group" action="confirmed" date="1997-05-28"/>
  </code>
</codes>
<dc element="dc.date.created" value="1997-05-28"/>
<dc element="dc.publisher" value="Reuters Holdings Plc"/>
<dc element="dc.date.published" value="1997-05-28"/>
<dc element="dc.source" value="Reuters"/>
<dc element="dc.creator.location" value="MADRID"/>
<dc element="dc.creator.location.country.name" value="SPAIN"/>
<dc element="dc.source" value="Reuters"/>
</metadata>
</newsitem>
