<?xml version="1.0" encoding="iso-8859-1" ?>
<newsitem itemid="619382" id="root" date="1997-05-28" xml:lang="en">
<title>BELGIUM: SOCCER SHOWCASE-EKEREN SOUND WARNING TO ANDERLECHT.</title>
<headline>SOCCER SHOWCASE-EKEREN SOUND WARNING TO ANDERLECHT.</headline>
<byline>Bert Lauwers</byline>
<dateline>BRUSSELS 1997-05-28</dateline>
<text>
<p>At first sight, winning a record ninth Belgian Cup should be a simple task for Anderlecht.</p>
<p>The proud Brussels side can boast a record 24 league titles and have two European Cup Winners' Cups, one UEFA Cup and two European Super Cups under their belt.</p>
<p>They were beaten just twice in their previous 10 Belgian Cup finals, with the last loss dating back to 1977 when Ekeren, their opponents in the final, were still lingering in a low regional division.</p>
<p>But times have changed for lucky Ekeren, based in a town of 22,000 just north of the port of Antwerp.</p>
<p>With an average crowd of just 6,500, they are unlikely to become a soccer powerhouse but have been a welcome tonic to the Belgian league since landing in the first division eight years ago, producing unusually daring and dazzling play focused on attack.</p>
<p>In their short first division career, Ekeren reached the Cup final twice, in 1990 and 1995, but were mercilessly beaten both times by FC Liege and Club Brugge respectively.</p>
<p>They qualified for the UEFA Cup twice, in 1991 and 1996, but crashed out in the first round on both occasions.</p>
<p>The bare facts also suggest that Anderlecht remain clear favourites to win Sunday's final.</p>
<p>They have already secured a berth in next season's UEFA Cup -- making their 35th successive appearance on the European stage -- by beating relegation-doomed Mechelen 2-0 last Sunday and edging into fourth place in the final standings, 15 points behind new champions Lierse.</p>
<p>Ekeren by contrast ended 10th in the league, another 12 points adrift of Lierse, for which their erratic defence -- the third weakest in the 18-team division -- was to blame.</p>
<p>Both teams were almost equally prolific with Anderlecht scoring 59 times, Ekeren 56 times. But Ekeren had 57 goals against, Anderlecht just 36.</p>
<p>Despite the apparent flaws in defence, many believe it will be third time lucky for Ekeren.</p>
<p>Still in the danger zone in early April, Ekeren gradually got into their stride and pulled off their biggest upset earlier this month when they beat Anderlecht 4-1 after a hat-trick by mercurial Canadian international Tomasz Radzinski.</p>
<p>And while Anderlecht struggled to overcome Mechelen on Sunday, Ekeren had a party at home against neighbours Antwerp, beating them 6-3 after another Radzinski hat-trick.</p>
<p>The Cup history books also give Ekeren the edge.</p>
<p>They knocked out Anderlecht in the semifinals of the 1995 Cup after what the club's yearbook described as their best game ever.</p>
<p>Anderlecht had won the home leg 2-0 but Ekeren hit back in the return leg, winning it 4-0.</p>
<p>&quot;We're in a winning mood. We're ready for the Cup final,&quot; Ekeren coach Herman Helleputte said.</p>
<p>-- Brussels Newsroom +32 2 287 6810, Fax +32 2 230 7710</p>
</text>
<copyright>(c) Reuters Limited 1997</copyright>
<metadata>
<codes class="bip:countries:1.0">
  <code code="BELG">
    <editdetail attribution="Reuters BIP Coding Group" action="confirmed" date="1997-05-28"/>
  </code>
</codes>
<codes class="bip:topics:1.0">
  <code code="GCAT">
    <editdetail attribution="Reuters BIP Coding Group" action="confirmed" date="1997-05-28"/>
  </code>
  <code code="GSPO">
    <editdetail attribution="Reuters BIP Coding Group" action="confirmed" date="1997-05-28"/>
  </code>
</codes>
<dc element="dc.date.created" value="1997-05-28"/>
<dc element="dc.publisher" value="Reuters Holdings Plc"/>
<dc element="dc.date.published" value="1997-05-28"/>
<dc element="dc.source" value="Reuters"/>
<dc element="dc.creator.location" value="BRUSSELS"/>
<dc element="dc.creator.location.country.name" value="BELGIUM"/>
<dc element="dc.source" value="Reuters"/>
</metadata>
</newsitem>
