<?xml version="1.0" encoding="iso-8859-1" ?>
<newsitem itemid="619390" id="root" date="1997-05-28" xml:lang="en">
<title>democratic republic of congo: KINSHASA WORKS NORMALLY AHEAD OF BANNED MARCH.</title>
<headline>KINSHASA WORKS NORMALLY AHEAD OF BANNED MARCH.</headline>
<byline>Matthew Tostevin</byline>
<dateline>KINSHASA 1997-05-28</dateline>
<text>
<p>Kinshasa went to work normally on Wednesday ahead of a march called by the main political opposition in Laurent Kabila's Democratic Republic of Congo in defiance of a ban.</p>
<p>A couple of soldiers patrolled near the Central Station rallying point for the march but there was little sign of opposition militants. Residents went to work as normal.</p>
<p>Earlier, state radio restated the ban imposed on political activity and public demonstrations in the city by Kabila's Alliance of Democratic Forces for the Liberation of Congo.</p>
<p>The Union for Democracy and Social Progress (UDPS) of Etienne Tshisekedi, a veteran opponent of ousted dictator Mobutu Sese Seko, has called marches for Wednesday and Friday.</p>
<p>&quot;Despite the ban, there will be a democratic march tomorrow,&quot; Jean-Marie Vianney Kabukanye, national secretary of the UDPS youth wing, said on Tuesday.</p>
<p>&quot;We have not changed Mobutu to replace him with another Mobutu. The man has changed but not the policies,&quot; he told Reuters in the opposition stronghold of Limete. Kabila's forces did not try to prevent him giving a news conference.</p>
<p>Wednesday's showdown comes one day before Kabila's formal inauguration as president.</p>
<p>Kabila, who proclaimed himself president on May 17 as his rebels entered the capital, left the city on Tuesday for the southern mining capital of Lubumbashi, officials said, adding that he would return in time for Thursday's inauguration.</p>
<p>&quot;We are restoring order, we know that there are enemies and that demonstrations boost supporters of the former regime,&quot; Information Minister Raphael Ghenda told Reuters on Tuesday.</p>
<p>&quot;People say (we) must be given time to show what (we) can do and if they are not happy then of course (there can be) demonstrations,&quot; he said.</p>
<p>Opposition militants say troops from Rwanda and other neighbours, who helped Kabila's forces during their seven-month civil war, are deployed in the capital.</p>
<p>&quot;Foreign troops must leave as soon as possible or risk appearing like occupation troops,&quot; Vianney said.</p>
<p>State radio and television said that Kabila would take office on Thursday at the People's Palace parliament building and that the inauguration would be his &quot;first official outing&quot;. Officials declined to say why he had gone to Lubumbashi.</p>
<p>Opposition activists marched in Kinshasa on Friday and Saturday. Kabila forces fired in the air and took away some protesters. Government officials said they were later released.</p>
<p>The statement announcing the ban said anyone infringing it would be considered an &quot;enemy of the liberation of the people&quot;. It said that the ban would apply until further notice.</p>
<p>The United States said on Tuesday it hoped the ban would be short-lived, but did not condemn the move outright.</p>
<p>U.S. State Department spokesman John Dinger said: &quot;The United States hopes this will be a short-term ban. Clearly, free political activity is essential as the Congo embarks on a democratic transition, which will lead to elections.&quot;</p>
<p>Tshisekedi, citing a 1992 vote in a sovereign national conference in what was then Zaire, has doggedly insisted over the years that constitutionally he is prime minister.</p>
<p>Kabila has set up a 13 member government. Aides say he plans to name seven more ministers but not a prime minister.</p>
</text>
<copyright>(c) Reuters Limited 1997</copyright>
<metadata>
<codes class="bip:countries:1.0">
  <code code="ZAIRE">
    <editdetail attribution="Reuters BIP Coding Group" action="confirmed" date="1997-05-28"/>
  </code>
</codes>
<codes class="bip:topics:1.0">
  <code code="GCAT">
    <editdetail attribution="Reuters BIP Coding Group" action="confirmed" date="1997-05-28"/>
  </code>
  <code code="GPOL">
    <editdetail attribution="Reuters BIP Coding Group" action="confirmed" date="1997-05-28"/>
  </code>
  <code code="GVIO">
    <editdetail attribution="Reuters BIP Coding Group" action="confirmed" date="1997-05-28"/>
  </code>
</codes>
<dc element="dc.date.created" value="1997-05-28"/>
<dc element="dc.publisher" value="Reuters Holdings Plc"/>
<dc element="dc.date.published" value="1997-05-28"/>
<dc element="dc.source" value="Reuters"/>
<dc element="dc.creator.location" value="KINSHASA"/>
<dc element="dc.creator.location.country.name" value="DEMOCRATIC REPUBLIC OF CONGO"/>
<dc element="dc.source" value="Reuters"/>
</metadata>
</newsitem>
