<?xml version="1.0" encoding="iso-8859-1" ?>
<newsitem itemid="619329" id="root" date="1997-05-28" xml:lang="en">
<title>RUSSIA: SOCCER-LOKOMOTIV MOSCOW BEAT SAMARA IN RUSSIAN CUP SEMIFINAL.</title>
<headline>SOCCER-LOKOMOTIV MOSCOW BEAT SAMARA IN RUSSIAN CUP SEMIFINAL.</headline>
<dateline>MOSCOW 1997-05-28</dateline>
<text>
<p>Semifinal result in the Russian Cup on Wednesday:</p>
<p>Lokomotiv Moscow  1  Krylya Sovietov Samara  0</p>
<p>Lokomotiv now meet Dynamo Moscow, who beat Zenit St Petersburg in their semifinal on Tuesday, in the final in Moscow on June 11.</p>
</text>
<copyright>(c) Reuters Limited 1997</copyright>
<metadata>
<codes class="bip:countries:1.0">
  <code code="RUSS">
    <editdetail attribution="Reuters BIP Coding Group" action="confirmed" date="1997-05-28"/>
  </code>
</codes>
<codes class="bip:topics:1.0">
  <code code="GCAT">
    <editdetail attribution="Reuters BIP Coding Group" action="confirmed" date="1997-05-28"/>
  </code>
  <code code="GSPO">
    <editdetail attribution="Reuters BIP Coding Group" action="confirmed" date="1997-05-28"/>
  </code>
</codes>
<dc element="dc.date.created" value="1997-05-28"/>
<dc element="dc.publisher" value="Reuters Holdings Plc"/>
<dc element="dc.date.published" value="1997-05-28"/>
<dc element="dc.source" value="Reuters"/>
<dc element="dc.creator.location" value="MOSCOW"/>
<dc element="dc.creator.location.country.name" value="RUSSIA"/>
<dc element="dc.source" value="Reuters"/>
</metadata>
</newsitem>
