<?xml version="1.0" encoding="iso-8859-1" ?>
<newsitem itemid="619306" id="root" date="1997-05-28" xml:lang="en">
<title>NEW ZEALAND: RUGBY UNION-COMBINED PACIFIC TEAM TARGETS SUPER 12. [CORRECTED 03:25 GMT]</title>
<headline>RUGBY UNION-COMBINED PACIFIC TEAM TARGETS SUPER 12. [CORRECTED 03:25 GMT]</headline>
<dateline>CHRISTCHURCH, New Zealand 1997-05-28</dateline>
<text>
<p>The Pacific nations of Fiji, Tonga and Western Samoa said on Wednesday they had joined forces and would apply as one team to take part in next year's Super 12 rugby series.</p>
<p>Fiji and Western Samoa coaches Brad Johnstone and Bryan Williams told a press conference they had formally written to Australia, New Zealand and South Africa seeking entry into the Super 12.</p>
<p>The competition is currently played between five New Zealand, four South African and three Australian teams from the nations, whose rugby unions are linked through the SANZAR committee.</p>
<p>(Corrects from &quot;is currently played between four clubs from each of these three nations.)</p>
<p>The islanders said they intended to launch a combined Pacific Islands team, involving players from around the region.</p>
<p>Tonga was not represented at the conference because of a current tour of South Africa, but had given support to the proposed combined team, the two coaches said</p>
<p>Earlier this year, All Black coach John Hart expressed doubt over a Pacific team, such as Western Samoa, entering the Super 12 because he said it was a regional competition, not an international series.</p>
<p>Hart said he believed the competition was working well and should not be tampered with just yet.</p>
<p>But Johnstone and Williams said the objective of launching a combined team was to prove the Pacific islands could work together to field a highly competitive side that would be worthy of entry into an expanded Super 12.</p>
<p>Rather than compete with each other for Super 12 representation, the three unions had decided to combine their efforts into one force, they said.</p>
<p>&quot;The Pacific Islands team will be truly regional and therefore fits well within the Super 12 concept,&quot; they said.</p>
<p>The combined population of the three countries was less than one million people, which was comparable to the population bases of some of the New Zealand teams and well short of the population resources to which the South African and Australian teams had access, they added.</p>
<p>The islands aim to have a team fully prepared to offer warm-up matches to existing Super 12 teams by January 1998.</p>
<p>The logistics involved in selection, team management and administration would be worked through in the next few months, they added.</p>
<p>Williams said the Pacific nations had called on the three unions attending a SANZAR meeting in Auckland this week to recognise and consider the value of the islands' proposal.</p>
<p>He said a Pacific team would be good for the development of rugby, not just in the Pacific, but for improving its international standard.</p>
<p>The final of this year's Super 12 competition between the Auckland Blues and Australia's ACT Brumbies will be played at Eden Park, Auckland this Saturday, with kickoff at 0230 GMT.</p>
</text>
<copyright>(c) Reuters Limited 1997</copyright>
<metadata>
<codes class="bip:countries:1.0">
  <code code="AUSTR">
    <editdetail attribution="Reuters BIP Coding Group" action="confirmed" date="1997-05-28"/>
  </code>
  <code code="FIJI">
    <editdetail attribution="Reuters BIP Coding Group" action="confirmed" date="1997-05-28"/>
  </code>
  <code code="NZ">
    <editdetail attribution="Reuters BIP Coding Group" action="confirmed" date="1997-05-28"/>
  </code>
  <code code="SAFR">
    <editdetail attribution="Reuters BIP Coding Group" action="confirmed" date="1997-05-28"/>
  </code>
  <code code="TONGA">
    <editdetail attribution="Reuters BIP Coding Group" action="confirmed" date="1997-05-28"/>
  </code>
  <code code="WSOMOA">
    <editdetail attribution="Reuters BIP Coding Group" action="confirmed" date="1997-05-28"/>
  </code>
</codes>
<codes class="bip:topics:1.0">
  <code code="GCAT">
    <editdetail attribution="Reuters BIP Coding Group" action="confirmed" date="1997-05-28"/>
  </code>
  <code code="GSPO">
    <editdetail attribution="Reuters BIP Coding Group" action="confirmed" date="1997-05-28"/>
  </code>
</codes>
<dc element="dc.date.created" value="1997-05-28"/>
<dc element="dc.publisher" value="Reuters Holdings Plc"/>
<dc element="dc.date.published" value="1997-05-28"/>
<dc element="dc.source" value="Reuters"/>
<dc element="dc.creator.location" value="CHRISTCHURCH, New Zealand"/>
<dc element="dc.creator.location.country.name" value="NEW ZEALAND"/>
<dc element="dc.source" value="Reuters"/>
</metadata>
</newsitem>
