<?xml version="1.0" encoding="iso-8859-1" ?>
<newsitem itemid="619313" id="root" date="1997-05-28" xml:lang="en">
<title>UK: BADMINTON-KOREANS REPORTED AT WORLD CHAMPIONSHIPS.</title>
<headline>BADMINTON-KOREANS REPORTED AT WORLD CHAMPIONSHIPS.</headline>
<dateline>GLASGOW 1997-05-28</dateline>
<text>
<p>A world badminton championship mixed doubles match involving an Olympic gold medallist could be the subject of disciplinary action.</p>
<p>The second round game on Wednesday lasted just eight minutes and ended with a 15-1 15-1 victory for South Koreans Kim Dong-moon and Ra Kyung-min over eighth-seeded compatriots Ha Tae-kwon and Kim Shin-young.</p>
<p>Kim and Ra won gold and silver at the Atlanta Olympics mixed doubles when playing with a different partner. As a new pairing, however, they were obliged to come through qualifying rounds here.</p>
<p>On Wednesday, they swiftly dealt with their seeded opponents but after tournament assistant referee, American Stan Hales, watched the match he confirmed he would be filing a report to referee Torsten Berg.</p>
<p>Under the rules of the International Badminton Federation, the players could be facing a charge of bringing the game into disrepute.</p>
</text>
<copyright>(c) Reuters Limited 1997</copyright>
<metadata>
<codes class="bip:countries:1.0">
  <code code="SKOREA">
    <editdetail attribution="Reuters BIP Coding Group" action="confirmed" date="1997-05-28"/>
  </code>
  <code code="UK">
    <editdetail attribution="Reuters BIP Coding Group" action="confirmed" date="1997-05-28"/>
  </code>
</codes>
<codes class="bip:topics:1.0">
  <code code="GCAT">
    <editdetail attribution="Reuters BIP Coding Group" action="confirmed" date="1997-05-28"/>
  </code>
  <code code="GSPO">
    <editdetail attribution="Reuters BIP Coding Group" action="confirmed" date="1997-05-28"/>
  </code>
</codes>
<dc element="dc.date.created" value="1997-05-28"/>
<dc element="dc.publisher" value="Reuters Holdings Plc"/>
<dc element="dc.date.published" value="1997-05-28"/>
<dc element="dc.source" value="Reuters"/>
<dc element="dc.creator.location" value="GLASGOW"/>
<dc element="dc.creator.location.country.name" value="UK"/>
<dc element="dc.source" value="Reuters"/>
</metadata>
</newsitem>
