<?xml version="1.0" encoding="iso-8859-1" ?>
<newsitem itemid="619372" id="root" date="1997-05-28" xml:lang="en">
<title>GERMANY: SOCCER-FANS PRAY FOR BORUSSIA TRIUMPH.</title>
<headline>SOCCER-FANS PRAY FOR BORUSSIA TRIUMPH.</headline>
<dateline>MUNICH, Germany 1997-05-28</dateline>
<text>
<p>Thousands of Borussia Dortmund fans packed into central Munich churches on Wednesday to pray for their team before the European Cup final against Juventus.</p>
<p>A church spokesman in Munich said there was a huge demand from the fans for candles.</p>
<p>A German banner attached to a bronze statue of the holy bishop Korbinian in front of a church administration building read: &quot;We're going to bring the cup home.&quot;</p>
</text>
<copyright>(c) Reuters Limited 1997</copyright>
<metadata>
<codes class="bip:countries:1.0">
  <code code="GFR">
    <editdetail attribution="Reuters BIP Coding Group" action="confirmed" date="1997-05-28"/>
  </code>
  <code code="ITALY">
    <editdetail attribution="Reuters BIP Coding Group" action="confirmed" date="1997-05-28"/>
  </code>
</codes>
<codes class="bip:topics:1.0">
  <code code="GCAT">
    <editdetail attribution="Reuters BIP Coding Group" action="confirmed" date="1997-05-28"/>
  </code>
  <code code="GSPO">
    <editdetail attribution="Reuters BIP Coding Group" action="confirmed" date="1997-05-28"/>
  </code>
</codes>
<dc element="dc.date.created" value="1997-05-28"/>
<dc element="dc.publisher" value="Reuters Holdings Plc"/>
<dc element="dc.date.published" value="1997-05-28"/>
<dc element="dc.source" value="Reuters"/>
<dc element="dc.creator.location" value="MUNICH, Germany"/>
<dc element="dc.creator.location.country.name" value="GERMANY"/>
<dc element="dc.source" value="Reuters"/>
</metadata>
</newsitem>
