<?xml version="1.0" encoding="iso-8859-1" ?>
<newsitem itemid="619317" id="root" date="1997-05-28" xml:lang="en">
<title>UK: CRICKET-NOTTS NEW SIGNING ZAHID MAY RETURN HOME.</title>
<headline>CRICKET-NOTTS NEW SIGNING ZAHID MAY RETURN HOME.</headline>
<dateline>LONDON 1997-05-28</dateline>
<text>
<p>Nottinghamshire's recent overseas signing, Pakistan pace bowler Mohammad Zahid, is on the verge of being sent home without bowling a ball in anger in county cricket.</p>
<p>If the result of a final scan on Thursday on the test player's persistent back injury confirms Notts cricket manager Alan Ormrod's worst fears, the county may have to cut their losses.</p>
<p>Zahid has already undergone three scans to try to pinpoint the extent of his problem since his arrival at the start of the month. He also received a course of injections when soft tissue damage was discovered two weeks ago.</p>
<p>However, the injury has refused to clear up and the club have to decide whether to persevere with Zahid, 20, or attempt to sign a replacement after considering medical advice.</p>
<p>Ormrod said: &quot;I've tried to keep him positive during these frustrating weeks but we need to sort things out sooner rather than later.&quot;</p>
</text>
<copyright>(c) Reuters Limited 1997</copyright>
<metadata>
<codes class="bip:countries:1.0">
  <code code="PAKIS">
    <editdetail attribution="Reuters BIP Coding Group" action="confirmed" date="1997-05-28"/>
  </code>
  <code code="UK">
    <editdetail attribution="Reuters BIP Coding Group" action="confirmed" date="1997-05-28"/>
  </code>
</codes>
<codes class="bip:topics:1.0">
  <code code="GCAT">
    <editdetail attribution="Reuters BIP Coding Group" action="confirmed" date="1997-05-28"/>
  </code>
  <code code="GSPO">
    <editdetail attribution="Reuters BIP Coding Group" action="confirmed" date="1997-05-28"/>
  </code>
</codes>
<dc element="dc.date.created" value="1997-05-28"/>
<dc element="dc.publisher" value="Reuters Holdings Plc"/>
<dc element="dc.date.published" value="1997-05-28"/>
<dc element="dc.source" value="Reuters"/>
<dc element="dc.creator.location" value="LONDON"/>
<dc element="dc.creator.location.country.name" value="UK"/>
<dc element="dc.source" value="Reuters"/>
</metadata>
</newsitem>
