<?xml version="1.0" encoding="iso-8859-1" ?>
<newsitem itemid="619352" id="root" date="1997-05-28" xml:lang="en">
<title>GERMANY: SOCCER-DORTMUND STUN JUVENTUS TO LIFT EUROPEAN CUP.</title>
<headline>SOCCER-DORTMUND STUN JUVENTUS TO LIFT EUROPEAN CUP.</headline>
<dateline>MUNICH 1997-05-28</dateline>
<text>
<p>Borussia Dortmund caused the biggest upset in the European Cup Final for more than a decade when they beat hot favourites and holders Juventus 3-1 at the Olympic Stadium on Wednesday.</p>
<p>Two goals in the 29th and 34th minutes by Karlheinz Reidle and a third in the 71st minute from substitute Lars Ricken, who had been on the pitch for only 16 seconds, sealed Juve's fate.</p>
<p>Their solitary goal came from substitute Alessandro Del Piero after 64 minutes.</p>
<p>Dortmund took the lead with their first shot of the match after 29 minutes when Riedle lashed home a left-foot drive after chesting the ball down. He made it 2-0 when he rose unmarked to head home a corner five minutes later.</p>
<p>Ricken scored a superb goal, lofting the ball high over Peruzzi's head from 30 metres after spotting the goalkeeper off his line.</p>
<p>Del Piero's goal was a close-range flick to end a move engineered by Juventus' Croatian striker Alen Boksic.</p>
<p>The result was the biggest upset since Steaua Bucharest beat Barcelona in the 1986 final.</p>
<p>Borussia became the first German team to win the Cup since Hamburg in 1983, who coincidentally also beat Juventus in that final.</p>
</text>
<copyright>(c) Reuters Limited 1997</copyright>
<metadata>
<codes class="bip:countries:1.0">
  <code code="GFR">
    <editdetail attribution="Reuters BIP Coding Group" action="confirmed" date="1997-05-28"/>
  </code>
  <code code="ITALY">
    <editdetail attribution="Reuters BIP Coding Group" action="confirmed" date="1997-05-28"/>
  </code>
</codes>
<codes class="bip:topics:1.0">
  <code code="GCAT">
    <editdetail attribution="Reuters BIP Coding Group" action="confirmed" date="1997-05-28"/>
  </code>
  <code code="GSPO">
    <editdetail attribution="Reuters BIP Coding Group" action="confirmed" date="1997-05-28"/>
  </code>
</codes>
<dc element="dc.date.created" value="1997-05-28"/>
<dc element="dc.publisher" value="Reuters Holdings Plc"/>
<dc element="dc.date.published" value="1997-05-28"/>
<dc element="dc.source" value="Reuters"/>
<dc element="dc.creator.location" value="MUNICH"/>
<dc element="dc.creator.location.country.name" value="GERMANY"/>
<dc element="dc.source" value="Reuters"/>
</metadata>
</newsitem>
