<?xml version="1.0" encoding="iso-8859-1" ?>
<newsitem itemid="619323" id="root" date="1997-05-28" xml:lang="en">
<title>SOUTH AFRICA: RUGBY UNION-BRITISH LIONS BEAT BORDER 18-14 IN TOUR MATCH.</title>
<headline>RUGBY UNION-BRITISH LIONS BEAT BORDER 18-14 IN TOUR MATCH.</headline>
<dateline>EAST LONDON, South Africa 1997-05-28</dateline>
<text>
<p>The British Lions beat Border 18-14 (halftime 10-8) in their rugby union tour match on Wednesday.</p>
<p>Scorers:</p>
<p>Border - Tries: Andre Claasen. Penalties: Greg Miller (3).</p>
<p>British Lions - Tries: John Bentley, Mark Regan, Rob Wainwright. Penalty: Tim Stimpson.</p>
</text>
<copyright>(c) Reuters Limited 1997</copyright>
<metadata>
<codes class="bip:countries:1.0">
  <code code="IRE">
    <editdetail attribution="Reuters BIP Coding Group" action="confirmed" date="1997-05-28"/>
  </code>
  <code code="SAFR">
    <editdetail attribution="Reuters BIP Coding Group" action="confirmed" date="1997-05-28"/>
  </code>
  <code code="UK">
    <editdetail attribution="Reuters BIP Coding Group" action="confirmed" date="1997-05-28"/>
  </code>
</codes>
<codes class="bip:topics:1.0">
  <code code="GCAT">
    <editdetail attribution="Reuters BIP Coding Group" action="confirmed" date="1997-05-28"/>
  </code>
  <code code="GSPO">
    <editdetail attribution="Reuters BIP Coding Group" action="confirmed" date="1997-05-28"/>
  </code>
</codes>
<dc element="dc.date.created" value="1997-05-28"/>
<dc element="dc.publisher" value="Reuters Holdings Plc"/>
<dc element="dc.date.published" value="1997-05-28"/>
<dc element="dc.source" value="Reuters"/>
<dc element="dc.creator.location" value="EAST LONDON, South Africa"/>
<dc element="dc.creator.location.country.name" value="SOUTH AFRICA"/>
<dc element="dc.source" value="Reuters"/>
</metadata>
</newsitem>
