<?xml version="1.0" encoding="iso-8859-1" ?>
<newsitem itemid="619343" id="root" date="1997-05-28" xml:lang="en">
<title>USA: BASEBALL-CARDS STARTER BENES MAKES UP FOR SHAKY OUTING WITH BAT.</title>
<headline>BASEBALL-CARDS STARTER BENES MAKES UP FOR SHAKY OUTING WITH BAT.</headline>
<dateline>DENVER 1997-05-27</dateline>
<text>
<p>Cardinals starter Andy Benes made up for a shaky performance on the mound with his bat to record his first win of the month as St Louis beat the Colorado Rockies 8-6 on Tuesday.</p>
<p>Benes (4-4), whose last win was five starts ago on April 30, allowed five runs and 11 hits in six innings. But he doubled and scored in the second and singled home two runs in the fourth as St Louis opened a 6-0 lead.</p>
<p>&quot;I'm not going to have many days at the plate like this,&quot; Benes said after the Cardinals won at Coors Field for the first time since August of 1995 -- a string of seven losses.</p>
<p>Ray Lankford hit a two-run homer in the first off Rockies starter John Thomson (0-4), who allowed six runs and eight hits in four innings.</p>
<p>Trailing 6-0, Colorado got back into the game with a four-run fourth inning.</p>
<p>Larry Walker, who had three hits and an RBI to extend his hitting streak to 15 games, tripled home Quinton McCracken in the sixth to make it 6-5 as the Rockies battled back.</p>
<p>But RBI singles by John Mabry and Gary Gaetti in the seventh extended the Cardinals' lead to 8-5.</p>
<p>In San Diego, Kenny Lofton snapped a fifth-inning tie with a three-run, inside-the-park homer as the Atlanta Braves pounded the Padres 9-2.</p>
<p>With San Diego holding a 2-1 lead, Atlanta scored four runs in the fifth off starter Joey Hamilton (3-2).</p>
<p>Atlanta tied it on Mark Lemke's RBI double. Lofton later lined a shot down the left-field line that bounced into the Padres' bullpen easily scoring Lempke and Jeff Blauser. Lofton rounded the bases while left fielder Greg Vaughn believed a ground-rule double should've been called.</p>
<p>Fred McGriff's solo homer gave Atlanta its first run.</p>
<p>In San Francisco, Stan Javier's one-out single in the bottom of the 10th inning scored Barry Bonds with the winning run as the Giants nipped the Houston Astros 5-4.</p>
<p>Bonds led off the 10th with a double against Billy Wagner (2-2), and after Mark Lewis was hit by a pitch, Javier bounced a groundball in the hole between shortstop and third base.</p>
<p>Ricky Gutierrez got a glove on the ball, which rolled into short left field and Bonds scored easily.</p>
<p>Javier had three hits and three RBI for the Giants, who also got a solo homer from Jeff Kent in the fifth.</p>
<p>Rod Beck (3-2) got the win by tossing a scoreless 10th.</p>
<p>In Pittsburgh, Jeremi Gonzalez struck out six over 5 1/3 innings in his major-league debut and Brant Brown hit a three-run homer as the Chicago Cubs survived a late rally to edge the Pirates 8-7.</p>
<p>Gonzalez (1-0) allowed three runs and six hits with three walks to notch the win after being called up from the minors before the game.</p>
<p>The Pirates rallied for three runs in the ninth on an RBI triple by Tony Womack and a two-run double by Kevin Young, who also hit a solo homer in the first. But Terry Adams fanned Midre Cummings with the tying run on third to end the threat.</p>
<p>In Cincinnati, Curt Schilling scattered seven hits in his third complete game of the season and Rico Brogna snapped a fourth-inning tie with a solo homer as the Philadelphia Phillies edged the Reds 2-1.</p>
<p>Schilling (7-4) won for the fourth time in five starts, allowing one run with a walk and 11 strikeouts. He gave up a leadoff triple to Deion Sanders in the third and retired the next 15 batters before Joe Oliver's single in the eighth.</p>
<p>Brogna belted a 2-1 pitch from rookie starter Brett Tomko (0-1) over the right-field fence with one out in the fourth, giving Philadelphia a 2-1 lead.</p>
<p>In Montreal, Anthony Telford allowed one hit over 2 2/3 innings of relief and F.P. Santangelo's sacrifice fly capped a three-run fifth as the Expos rallied for a 5-4 victory over the New York Mets.</p>
<p>The Expos bullpen surrendered just two hits over 4 2/3 scoreless frames after the Mets knocked starter Carlos Perez out in the fifth. Perez was tagged for four runs and five hits before giving way to Marc Valdes (2-2).</p>
<p>Montreal rallied from a 4-2 deficit in the fifth on a leadoff homer by Darrin Fletcher, an RBI single by Doug Strange and Santangelo's sac fly.</p>
<p>In Los Angeles, Jim Eisenreich's bases-loaded triple highlighted a four-run first inning and four relievers allowed just two hits over the final four frames as the Florida Marlins beat the Dodgers 8-5.</p>
<p>The Marlins loaded the bases in the first against starter Hideo Nomo (5-4) before Eisenreich laced a 2-0 pitch into the right-field corner, clearing the bases. Eisenreich scored on Bobby Bonilla's single to centre field to make it 4-0.</p>
<p>Florida starter Al Leiter (5-4) got the win, despite getting tagged for five runs and five hits in five innings.</p>
<p>Nomo surrendered six runs and nine hits in four innings.</p>
</text>
<copyright>(c) Reuters Limited 1997</copyright>
<metadata>
<codes class="bip:countries:1.0">
  <code code="USA">
    <editdetail attribution="Reuters BIP Coding Group" action="confirmed" date="1997-05-28"/>
  </code>
</codes>
<codes class="bip:topics:1.0">
  <code code="GCAT">
    <editdetail attribution="Reuters BIP Coding Group" action="confirmed" date="1997-05-28"/>
  </code>
  <code code="GSPO">
    <editdetail attribution="Reuters BIP Coding Group" action="confirmed" date="1997-05-28"/>
  </code>
</codes>
<dc element="dc.date.created" value="1997-05-27"/>
<dc element="dc.publisher" value="Reuters Holdings Plc"/>
<dc element="dc.date.published" value="1997-05-28"/>
<dc element="dc.source" value="Reuters"/>
<dc element="dc.creator.location" value="DENVER"/>
<dc element="dc.creator.location.country.name" value="USA"/>
<dc element="dc.source" value="Reuters"/>
</metadata>
</newsitem>
