<?xml version="1.0" encoding="iso-8859-1" ?>
<newsitem itemid="619315" id="root" date="1997-05-28" xml:lang="en">
<title>UK: BADMINTON-WORLD CHAMPIONSHIPS WOMEN'S RESULTS.</title>
<headline>BADMINTON-WORLD CHAMPIONSHIPS WOMEN'S RESULTS.</headline>
<dateline>GLASGOW 1997-05-28</dateline>
<text>
<p>Results of women's singles matches at the world individual badminton championships on Wednesday (prefix number dentoes seeding):</p>
<p>1-Ye Zhaoying (China) beat Lisa Campbell (Australia)  11-1 11-1</p>
<p>16-Cindana (Indonesia) beat Marina Andrievskaya (Sweden) 11-7 11-12 11-3</p>
<p>8-Ra Kyung-min (South Korea) beat Anne Sondergaard (Denmark) 11-6 11-4</p>
<p>15-Dai Yun (China) beat Vlada Tcheniavskaya (Belarus) 11-0 11-0</p>
<p>3-Mia Audina (Indonesia) beat Katarazyna Krasowska (Poland) 11-8 11-1</p>
<p>13-Yao Yan (China) beat Ishwani Boopathy (Malaysia) 11-1 11-1</p>
<p>6-Wang Chen (China) beat Pomsawan Plungwech (Taiwan)  11-1 11-9</p>
<p>11-Lee Joo-hyun (South Korea) beat Koon Wai Chee (Hong Kong) 11-0 11-6.</p>
</text>
<copyright>(c) Reuters Limited 1997</copyright>
<metadata>
<codes class="bip:countries:1.0">
  <code code="AUSTR">
    <editdetail attribution="Reuters BIP Coding Group" action="confirmed" date="1997-05-28"/>
  </code>
  <code code="BYELRS">
    <editdetail attribution="Reuters BIP Coding Group" action="confirmed" date="1997-05-28"/>
  </code>
  <code code="CHINA">
    <editdetail attribution="Reuters BIP Coding Group" action="confirmed" date="1997-05-28"/>
  </code>
  <code code="DEN">
    <editdetail attribution="Reuters BIP Coding Group" action="confirmed" date="1997-05-28"/>
  </code>
  <code code="INDON">
    <editdetail attribution="Reuters BIP Coding Group" action="confirmed" date="1997-05-28"/>
  </code>
  <code code="MALAY">
    <editdetail attribution="Reuters BIP Coding Group" action="confirmed" date="1997-05-28"/>
  </code>
  <code code="POL">
    <editdetail attribution="Reuters BIP Coding Group" action="confirmed" date="1997-05-28"/>
  </code>
  <code code="SKOREA">
    <editdetail attribution="Reuters BIP Coding Group" action="confirmed" date="1997-05-28"/>
  </code>
  <code code="SWED">
    <editdetail attribution="Reuters BIP Coding Group" action="confirmed" date="1997-05-28"/>
  </code>
  <code code="UK">
    <editdetail attribution="Reuters BIP Coding Group" action="confirmed" date="1997-05-28"/>
  </code>
</codes>
<codes class="bip:topics:1.0">
  <code code="GCAT">
    <editdetail attribution="Reuters BIP Coding Group" action="confirmed" date="1997-05-28"/>
  </code>
  <code code="GSPO">
    <editdetail attribution="Reuters BIP Coding Group" action="confirmed" date="1997-05-28"/>
  </code>
</codes>
<dc element="dc.date.created" value="1997-05-28"/>
<dc element="dc.publisher" value="Reuters Holdings Plc"/>
<dc element="dc.date.published" value="1997-05-28"/>
<dc element="dc.source" value="Reuters"/>
<dc element="dc.creator.location" value="GLASGOW"/>
<dc element="dc.creator.location.country.name" value="UK"/>
<dc element="dc.source" value="Reuters"/>
</metadata>
</newsitem>
