<?xml version="1.0" encoding="iso-8859-1" ?>
<newsitem itemid="619360" id="root" date="1997-05-28" xml:lang="en">
<title>FRANCE: TENNIS-DAY THREE SNIPPETS FROM ROLAND GARROS.</title>
<headline>TENNIS-DAY THREE SNIPPETS FROM ROLAND GARROS.</headline>
<dateline>PARIS 1997-05-28</dateline>
<text>
<p>A brief selection of highlights from the third day of the French Open:</p>
<p>Best quotes -</p>
<p>&quot;I think probably his ego was a little bruised. If you take a bit of his limelight he doesn't like it.&quot; Jeff Tarango on opponent Thomas Muster.</p>
<p>&quot;We know the history of Jeff. He's not an easy guy and everyone knows that. I don't think what we saw today was very professional.&quot; Muster on Tarango.</p>
<p>- - - -</p>
<p>Stat of the day - The total of 10 Frenchmen involved in the second round is the most since 1983. That year Yannick Noah became the last French player to win the singles title.</p>
<p>- - - -</p>
<p>Strange coincidence - Chile's Marcelo Rios, given a first round scare by Zimbabwe's Wayne Black, will now meet Byron Black, Wayne's brother, in the second round on Thursday.</p>
</text>
<copyright>(c) Reuters Limited 1997</copyright>
<metadata>
<codes class="bip:countries:1.0">
  <code code="AUST">
    <editdetail attribution="Reuters BIP Coding Group" action="confirmed" date="1997-05-28"/>
  </code>
  <code code="FRA">
    <editdetail attribution="Reuters BIP Coding Group" action="confirmed" date="1997-05-28"/>
  </code>
  <code code="USA">
    <editdetail attribution="Reuters BIP Coding Group" action="confirmed" date="1997-05-28"/>
  </code>
  <code code="ZIMBAB">
    <editdetail attribution="Reuters BIP Coding Group" action="confirmed" date="1997-05-28"/>
  </code>
</codes>
<codes class="bip:topics:1.0">
  <code code="GCAT">
    <editdetail attribution="Reuters BIP Coding Group" action="confirmed" date="1997-05-28"/>
  </code>
  <code code="GSPO">
    <editdetail attribution="Reuters BIP Coding Group" action="confirmed" date="1997-05-28"/>
  </code>
</codes>
<dc element="dc.date.created" value="1997-05-28"/>
<dc element="dc.publisher" value="Reuters Holdings Plc"/>
<dc element="dc.date.published" value="1997-05-28"/>
<dc element="dc.source" value="Reuters"/>
<dc element="dc.creator.location" value="PARIS"/>
<dc element="dc.creator.location.country.name" value="FRANCE"/>
<dc element="dc.source" value="Reuters"/>
</metadata>
</newsitem>
