<?xml version="1.0" encoding="iso-8859-1" ?>
<newsitem itemid="619308" id="root" date="1997-05-28" xml:lang="en">
<title>UK: CRICKET-TAYLOR SURVIVES TENSE FINAL SESSION.</title>
<headline>CRICKET-TAYLOR SURVIVES TENSE FINAL SESSION.</headline>
<dateline>BRISTOL, England 1997-05-28</dateline>
<text>
<p>Mark Taylor, his captaincy under growing threat after a series of low scores, survived a last, tense 80 minutes as Australia struggled in their three-day match against Gloucestershire on Wednesday.</p>
<p>Taylor was unbeaten on 19 as Australia, trailing by 101 on the first innings, were 43 without loss in their second innings at the end of the second day of their three-day match against the current county championship leaders.</p>
<p>Gloucester opener Nick Trainor was largely responsible for home side's comfortable first innings lead, scoring 121, his maiden first-class century.</p>
<p>Trainer hit 17 fours in his 246-ball innings and shared a third wicket partnership of 142 in 34 overs with Rob Cunliffe who made 61.</p>
<p>Leg-spinner Shane Warne topped the bowling figures with four for 97 and Michael Kasprowicz took three for 101.</p>
<p>Taylor was still clearly out of touch when Australia batted again and at one stage went 11 overs without scoring. But he at least survived to fight another day.</p>
</text>
<copyright>(c) Reuters Limited 1997</copyright>
<metadata>
<codes class="bip:countries:1.0">
  <code code="AUSTR">
    <editdetail attribution="Reuters BIP Coding Group" action="confirmed" date="1997-05-28"/>
  </code>
  <code code="UK">
    <editdetail attribution="Reuters BIP Coding Group" action="confirmed" date="1997-05-28"/>
  </code>
</codes>
<codes class="bip:topics:1.0">
  <code code="GCAT">
    <editdetail attribution="Reuters BIP Coding Group" action="confirmed" date="1997-05-28"/>
  </code>
  <code code="GSPO">
    <editdetail attribution="Reuters BIP Coding Group" action="confirmed" date="1997-05-28"/>
  </code>
</codes>
<dc element="dc.date.created" value="1997-05-28"/>
<dc element="dc.publisher" value="Reuters Holdings Plc"/>
<dc element="dc.date.published" value="1997-05-28"/>
<dc element="dc.source" value="Reuters"/>
<dc element="dc.creator.location" value="BRISTOL, England"/>
<dc element="dc.creator.location.country.name" value="UK"/>
<dc element="dc.source" value="Reuters"/>
</metadata>
</newsitem>
