<?xml version="1.0" encoding="iso-8859-1" ?>
<newsitem itemid="619396" id="root" date="1997-05-28" xml:lang="en">
<title>SOUTH AFRICA: S.AFRICA INITIAL PUBLIC OFFERINGS - MAY 28.</title>
<headline>S.AFRICA INITIAL PUBLIC OFFERINGS - MAY 28.</headline>
<dateline>JOHANNESBURG 1997-05-28</dateline>
<text>
<p>The following initial public</p>
<p>offering timetable, including prices, for 1997 is tentative and</p>
<p>subject to change. Confirmed listing dates are marked (*).</p>
<p>To include items in this diary please phone the newsroom at</p>
<p>011 482 1003 or fax items to 011 482 1097.</p>
<p>================================================================</p>
<p>Company		Shrs	Price     Listing    Lead manager</p>
<p>			 (mln)     (cents)   date</p>
<p>================================================================</p>
<p>Stantronic	   --	  --	 June 2* Lowenthal &amp; Co and</p>
<p>							    Mathison &amp;Hollidge</p>
<p>(Reverses into Gentech Ltd cash shell. Electronics and</p>
<p>electrical sector)</p>
<p>----------------------------------------------------------------</p>
<p>First South	 125	 200	  June 10*  Huysamer Stals</p>
<p>Africa Foods </p>
<p>(food sector)</p>
<p>----------------------------------------------------------------</p>
<p>Molope Bakeries   120	  50	  Mid-year Legae Securities</p>
<p>(food sector)</p>
<p>----------------------------------------------------------------</p>
<p>Kairinos Foods    260	  100	 June 24*   Lowenthal &amp; Co</p>
<p>(beverages, hotels and leisure)</p>
<p>----------------------------------------------------------------</p>
<p>Advtech Education --	  --	   H2	    Smith Borkum </p>
<p>Hare	    </p>
<p>(operations are education)</p>
<p>----------------------------------------------------------------</p>
<p>Glenrand MIB	--	  --	   H2	    --</p>
<p>(operations are risk management consulting and insurance</p>
<p>broking)</p>
<p>----------------------------------------------------------------</p>
<p>Woolworths	  --	  --	   H2	    --</p>
<p>(stores sector)    </p>
<p>----------------------------------------------------------------</p>
<p>Truworths	   --	  --	   H2	    -- </p>
<p>International </p>
<p>(stores sector)			</p>
<p>----------------------------------------------------------------</p>
<p>Gauteng Horse     --	  --	   H2	    --</p>
<p>Racing Authority   </p>
<p>(operations are horse racing, betting)    </p>
<p>----------------------------------------------------------------</p>
<p>Nucleus Property  --	  --	   from H2     -- </p>
<p>Holdings		 </p>
<p>(operations are property)    </p>
<p>----------------------------------------------------------------</p>
<p>Conservation Corp --	  --	   1997	  -- </p>
<p>Africa</p>
<p>(operations are game reserves)    </p>
<p>----------------------------------------------------------------</p>
</text>
<copyright>(c) Reuters Limited 1997</copyright>
<metadata>
<codes class="bip:countries:1.0">
  <code code="SAFR">
    <editdetail attribution="Reuters BIP Coding Group" action="confirmed" date="1997-05-28"/>
  </code>
</codes>
<codes class="bip:industries:1.0">
  <code code="I34540">
    <editdetail attribution="Reuters BIP Coding Group" action="confirmed" date="1997-05-28"/>
  </code>
  <code code="I41900">
    <editdetail attribution="Reuters BIP Coding Group" action="confirmed" date="1997-05-28"/>
  </code>
  <code code="I82000">
    <editdetail attribution="Reuters BIP Coding Group" action="confirmed" date="1997-05-28"/>
  </code>
</codes>
<codes class="bip:topics:1.0">
  <code code="C14">
    <editdetail attribution="Reuters BIP Coding Group" action="confirmed" date="1997-05-28"/>
  </code>
  <code code="C17">
    <editdetail attribution="Reuters BIP Coding Group" action="confirmed" date="1997-05-28"/>
  </code>
  <code code="C171">
    <editdetail attribution="Reuters BIP Coding Group" action="confirmed" date="1997-05-28"/>
  </code>
  <code code="CCAT">
    <editdetail attribution="Reuters BIP Coding Group" action="confirmed" date="1997-05-28"/>
  </code>
</codes>
<dc element="dc.date.created" value="1997-05-28"/>
<dc element="dc.publisher" value="Reuters Holdings Plc"/>
<dc element="dc.date.published" value="1997-05-28"/>
<dc element="dc.source" value="Reuters"/>
<dc element="dc.creator.location" value="JOHANNESBURG"/>
<dc element="dc.creator.location.country.name" value="SOUTH AFRICA"/>
<dc element="dc.source" value="Reuters"/>
</metadata>
</newsitem>
