<?xml version="1.0" encoding="iso-8859-1" ?>
<newsitem itemid="619327" id="root" date="1997-05-28" xml:lang="en">
<title>ARMENIA: SOCCER-EARLY BABAYAN GOAL SETTLES ARMENIAN CUP FINAL.</title>
<headline>SOCCER-EARLY BABAYAN GOAL SETTLES ARMENIAN CUP FINAL.</headline>
<dateline>YEREVAN 1997-05-28</dateline>
<text>
<p>Ararat Yerevan beat capital rivals Punic 1-0 on Wednesday to take the Armenian Cup for the fourth time in the competition's five-year history.</p>
<p>A sixth-minute strike by Sedrak Babayan settled the game in favour of Ararat, the only Armenian club to have won the Soviet championship.</p>
</text>
<copyright>(c) Reuters Limited 1997</copyright>
<metadata>
<codes class="bip:countries:1.0">
  <code code="ARMEN">
    <editdetail attribution="Reuters BIP Coding Group" action="confirmed" date="1997-05-28"/>
  </code>
</codes>
<codes class="bip:topics:1.0">
  <code code="GCAT">
    <editdetail attribution="Reuters BIP Coding Group" action="confirmed" date="1997-05-28"/>
  </code>
  <code code="GSPO">
    <editdetail attribution="Reuters BIP Coding Group" action="confirmed" date="1997-05-28"/>
  </code>
</codes>
<dc element="dc.date.created" value="1997-05-28"/>
<dc element="dc.publisher" value="Reuters Holdings Plc"/>
<dc element="dc.date.published" value="1997-05-28"/>
<dc element="dc.source" value="Reuters"/>
<dc element="dc.creator.location" value="YEREVAN"/>
<dc element="dc.creator.location.country.name" value="ARMENIA"/>
<dc element="dc.source" value="Reuters"/>
</metadata>
</newsitem>
