<?xml version="1.0" encoding="iso-8859-1" ?>
<newsitem itemid="619300" id="root" date="1997-05-28" xml:lang="en">
<title>ITALY: CYCLING-TONKOV STAYS AHEAD IN GIRO.</title>
<headline>CYCLING-TONKOV STAYS AHEAD IN GIRO.</headline>
<dateline>CAMAIORE, Italy 1997-05-28</dateline>
<text>
<p>Russian Pavel Tonkov retained the Giro d'Italia lead for a ninth day as his Italian team mate Gabriele Missaglia won the 11th stage on Wednesday.</p>
<p>Missaglia won an all-Italian battle over the final kilometres, a metre clear of Andrea Vatteroni with Mirko Celestino third after a 159-km race over three laps of a circuit at this holiday resort.</p>
<p>The main field, including Tonkov, finished one minute behind Missaglia.</p>
<p>Tonkov remained 41 seconds clear of Frenchman Luc Leblanc.</p>
</text>
<copyright>(c) Reuters Limited 1997</copyright>
<metadata>
<codes class="bip:countries:1.0">
  <code code="ITALY">
    <editdetail attribution="Reuters BIP Coding Group" action="confirmed" date="1997-05-28"/>
  </code>
  <code code="RUSS">
    <editdetail attribution="Reuters BIP Coding Group" action="confirmed" date="1997-05-28"/>
  </code>
</codes>
<codes class="bip:topics:1.0">
  <code code="GCAT">
    <editdetail attribution="Reuters BIP Coding Group" action="confirmed" date="1997-05-28"/>
  </code>
  <code code="GSPO">
    <editdetail attribution="Reuters BIP Coding Group" action="confirmed" date="1997-05-28"/>
  </code>
</codes>
<dc element="dc.date.created" value="1997-05-28"/>
<dc element="dc.publisher" value="Reuters Holdings Plc"/>
<dc element="dc.date.published" value="1997-05-28"/>
<dc element="dc.source" value="Reuters"/>
<dc element="dc.creator.location" value="CAMAIORE, Italy"/>
<dc element="dc.creator.location.country.name" value="ITALY"/>
<dc element="dc.source" value="Reuters"/>
</metadata>
</newsitem>
