<?xml version="1.0" encoding="iso-8859-1" ?>
<newsitem itemid="619338" id="root" date="1997-05-28" xml:lang="en">
<title>AUSTRALIA: CRICKET-TAYLOR WRITTEN OFF AS &quot;DEAD DUCK&quot;.</title>
<headline>CRICKET-TAYLOR WRITTEN OFF AS &quot;DEAD DUCK&quot;.</headline>
<dateline>SYDNEY 1997-05-28</dateline>
<text>
<p>Out-of-form captain Mark Taylor is becoming a luxury Australia cannot afford to carry in next week's first Ashes test against England, Australian newspapers decided on Wednesday.</p>
<p>&quot;Dead Duck&quot; said the headine in Sydney's Daily Telegraph after Taylor's latest setback on tour in England, a fourth-ball duck against against Gloucestershire.</p>
<p>&quot;Given the Australians' collective poor form so far, there is a strong argument they cannot afford to carry anyone into the test who is so painfully unable to make a decent contribution, regardless of his status as captain,&quot; the paper said.</p>
<p>The Sydney Morning Herald agreed that Taylor, who has not scored a test 50 since late 1995 and scored only 18 in the firt two one-day matches against England, should go.</p>
<p>&quot;On top of all that has preceded it (Taylor's latest failure), it is hard to argue that his place is sustainable any longer,&quot; the newspaper wrote.</p>
<p>England, who won the limited overs series 3-0 last weekend, host the tourists in the first test at Edgbaston from June 5, quickly followed by the second test at Lord's from June 19-23.</p>
<p>Taylors's immediate future rests with a three-man tour selection panel comprising coach Geoff Marsh, vice-captain Steve Waugh and Taylor himself.</p>
<p>&quot;Unless Taylor can find any sort of form in the next week that (his place in the test team) should not be guaranteed,&quot; The Australian newspaper said.</p>
<p>&quot;At the most he now has only the second innings of this game (against Gloucestershire) and a three-day match against Derbyshire, beginning on Saturday, to show something.&quot;</p>
</text>
<copyright>(c) Reuters Limited 1997</copyright>
<metadata>
<codes class="bip:countries:1.0">
  <code code="AUSTR">
    <editdetail attribution="Reuters BIP Coding Group" action="confirmed" date="1997-05-28"/>
  </code>
  <code code="UK">
    <editdetail attribution="Reuters BIP Coding Group" action="confirmed" date="1997-05-28"/>
  </code>
</codes>
<codes class="bip:topics:1.0">
  <code code="GCAT">
    <editdetail attribution="Reuters BIP Coding Group" action="confirmed" date="1997-05-28"/>
  </code>
  <code code="GSPO">
    <editdetail attribution="Reuters BIP Coding Group" action="confirmed" date="1997-05-28"/>
  </code>
</codes>
<dc element="dc.date.created" value="1997-05-28"/>
<dc element="dc.publisher" value="Reuters Holdings Plc"/>
<dc element="dc.date.published" value="1997-05-28"/>
<dc element="dc.source" value="Reuters"/>
<dc element="dc.creator.location" value="SYDNEY"/>
<dc element="dc.creator.location.country.name" value="AUSTRALIA"/>
<dc element="dc.source" value="Reuters"/>
</metadata>
</newsitem>
