<?xml version="1.0" encoding="iso-8859-1" ?>
<newsitem itemid="619324" id="root" date="1997-05-28" xml:lang="en">
<title>DEMOCRATIC REPUBLIC OF CONGO: SOCCER-KABILA GOVERNMENT CHANGES NATIONAL TEAM'S NAME.</title>
<headline>SOCCER-KABILA GOVERNMENT CHANGES NATIONAL TEAM'S NAME.</headline>
<dateline>KINSHASA 1997-05-28</dateline>
<text>
<p>The Democratic Republic of Congo, former Zaire, has changed the name of its national soccer team from the Leopards to the Simbas -- Swahili for the Lions.</p>
<p>State radio and television announced the name change on Wednesday, on the eve of the inauguration of Laurent Kabila as president of Africa's third largest country.</p>
<p>The old name was closely associated with dictator Mobutu Sese Seko, deposed by Kabila's forces who entered the capital Kinshasa on May 17. Mobutu, who ruled for more than three decades, wore a trade-mark leopard-skin hat.</p>
<p>The Simbas are due to play neighbouring Congo -- the smaller Republic of Congo that is -- in a World Cup qualifier on June 8.</p>
</text>
<copyright>(c) Reuters Limited 1997</copyright>
<metadata>
<codes class="bip:countries:1.0">
  <code code="ZAIRE">
    <editdetail attribution="Reuters BIP Coding Group" action="confirmed" date="1997-05-28"/>
  </code>
</codes>
<codes class="bip:topics:1.0">
  <code code="GCAT">
    <editdetail attribution="Reuters BIP Coding Group" action="confirmed" date="1997-05-28"/>
  </code>
  <code code="GSPO">
    <editdetail attribution="Reuters BIP Coding Group" action="confirmed" date="1997-05-28"/>
  </code>
</codes>
<dc element="dc.date.created" value="1997-05-28"/>
<dc element="dc.publisher" value="Reuters Holdings Plc"/>
<dc element="dc.date.published" value="1997-05-28"/>
<dc element="dc.source" value="Reuters"/>
<dc element="dc.creator.location" value="KINSHASA"/>
<dc element="dc.creator.location.country.name" value="DEMOCRATIC REPUBLIC OF CONGO"/>
<dc element="dc.source" value="Reuters"/>
</metadata>
</newsitem>
