<?xml version="1.0" encoding="iso-8859-1" ?>
<newsitem itemid="619398" id="root" date="1997-05-28" xml:lang="en">
<title>ZAMBIA: NORWAY RESUMES PROJECT AID TO ZAMBIA.</title>
<headline>NORWAY RESUMES PROJECT AID TO ZAMBIA.</headline>
<dateline>LUSAKA 1997-05-28</dateline>
<text>
<p>Norway has resumed project funding to Zambia after freezing aid to Lusaka in 1996 in protest against constitutional changes which barred some candidates from participating in general elections.</p>
<p>Norway's ambassador Jon Lomoy told Reuters his country would grant Zambia 240 million kroner ($35 million) in project aid in 1997, but would maintain a freeze on balance of payment support to force reform.</p>
<p>&quot;Norway will provide a total of 240 million kroner in project assistance to Zambia this year,&quot; Lomoy said.</p>
<p>&quot;However, no balance of payment support has been allocated to Zambia under Norway's 1997 budget,&quot; he added.</p>
<p>Western government, led by the United States, suspended aid to Zambia after its government approved changes to the constitution which saw former president Kenneth Kaunda barred from contesting the November poll, won by President Frederick Chiluba.</p>
<p>Analysts say most donors now appear willing to restore normal aid flows to Zambia after assurances by Chiluba that his government will address governance concerns and keep its structural adjustment programme on track.</p>
<p>Donors resumed dialogue with the Zambian government in April after a year-long break and are due to hold a Consultative Group meeting on July 9 to make aid pledges to Zambia, which is banking on donors to meet one third of its $1.1 billion budget for 1997.</p>
<p>Lomoy said donors were pleased with some actions the government towards reform, but were still worried about the lack of dialogue between the government and opposition parties.</p>
<p>&quot;We commend the government for establishing a human rights commission and for assurances that it will not control the media, but this does not mean we are satisfied in all areas,&quot; Lomoy said.</p>
<p>&quot;We underline the importance of internal political dialogue aimed at arriving at a broad consensus on the rules of the political game,&quot; he added.</p>
<p>Zambian opposition parties have boycotted three parliamentary by-elections this year to force the government to nullify the outcome of last year's national poll and create a new voters register.</p>
<p>Four opposition parties are challenging the outcome of the election, which they claim were rigged, through electoral petitions.</p>
<p>The opposition Zambia Democratic Congress, headed by former deputy minister Dean Mungomba,  says it will resort to violence to unseat the Chiluba government.</p>
</text>
<copyright>(c) Reuters Limited 1997</copyright>
<metadata>
<codes class="bip:countries:1.0">
  <code code="NORW">
    <editdetail attribution="Reuters BIP Coding Group" action="confirmed" date="1997-05-28"/>
  </code>
  <code code="ZAMBIA">
    <editdetail attribution="Reuters BIP Coding Group" action="confirmed" date="1997-05-28"/>
  </code>
</codes>
<codes class="bip:topics:1.0">
  <code code="E51">
    <editdetail attribution="Reuters BIP Coding Group" action="confirmed" date="1997-05-28"/>
  </code>
  <code code="ECAT">
    <editdetail attribution="Reuters BIP Coding Group" action="confirmed" date="1997-05-28"/>
  </code>
  <code code="GCAT">
    <editdetail attribution="Reuters BIP Coding Group" action="confirmed" date="1997-05-28"/>
  </code>
  <code code="GDIP">
    <editdetail attribution="Reuters BIP Coding Group" action="confirmed" date="1997-05-28"/>
  </code>
  <code code="GPOL">
    <editdetail attribution="Reuters BIP Coding Group" action="confirmed" date="1997-05-28"/>
  </code>
  <code code="GVOTE">
    <editdetail attribution="Reuters BIP Coding Group" action="confirmed" date="1997-05-28"/>
  </code>
</codes>
<dc element="dc.date.created" value="1997-05-28"/>
<dc element="dc.publisher" value="Reuters Holdings Plc"/>
<dc element="dc.date.published" value="1997-05-28"/>
<dc element="dc.source" value="Reuters"/>
<dc element="dc.creator.location" value="LUSAKA"/>
<dc element="dc.creator.location.country.name" value="ZAMBIA"/>
<dc element="dc.source" value="Reuters"/>
</metadata>
</newsitem>
