<?xml version="1.0" encoding="iso-8859-1" ?>
<newsitem itemid="619378" id="root" date="1997-05-28" xml:lang="en">
<title>SPAIN: SOCCER-RONALDO CONTRACT TALKS HIT SNAG OVER BONUS.</title>
<headline>SOCCER-RONALDO CONTRACT TALKS HIT SNAG OVER BONUS.</headline>
<dateline>MADRID 1997-05-28</dateline>
<text>
<p>A dispute over a 2.0 billion peseta ($14 million) bonus hit talks to keep Brazilian striker Ronaldo at Barcelona, Spanish media said on Wednesday.</p>
<p>Reports said negotiations had been suspended over different views about the one-off bonus agreed last October. The Spanish club reportedly said it would pay it to ensure Ronaldo did not go to another team.</p>
<p>Barcelona wanted to pay the money through a company based in the Virgin Islands to save on taxes estimated at 1.0 billion pesetas ($7 million). But Ronaldo's agents demanded the money be paid in Spain net of taxes.</p>
<p>A spokesman for Barcelona said he had no comment on the reports.</p>
<p>The club said on Tuesday Ronaldo had renewed his 10-year contract with the Catalan team.</p>
<p>The 20-year-old striker signed on for nine more years at 500 million pesetas ($3.5 million) a season after protracted talks on the cost of breaking his contract, which was finally set at 10 billion pesetas ($69.9 million).</p>
<p>Barcelona had been holding out for 15 billion pesetas ($104.85 million), almost double the amount clubs have to pay to poach other star players from Spain and almost treble the four billion ($27.98 million) set when Ronaldo first signed the contract in 1996.</p>
<p>Italian, English and French clubs had shown interest in Ronaldo, whose 34 goals this season are far more than any other player in the Spanish league or the European Golden Boot competition.</p>
</text>
<copyright>(c) Reuters Limited 1997</copyright>
<metadata>
<codes class="bip:countries:1.0">
  <code code="BRAZ">
    <editdetail attribution="Reuters BIP Coding Group" action="confirmed" date="1997-05-28"/>
  </code>
  <code code="SPAIN">
    <editdetail attribution="Reuters BIP Coding Group" action="confirmed" date="1997-05-28"/>
  </code>
</codes>
<codes class="bip:topics:1.0">
  <code code="GCAT">
    <editdetail attribution="Reuters BIP Coding Group" action="confirmed" date="1997-05-28"/>
  </code>
  <code code="GSPO">
    <editdetail attribution="Reuters BIP Coding Group" action="confirmed" date="1997-05-28"/>
  </code>
</codes>
<dc element="dc.date.created" value="1997-05-28"/>
<dc element="dc.publisher" value="Reuters Holdings Plc"/>
<dc element="dc.date.published" value="1997-05-28"/>
<dc element="dc.source" value="Reuters"/>
<dc element="dc.creator.location" value="MADRID"/>
<dc element="dc.creator.location.country.name" value="SPAIN"/>
<dc element="dc.source" value="Reuters"/>
</metadata>
</newsitem>
