<?xml version="1.0" encoding="iso-8859-1" ?>
<newsitem itemid="619303" id="root" date="1997-05-28" xml:lang="en">
<title>ITALY: CYCLING-FOUR GIRO RIDERS BANNED OVER BLOOD TESTS. [CORRECTED 13:20 GMT]</title>
<headline>CYCLING-FOUR GIRO RIDERS BANNED OVER BLOOD TESTS. [CORRECTED 13:20 GMT]</headline>
<dateline>CAMAIORE, Italy 1997-05-28</dateline>
<text>
<p>Four riders were banned from the Giro d'Italia on Wednesday after failing random blood tests.</p>
<p>Ukraine's Vladimir Poulnikov, Frenchman Thierry Laurent and Italians Marco Gili and Roberto Moretti were declared medically unfit to continue the race because their red blood cell count was too high, officials said. International Cycling Union (UCI) jury president Michel Riviere said blood samples had been taken from 19 riders before the start of Wednesday's 159-km stage.</p>
<p>(Corrects to make clear Riviere is president of the jury, not the UCI itself).</p>
<p>Poulnikov, Gili and Moretti were all from the same Kross team. Poulnikov was the highest-placed of those banned at 21st overall, 5.22 seconds behind Giro leader Pavel Tonkov of Russia.</p>
<p>The UCI introduced blood tests in Janaury to help combat the use of EPO (erythropoietin) and injectable blood-doping substances that simulate altitude training by increasing the number of oxygen-rich red blood cells.</p>
<p>If a test shows a rider's oxygen-carrying capacity in his blood is above 50 percent he is considered unfit to race and is automatically suspended.</p>
</text>
<copyright>(c) Reuters Limited 1997</copyright>
<metadata>
<codes class="bip:countries:1.0">
  <code code="FRA">
    <editdetail attribution="Reuters BIP Coding Group" action="confirmed" date="1997-05-28"/>
  </code>
  <code code="ITALY">
    <editdetail attribution="Reuters BIP Coding Group" action="confirmed" date="1997-05-28"/>
  </code>
  <code code="UKRN">
    <editdetail attribution="Reuters BIP Coding Group" action="confirmed" date="1997-05-28"/>
  </code>
</codes>
<codes class="bip:topics:1.0">
  <code code="GCAT">
    <editdetail attribution="Reuters BIP Coding Group" action="confirmed" date="1997-05-28"/>
  </code>
  <code code="GSPO">
    <editdetail attribution="Reuters BIP Coding Group" action="confirmed" date="1997-05-28"/>
  </code>
</codes>
<dc element="dc.date.created" value="1997-05-28"/>
<dc element="dc.publisher" value="Reuters Holdings Plc"/>
<dc element="dc.date.published" value="1997-05-28"/>
<dc element="dc.source" value="Reuters"/>
<dc element="dc.creator.location" value="CAMAIORE, Italy"/>
<dc element="dc.creator.location.country.name" value="ITALY"/>
<dc element="dc.source" value="Reuters"/>
</metadata>
</newsitem>
