<?xml version="1.0" encoding="iso-8859-1" ?>
<newsitem itemid="619397" id="root" date="1997-05-28" xml:lang="en">
<title>SOUTH AFRICA: REASONABLE PROFIT GROWTH THIS YEAR - METCASH .</title>
<headline>REASONABLE PROFIT GROWTH THIS YEAR - METCASH .</headline>
<dateline>JOHANNESBURG 1997-05-28</dateline>
<text>
<p>South African retailer Metro Cash and Carry Ltd said on Wednesday it expected reasonable profit growth in the current year.  </p>
<p>Managing director Carlos dos Santos said the group should make further market share gains at home and with continuing strong offshore growth he expected &quot;a reasonable increase in profits in the coming year&quot;.  </p>
<p>However, the level of crime and continued high interest rates in the country were a major cause for concern and would likely prevent an improvement in the economy and consumer spending.</p>
<p>&quot;Expectations are that the current year's economic climate will remain difficult with little, if any, respite for hardpressed consumers,&quot; dos Santos said in a statement.</p>
<p>&quot;Notwithstanding this outlook, the group's positioning in the marketplace as well as its domestic and international expansion programmes should yield satisfactory results in the year ahead,&quot; he added.</p>
<p>The group on Wednesday reported a 25 percent increase in year headline earnings per share to 17 cents while the dividend also rose by 25 percent.</p>
<p>Attributable income rose by 35 percent to 156.4 million rand for the year.</p>
<p>-- Johannesburg newsroom 27 11 482 1003</p>
</text>
<copyright>(c) Reuters Limited 1997</copyright>
<metadata>
<codes class="bip:countries:1.0">
  <code code="SAFR">
    <editdetail attribution="Reuters BIP Coding Group" action="confirmed" date="1997-05-28"/>
  </code>
</codes>
<codes class="bip:industries:1.0">
  <code code="I61000">
    <editdetail attribution="Reuters BIP Coding Group" action="confirmed" date="1997-05-28"/>
  </code>
</codes>
<codes class="bip:topics:1.0">
  <code code="C15">
    <editdetail attribution="Reuters BIP Coding Group" action="confirmed" date="1997-05-28"/>
  </code>
  <code code="C152">
    <editdetail attribution="Reuters BIP Coding Group" action="confirmed" date="1997-05-28"/>
  </code>
  <code code="CCAT">
    <editdetail attribution="Reuters BIP Coding Group" action="confirmed" date="1997-05-28"/>
  </code>
</codes>
<dc element="dc.date.created" value="1997-05-28"/>
<dc element="dc.publisher" value="Reuters Holdings Plc"/>
<dc element="dc.date.published" value="1997-05-28"/>
<dc element="dc.source" value="Reuters"/>
<dc element="dc.creator.location" value="JOHANNESBURG"/>
<dc element="dc.creator.location.country.name" value="SOUTH AFRICA"/>
<dc element="dc.source" value="Reuters"/>
</metadata>
</newsitem>
