<?xml version="1.0" encoding="iso-8859-1" ?>
<newsitem itemid="619318" id="root" date="1997-05-28" xml:lang="en">
<title>UK: CRICKET-BENSON AND HEDGES CUP SEMIFINAL DRAW.</title>
<headline>CRICKET-BENSON AND HEDGES CUP SEMIFINAL DRAW.</headline>
<dateline>LONDON 1997-05-28</dateline>
<text>
<p>Draw for the semifinal of the Benson and Hedges Cup made on Wednesday:</p>
<p>Surrey v Leicestershire</p>
<p>Kent v Northamptonshire</p>
<p>Matches to be played on Tuesday, June 10.</p>
</text>
<copyright>(c) Reuters Limited 1997</copyright>
<metadata>
<codes class="bip:countries:1.0">
  <code code="UK">
    <editdetail attribution="Reuters BIP Coding Group" action="confirmed" date="1997-05-28"/>
  </code>
</codes>
<codes class="bip:topics:1.0">
  <code code="GCAT">
    <editdetail attribution="Reuters BIP Coding Group" action="confirmed" date="1997-05-28"/>
  </code>
  <code code="GSPO">
    <editdetail attribution="Reuters BIP Coding Group" action="confirmed" date="1997-05-28"/>
  </code>
</codes>
<dc element="dc.date.created" value="1997-05-28"/>
<dc element="dc.publisher" value="Reuters Holdings Plc"/>
<dc element="dc.date.published" value="1997-05-28"/>
<dc element="dc.source" value="Reuters"/>
<dc element="dc.creator.location" value="LONDON"/>
<dc element="dc.creator.location.country.name" value="UK"/>
<dc element="dc.source" value="Reuters"/>
</metadata>
</newsitem>
