<?xml version="1.0" encoding="iso-8859-1" ?>
<newsitem itemid="619376" id="root" date="1997-05-28" xml:lang="en">
<title>NETHERLANDS: SOCCER-DUTCH CLUB DEN HAAG EYES STOCKS FLOTATION.</title>
<headline>SOCCER-DUTCH CLUB DEN HAAG EYES STOCKS FLOTATION.</headline>
<dateline>AMSTERDAM 1997-05-28</dateline>
<text>
<p>Dutch second division soccer side HFC ADO Den Haag said on Wednesday it was looking at the possibility of listing its shares on the New Market of the Amsterdam Stock Exchange.</p>
<p>To do so the club, based in The Hague, would set up a new unit called NV ADO Den Haag.</p>
<p>&quot;This company ... aims at supplying the necessary financial means to the soccer club so it could return to the (Dutch) premier league and eventually to playing European soccer,&quot; the club said in a statement.</p>
<p>ADO Den Haag played a prominent role in Dutch and European soccer in the 1970s but later was relegated and fell back to a rather unspectacular position.</p>
<p>It is seventh in the Dutch second division, with one round to play. But it has also qualified for the play-offs through which it might secure promotion to the premier league in the 1997/98 season.</p>
<p>The club said a sound financial basis was a top priority given the hefty budgets which soccer clubs need to meet such expenses as accommodation and high player salaries.</p>
<p>When NV ADO Den Haag lists on the Amsterdam bourse, it wants shareholders' equity to be 15 million guilders ($7.8 million), it added.</p>
<p>ADO Den Haag previously said it planned a private share issue worth 10 million guilders as a prelude to a market listing within five years.</p>
<p>PSV Eindhoven, which won the Dutch premier league title last Sunday, said earlier this year it expected to be publicly quoted by the year 2005.</p>
<p>-- Amsterdam newsroom +31 20 504 5000, Fax +31 20 504 5040 ($ = 1.915 Dutch Guilders)</p>
</text>
<copyright>(c) Reuters Limited 1997</copyright>
<metadata>
<codes class="bip:countries:1.0">
  <code code="NETH">
    <editdetail attribution="Reuters BIP Coding Group" action="confirmed" date="1997-05-28"/>
  </code>
</codes>
<codes class="bip:topics:1.0">
  <code code="GCAT">
    <editdetail attribution="Reuters BIP Coding Group" action="confirmed" date="1997-05-28"/>
  </code>
  <code code="GSPO">
    <editdetail attribution="Reuters BIP Coding Group" action="confirmed" date="1997-05-28"/>
  </code>
</codes>
<dc element="dc.date.created" value="1997-05-28"/>
<dc element="dc.publisher" value="Reuters Holdings Plc"/>
<dc element="dc.date.published" value="1997-05-28"/>
<dc element="dc.source" value="Reuters"/>
<dc element="dc.creator.location" value="AMSTERDAM"/>
<dc element="dc.creator.location.country.name" value="NETHERLANDS"/>
<dc element="dc.source" value="Reuters"/>
</metadata>
</newsitem>
