<?xml version="1.0" encoding="iso-8859-1" ?>
<newsitem itemid="619403" id="root" date="1997-05-28" xml:lang="en">
<title>LITHUANIA: BROKERS OPTIMISTIC DESPITE SUSPENSIONS.</title>
<headline>BROKERS OPTIMISTIC DESPITE SUSPENSIONS.</headline>
<dateline>VILNIUS 1997-05-28</dateline>
<text>
<p>Brokers said they were optimistic on Wednesday, as high expectations for Hermis Bank and Baltic Shipyard shares lifted spirits lowered by suspensions of some of the most popular shares on Lithuania's stock exchange.</p>
<p>&quot;It seems that the market is recovering,&quot; said Saulius Merkys, a broker with Vilfima.</p>
<p>&quot;The mood is positive,&quot; said Tomas Andrejauskas, a broker with Suprema.</p>
<p>&quot;We had six ups, four downs and seven shares stayed at the same level as yesterday,&quot; Andrejauskas said.</p>
<p>&quot;Probably we'll see some interesting things in the next one or two months with Lithuanian Sea Shipping Company (LISCO), Ekranas, Hermis Bank, Rokishkis Cheese and Vilniaus Vingis going up,&quot; Merkys said.</p>
<p>Hermis Bank advanced to 180.00 litas from 175.00 litas, while Rokishkis held steady at 44.00 litas.</p>
<p>Trading in Vilniaus Vingis was suspended today, as were Vilniaus Bank shares. The Lithuanian bourse is weathering a number of suspensions for shareholders' meetings and other business.</p>
<p>Ekranas shares edged up slightly to 5.31 litas from 5.29 litas. LISCO was at 6.55 litas from 6.52 litas.</p>
<p>Baltic Shipyard shares were also raised to 8.31 litas from 8.12 litas on news the government was planning to sell the state's 11.26 million litas stake on the bourse between June 7 and August 7, brokers said.</p>
<p>-- Burton Frierson, Vilnius newsroom + 370 2 22 35 18</p>
</text>
<copyright>(c) Reuters Limited 1997</copyright>
<metadata>
<codes class="bip:countries:1.0">
  <code code="LITH">
    <editdetail attribution="Reuters BIP Coding Group" action="confirmed" date="1997-05-28"/>
  </code>
</codes>
<codes class="bip:topics:1.0">
  <code code="M11">
    <editdetail attribution="Reuters BIP Coding Group" action="confirmed" date="1997-05-28"/>
  </code>
  <code code="MCAT">
    <editdetail attribution="Reuters BIP Coding Group" action="confirmed" date="1997-05-28"/>
  </code>
</codes>
<dc element="dc.date.created" value="1997-05-28"/>
<dc element="dc.publisher" value="Reuters Holdings Plc"/>
<dc element="dc.date.published" value="1997-05-28"/>
<dc element="dc.source" value="Reuters"/>
<dc element="dc.creator.location" value="VILNIUS"/>
<dc element="dc.creator.location.country.name" value="LITHUANIA"/>
<dc element="dc.source" value="Reuters"/>
</metadata>
</newsitem>
