<?xml version="1.0" encoding="iso-8859-1" ?>
<newsitem itemid="619418" id="root" date="1997-05-28" xml:lang="en">
<title>ROMANIA: ROMANIA CEN BANK INTERVENES TO KEEP LEU LOW.</title>
<headline>ROMANIA CEN BANK INTERVENES TO KEEP LEU LOW.</headline>
<dateline>BUCHAREST 1997-05-28</dateline>
<text>
<p>Operators on Romania's foreign exchange market said on Wednesday that the central bank had intervened to prevent the leu from appreciating after standing at 7,050/90 to the dollar for days.</p>
<p>&quot;We are certain that the National Bank bank has intervened and bought large amounts of dollars,&quot; one dealer with a private bank said.</p>
<p>The leu closed the day weaker at 7,120/180 to the dollar.</p>
<p>&quot;It is clear that their (BNR) action is meant to prevent the leu from firming.&quot; the dealer said.</p>
<p>BNR spokesman Mugur Stet denied any intervention by the bank saying Wednesday's dollar purchases had been in line with the central bank's policy to build up reserves.</p>
<p>&quot;I admit we bought fairly large amounts of dollars over the past weeks,&quot; Stet told Reuters. &quot;We had to buy because the market started being flooded with hard currency from portfolio investors to the capital market. So we had to take action,&quot; he said.</p>
<p>On Tuesday, Prime Minister Victor Ciorbea said the BNR's foreign exchange reserves stood at $1.6 billion, double the level recorded in February.</p>
<p>However, operators said on Wednesday the BNR had placed buying orders with a firm quotation by mid-day, departing from the &quot;regular&quot; pattern of late trading deals, usually with banks with long positions.</p>
<p>&quot;There is no doubt that the central bank has bought a record amount of dollars from many banks today. It might be a signal to exporters,&quot; said another operator.</p>
<p>But dealers declined to elaborate on the range of BNR bids.</p>
<p>The daily Curierul National quoted BNR governor Mugur Isarescu as saying excess dollars on the market, amid a lower demand for credits, could prompt the central bank to intervene to drain the surplus and prevent the leu from firming.</p>
<p>Analysts warned a firmer leu could have a negative impact on reforms, affecting mainly exports and restructuring.</p>
<p>On Wednesday, dealers also said a T-bill issue worth 82 billion lei had not been sufficient to drain leu funds from the money market, in the absence of other banking instruments to mop up the excess.</p>
</text>
<copyright>(c) Reuters Limited 1997</copyright>
<metadata>
<codes class="bip:countries:1.0">
  <code code="ROM">
    <editdetail attribution="Reuters BIP Coding Group" action="confirmed" date="1997-05-28"/>
  </code>
</codes>
<codes class="bip:topics:1.0">
  <code code="E12">
    <editdetail attribution="Reuters BIP Coding Group" action="confirmed" date="1997-05-28"/>
  </code>
  <code code="ECAT">
    <editdetail attribution="Reuters BIP Coding Group" action="confirmed" date="1997-05-28"/>
  </code>
  <code code="M13">
    <editdetail attribution="Reuters BIP Coding Group" action="confirmed" date="1997-05-28"/>
  </code>
  <code code="M132">
    <editdetail attribution="Reuters BIP Coding Group" action="confirmed" date="1997-05-28"/>
  </code>
  <code code="MCAT">
    <editdetail attribution="Reuters BIP Coding Group" action="confirmed" date="1997-05-28"/>
  </code>
</codes>
<dc element="dc.date.created" value="1997-05-28"/>
<dc element="dc.publisher" value="Reuters Holdings Plc"/>
<dc element="dc.date.published" value="1997-05-28"/>
<dc element="dc.source" value="Reuters"/>
<dc element="dc.creator.location" value="BUCHAREST"/>
<dc element="dc.creator.location.country.name" value="ROMANIA"/>
<dc element="dc.source" value="Reuters"/>
</metadata>
</newsitem>
