<?xml version="1.0" encoding="iso-8859-1" ?>
<newsitem itemid="619438" id="root" date="1997-05-28" xml:lang="en">
<title>POLAND: MICHAEL JACKSON MAY BUILD AMUSEMENT PARK IN WARSAW.</title>
<headline>MICHAEL JACKSON MAY BUILD AMUSEMENT PARK IN WARSAW.</headline>
<dateline>WARSAW 1997-05-28</dateline>
<text>
<p>Pop star Michael Jackson and the Mayor of Warsaw signed on Wednesday a preliminary letter of intent to develop a Family Entertainment Theme Park in the Polish capital.</p>
<p>The letter said both parties would appoint representatives who would jointly study the project and present their recommendations in 12 months.</p>
<p>&quot;Following this report both parties shall meet and agree on whether to continue this project and on what terms, if any,&quot; the letter said.</p>
<p>Jackson, on a two-day visit to Poland, is also looking to restore a vast 300-room palace in the western town of Lubiaz to live in sometimes.</p>
<p>&quot;I was six times around the world and no other country has touched me the way Poland has,&quot; Jackson, wearing a black, uniform-like tunic, hat and dark glasses said after the signing ceremony.</p>
<p>Warsaw Mayor Marcin Swiecicki said neither the location nor the size of the amusement park had been decided yet, but that both sides wanted it to be an all-year site for both children and adults.</p>
<p>&quot;We want it to be a modern park, not just a Disneyland replica, one which would take into account the values of Polish culture and universal values,&quot; Swiecicki said.</p>
<p>Earlier on Wednesday Jackson met the Polish President's wife, Jolanta Kwasniewska, and discussed his Polish investment plans.</p>
<p>-- Warsaw Newsroom +48 22 653 9700</p>
</text>
<copyright>(c) Reuters Limited 1997</copyright>
<metadata>
<codes class="bip:countries:1.0">
  <code code="POL">
    <editdetail attribution="Reuters BIP Coding Group" action="confirmed" date="1997-05-28"/>
  </code>
  <code code="USA">
    <editdetail attribution="Reuters BIP Coding Group" action="confirmed" date="1997-05-28"/>
  </code>
</codes>
<codes class="bip:industries:1.0">
  <code code="I50100">
    <editdetail attribution="Reuters BIP Coding Group" action="confirmed" date="1997-05-28"/>
  </code>
  <code code="I5010031">
    <editdetail attribution="Reuters BIP Coding Group" action="confirmed" date="1997-05-28"/>
  </code>
  <code code="I97412">
    <editdetail attribution="Reuters BIP Coding Group" action="confirmed" date="1997-05-28"/>
  </code>
</codes>
<codes class="bip:topics:1.0">
  <code code="C24">
    <editdetail attribution="Reuters BIP Coding Group" action="confirmed" date="1997-05-28"/>
  </code>
  <code code="CCAT">
    <editdetail attribution="Reuters BIP Coding Group" action="confirmed" date="1997-05-28"/>
  </code>
  <code code="GCAT">
    <editdetail attribution="Reuters BIP Coding Group" action="confirmed" date="1997-05-28"/>
  </code>
  <code code="GENT">
    <editdetail attribution="Reuters BIP Coding Group" action="confirmed" date="1997-05-28"/>
  </code>
  <code code="GPRO">
    <editdetail attribution="Reuters BIP Coding Group" action="confirmed" date="1997-05-28"/>
  </code>
</codes>
<dc element="dc.date.created" value="1997-05-28"/>
<dc element="dc.publisher" value="Reuters Holdings Plc"/>
<dc element="dc.date.published" value="1997-05-28"/>
<dc element="dc.source" value="Reuters"/>
<dc element="dc.creator.location" value="WARSAW"/>
<dc element="dc.creator.location.country.name" value="POLAND"/>
<dc element="dc.source" value="Reuters"/>
</metadata>
</newsitem>
