<?xml version="1.0" encoding="iso-8859-1" ?>
<newsitem itemid="619415" id="root" date="1997-05-28" xml:lang="en">
<title>CZECH REPUBLIC: CZECH PM SAYS GOVT AGREES CABINET CHANGES.</title>
<headline>CZECH PM SAYS GOVT AGREES CABINET CHANGES.</headline>
<dateline>PRAGUE 1997-05-28</dateline>
<text>
<p>Czech Prime Minister Vaclav Klaus said on Wednesday his three-party ruling coalition had reached agreement on an economic recovery and stabilisation programme and on personnel changes to the cabinet.</p>
<p>After a more than six-hour meeting, Klaus began reading a long statement setting out the changes.  </p>
<p>Klaus told a news conference that former Education Minister Ivan Pilip would take over as Finance Minister and Czech ambassador to Britain Karel Kuhnl would be the new Industry and Trade Minister. </p>
<p>The government agreed last week to make changes to the cabinet in the wake of a sharp fall in its popularity sparked by an economic downturn.</p>
<p>The changes have been eagerly awaited by the foreign exchange markets since the central bank gave in to speculative selling of the crown and, from Tuesday, allowed the currency to float.</p>
<p>The crown came under severe selling pressure from investors didsmayed at the worseing economic situation and political uncertainty.</p>
</text>
<copyright>(c) Reuters Limited 1997</copyright>
<metadata>
<codes class="bip:countries:1.0">
  <code code="CZREP">
    <editdetail attribution="Reuters BIP Coding Group" action="confirmed" date="1997-05-28"/>
  </code>
</codes>
<codes class="bip:topics:1.0">
  <code code="E12">
    <editdetail attribution="Reuters BIP Coding Group" action="confirmed" date="1997-05-28"/>
  </code>
  <code code="ECAT">
    <editdetail attribution="Reuters BIP Coding Group" action="confirmed" date="1997-05-28"/>
  </code>
  <code code="GCAT">
    <editdetail attribution="Reuters BIP Coding Group" action="confirmed" date="1997-05-28"/>
  </code>
  <code code="GPOL">
    <editdetail attribution="Reuters BIP Coding Group" action="confirmed" date="1997-05-28"/>
  </code>
</codes>
<dc element="dc.date.created" value="1997-05-28"/>
<dc element="dc.publisher" value="Reuters Holdings Plc"/>
<dc element="dc.date.published" value="1997-05-28"/>
<dc element="dc.source" value="Reuters"/>
<dc element="dc.creator.location" value="PRAGUE"/>
<dc element="dc.creator.location.country.name" value="CZECH REPUBLIC"/>
<dc element="dc.source" value="Reuters"/>
</metadata>
</newsitem>
