<?xml version="1.0" encoding="iso-8859-1" ?>
<newsitem itemid="619402" id="root" date="1997-05-28" xml:lang="en">
<title>LITHUANIA: SHARES MIXED IN HIGHER TURNOVER.</title>
<headline>SHARES MIXED IN HIGHER TURNOVER.</headline>
<dateline>VILNIUS 1997-05-28</dateline>
<text>
<p>Shares were mixed on Lithuania's bourse on Wednesday as a number of popular shares remained suspended, but brokers found reason for optimism in Hermis Bank and Baltic Shipyard.</p>
<p>&quot;It was a little mixed but I'm still optimistic,&quot; said Saulius Merkys, a broker with Vilfima.</p>
<p>Central market turnover recovered somewhat, bouncing up to 618,000 litas from 192,000 litas.</p>
<p>Trade was mixed, with official list stocks rising 5.89 points to 931.56 points and group A shares losing 25.65 points to 1,943.96 points.</p>
<p>Hermis Bank shares advanced to 180.00 litas from 175.00 litas on central market turnover of 223,000 litas.</p>
<p>Brokers have been waiting for Hermis shares to rise following its positive results for the first four months of 1997.</p>
<p>Baltic Shipyard shares were lifted to 8.31 litas from 8.12 litas on central market turnover of 44,000 litas.</p>
<p>The rise came on the heels of an announcement that the government was planning to sell the state's 11.26 million litas stake on the bourse between June 7 and August 7.</p>
<p>Siauliai Bank saw 925,000 litas turnover in block trades at a price of 85.00 litas.</p>
<p>Deputy Chairman of Siauliai Bank Donatas Savickas told Reuters that there were two separate deals for Siauliai shares in block trades and that the bank's brokerage house had participated in one of the deals.</p>
<p>-- Burton Frierson, Vilnius newsroom + 370 2 22 35 18</p>
</text>
<copyright>(c) Reuters Limited 1997</copyright>
<metadata>
<codes class="bip:countries:1.0">
  <code code="LITH">
    <editdetail attribution="Reuters BIP Coding Group" action="confirmed" date="1997-05-28"/>
  </code>
</codes>
<codes class="bip:topics:1.0">
  <code code="M11">
    <editdetail attribution="Reuters BIP Coding Group" action="confirmed" date="1997-05-28"/>
  </code>
  <code code="MCAT">
    <editdetail attribution="Reuters BIP Coding Group" action="confirmed" date="1997-05-28"/>
  </code>
</codes>
<dc element="dc.date.created" value="1997-05-28"/>
<dc element="dc.publisher" value="Reuters Holdings Plc"/>
<dc element="dc.date.published" value="1997-05-28"/>
<dc element="dc.source" value="Reuters"/>
<dc element="dc.creator.location" value="VILNIUS"/>
<dc element="dc.creator.location.country.name" value="LITHUANIA"/>
<dc element="dc.source" value="Reuters"/>
</metadata>
</newsitem>
