<?xml version="1.0" encoding="iso-8859-1" ?>
<newsitem itemid="619400" id="root" date="1997-05-28" xml:lang="en">
<title>ZIMBABWE: ZIMBABWE MONEY RATES HOLD LARGELY STEADY.</title>
<headline>ZIMBABWE MONEY RATES HOLD LARGELY STEADY.</headline>
<dateline>HARARE 1997-05-28</dateline>
<text>
<p>Zimbabwe's short-term money rates were quoted little changed from their previous levels in continued liquidity on Wednesday, dealers said.</p>
<p>The market opened with an unsettled surplus of Z$125.6 million, with a further Z$77.4 million in maturities adding on to liquidity. The central Reserve Bank auctioned Z$85 million worth of 51-day treasury bills with an average yield of 23.08 percent.</p>
<p>The central bank bills were being traded on the secondary market at 22.5 percent while call money held steady at 20 percent.</p>
<p>NCD bills maturing after 30, 60 and 90 days were trading at 24 and 23 percent (buying and selling respectively), unchanged from Tuesday and bank acceptances bills were being bought at a stable 23.5 percent and sold at 22.75 percent.</p>
<p>--Stella Mapenzauswa, Harare Newsroom: +263-4 72 52 7/8/9</p>
</text>
<copyright>(c) Reuters Limited 1997</copyright>
<metadata>
<codes class="bip:countries:1.0">
  <code code="ZIMBAB">
    <editdetail attribution="Reuters BIP Coding Group" action="confirmed" date="1997-05-28"/>
  </code>
</codes>
<codes class="bip:topics:1.0">
  <code code="M13">
    <editdetail attribution="Reuters BIP Coding Group" action="confirmed" date="1997-05-28"/>
  </code>
  <code code="M131">
    <editdetail attribution="Reuters BIP Coding Group" action="confirmed" date="1997-05-28"/>
  </code>
  <code code="MCAT">
    <editdetail attribution="Reuters BIP Coding Group" action="confirmed" date="1997-05-28"/>
  </code>
</codes>
<dc element="dc.date.created" value="1997-05-28"/>
<dc element="dc.publisher" value="Reuters Holdings Plc"/>
<dc element="dc.date.published" value="1997-05-28"/>
<dc element="dc.source" value="Reuters"/>
<dc element="dc.creator.location" value="HARARE"/>
<dc element="dc.creator.location.country.name" value="ZIMBABWE"/>
<dc element="dc.source" value="Reuters"/>
</metadata>
</newsitem>
