<?xml version="1.0" encoding="iso-8859-1" ?>
<newsitem itemid="619478" id="root" date="1997-05-28" xml:lang="en">
<title>GREECE: ONGOING ATHENS BOURSE RIGHTS ISSUES MAY-JUNE.</title>
<headline>ONGOING ATHENS BOURSE RIGHTS ISSUES MAY-JUNE.</headline>
<dateline>ATHENS 1997-05-28</dateline>
<text>
<p>The following are currently</p>
<p>running rights issues by Athens bourse listings.</p>
<p>The table is updated as new rights issues are cleared by the</p>
<p>Athens stock exchange.</p>
<p>    SHARE		    TERMS	  ISSUE	SUBSCRIPTION</p>
<p>						  PRICE	   PERIOD</p>
<p>						(in drs)</p>
<p>Michaniki	    2(c) and 2(p)    1,900(c)  May 09-June 09</p>
<p>-for-10 (c) or (p)  1,400(p)  Proceeds: 11.2 bln</p>
<p>Attica Enterprises     1-for-5	1,550     May 12-June 12</p>
<p>						Proceeds: 8.1 bln</p>
<p>Sarantis		   1-for-4	2,400     May 12-June 12</p>
<p>						Proceeds: 3.7 bln</p>
<p>Hellenic Technodomiki  1-for-1	1,400     May 15-June 17</p>
<p>					     Proceeds: 7.7 bln</p>
<p>Hellenic Invest	  3-for-10     1,900     May 23-June 23</p>
<p>						Proceeds: 6.4 bln</p>
<p>Ergo Invest		1-for-1	  450     May 26-June 26</p>
<p>						Proceeds: 7.4 bln</p>
<p>--Angelos Kiosklis, Athens Newsroom +301 3311812-4</p>
</text>
<copyright>(c) Reuters Limited 1997</copyright>
<metadata>
<codes class="bip:countries:1.0">
  <code code="GREECE">
    <editdetail attribution="Reuters BIP Coding Group" action="confirmed" date="1997-05-28"/>
  </code>
</codes>
<codes class="bip:industries:1.0">
  <code code="I25800">
    <editdetail attribution="Reuters BIP Coding Group" action="confirmed" date="1997-05-28"/>
  </code>
  <code code="I50000">
    <editdetail attribution="Reuters BIP Coding Group" action="confirmed" date="1997-05-28"/>
  </code>
  <code code="I50200">
    <editdetail attribution="Reuters BIP Coding Group" action="confirmed" date="1997-05-28"/>
  </code>
  <code code="I81502">
    <editdetail attribution="Reuters BIP Coding Group" action="confirmed" date="1997-05-28"/>
  </code>
  <code code="I83960">
    <editdetail attribution="Reuters BIP Coding Group" action="confirmed" date="1997-05-28"/>
  </code>
</codes>
<codes class="bip:topics:1.0">
  <code code="C17">
    <editdetail attribution="Reuters BIP Coding Group" action="confirmed" date="1997-05-28"/>
  </code>
  <code code="C171">
    <editdetail attribution="Reuters BIP Coding Group" action="confirmed" date="1997-05-28"/>
  </code>
  <code code="CCAT">
    <editdetail attribution="Reuters BIP Coding Group" action="confirmed" date="1997-05-28"/>
  </code>
</codes>
<dc element="dc.date.created" value="1997-05-28"/>
<dc element="dc.publisher" value="Reuters Holdings Plc"/>
<dc element="dc.date.published" value="1997-05-28"/>
<dc element="dc.source" value="Reuters"/>
<dc element="dc.creator.location" value="ATHENS"/>
<dc element="dc.creator.location.country.name" value="GREECE"/>
<dc element="dc.source" value="Reuters"/>
</metadata>
</newsitem>
