<?xml version="1.0" encoding="iso-8859-1" ?>
<newsitem itemid="619437" id="root" date="1997-05-28" xml:lang="en">
<title>LATVIA: WATERWAYS ON PUBLIC OFFER IN JUNE.</title>
<headline>WATERWAYS ON PUBLIC OFFER IN JUNE.</headline>
<dateline>RIGA 1997-05-28</dateline>
<text>
<p>The Latvian Privatisation Agency (LPA) said on Wednesday that Latvia's Waterways (Udensceli), a dredging and marine repair company, will be on public offer from June 2 till June 27.</p>
<p>&quot;I hope the high price the controlling stake owner paid for its share will motivate it to recoup the investment,&quot; Janis Naglis, LPA general director, told a news conference.</p>
<p>The public offer will include 22.5 percent of the Waterways stock of 650,000 shares or 166,500 shares and 20 percent will be sold to the employees.</p>
<p>Waterways controling stake, 51 percent or 331,500 shares, is held by the Swiss owned Vudisona Terminals company, active in oil transit.</p>
<p>Vudisona Terminals paid 1.47 million lats for its stake.</p>
<p>The strategic investor has to invest one million lats within three years, according to the sell-off rules.</p>
<p>Waterways posted 204,174 lats of losses in 1996 on net turnover of 1.34 million lats. Its balance sheet total was 390,930 lats.</p>
<p>The company's main market is the Baltic Sea region, with 50 percent of its operations in Estonia and Lithuania and some 25 percent in Sweden and Finland.</p>
<p>Apart from dredging operations and repair work, it also operates seven vessels, currently registered as the property of the former Soviet Union. The owenership issue has yet to be clarified.</p>
<p>-- Riga Newsroom, +371 721 5240</p>
</text>
<copyright>(c) Reuters Limited 1997</copyright>
<metadata>
<codes class="bip:countries:1.0">
  <code code="LATV">
    <editdetail attribution="Reuters BIP Coding Group" action="confirmed" date="1997-05-28"/>
  </code>
</codes>
<codes class="bip:industries:1.0">
  <code code="I36101">
    <editdetail attribution="Reuters BIP Coding Group" action="confirmed" date="1997-05-28"/>
  </code>
</codes>
<codes class="bip:topics:1.0">
  <code code="C17">
    <editdetail attribution="Reuters BIP Coding Group" action="confirmed" date="1997-05-28"/>
  </code>
  <code code="C171">
    <editdetail attribution="Reuters BIP Coding Group" action="confirmed" date="1997-05-28"/>
  </code>
  <code code="C18">
    <editdetail attribution="Reuters BIP Coding Group" action="confirmed" date="1997-05-28"/>
  </code>
  <code code="C183">
    <editdetail attribution="Reuters BIP Coding Group" action="confirmed" date="1997-05-28"/>
  </code>
  <code code="CCAT">
    <editdetail attribution="Reuters BIP Coding Group" action="confirmed" date="1997-05-28"/>
  </code>
</codes>
<dc element="dc.date.created" value="1997-05-28"/>
<dc element="dc.publisher" value="Reuters Holdings Plc"/>
<dc element="dc.date.published" value="1997-05-28"/>
<dc element="dc.source" value="Reuters"/>
<dc element="dc.creator.location" value="RIGA"/>
<dc element="dc.creator.location.country.name" value="LATVIA"/>
<dc element="dc.source" value="Reuters"/>
</metadata>
</newsitem>
