<?xml version="1.0" encoding="iso-8859-1" ?>
<newsitem itemid="619425" id="root" date="1997-05-28" xml:lang="en">
<title>LATVIA: RUHRGAS, PREUSSEN PAY FOR MOST OF GAS STAKE.</title>
<headline>RUHRGAS, PREUSSEN PAY FOR MOST OF GAS STAKE.</headline>
<dateline>RIGA 1997-05-28</dateline>
<text>
<p>The privatisation agency on Wednesday said the German consortium of Preussen and Ruhrgas which together won a bid to buy 16.25 percent of Latvian Gas has settled for 70 percent of the stake.</p>
<p>Janis Naglis, LPA general director, told a news conference that the consortium has paid 7.87 million lats for the existing shares out of 11.25 million lats due by August 15 and paid in full for a new issue of shares, worth 3.37 million lats.</p>
<p>The sum paid for the existing shares will remain at the disposal of Latvian Gas while the payment for the new issue payment goes into the state's coffers, Naglis said.</p>
<p>Gazprom won the bid for another 16.25 percent and has to pay for the shares.</p>
<p>&quot;We hope Russia's Gazprom will cope with its current problems and settle its part of the payment by the August deadline,&quot; Naglis said.</p>
<p>He said that Gazprom still had to convince two more institutions before applying to the Russian central bank to make an investment abroad.</p>
<p>-- Martinsh Gravitis, Riga Newsroom, +371 721 5240</p>
</text>
<copyright>(c) Reuters Limited 1997</copyright>
<metadata>
<codes class="bip:countries:1.0">
  <code code="GFR">
    <editdetail attribution="Reuters BIP Coding Group" action="confirmed" date="1997-05-28"/>
  </code>
  <code code="LATV">
    <editdetail attribution="Reuters BIP Coding Group" action="confirmed" date="1997-05-28"/>
  </code>
  <code code="RUSS">
    <editdetail attribution="Reuters BIP Coding Group" action="confirmed" date="1997-05-28"/>
  </code>
</codes>
<codes class="bip:industries:1.0">
  <code code="I13000">
    <editdetail attribution="Reuters BIP Coding Group" action="confirmed" date="1997-05-28"/>
  </code>
  <code code="I16200">
    <editdetail attribution="Reuters BIP Coding Group" action="confirmed" date="1997-05-28"/>
  </code>
</codes>
<codes class="bip:topics:1.0">
  <code code="C18">
    <editdetail attribution="Reuters BIP Coding Group" action="confirmed" date="1997-05-28"/>
  </code>
  <code code="C181">
    <editdetail attribution="Reuters BIP Coding Group" action="confirmed" date="1997-05-28"/>
  </code>
  <code code="C183">
    <editdetail attribution="Reuters BIP Coding Group" action="confirmed" date="1997-05-28"/>
  </code>
  <code code="CCAT">
    <editdetail attribution="Reuters BIP Coding Group" action="confirmed" date="1997-05-28"/>
  </code>
</codes>
<dc element="dc.date.created" value="1997-05-28"/>
<dc element="dc.publisher" value="Reuters Holdings Plc"/>
<dc element="dc.date.published" value="1997-05-28"/>
<dc element="dc.source" value="Reuters"/>
<dc element="dc.creator.location" value="RIGA"/>
<dc element="dc.creator.location.country.name" value="LATVIA"/>
<dc element="dc.source" value="Reuters"/>
</metadata>
</newsitem>
