<?xml version="1.0" encoding="iso-8859-1" ?>
<newsitem itemid="619407" id="root" date="1997-05-28" xml:lang="en">
<title>LATVIA: MID-AFTERNOON RADIO HEADLINES - MAY 28.</title>
<headline>MID-AFTERNOON RADIO HEADLINES - MAY 28.</headline>
<dateline>RIGA 1997-05-28</dateline>
<text>
<p>These are the main news headlines reported by Radio Latvia at mid-afternoon on Wednesday. Reuters has not verified these reports and cannot vouch for their accuracy.</p>
<p>- Justice minister Dzintars Rasnacsh said the anti-corruption law does not address the issue effectively.</p>
<p>- The company register data shows some 16 MPs are in violation of the anti-corruption law in combining their MP status with companies' managerial posts.</p>
<p>- Prime Minister Andris Shkele will express his views on the defence post candidate Talavs Jundzis on Friday.</p>
<p>-- Riga Newsroom, +371 721 5240</p>
</text>
<copyright>(c) Reuters Limited 1997</copyright>
<metadata>
<codes class="bip:countries:1.0">
  <code code="LATV">
    <editdetail attribution="Reuters BIP Coding Group" action="confirmed" date="1997-05-28"/>
  </code>
</codes>
<codes class="bip:topics:1.0">
  <code code="GCAT">
    <editdetail attribution="Reuters BIP Coding Group" action="confirmed" date="1997-05-28"/>
  </code>
</codes>
<dc element="dc.date.created" value="1997-05-28"/>
<dc element="dc.publisher" value="Reuters Holdings Plc"/>
<dc element="dc.date.published" value="1997-05-28"/>
<dc element="dc.source" value="Reuters"/>
<dc element="dc.creator.location" value="RIGA"/>
<dc element="dc.creator.location.country.name" value="LATVIA"/>
<dc element="dc.source" value="Reuters"/>
</metadata>
</newsitem>
