<?xml version="1.0" encoding="iso-8859-1" ?>
<newsitem itemid="619476" id="root" date="1997-05-28" xml:lang="en">
<title>GREECE: GREEK SHIPOWNER PERATIKOS SHOT DEAD BY GUERRILLAS.</title>
<headline>GREEK SHIPOWNER PERATIKOS SHOT DEAD BY GUERRILLAS.</headline>
<dateline>PIRAEUS, Greece 1997-05-28</dateline>
<text>
<p>Urban guerrillas shot dead Greek shipowner Constantine Peratikos on Wednesday in an ambush as he walked to his car, police said.</p>
<p>&quot;We believe it is the work of a terrorist group but until the ballistic tests are in we can't tell which one,&quot; a senior police officer told Reuters. Earlier police had said it was unclear whether the three gunmen were criminals or guerrillas.  </p>
<p>The attack appeared similar to those staged by the November 17 and May 1 leftist groups. November 17 has killed 21 people but has been dormant since a bungled rocket attack on the U.S. embassy in January 1996.</p>
<p>Peratikos, 42, was ambushed by three gunmen who fled in a hijacked taxi. Hospital officials said he was dead before reaching Piraeus' Tzanio Hospital.</p>
<p>The Peratikos Group, owned by one of Greece's major shipping families, bought the troubled Elefsis Shipyards in the early 1990s. But the shipyards have since reverted to state hands. --Dina Kyriakidou, Athens Newsroom +301 3311812-4</p>
</text>
<copyright>(c) Reuters Limited 1997</copyright>
<metadata>
<codes class="bip:countries:1.0">
  <code code="GREECE">
    <editdetail attribution="Reuters BIP Coding Group" action="confirmed" date="1997-05-28"/>
  </code>
</codes>
<codes class="bip:topics:1.0">
  <code code="GCAT">
    <editdetail attribution="Reuters BIP Coding Group" action="confirmed" date="1997-05-28"/>
  </code>
  <code code="GCRIM">
    <editdetail attribution="Reuters BIP Coding Group" action="confirmed" date="1997-05-28"/>
  </code>
  <code code="GVIO">
    <editdetail attribution="Reuters BIP Coding Group" action="confirmed" date="1997-05-28"/>
  </code>
</codes>
<dc element="dc.date.created" value="1997-05-28"/>
<dc element="dc.publisher" value="Reuters Holdings Plc"/>
<dc element="dc.date.published" value="1997-05-28"/>
<dc element="dc.source" value="Reuters"/>
<dc element="dc.creator.location" value="PIRAEUS, Greece"/>
<dc element="dc.creator.location.country.name" value="GREECE"/>
<dc element="dc.source" value="Reuters"/>
</metadata>
</newsitem>
