<?xml version="1.0" encoding="iso-8859-1" ?>
<newsitem itemid="619472" id="root" date="1997-05-28" xml:lang="en">
<title>LITHUANIA: ALNA SELLS $2 MLN SHARE ISSUE TO HANSA - REPORT.</title>
<headline>ALNA SELLS $2 MLN SHARE ISSUE TO HANSA - REPORT.</headline>
<dateline>VILNIUS 1997-05-28</dateline>
<text>
<p>Lithuania's information technologies company Alna issued a new $2 million share issue and sold it to Hansa Investments, the investment arm of Estonia's Hansa Group, the newspaper Verslo Zinios reported.</p>
<p>Hansa Investments sold part of the shares to the investment fund Baltic Republic Fund and Mercury Asset Management, based in London, the newspaper said.</p>
<p>Twenty-one percent of the company is controlled by foreign capital now, the newspaper said, and 73 percent is owned by Alna staff.</p>
<p>Alna Director General, Valentinas Milaknis, was quoted as saying that the company should be listed on the Vilnius bourse before March 31, 1998, after the closed stock company is reorganised into a public company.</p>
<p>The chairman of Hansa Investments, Joakim Helenius, was quoted as saying that it was the first project implemented by the company in Lithuania and that they are continuing to look for companies to invest in.</p>
<p>Alna posted a 1.5 million litas net profit in 1996 on a turnover of 33.5 million litas.</p>
<p>The company forecasts three million litas net profit for 1997 and a turnover 48 million litas in 1997.</p>
<p>-- Vilnius newsroom + 370 2 22 35 18</p>
</text>
<copyright>(c) Reuters Limited 1997</copyright>
<metadata>
<codes class="bip:countries:1.0">
  <code code="ESTNIA">
    <editdetail attribution="Reuters BIP Coding Group" action="confirmed" date="1997-05-28"/>
  </code>
  <code code="LITH">
    <editdetail attribution="Reuters BIP Coding Group" action="confirmed" date="1997-05-28"/>
  </code>
  <code code="UK">
    <editdetail attribution="Reuters BIP Coding Group" action="confirmed" date="1997-05-28"/>
  </code>
</codes>
<codes class="bip:industries:1.0">
  <code code="I81402">
    <editdetail attribution="Reuters BIP Coding Group" action="confirmed" date="1997-05-28"/>
  </code>
  <code code="I83100">
    <editdetail attribution="Reuters BIP Coding Group" action="confirmed" date="1997-05-28"/>
  </code>
</codes>
<codes class="bip:topics:1.0">
  <code code="C17">
    <editdetail attribution="Reuters BIP Coding Group" action="confirmed" date="1997-05-28"/>
  </code>
  <code code="C171">
    <editdetail attribution="Reuters BIP Coding Group" action="confirmed" date="1997-05-28"/>
  </code>
  <code code="C18">
    <editdetail attribution="Reuters BIP Coding Group" action="confirmed" date="1997-05-28"/>
  </code>
  <code code="C181">
    <editdetail attribution="Reuters BIP Coding Group" action="confirmed" date="1997-05-28"/>
  </code>
  <code code="CCAT">
    <editdetail attribution="Reuters BIP Coding Group" action="confirmed" date="1997-05-28"/>
  </code>
</codes>
<dc element="dc.date.created" value="1997-05-28"/>
<dc element="dc.publisher" value="Reuters Holdings Plc"/>
<dc element="dc.date.published" value="1997-05-28"/>
<dc element="dc.source" value="Reuters"/>
<dc element="dc.creator.location" value="VILNIUS"/>
<dc element="dc.creator.location.country.name" value="LITHUANIA"/>
<dc element="dc.source" value="Reuters"/>
</metadata>
</newsitem>
