<?xml version="1.0" encoding="iso-8859-1" ?>
<newsitem itemid="619460" id="root" date="1997-05-28" xml:lang="en">
<title>LITHUANIA: PAKISTAN'S BHOJA TO BUY 11 YAK 42S FROM LAL.</title>
<headline>PAKISTAN'S BHOJA TO BUY 11 YAK 42S FROM LAL.</headline>
<dateline>VILNIUS 1997-05-28</dateline>
<text>
<p>Lithuanian Airlines (LAL) expects to sign an agreement in July to sell 11 YAK 42 aircraft to Pakistan's Bhoja after experts evaluate the planes in June, a LAL official said on Wednesday.</p>
<p>&quot;The company that is going to buy the aircraft is Bhoja Airline Pvt,&quot; Eugenijus Skerstonas, adviser to the director general of LAL, told Reuters. &quot;They will buy 11 YAK 42 aircraft.&quot;</p>
<p>&quot;A purchase agreement should be signed on July 30,&quot; Skerstonas said. &quot;On June 9, the Pakistani company will send technical experts who will examine and evalute the aircraft.&quot;</p>
<p>On May 21, LAL and Bhoja signed an extension to a lease on two of the YAK 42s, Skerstonas said.</p>
<p>&quot;The Pakistani company has leased these aircraft for several years,&quot; Skersontas said.</p>
<p>The deal will shed LAL of the last of its Soviet-build aircraft.</p>
<p>The state-run airline, which has been slated for privatisation, currently has a fleet of three Boeing 737s, one SAAB 340, and a Set Star 731. It expects to acquire another SAAB later this year.</p>
<p>-- Burton Frierson, Vilnius newsroom + 370 2 22 35 18</p>
</text>
<copyright>(c) Reuters Limited 1997</copyright>
<metadata>
<codes class="bip:countries:1.0">
  <code code="LITH">
    <editdetail attribution="Reuters BIP Coding Group" action="confirmed" date="1997-05-28"/>
  </code>
  <code code="PAKIS">
    <editdetail attribution="Reuters BIP Coding Group" action="confirmed" date="1997-05-28"/>
  </code>
</codes>
<codes class="bip:industries:1.0">
  <code code="I75000">
    <editdetail attribution="Reuters BIP Coding Group" action="confirmed" date="1997-05-28"/>
  </code>
</codes>
<codes class="bip:topics:1.0">
  <code code="C24">
    <editdetail attribution="Reuters BIP Coding Group" action="confirmed" date="1997-05-28"/>
  </code>
  <code code="C33">
    <editdetail attribution="Reuters BIP Coding Group" action="confirmed" date="1997-05-28"/>
  </code>
  <code code="CCAT">
    <editdetail attribution="Reuters BIP Coding Group" action="confirmed" date="1997-05-28"/>
  </code>
</codes>
<dc element="dc.date.created" value="1997-05-28"/>
<dc element="dc.publisher" value="Reuters Holdings Plc"/>
<dc element="dc.date.published" value="1997-05-28"/>
<dc element="dc.source" value="Reuters"/>
<dc element="dc.creator.location" value="VILNIUS"/>
<dc element="dc.creator.location.country.name" value="LITHUANIA"/>
<dc element="dc.source" value="Reuters"/>
</metadata>
</newsitem>
