<?xml version="1.0" encoding="iso-8859-1" ?>
<newsitem itemid="619494" id="root" date="1997-05-28" xml:lang="en">
<title>UK: Polluted water causes life of crime, expert says.</title>
<headline>Polluted water causes life of crime, expert says.</headline>
<dateline>LONDON 1996-05-29</dateline>
<text>
<p>Polluted water can cause brain damage that turns ordinary people into violent criminals, New Scientist magazine reported on Thursday.</p>
<p>It quoted a U.S. research showing that toxic metals in drinking water were linked to crime rates.</p>
<p>Roger Masters of Dartmouth College in New Hampshire compared crime figures from the Federal Bureau of Investigation (FBI) with information on industrial discharges of lead and manganese from the Environmental Protection Agency (EPA).</p>
<p>He found a definite link between pollution figures and levels of murder, assault and robbery. Counties with the highest pollution levels had crime rates triple the national average.</p>
<p>&quot;The presence of pollution is as big a factor as poverty,&quot; Masters told New Scientist.</p>
<p>Masters has written about his findings in a book, Environmental Toxicology, to be published later this year. He says there is a physical basis for the phenomenon.</p>
<p>Experiments have shown lead can inhibit the action of glial cells, which help clean up unwanted chemicals in the brain. Other tests have shown manganese can interfere with levels of the neurotransmitters serotonin and dopamine -- chemical messengers linked with mood and behaviour.</p>
<p>&quot;It's the breakdown of the inhibition mechanism that's the key to violent behaviour,&quot; Masters said.</p>
<p>&quot;This quite likely has something in it,&quot; Ken Pease, director of the Applied Criminology Research Unit at the University of Huddersfield, told New Scientist.</p>
<p>&quot;But I think the approach badly needs individual data to nail it down.&quot;</p>
</text>
<copyright>(c) Reuters Limited 1997</copyright>
<metadata>
<codes class="bip:countries:1.0">
  <code code="UK">
    <editdetail attribution="Reuters BIP Coding Group" action="confirmed" date="1997-05-28"/>
  </code>
  <code code="USA">
    <editdetail attribution="Reuters BIP Coding Group" action="confirmed" date="1997-05-28"/>
  </code>
</codes>
<codes class="bip:topics:1.0">
  <code code="GCAT">
    <editdetail attribution="Reuters BIP Coding Group" action="confirmed" date="1997-05-28"/>
  </code>
  <code code="GCRIM">
    <editdetail attribution="Reuters BIP Coding Group" action="confirmed" date="1997-05-28"/>
  </code>
  <code code="GENV">
    <editdetail attribution="Reuters BIP Coding Group" action="confirmed" date="1997-05-28"/>
  </code>
</codes>
<dc element="dc.date.created" value="1996-05-29"/>
<dc element="dc.publisher" value="Reuters Holdings Plc"/>
<dc element="dc.date.published" value="1997-05-28"/>
<dc element="dc.source" value="Reuters"/>
<dc element="dc.creator.location" value="LONDON"/>
<dc element="dc.creator.location.country.name" value="UK"/>
<dc element="dc.source" value="Reuters"/>
</metadata>
</newsitem>
