<?xml version="1.0" encoding="iso-8859-1" ?>
<newsitem itemid="619457" id="root" date="1997-05-28" xml:lang="en">
<title>LATVIA: LATTELEKOM STATE STAKE SALE NOT BEFORE MAY '98.</title>
<headline>LATTELEKOM STATE STAKE SALE NOT BEFORE MAY '98.</headline>
<dateline>RIGA 1997-05-28</dateline>
<text>
<p>The sale of the state's stake in Lattelekom will not take place before May or June of 1998, the Latvian Privatisation Agency said on Wednesday.</p>
<p>It also said it hoped to turn the company into a public stock company this year from its current limited company status.  </p>
<p>The state has a 51 percent stake in Lattelekom which has been earmarked for sell-off.</p>
<p>The LPA is currently taking over the administration of the state's stake from the transport ministry and has to audit the umbrella agreement between Tilts, the company's other ownder, the state and Lattelekom.</p>
<p>Tilts Communications consortium, formed by Britain's Cable &amp; Wireless, Telecom Finland and the World Bank's International Finance Corporation, holds 49 percent in Lattelekom.</p>
<p>The audit was agreed as necessary by all sides following disputes over the shortening of Lattelekom's phone monopoly to 2003 from 2013.</p>
<p>The umbrella agreement, signed in 1994, gave Tilts monopoly status to recoup its investment and it has said it would be unable to continue its costly investment in Latvia's telephone system if its monopoloy period was cut short.</p>
<p>-- Martinsh Gravitis, Riga Newsroom, +371 721 524</p>
</text>
<copyright>(c) Reuters Limited 1997</copyright>
<metadata>
<codes class="bip:countries:1.0">
  <code code="LATV">
    <editdetail attribution="Reuters BIP Coding Group" action="confirmed" date="1997-05-28"/>
  </code>
</codes>
<codes class="bip:industries:1.0">
  <code code="I79020">
    <editdetail attribution="Reuters BIP Coding Group" action="confirmed" date="1997-05-28"/>
  </code>
</codes>
<codes class="bip:topics:1.0">
  <code code="C18">
    <editdetail attribution="Reuters BIP Coding Group" action="confirmed" date="1997-05-28"/>
  </code>
  <code code="C183">
    <editdetail attribution="Reuters BIP Coding Group" action="confirmed" date="1997-05-28"/>
  </code>
  <code code="CCAT">
    <editdetail attribution="Reuters BIP Coding Group" action="confirmed" date="1997-05-28"/>
  </code>
</codes>
<dc element="dc.date.created" value="1997-05-28"/>
<dc element="dc.publisher" value="Reuters Holdings Plc"/>
<dc element="dc.date.published" value="1997-05-28"/>
<dc element="dc.source" value="Reuters"/>
<dc element="dc.creator.location" value="RIGA"/>
<dc element="dc.creator.location.country.name" value="LATVIA"/>
<dc element="dc.source" value="Reuters"/>
</metadata>
</newsitem>
