<?xml version="1.0" encoding="iso-8859-1" ?>
<newsitem itemid="619497" id="root" date="1997-05-28" xml:lang="en">
<title>UK: EMI to pay $50 mln severance to U.S. chief - paper.</title>
<headline>EMI to pay $50 mln severance to U.S. chief - paper.</headline>
<dateline>LONDON 1997-05-28</dateline>
<text>
<p>EMI Group Plc will pay more than $50 million to the axed chairman of its North American division, Charles Koppelman, the Times newspaper said on Thursday.</p>
<p>The paper said the severance pay, a mix of cash, share options and pension entitlements, made up more than a quarter of the cost of EMI's planned restructuring in north America.</p>
<p>The Times said Koppelman was six months into a new five-year contract with EMI.</p>
<p>EMI confirmed Koppelman's departure on Tuesday when announcing pre-tax profits of 381 million pounds after a prior 367 million pounds.</p>
<p>-- London newsroom +44 171 542 8863</p>
</text>
<copyright>(c) Reuters Limited 1997</copyright>
<metadata>
<codes class="bip:countries:1.0">
  <code code="UK">
    <editdetail attribution="Reuters BIP Coding Group" action="confirmed" date="1997-05-28"/>
  </code>
  <code code="USA">
    <editdetail attribution="Reuters BIP Coding Group" action="confirmed" date="1997-05-28"/>
  </code>
</codes>
<codes class="bip:industries:1.0">
  <code code="I34520">
    <editdetail attribution="Reuters BIP Coding Group" action="confirmed" date="1997-05-28"/>
  </code>
</codes>
<codes class="bip:topics:1.0">
  <code code="C41">
    <editdetail attribution="Reuters BIP Coding Group" action="confirmed" date="1997-05-28"/>
  </code>
  <code code="C411">
    <editdetail attribution="Reuters BIP Coding Group" action="confirmed" date="1997-05-28"/>
  </code>
  <code code="CCAT">
    <editdetail attribution="Reuters BIP Coding Group" action="confirmed" date="1997-05-28"/>
  </code>
</codes>
<dc element="dc.date.created" value="1997-05-28"/>
<dc element="dc.publisher" value="Reuters Holdings Plc"/>
<dc element="dc.date.published" value="1997-05-28"/>
<dc element="dc.source" value="Reuters"/>
<dc element="dc.creator.location" value="LONDON"/>
<dc element="dc.creator.location.country.name" value="UK"/>
<dc element="dc.source" value="Reuters"/>
</metadata>
</newsitem>
