<?xml version="1.0" encoding="iso-8859-1" ?>
<newsitem itemid="619495" id="root" date="1997-05-28" xml:lang="en">
<title>UK: HK to succeed, China fears loss of face-negotiator.</title>
<headline>HK to succeed, China fears loss of face-negotiator.</headline>
<byline>Paul Majendie</byline>
<dateline>LONDON 1996-05-29</dateline>
<text>
<p>China will make a success of Hong Kong because failure would lead to a huge loss of face around the globe, a leading negotiator in the unique handover deal said.</p>
<p>Hong Kong's return to China on June 30 closes a major chapter in Britain's colonial history but Sir Robin McLaren is convinced one of the economic wonders of the world will still thrive under a &quot;one country, two systems&quot; government.</p>
<p>McLaren, former British ambassador in Beijing and political adviser to the Hong Kong government, argues that it is in the overwhelming self-interest of Communist China to ensure this monument to free market capitalism is not toppled.</p>
<p>&quot;Think what a loss of face it would be if Hong Kong starts to go downhill rapidly,&quot; McLaren told Reuters in an interview.</p>
<p>&quot;Of course China would blame Britain, the United States, anyone but itself. But the loss of face would be unbearable,&quot; he said.</p>
<p>Taiwan is also another crucial piece of the diplomatic jigsaw for China.</p>
<p>&quot;Taiwan is waiting in the wings. The 'one country,two systems' formula was defined for Taiwan. This is the one piece of reunification business waiting to be done,&quot; argued McLaren.</p>
<p>&quot;They have got to persuade Taiwan. The chances would be reduced to zero if they are seen to break all their promises in Hong Kong.&quot;</p>
<p>But McLaren, Hong Kong's chief political adviser from 1981-1985 and then ambassador in Beijing from 1991-1994, still has some political and economic qualms.</p>
<p>Hong Kong's Gross Domestic Product has almost doubled in real terms since Britain and China signed the 1984 Joint Declaration that gave Hong Kong back to Beijing after more than 150 years.</p>
<p>&quot;The Hong Kong Special Administrative Region born at midnight on June 30 will be a highly privileged infant,&quot; McLaren said.</p>
<p>But he insisted: &quot;The Hong Kong authorities will have to be firm in resisting people pushing for special deals.</p>
<p>&quot;Hong Kong won't continue to be an effective international financial centre if people come to feel you have to have an inside track to do profitable business.&quot;</p>
<p>He also singled out freedom of the press and freedom of speech as serious issues to be addressed. &quot;This is a slippery slope. If you start having self-censorship, when does it end?</p>
<p>&quot;If people come to feel you cannot get up-to-date, swift and accurate information in Hong Kong, it becomes a much less attractive base for operations,&quot; he added.</p>
<p>China has fiercely resisted democratic reforms in the last years of British rule in Hong Kong and enraged democratic activists with its plans to roll back civil liberties.</p>
<p>But McLaren believes that Hong Kong's resilience and adaptability as an international money-making machine will triumph in the end.</p>
<p>&quot;Over the last few years, there have been tremendous buffetings and fisticuffs with the Chinese all the time and what has happened to the economy? It has done extremely well and been pretty much the only bright spark in a pretty dull Southeast Asia.&quot;</p>
<p>Mclaren, going to Hong Kong for the handover after a 40-year involvement with the colony, said: &quot;I shall be there among the spear carriers on the British side whilst the great and good are in the front row.&quot;</p>
<p>&quot;But I shan't feel this is the end of everything. Hong Kong has been unique in the past and I don't see why it shouldn't go on being unique.&quot;</p>
</text>
<copyright>(c) Reuters Limited 1997</copyright>
<metadata>
<codes class="bip:countries:1.0">
  <code code="CHINA">
    <editdetail attribution="Reuters BIP Coding Group" action="confirmed" date="1997-05-28"/>
  </code>
  <code code="HKONG">
    <editdetail attribution="Reuters BIP Coding Group" action="confirmed" date="1997-05-28"/>
  </code>
  <code code="UK">
    <editdetail attribution="Reuters BIP Coding Group" action="confirmed" date="1997-05-28"/>
  </code>
</codes>
<codes class="bip:topics:1.0">
  <code code="GCAT">
    <editdetail attribution="Reuters BIP Coding Group" action="confirmed" date="1997-05-28"/>
  </code>
  <code code="GDIP">
    <editdetail attribution="Reuters BIP Coding Group" action="confirmed" date="1997-05-28"/>
  </code>
</codes>
<dc element="dc.date.created" value="1996-05-29"/>
<dc element="dc.publisher" value="Reuters Holdings Plc"/>
<dc element="dc.date.published" value="1997-05-28"/>
<dc element="dc.source" value="Reuters"/>
<dc element="dc.creator.location" value="LONDON"/>
<dc element="dc.creator.location.country.name" value="UK"/>
<dc element="dc.source" value="Reuters"/>
</metadata>
</newsitem>
