<?xml version="1.0" encoding="iso-8859-1" ?>
<newsitem itemid="619443" id="root" date="1997-05-28" xml:lang="en">
<title>POLAND: POLISH FINMIN WANTS BANKING LAW QUICKLY ADOPTED.</title>
<headline>POLISH FINMIN WANTS BANKING LAW QUICKLY ADOPTED.</headline>
<dateline>WARSAW 1997-05-28</dateline>
<text>
<p>Poland's finance minister, responding to criticism that the government is delaying work on a new draft banking law, said on Wednesday he would like the bill approved as quickly as possible.</p>
<p>&quot;The banking law is one of our priorities... Its first reading should take place at parliament's next session,&quot; the minister, Marek Belka, told a news conference.</p>
<p>He said he hoped legislators would manage to pass the crucial bill before general elections due around September, because otherwise the new government and parliament could start work on the draft law afresh, further delaying its passage.</p>
<p>Eearlier this month, the central bank's head Hanna Gronkiewicz-Waltz alleged the government was neglecting the banking bill and was concerned only about a new central bank charter, which would give it powers to decide who would sit on some policy-making boards.</p>
<p>But Belka said the government wanted parliament to scrutinise the two bills jointly.</p>
<p>&quot;We would like it (the banking law) and the law on the National Bank of Poland examined together,&quot; he said.</p>
<p>The draft banking law would bring Poland's banking system closer to Western standards. It would provide for creating an independent body for banking supervision and guarding against unfair competition between banks.</p>
<p>It would also regulate more closely the origins of bank capital and the ownership structures of banks, preventing the dangerous expansion of so-called internal loans.</p>
<p>The central bank, which helped draft the bill, says it d would make banks safer for Poles and help accumulate savings deposits, which would in future be used to finance Poland's economic growth.</p>
<p>-- Marcin Grajewski +48 22 653 9700</p>
</text>
<copyright>(c) Reuters Limited 1997</copyright>
<metadata>
<codes class="bip:countries:1.0">
  <code code="POL">
    <editdetail attribution="Reuters BIP Coding Group" action="confirmed" date="1997-05-28"/>
  </code>
</codes>
<codes class="bip:industries:1.0">
  <code code="I81402">
    <editdetail attribution="Reuters BIP Coding Group" action="confirmed" date="1997-05-28"/>
  </code>
</codes>
<codes class="bip:topics:1.0">
  <code code="C13">
    <editdetail attribution="Reuters BIP Coding Group" action="confirmed" date="1997-05-28"/>
  </code>
  <code code="CCAT">
    <editdetail attribution="Reuters BIP Coding Group" action="confirmed" date="1997-05-28"/>
  </code>
  <code code="GCAT">
    <editdetail attribution="Reuters BIP Coding Group" action="confirmed" date="1997-05-28"/>
  </code>
  <code code="GPOL">
    <editdetail attribution="Reuters BIP Coding Group" action="confirmed" date="1997-05-28"/>
  </code>
</codes>
<dc element="dc.date.created" value="1997-05-28"/>
<dc element="dc.publisher" value="Reuters Holdings Plc"/>
<dc element="dc.date.published" value="1997-05-28"/>
<dc element="dc.source" value="Reuters"/>
<dc element="dc.creator.location" value="WARSAW"/>
<dc element="dc.creator.location.country.name" value="POLAND"/>
<dc element="dc.source" value="Reuters"/>
</metadata>
</newsitem>
