<?xml version="1.0" encoding="iso-8859-1" ?>
<newsitem itemid="619469" id="root" date="1997-05-28" xml:lang="en">
<title>LATVIA: LIEPAJA METAL IN 137,400 LATS Q1 PROFIT.</title>
<headline>LIEPAJA METAL IN 137,400 LATS Q1 PROFIT.</headline>
<dateline>RIGA 1997-05-28</dateline>
<text>
<p>Liepaja Metalurgs, the only metal producer in Latvia, on Wednesday said that its first quarter profit came to 137,400 lats on net turnover of 6.1 million lats.</p>
<p>Metalurgs also said that the plant plans a 1997 turnover of 32.8 million lats. </p>
<p>&quot;Our production volume has doubled compared to the first quarter of 1996 and all indicators are positive,&quot; Valerii Terentjev, the plant's manager, told Reuters.  </p>
<p>The company posted a 1996 loss of 1.5 million lats.</p>
<p>Liepaja has more than doubled its rolled metal production to 102,000 tonnes in the first three months of 1997 against 40,000 tonnes in the same period last year.</p>
<p>Steel wire production rose to 3,274 tonnes in the first quarter against 924 tonnes in the same period in 1996.</p>
<p>The volume of nail production was also up, rising to 1,111 tonnes versus 423 tonnes in the first three months of last year, Terentjev said.</p>
<p>The number of employees in the Liepaja Metalurgs has risen to 2,450 against the ceiling of 2,216, set in the privatisation agreement.</p>
<p>Liepaja has its 72 percent controlling stake held by Agrosin Pte, a Russian-Belarussian-Singaporean joint venture, which plans to invest $5.5 million in the company this year.</p>
<p>The sell-off rules demand a three million lats investment to be made in two years time.</p>
<p>The company said that its earlier raw material and gas supply problems have been resolved.</p>
<p>Liepaja, the biggest client of Latvian Gas, had earlier amassed debts which are currently being settled, Terentjev said.</p>
<p>&quot;We have signed an agreement with Latvian Gas on a debt repayment shedule and Agrosin has already made two payments in accordance with it,&quot; he said.</p>
<p>He declined to comment on the details of the agreement or the sum of the outstanding debt.</p>
<p>Liepaja plans to use slightly more than 100 million cubic metres of gas this year, close to its annual average.</p>
<p>Liepaja Metalurgs exports its produce to South East Asia, North Africa and the U.S..</p>
<p>&quot;We have not been exporting to the CIS countries for more than five years now,&quot; Terentjev said. &quot;Not that there is a lack of demand, but the purchasing power is not there.&quot;</p>
<p>-- Martinsh Gravitis, Riga Newsroom, +371 721 5240</p>
</text>
<copyright>(c) Reuters Limited 1997</copyright>
<metadata>
<codes class="bip:countries:1.0">
  <code code="LATV">
    <editdetail attribution="Reuters BIP Coding Group" action="confirmed" date="1997-05-28"/>
  </code>
</codes>
<codes class="bip:industries:1.0">
  <code code="I22100">
    <editdetail attribution="Reuters BIP Coding Group" action="confirmed" date="1997-05-28"/>
  </code>
</codes>
<codes class="bip:topics:1.0">
  <code code="C15">
    <editdetail attribution="Reuters BIP Coding Group" action="confirmed" date="1997-05-28"/>
  </code>
  <code code="C151">
    <editdetail attribution="Reuters BIP Coding Group" action="confirmed" date="1997-05-28"/>
  </code>
  <code code="CCAT">
    <editdetail attribution="Reuters BIP Coding Group" action="confirmed" date="1997-05-28"/>
  </code>
</codes>
<dc element="dc.date.created" value="1997-05-28"/>
<dc element="dc.publisher" value="Reuters Holdings Plc"/>
<dc element="dc.date.published" value="1997-05-28"/>
<dc element="dc.source" value="Reuters"/>
<dc element="dc.creator.location" value="RIGA"/>
<dc element="dc.creator.location.country.name" value="LATVIA"/>
<dc element="dc.source" value="Reuters"/>
</metadata>
</newsitem>
