<?xml version="1.0" encoding="iso-8859-1" ?>
<newsitem itemid="619492" id="root" date="1997-05-28" xml:lang="en">
<title>UK: FOCUS-French stocks hammered, other bourses fall.</title>
<headline>FOCUS-French stocks hammered, other bourses fall.</headline>
<byline>Malcolm Davidson</byline>
<dateline>LONDON 1997-05-28</dateline>
<text>
<p>Jittery investors hammered French stocks on Wednesday after it appeared the opposition Socialists may be well placed for Sunday's runoff parliamentary elections and other major European bourses fell.</p>
<p>The French rout came after rumours swept the market about privately commissioned polls.</p>
<p>At one point the Paris bourse was down 4.4 percent, but the CAC-40 index picked itself off the floor in the afternoon as much of the rest of Europe's equity markets went into reverse. Several stock markets bubbled to fresh trading highs during the morning, but a combination of weakening bond markets and a negative start on Wall Street damaged sentiment.</p>
<p>The currency market saw the dollar edge lower against the mark and yen, although there was little impact seen from slightly stronger than expected U.S. durable goods data.</p>
<p>Platinum and palladium prices also soared to fresh highs on news of a strike at Anglo American Platinum Corp's Rustenburg mine in South Africa.</p>
<p>&quot;The market has gone crazy. The market is very, very tight,&quot; said one dealer as palladium was fixed in London at a record $188.00 in the morning, although it slipped back to $186 at the afternoon fix.</p>
<p>The French stock market provided the main drama, however, with the CAC-40 index falling the largest amount in percentage terms in four years before struggling off its lows.</p>
<p>By 1415 GMT the blue chip benchmark was down 84 points, or 3.13 percent, at 2,596.34 after hitting a low of 2,561.23.</p>
<p>One French trader said the market was being bombarded by rumours and, with more private polls due on Thursday on the likely outcome of the National Assembly elections, the bourse was feeling fragile. The poll findings cannot be divulged under French law.</p>
<p>&quot;There are significant market concerns over the prospect of the Socialists winning the election,&quot; Mike Young, director of European investment strategy at Goldman Sachs in London.</p>
<p>Share analysts have estimated the CAC could fall to between 2,450 and 2,500 if the left won. But if the Socialists took an outright majority they would not need to rely on the Communists for votes and would be able to pursue more centrist policies.</p>
<p>Although several European stock markets pushed their way into record territory during the morning, the good times could not last.</p>
<p>Germany's 30-share DAX index pushed to a new trading high of 3,632.33 in early trade but went into retreat after failing to penetrate the psychologically important 3,700-point level.</p>
<p>The 30-share DAX index closed floor trade down 37.94 points at 3,636.42. In later screen-based trade, the IBIS DAX was down 24.93 points at 3,640.50 ahead of a holiday on Thursday.</p>
<p>Traders said the holiday and nervousness about the French election made them reluctant to take fresh positions.</p>
<p>London investors were also cheered initially by Wall Street's strong performance on Tuesday, but went into a decline as events in France hit European bonds.</p>
<p>The blue chip FTSE 100 index was down eight points at 4,673 by mid-afternoon.</p>
<p>&quot;Rising (interest) rates around the world are not helping. People are feeling a bit cautious, as they should. We've had a very good run,&quot; said one dealer.</p>
<p>Among top-line UK stocks, shares in Guinness Plc and Grand Metropolitan Plc led FTSE 100 decliners, each shedding more than two percent after news that LVMH intended to buy all Guinness' interest in their joint ventures.</p>
<p>The move would give France's LVMH the right to continue marketing and distributing Guinness brands in key markets including China, the U.S. and Japan for at least 10 years.</p>
<p>On the currency front, analysts said that while higher Japanese bond yields and the jump in the Nikkei had helped to boost the yen against the dollar, its gains were seen as limited.</p>
<p>The dollar also edged lower against the mark, while the mark itself firmed against other European currencies on worries about economic and monetary union and the French elections.</p>
<p>CURRENCIES AT 1415 GMT</p>
<p>The dollar was quoted at 1.7000 marks and 115.70 yen compared with 1.7045 marks and 116.50 yen in late European trading on Tuesday.</p>
<p>STOCK MARKETS AT 1415 GMT</p>
<p>LONDON - The FTSE-100 index was  down 8.2 points, or 0.18 percent, at 4,6743.4.</p>
<p>PARIS - The CAC-40 was down 84 points, or 3.13 percent, at 2,596.34.</p>
<p>FRANKFURT - The 30-share DAX index ended floor trade down 37.94 points, or 1.03 percent, at 3,636.50. In later screen-based trade the IBIS DAX was down 24.93 points, or 0.68 percent, at 3,640.50.</p>
<p>PRECIOUS METALS</p>
<p>Palladium was off its record morning fix at $186.00, up $9.75 on news of a strike in South Africa. Platinum was up $2.50 at $399.50 but also off its early high.</p>
<p>Gold fixed at $342.80 vs $344.70 in the morning, while silver was down five cents at $4.70.</p>
</text>
<copyright>(c) Reuters Limited 1997</copyright>
<metadata>
<codes class="bip:countries:1.0">
  <code code="FRA">
    <editdetail attribution="Reuters BIP Coding Group" action="confirmed" date="1997-05-28"/>
  </code>
  <code code="GFR">
    <editdetail attribution="Reuters BIP Coding Group" action="confirmed" date="1997-05-28"/>
  </code>
  <code code="UK">
    <editdetail attribution="Reuters BIP Coding Group" action="confirmed" date="1997-05-28"/>
  </code>
</codes>
<codes class="bip:topics:1.0">
  <code code="M11">
    <editdetail attribution="Reuters BIP Coding Group" action="confirmed" date="1997-05-28"/>
  </code>
  <code code="M13">
    <editdetail attribution="Reuters BIP Coding Group" action="confirmed" date="1997-05-28"/>
  </code>
  <code code="M132">
    <editdetail attribution="Reuters BIP Coding Group" action="confirmed" date="1997-05-28"/>
  </code>
  <code code="M14">
    <editdetail attribution="Reuters BIP Coding Group" action="confirmed" date="1997-05-28"/>
  </code>
  <code code="M142">
    <editdetail attribution="Reuters BIP Coding Group" action="confirmed" date="1997-05-28"/>
  </code>
  <code code="MCAT">
    <editdetail attribution="Reuters BIP Coding Group" action="confirmed" date="1997-05-28"/>
  </code>
</codes>
<dc element="dc.date.created" value="1997-05-28"/>
<dc element="dc.publisher" value="Reuters Holdings Plc"/>
<dc element="dc.date.published" value="1997-05-28"/>
<dc element="dc.source" value="Reuters"/>
<dc element="dc.creator.location" value="LONDON"/>
<dc element="dc.creator.location.country.name" value="UK"/>
<dc element="dc.source" value="Reuters"/>
</metadata>
</newsitem>
