<?xml version="1.0" encoding="iso-8859-1" ?>
<newsitem itemid="619427" id="root" date="1997-05-28" xml:lang="en">
<title>LITHUANIA: GOVERNMENT BACKS SAVINGS BANK CAPITAL.</title>
<headline>GOVERNMENT BACKS SAVINGS BANK CAPITAL.</headline>
<dateline>VILNIUS 1997-05-28</dateline>
<text>
<p>The Lithuanian government on Wednesday backed a proposal to increase the share capital of state-owned Savings Bank by 20 million litas.</p>
<p>The government press office said in a statement that the cabinet approved a proposal from the finance ministry, which controls the state's share in the bank, to vote for the share capital rise at a shareholder meeting on Friday.  </p>
<p>The cabinet also approved a change in the nominal value of Savings Bank shares to split every 100 litas face value share to 10 shares with one litas face value.</p>
<p>Some six million litas of the capital rise will come from own reserves and 14 million litas from additional contributions. The capital will rise to 80 million litas after the increase.</p>
<p>The state owns 74 percent of the bank and the rest is in private hands.</p>
<p>It is the only state-run bank of three that has not been slated for privatisation.</p>
<p>The state will be represented by four board members on the bank's council.</p>
<p>-- Vilnius newsroom +370 2 223 517</p>
</text>
<copyright>(c) Reuters Limited 1997</copyright>
<metadata>
<codes class="bip:countries:1.0">
  <code code="LITH">
    <editdetail attribution="Reuters BIP Coding Group" action="confirmed" date="1997-05-28"/>
  </code>
</codes>
<codes class="bip:industries:1.0">
  <code code="I81403">
    <editdetail attribution="Reuters BIP Coding Group" action="confirmed" date="1997-05-28"/>
  </code>
</codes>
<codes class="bip:topics:1.0">
  <code code="C17">
    <editdetail attribution="Reuters BIP Coding Group" action="confirmed" date="1997-05-28"/>
  </code>
  <code code="C171">
    <editdetail attribution="Reuters BIP Coding Group" action="confirmed" date="1997-05-28"/>
  </code>
  <code code="CCAT">
    <editdetail attribution="Reuters BIP Coding Group" action="confirmed" date="1997-05-28"/>
  </code>
</codes>
<dc element="dc.date.created" value="1997-05-28"/>
<dc element="dc.publisher" value="Reuters Holdings Plc"/>
<dc element="dc.date.published" value="1997-05-28"/>
<dc element="dc.source" value="Reuters"/>
<dc element="dc.creator.location" value="VILNIUS"/>
<dc element="dc.creator.location.country.name" value="LITHUANIA"/>
<dc element="dc.source" value="Reuters"/>
</metadata>
</newsitem>
