<?xml version="1.0" encoding="iso-8859-1" ?>
<newsitem itemid="619474" id="root" date="1997-05-28" xml:lang="en">
<title>ESTONIA: UHISPANK GROUP 97 Q1 PROFIT 27 MLN EEK.</title>
<headline>UHISPANK GROUP 97 Q1 PROFIT 27 MLN EEK.</headline>
<dateline>TALLINN 1997-05-28</dateline>
<text>
<p>Uhispank the second largest pank in Estonia said on Wednesday that their group profit for first quarter 1997 was 27 million kroons vs 1996 whole year result of 57.5 million kroons.</p>
<p>In a statement the bank said that their total operating income was for the first quarter was 81.6 million kroons vs 254.4 million kroons for 1996.  </p>
<p>The bank's total administrative costs for the first quarter 1997 was 44.4 million kroons compared to 151.7 million kroons for all of 1996.</p>
<p>Personnel costs was 23.7 million kroons until the end of April 1997 against 82 million kroons for 1996.</p>
<p>Income received from fees and commissions in first quarter was 21.5 million kroons compared to 1996's 52.3 million kroons.</p>
<p>Income from financial trading was 7.8 million kroons against 1996's 21 million kroons, while income from securities was 10.6 million kroons versus 1996's 24.1 million kroons. </p>
<p>-- David Mardiste, Tallinn newsroom, + 372 630 8400 reuters@reuters.ee</p>
</text>
<copyright>(c) Reuters Limited 1997</copyright>
<metadata>
<codes class="bip:countries:1.0">
  <code code="ESTNIA">
    <editdetail attribution="Reuters BIP Coding Group" action="confirmed" date="1997-05-28"/>
  </code>
</codes>
<codes class="bip:industries:1.0">
  <code code="I81402">
    <editdetail attribution="Reuters BIP Coding Group" action="confirmed" date="1997-05-28"/>
  </code>
</codes>
<codes class="bip:topics:1.0">
  <code code="C15">
    <editdetail attribution="Reuters BIP Coding Group" action="confirmed" date="1997-05-28"/>
  </code>
  <code code="C151">
    <editdetail attribution="Reuters BIP Coding Group" action="confirmed" date="1997-05-28"/>
  </code>
  <code code="CCAT">
    <editdetail attribution="Reuters BIP Coding Group" action="confirmed" date="1997-05-28"/>
  </code>
</codes>
<dc element="dc.date.created" value="1997-05-28"/>
<dc element="dc.publisher" value="Reuters Holdings Plc"/>
<dc element="dc.date.published" value="1997-05-28"/>
<dc element="dc.source" value="Reuters"/>
<dc element="dc.creator.location" value="TALLINN"/>
<dc element="dc.creator.location.country.name" value="ESTONIA"/>
<dc element="dc.source" value="Reuters"/>
</metadata>
</newsitem>
