<?xml version="1.0" encoding="iso-8859-1" ?>
<newsitem itemid="619479" id="root" date="1997-05-28" xml:lang="en">
<title>UK: FOCUS-Oil steadies after investment funds spark drop.</title>
<headline>FOCUS-Oil steadies after investment funds spark drop.</headline>
<dateline>LONDON 1997-05-28</dateline>
<text>
<p>World oil prices steadied on Wednesday as traders re-evaluated the market after Tuesday's heavy price slump.</p>
<p>London futures for bellwether North Sea Brent blend closed up just one cent at $19.23 a barrel after falling 78 cents on Tuesday.</p>
<p>Dealers were sifting through market factors after investment funds joined a wholesale sell-off sparked by a report showing the market full to the limit with long positions.</p>
<p>&quot;People are taking a fresh look at the market and trying to decide whether the speculative money might come back in and provide some sort of bounce,&quot; said a trader.</p>
<p>They said a weekly report on U.S. oil inventories, out after futures markets close on Wednesday, would provide fresh clues on the vital status of the country's gasoline stocks.</p>
<p>&quot;Stocks are definitely on the rise but as of today they are still low in terms of days of forward demand cover by historical standards,&quot; said Mohammad Abduljabbar, senior economist at Washington's Petroleum Finance Corp.</p>
<p>Brent crude had rallied $1 a barrel in the two weeks before Tuesday as U.S. refineries ratcheted up gasoline production in preparation for the unofficial start of the peak summer driving season, traditionally marked by Monday's Memorial Day holiday.</p>
<p>But dealers now are divided on whether U.S. gasoline can sustain oil prices at levels still running nearly $3 higher on average this year than in the four years from 1991-1995 after the Gulf War.</p>
<p>While U.S. gasoline stocks remain nearly seven million barrels below levels seen this time last year, demand in 1997 is expected to rise a mere 0.3 percent.</p>
<p>						 May 28    May 27</p>
<p>						(close)    (close)</p>
<p> Dated Brent				 $18.88    $19.35</p>
<p> IPE July Brent			    $19.23    $19.22</p>
<p> NYMEX July light crude		  $20.75    $20.79</p>
</text>
<copyright>(c) Reuters Limited 1997</copyright>
<metadata>
<codes class="bip:countries:1.0">
  <code code="UK">
    <editdetail attribution="Reuters BIP Coding Group" action="confirmed" date="1997-05-28"/>
  </code>
</codes>
<codes class="bip:topics:1.0">
  <code code="M14">
    <editdetail attribution="Reuters BIP Coding Group" action="confirmed" date="1997-05-28"/>
  </code>
  <code code="M143">
    <editdetail attribution="Reuters BIP Coding Group" action="confirmed" date="1997-05-28"/>
  </code>
  <code code="MCAT">
    <editdetail attribution="Reuters BIP Coding Group" action="confirmed" date="1997-05-28"/>
  </code>
</codes>
<dc element="dc.date.created" value="1997-05-28"/>
<dc element="dc.publisher" value="Reuters Holdings Plc"/>
<dc element="dc.date.published" value="1997-05-28"/>
<dc element="dc.source" value="Reuters"/>
<dc element="dc.creator.location" value="LONDON"/>
<dc element="dc.creator.location.country.name" value="UK"/>
<dc element="dc.source" value="Reuters"/>
</metadata>
</newsitem>
