<?xml version="1.0" encoding="iso-8859-1" ?>
<newsitem itemid="619451" id="root" date="1997-05-28" xml:lang="en">
<title>LITHUANIA: CURRENCY FIXINGS FOR MAY 28/29.</title>
<headline>CURRENCY FIXINGS FOR MAY 28/29.</headline>
<dateline>VILNIUS 1997-05-27</dateline>
<text>
<p>The Bank of Lithuania set the</p>
<p>following currency fixings for Thursday, May 29 on Wednesday.</p>
<p>The litas is pegged to the U.S. dollar at a rate of four to</p>
<p>one.</p>
<p>		   29.05.97	  28.05.97</p>
<p>    USD	  4.0000	    4.0000</p>
<p>    GBP	  6.5268	    6.5468</p>
<p>    DEM	  2.3465	    2.3600</p>
<p>    ECU	  4.5750	    4.5984</p>
<p>    100JPY     3.4370	    3.4480</p>
<p>    SEK	  0.5210	    0.5231</p>
<p>    FIM	  0.7785	    0.7821</p>
<p>    EKK	  0.2933	    0.2950</p>
<p>    LAT	  7.0200	    7.0361</p>
<p>    1000RUR    0.6937	    0.6947</p>
<p>    PLN	  1.2368	    1.2372</p>
<p>--Andrius Vilkancas, Vilnius newsroom +370 2 22 35 17</p>
</text>
<copyright>(c) Reuters Limited 1997</copyright>
<metadata>
<codes class="bip:countries:1.0">
  <code code="LITH">
    <editdetail attribution="Reuters BIP Coding Group" action="confirmed" date="1997-05-28"/>
  </code>
</codes>
<codes class="bip:topics:1.0">
  <code code="M13">
    <editdetail attribution="Reuters BIP Coding Group" action="confirmed" date="1997-05-28"/>
  </code>
  <code code="M132">
    <editdetail attribution="Reuters BIP Coding Group" action="confirmed" date="1997-05-28"/>
  </code>
  <code code="MCAT">
    <editdetail attribution="Reuters BIP Coding Group" action="confirmed" date="1997-05-28"/>
  </code>
</codes>
<dc element="dc.date.created" value="1997-05-27"/>
<dc element="dc.publisher" value="Reuters Holdings Plc"/>
<dc element="dc.date.published" value="1997-05-28"/>
<dc element="dc.source" value="Reuters"/>
<dc element="dc.creator.location" value="VILNIUS"/>
<dc element="dc.creator.location.country.name" value="LITHUANIA"/>
<dc element="dc.source" value="Reuters"/>
</metadata>
</newsitem>
