<?xml version="1.0" encoding="iso-8859-1" ?>
<newsitem itemid="619468" id="root" date="1997-05-28" xml:lang="en">
<title>POLAND: POLISH SHARES SEEN STABILISING AFTER FALLS.</title>
<headline>POLISH SHARES SEEN STABILISING AFTER FALLS.</headline>
<dateline>WARSAW 1997-05-28</dateline>
<text>
<p>Polish shares were expected to stabilise on Wednesday after four consecutive falls on the back of strong buying after price fixing and mixed constinuous trade on Tuesday.</p>
<p>Some analysts said shares could post moderate gains as prices were beginning to look attractive after the main all-share WIG index fell 4.5 percent since last Thursday.</p>
<p>Analysts said ZEW which started bourse trade on Monday 20 percent below issue, but jumped 10 percent to 39.6 zlotys on Tuesday, was likely to extend gains.</p>
<p>-- Malgorzata Rzepka +48 22 653 9700</p>
</text>
<copyright>(c) Reuters Limited 1997</copyright>
<metadata>
<codes class="bip:countries:1.0">
  <code code="POL">
    <editdetail attribution="Reuters BIP Coding Group" action="confirmed" date="1997-05-28"/>
  </code>
</codes>
<codes class="bip:topics:1.0">
  <code code="M11">
    <editdetail attribution="Reuters BIP Coding Group" action="confirmed" date="1997-05-28"/>
  </code>
  <code code="MCAT">
    <editdetail attribution="Reuters BIP Coding Group" action="confirmed" date="1997-05-28"/>
  </code>
</codes>
<dc element="dc.date.created" value="1997-05-28"/>
<dc element="dc.publisher" value="Reuters Holdings Plc"/>
<dc element="dc.date.published" value="1997-05-28"/>
<dc element="dc.source" value="Reuters"/>
<dc element="dc.creator.location" value="WARSAW"/>
<dc element="dc.creator.location.country.name" value="POLAND"/>
<dc element="dc.source" value="Reuters"/>
</metadata>
</newsitem>
