<?xml version="1.0" encoding="iso-8859-1" ?>
<newsitem itemid="619422" id="root" date="1997-05-28" xml:lang="en">
<title>HUNGARY: STERLING FEATURES IN LOW-KEY BCE CURRENCY FUTURES.</title>
<headline>STERLING FEATURES IN LOW-KEY BCE CURRENCY FUTURES.</headline>
<dateline>BUDAPEST 1997-05-28</dateline>
<text>
<p>Sterling featured in low trade on Budapest's currency futures market on Wednesday while the Swiss franc, though untraded, saw large falls.</p>
<p>Ther U.K. unit accounted for three-quarters of a modest 1.13 billion forints turnover on the Budapest Commodity Exchange's (BCE), with all trades for December, which rose 0.20 to 319.20 forints.</p>
<p>The Swiss franc saw losses of 1.05, 0.99 and 1.50 for September, December and March which ended at 135.80, 141.51 and 145.00 forints respectively.</p>
<p>Dealers associated the falls with current interest speculation in Switzerland.</p>
<p>Other currencies stayed on the sidelines as traders looked for international movements to trade on, dealers said.</p>
<p>The smaller Budapest Stock Exchange (BSE) saw only one trade for 200 lots in the March mark, which ended just 0.02 down at 120.28.</p>
<p>-- Budapest newsroom +36 1 327 4040</p>
</text>
<copyright>(c) Reuters Limited 1997</copyright>
<metadata>
<codes class="bip:countries:1.0">
  <code code="HUNG">
    <editdetail attribution="Reuters BIP Coding Group" action="confirmed" date="1997-05-28"/>
  </code>
</codes>
<codes class="bip:topics:1.0">
  <code code="M13">
    <editdetail attribution="Reuters BIP Coding Group" action="confirmed" date="1997-05-28"/>
  </code>
  <code code="M132">
    <editdetail attribution="Reuters BIP Coding Group" action="confirmed" date="1997-05-28"/>
  </code>
  <code code="MCAT">
    <editdetail attribution="Reuters BIP Coding Group" action="confirmed" date="1997-05-28"/>
  </code>
</codes>
<dc element="dc.date.created" value="1997-05-28"/>
<dc element="dc.publisher" value="Reuters Holdings Plc"/>
<dc element="dc.date.published" value="1997-05-28"/>
<dc element="dc.source" value="Reuters"/>
<dc element="dc.creator.location" value="BUDAPEST"/>
<dc element="dc.creator.location.country.name" value="HUNGARY"/>
<dc element="dc.source" value="Reuters"/>
</metadata>
</newsitem>
