<?xml version="1.0" encoding="iso-8859-1" ?>
<newsitem itemid="619401" id="root" date="1997-05-28" xml:lang="en">
<title>SOUTH AFRICA: AMPLATS HAS WORK STOPPAGE AT RUSTENBURG.</title>
<headline>AMPLATS HAS WORK STOPPAGE AT RUSTENBURG.</headline>
<dateline>JOHANNESBURG 1997-05-28</dateline>
<text>
<p>South Africa's Anglo American Platinum Corp Ltd said on Wednesday that it had had an illegal work stoppage at the Amandelbult section of its Rustenburg mine.</p>
<p>The problem started when employees at two Amandelbult workers hostels took illegal industrial action over the Friday sacking of an employee.</p>
<p>The workers did not turn up for Monday's night shift and a fight broke out at one of the hostels between strikers and employees who wanted to work.</p>
<p>&quot;Mine management intervened and ended the confrontation. One employee was seriously injured,&quot; Amplats said in a statement.</p>
<p>&quot;Management condemns the illegal work stoppage and the intimidation and violence which it caused. Management will take the necessary action, in consultation with the SAPS (police) and the NUM (National Union of Mineworkers) to ensure the safety of all workers,&quot; the firm added.</p>
<p>The statement gave no details of the size of the disturbance or whether it had hit production, but media reports said 4,600 workers at Amandelbult had joined the stoppage and hit 20 percent of platinum production.</p>
<p>Precious metals dealers in New York said the news had upped nervousness in the already tight platinum market.</p>
<p>Rustenburg has a current production capacity of 1.3 million ounces of platinum a year.</p>
<p>Last year a bitter and unofficial strike at the mine lead to the loss of 100,000 ounces of platinum production and the dismissal of 28,000 workers.</p>
<p>-- Johannesburg newsroom +27 11 482 1003</p>
</text>
<copyright>(c) Reuters Limited 1997</copyright>
<metadata>
<codes class="bip:countries:1.0">
  <code code="SAFR">
    <editdetail attribution="Reuters BIP Coding Group" action="confirmed" date="1997-05-28"/>
  </code>
</codes>
<codes class="bip:topics:1.0">
  <code code="C42">
    <editdetail attribution="Reuters BIP Coding Group" action="confirmed" date="1997-05-28"/>
  </code>
  <code code="CCAT">
    <editdetail attribution="Reuters BIP Coding Group" action="confirmed" date="1997-05-28"/>
  </code>
  <code code="E41">
    <editdetail attribution="Reuters BIP Coding Group" action="confirmed" date="1997-05-28"/>
  </code>
  <code code="ECAT">
    <editdetail attribution="Reuters BIP Coding Group" action="confirmed" date="1997-05-28"/>
  </code>
  <code code="GCAT">
    <editdetail attribution="Reuters BIP Coding Group" action="confirmed" date="1997-05-28"/>
  </code>
  <code code="GJOB">
    <editdetail attribution="Reuters BIP Coding Group" action="confirmed" date="1997-05-28"/>
  </code>
</codes>
<dc element="dc.date.created" value="1997-05-28"/>
<dc element="dc.publisher" value="Reuters Holdings Plc"/>
<dc element="dc.date.published" value="1997-05-28"/>
<dc element="dc.source" value="Reuters"/>
<dc element="dc.creator.location" value="JOHANNESBURG"/>
<dc element="dc.creator.location.country.name" value="SOUTH AFRICA"/>
<dc element="dc.source" value="Reuters"/>
</metadata>
</newsitem>
