<?xml version="1.0" encoding="iso-8859-1" ?>
<newsitem itemid="619464" id="root" date="1997-05-28" xml:lang="en">
<title>RUSSIA: PRESS DIGEST - RUSSIA - MAY 28.</title>
<headline>PRESS DIGEST - RUSSIA - MAY 28.</headline>
<dateline>MOSCOW 1997-05-28</dateline>
<text>
<p>Following are some of the leading stories in Russian newspapers this morning. Reuters has not verified these stories and does not vouch for their accuracy.</p>
<p>KOMMERSANT DAILY</p>
<p>- President Yeltsin's statement on warheads in Paris puzzled not only his entourage and journalists but also the heads of other states.</p>
<p>- Russia's government once again emphasised its priorities -- economic growth and social protection.</p>
<p>- The government wants to increase individual's payments to the Pension Fund to improve the situation with pensions arrears.</p>
<p>- Prices on land in St Petersburg are to go down significantly.</p>
<p>- Prime Minister Viktor Chernomyrdin is gathering political forces apparently preparing for the 2000 presidential elections.</p>
<p>- Moscow Mayor Yuri Luzhkov calls for protection of national producers and revival of positive elements of the state planning system.</p>
<p>SEVODNYA</p>
<p>- The Russian Black Sea Fleet is likely to be locked up in two bays in Sevastopol.</p>
<p>- Russia's government approved a system of standards which defines the amount of subsidies to the regions from the federal budget.</p>
<p>- The government demonstrated its unity in a carefully planned performance at yesterday's Finance Ministry meeting.</p>
<p>- The cabinet has intensified its work with the country's regions. This move can be regarded as a start of a new regional policy.</p>
<p>- Russian oil company Surgutneftegaz is to increse its charter capital.</p>
<p>- Fuel and Energy Ministry efforts to initiate competition among energy producers will remain void declarations as long as actual tariffs are determined by the federal Energy Commission.</p>
<p>NEZAVISIMAYA GAZETA</p>
<p>- President Yeltsin's sensational statement on dismantling warheads was a gift to NATO. It is not clear what Russia gains in exchange.</p>
<p>- The government's initiatives on cutting social benefits are extremely unpopular with parliament and trade unions.</p>
<p>ROSSIISKAYA GAZETA</p>
<p>- A difficult way to a compromise has been passed, says the paper in comments over the signing of the Founding Act on Russia-NATO relations.</p>
<p>PRAVDA-5</p>
<p>- Russia has received &quot;cheap stuff in an expensive wrapping&quot; says the opposition over the signing of the agreement with NATO.</p>
<p>MOSKOVSKY KOMSOMOLETS</p>
<p>- It is hard to explain why Russia, which has a lot of brilliant polititians and economists, is such a poor country.</p>
<p>-- Svetlana Kovaleva, Moscow Newsroom, +7095 941 8520</p>
</text>
<copyright>(c) Reuters Limited 1997</copyright>
<metadata>
<codes class="bip:countries:1.0">
  <code code="RUSS">
    <editdetail attribution="Reuters BIP Coding Group" action="confirmed" date="1997-05-28"/>
  </code>
</codes>
<codes class="bip:topics:1.0">
  <code code="GCAT">
    <editdetail attribution="Reuters BIP Coding Group" action="confirmed" date="1997-05-28"/>
  </code>
</codes>
<dc element="dc.date.created" value="1997-05-28"/>
<dc element="dc.publisher" value="Reuters Holdings Plc"/>
<dc element="dc.date.published" value="1997-05-28"/>
<dc element="dc.source" value="Reuters"/>
<dc element="dc.creator.location" value="MOSCOW"/>
<dc element="dc.creator.location.country.name" value="RUSSIA"/>
<dc element="dc.source" value="Reuters"/>
</metadata>
</newsitem>
