<?xml version="1.0" encoding="iso-8859-1" ?>
<newsitem itemid="619426" id="root" date="1997-05-28" xml:lang="en">
<title>ESTONIA: SOME FREE MARKET COMPANIES COULD FACE SUSPENSION.</title>
<headline>SOME FREE MARKET COMPANIES COULD FACE SUSPENSION.</headline>
<dateline>TALLINN 1997-05-28</dateline>
<text>
<p>The Tallinn stock exchange said on Wednesday that it will suspend any free market listed company on June 6 that fails to meet its new information requirements.</p>
<p>&quot;The listing committee decided last night that it will suspend companies on June 6 if they have not complied with the new free market information requirements,&quot; Helo Meigas, managing director of the Estonian bourse, told Reuters.</p>
<p>&quot;The June 6 date gives the companies time to comply,&quot; she added.</p>
<p>Meigas declined to name those companies who have yet to provide all the necessary information, saying that they are reviewing what information has already been sent to the bourse.</p>
<p>The Estonian stock exchange decided in April to tighten free market regulations, and now requires all companies on the list to publish their financial results four times a year and to notify the bourse of any major changes to their activities.</p>
<p>--David Mardiste, Tallinn newsroom +372 630 8400 reuters@reuters.ee</p>
</text>
<copyright>(c) Reuters Limited 1997</copyright>
<metadata>
<codes class="bip:countries:1.0">
  <code code="ESTNIA">
    <editdetail attribution="Reuters BIP Coding Group" action="confirmed" date="1997-05-28"/>
  </code>
</codes>
<codes class="bip:topics:1.0">
  <code code="C13">
    <editdetail attribution="Reuters BIP Coding Group" action="confirmed" date="1997-05-28"/>
  </code>
  <code code="C14">
    <editdetail attribution="Reuters BIP Coding Group" action="confirmed" date="1997-05-28"/>
  </code>
  <code code="CCAT">
    <editdetail attribution="Reuters BIP Coding Group" action="confirmed" date="1997-05-28"/>
  </code>
  <code code="M11">
    <editdetail attribution="Reuters BIP Coding Group" action="confirmed" date="1997-05-28"/>
  </code>
  <code code="MCAT">
    <editdetail attribution="Reuters BIP Coding Group" action="confirmed" date="1997-05-28"/>
  </code>
</codes>
<dc element="dc.date.created" value="1997-05-28"/>
<dc element="dc.publisher" value="Reuters Holdings Plc"/>
<dc element="dc.date.published" value="1997-05-28"/>
<dc element="dc.source" value="Reuters"/>
<dc element="dc.creator.location" value="TALLINN"/>
<dc element="dc.creator.location.country.name" value="ESTONIA"/>
<dc element="dc.source" value="Reuters"/>
</metadata>
</newsitem>
