<?xml version="1.0" encoding="iso-8859-1" ?>
<newsitem itemid="619416" id="root" date="1997-05-28" xml:lang="en">
<title>SLOVAKIA: VAN DEN BROEK HAS TOUGH MESSAGE OVER SLOVAK VOTE.</title>
<headline>VAN DEN BROEK HAS TOUGH MESSAGE OVER SLOVAK VOTE.</headline>
<byline>Jan Krcmar</byline>
<dateline>BRATISLAVA 1997-05-28</dateline>
<text>
<p>EU External Relations Commissioner Hans van den Broek visits Slovakia on Thursday with a message of concern at the failure of a weekend referendum seen as a key test of democracy.</p>
<p>Van den Broek arrives for a one-day visit, ahead of a final assessment next month of Slovakia's eligibility to join the European Union, but is certain to raise the failure of the referendum which was intended to ask Slovaks whether they supported NATO membership and direct presidential elections.</p>
<p>&quot;At this important meeting he will make explicit the position of the EU regarding particularly the referendum, but also other events in Slovakia,&quot; EU ambassador to Slovakia Georgios Zavvos told reporters.</p>
<p>EU envoys expressed their concern at events surrounding the referendum, which was declared void because ballot papers were invalid, in a meeting on Wednesday with Jozef Kalman, Slovak Deputy Prime Minister in charge of EU integration.</p>
<p>&quot;We were very diplomatic,&quot; one envoy told Reuters after the meeting. &quot;Van Den Broek is coming with a really tough message.&quot;</p>
<p>The twinned referendums were billed as a last chance for Slovakia, which has come under fire from the West for its lack of democratic reforms, to win an invitation to join NATO in the first wave of new members.</p>
<p>Instead, voting was turned to chaos by a feud between Prime Minister Vladimir Meciar and President Michal Kovac, who wanted a question about presidential elections on the ballot and prompted a boycott when it was struck off at the last moment.</p>
<p>&quot;In an open, straightforward and constructive way the (EU) ambassadors expressed their concerns regarding the holding of the recent referendum,&quot; Zavvos said.</p>
<p>Kalman said the meeting had been planned weeks in advance and only briefly touched on the referendum. &quot;I reiterated Slovakia's declared political will to join the EU and other western and trans-Atlantic structures,&quot; he said.</p>
<p>&quot;In many aspects were are among the prime contenders for EU membership, our economic criteria are among the best in Europe and we have even fulfilled three of the Maastricht criteria, which is more than some EU members,&quot; he said.</p>
<p>The Central Referendum Committee declared the widely boycotted weekend referendum void and denounced ballot papers distributed by the Interior Ministry as a &quot;massive swindle&quot;.</p>
<p>Within hours, Foreign Minister Pavol Hamzik tendered his resignation, citing domestic political events &quot;especially circumstances surrounding the referendum&quot;.</p>
<p>The United States on Tuesday, in a sharply-worded statement, also condemned the course of the referendum.</p>
<p>&quot;The process was gravely flawed,&quot; Acting State Department Spokesman John Dinger said in a statement issued in Washington.</p>
<p>&quot;The government's failure to comply with the decisions of the Referendum Commission, the authority responsible under Slovak law for overseeing the referendum, shows a lack of respect for the rule of law by the government of Slovakia,&quot; said the statement distributed by the U.S. embassy in Slovakia.</p>
<p>The committee refused even to count the result, saying the small number of voters who went to the polls on Friday and Saturday wasted their time because the ballots were illegal.</p>
<p>Kovac wants presidents elected directly, a change that might head off the ambitions of Meciar, who could inherit presidential powers if the choice remains with parliament.</p>
<p>Interior Minister Gustav Krajci removed the election question from the ballots, saying the Constitutional Court had declared it illegal.</p>
<p>The government tried to go ahead with the NATO questions but many thousands of electors refused to take part.  REUTER</p>
</text>
<copyright>(c) Reuters Limited 1997</copyright>
<metadata>
<codes class="bip:countries:1.0">
  <code code="EEC">
    <editdetail attribution="Reuters BIP Coding Group" action="confirmed" date="1997-05-28"/>
  </code>
  <code code="NATO">
    <editdetail attribution="Reuters BIP Coding Group" action="confirmed" date="1997-05-28"/>
  </code>
  <code code="SLVAK">
    <editdetail attribution="Reuters BIP Coding Group" action="confirmed" date="1997-05-28"/>
  </code>
</codes>
<codes class="bip:topics:1.0">
  <code code="G15">
    <editdetail attribution="Reuters BIP Coding Group" action="confirmed" date="1997-05-28"/>
  </code>
  <code code="G158">
    <editdetail attribution="Reuters BIP Coding Group" action="confirmed" date="1997-05-28"/>
  </code>
  <code code="GCAT">
    <editdetail attribution="Reuters BIP Coding Group" action="confirmed" date="1997-05-28"/>
  </code>
  <code code="GDEF">
    <editdetail attribution="Reuters BIP Coding Group" action="confirmed" date="1997-05-28"/>
  </code>
  <code code="GDIP">
    <editdetail attribution="Reuters BIP Coding Group" action="confirmed" date="1997-05-28"/>
  </code>
  <code code="GPOL">
    <editdetail attribution="Reuters BIP Coding Group" action="confirmed" date="1997-05-28"/>
  </code>
  <code code="GVOTE">
    <editdetail attribution="Reuters BIP Coding Group" action="confirmed" date="1997-05-28"/>
  </code>
</codes>
<dc element="dc.date.created" value="1997-05-28"/>
<dc element="dc.publisher" value="Reuters Holdings Plc"/>
<dc element="dc.date.published" value="1997-05-28"/>
<dc element="dc.source" value="Reuters"/>
<dc element="dc.creator.location" value="BRATISLAVA"/>
<dc element="dc.creator.location.country.name" value="SLOVAKIA"/>
<dc element="dc.source" value="Reuters"/>
</metadata>
</newsitem>
