<?xml version="1.0" encoding="iso-8859-1" ?>
<newsitem itemid="619499" id="root" date="1997-05-28" xml:lang="en">
<title>UK: Diana confesses her ambition to be ballerina.</title>
<headline>Diana confesses her ambition to be ballerina.</headline>
<dateline>LONDON 1997-05-28</dateline>
<text>
<p>Princess Diana confessed on Wednesday she would love to have been a ballerina but grew too tall.</p>
<p>She confessed to her dancing ambitions when surrounded by 65 ballerinas appearing to publicise the largest production of &quot;Swan Lake&quot; ever staged in Britain.</p>
<p>Diana told the London Times she had once wished to be a ballerina but grew too tall. &quot;I rather overshot the mark,&quot; she said.</p>
<p>The world's most photographed woman teased cameramen and told them &quot;Get on with it&quot; as she posed with English National Ballet dancers who held their poses as long as she did her smile.</p>
<p>She is the patron of the ballet, one of the few charity commitments she has maintained since divorcing heir-to-the-throne Prince Charles.</p>
</text>
<copyright>(c) Reuters Limited 1997</copyright>
<metadata>
<codes class="bip:countries:1.0">
  <code code="UK">
    <editdetail attribution="Reuters BIP Coding Group" action="confirmed" date="1997-05-28"/>
  </code>
</codes>
<codes class="bip:topics:1.0">
  <code code="GCAT">
    <editdetail attribution="Reuters BIP Coding Group" action="confirmed" date="1997-05-28"/>
  </code>
  <code code="GENT">
    <editdetail attribution="Reuters BIP Coding Group" action="confirmed" date="1997-05-28"/>
  </code>
  <code code="GPRO">
    <editdetail attribution="Reuters BIP Coding Group" action="confirmed" date="1997-05-28"/>
  </code>
</codes>
<dc element="dc.date.created" value="1997-05-28"/>
<dc element="dc.publisher" value="Reuters Holdings Plc"/>
<dc element="dc.date.published" value="1997-05-28"/>
<dc element="dc.source" value="Reuters"/>
<dc element="dc.creator.location" value="LONDON"/>
<dc element="dc.creator.location.country.name" value="UK"/>
<dc element="dc.source" value="Reuters"/>
</metadata>
</newsitem>
