<?xml version="1.0" encoding="iso-8859-1" ?>
<newsitem itemid="619442" id="root" date="1997-05-28" xml:lang="en">
<title>LATVIA: LATVENERGO GENERATORS IN SELL-OFF BY CHRISTMAS.</title>
<headline>LATVENERGO GENERATORS IN SELL-OFF BY CHRISTMAS.</headline>
<dateline>RIGA 1997-05-28</dateline>
<text>
<p>The Latvian Privatisation Agency (LPA) said on Wednesday that Latvenergo's generating companies may be partly privatised by Christmas.</p>
<p>It also said that Latvenergo, the state elctricity firm currently being prepared for sell-off, should start operating as a holding company from July 1.</p>
<p>&quot;It is desirable that Latvenergo starts functioning as a holding company with daughter firms and separate costs centres from July 1,&quot; Janis Naglis, LPA general director, told a news conference.</p>
<p>The LPA earlier said January 1, 1998 was the date for Latvenergo to start operating as a holding firm.</p>
<p>Privatisation guidelines provide for four electricity generating firms to be set up with the grid forming a separate firm and acting only as buyer.</p>
<p>&quot;I expect that the generation side of Latvenergo could be poartly privatised by Christmas,&quot; Naglis said.</p>
<p>Two generators on the Daugava river, Plavinas and Kegums hydro-electric power stations, are to form one generating firm while Riga hydro-electric station would constitute the other.</p>
<p>Two more companies will be set up from the thermal power stations TEC-1 and TEC-2.</p>
<p>-- Martinsh Gravitis, Riga Newsroom, +371 721 5240</p>
</text>
<copyright>(c) Reuters Limited 1997</copyright>
<metadata>
<codes class="bip:countries:1.0">
  <code code="LATV">
    <editdetail attribution="Reuters BIP Coding Group" action="confirmed" date="1997-05-28"/>
  </code>
</codes>
<codes class="bip:industries:1.0">
  <code code="I16100">
    <editdetail attribution="Reuters BIP Coding Group" action="confirmed" date="1997-05-28"/>
  </code>
</codes>
<codes class="bip:topics:1.0">
  <code code="C18">
    <editdetail attribution="Reuters BIP Coding Group" action="confirmed" date="1997-05-28"/>
  </code>
  <code code="C183">
    <editdetail attribution="Reuters BIP Coding Group" action="confirmed" date="1997-05-28"/>
  </code>
  <code code="CCAT">
    <editdetail attribution="Reuters BIP Coding Group" action="confirmed" date="1997-05-28"/>
  </code>
</codes>
<dc element="dc.date.created" value="1997-05-28"/>
<dc element="dc.publisher" value="Reuters Holdings Plc"/>
<dc element="dc.date.published" value="1997-05-28"/>
<dc element="dc.source" value="Reuters"/>
<dc element="dc.creator.location" value="RIGA"/>
<dc element="dc.creator.location.country.name" value="LATVIA"/>
<dc element="dc.source" value="Reuters"/>
</metadata>
</newsitem>
