<?xml version="1.0" encoding="iso-8859-1" ?>
<newsitem itemid="619496" id="root" date="1997-05-28" xml:lang="en">
<title>UK: Clinton/Blair to boost special relationship.</title>
<headline>Clinton/Blair to boost special relationship.</headline>
<byline>Paul Majendie</byline>
<dateline>LONDON 1996-05-29</dateline>
<text>
<p>Britain is set to revive its special relationship with the U.S. on Thursday as President Clinton flies in for the &quot;Tony and Bill&quot; show with new Labour Prime Minister Tony Blair.</p>
<p>Clinton, the first foreign leader to phone Blair after his landslide election victory on May 1, has made no secret of his admiration for Blair whose party had called on the Democrats for electioneering expertise.</p>
<p>Both leaders are already on first name terms and Clinton's London visit has twice been extended -- to a full day -- so that they can socialise more.</p>
<p>Clinton's relationship with Britain's outgoing Conservative Prime Minister John Major had at best been cordial.</p>
<p>He never forgot the help given by the Conservatives to his Republican rival George Bush in the 1992 race for the White House.</p>
<p>Anglo-US relations had plummeted since the heady days when President Ronald Reagan forged a strong personal friendship with &quot;Iron Lady&quot; Margaret Thatcher.</p>
<p>Blair's landslide victory sparked great interest in the United States and he is eager to capitalise on the closer ties.</p>
<p>&quot;He is well aware that the honeymoon won't last forever but that while it does, he intends to use it for Britain's advantage and to stamp Britain on the world map&quot; a spokesman for Blair said.</p>
<p>After 18 years of mistrust between the British Conservative government and the European Union, Blair has sought to make a fresh start with his continental partners, stressing negotiation not confrontation.</p>
<p>On his visit last week to Washington, Britain's new foreign secretary Robin Cook did not see this posing any problems for Anglo-U.S. relations.</p>
<p>He said &quot;Britain as a leading player in Europe would be a more useful partner to the United States than one that was drifting into being a marginalised offshore island.&quot;</p>
<p>Blair aides said he would encourage Clinton to keep pressing for an Irish Republican Army ceasefire so that the guerrillas' political arm, Sinn Fein, can gain seats at talks on the future of Northern Ireland.</p>
<p>Similarities abound between the two leaders.</p>
<p>Clinton and Blair, both boyish and handsome, were educated at Oxford University and share a love of rock music. Each is a political pragmatist who ditched dogma on the road to power.</p>
<p>Their wives are both high-flying lawyers determined to be working mothers.</p>
<p>But the London Times disputed their spouses' similarities with one columnist writing: &quot;Apart from their shared membership of the legal profession, Cherie Booth has rather less in common with Hillary Clinton than she does with Socks the White House Cat.</p>
<p>&quot;She will doubtless be relieved when Air Force One and the Clinton crew have departed these shores. Cherie Clinton is no Hillary Clinton and is all the better for it.&quot;</p>
</text>
<copyright>(c) Reuters Limited 1997</copyright>
<metadata>
<codes class="bip:countries:1.0">
  <code code="UK">
    <editdetail attribution="Reuters BIP Coding Group" action="confirmed" date="1997-05-28"/>
  </code>
  <code code="USA">
    <editdetail attribution="Reuters BIP Coding Group" action="confirmed" date="1997-05-28"/>
  </code>
</codes>
<codes class="bip:topics:1.0">
  <code code="GCAT">
    <editdetail attribution="Reuters BIP Coding Group" action="confirmed" date="1997-05-28"/>
  </code>
  <code code="GDIP">
    <editdetail attribution="Reuters BIP Coding Group" action="confirmed" date="1997-05-28"/>
  </code>
</codes>
<dc element="dc.date.created" value="1996-05-29"/>
<dc element="dc.publisher" value="Reuters Holdings Plc"/>
<dc element="dc.date.published" value="1997-05-28"/>
<dc element="dc.source" value="Reuters"/>
<dc element="dc.creator.location" value="LONDON"/>
<dc element="dc.creator.location.country.name" value="UK"/>
<dc element="dc.source" value="Reuters"/>
</metadata>
</newsitem>
