<?xml version="1.0" encoding="iso-8859-1" ?>
<newsitem itemid="619448" id="root" date="1997-05-28" xml:lang="en">
<title>HUNGARY: HUNGARY'S GKI LOWERS INFLATION, UPS GDP FORECASTS.</title>
<headline>HUNGARY'S GKI LOWERS INFLATION, UPS GDP FORECASTS.</headline>
<byline>Emese Bartha</byline>
<dateline>BUDAPEST 1997-05-28</dateline>
<text>
<p>Hungary's independent economic think-tank GKI Gazdasagkutato Rt said on Wednesday it revised its earlier forecasts for 1997 inflation down and for GDP and real wage growth up.</p>
<p>&quot;Gazdasagkutato revises its prognosis from the March forecasts in three areas,&quot; Andras Vertes, GKI Managing Director told a news conference.</p>
<p>The research institute lowered its forecast for the average inflation rate for 1997, to 18.5 percent from 19.5 percent in its forecast in March.</p>
<p>&quot;This (reduction) is the result of the fact that inflation was somewhat lower in all of the first four months, especially in the first quarter of the year than our earlier forecasts,&quot; Vertes said.</p>
<p>Hungary's monthly and year-on-year consumer inflation rates showed a declining trend over the past one and the half years.</p>
<p>The Central Statistical Office (KSH) registered a monthly CPI index of 3.7 percent in January, 2.2 percent in February, 1.9 percent in March and 1.4 percent in April 1997, while the year-on-year indices were 18.9 percent, 18.8 percent, 18.8 percent and 18.6 percent, respectively.</p>
<p>Hungary approved an anti-inflation plan earlier this month, under which Hungary would reduce average inflation to 13 to 14 percent in 1998 from a forecast 18 percent this year and December year-on-year CPI would fall to 11 to 12 percent in 1998 from a projected 16 to 17 percent in 1997.</p>
<p>GKI expected a further fall in the May year-on-year inflation figure, to be followed by a slight rise in CPI indices in the subsequent three months due to an increase in prices of seasonal products, Vertes said.</p>
<p>&quot;The pace of (monthly) inflation will fall substantially in May compared to May last year,&quot; he said, adding that the rise in the summer months will stem from the fact that comparative price levels were very low in the same period of 1996.</p>
<p>GKI revised its predictions for Hungary's gross domestic product (GDP) upwards, to three percent from 2.5 percent earlier, Vertes said.</p>
<p>&quot;We regard industry an area where growth will be slightly higher than we thought earlier,&quot; he said. &quot;In services, we see a slight increase against the earlier forecast of stagnation.&quot;</p>
<p>Vertes said the economic growth was driven mainly by investments and exports, but also by consumption.</p>
<p>The government targets an increase in GDP of two to three percent.</p>
<p>The economic think-tank revised its forecasts for real wages and consumption upwards after heavy wage increases in the administration sector earlier this year.</p>
<p>&quot;The starting level of wages was much higher than we predicted earlier, therefore we expect real wages to rise by nearly five percent, compared to our forecast in March of around three percent,&quot; Vertes said.</p>
<p>As a result real incomes and household consumption will be higher than earlier expected, he said, adding that GKI forecast a two to three percent rise in consumption for 1997.</p>
<p>-- Budapest newsroom +36 1 327-4040</p>
</text>
<copyright>(c) Reuters Limited 1997</copyright>
<metadata>
<codes class="bip:countries:1.0">
  <code code="HUNG">
    <editdetail attribution="Reuters BIP Coding Group" action="confirmed" date="1997-05-28"/>
  </code>
</codes>
<codes class="bip:topics:1.0">
  <code code="E11">
    <editdetail attribution="Reuters BIP Coding Group" action="confirmed" date="1997-05-28"/>
  </code>
  <code code="E13">
    <editdetail attribution="Reuters BIP Coding Group" action="confirmed" date="1997-05-28"/>
  </code>
  <code code="E131">
    <editdetail attribution="Reuters BIP Coding Group" action="confirmed" date="1997-05-28"/>
  </code>
  <code code="E14">
    <editdetail attribution="Reuters BIP Coding Group" action="confirmed" date="1997-05-28"/>
  </code>
  <code code="E141">
    <editdetail attribution="Reuters BIP Coding Group" action="confirmed" date="1997-05-28"/>
  </code>
  <code code="ECAT">
    <editdetail attribution="Reuters BIP Coding Group" action="confirmed" date="1997-05-28"/>
  </code>
</codes>
<dc element="dc.date.created" value="1997-05-28"/>
<dc element="dc.publisher" value="Reuters Holdings Plc"/>
<dc element="dc.date.published" value="1997-05-28"/>
<dc element="dc.source" value="Reuters"/>
<dc element="dc.creator.location" value="BUDAPEST"/>
<dc element="dc.creator.location.country.name" value="HUNGARY"/>
<dc element="dc.source" value="Reuters"/>
</metadata>
</newsitem>
