<?xml version="1.0" encoding="iso-8859-1" ?>
<newsitem itemid="619414" id="root" date="1997-05-28" xml:lang="en">
<title>CZECH REPUBLIC: ANALYSTS GIVE RESERVED PRAISE TO CZECH MEASURES.</title>
<headline>ANALYSTS GIVE RESERVED PRAISE TO CZECH MEASURES.</headline>
<dateline>PRAGUE 1997-05-28</dateline>
<text>
<p>Economists gave measured praise to a new austerity package unveiled by the Czech ruling coalition on Wednesday, saying it addressed the country's economic problems with needed budget cuts and wage freezes.</p>
<p>&quot;On the face of it all looks like a coherent approach to minimising the trade gap, and that is the crucial priority for the government,&quot; David Lubin, emerging markets analyst at HSBC Midland, told Reuters.</p>
<p>&quot;The foreign exchange crisis has been, in effect, the international financial markets' way of telling the Czech Republic 'we don't want to finance your trade deficits any more'.&quot;</p>
<p>Prime Minister Vaclav Klaus announced a plan to freeze public sector wages, restrict public sector import demand, back the central bank's tight monetary policy, and make further budget cuts leading to a balanced budget in 1997 and a &quot;slightly&quot; surplus budget in 1998.</p>
<p>Lubin said that the steps were necessary to reduce a current account deficit -- which equals about nine percent of gross domestic product -- and take some of the pressure off the Czech crown which has fallen dramatically in recent days.</p>
<p>But he said there still may be volatility in trading the currency when the central bank eases its prohibitively high short-term interest rates.</p>
<p>The Czech crown showed little immediate reaction to the package announced late in the day, as analysts said traders was poised to pounce on the currency if the coalition would not have reached an agreement.</p>
<p>&quot;These measures are all fine and dandy, but I don't think the Czech authorities have alot of credibility right now,&quot; a New York-based currency trader said.</p>
<p>The crown was trading on Wednesday in a tight range at about seven percent below its levels against the dollar and mark on Monday when the central bank was forced to abandon its fluctuation corridor and freely float the currency.</p>
<p>Klaus said that the measures, on top of an austerity package launched in April which already cut more than 20 billion crowns from the 1997 budget, would lead to an economic decline and a significant increase in unemployment.</p>
<p>&quot;I think it's a good thing for the government to be up front about that,&quot; Lubin said about Klaus's gloomy forecast</p>
<p>&quot;I think inevitably it's going to present political challenges just as other adjustment packages have in other emerging market countries.&quot;</p>
<p>-- John Mastrini, Prague Newsroom, 420-2-2423-0003</p>
</text>
<copyright>(c) Reuters Limited 1997</copyright>
<metadata>
<codes class="bip:countries:1.0">
  <code code="CZREP">
    <editdetail attribution="Reuters BIP Coding Group" action="confirmed" date="1997-05-28"/>
  </code>
</codes>
<codes class="bip:topics:1.0">
  <code code="E12">
    <editdetail attribution="Reuters BIP Coding Group" action="confirmed" date="1997-05-28"/>
  </code>
  <code code="ECAT">
    <editdetail attribution="Reuters BIP Coding Group" action="confirmed" date="1997-05-28"/>
  </code>
  <code code="GCAT">
    <editdetail attribution="Reuters BIP Coding Group" action="confirmed" date="1997-05-28"/>
  </code>
  <code code="GPOL">
    <editdetail attribution="Reuters BIP Coding Group" action="confirmed" date="1997-05-28"/>
  </code>
</codes>
<dc element="dc.date.created" value="1997-05-28"/>
<dc element="dc.publisher" value="Reuters Holdings Plc"/>
<dc element="dc.date.published" value="1997-05-28"/>
<dc element="dc.source" value="Reuters"/>
<dc element="dc.creator.location" value="PRAGUE"/>
<dc element="dc.creator.location.country.name" value="CZECH REPUBLIC"/>
<dc element="dc.source" value="Reuters"/>
</metadata>
</newsitem>
