<?xml version="1.0" encoding="iso-8859-1" ?>
<newsitem itemid="619432" id="root" date="1997-05-28" xml:lang="en">
<title>BULGARIA: BULGARIA LEV ENDS FIRMER AMID LOW LEV LIQUIDITY.</title>
<headline>BULGARIA LEV ENDS FIRMER AMID LOW LEV LIQUIDITY.</headline>
<dateline>SOFIA 1997-05-28</dateline>
<text>
<p>The Bulgarian lev inched up to</p>
<p>1,569-1,571 per dollar at the close from the morning's</p>
<p>1,569-1573 on a dormant interbank market and amid low lev</p>
<p>liquidity, dealers said.</p>
<p>&quot;Current low lev liquidity resulted in higher foreign</p>
<p>currency supply while dollar demand remained low throughout the</p>
<p>day. Trade was thin and quiet,&quot; a commercial bank dealer said.</p>
<p>The lack of large payments on government securities this</p>
<p>week have impaired the lev liquidity of banks, dealers said.</p>
<p>Wage and tax payments by banks and companies due by</p>
<p>end-month have also increased the need for levs.</p>
<p>The mark closed at 922/924 levs.</p>
<p>-- Sofia Newsroom, (++359-2) 911 88</p>
</text>
<copyright>(c) Reuters Limited 1997</copyright>
<metadata>
<codes class="bip:countries:1.0">
  <code code="BUL">
    <editdetail attribution="Reuters BIP Coding Group" action="confirmed" date="1997-05-28"/>
  </code>
</codes>
<codes class="bip:topics:1.0">
  <code code="M13">
    <editdetail attribution="Reuters BIP Coding Group" action="confirmed" date="1997-05-28"/>
  </code>
  <code code="M132">
    <editdetail attribution="Reuters BIP Coding Group" action="confirmed" date="1997-05-28"/>
  </code>
  <code code="MCAT">
    <editdetail attribution="Reuters BIP Coding Group" action="confirmed" date="1997-05-28"/>
  </code>
</codes>
<dc element="dc.date.created" value="1997-05-28"/>
<dc element="dc.publisher" value="Reuters Holdings Plc"/>
<dc element="dc.date.published" value="1997-05-28"/>
<dc element="dc.source" value="Reuters"/>
<dc element="dc.creator.location" value="SOFIA"/>
<dc element="dc.creator.location.country.name" value="BULGARIA"/>
<dc element="dc.source" value="Reuters"/>
</metadata>
</newsitem>
