<?xml version="1.0" encoding="iso-8859-1" ?>
<newsitem itemid="619473" id="root" date="1997-05-28" xml:lang="en">
<title>LATVIA: C.BANK LAT FIXING FOR MAY 29.</title>
<headline>C.BANK LAT FIXING FOR MAY 29.</headline>
<dateline>RIGA 1997-05-28</dateline>
<text>
<p>The central bank on Wednesday set</p>
<p>the following exchange rates, valid for May 29.</p>
<p>		  USD	  0.576</p>
<p>		  ATS	  0.0480</p>
<p>		  AUD	  0.440</p>
<p>		  BEF	  0.0164</p>
<p>		  CAD	  0.417</p>
<p>		  CHF	  0.405</p>
<p>		  CZK	  0.0174</p>
<p>		  DEM	  0.338</p>
<p>		  DKK	  0.0887</p>
<p>		  ECU	  0.658</p>
<p>		  EEK	  0.0422</p>
<p>	     100ESP	  0.400</p>
<p>		  FIM	  0.112</p>
<p>		  FRF	  0.1000</p>
<p>		  GBP	  0.939</p>
<p>	     100HUF	  0.316</p>
<p>	     100ITL	  0.0342</p>
<p>	     100JPY	  0.493</p>
<p>		  KGS	  0.0321</p>
<p>		  LTL	  0.144</p>
<p>		  MDL	  0.125</p>
<p>		  NLG	  0.300</p>
<p>		  NOK	  0.0811</p>
<p>		  PLN	  0.178</p>
<p>	    1000RUR	  0.0999</p>
<p>		  SDR	  0.7997</p>
<p>		  SEK	  0.0751</p>
<p>		  SKK	  0.0162</p>
<p>		  XAU(gold)  198.18</p>
<p>-- Riga Newsroom, +371 721 5240</p>
</text>
<copyright>(c) Reuters Limited 1997</copyright>
<metadata>
<codes class="bip:countries:1.0">
  <code code="LATV">
    <editdetail attribution="Reuters BIP Coding Group" action="confirmed" date="1997-05-28"/>
  </code>
</codes>
<codes class="bip:topics:1.0">
  <code code="M13">
    <editdetail attribution="Reuters BIP Coding Group" action="confirmed" date="1997-05-28"/>
  </code>
  <code code="M132">
    <editdetail attribution="Reuters BIP Coding Group" action="confirmed" date="1997-05-28"/>
  </code>
  <code code="MCAT">
    <editdetail attribution="Reuters BIP Coding Group" action="confirmed" date="1997-05-28"/>
  </code>
</codes>
<dc element="dc.date.created" value="1997-05-28"/>
<dc element="dc.publisher" value="Reuters Holdings Plc"/>
<dc element="dc.date.published" value="1997-05-28"/>
<dc element="dc.source" value="Reuters"/>
<dc element="dc.creator.location" value="RIGA"/>
<dc element="dc.creator.location.country.name" value="LATVIA"/>
<dc element="dc.source" value="Reuters"/>
</metadata>
</newsitem>
