<?xml version="1.0" encoding="iso-8859-1" ?>
<newsitem itemid="619433" id="root" date="1997-05-28" xml:lang="en">
<title>HUNGARY: MOL APPROVES 3.7 PCT DIVIDEND FOR 1996.</title>
<headline>MOL APPROVES 3.7 PCT DIVIDEND FOR 1996.</headline>
<dateline>BUDAPEST 1997-05-28</dateline>
<text>
<p>The shareholders of Hungarian oil and gas company MOL decided on Wednesday to pay 37 forint or 3.7 percent dividend on the 1996 earnings, up from nine forints paid from 1995 profits. 8 &quot;When considering the yield of your shares, you should also take into account the increase of the share price over the last year,&quot; MOL chairman Laszlo Pal told the shareholders' annual meeting.</p>
<p>He added that one year ago the stock was sold at around 1,300 forints, compared with the current price of 3,380 forints.</p>
<p>The shares sold at domestic and international offerings earlier this month will also pay dividend, MOL officials said.</p>
<p>The state privatisation agency APV sold some 19 percent of MOL's shares through the offerings.</p>
<p>-- Budapest newsroom (36 1) 327 4040</p>
</text>
<copyright>(c) Reuters Limited 1997</copyright>
<metadata>
<codes class="bip:countries:1.0">
  <code code="HUNG">
    <editdetail attribution="Reuters BIP Coding Group" action="confirmed" date="1997-05-28"/>
  </code>
</codes>
<codes class="bip:industries:1.0">
  <code code="I13000">
    <editdetail attribution="Reuters BIP Coding Group" action="confirmed" date="1997-05-28"/>
  </code>
</codes>
<codes class="bip:topics:1.0">
  <code code="C15">
    <editdetail attribution="Reuters BIP Coding Group" action="confirmed" date="1997-05-28"/>
  </code>
  <code code="C151">
    <editdetail attribution="Reuters BIP Coding Group" action="confirmed" date="1997-05-28"/>
  </code>
  <code code="CCAT">
    <editdetail attribution="Reuters BIP Coding Group" action="confirmed" date="1997-05-28"/>
  </code>
</codes>
<dc element="dc.date.created" value="1997-05-28"/>
<dc element="dc.publisher" value="Reuters Holdings Plc"/>
<dc element="dc.date.published" value="1997-05-28"/>
<dc element="dc.source" value="Reuters"/>
<dc element="dc.creator.location" value="BUDAPEST"/>
<dc element="dc.creator.location.country.name" value="HUNGARY"/>
<dc element="dc.source" value="Reuters"/>
</metadata>
</newsitem>
