<?xml version="1.0" encoding="iso-8859-1" ?>
<newsitem itemid="619458" id="root" date="1997-05-28" xml:lang="en">
<title>LATVIA: VENTSPILS PUBLIC OFFER TO START AUGUST 20.</title>
<headline>VENTSPILS PUBLIC OFFER TO START AUGUST 20.</headline>
<dateline>RIGA 1997-05-28</dateline>
<text>
<p>The Latvian Privatisation Agency (LPA) said on Wednesday that the public offer for Ventspils Nafta will begin on August 20.  </p>
<p>&quot;The signing of the merger agreement between pipeline operator Lasam and Ventspils Nafta oil terminal could be signed around July 7,&quot; Janis Naglis, general director of the LPA, told a news conference.</p>
<p>&quot;We could thus hope to arrange the first public offer stage of 10 million shares around August 20,&quot; he said.  </p>
<p>&quot;The Riga stock exchange's capitalisation has to reach one billion dollars and that could be done only by listing one of the big companies,&quot; Naglis said.</p>
<p>&quot;That could be Ventspils Nafta, which we could see on the bourse by the new year,&quot; he added.</p>
<p>Ventspls Nafta share sale is planed to take place via a mix of public offers and placements abroad.</p>
<p>Some 15.5 million shares of Ventspils will be sold through a public offer and the company's capital after privatisation is to rise from 30 million lats to 200 million lats.</p>
<p>-- Martinsh Gravitis, Riga Newsroom, +371 721 5240</p>
</text>
<copyright>(c) Reuters Limited 1997</copyright>
<metadata>
<codes class="bip:countries:1.0">
  <code code="LATV">
    <editdetail attribution="Reuters BIP Coding Group" action="confirmed" date="1997-05-28"/>
  </code>
</codes>
<codes class="bip:industries:1.0">
  <code code="I13000">
    <editdetail attribution="Reuters BIP Coding Group" action="confirmed" date="1997-05-28"/>
  </code>
</codes>
<codes class="bip:topics:1.0">
  <code code="C17">
    <editdetail attribution="Reuters BIP Coding Group" action="confirmed" date="1997-05-28"/>
  </code>
  <code code="C171">
    <editdetail attribution="Reuters BIP Coding Group" action="confirmed" date="1997-05-28"/>
  </code>
  <code code="C18">
    <editdetail attribution="Reuters BIP Coding Group" action="confirmed" date="1997-05-28"/>
  </code>
  <code code="C183">
    <editdetail attribution="Reuters BIP Coding Group" action="confirmed" date="1997-05-28"/>
  </code>
  <code code="CCAT">
    <editdetail attribution="Reuters BIP Coding Group" action="confirmed" date="1997-05-28"/>
  </code>
</codes>
<dc element="dc.date.created" value="1997-05-28"/>
<dc element="dc.publisher" value="Reuters Holdings Plc"/>
<dc element="dc.date.published" value="1997-05-28"/>
<dc element="dc.source" value="Reuters"/>
<dc element="dc.creator.location" value="RIGA"/>
<dc element="dc.creator.location.country.name" value="LATVIA"/>
<dc element="dc.source" value="Reuters"/>
</metadata>
</newsitem>
