<?xml version="1.0" encoding="iso-8859-1" ?>
<newsitem itemid="619493" id="root" date="1997-05-28" xml:lang="en">
<title>UK: FORECAST - Consensus of key economic indicators.</title>
<headline>FORECAST - Consensus of key economic indicators.</headline>
<text>
<p>GMT------------KEY INDICATOR----------F/CAST-----RANGE--- PRVS</p>
<p> 0430  Thu   JPN INDUST PROD PREL APR  0.6  PCT  0.3/1.5   -0.3</p>
<p> 0430  Thu   JPN INDUST PREL Y/Y  APR  5.9  PCT  5.6/6.3    7.6</p>
<p> 0830  Thu   UK  NON-EU TRADE     APR -600  MLN -700/-500  -606</p>
<p> 0830  Thu   UK  TRADE IN GOODS   MAR -900  MLN-1100/-800  -758</p>
<p> 0830  Thu   UK  TRD IN GDS EX OILMAR  N/F  MLN    N/A    -1343</p>
<p> 0830  Thu   UK  HICP (Y/Y)	 APR  N/F  PCT    N/A	1.8</p>
<p> 0830  Thu   UK  CONSUMER CREDIT  APR  N/F  MLN    N/A	780</p>
<p> 1230  Thu   USA JOBLESS CLMS 14-MaY   321  K    315/327    322</p>
<p> 1230  Thu   CAN AVERAGE WKLY EARNMAR +3.6  PCT  3.5/4.8    3.6</p>
<p> 1300  Thu   USA NEW YORK NAPM    MAY  N/F	   N/A     50.9</p>
<p> 1400  Thu   USA HELP WANTED INDX APR  87	    N/A	 87</p>
<p> 2030  Thu   USA M1		19-May  N/F  BLN    N/A     -5.0</p>
<p> 2030  Thu   USA M2		19-May  N/F  BLN    N/A     -2.3</p>
<p> 2030  Thu   USA M3		19-May  N/F  BLN    N/A	1.0</p>
<p> 0030  Fri   JPN JOB RATIO	  APR  0.73     0.72/0.74  0.73</p>
<p> 0030  Fri   JPN UNEMPLOYMENT SA  APR  3.3  PCT  3.2/3.4    3.2</p>
<p> 0030  Fri   JPN CONSUMER PRICES  APR  1.4  PCT  0.7/1.7    0.1</p>
<p> 0030  Fri   JPN CPI (NAT'L) Y/Y  APR  1.6  PCT  1.3/1.8    0.5</p>
<p> 0030  Fri   JPN CONSUMER PRICES  MAY  0.1  PCT FLAT/0.2    1.7</p>
<p> 0030  Fri   JPN CPI (TOKYO;Y/Y)  MAY  1.3  PCT  1.2/1.3    1.2</p>
<p> 0430  Fri   JPN RETAIL SLS (PREL)APR  N/F  PCT    N/A     14.1</p>
<p> 0500  Fri   JPN HOUSING STARTS   APR -9.8  PCT -15./1.9   -7.5</p>
<p> 0500  Fri   JPN CONSTRUCT ORDERS APR  N/F  PCT    N/A	6.5</p>
<p> 0645  Fri   FRA TRADE BAL. (FF.) MAR  N/F  BLN    N/A     11.4</p>
<p> 0700  Fri   ITA GDP (Q/Q) PREL   Q1   0.2  PCT -1.1/0.8   -0.2</p>
<p> 0700  Fri   ITA GDP (Y/Y) PREL   Q1   N/F  PCT    N/A	0.1</p>
<p> 1230  Fri   USA REAL GDP (REV)   Q1  +6.0  PCT  5.6/6.5    5.6</p>
<p> 1230  Fri   USA PRICE INDEX	Q1  +2.7  PCT   FLAT	2.7</p>
<p> 1230  Fri   USA IMPLICIT DEFLATORQ1  +2.3  PCT    N/A	2.3</p>
<p> 1400  Fri   USA MICH SVY(FINAL)  MAY  104.0     102/105  101.4</p>
<p> 1400  Fri   USA CHICAGO  PMI     MAY  56.8     55.0/58.0  57.2</p>
<p> 1400  Fri   USA NEW HOME SALES   MAY  800  K    770/821    813</p>
<p>*ECONOMIC INDICATORS WEEK COMMENCING JUNE 2</p>
<p> 0645  Mon   FRA UNEMPLOYMENT     APR  N/F  K	N/A     -4.8</p>
<p> 0645  Mon   FRA UNEMPLOYMENT     APR  N/F  PCT    N/A     12.8</p>
<p> 0730  Mon   GER BME/RTR PMI	MAY  N/F	   N/A     56.6</p>
<p> 0730  Mon   JPN FOREIGN RESERVES MAY  N/F  BLN    N/A	220</p>
<p> 0830  Mon   UK  M0 (PROV.) SA    MAY  N/F  PCT    N/A	0.2</p>
<p> 0830  Mon   UK  M0 (PROV.) Y/Y   MAY  N/F  PCT    N/A	6.0</p>
<p> 0830  Mon   UK  M4 (FINAL)	 APR  N/F  PCT    N/A	0.3</p>
<p> 0830  Mon   UK  M4 (FINAL)(Y/Y)  APR  N/F  PCT    N/A     10.4</p>
<p> 0830  Mon   UK  M4 LENDING (FIN) APR  N/F  BLN    N/A	4.4</p>
<p> 0830  Mon   UK  PURCH MGR. INDEX.MAY  N/F  PCT    N/A     53.1</p>
<p> 0830  Mon   UK  CONSUMER CREDIT BMAY  N/F  MLN    N/A	780</p>
<p> 1230  Mon   CAN CURRENT ACCOUNT  Q2  -0.5 BLN  -4.7/6.0   -1.7</p>
<p> 1230  Mon   CAN REAL GDP (FACTOR MAR  N/F  PCT    N/A	0.5</p>
<p> 1230  Mon   CAN REAL GDP	   Q1   3.5  PCT  0.9/5.0    0.7</p>
<p> 1230  Mon   CAN GDP DEFLATOR     Q1   N/F  PCT    N/A	0.6</p>
<p> 1230  Mon   USA PERSONAL INCOME  APR  N/F  PCT    N/A	0.6</p>
<p> 1230  Mon   USA PERSONAL SPEND   APR  N/F  PCT    N/A	0.5</p>
<p> 1400  Mon   USA CONSTRUC SPNDG   MAR  N/F  PCT    N/A     -0.2</p>
<p> 1400  Mon   USA NAPM		 MAY  N/F	   N/A     54.2</p>
<p> N/A   Mo-We E.G.INDUST PROD (Y/Y)APR  N/F  PCT    N/A     13.9</p>
<p> N/A   Mo-We GER.INDUST PROD	APR  N/F  PCT    N/A	0.5</p>
<p> N/A   Mo-We GER.INDUST PROD (Y/Y)APR  N/F  PCT    N/A	4.7</p>
<p> N/A   Mo-We W.G.INDUST PROD (Y/Y)APR  N/F  PCT    N/A	3.2</p>
<p> N/A   Mon   USA CARS		 MAY  N/F  MLN    N/A	N/A</p>
<p> 0830  Tue   UK  OFFICIAL RSRVS $ MAY  N/F  MLN    N/A    -93.0</p>
<p> 1230  Tue   USA LEAD INDICATORS  APR  N/F  PCT    N/A	0.1</p>
<p> 1230  Tue   CAN BUILDING PERMITS APR  N/F  PCT    N/A     -5.0</p>
<p> 0700  Wed   ITA CONSUMER PRICES 1MAY  0.2  PCT  0.1/0.3    0.1</p>
<p> 0700  Wed   ITA CPI 1995 BASE (Y/MAY  1.6  PCT  1.5/1.7    1.7</p>
<p> 1215  Wed   CAN INT'L RESERVES   MAY  N/F  BLN    N/A     19.9</p>
<p> 1400  Wed   USA FACTORY ORDERS   APR  N/F  PCT    N/A     -1.6</p>
<p> N/A   We-Fr E.G.MANU NEW ORDS Y/YAPR  N/F  PCT    N/A     23.2</p>
<p> N/A   We-Fr GER.MANU NEW ORDERS  APR  N/F  PCT    N/A	1.1</p>
<p> N/A   We-Fr GER.MANU NEW ORDS Y/YAPR  N/F  PCT    N/A	5.5</p>
<p> N/A   We-Fr W.G.MANU NEW ORDS Y/YAPR  N/F  PCT    N/A	4.5</p>
<p> 0645  Thu   FRA GDP (PREL)Q/Q    Q1   0.5  PCT FLAT/0.9    0.2</p>
<p> 0645  Thu   FRA GDP (PREL)Y/Y    Q1   1.3  PCT  0.8/1.7    2.1</p>
<p> 0700  Thu   ITA RETAIL SALES (Y/YFEB  N/F  PCT    N/A	1.6</p>
<p> 0830  Thu   UK  CONST'N NEW ORDS APR  N/F  PCT    N/A     -5.0</p>
<p> 1030  Thu   UK  CBI SVY OF DISTRIMAY  N/F	   N/A	N/A</p>
<p> 1230  Thu   CAN HELP WANTED INDX MAY  N/F	   N/A	102</p>
<p> 1230  Thu   USA HOUSING COMPLETIOAPR  N/F  MLN    N/A     10.8</p>
<p> 2350  Th-Th JPN C/A YEN;NSA;IMF  APR  N/F  TLN    N/A	1.0</p>
<p> 2350  Th-Th JPN TRADE YEN;NSA;IMFAPR  N/F  TLN    N/A	1.1</p>
<p> N/A   Thu   GER.GDP (Q/Q)	  Q1   N/F  PCT    N/A	0.1</p>
<p> N/A   Thu   GER.GDP (Y/Y)	  Q1   2.4  PCT  1.0/3.2    2.2</p>
<p> 0755  Fri   E.G.UNEMPLOYMENT(SA) MAY  N/F  K	N/A	2.0</p>
<p> 0755  Fri   E.G.UNEMPLOYMENT(NSA)MAY  N/F  PCT    N/A     17.5</p>
<p> 0755  Fri   E.G.UNEMPLOYMENT(NSA)MAY  N/F  MLN    N/A	1.3</p>
<p> 0755  Fri   GER UNEMPLOYMENT(NSA)MAY  N/F  PCT    N/A     11.3</p>
<p> 0755  Fri   GER UNEMPLOYMENT(NSA)MAY  N/F  MLN    N/A	4.3</p>
<p> 0755  Fri   GER UNEMPLOYMENT(SA) MAY  N/F  K	N/A	8.0</p>
<p> 0755  Fri   W.G.UNEMPLOYMENT(NSA)MAY  N/F  PCT    N/A	9.8</p>
<p> 0755  Fri   W.G.UNEMPLOYMENT(NSA)MAY  N/F  MLN    N/A	3.0</p>
<p> 0755  Fri   W.G.UNEMPLOYMENT(SA) MAY  N/F  K	N/A	6.0</p>
<p> 0830  Fri   UK  CONSTRUCTION OUTPQ1   N/F  PCT    N/A	0.4</p>
<p> 1100  Fri   CAN EMPLOYMENT GROWTHMAY  N/F  K	N/A     33.0</p>
<p> 1100  Fri   CAN UNEMPLOYMENT. RATMAY  N/F  PCT    N/A	9.6</p>
<p> 1230  Fri   USA PAYROLL EMPLOY   MAY  N/F  K	N/A	142</p>
<p> 1230  Fri   USA UNEMPLOYMENT     MAY  N/F  PCT    N/A	4.9</p>
<p> 1400  Fri   FRA M3 (Y/Y) SA (TIMEAPR  N/F  PCT    N/A	0.8</p>
<p> 1400  Fri   USA WHOLESALE TRADE  APR  N/F  PCT    N/A	0.7</p>
<p> 1900  Fri   USA CONSUMER CREDIT BAPR  N/F  BLN    N/A	2.0</p>
<p>*ECONOMIC INDICATORS WEEK COMMENCING JUNE 9</p>
<p> 2350  Su-We JPN WHOLESALE PRICE  MAY  N/F  PCT    N/A	1.7</p>
<p> 2350  Su-We JPN WHOLESALE PRICES MAY  N/F  PCT    N/A	3.2</p>
<p> 0830  Mon   UK  INDUSTRIAL PROD  APR  N/F  PCT    N/A	0.5</p>
<p> 0830  Mon   UK  INDUSTRIAL (Y/Y) APR  N/F  PCT    N/A     -0.1</p>
<p> 0830  Mon   UK  MANUF. OUTPUT    APR  N/F  PCT    N/A	1.4</p>
<p> 0830  Mon   UK  MANUF. (Y/Y)     APR  N/F  PCT    N/A     -0.1</p>
<p> 0830  Mon   UK  PPI (OUTPUT) NSA MAY  N/F  PCT    N/A	0.2</p>
<p> 0830  Mon   UK  PPI (OUTPUT)Y/Y  MAY  N/F  PCT    N/A	0.8</p>
<p> 0830  Mon   UK  OUTPUT EX FDT    MAY  N/F  PCT    N/A	0.1</p>
<p> 0830  Mon   UK  OUTPUT X FDT Y/Y MAY  N/F  PCT    N/A	0.5</p>
<p> 0830  Mon   UK  PPI (INPUT) SA   MAY  N/F  PCT    N/A     -1.9</p>
<p> 0830  Mon   UK  PPI (INPUT) Y/Y  MAY  N/F  PCT    N/A    -10.5</p>
<p> 0830  Mon   UK  HOUSING STARTS (YAPR  N/F  K	N/A	1.0</p>
<p> 0830  Mon   UK  HOUSING CMPLTNS (APR  N/F  K	N/A     -6.0</p>
<p> 1215  Mon   CAN HOUSING STARTS (AMAY  N/F  K	N/A	146</p>
<p> 1230  Mon   CAN CAPACITY UTIL    Q1   N/F  PCT    N/A     84.8</p>
<p> 0500  Tu-Mo JPN MACHINERY ORDERS APR  N/F  PCT    N/A     -1.7</p>
<p> 0500  Tu-Mo JPN MACH ORDERS y/y  APR  N/F  PCT    N/A	6.9</p>
<p> 0500  Tu-Mo JPN ORDRS ex ships, eAPR  N/F  PCT    N/A    -12.7</p>
<p> 0500  Tu-Mo JPN  ex ships (Y/Y)  APR  N/F  PCT    N/A	0.1</p>
<p> 1230  Tue   CAN NEW MOTOR VEH SALAPR  N/F  PCT    N/A	8.5</p>
<p> N/A   Tu-Tu E.G.CST OF LVNG  Y/Y MAY  N/F  PCT    N/A	1.5</p>
<p> N/A   Tu-Tu GER.COST OF LIVING   MAY  N/F  PCT    N/A     UNCH</p>
<p> N/A   Tu-Tu GER.CST OF LVNG  Y/Y MAY  N/F  PCT    N/A	1.4</p>
<p> N/A   Tu-Tu W.G.CST OF LVNG  Y/Y MAY  N/F  PCT    N/A	1.3</p>
<p> 0830  Wed   UK AVERAGE EARNINGS APR  N/F  PCT    N/A	4.5</p>
<p> 0830  Wed   UK  UNEMPLOYMENT     MAY  N/F  K	N/A	-59</p>
<p> 0830  Wed   UK  UNEMPLOYMENT     MAY  N/F  PCT    N/A	5.9</p>
<p> 0830  Wed   UK  UNIT WAGE COSTS 3APR  N/F  PCT    N/A	2.6</p>
<p> 1230  Wed   CAN NEW HOUSE PRICE YAPR  N/F  PCT    N/A	0.2</p>
<p> 0500  Th-We JPN NM HOUSEHOLD SPENAPR  N/F  PCT    N/A	6.0</p>
<p> 0500  Th-We JPN REAL HOUSEHOLD SPAPR  N/F  PCT    N/A	5.8</p>
<p> 0830  Thu   UK  RETAIL PRI (Y/Y) MAY  N/F  PCT    N/A	0.6</p>
<p> 0830  Thu   UK  RETAIL PRICES    MAY  N/F  PCT    N/A	2.4</p>
<p> 0830  Thu   UK  RPI-X	 Y/Y  MAY  N/F  PCT    N/A	2.5</p>
<p> 0830  Thu   UK  RPI-Y	 Y/Y  MAY  N/F  PCT    N/A	2.0</p>
<p> 1230  Thu   USA RETAIL SALES     MAY  N/F  PCT    N/A     -0.3</p>
<p> 1230  Thu   USA SALES EX AUTO    MAY  N/F  PCT    N/A     -0.1</p>
<p> 0700  Fri   ITA INDUSTRIAL PROD  APR  N/F  PCT    N/A	0.7</p>
<p> 0700  Fri   ITA INDUSTRIAL (Y/Y) APR  N/F  PCT    N/A     -3.6</p>
<p> 0745  Fri   FRA CONSUMER PRICES  MAY  N/F  PCT    N/A	N/A</p>
<p> 0745  Fri   FRA CPI (PREL Y/Y)   MAY  N/F  PCT    N/A	N/A</p>
<p> 0745  Fri   FRA CURRENT A/C SA FFMAR  N/F  BLN    N/A     19.2</p>
<p> 1230  Fri   USA BUSINESS INVENT  APR  N/F  PCT    N/A	0.3</p>
<p> 1230  Fri   USA PRODUCER PRICES  MAY  N/F  PCT    N/A     -0.6</p>
<p> 1230  Fri   USA PRODUCER PRI Y/Y MAY  N/F  PCT    N/A	0.8</p>
<p> 1230  Fri   USA PPI EX FOOD/ENERGMAY  N/F  PCT    N/A     -0.1</p>
<p> N/A   Fr-Mo GER WHOLESALE PRICES MAY  N/F  PCT    N/A	1.6</p>
<p> N/A   Fr-Mo GER WHOLESALE (Y/Y)  MAY  N/F  PCT    N/A	0.2</p>
<p>*ECONOMIC INDICATORS WEEK COMMENCING JUNE 16</p>
<p> 0200  Mo-Th JPN M2 + CD	    MAY  N/F  PCT    N/A	3.1</p>
<p> 0630  Mo-Fr JPN INDUST(REV Y/Y)  APR  N/F  PCT    N/A     -0.3</p>
<p> 0630  Mo-Fr JPN INDUSTRIAL PRODUCAPR  N/F  PCT    N/A	7.6</p>
<p> 0700  Mon   ITA.PRODUCER PRI     APR  N/F  PCT    N/A	0.3</p>
<p> 0700  Mon   ITA.PRODUCER (Y/Y)   APR  N/F  PCT    N/A	0.9</p>
<p> N/A   Mo-We GER.RETAIL SLS RL;Y/YAPR  N/F  PCT    N/A     -3.0</p>
<p> N/A   Mo-We GER.RETAIL SLS NM;Y/YAPR  N/F  PCT    N/A     -2.0</p>
<p> 0630  Tue   JPN GDP (Q/Q)	  Q1   0.9  PCT  0.7/1.2    1.0</p>
<p> 0630  Tue   JPN GDP (Y/Y)	  Q1   N/F  PCT    N/A	3.9</p>
<p> 0830  Tue   UK  PSBR/DR	    MAY  N/F  BLN    N/A	-36</p>
<p> 1100  Tue   CAN CONSUMER PRI SA  MAY  N/F  PCT    N/A     -0.1</p>
<p> 1100  Tue   CAN CONSUMER PRI NSA MAY  N/F  PCT    N/A     FLAT</p>
<p> 1100  Tue   CAN CONSUMER PRI Y/Y MAY  N/F  PCT    N/A	1.7</p>
<p> 1100  Tue   CAN EX FOOD ENRGY Y/YMAY  N/F  PCT    N/A	1.8</p>
<p> 1230  Tue   USA CONSUMER PRICES  MAY  N/F  PCT    N/A	0.1</p>
<p> 1230  Tue   USA CPI (Y/Y)	  MAY  N/F  PCT    N/A	2.5</p>
<p> 1230  Tue   USA CPI EX FOOD/ENRGYMAY  N/F  PCT    N/A	0.3</p>
<p> 1230  Tue   USA HOUSING STARTS   MAY  N/F  MLN    N/A	1.5</p>
<p> 1315  Tue   USA INDUSTRIAL PROD  MAY  N/F  PCT    N/A     UNCH</p>
<p> 1315  Tue   USA CAPACITY UTIL    MAY  N/F  PCT    N/A     83.4</p>
<p> 1400  Tue   CAN WAGE SETTLEMENTS APR  N/F  PCT    N/A	1.6</p>
<p> 1400  Tue   USA REAL EARNINGS    MAY  N/F  PCT    N/A     -0.9</p>
<p> 2350  Tu-Th JPN TRADE BAL(CC;NSA)JAN  N/F  BLN    N/A    861.5</p>
<p> 0830  Wed   UK  RETAIL SALES SA  MAY  N/F  PCT    N/A	0.1</p>
<p> 0830  Wed   UK  RETAIL SLS (Y/Y) MAY  N/F  PCT    N/A	4.7</p>
<p> 1230  Wed   CAN WHOLESALE TRADE  APR  N/F  PCT    N/A     -2.7</p>
<p> 0830  Thu   UK  MOTOR VHCL PROD  MAY  N/F  PCT    N/A	2.2</p>
<p> 0830  Thu   UK  M4(PROV.)	  MAY  N/F  PCT    N/A	0.3</p>
<p> 0830  Thu   UK  M4 (PROV;Y/Y)    MAY  N/F  PCT    N/A     10.4</p>
<p> 0830  Thu   UK  M4 LENDING (PROV)MAY  N/F  BLN    N/A	4.4</p>
<p> 0830  Thu   UK  B/S NET MORT APPSMAY  N/F  BLN    N/A	3.3</p>
<p> 1230  Thu   CAN RETAIL SALES     APR  N/F  PCT    N/A     -0.8</p>
<p> 1230  Thu   CAN MERCH. TRADE     APR  N/F  BLN    N/A	3.1</p>
<p> 1230  Thu   CAN MERCH. IMPORTS   APR  N/F  BLN    N/A     20.6</p>
<p> 1230  Thu   CAN MERCH. EXPORTS   APR  N/F  BLN    N/A     23.7</p>
<p> 1230  Thu   USA INT'L TRADE	APR  N/F  BLN    N/A	8.5</p>
<p> 1400  Thu   USA PHIL. FED SURVEY JUN  N/F	   N/A	1.6</p>
<p> 1400  Thu   USA IMPORT PRICES    MAY  N/F  PCT    N/A     -0.9</p>
<p> 1400  Thu   USA EXPORT PRICES    MAY  N/F  PCT    N/A     -0.6</p>
<p> 1400  Thu   USA CURRENT ACCOUNT (Q1   N/F  BLN    N/A    -41.4</p>
<p> 1530  Th-Fr ITA CONSUMER PRICES  JUN  N/F  PCT    N/A	N/A</p>
<p> 1530  Th-Fr ITA CPI (CITIES Y/Y) JUN  N/F  PCT    N/A	N/A</p>
<p> N/A   Th-Mo GER.M3(ANLD VS Q4 96)MAY  N/F  PCT    N/A	6.7</p>
<p> N/A   Th-Mo GER.M3(ANLD VS Q4 95)MAY  N/F  PCT    N/A	7.7</p>
<p> 0030  Fri   UK  CBI MONTHLY TRENDJUN  N/F	   N/A	N/A</p>
<p> 0600  Fr-Tu JPN COINCIDENT IND   APR  N/F  PCT    N/A	N/A</p>
<p> 0600  Fr-Tu JPN LEADING IND	APR  N/F  PCT    N/A	N/A</p>
<p> 0745  Fri   FRA INDUST PROD	APR  N/F  PCT    N/A     -0.6</p>
<p> 0745  Fri   FRA INDUST PROD (Y/Y)APR  N/F  PCT    N/A	1.2</p>
<p> 1900  Fri   USA FED BUDGET	 MAY  N/F  BLN    N/A     93.9</p>
<p> N/A   Fr-Tu GER.EXPORT PRI  (Y/Y)MAY  N/F  PCT    N/A	N/A</p>
<p> N/A   Fr-Tu GER.EXPORT PRICES    MAY  N/F  PCT    N/A	N/A</p>
<p> N/A   Fr-Tu GER.IMPORT PRI  (Y/Y)MAY  N/F  PCT    N/A	N/A</p>
<p> N/A   Fr-Tu GER.IMPORT PRICES    MAY  N/F  PCT    N/A	N/A</p>
<p> N/A   Fr-Tu E.G PRODUCER     Y/Y MAY  N/F  PCT    N/A	N/A</p>
<p> N/A   Fr-Tu GER.PRODUCER PRI     MAY  N/F  PCT    N/A	N/A</p>
<p> N/A   Fr-Tu GER.PRODUCER     Y/Y MAY  N/F  PCT    N/A	N/A</p>
<p> N/A   Fr-Tu W.G PRODUCER     Y/Y MAY  N/F  PCT    N/A	N/A</p>
<p>*ECONOMIC INDICATORS WEEK COMMENCING JUNE 23</p>
<p> 0645  Wed   FRA CONSUMER PRICES  MAY  N/F  PCT    N/A	N/A</p>
<p> 0645  Wed   FRA CPI FINAL (Y/Y)  MAY  N/F  PCT    N/A	N/A</p>
<p> 0645  Wed   FRA HOUSING STARTS   MAY  N/F  PCT    N/A	N/A</p>
<p> 0830  Wed   ITA UNEMPLOYMENT     APR  N/F  PCT    N/A     12.4</p>
<p> 0830  Wed   UK  TRADE IN GOODS   APR  N/F  MLN    N/A	N/A</p>
<p> 0830  Wed   UK  TRD IN GDS EX OILAPR  N/F  MLN    N/A	N/A</p>
<p> 0830  Wed   UK  NON-EU TRADE     MAY  N/F  MLN    N/A	N/A</p>
<p> 0830  Wed   UK  HICP (Y/Y)	 MAY  N/F  PCT    N/A	N/A</p>
<p> 1230  Wed   CAN COMPOSITE INDEX  MAY  N/F  PCT    N/A	N/A</p>
<p> 1400  Wed   USA CONSUMER CONF    MAY  N/F	   N/A	N/A</p>
<p> 1400  Wed   USA EXIST HOME SALES MAY  N/F  MLN    N/A	N/A</p>
<p> N/A   We-Fr W.G.CST OF LVNG (PRV)JUN  N/F  PCT    N/A	N/A</p>
<p> 0500  Th-Mo JPN CONSTRUCT ORDERS MAY  N/F  PCT    N/A	N/A</p>
<p> 0630  Th-Mo JPN INDUST PROD PREL APR  N/F  PCT    N/A	N/A</p>
<p> 0630  Th-Mo JPN INDUST PREL Y/Y  APR  N/F  PCT    N/A	N/A</p>
<p> 0745  Thu   FRA CONSUMER SPEND   MAY  N/F  PCT    N/A	N/A</p>
<p> 1230  Thu   CAN INDUSTRIAL PRICESMAY  N/F  PCT    N/A	N/A</p>
<p> 1230  Thu   CAN RAW MATERIALS    MAY  N/F  PCT    N/A	N/A</p>
<p> 0030  Fri   JPN CONSUMER PRICES (MAY  N/F  PCT    N/A	N/A</p>
<p> 0030  Fri   JPN CPI (NAT'L) Y/Y  MAY  N/F  PCT    N/A	N/A</p>
<p> 0030  Fri   JPN CONSUMER PRICES (JUN  N/F  PCT    N/A	N/A</p>
<p> 0030  Fri   JPN CPI (TOKYO;Y/Y)  JUN  N/F  PCT    N/A	N/A</p>
<p> 0630  Fri   JPN RETAIL SLS (PREL)MAY  N/F  PCT    N/A	N/A</p>
<p> 0745  Fri   FRA TRADE BAL. (FF.) APR  N/F  BLN    N/A	N/A</p>
<p> 0830  Fri   UK  CURRENT ACCOUNT  Q1   0.1  BLN -1.1/0.9    0.9</p>
<p> 0830  Fri   UK  TRADE IN GOODS   Q1  -2.6 BLN  -3.2/-1.4  -2.6</p>
<p> 1230  Fri   USA IMPLICIT DEFLATORQ2   N/F  PCT    N/A	N/A</p>
<p> 1230  Fri   USA PRICE INDEX	Q2   N/F  PCT    N/A	N/A</p>
<p> 1230  Fri   USA REAL GDP (ADV)   Q2   2.6  PCT  2.0/3.1    N/A</p>
<p> 1230  Fri   CAN MANUF SHIPMENTS  APR  N/F  PCT    N/A	0.4</p>
<p> 1230  Fri   CAN MANUF UNFILLD ORDAPR  N/F  PCT    N/A	0.2</p>
<p> 1230  Fri   CAN MANUF NEW ORDRS  APR  N/F  PCT    N/A     -0.2</p>
<p> 1230  Fri   CAN I-S RATIO	  APR  N/F  PCT    N/A	1.3</p>
<p> 1400  Fri   USA HELP WANTED INDX MAY  N/F	   N/A	N/A</p>
<p>*ECONOMIC INDICATORS WEEK COMMENCING JUNE 30</p>
<p> 0500  Mon   JPN CONSTRUCT ORDERS MAY  N/F  PCT    N/A	N/A</p>
<p> 0700  Mon   ITA GDP (Q/Q) FINAL  Q1   0.2  PCT  -1.1/0.8   N/A</p>
<p> 0700  Mon   ITA GDP (Y/Y) FINAL  Q1   N/F  PCT    N/A	N/A</p>
<p> 0745  Mon   FRA UNEMPLOYMENT CORRMAY  N/F  K	N/A	N/A</p>
<p> 0745  Mon   FRA UNEMPLOYMENT CORRMAY  N/F  PCT    N/A	N/A</p>
<p> 0830  Mon   UK  M0 (PROV) SA     JUN  N/F  PCT    N/A	N/A</p>
<p> 0830  Mon   UK  M0 (PROV) Y/Y    JUN  N/F  PCT    N/A	N/A</p>
<p> 0830  Mon   UK  M4 (FINAL)	 MAY  N/F  PCT    N/A	N/A</p>
<p> 0830  Mon   UK  M4 (FINAL)(Y/Y)  MAY  N/F  PCT    N/A	N/A</p>
<p> 0830  Mon   UK  M4 LENDING (FINALMAY  N/F  BLN    N/A	N/A</p>
<p> 1230  Mon   CAN REAL GDP (FACTOR MAY  N/F  PCT    N/A	N/A</p>
<p> 1230  Mon   USA DURABLE GDS ORDRSMAY  N/F  PCT    N/A	N/A</p>
<p> 1230  Mon   USA EX DEFENCE	 MAY  N/F  PCT    N/A	N/A</p>
<p> 1230  Mon   USA PERSONAL INCOME  MAY  N/F  PCT    N/A	N/A</p>
<p> 1230  Mon   USA PERSONAL SPEND   MAY  N/F  PCT    N/A	N/A</p>
<p> 1400  Mon   USA CHICAGO  PMI     MAY  N/F	   N/A	N/A</p>
<p> 1400  Mon   USA NEW HOME SALES   JUN  N/F  K	N/A	N/A</p>
<p> 0730  Tue   GER BME/RTR PMI	JUN  N/F	   N/A	N/A</p>
<p> 0730  Tue   JPN FOREIGN RESERVES JUN  N/F  BLN    N/A	N/A</p>
<p> 1215  Tue   CAN INT'L RESERVES   JUN  N/F  BLN    N/A	N/A</p>
<p> 1330  Tue   USA LEAD INDICATORS  JUN  N/F  PCT    N/A	N/A</p>
<p> 1330  Tue   USA PERSONAL INCOME  MAY  N/F  PCT    N/A	N/A</p>
<p> 1330  Tue   USA PERSONAL SPEND   MAY  N/F  PCT    N/A	N/A</p>
<p> 1500  Tue   USA CONSTRUC SPNDG   APR  N/F  PCT    N/A	N/A</p>
<p> 1500  Tue   USA NAPM		 JUN  N/F	   N/A	N/A</p>
<p> 2350  Tu-Tu JPN TANKAN SURVEY    Q2   N/F	   N/A	2.0</p>
<p> N/A   Tue   USA CARS		 JUN  N/F  MLN    N/A	N/A</p>
<p> 0830  Wed   UK  OFFICIAL RSRVS (UJUN  N/F  MLN    N/A	N/A</p>
<p> 1230  Wed   CAN REAL GDP (FACTOR APR  N/F  PCT    N/A	N/A</p>
<p> 0830  Thu   UK  CONST'N NEW ORDS MAY  N/F  PCT    N/A	N/A</p>
<p> 1030  Thu   UK  CBI SVY OF DISTRIJUN  N/F	   N/A	N/A</p>
<p> 1100  Thu   CAN UNEMPLOYMENT. RATJUN  N/F  PCT    N/A	N/A</p>
<p> 1100  Thu   CAN EMPLOYMENT GROWTHJUN  N/F  K	N/A	N/A</p>
<p> 1230  Thu   USA LEAD INDICATORS  MAY  N/F  PCT    N/A	N/A</p>
<p> 1330  Thu   USA PAYROLL EMPLOY   JUN  N/F  K	N/A	N/A</p>
<p> 1330  Thu   USA UNEMPLOYMENT     JUN  N/F  PCT    N/A	N/A</p>
<p> N/A   Th-Tu GER.CURRENT A/C (DM) APR  N/F  BLN    N/A	N/A</p>
<p> N/A   Th-Tu GER.TRADE BAL. (DM)  APR  N/F  BLN    N/A	N/A</p>
<p> N/A   Th-Mo E.G.INDUST PROD (Y/Y)MAY  N/F  PCT    N/A	N/A</p>
<p> N/A   Th-Mo GER.INDUST PROD	MAY  N/F  PCT    N/A	N/A</p>
<p> N/A   Th-Mo GER.INDUST PROD (Y/Y)MAY  N/F  PCT    N/A	N/A</p>
<p> N/A   Th-Mo W.G.INDUST PROD (Y/Y)MAY  N/F  PCT    N/A	N/A</p>
<p> 0800  Fri   ITA CONSUMER PRICES 1JUN  N/F  PCT    N/A	N/A</p>
<p> 0800  Fri   ITA CPI 1995 BASE (Y/JUN  N/F  PCT    N/A	N/A</p>
<p> 0830  Fri   UK  HOUSING STARTS (YMAY  N/F  K	N/A	N/A</p>
<p> 0830  Fri   UK  HOUSING CMPLTNS (MAY  N/F  K	N/A	N/A</p>
<p> N/A   Fr-Mo E.G.MANU NEW ORDS Y/YMAY  N/F  PCT    N/A	N/A</p>
<p> N/A   Fr-Mo GER.MANU NEW ORDERS  MAY  N/F  PCT    N/A	N/A</p>
<p> N/A   Fr-Mo GER.MANU NEW ORDS Y/YMAY  N/F  PCT    N/A	N/A</p>
<p> N/A   Fr-Mo W.G.MANU NEW ORDS Y/YMAY  N/F  PCT    N/A	N/A</p>
<p>*ECONOMIC INDICATORS WEEK COMMENCING JULY 7</p>
<p> 2350  Su-Tu JPN C/A YEN;NSA;IMF  MAY  N/F  BLN    N/A	N/A</p>
<p> 2350  Su-Tu JPN TRADE YEN;NSA;IMFMAY  N/F  BLN    N/A	N/A</p>
<p> 0830  Mon   UK  INDUSTRIAL PROD  MAY  N/F  PCT    N/A	N/A</p>
<p> 0830  Mon   UK  INDUSTRIAL (Y/Y) MAY  N/F  PCT    N/A	N/A</p>
<p> 0830  Mon   UK  MANUF. OUTPUT    MAY  N/F  PCT    N/A	N/A</p>
<p> 0830  Mon   UK  MANUF. (Y/Y)     MAY  N/F  PCT    N/A	N/A</p>
<p> 1230  Mon   CAN AVERAGE WKLY EARNAPR  N/F  PCT    N/A	N/A</p>
<p> 1500  Mo-We FRA M3 (Y/Y) SA (TIMEMAY  N/F  PCT    N/A	N/A</p>
<p> 1500  Mon   USA FACTORY ORDERS   MAY  N/F  PCT    N/A	N/A</p>
<p> 2000  Mon   USA CONSUMER CREDIT BMAY  N/F  BLN    N/A	N/A</p>
<p> 2350  Mon   JPN WHOLESALE PRICES JUL  N/F  PCT    N/A	N/A</p>
<p> 0830  Tue   UK  RETAIL PRICES    JUN  N/F  PCT    N/A	N/A</p>
<p> 0830  Tue   UK  RETAIL PRI (Y/Y) JUN  N/F  PCT    N/A	N/A</p>
<p> 0830  Tue   UK  RPI-X	 Y/Y  JUN  N/F  PCT    N/A	N/A</p>
<p> 0830  Tue   UK  RPI-Y	 Y/Y  JUN  N/F  PCT    N/A	N/A</p>
<p> 1230  Tue   CAN HELP WANTED INDEXJUN  N/F	   N/A	N/A</p>
<p> 1500  Tue   USA WHOLESALE TRADE  MAY  N/F  PCT    N/A	N/A</p>
<p> 2350  Tu-Th JPN WHOLESALE PRICE  JUN  N/F  PCT    N/A	N/A</p>
<p> 2350  Tu-Th JPN WHOLESALE PRICES JUN  N/F  PCT    N/A	N/A</p>
<p> 1230  Wed   CAN NEW HOUSE PRICE YMAY  N/F  PCT    N/A	N/A</p>
<p> 0500  Th-We JPN MACHINERY ORDERS MAY  N/F  PCT    N/A	N/A</p>
<p> 0500  Th-We JPN MACH ORDERS y/y  MAY  N/F  PCT    N/A	N/A</p>
<p> 0500  Th-We JPN ORDRS ex ships, eMAY  N/F  PCT    N/A	N/A</p>
<p> 0500  Th-We JPN  ex ships (Y/Y)  MAY  N/F  PCT    N/A	N/A</p>
<p> 0855  Thu   E.G.UNEMPLOYMENT(NSA)JUN  N/F  PCT    N/A	N/A</p>
<p> 0855  Thu   E.G.UNEMPLOYMENT(NSA)JUN  N/F  MLN    N/A	N/A</p>
<p> 0855  Thu   E.G.UNEMPLOYMENT(SA) JUN  N/F  K	N/A	N/A</p>
<p> 0855  Thu   GER UNEMPLOYMENT(NSA)JUN  N/F  PCT    N/A	N/A</p>
<p> 0855  Thu   GER UNEMPLOYMENT(NSA)JUN  N/F  MLN    N/A	N/A</p>
<p> 0855  Thu   GER UNEMPLOYMENT(SA) JUN  N/F  K	N/A	N/A</p>
<p> 0855  Thu   W.G.UNEMPLOYMENT(NSA)JUN  N/F  PCT    N/A	N/A</p>
<p> 0855  Thu   W.G.UNEMPLOYMENT(NSA)JUN  N/F  MLN    N/A	N/A</p>
<p> 0855  Thu   W.G.UNEMPLOYMENT(SA) JUN  N/F  K	N/A	N/A</p>
<p> N/A   Th-Th E.G.CST OF LVNG  Y/Y JUN  N/F  PCT    N/A	N/A</p>
<p> N/A   Th-Th GER.COST OF LIVING   JUN  N/F  PCT    N/A	N/A</p>
<p> N/A   Th-Th GER.CST OF LVNG  Y/Y JUN  N/F  PCT    N/A	N/A</p>
<p> N/A   Th-Th W.G.CST OF LVNG  Y/Y JUN  N/F  PCT    N/A	N/A</p>
<p> 0745  Fri   FRA CONSUMER PRICES  JUN  N/F  PCT    N/A	N/A</p>
<p> 0745  Fri   FRA CPI (PREL Y/Y)   JUN  N/F  PCT    N/A	N/A</p>
<p> 1330  Fri   USA PRODUCER PRICES  JUN  N/F  PCT    N/A	N/A</p>
<p> 1330  Fri   USA PRODUCER PRI Y/Y JUN  N/F  PCT    N/A	N/A</p>
<p> 1330  Fri   USA PPI EX FOOD/ENERGJUN  N/F  PCT    N/A	N/A</p>
<p>*ECONOMIC INDICATORS WEEK COMMENCING JULY 14</p>
<p> 0745  Mon   FRA CURRENT A/C SA FFJUN  N/F  BLN    N/A	N/A</p>
<p> 0830  Mon   UK  PPI (OUTPUT) NSA JUN  N/F  PCT    N/A	N/A</p>
<p> 0830  Mon   UK  PPI (OUTPUT)Y/Y  JUN  N/F  PCT    N/A	N/A</p>
<p> 0830  Mon   UK  OUTPUT EX FDT    JUN  N/F  PCT    N/A	N/A</p>
<p> 0830  Mon   UK  OUTPUT X FDT Y/Y JUN  N/F  PCT    N/A	N/A</p>
<p> 0830  Mon   UK  PPI (INPUT) SA   JUN  N/F  PCT    N/A	N/A</p>
<p> 0830  Mon   UK  PPI (INPUT) Y/Y  JUN  N/F  PCT    N/A	N/A</p>
<p> 1230  Mon   USA BUSINESS INVENT  MAY  N/F  PCT    N/A	N/A</p>
<p> 1230  Mon   CAN NEW MOTOR VEH SALMAY  N/F  PCT    N/A	N/A</p>
<p> 1415  Mon   USA CAPACITY UTIL    MAY  N/F  PCT    N/A	N/A</p>
<p> 1415  Mon   USA INDUSTRIAL PROD  MAY  N/F  PCT    N/A	N/A</p>
<p> 1430  Mon   USA RETAIL SALES     JUN  N/F  PCT    N/A	N/A</p>
<p> 1430  Mon   USA SALES EX AUTO    JUN  N/F  PCT    N/A	N/A</p>
<p> 1500  Mon   USA REAL EARNINGS    JUN  N/F  PCT    N/A	N/A</p>
<p> 1400  Tue   CAN WAGE SETTLEMENTS MAY  N/F  PCT    N/A	N/A</p>
<p> N/A   Tue   ITA.PRODUCER PRI     MAY  N/F  PCT    N/A	N/A</p>
<p> N/A   Tue   ITA.PRODUCER (Y/Y)   MAY  N/F  PCT    N/A	N/A</p>
<p> 0800  Wed   ITA INDUSTRIAL PROD  MAY  N/F  PCT    N/A	N/A</p>
<p> 0800  Wed   ITA INDUSTRIAL (Y/Y) MAY  N/F  PCT    N/A	N/A</p>
<p> 0830  Wed   UK  AVERAGE EARNINGS MAY  N/F  PCT    N/A	N/A</p>
<p> 0830  Wed   UK  PSBR		 JUN  N/F  BLN    N/A	N/A</p>
<p> 0830  Wed   UK  UNEMPLOYMENT     JUN  N/F  K	N/A	N/A</p>
<p> 0830  Wed   UK  UNEMPLOYMENT     JUN  N/F  PCT    N/A	N/A</p>
<p> 0830  Wed   UK  UNIT WAGE COSTS 3MAY  N/F  PCT    N/A	N/A</p>
<p> 1230  Wed   CAN MANUF UNFILLD ORDMAY  N/F  PCT    N/A	N/A</p>
<p> 1230  Wed   CAN MANUF SHIPMENTS  MAY  N/F  PCT    N/A	N/A</p>
<p> 1230  Wed   CAN MANUF NEW ORDRS  MAY  N/F  PCT    N/A	N/A</p>
<p> 1230  Wed   CAN I-S RATIO	  MAY  N/F  PCT    N/A	N/A</p>
<p> 1330  Wed   USA HOUSING STARTS   JUN  N/F  MLN    N/A	N/A</p>
<p> 1400  Wed   USA PHIL. FED SURVEY JUL  N/F	   N/A	N/A</p>
<p> 1330  Thu   USA CONSUMER PRICES  JUN  N/F  PCT    N/A	N/A</p>
<p> 1330  Thu   USA CPI (Y/Y)	  JUN  N/F  PCT    N/A	N/A</p>
<p> 1330  Thu   USA CPI EX FOOD/ENRGYJUN  N/F  PCT    N/A	N/A</p>
<p> 0830  Fri   UK  M4    (PROV.)    JUN  N/F  PCT    N/A	N/A</p>
<p> 0830  Fri   UK  M4 (PROV;Y/Y)    JUN  N/F  PCT    N/A	N/A</p>
<p> 0830  Fri   UK  M4 LENDING (PROV)JUN  N/F  BLN    N/A	N/A</p>
<p> 0830  Fri   UK  MOTOR VHCL PROD  JUN  N/F  PCT    N/A	N/A</p>
<p> 0830  Fri   UK  B/S NET MORT APPSJUN  N/F  BLN    N/A	N/A</p>
<p> 1400  Fri   USA IMPORT PRICES    JUN  N/F  PCT    N/A	N/A</p>
<p> 1400  Fri   USA EXPORT PRICES    JUN  N/F  PCT    N/A	N/A</p>
<p>*ECONOMIC INDICATORS WEEK COMMENCING JULY 21</p>
<p> 1100  Mon   CAN CONSUMER PRI SA  JUN  N/F  PCT    N/A	N/A</p>
<p> 1100  Mon   CAN CONSUMER PRI NSA JUN  N/F  PCT    N/A	N/A</p>
<p> 1100  Mon   CAN CONSUMER PRI Y/Y JUN  N/F  PCT    N/A	N/A</p>
<p> 1100  Mon   CAN EX FOOD ENRGY Y/YJUN  N/F  PCT    N/A	N/A</p>
<p> 1230  Mon   CAN WHOLESALE TRADE  MAY  N/F  PCT    N/A	N/A</p>
<p> 1330  Mon   USA INT'L TRADE	MAY  N/F  BLN    N/A	N/A</p>
<p> 1500  Mon   USA IMPORT PRICES    MAY  N/F  PCT    N/A	N/A</p>
<p> 1500  Mon   USA EXPORT PRICES    MAY  N/F  PCT    N/A	N/A</p>
<p> 1500  Mon   USA IMPORT PRICES    JUN  N/F  PCT    N/A	N/A</p>
<p> 2000  Mon   USA FED BUDGET	 JUN  N/F  BLN    N/A	N/A</p>
<p> 1230  Tue   CAN COMPOSITE INDEX  JUN  N/F  PCT    N/A	N/A</p>
<p> 0830  Wed   UK  RETAIL SALES SA  JUN  N/F  PCT    N/A	N/A</p>
<p> 0830  Wed   UK  RETAIL SLS (Y/Y) JUN  N/F  PCT    N/A	N/A</p>
<p> 0830  Thu   UK  TRADE IN GOODS   MAY  N/F  MLN    N/A	N/A</p>
<p> 0830  Thu   UK  TRD IN GDS EX OILMAY  N/F  MLN    N/A	N/A</p>
<p> 0830  Thu   UK  NON-EU TRADE     JUN  N/F  MLN    N/A	N/A</p>
<p> 0830  Thu   UK  HICP (Y/Y)	 JUN  N/F  PCT    N/A	N/A</p>
<p> 1030  Thu   UK  CBI INDUSTRIAL TRJUL  N/F	   N/A	N/A</p>
<p> 1230  Thu   CAN REAL GDP (FACTOR MAY  N/F  PCT    N/A	N/A</p>
<p> 0030  Fri   JPN CONSUMER PRICES (JUN  N/F  PCT    N/A	N/A</p>
<p> 0030  Fri   JPN CPI (NAT'L) Y/Y  JUN  N/F  PCT    N/A	N/A</p>
<p> 0030  Fri   JPN CONSUMER PRICES (JUL  N/F  PCT    N/A	N/A</p>
<p> 0030  Fri   JPN CPI (TOKYO;Y/Y)  JUL  N/F  PCT    N/A	N/A</p>
<p> 0645  Fri   FRA HOUSING STARTS   JUN  N/F  PCT    N/A	N/A</p>
<p> 0745  Fri   FRA INDUST PROD	MAY  N/F  PCT    N/A	N/A</p>
<p> 0745  Fri   FRA INDUST PROD (Y/Y)MAY  N/F  PCT    N/A	N/A</p>
<p> 0745  Fri   FRA TRADE BAL. (FF.) MAY  N/F  BLN    N/A	N/A</p>
<p> 0830  Fri   UK  GDP (PREL) Q/Q   Q2   N/F  PCT    N/A	0.9</p>
<p> 0830  Fri   UK  GDP (PREL) Y/Y   Q2   3.2  PCT  2.2/4.1    3.0</p>
<p> 0830  Fri   UK  GDP EX OIL (PROV)Q2   N/F  PCT    N/A	1.0</p>
<p> 0830  Fri   UK  GDP EX OIL Y/Y   Q2   N/F  PCT    N/A	2.9</p>
<p> 1230  Fri   CAN INDUSTRIAL PRICESJUN  N/F  PCT    N/A	N/A</p>
<p> 1230  Fri   CAN RAW MATERIALS    JUN  N/F  PCT    N/A	N/A</p>
<p> 1400  Fri   USA EXIST HOME SALES JUN  N/F  MLN    N/A	N/A</p>
<p>** Danielle Gann London newsroom +44 171 542 6425 **</p>
</text>
<copyright>(c) Reuters Limited 1997</copyright>
<metadata>
<codes class="bip:countries:1.0">
  <code code="CANA">
    <editdetail attribution="Reuters BIP Coding Group" action="confirmed" date="1997-05-28"/>
  </code>
  <code code="FRA">
    <editdetail attribution="Reuters BIP Coding Group" action="confirmed" date="1997-05-28"/>
  </code>
  <code code="GFR">
    <editdetail attribution="Reuters BIP Coding Group" action="confirmed" date="1997-05-28"/>
  </code>
  <code code="ITALY">
    <editdetail attribution="Reuters BIP Coding Group" action="confirmed" date="1997-05-28"/>
  </code>
  <code code="JAP">
    <editdetail attribution="Reuters BIP Coding Group" action="confirmed" date="1997-05-28"/>
  </code>
  <code code="UK">
    <editdetail attribution="Reuters BIP Coding Group" action="confirmed" date="1997-05-28"/>
  </code>
  <code code="USA">
    <editdetail attribution="Reuters BIP Coding Group" action="confirmed" date="1997-05-28"/>
  </code>
</codes>
<codes class="bip:topics:1.0">
  <code code="E71">
    <editdetail attribution="Reuters BIP Coding Group" action="confirmed" date="1997-05-28"/>
  </code>
  <code code="ECAT">
    <editdetail attribution="Reuters BIP Coding Group" action="confirmed" date="1997-05-28"/>
  </code>
</codes>
<dc element="dc.publisher" value="Reuters Holdings Plc"/>
<dc element="dc.date.published" value="1997-05-28"/>
<dc element="dc.source" value="Reuters"/>
<dc element="dc.creator.location.country.name" value="UK"/>
<dc element="dc.source" value="Reuters"/>
</metadata>
</newsitem>
