<?xml version="1.0" encoding="iso-8859-1" ?>
<newsitem itemid="619471" id="root" date="1997-05-28" xml:lang="en">
<title>ESTONIA: UHISPANK GROUP BALANCE SHEET UP 12.5PCT.</title>
<headline>UHISPANK GROUP BALANCE SHEET UP 12.5PCT.</headline>
<dateline>TALLINN 1997-05-28</dateline>
<text>
<p>Uhispank said on Wednesday that its group's balance sheet as of March 31 was 4.3 billion kroons compared to 3.8 billion kroons at the end of 1996, an increase of 12.5 percent.</p>
<p>The group's total shareholders' equity was 377 million kroons at the end of March compared to 350 million kroons at the end of December 1996, the bank added in a statement.  </p>
<p>The amount of cash on the bank's books decreased to 498.4 million kroons at the end of March from 574.8 million kroons at the end of December.</p>
<p>Funds due from other banks decreased from 567.5 million kroons to 420.3 million kroons.</p>
<p>Loans increased by 36.3 percent to 2.5 billion kroons from 1.9 billion kroons, the bank said.</p>
<p>In liabilities, total deposits increased from 3.2 billion kroons to 3.7 billion kroons, with term deposits increasing from 1.4 billion kroons to 1.8 billion kroons.</p>
<p>--Tallinn newsroom, +372 630 8400, reuters@reuter.ee</p>
</text>
<copyright>(c) Reuters Limited 1997</copyright>
<metadata>
<codes class="bip:countries:1.0">
  <code code="ESTNIA">
    <editdetail attribution="Reuters BIP Coding Group" action="confirmed" date="1997-05-28"/>
  </code>
</codes>
<codes class="bip:industries:1.0">
  <code code="I81402">
    <editdetail attribution="Reuters BIP Coding Group" action="confirmed" date="1997-05-28"/>
  </code>
</codes>
<codes class="bip:topics:1.0">
  <code code="C15">
    <editdetail attribution="Reuters BIP Coding Group" action="confirmed" date="1997-05-28"/>
  </code>
  <code code="C151">
    <editdetail attribution="Reuters BIP Coding Group" action="confirmed" date="1997-05-28"/>
  </code>
  <code code="C1511">
    <editdetail attribution="Reuters BIP Coding Group" action="confirmed" date="1997-05-28"/>
  </code>
  <code code="CCAT">
    <editdetail attribution="Reuters BIP Coding Group" action="confirmed" date="1997-05-28"/>
  </code>
</codes>
<dc element="dc.date.created" value="1997-05-28"/>
<dc element="dc.publisher" value="Reuters Holdings Plc"/>
<dc element="dc.date.published" value="1997-05-28"/>
<dc element="dc.source" value="Reuters"/>
<dc element="dc.creator.location" value="TALLINN"/>
<dc element="dc.creator.location.country.name" value="ESTONIA"/>
<dc element="dc.source" value="Reuters"/>
</metadata>
</newsitem>
