<?xml version="1.0" encoding="iso-8859-1" ?>
<newsitem itemid="619420" id="root" date="1997-05-28" xml:lang="en">
<title>ROMANIA: ROMANIA TO SIGN TREATY WITH UKRAINE IN JUNE.</title>
<headline>ROMANIA TO SIGN TREATY WITH UKRAINE IN JUNE.</headline>
<dateline>BUCHAREST 1997-05-28</dateline>
<text>
<p>Romania will sign a long-delayed key treaty with neighbouring Ukraine on June 2, expected to boost the Balkan country's chances to get an early admission in NATO, the foreign ministry said on Wednesday.</p>
<p>Romanian President Emil Constantinescu and his Ukrainian counterpart Leonid Kuchma will sign the treaty in the Black Sea port city of Constanta, a ministry statement said.</p>
<p>Bucharest has pressed with negotiating and signing the treaty after it has been told that Romania needs the pact with Ukraine to keep alive its chances of winning quick entry to NATO.</p>
<p>The statement said the treaty -- which proclaims the present borders as &quot;inviolable&quot; -- will be accompanied by an accord on steps to solve remaining differences, mainly in drawing the maritime borders in the Black Sea.</p>
<p>The treaty was initialled earlier this month in Kiev by the foreign ministers of the two countries, who had agreed to include differences in a separate accord.</p>
<p>The additional accord also settles that the two sides will turn to the International Court of Justice in the Hague if they fail to come to terms on the demarcation of the sea shelf.</p>
<p>After years of negotiations, Romania has dropped its insistence that Ukraine atone for the seizure by the Kremlin of large chunks of territory under the Nazi-Soviet pact which carved up eastern Europe. It has also abandoned a claim to a small Black Sea Island.</p>
<p>Romania won praise from Western leaders for signing a pact with Hungary last year, settling old rifts over borders and minorities.</p>
<p>The country's new centrist leaders hope that a similar deal with Ukraine will boost Romania's chances of being invited to join, along with favourited Poland, Hungary and the Czech Republic, when the Alliance announces its first eastward expansion at a Madrid summit in July.</p>
</text>
<copyright>(c) Reuters Limited 1997</copyright>
<metadata>
<codes class="bip:countries:1.0">
  <code code="NATO">
    <editdetail attribution="Reuters BIP Coding Group" action="confirmed" date="1997-05-28"/>
  </code>
  <code code="ROM">
    <editdetail attribution="Reuters BIP Coding Group" action="confirmed" date="1997-05-28"/>
  </code>
  <code code="UKRN">
    <editdetail attribution="Reuters BIP Coding Group" action="confirmed" date="1997-05-28"/>
  </code>
</codes>
<codes class="bip:topics:1.0">
  <code code="GCAT">
    <editdetail attribution="Reuters BIP Coding Group" action="confirmed" date="1997-05-28"/>
  </code>
  <code code="GDEF">
    <editdetail attribution="Reuters BIP Coding Group" action="confirmed" date="1997-05-28"/>
  </code>
  <code code="GDIP">
    <editdetail attribution="Reuters BIP Coding Group" action="confirmed" date="1997-05-28"/>
  </code>
</codes>
<dc element="dc.date.created" value="1997-05-28"/>
<dc element="dc.publisher" value="Reuters Holdings Plc"/>
<dc element="dc.date.published" value="1997-05-28"/>
<dc element="dc.source" value="Reuters"/>
<dc element="dc.creator.location" value="BUCHAREST"/>
<dc element="dc.creator.location.country.name" value="ROMANIA"/>
<dc element="dc.source" value="Reuters"/>
</metadata>
</newsitem>
