<?xml version="1.0" encoding="iso-8859-1" ?>
<newsitem itemid="619459" id="root" date="1997-05-28" xml:lang="en">
<title>LITHUANIA: BANK SELL-OFF TENDER TO BE ANNOUNCED.</title>
<headline>BANK SELL-OFF TENDER TO BE ANNOUNCED.</headline>
<dateline>VILNIUS 1997-05-28</dateline>
<text>
<p>Lithuanian Finance Minister Algirdas Shemeta said on Wednesday that the privatisation tender for the State Commercial Bank will be announced next week.  </p>
<p>&quot;The documents for the bid, which includes the conditions and procedures, will be discussed with parliament's budget and finance committtee on Friday,&quot; Shemeta told a news conference.</p>
<p>&quot;We intend to announce the tender next week and we will be expecting the applications to be submitted within a month from the date of the announcement,&quot; he added.</p>
<p>The huge State Commercial Bank is one of two state-run banks which the government has committed itself to delivering into private hands.</p>
<p>The bank had a staggering loss of over 170 million litas in 1996 which stemmed from a crippling portfolio of bad loans.</p>
<p>It was snatched from the brink of insolvency last summer by a fresh injection of 165 million litas in share capital from the government.</p>
<p>Despite its formidable problems, analysts say that the bank has a good branch network and could be a good investment - at the right price.</p>
<p>-- Andrius Vilkancas, Vilnius newsroom, +370 2 22 35 18</p>
</text>
<copyright>(c) Reuters Limited 1997</copyright>
<metadata>
<codes class="bip:countries:1.0">
  <code code="LITH">
    <editdetail attribution="Reuters BIP Coding Group" action="confirmed" date="1997-05-28"/>
  </code>
</codes>
<codes class="bip:industries:1.0">
  <code code="I81402">
    <editdetail attribution="Reuters BIP Coding Group" action="confirmed" date="1997-05-28"/>
  </code>
  <code code="I83100">
    <editdetail attribution="Reuters BIP Coding Group" action="confirmed" date="1997-05-28"/>
  </code>
</codes>
<codes class="bip:topics:1.0">
  <code code="C18">
    <editdetail attribution="Reuters BIP Coding Group" action="confirmed" date="1997-05-28"/>
  </code>
  <code code="C183">
    <editdetail attribution="Reuters BIP Coding Group" action="confirmed" date="1997-05-28"/>
  </code>
  <code code="C33">
    <editdetail attribution="Reuters BIP Coding Group" action="confirmed" date="1997-05-28"/>
  </code>
  <code code="CCAT">
    <editdetail attribution="Reuters BIP Coding Group" action="confirmed" date="1997-05-28"/>
  </code>
</codes>
<dc element="dc.date.created" value="1997-05-28"/>
<dc element="dc.publisher" value="Reuters Holdings Plc"/>
<dc element="dc.date.published" value="1997-05-28"/>
<dc element="dc.source" value="Reuters"/>
<dc element="dc.creator.location" value="VILNIUS"/>
<dc element="dc.creator.location.country.name" value="LITHUANIA"/>
<dc element="dc.source" value="Reuters"/>
</metadata>
</newsitem>
