<?xml version="1.0" encoding="iso-8859-1" ?>
<newsitem itemid="619461" id="root" date="1997-05-28" xml:lang="en">
<title>LITHUANIA: LITHUANIA-INVESTMENT FUNDS MAY INJECT LIFE INTO BOURSE.</title>
<headline>LITHUANIA-INVESTMENT FUNDS MAY INJECT LIFE INTO BOURSE.</headline>
<byline>Burton Frierson</byline>
<dateline>VILNIUS 1997-05-28</dateline>
<text>
<p>Lithuania's stock market, which badly needs a boost since a January bullrun fizzled out, may get the injection of life it needs with three new planned local investment funds, brokers and analysts said on Wednesday.</p>
<p>The top three brokerages, Vilniaus Bank, Vilfima and Suprema have all said they are planning to launch investment funds, possibly in the autumn, for the first time in Lithuania. Mendes Prior Europe is also considering a fund.</p>
<p>Brokers said the new funds would encourage money to come to the market by attracting peoples' savings and the disposable income of an emerging middle-class.</p>
<p>&quot;We can find money from abroad but we have to boost our savings because people have a lot of money at home in their mattresses,&quot; said Margarita Starkevichiute, financial analyst at the central securities depository.</p>
<p>&quot;They can invest it, but it's expensive to set up a portfolio for each citizen,&quot; Starkevichiute said. &quot;It's cheaper to pool it in a fund.&quot;</p>
<p>The bourse has been in the doldrums recently and its capitalisation fell last week to 5.418 billion litas from 5.6 billion litas the week before.</p>
<p>But market capitalisation is still up from the end of 1996, when it was 3.6 billion litas.</p>
<p>The head of Suprema brokerage, Aidas Galubickas, said it was difficult to say but that its fund would probably include up to 30 official list and group A companies and have a size of around one million dollars initially.</p>
<p>Leading brokerage Vilfima said it would probably focus its fund on government securities.</p>
<p>&quot;Our approach would be to start an open-ended T-bill fund,&quot; said Vidas Jelinskas, head of Vilfima.</p>
<p>&quot;We have some experience with Treasury bills because we have a product that is very similar to an open-ended mutual fund,&quot; Jelinskas said. He declined to say how big the fund would be.</p>
<p>Broker Mendes Prior Europe is also considering launching a fund this year.</p>
<p>&quot;The cap for the fund might be about five million litas,&quot; said Kestutis Kupshys, a broker with Mendes. Kupshys said it would probably include all of the group A shares as well as LISCO, Sema, Kalnapilis and Lithuanian Energy.</p>
<p>&quot;The main problem in Lithuania is that we don't have institutional investors as players on the market,&quot; said Kazimieras Liepis, head of Mendes Prior Europe.</p>
<p>&quot;Individual investors are very passive now, and there are problems in laws on insurance companies, which are prohibited from investing in equity, they can only invest in government securities,&quot; said Liepis.</p>
<p>The investment community has also had high hopes that the privatisation of large enterprises will also inject liquidity into the struggling bourse.</p>
<p>Privatisation officials at the European Affairs Ministry, which is overseeing the privatisation of 13 major enterprises by open international tender, have said they are considering selling partial stakes on the open market.</p>
<p>But it is still unclear when privatisation will begin to ripple onto Lithuania's stock exchange.</p>
<p>Observers say the bourse is ailing now in part because the falling prices since the bull run earlier this year have scared off foreign investors.</p>
<p>&quot;We're waiting very eagerly for foreign investors but now the major buyers have stopped being active and nothing is happening on the market,&quot; said Vilfima's Jelinskas.</p>
<p>&quot;Only after we have our own strong local investors will the market be attractive to foreigners,&quot; Jelinskas added.</p>
<p>According to Starkevichiute and others, the problem is not a lack of local money for investments but a matter of coaxing it to the market.</p>
<p>&quot;Gambling on the capital market is quite risky,&quot; Jelinskas said. &quot;From our experience, there is sort of a middle class in Lithuania -- doctors, architects, clerks -- and they need somewhere to put their money.&quot;</p>
<p>-- Vilnius newsroom +370 2 22 35 18</p>
</text>
<copyright>(c) Reuters Limited 1997</copyright>
<metadata>
<codes class="bip:countries:1.0">
  <code code="LITH">
    <editdetail attribution="Reuters BIP Coding Group" action="confirmed" date="1997-05-28"/>
  </code>
</codes>
<codes class="bip:industries:1.0">
  <code code="I81402">
    <editdetail attribution="Reuters BIP Coding Group" action="confirmed" date="1997-05-28"/>
  </code>
  <code code="I81502">
    <editdetail attribution="Reuters BIP Coding Group" action="confirmed" date="1997-05-28"/>
  </code>
  <code code="I83100">
    <editdetail attribution="Reuters BIP Coding Group" action="confirmed" date="1997-05-28"/>
  </code>
</codes>
<codes class="bip:topics:1.0">
  <code code="C22">
    <editdetail attribution="Reuters BIP Coding Group" action="confirmed" date="1997-05-28"/>
  </code>
  <code code="CCAT">
    <editdetail attribution="Reuters BIP Coding Group" action="confirmed" date="1997-05-28"/>
  </code>
  <code code="M11">
    <editdetail attribution="Reuters BIP Coding Group" action="confirmed" date="1997-05-28"/>
  </code>
  <code code="MCAT">
    <editdetail attribution="Reuters BIP Coding Group" action="confirmed" date="1997-05-28"/>
  </code>
</codes>
<dc element="dc.date.created" value="1997-05-28"/>
<dc element="dc.publisher" value="Reuters Holdings Plc"/>
<dc element="dc.date.published" value="1997-05-28"/>
<dc element="dc.source" value="Reuters"/>
<dc element="dc.creator.location" value="VILNIUS"/>
<dc element="dc.creator.location.country.name" value="LITHUANIA"/>
<dc element="dc.source" value="Reuters"/>
</metadata>
</newsitem>
