<?xml version="1.0" encoding="iso-8859-1" ?>
<newsitem itemid="619498" id="root" date="1997-05-28" xml:lang="en">
<title>UK: Anglian says windfall tax will be legal-paper.</title>
<headline>Anglian says windfall tax will be legal-paper.</headline>
<dateline>LONDON 1997-05-28</dateline>
<text>
<p>Anglian Water Plc said the British government's planned windfall tax on privatised companies was likely to be legal, the Times newspaper said on Thursday.</p>
<p>But Anglian Water added that any such levy would mean less cash for investment and delays in consumer price cuts, the paper said.</p>
<p>The ruling Labour Party has long said it will impose a levy on formerly state-owned utilities, saying they had been laxly regulated and sold off too cheaply, allowing excess profits.</p>
<p>Although the government has been at pains since the May 1 election not to identify which companies would be hit by the tax, electricity and water companies were widely seen at the fore of those likely to be affected.</p>
<p>Privatised companies in other sectors, such as British Telecom and airport operator BAA, have said this month that they either should not have the tax imposed on them or that they will fight the legality of what would be a retrospective tax.</p>
<p>Anglian Water on Wednesday announced annual pre-tax profits of 257 million pounds, up from a prior 237 million pounds, with the dividend at 34.5 pence stg from 30 pence.</p>
<p>Its share price lost 0.5 pence to 682 pence on Wednesday after whipsawing in a 20 pence range topped by a 695 pence high.</p>
<p>-- London newsroom +44 171 542 8863</p>
</text>
<copyright>(c) Reuters Limited 1997</copyright>
<metadata>
<codes class="bip:countries:1.0">
  <code code="UK">
    <editdetail attribution="Reuters BIP Coding Group" action="confirmed" date="1997-05-28"/>
  </code>
</codes>
<codes class="bip:industries:1.0">
  <code code="I17000">
    <editdetail attribution="Reuters BIP Coding Group" action="confirmed" date="1997-05-28"/>
  </code>
  <code code="I76400">
    <editdetail attribution="Reuters BIP Coding Group" action="confirmed" date="1997-05-28"/>
  </code>
  <code code="I79020">
    <editdetail attribution="Reuters BIP Coding Group" action="confirmed" date="1997-05-28"/>
  </code>
</codes>
<codes class="bip:topics:1.0">
  <code code="C13">
    <editdetail attribution="Reuters BIP Coding Group" action="confirmed" date="1997-05-28"/>
  </code>
  <code code="C31">
    <editdetail attribution="Reuters BIP Coding Group" action="confirmed" date="1997-05-28"/>
  </code>
  <code code="CCAT">
    <editdetail attribution="Reuters BIP Coding Group" action="confirmed" date="1997-05-28"/>
  </code>
  <code code="E21">
    <editdetail attribution="Reuters BIP Coding Group" action="confirmed" date="1997-05-28"/>
  </code>
  <code code="E211">
    <editdetail attribution="Reuters BIP Coding Group" action="confirmed" date="1997-05-28"/>
  </code>
  <code code="ECAT">
    <editdetail attribution="Reuters BIP Coding Group" action="confirmed" date="1997-05-28"/>
  </code>
</codes>
<dc element="dc.date.created" value="1997-05-28"/>
<dc element="dc.publisher" value="Reuters Holdings Plc"/>
<dc element="dc.date.published" value="1997-05-28"/>
<dc element="dc.source" value="Reuters"/>
<dc element="dc.creator.location" value="LONDON"/>
<dc element="dc.creator.location.country.name" value="UK"/>
<dc element="dc.source" value="Reuters"/>
</metadata>
</newsitem>
