<?xml version="1.0" encoding="iso-8859-1" ?>
<newsitem itemid="619421" id="root" date="1997-05-28" xml:lang="en">
<title>HUNGARY: ZWACK DOWNPLAYS GOVERNMENT OPTIMISM ON '97.</title>
<headline>ZWACK DOWNPLAYS GOVERNMENT OPTIMISM ON '97.</headline>
<dateline>BUDAPEST 1997-05-28</dateline>
<text>
<p>Hungary's spirits producer Zwack Unicum Rt said on Wednesday it did not share the government's optimism of a recovery in consumption and was therefore conservative in its plans for 1997.</p>
<p>&quot;In contrast with the government's positive forecast on consumption recovery, our company is more conservative in assessing the market,&quot; Zwack's CEO Imre Sivo told a news conference after Zwack's annual general meeting.</p>
<p>&quot;On the spirits market we do not see a real recovery,&quot; he said. &quot;Instead, we see consumption shifts towards cheap products due to a fall in demand,&quot; Sivo added.</p>
<p>The group, which is engaged primarily in the production of brand-name alcoholic beverages, planned to increase its IAS group pre-tax profit to 692 million forints on sales of 15.62 billion in 1997, although in lower sales volumes.</p>
<p>&quot;The first quarter justified these expectations,&quot; Sivo said, adding that the company was profitable amid lower turnover due to strict cost control.</p>
<p>For the January-March period Zwack reported a two percent rise in IAS group pre-tax profit to 87 million forints, while its gross sales fell to 2.821 billion forints from 2.965 billion forints in the same period of 1996.</p>
<p>Zwack, hard hit by the black market in Hungary, had a pre-tax profit of 579 million forints on sales of 14.231 billion in 1996.</p>
<p>On investments, Sivo said Zwack planned to spend 330 million forints on a management information system, renewal of the company's fleet of company cars and production, while this year's plans do not include the launch of new investment projects.</p>
<p>Sivo said the company completed a 500 million forint plus investment in Kecskemet, in central Hungary, where it has established what it claims is central Europe's most modern fruit spirits distillery.</p>
<p>The company will spend 300 million forints on a 15 percent dividend payout on the 1996 earnings, the same as a year earlier. Dividend payments will start on June 23.</p>
<p>On the Budapest Stock Exchange Zwack shares closed at 4,000 forints, up five.</p>
<p>-- Emese Bartha, Budapest newsroom +36 1 327-4040</p>
</text>
<copyright>(c) Reuters Limited 1997</copyright>
<metadata>
<codes class="bip:countries:1.0">
  <code code="HUNG">
    <editdetail attribution="Reuters BIP Coding Group" action="confirmed" date="1997-05-28"/>
  </code>
</codes>
<codes class="bip:industries:1.0">
  <code code="I42400">
    <editdetail attribution="Reuters BIP Coding Group" action="confirmed" date="1997-05-28"/>
  </code>
</codes>
<codes class="bip:topics:1.0">
  <code code="C15">
    <editdetail attribution="Reuters BIP Coding Group" action="confirmed" date="1997-05-28"/>
  </code>
  <code code="C152">
    <editdetail attribution="Reuters BIP Coding Group" action="confirmed" date="1997-05-28"/>
  </code>
  <code code="C31">
    <editdetail attribution="Reuters BIP Coding Group" action="confirmed" date="1997-05-28"/>
  </code>
  <code code="CCAT">
    <editdetail attribution="Reuters BIP Coding Group" action="confirmed" date="1997-05-28"/>
  </code>
</codes>
<dc element="dc.date.created" value="1997-05-28"/>
<dc element="dc.publisher" value="Reuters Holdings Plc"/>
<dc element="dc.date.published" value="1997-05-28"/>
<dc element="dc.source" value="Reuters"/>
<dc element="dc.creator.location" value="BUDAPEST"/>
<dc element="dc.creator.location.country.name" value="HUNGARY"/>
<dc element="dc.source" value="Reuters"/>
</metadata>
</newsitem>
