<?xml version="1.0" encoding="iso-8859-1" ?>
<newsitem itemid="619444" id="root" date="1997-05-28" xml:lang="en">
<title>LITHUANIA: SWEDISH DELEGATION TO FOCUS ON PRIVATISATION.</title>
<headline>SWEDISH DELEGATION TO FOCUS ON PRIVATISATION.</headline>
<dateline>VILNIUS 1997-05-28</dateline>
<text>
<p>Swedish Minister for Industry and Trade Anders Sundstrom met Wednesday with Lithuania's European Affairs Minister Laima Andrikiene to discuss privatisation and export promotion, the European Affairs Ministry said.</p>
<p>Sundstrom led a delegation from the Ministry of Industry and Trade, the Swedish Foreign Ministry and others, the euro ministry said in a statement.</p>
<p>&quot;The delegation was interested in the government's programme for carrying out privatisation of strategic objects, export promotion and the expansion of free trade zones,&quot; the statement said.</p>
<p>&quot;Minister Andrikiene familiarised the delegation with the economic situation in Lithuania, the privatisation programme and the government's bid for membership in the European Union,&quot; the statement said.</p>
<p>-- Vilnius newsroom + 370 2 22 35 18</p>
</text>
<copyright>(c) Reuters Limited 1997</copyright>
<metadata>
<codes class="bip:countries:1.0">
  <code code="LITH">
    <editdetail attribution="Reuters BIP Coding Group" action="confirmed" date="1997-05-28"/>
  </code>
  <code code="SWED">
    <editdetail attribution="Reuters BIP Coding Group" action="confirmed" date="1997-05-28"/>
  </code>
</codes>
<codes class="bip:topics:1.0">
  <code code="C18">
    <editdetail attribution="Reuters BIP Coding Group" action="confirmed" date="1997-05-28"/>
  </code>
  <code code="C183">
    <editdetail attribution="Reuters BIP Coding Group" action="confirmed" date="1997-05-28"/>
  </code>
  <code code="CCAT">
    <editdetail attribution="Reuters BIP Coding Group" action="confirmed" date="1997-05-28"/>
  </code>
  <code code="E51">
    <editdetail attribution="Reuters BIP Coding Group" action="confirmed" date="1997-05-28"/>
  </code>
  <code code="E512">
    <editdetail attribution="Reuters BIP Coding Group" action="confirmed" date="1997-05-28"/>
  </code>
  <code code="ECAT">
    <editdetail attribution="Reuters BIP Coding Group" action="confirmed" date="1997-05-28"/>
  </code>
</codes>
<dc element="dc.date.created" value="1997-05-28"/>
<dc element="dc.publisher" value="Reuters Holdings Plc"/>
<dc element="dc.date.published" value="1997-05-28"/>
<dc element="dc.source" value="Reuters"/>
<dc element="dc.creator.location" value="VILNIUS"/>
<dc element="dc.creator.location.country.name" value="LITHUANIA"/>
<dc element="dc.source" value="Reuters"/>
</metadata>
</newsitem>
