<?xml version="1.0" encoding="iso-8859-1" ?>
<newsitem itemid="619440" id="root" date="1997-05-28" xml:lang="en">
<title>LATVIA: MPS VOTE ON SECURITIES BOARD POSTS NEXT WEEK.</title>
<headline>MPS VOTE ON SECURITIES BOARD POSTS NEXT WEEK.</headline>
<dateline>RIGA 1997-05-28</dateline>
<text>
<p>Latvia's parliament will vote on the remaining three securities commission board posts next week with the party faction failing to come to a unanimous opinion on the candidates on Wednesday, politicians said.</p>
<p>&quot;No agreement was reached on the three candidates by the faction's coopeartion council today and the MPs will have to make a final decision,&quot; Andrejs Pantelejevs, head of the Latvia's Way faction, told Reuters.</p>
<p>Parliament is expected to vote on the issue either next Wednesday or Thursday, the spokeswoman for the parliamentary budget commission said.</p>
<p>The parliament budget committee meeting today supported only one of the three, Janis Brazovskis, currently deputy head of the central bank's department of credit institution supervision, she said.</p>
<p>The other candidates suggested by Viktors Gustsons, the chairman of the commission, are Andris Miglavs, acting manager of the State Agrarian Policy Institute, and Pauls Dzintars Kalninsh, co-owner of the U.S. based consultancy Baltic Ventures Inc.</p>
<p>The securities commission had four of its planned seven board members approved by parliament earlier this month, making it capable of decision making.</p>
<p>-- Martinsh Gravitis, Riga Newsoom, +371 721 5240</p>
</text>
<copyright>(c) Reuters Limited 1997</copyright>
<metadata>
<codes class="bip:countries:1.0">
  <code code="LATV">
    <editdetail attribution="Reuters BIP Coding Group" action="confirmed" date="1997-05-28"/>
  </code>
</codes>
<codes class="bip:industries:1.0">
  <code code="I83100">
    <editdetail attribution="Reuters BIP Coding Group" action="confirmed" date="1997-05-28"/>
  </code>
</codes>
<codes class="bip:topics:1.0">
  <code code="C13">
    <editdetail attribution="Reuters BIP Coding Group" action="confirmed" date="1997-05-28"/>
  </code>
  <code code="C41">
    <editdetail attribution="Reuters BIP Coding Group" action="confirmed" date="1997-05-28"/>
  </code>
  <code code="C411">
    <editdetail attribution="Reuters BIP Coding Group" action="confirmed" date="1997-05-28"/>
  </code>
  <code code="CCAT">
    <editdetail attribution="Reuters BIP Coding Group" action="confirmed" date="1997-05-28"/>
  </code>
  <code code="GCAT">
    <editdetail attribution="Reuters BIP Coding Group" action="confirmed" date="1997-05-28"/>
  </code>
  <code code="GPOL">
    <editdetail attribution="Reuters BIP Coding Group" action="confirmed" date="1997-05-28"/>
  </code>
</codes>
<dc element="dc.date.created" value="1997-05-28"/>
<dc element="dc.publisher" value="Reuters Holdings Plc"/>
<dc element="dc.date.published" value="1997-05-28"/>
<dc element="dc.source" value="Reuters"/>
<dc element="dc.creator.location" value="RIGA"/>
<dc element="dc.creator.location.country.name" value="LATVIA"/>
<dc element="dc.source" value="Reuters"/>
</metadata>
</newsitem>
