<?xml version="1.0" encoding="iso-8859-1" ?>
<newsitem itemid="619410" id="root" date="1997-05-28" xml:lang="en">
<title>ESTONIA: NOON RADIO HEADLINES - MAY 28.</title>
<headline>NOON RADIO HEADLINES - MAY 28.</headline>
<dateline>TALLINN 1997-05-28</dateline>
<text>
<p>These are the main headlines reported by KUKU Raadio on Wednesday at noon. Reuters has not verified these reports and cannot vouch for their accuracy.</p>
<p>- The Meat Union supports customs tariffs on meat products.</p>
<p>- The United States and the European Union celebrate the 50th anniversary of the Marshall Plan.</p>
<p>-- Tallinn Newsroom, +372 630 8400, reuters@reuters.ee</p>
</text>
<copyright>(c) Reuters Limited 1997</copyright>
<metadata>
<codes class="bip:countries:1.0">
  <code code="ESTNIA">
    <editdetail attribution="Reuters BIP Coding Group" action="confirmed" date="1997-05-28"/>
  </code>
</codes>
<codes class="bip:topics:1.0">
  <code code="GCAT">
    <editdetail attribution="Reuters BIP Coding Group" action="confirmed" date="1997-05-28"/>
  </code>
</codes>
<dc element="dc.date.created" value="1997-05-28"/>
<dc element="dc.publisher" value="Reuters Holdings Plc"/>
<dc element="dc.date.published" value="1997-05-28"/>
<dc element="dc.source" value="Reuters"/>
<dc element="dc.creator.location" value="TALLINN"/>
<dc element="dc.creator.location.country.name" value="ESTONIA"/>
<dc element="dc.source" value="Reuters"/>
</metadata>
</newsitem>
