<?xml version="1.0" encoding="iso-8859-1" ?>
<newsitem itemid="619412" id="root" date="1997-05-28" xml:lang="en">
<title>CZECH REPUBLIC: TEXT OF CZECH COALITION ECONOMIC RECOVERY PACKAGE.</title>
<headline>TEXT OF CZECH COALITION ECONOMIC RECOVERY PACKAGE.</headline>
<dateline>PRAGUE 1997-05-28</dateline>
<text>
<p>The following is a translation of an agreement by the Czech government coalition reached on Wednesday on economic measures aimed at reviving the economy.</p>
<p>The unofficial translation from the Czech original was made by Reuters:</p>
<p>============================================================</p>
<p>	     STABILISATION AND RECOVERY PROGRAMME</p>
<p>		    OF THE GOVERNMENT COALITION</p>
<p>			   May 28, 1997</p>
<p>The retreat from an overvalued exchange rate of the crown, whose value did not correspond to the real efficiency of our economy, is the reckoning for a number of mistakes in economic policy.</p>
<p>Face to face with a currency crisis, we are obliged to clearly name its causes and look fo ways for their removal.</p>
<p>The government must effectively react to the current situation.</p>
<p>The correction of economic policy and further transformation measures, approved by the government in April, did not catch all existing problems, and therefore it is necessary to go further.</p>
<p>The current economic situation is not only an accidental fluctuation, but it also reflects long-term trends and phenomena inside the Czech economy.</p>
<p>Among those, belong low efficiency of the banking system, deepened by rescue actions by the state, bailout of ineffective activities from budget funds, extensive secondary payment inability caused by low effectiveness of the legal system, which prevents the enforcement of law, opaquess of ownership rights and the absence of of legal and administratrive measures in which it would be worthy for owners to be responsible.</p>
<p>The necessity of awarness of an early and widely discussed correction of shortfalls and unfavourable influences on the transformation process often did not lead to concrete solutions.</p>
<p>Those are the main factors which contributed to the evolution of a soft economic environment, non-existence of a proper business environmwent and capital market, and the survival of a large part of an inefficient corporate sphere.</p>
<p>The result of that is, apart from others, a faster growth of wages than productivity.</p>
<p>That caused extremely high domestic demand originating with personal consumption, which became -- along with high and fast growing investment -- the main source of the growing imbalance in external relations. The fact that the extent of openess of our economy is larger than by some of our trade partners, contributed to that.</p>
<p>The declining competitivness of the economy was manifested by a gradual decline of economic growth and, from that, the resulting tension in the state budget and the trend toward an imbalnace in public finances.</p>
<p>Low unemployment in this situation is rather a result of these unfavourable phenomena than an expression of a dynamically developing economy.</p>
<p>The parallel running of an extraordinarily high deficit of the current account of the balance of payments, problems with keeping the budget in balance, and political instability, necessarilly had to lead to an attack on our currency.</p>
<p>This development was not set right in time, convincingly and fiercly.</p>
<p>The currency crisis of the last days, despite also having its speculative component which the Czech economy faces for the first time ever, showed the linkage of our economy to the world, the fragility and vulnerabiloity of new economic relations, and the depth of our ecomonic, above all, balance of payment problem.</p>
<p>The unfinished dealing of our country with the transformation task and premature expectance of its end is being reflected in it, as well as the fact that the taken liberalisation and deregulation steps were not accompanied by appropriate ands legal protection.</p>
<p>Thanks to that it is possible today to use free comptetition for illegal purposes.</p>
<p>These omissions, failures and inconsistencies and the necessity to solve the consequences of today's currency crisis lead to our transformation path to be longer than we expected and wished.</p>
<p>An important signal of the evolving economic imbalance has been the growing foreign trade deficit, growing for already two years, demonstrating the inability of our export to compensate for fast-growing imports of investments and consumer goods.</p>
<p>We have to resist this now in a much more dramatic moment than would have been possible sevral weeks or months ago.</p>
<p>Despite that all, the Czech Republic has created high credit in the world in the whole period since November 1989, which we must not waste at this moment. And that's why today's measures must be consistent, radical, and unfortuneately, also painful.</p>
<p>The current situation represents at the same time a chance for a remedy.</p>
<p>It requires adoption of short-term economic measures which will stop the decline of the crown and will lead to a stabilisation of the situation in the horizon of several months. Among these immediate measures belong -- above the currently realised measures of the April package -- these as the most important ones:</p>
<p>* further lowering of expenditures of the 1997 state budget in the areas of state administration, as well as investments, social transfers with the aim of balanced public budgets; prepare a slightly surplus 1998 budget;</p>
<p>* support of the consistent restrictive policy of the Czech National Bank (CNB) in its effort to minimise the increase of inflation and to lower the deficit of the current account of the balance of payments;</p>
<p>* strenghten the stability of the Czech currency through suitable foreign exchange measures of the CNB;</p>
<p>* implement uncompromising restriction of imports financed from public budgets;</p>
<p>* through negotiations with (government, unions, and employers) achieve their maximum possible wage temperance with the aim to avoid the development of dangerous wage, price and exchange rate spirals;</p>
<p>* freeze the amount of wages in the budgetary sphere;</p>
<p>If the measures -- implementation of a fluctuating exchange rate, which will secure finding a balanced rate level and restriction of aggregate demand -- do not secure in the second half of 1997 a clear and undeniable change of the trends of foreign trade -- exports and imports -- flows, then we are not excluding more radical measures of an administrative type, including the already known forms of regulation of imports -- import tariffs, an import surcharge, non-tariff measures, etc.</p>
<p>At the same time, we are saying openly to the public what these stabilisation and recovery steps will mean in the near future. A lowering of public spending, tightening of the environment in banking and credit area and a fast and effective recouping of debts in the private sector will lead to a temporary economic inhibition. Instead of growth of the ecomony we have to expect rather an economic decline, accompanied by a significant growth of unemployment. The changed exchange rate will cause a temporary increase of inflation. All of these phenomena will mean a decline of real wages and other income.</p>
<p>However the parties of the government coalition are convinced that it is not an easy one, but the fastest and therefore the least painfull way toward repeated political and economic stability and growth. The coalition parties at the same time realise that only their unified and energetic proceedings and elimination of the crisis and its consequences in the shortest possible time will retain their mandate to direct the issues of this country. (SIGNED) VACLAV KLAUS, ODS (Civic Democratic Party) MICHAEL ZANTOVSKY, ODA (Civic Democratic Alliance) JOSEF LUX, KDU-CSL (Christian Democratic Union - Czechoslovak People's Party) (TEXT ENDS)</p>
</text>
<copyright>(c) Reuters Limited 1997</copyright>
<metadata>
<codes class="bip:countries:1.0">
  <code code="CZREP">
    <editdetail attribution="Reuters BIP Coding Group" action="confirmed" date="1997-05-28"/>
  </code>
</codes>
<codes class="bip:topics:1.0">
  <code code="E12">
    <editdetail attribution="Reuters BIP Coding Group" action="confirmed" date="1997-05-28"/>
  </code>
  <code code="ECAT">
    <editdetail attribution="Reuters BIP Coding Group" action="confirmed" date="1997-05-28"/>
  </code>
  <code code="GCAT">
    <editdetail attribution="Reuters BIP Coding Group" action="confirmed" date="1997-05-28"/>
  </code>
  <code code="GPOL">
    <editdetail attribution="Reuters BIP Coding Group" action="confirmed" date="1997-05-28"/>
  </code>
</codes>
<dc element="dc.date.created" value="1997-05-28"/>
<dc element="dc.publisher" value="Reuters Holdings Plc"/>
<dc element="dc.date.published" value="1997-05-28"/>
<dc element="dc.source" value="Reuters"/>
<dc element="dc.creator.location" value="PRAGUE"/>
<dc element="dc.creator.location.country.name" value="CZECH REPUBLIC"/>
<dc element="dc.source" value="Reuters"/>
</metadata>
</newsitem>
