<?xml version="1.0" encoding="iso-8859-1" ?>
<newsitem itemid="619404" id="root" date="1997-05-28" xml:lang="en">
<title>slovakia: INDICATORS - SLOVAKIA - UPDATED MAY 27.</title>
<headline>INDICATORS - SLOVAKIA - UPDATED MAY 27.</headline>
<text>
<p>KEY INTEREST RATES	     DISCOUNT		LOMBARD</p>
<p>  rate				  8.80		   15.00</p>
<p>  last changed		  Jan 12, 1996	 July 17, 1996</p>
<p>  former rate			 9.75		   13.00</p>
<p>INDICATORS - quarterly</p>
<p> GROSS DOMESTIC PRODUCT	  FY/96   Q4/96   FY/95  Q4/95</p>
<p>  real change yr/yr (pct)	+6.9    +6.7     +6.8   +7.4</p>
<p>  absolute amount (SKK bln)   443.3   109.7    414.5  102.2</p>
<p>(pct change)</p>
<p>  household demand		 +7.2    +5.4    +3.4    +5.3</p>
<p>  state administration demand +24.2   +21.1    +1.6   +11.5</p>
<p>  gross capital creation	+33.3   +38.0    +5.8   +19.4</p>
<p>  exports of goods/services    -1.6    +7.6    +3.5   -10.7</p>
<p>  imports of goods/services   +18.5   +31.2    +9.6    +7.6</p>
<p>change in stocks and reserves</p>
<p>   (SKK bln)			 +6.5    -9.5    -3.5   -12.7</p>
<p> REAL INVESTMENTS INDEX	 +38.9   +48.7    +9.4    +6.4</p>
<p>AVERAGE WAGE INDEX</p>
<p>  real (yr/yr)		     +7.2    +9.5    +4.4    +7.6</p>
<p>  nominal (yr/yr)		 +13.3   +15.3   +14.3   +15.2</p>
<p> INDICATORS - monthly     Month   Pvs Month    Yr Ago</p>
<p> SLOVAK CURRENT ACCT	FY/96    11MO'96	FY/95</p>
<p>  overall ($ million)  -1,940.8   -1,400.5   +391.4 (+648.8)</p>
<p>  trade balance	  -2,105.8   -1,596.8   -227.5 (+24.1)</p>
<p>  balance of services	+7.4	+37.9   +540.4 (+546.2)</p>
<p>  income balance	    -44.7	-22.6    -13.7 (-13.7)</p>
<p>  current transfers	+202.3     +181.0    +92.2 (+92.2)</p>
<p>CAPITAL ACCOUNT</p>
<p>  Total balance	   +2,143.8   +1,571.6   +993.9</p>
<p>  capital transfers	  +29.7	+29.7    +45.7</p>
<p>direct investment balance</p>
<p>  inv. in Slovak Republic +142.8     +108.8   +141.9</p>
<p>  Slovak investment abroad -48.5	-45.1     -7.9</p>
<p>portfolio investment balance</p>
<p>  inv. in Slovak Republic  +35.0	 +5.7    +74.4</p>
<p>  Slovak investment abroad +67.1	+61.7   +171.7</p>
<p>other long-term financial</p>
<p>  account		     +997.8     +496.3   +393.8</p>
<p> short-term fin. account  +919.9     +914.5    +91.3</p>
<p>Note. All figures are in millions of U.S. dollars and</p>
<p>subject to revision. Figures in the brackets have been revised.</p>
<p>The central bank used the following exchange rates in</p>
<p>calculating the figures: full year '96 (USD=30.647 SKK),</p>
<p>Jan-Nov'96 (USD=30.571 SKK), full year '95 (USD=29.735 SKK).</p>
<p> SLOVAK CURRENT ACCOUNT     JAN 1997   JAN 1996	FY/1996</p>
<p>  overall ($ million)	  -230.3     -19.6	 -1,940.8</p>
<p>  trade balance		  -227.7     -50.2	 -2,105.8</p>
<p>  balance of services	    +1.0     +11.5	     +7.4</p>
<p>  income balance		   -9.6	+9.0	    -44.7</p>
<p>  current transfers		+6.0     +10.1	   +202.3</p>
<p> SLOVAK CONSUMER INFLATION     March 97    Feb 97   March 96</p>
<p>  pct change mo/mo		  0.5	   0.4	0.3</p>
<p>  pct change yr/yr		  6.3	   6.0	6.1 (1.2)</p>
<p>Foodstuffs, soft drinks</p>
<p>  pct change month/month	  0.7	   0.4     -0.1</p>
<p>  pct change year/year	    7.5	   6.6	n/a (-0.1)</p>
<p>Leisure and culture</p>
<p> pct change month/month	   0.7	   0.5	0.4</p>
<p>  pct change year/year	    4.2	   3.9	n/a (7.4)</p>
<p>Hotels, cafes, restaurants</p>
<p>  pct change month/month	  0.4	   0.2	0.3</p>
<p>  pct change year/year	    7.1	   7.0	n/a (0.2)</p>
<p>Transportation</p>
<p>  pct change month/month	  0.2	   0.3	0.1</p>
<p>  pct change year/year	    6.9	   6.7	n/a (0.6)</p>
<p>Household, energy, utilities and fuels</p>
<p>  pct change month/month	  0.4	   0.4	0.3</p>
<p>  pct change year/year	    5.1	   5.0	n/a (1.4)</p>
<p>Alcohol, tobacco and pharmaceuticals</p>
<p>  pct change month/month	  0.2	   0.4	0.6</p>
<p>  pct change year/year	    4.0	   4.4	n/a (1.4)</p>
<p>Furniture, household appliances and maintenance</p>
<p>  pct change month/month	  0.7	   0.5	0.4</p>
<p>  pct change year/year	    4.8	   4.5	n/a (0.7)</p>
<p>Education</p>
<p>  pct change month/month	  0.1	   0.2	1.2</p>
<p>  pct change year/year	   11.2	  12.4	n/a (-3.4)</p>
<p>Healthcare</p>
<p>  pct change month/month	  0.9	   0.8	2.6</p>
<p>  pct change year/year	    7.2	   9.0	n/a (2.3)</p>
<p>Clothes and shoes</p>
<p>  pct change month/month	  0.6	   0.5	0.3</p>
<p>  pct change year/year	    7.6	   7.4	n/a (1.1)</p>
<p>Various goods and services</p>
<p>  pct change month/month	  0.3	   0.8	0.4</p>
<p>  pct change year/year	    4.7	   4.8	n/a (0.4)</p>
<p> CONSUMER INFLATION	     April 97  March 1997   April 96</p>
<p>  pct change mo/mo		 0.5	  0.5	    0.3</p>
<p>  pct change yr/yr		 6.5	  6.3	    6.0</p>
<p>Note: All figures are for increases unless indicated</p>
<p>otherwise. SUSR said that due to the changes in the</p>
<p>population's expenditure structure, it had revised formulas for</p>
<p>calcuating CPI, using 1995 as a base year. SUSR did not release</p>
<p>revised figures for 1996 under the new formula. Figures in</p>
<p>brakets show changes against December 1995, the base month for</p>
<p>the new formula. The SUSR has yet to release details of April</p>
<p>CPI figures.</p>
<p> PRODUCER PRICES     APRIL 97    MARCH 97    FEB 97   APRIL 96</p>
<p> PPI mo/mo change     +0.6	  -0.6	 +0.6	n/a</p>
<p> PPI yr/yr change     +4.8	  +4.2	 +5.3	n/a</p>
<p> SLOVAK INDUSTRIAL OUTPUT   Feb 96   Jan 97    Feb 96    FY 96</p>
<p>    pct change yr/yr	  +2.2	+2.0	+9.6     +2.5</p>
<p>Construction Output</p>
<p>    pct change yr/yr	 +15.6	+1.4	-2.6     +3.7</p>
<p>Note. All figures are preliminary and subject to revision.</p>
<p>Industrial production in the first two months totalled 90.1</p>
<p>billion crowns, an increase of 1.6 percent over the January-</p>
<p>February period of 1996. Construction output in the first two</p>
<p>months rose 8.5 percent year-on-year and totalled 7.8 billion</p>
<p>crowns.</p>
<p> RETAIL SALES	    Jan 97  FY/96  Dec 96  Jan 96  FY/95</p>
<p> real pct change yr/yr  +8.7   +6.9    +3.7   +16.3   +2.0</p>
<p> AVERAGE INDUST WAGES    FY/96   Dec 96   FY/95   Dec 95</p>
<p> nominal pct chg yr/yr  +14.6    +19.9   +15.9    +13.9</p>
<p> SLOVAK UNEMPLOYMENT	 APRIL 1997  MARCH 1997  APRIL 1996</p>
<p>  Total jobless		 337,180     349,658     321,881</p>
<p>  Percentage of workforce    12.96	 13.44	 12.5</p>
<p> SLOVAK FOREIGN TRADE JAN-APR 1997   Q1 1997   JAN-APR 1996</p>
<p>  Imports		    123.178	85.411	103.104</p>
<p>  Exports		     95.270	69.517	 81.606</p>
<p>  Balance		    -27.908     -15.894	-21.498</p>
<p> FOREX RESERVES	  April 23  April 16 April 2 Dec 31/96</p>
<p> NBS reserves ($bln)    3.474     3.442    3.483    3.473</p>
<p> Commercial banks	 1.872     1.881    1.799    2.321</p>
<p> Entire banking sector  5.346     5.324    5.282    5.794</p>
<p> SLOVAK MONEY SUPPLY   March 97   Feb 97   March 96   FY/96</p>
<p> M2 overall (SKK bln)   408.1	406.5    361.8     416.9</p>
<p> pct change yr/yr	 +12.8	+13.9    +24.1     +15.7</p>
<p>Note. The NBS's full-year target in an M2 expansion of 10.7</p>
<p>percent year-on-year. M2 measures currency, demand and time</p>
<p>deposits, savings deposits, and foreign currency deposits.</p>
<p> STATE BUDGET	   Jan-March 97 Jan-Feb 97  '96  '97(plan)</p>
<p> Expenditures (SKK bln)  43.374     26.135    191.9  208.0</p>
<p> Revenues		    39.923     25.774    166.3  171.1</p>
<p> Balance		     -3.450     -0.361    -25.5  -36.9</p>
<p>-- Bratislava Newsroom, 421-7-521-8402</p>
</text>
<copyright>(c) Reuters Limited 1997</copyright>
<metadata>
<codes class="bip:countries:1.0">
  <code code="SLVAK">
    <editdetail attribution="Reuters BIP Coding Group" action="confirmed" date="1997-05-28"/>
  </code>
</codes>
<codes class="bip:topics:1.0">
  <code code="E71">
    <editdetail attribution="Reuters BIP Coding Group" action="confirmed" date="1997-05-28"/>
  </code>
  <code code="ECAT">
    <editdetail attribution="Reuters BIP Coding Group" action="confirmed" date="1997-05-28"/>
  </code>
</codes>
<dc element="dc.publisher" value="Reuters Holdings Plc"/>
<dc element="dc.date.published" value="1997-05-28"/>
<dc element="dc.source" value="Reuters"/>
<dc element="dc.creator.location.country.name" value="SLOVAKIA"/>
<dc element="dc.source" value="Reuters"/>
</metadata>
</newsitem>
