<?xml version="1.0" encoding="iso-8859-1" ?>
<newsitem itemid="619447" id="root" date="1997-05-28" xml:lang="en">
<title>LITHUANIA: PARLIAMENT TO PASS LAW ON DEPOSIT RESTITUTION.</title>
<headline>PARLIAMENT TO PASS LAW ON DEPOSIT RESTITUTION.</headline>
<dateline>VILNIUS 1997-05-28</dateline>
<text>
<p>Lithuania's parliament is expected to pass a law on Thursday to compensate individuals who lost their savings in 1990-1991, the country's finance minister said on Wednesday.</p>
<p>The law will compensate those who saw their savings devoured by hyper-inflation and who had their accounts confiscated by Soviet banks in the chaos surrounding the break up of the USSR.</p>
<p>The money will be raised through the sale of key state assets.</p>
<p>&quot;We consider that around one million people will receive compesations and the total sum will amount to 3.2 billion litas,&quot; Finance Minister Algirdas Shemeta told a news conference.</p>
<p>&quot;The compensation will not influence the state's budget since the money will be paid from the state property privatisation fund,&quot; Shemeta added.</p>
<p>The chairman of parliament's finance and budget committee, Elvyra Kunevichiene, said the first payments will be made at the beginning of next year.</p>
<p>Citizens over the age of 80, invalids, victims of the January 13 1991 coup and political prisoners and deportees will be compensated first, she said.</p>
<p>&quot;The compensation process should not last longer than three years,&quot; Shemeta said, but admitted that it will depend on success of the privatisation process.</p>
<p>Analysts and diplomats have questioned the move, saying that it will be extremely difficult for the government to raise the needed sum through privatisation.</p>
<p>--Andrius Vilkancas, Vilnius newsroom + 370 2 22 35 17</p>
</text>
<copyright>(c) Reuters Limited 1997</copyright>
<metadata>
<codes class="bip:countries:1.0">
  <code code="LITH">
    <editdetail attribution="Reuters BIP Coding Group" action="confirmed" date="1997-05-28"/>
  </code>
</codes>
<codes class="bip:topics:1.0">
  <code code="E21">
    <editdetail attribution="Reuters BIP Coding Group" action="confirmed" date="1997-05-28"/>
  </code>
  <code code="ECAT">
    <editdetail attribution="Reuters BIP Coding Group" action="confirmed" date="1997-05-28"/>
  </code>
  <code code="GCAT">
    <editdetail attribution="Reuters BIP Coding Group" action="confirmed" date="1997-05-28"/>
  </code>
  <code code="GPOL">
    <editdetail attribution="Reuters BIP Coding Group" action="confirmed" date="1997-05-28"/>
  </code>
</codes>
<dc element="dc.date.created" value="1997-05-28"/>
<dc element="dc.publisher" value="Reuters Holdings Plc"/>
<dc element="dc.date.published" value="1997-05-28"/>
<dc element="dc.source" value="Reuters"/>
<dc element="dc.creator.location" value="VILNIUS"/>
<dc element="dc.creator.location.country.name" value="LITHUANIA"/>
<dc element="dc.source" value="Reuters"/>
</metadata>
</newsitem>
