<?xml version="1.0" encoding="iso-8859-1" ?>
<newsitem itemid="619484" id="root" date="1997-05-28" xml:lang="en">
<title>UK: FOCUS-Coffee at 20-year high in active commodities.</title>
<headline>FOCUS-Coffee at 20-year high in active commodities.</headline>
<dateline>LONDON 1997-05-28</dateline>
<text>
<p>Coffee futures prices hit a new 20-year record in New York on Wednesday on jitters about cold weather in Brazil at a time when stocks are already low and supply is tight from Latin America.</p>
<p>New increases in prices for coffee in the shops were also being made this week in the United States and Europe.</p>
<p>Elsewhere in active world commodity markets on Wednesday, the rare white metals, platinum and palladium, were sharply up on news of a strike at the big Rustenburg mine in South Africa.</p>
<p>At the Coffee Sugar and Cocoa Exchange in New York, futures for arabica coffee beans for July delivery rose to $2.91 per pound, the highest since 1977, before easing slightly on profit-taking.</p>
<p>Forecasts for cool winter weather in Brazil, the biggest exporter, did not point to a damaging frost. But they were enough to trigger new speculative buying in a rally that has lifted prices for American arabica coffees by 150 percent this year.</p>
<p>Less-prized robustas, from Africa and Asia, are in better supply. But the benchmark London July robusta contract was also higher on Wednesday. It jumped $158 to end at $2,260, firmer by 83 percent since January 1.</p>
<p>Two severe frosts in 1994, one in June and another in July, damaged some Brazil's coffee trees and sent world prices spinning higher.</p>
<p>&quot;It's overdone, but you can't halt this rise,&quot; said Merrill Lynch analyst Judith Ganes. &quot;The whole thing is crazy.&quot;</p>
<p>London brokerage GNT Ltd said, &quot;Coffee is physically tight with stockpiles in both consumer and producer countries at 20 year lows, and this makes the market extremely prone to weather scares in Brazil...'</p>
<p>Nestle UK Ltd, part of the Swiss food conglomerate Nestle SA and U.S. coffee retailer Starbucks Corp. were on Wednesday the latest in a line of big firms on both sides of the Atlantic to signal higher coffee prices in the shops.</p>
<p>Starbucks plans to raise beverage prices by five to 10 cents a cup, bringing the cost of a tall coffee in some retail outlets to $1.25. Whole bean prices are also expected to rise.</p>
<p>Palladium which hit a record high official price on Wednesday, is the humblest of the precious metals. Most of it is hidden away in dental work or car exhaust sytems.</p>
<p>But prices for both palladium and its sister rare white metal, platinum, soared on Wednesday on news of a strike at South Africa's Rustenburg, the world's largest platinum mine, that followed five months of delay in exports by Russia, the biggest exporting nation.</p>
<p>Palladium was fixed in London at $188.00 an ounce on Wednesday morning, its highest-ever official setting. Platinum, at $404.50, matched a recent highest fix nine months ago on August 1, 1996.</p>
<p>As recently as the end of last year, palladium was at a more normal price below $115.</p>
<p>Its all-time traded high was at the end of the 1970s when OPEC oil &quot;shocks'' and fears of inflation lifted gold to record levels and palladium peaked at around $335.00.</p>
<p>But since official London fixings began in 1989, palladium's top price was $181.50, hit when experiments using the metal suggested that &quot;Cold Fusion&quot; might be an inexhaustible source of energy.</p>
<p>At the Chicago Board of Trade, beneficial rains in the Midwest and Plains over the weekend produced a sharp fall in grain and soybean prices as production prospects improved.</p>
<p>Crude oil and wheat prices were somewhat steadier on Wednesday after Tuesday sell-offs. Funds had sold wheat, citing weekend rain in the U.S. plains that would be beneficial to the crops.</p>
<p>The benchmark Brent Blend of North Sea crude oil fell more than 80 cents on Tuesday to around $19.25 per barrel on weakness in U.S. gasoline. It was little changed on Wednesday.</p>
<p>Among the industrial metals, copper was firm, breaching a target on the technical charts at $2,530 per tonne.</p>
<p>Some key prices at 1645 GMT on Wednesday.</p>
<p>						 Wednesday Tuesday</p>
<p>Ldn Spot Gold($ per ounce)		343.85    343.55</p>
<p>IPE Brent Crude Oil (Jul)		  19.28     19.21</p>
<p>London Metal Exchange</p>
<p>(3 mths delivery)</p>
<p>Copper ($ per tonne)		    2,530.00  2,508.00</p>
<p>Aluminium ($ per tonne)		 1,642.00  1,634.00</p>
<p>LIFFE</p>
<p>Robusta Coffee ($/tonne) (Jul)	2,260.00  2,101.00</p>
<p>Cocoa (Stg per tonne) (Jul)	   1,021.00  1,020.00</p>
<p>White Sugar ($ p/t Aug)		   320.50    320.50</p>
<p>Chicago Board of Trade Wheat</p>
<p>(Cents per bushel)(July)		     363	367</p>
</text>
<copyright>(c) Reuters Limited 1997</copyright>
<metadata>
<codes class="bip:countries:1.0">
  <code code="UK">
    <editdetail attribution="Reuters BIP Coding Group" action="confirmed" date="1997-05-28"/>
  </code>
</codes>
<codes class="bip:topics:1.0">
  <code code="M14">
    <editdetail attribution="Reuters BIP Coding Group" action="confirmed" date="1997-05-28"/>
  </code>
  <code code="M141">
    <editdetail attribution="Reuters BIP Coding Group" action="confirmed" date="1997-05-28"/>
  </code>
  <code code="MCAT">
    <editdetail attribution="Reuters BIP Coding Group" action="confirmed" date="1997-05-28"/>
  </code>
</codes>
<dc element="dc.date.created" value="1997-05-28"/>
<dc element="dc.publisher" value="Reuters Holdings Plc"/>
<dc element="dc.date.published" value="1997-05-28"/>
<dc element="dc.source" value="Reuters"/>
<dc element="dc.creator.location" value="LONDON"/>
<dc element="dc.creator.location.country.name" value="UK"/>
<dc element="dc.source" value="Reuters"/>
</metadata>
</newsitem>
