<?xml version="1.0" encoding="iso-8859-1" ?>
<newsitem itemid="619463" id="root" date="1997-05-28" xml:lang="en">
<title>ESTONIA: ESTONIA-UHISPANK TO SIGN EUROBOND DEAL JUNE 2.</title>
<headline>ESTONIA-UHISPANK TO SIGN EUROBOND DEAL JUNE 2.</headline>
<dateline>TALLINN 1997-05-28</dateline>
<text>
<p>Uhispank said on Wednesday that it will sign the contract for its planned 100 million mark eurobond issue on June 2 with several international institutions including ABN AMRO and Chase Manhattan Bank.</p>
<p>The bonds are to be quoted in Luxembourg and ABN AMRO Hoare Govett, Chase, Merrill Lynch, Merita and Nomura will act as brokers for the issue.</p>
<p>The programme has no set end date and will be renewable on an annual basis.</p>
<p>The funds will be used to refinance existing loans and develop its loan portfolio.</p>
<p>-- Patrick Lannin, Tallinn newsroom +372 630 8400</p>
</text>
<copyright>(c) Reuters Limited 1997</copyright>
<metadata>
<codes class="bip:countries:1.0">
  <code code="ESTNIA">
    <editdetail attribution="Reuters BIP Coding Group" action="confirmed" date="1997-05-28"/>
  </code>
</codes>
<codes class="bip:industries:1.0">
  <code code="I81402">
    <editdetail attribution="Reuters BIP Coding Group" action="confirmed" date="1997-05-28"/>
  </code>
</codes>
<codes class="bip:topics:1.0">
  <code code="C17">
    <editdetail attribution="Reuters BIP Coding Group" action="confirmed" date="1997-05-28"/>
  </code>
  <code code="C172">
    <editdetail attribution="Reuters BIP Coding Group" action="confirmed" date="1997-05-28"/>
  </code>
  <code code="CCAT">
    <editdetail attribution="Reuters BIP Coding Group" action="confirmed" date="1997-05-28"/>
  </code>
</codes>
<dc element="dc.date.created" value="1997-05-28"/>
<dc element="dc.publisher" value="Reuters Holdings Plc"/>
<dc element="dc.date.published" value="1997-05-28"/>
<dc element="dc.source" value="Reuters"/>
<dc element="dc.creator.location" value="TALLINN"/>
<dc element="dc.creator.location.country.name" value="ESTONIA"/>
<dc element="dc.source" value="Reuters"/>
</metadata>
</newsitem>
