<?xml version="1.0" encoding="iso-8859-1" ?>
<newsitem itemid="619409" id="root" date="1997-05-28" xml:lang="en">
<title>HUNGARY: HUNGARY NOON RADIO HEADLINES - MAY 28.</title>
<headline>HUNGARY NOON RADIO HEADLINES - MAY 28.</headline>
<dateline>BUDAPEST 1997-05-28</dateline>
<text>
<p>These are the main headlines on Hungary's Kossuth Radio midday news. Reuters cannot vouch for their accuracy:</p>
<p>-- Pensions will rise by 16 to 17 percent next year, at a higher rate than inflation, Finance Minister Peter Medgyessy told the parliament.</p>
<p>-- The Hungarian and the Romanian presidents answered in a joint letter to U.S. president Bill Clinton, who had welcomed their meeting, which both of them called 'historic'.</p>
<p>-- Another restaurant has been closed in Budapest because it overcharged guests.</p>
<p>-- Independent think-tank GKI revised its GDP growth forecast for 1997 up.</p>
<p>-- Budapest newsroom +36 1 327 4040</p>
</text>
<copyright>(c) Reuters Limited 1997</copyright>
<metadata>
<codes class="bip:countries:1.0">
  <code code="HUNG">
    <editdetail attribution="Reuters BIP Coding Group" action="confirmed" date="1997-05-28"/>
  </code>
</codes>
<codes class="bip:topics:1.0">
  <code code="GCAT">
    <editdetail attribution="Reuters BIP Coding Group" action="confirmed" date="1997-05-28"/>
  </code>
</codes>
<dc element="dc.date.created" value="1997-05-28"/>
<dc element="dc.publisher" value="Reuters Holdings Plc"/>
<dc element="dc.date.published" value="1997-05-28"/>
<dc element="dc.source" value="Reuters"/>
<dc element="dc.creator.location" value="BUDAPEST"/>
<dc element="dc.creator.location.country.name" value="HUNGARY"/>
<dc element="dc.source" value="Reuters"/>
</metadata>
</newsitem>
