<?xml version="1.0" encoding="iso-8859-1" ?>
<newsitem itemid="619434" id="root" date="1997-05-28" xml:lang="en">
<title>CZECH REPUBLIC: LIST OF SCHEDULED AGMS OF CZECH MAIN MARKET FIRMS.</title>
<headline>LIST OF SCHEDULED AGMS OF CZECH MAIN MARKET FIRMS.</headline>
<dateline>PRAGUE 1997-05-28</dateline>
<text>
<p>Following is a list of annual</p>
<p>general meetings (AGM) of Czech companies, whose shares are</p>
<p>traded on the main market of the Prague Stock Exchange.</p>
<p>Dates of AGMs displayed in small letters are preliminary</p>
<p>and can be changed. Deadline dates of share ownership entitling</p>
<p>shareholders to vote at the respective AGMs are in brackets.</p>
<p> Company:					AGM Date:</p>
<p> BIOCEL PASKOV		  JUNE  6 (MAY  30)</p>
<p> CESKA POJISTOVNA	     JUNE 24 (JUNE 17)</p>
<p> CESKE RADIOKOMUNIKACE	JUNE 27 (JUNE 20)</p>
<p> CEZ				JUNE 19 (JUNE 12)</p>
<p> COKOLADOVNY		    June 30 (June 23)</p>
<p> DEZA			     JUNE 12 (JUNE  5)</p>
<p> ELEKTRARNY OPATOVICE	 JUNE 20 (JUNE 17)</p>
<p> IPB				JUNE 26 (JUNE 19)</p>
<p> IPF KOMERCNI BANKY	   JUNE  6 (MAY  31)</p>
<p> IPS PRAHA			JUNE 13 (JUNE  6)</p>
<p> JIHOCESKA ENERGETIKA	 JUNE 27 (JUNE 20)</p>
<p> JIHOMORAVSKA ENERGETIKA    JUNE 30 (JUNE 23)</p>
<p> MORAVSKOSLEZSKE TEPLARNY   MAY  30 (MAY  23)</p>
<p> MOSTECKA UHELNA SPOLECNOST July 11</p>
<p> PIVOVAR RADEGAST	     JUNE 19 (JUNE 12)</p>
<p> PRAZSKA ENERGETIKA	   JUNE 25 (JUNE 18)</p>
<p> PRAZSKA TEPLARENSKA	  JUNE 27 (JUNE 24)</p>
<p> PVT				JUNE 20 (JUNE 14)</p>
<p> RENTIERSKY IF 1.IN	   JUNE 18 (JUNE 11)</p>
<p> RIF				JUNE 13 (JUNE  7)</p>
<p> SEVEROCESKA ENERGETIKA     JUNE 27 (JUNE 23)</p>
<p> SEVEROCESKE DOLY	     JUNE 20 (JUNE 13)</p>
<p> SEVEROMORAVSKA ENERGETIKA  JUNE 24 (JUNE 17)</p>
<p> SKODA			    June 18 (June 11)</p>
<p> SPIF CESKY		 July 17 (July 10)  SPT</p>
<p> TELECOM			  JUNE 20 (JUNE 13)</p>
<p> STREDOCESKA ENERGETICKA    Aug  29 (Aug  22)</p>
<p> SYNTHESIA			JUNE 27 (JUNE 20)</p>
<p> VERTEX			   June 26</p>
<p> VODNI STAVBY PRAHA	   JUNE 24 (JUNE 17)</p>
<p> VYCHODOCESKA ENERGETIKA    JUNE 19 (JUNE 12)</p>
<p> ZAPADOCESKA ENERGETIKA     JUNE 30 (JUNE 23)</p>
<p> ZIVNOSTENSKA BANKA	   JUNE  2 (MAY  27)</p>
<p>-- Prague newsroom, 420-2-2423-0003</p>
</text>
<copyright>(c) Reuters Limited 1997</copyright>
<metadata>
<codes class="bip:countries:1.0">
  <code code="CZREP">
    <editdetail attribution="Reuters BIP Coding Group" action="confirmed" date="1997-05-28"/>
  </code>
</codes>
<codes class="bip:industries:1.0">
  <code code="I11000">
    <editdetail attribution="Reuters BIP Coding Group" action="confirmed" date="1997-05-28"/>
  </code>
  <code code="I16000">
    <editdetail attribution="Reuters BIP Coding Group" action="confirmed" date="1997-05-28"/>
  </code>
  <code code="I16100">
    <editdetail attribution="Reuters BIP Coding Group" action="confirmed" date="1997-05-28"/>
  </code>
  <code code="I24794">
    <editdetail attribution="Reuters BIP Coding Group" action="confirmed" date="1997-05-28"/>
  </code>
  <code code="I25000">
    <editdetail attribution="Reuters BIP Coding Group" action="confirmed" date="1997-05-28"/>
  </code>
  <code code="I25120">
    <editdetail attribution="Reuters BIP Coding Group" action="confirmed" date="1997-05-28"/>
  </code>
  <code code="I32000">
    <editdetail attribution="Reuters BIP Coding Group" action="confirmed" date="1997-05-28"/>
  </code>
  <code code="I42100">
    <editdetail attribution="Reuters BIP Coding Group" action="confirmed" date="1997-05-28"/>
  </code>
  <code code="I42700">
    <editdetail attribution="Reuters BIP Coding Group" action="confirmed" date="1997-05-28"/>
  </code>
  <code code="I47101">
    <editdetail attribution="Reuters BIP Coding Group" action="confirmed" date="1997-05-28"/>
  </code>
  <code code="I50000">
    <editdetail attribution="Reuters BIP Coding Group" action="confirmed" date="1997-05-28"/>
  </code>
  <code code="I50200">
    <editdetail attribution="Reuters BIP Coding Group" action="confirmed" date="1997-05-28"/>
  </code>
  <code code="I79020">
    <editdetail attribution="Reuters BIP Coding Group" action="confirmed" date="1997-05-28"/>
  </code>
  <code code="I81402">
    <editdetail attribution="Reuters BIP Coding Group" action="confirmed" date="1997-05-28"/>
  </code>
  <code code="I81502">
    <editdetail attribution="Reuters BIP Coding Group" action="confirmed" date="1997-05-28"/>
  </code>
  <code code="I82001">
    <editdetail attribution="Reuters BIP Coding Group" action="confirmed" date="1997-05-28"/>
  </code>
  <code code="I83954">
    <editdetail attribution="Reuters BIP Coding Group" action="confirmed" date="1997-05-28"/>
  </code>
</codes>
<codes class="bip:topics:1.0">
  <code code="C15">
    <editdetail attribution="Reuters BIP Coding Group" action="confirmed" date="1997-05-28"/>
  </code>
  <code code="CCAT">
    <editdetail attribution="Reuters BIP Coding Group" action="confirmed" date="1997-05-28"/>
  </code>
</codes>
<dc element="dc.date.created" value="1997-05-28"/>
<dc element="dc.publisher" value="Reuters Holdings Plc"/>
<dc element="dc.date.published" value="1997-05-28"/>
<dc element="dc.source" value="Reuters"/>
<dc element="dc.creator.location" value="PRAGUE"/>
<dc element="dc.creator.location.country.name" value="CZECH REPUBLIC"/>
<dc element="dc.source" value="Reuters"/>
</metadata>
</newsitem>
