<?xml version="1.0" encoding="iso-8859-1" ?>
<newsitem itemid="619449" id="root" date="1997-05-28" xml:lang="en">
<title>POLAND: BULK OF FOREIGN WITHDRAWAL FROM ZLOTY ENDED - FINMIN.</title>
<headline>BULK OF FOREIGN WITHDRAWAL FROM ZLOTY ENDED - FINMIN.</headline>
<dateline>WARSAW 1997-05-28</dateline>
<text>
<p>The main wave of foreign investor withdrawal from zloty instruments, sparked last week by the fall of the Czech crown, is likely to have ended, Polish Finance Minister Marek Belka said on Wednesday.  </p>
<p>&quot;I think the main wave (of pulling out from zloty instruments) is over,&quot; Belka told a news conference.</p>
<p>Last Thursday and Friday the zloty dropped two percent against the basket of currencies as foreign investors sold the Polish unit to cut their central European exposure in general after the sharp fall of the Czech crown.</p>
<p>&quot;I estimate that even if all the short-term, speculative capital left Poland, it would only have a minor effect on the zloty exchange rate,&quot; Belka said, adding he estimated the short-term cash parked in Poland totalled some $1.2 billion.</p>
<p>He also said the National Bank of Poland's small currency selling intervention last week to stop the zloty's fall proved very effective and made him confident the cental bank was in control of the situation.</p>
<p>Belka said that according to preliminary data the recent fast growth of credit for the economy slowed down in May, which bode well for curbing Poland's trade deficit.</p>
<p>The National Bank of Poland has been keeping high real interest rates since late last year to cool down domestic demand and therefore imports in order to keep Poland's fast growing trade gap under control.</p>
<p>-- Marcin Grajewski +48 22 653 9700</p>
</text>
<copyright>(c) Reuters Limited 1997</copyright>
<metadata>
<codes class="bip:countries:1.0">
  <code code="POL">
    <editdetail attribution="Reuters BIP Coding Group" action="confirmed" date="1997-05-28"/>
  </code>
</codes>
<codes class="bip:topics:1.0">
  <code code="E51">
    <editdetail attribution="Reuters BIP Coding Group" action="confirmed" date="1997-05-28"/>
  </code>
  <code code="E511">
    <editdetail attribution="Reuters BIP Coding Group" action="confirmed" date="1997-05-28"/>
  </code>
  <code code="ECAT">
    <editdetail attribution="Reuters BIP Coding Group" action="confirmed" date="1997-05-28"/>
  </code>
  <code code="M13">
    <editdetail attribution="Reuters BIP Coding Group" action="confirmed" date="1997-05-28"/>
  </code>
  <code code="M132">
    <editdetail attribution="Reuters BIP Coding Group" action="confirmed" date="1997-05-28"/>
  </code>
  <code code="MCAT">
    <editdetail attribution="Reuters BIP Coding Group" action="confirmed" date="1997-05-28"/>
  </code>
</codes>
<dc element="dc.date.created" value="1997-05-28"/>
<dc element="dc.publisher" value="Reuters Holdings Plc"/>
<dc element="dc.date.published" value="1997-05-28"/>
<dc element="dc.source" value="Reuters"/>
<dc element="dc.creator.location" value="WARSAW"/>
<dc element="dc.creator.location.country.name" value="POLAND"/>
<dc element="dc.source" value="Reuters"/>
</metadata>
</newsitem>
