<?xml version="1.0" encoding="iso-8859-1" ?>
<newsitem itemid="619466" id="root" date="1997-05-28" xml:lang="en">
<title>LATVIA: LIEPAJA METAL TO DECIDE ON BOURSE LIST.</title>
<headline>LIEPAJA METAL TO DECIDE ON BOURSE LIST.</headline>
<dateline>RIGA 1997-05-28</dateline>
<text>
<p>Liepaja Metalurgs, currently in the process of applying for a bourse listing, said on Wednesday that its acting board also plans to decide on which list to go for on Thursday.</p>
<p>&quot;We are currently in consultations with the central depository and, provided we have all the necessary documents by tomorrow, the board will decide on the issue on May 29,&quot; Terentjev said.</p>
<p>Most analists expect the company to apply for the secondary list of the Riga bourse.</p>
<p>-- Riga Newsroom, +371 721 5240</p>
</text>
<copyright>(c) Reuters Limited 1997</copyright>
<metadata>
<codes class="bip:countries:1.0">
  <code code="LATV">
    <editdetail attribution="Reuters BIP Coding Group" action="confirmed" date="1997-05-28"/>
  </code>
</codes>
<codes class="bip:topics:1.0">
  <code code="C14">
    <editdetail attribution="Reuters BIP Coding Group" action="confirmed" date="1997-05-28"/>
  </code>
  <code code="CCAT">
    <editdetail attribution="Reuters BIP Coding Group" action="confirmed" date="1997-05-28"/>
  </code>
</codes>
<dc element="dc.date.created" value="1997-05-28"/>
<dc element="dc.publisher" value="Reuters Holdings Plc"/>
<dc element="dc.date.published" value="1997-05-28"/>
<dc element="dc.source" value="Reuters"/>
<dc element="dc.creator.location" value="RIGA"/>
<dc element="dc.creator.location.country.name" value="LATVIA"/>
<dc element="dc.source" value="Reuters"/>
</metadata>
</newsitem>
