<?xml version="1.0" encoding="iso-8859-1" ?>
<newsitem itemid="619489" id="root" date="1997-05-28" xml:lang="en">
<title>UK: London PGMs drive precious metals firmer by close.</title>
<headline>London PGMs drive precious metals firmer by close.</headline>
<text>
<p>GOLD - Closed at $344.80/$345.30 up $1.30. Lost ground following OTC option expiry firmed with PGMs near close.</p>
<p>PALLADIUM - Stretched to $196.00/$197.00 at close up $20.25 on fund buying after record AM fix.</p>
<p>PLATINUM - Also closed firmer up $4.60 at $401.10/$402.10.</p>
<p>SILVER - Three cents easier at $4.71/$4.73. Off floor.</p>
</text>
<copyright>(c) Reuters Limited 1997</copyright>
<metadata>
<codes class="bip:countries:1.0">
  <code code="UK">
    <editdetail attribution="Reuters BIP Coding Group" action="confirmed" date="1997-05-28"/>
  </code>
</codes>
<codes class="bip:topics:1.0">
  <code code="M14">
    <editdetail attribution="Reuters BIP Coding Group" action="confirmed" date="1997-05-28"/>
  </code>
  <code code="M142">
    <editdetail attribution="Reuters BIP Coding Group" action="confirmed" date="1997-05-28"/>
  </code>
  <code code="MCAT">
    <editdetail attribution="Reuters BIP Coding Group" action="confirmed" date="1997-05-28"/>
  </code>
</codes>
<dc element="dc.publisher" value="Reuters Holdings Plc"/>
<dc element="dc.date.published" value="1997-05-28"/>
<dc element="dc.source" value="Reuters"/>
<dc element="dc.creator.location.country.name" value="UK"/>
<dc element="dc.source" value="Reuters"/>
</metadata>
</newsitem>
