<?xml version="1.0" encoding="iso-8859-1" ?>
<newsitem itemid="619419" id="root" date="1997-05-28" xml:lang="en">
<title>HUNGARY: HUNGARY'S WHEAT FUTURES FALL TRACKING CHICAGO.</title>
<headline>HUNGARY'S WHEAT FUTURES FALL TRACKING CHICAGO.</headline>
<dateline>BUDAPEST 1997-05-28</dateline>
<text>
<p>Hungary's wheat futures eased by the daily limit of 400 forints in brisk trading on Wednesday due to price falls on the international markets and because some market players believed the weather was good to the crop, traders said.</p>
<p>&quot;Prices in Chicago went down by 10 to 14 cents per bushel overnight and we followed it,&quot; said Imre Uzonyi of Swap Ugynoki Kft.</p>
<p>&quot;And the rainy, moist weather is good for the crop,&quot; he added, quoting the Hungarian proverb &quot;rain in May equals gold.&quot;</p>
<p>However, other market players believed the weather is too rainy and may beat down the crop, and the differential between opinions helped boost the Budapest Commodity Exchange's (BCE) grains futures turnover to 1.04 billion forints from the usual levels of a few hundred million.</p>
<p>Traders said wheat futures were likely to drop further on Thursday, reflecting Wednesday's slowing price falls in Chicago.</p>
<p>Maize futures closed mixed as deals just before closing pushed up the prices of some maturities.</p>
<p>Usually tradeless blackseed futures saw heavy trade on Wednesday, with the November maturity accounting for 223 lots of the total grains turnover of 2,047 lots.</p>
<p>Traders could not explain this high turnover, but some of them tought it unlikely that actual deliveries were behind the deal.</p>
<p>(Lot size=20,000 kgs $=182.59 Hungarian forints)</p>
<p>-- Sandor Peto, Budapest newsroom +36 1 327 4040</p>
</text>
<copyright>(c) Reuters Limited 1997</copyright>
<metadata>
<codes class="bip:countries:1.0">
  <code code="HUNG">
    <editdetail attribution="Reuters BIP Coding Group" action="confirmed" date="1997-05-28"/>
  </code>
</codes>
<codes class="bip:topics:1.0">
  <code code="M14">
    <editdetail attribution="Reuters BIP Coding Group" action="confirmed" date="1997-05-28"/>
  </code>
  <code code="M141">
    <editdetail attribution="Reuters BIP Coding Group" action="confirmed" date="1997-05-28"/>
  </code>
  <code code="MCAT">
    <editdetail attribution="Reuters BIP Coding Group" action="confirmed" date="1997-05-28"/>
  </code>
</codes>
<dc element="dc.date.created" value="1997-05-28"/>
<dc element="dc.publisher" value="Reuters Holdings Plc"/>
<dc element="dc.date.published" value="1997-05-28"/>
<dc element="dc.source" value="Reuters"/>
<dc element="dc.creator.location" value="BUDAPEST"/>
<dc element="dc.creator.location.country.name" value="HUNGARY"/>
<dc element="dc.source" value="Reuters"/>
</metadata>
</newsitem>
