<?xml version="1.0" encoding="iso-8859-1" ?>
<newsitem itemid="619417" id="root" date="1997-05-28" xml:lang="en">
<title>RUSSIA: PRESS DIGEST - RUSSIA IZVESTIA - MAY 28.</title>
<headline>PRESS DIGEST - RUSSIA IZVESTIA - MAY 28.</headline>
<dateline>MOSCOW 1997-05-28</dateline>
<text>
<p>Following are some of the leading stories in the May 29 edition of Russia's Izvestia newspaper. Reuters has not verified these stories and does not vouch for their accuracy.</p>
<p>- Experts have registered a tendancy towards increasing foreign investment flows and slowed capital flight in Russia over the last few months, the paper says</p>
<p>- Sixty two industrial financial groups, including more than 60 banks and bank holdings, have been registered in Russia since January 1996</p>
<p>- The government seems to have approved the idea of creating an investment consortium by some leading commercial banks to finance government projects, the head of National Reserve Bank of Russia said</p>
<p>- The situation at Norilsk Nikel is slowly improving, says the daily</p>
<p>- Boris Yeltsin's initiative on retargeting Russian nuclear warheads away from NATO nations may in future be linked with the unsolved issue of possible future membership of NATO for the Baltic republics, Izvestia's analysts said.</p>
<p>--Tatyana Ustinova, Moscow Newsroom, +7095 941 8520.</p>
</text>
<copyright>(c) Reuters Limited 1997</copyright>
<metadata>
<codes class="bip:countries:1.0">
  <code code="RUSS">
    <editdetail attribution="Reuters BIP Coding Group" action="confirmed" date="1997-05-28"/>
  </code>
</codes>
<codes class="bip:topics:1.0">
  <code code="GCAT">
    <editdetail attribution="Reuters BIP Coding Group" action="confirmed" date="1997-05-28"/>
  </code>
</codes>
<dc element="dc.date.created" value="1997-05-28"/>
<dc element="dc.publisher" value="Reuters Holdings Plc"/>
<dc element="dc.date.published" value="1997-05-28"/>
<dc element="dc.source" value="Reuters"/>
<dc element="dc.creator.location" value="MOSCOW"/>
<dc element="dc.creator.location.country.name" value="RUSSIA"/>
<dc element="dc.source" value="Reuters"/>
</metadata>
</newsitem>
