<?xml version="1.0" encoding="iso-8859-1" ?>
<newsitem itemid="619462" id="root" date="1997-05-28" xml:lang="en">
<title>LITHUANIA: STATE'S STAKE IN BALTIC SHIPYARD TO BE SOLD.</title>
<headline>STATE'S STAKE IN BALTIC SHIPYARD TO BE SOLD.</headline>
<dateline>VILNIUS 1997-05-28</dateline>
<text>
<p>Lithuania's privatisation commission said on Wednesday that it has decided to sell the state's stake in the Baltic Shipyard on the country's stock exchange in June.</p>
<p>&quot;The privatisation of the portfolio of state-run shares in the shipyard will be sold by auction on the Vilnius stock exchange in the period between June 7 and August 7,&quot; Vytis Atkochiunas, the director of the privatisation agency, told Reuters.</p>
<p>The state currently has a 32.5 percent stake in the company.</p>
<p>&quot;The portfolio will include 1,125,719 shares with face a value of 10 litas and the initial price for the share portfolio in the auction will be 11.26 million litas,&quot; Atkochiunas added.</p>
<p>Denmark's Odensse company acquired 43.6 percent of the company's shares in a block trade on the Vilnius bourse in April.</p>
<p>The company's shareholders' meeting decided to double the share capital to 69.18 million litas and have registered the new share issue with the country's securities commission.</p>
<p>The term when the current shareholders have the priority right to acquire a propotional stake in the new issue expires on June 15, Atkochiunas said.</p>
<p>He also said that the transport ministry has not made a final decision on whether to buy into the new issue.</p>
<p>The Baltic Shipyard is an A group company on the Vilnius bourse.</p>
<p>--Andrius Vilkancas, Vilnius newsroom +370 2 22 35 17</p>
</text>
<copyright>(c) Reuters Limited 1997</copyright>
<metadata>
<codes class="bip:countries:1.0">
  <code code="LITH">
    <editdetail attribution="Reuters BIP Coding Group" action="confirmed" date="1997-05-28"/>
  </code>
</codes>
<codes class="bip:industries:1.0">
  <code code="I36101">
    <editdetail attribution="Reuters BIP Coding Group" action="confirmed" date="1997-05-28"/>
  </code>
</codes>
<codes class="bip:topics:1.0">
  <code code="C17">
    <editdetail attribution="Reuters BIP Coding Group" action="confirmed" date="1997-05-28"/>
  </code>
  <code code="C171">
    <editdetail attribution="Reuters BIP Coding Group" action="confirmed" date="1997-05-28"/>
  </code>
  <code code="C18">
    <editdetail attribution="Reuters BIP Coding Group" action="confirmed" date="1997-05-28"/>
  </code>
  <code code="C183">
    <editdetail attribution="Reuters BIP Coding Group" action="confirmed" date="1997-05-28"/>
  </code>
  <code code="CCAT">
    <editdetail attribution="Reuters BIP Coding Group" action="confirmed" date="1997-05-28"/>
  </code>
</codes>
<dc element="dc.date.created" value="1997-05-28"/>
<dc element="dc.publisher" value="Reuters Holdings Plc"/>
<dc element="dc.date.published" value="1997-05-28"/>
<dc element="dc.source" value="Reuters"/>
<dc element="dc.creator.location" value="VILNIUS"/>
<dc element="dc.creator.location.country.name" value="LITHUANIA"/>
<dc element="dc.source" value="Reuters"/>
</metadata>
</newsitem>
