<?xml version="1.0" encoding="iso-8859-1" ?>
<newsitem itemid="619470" id="root" date="1997-05-28" xml:lang="en">
<title>LITHUANIA: HANSAPANK EYES LITHUANIAN MARKET-REPORT.</title>
<headline>HANSAPANK EYES LITHUANIAN MARKET-REPORT.</headline>
<dateline>VILNIUS 1997-05-28</dateline>
<text>
<p>The biggest commercial bank in the Baltics, Estonia's Hansapank, plans to establish itself in Lithuania this year, the newspaper Verslo Zinios reported on Wednesday.</p>
<p>The newspaper quoted a representative of Hansapank, Juri Mois, as saying that Hansapank is analysing the operations of several Lithuanian banks.</p>
<p>He said Hansapank is waiting until the Lithuanian government announces the privatisation conditions of the Lithuanian Agricultural Bank and the State Commercial Bank.</p>
<p>Mois was also quoted as saying that if Hansapank alone does not succeed in buying into one of those two banks, its biggest shareholders might participate.</p>
<p>Hansapank's biggest shareholders include Merita Bank Ltd., AS Flotten, Bank of Bermuda and Hoiupank.</p>
<p>The head of the Agricultural Bank's treasury department, Valdas Bernatavichius, told the newspaper that Hansapank was among the potential investors who showed the biggest interest in the bank.</p>
<p>Bernatavichius was also quoted as saying that if Hansapank fails to participate in the privatisation of the two banks, it intends to open a representative office in Lithuania.</p>
<p>&quot;The Estonian market has become too small and that's why they are looking for new markets,&quot; Bernatavichius was quoted by the newspaper as saying.</p>
<p>-- Vilnius newsroom + 370 2 22 35 18</p>
</text>
<copyright>(c) Reuters Limited 1997</copyright>
<metadata>
<codes class="bip:countries:1.0">
  <code code="ESTNIA">
    <editdetail attribution="Reuters BIP Coding Group" action="confirmed" date="1997-05-28"/>
  </code>
  <code code="LITH">
    <editdetail attribution="Reuters BIP Coding Group" action="confirmed" date="1997-05-28"/>
  </code>
</codes>
<codes class="bip:industries:1.0">
  <code code="I81000">
    <editdetail attribution="Reuters BIP Coding Group" action="confirmed" date="1997-05-28"/>
  </code>
  <code code="I81402">
    <editdetail attribution="Reuters BIP Coding Group" action="confirmed" date="1997-05-28"/>
  </code>
</codes>
<codes class="bip:topics:1.0">
  <code code="C11">
    <editdetail attribution="Reuters BIP Coding Group" action="confirmed" date="1997-05-28"/>
  </code>
  <code code="C18">
    <editdetail attribution="Reuters BIP Coding Group" action="confirmed" date="1997-05-28"/>
  </code>
  <code code="C183">
    <editdetail attribution="Reuters BIP Coding Group" action="confirmed" date="1997-05-28"/>
  </code>
  <code code="CCAT">
    <editdetail attribution="Reuters BIP Coding Group" action="confirmed" date="1997-05-28"/>
  </code>
</codes>
<dc element="dc.date.created" value="1997-05-28"/>
<dc element="dc.publisher" value="Reuters Holdings Plc"/>
<dc element="dc.date.published" value="1997-05-28"/>
<dc element="dc.source" value="Reuters"/>
<dc element="dc.creator.location" value="VILNIUS"/>
<dc element="dc.creator.location.country.name" value="LITHUANIA"/>
<dc element="dc.source" value="Reuters"/>
</metadata>
</newsitem>
