<?xml version="1.0" encoding="iso-8859-1" ?>
<newsitem itemid="619465" id="root" date="1997-05-28" xml:lang="en">
<title>ESTONIA: HUVITUSFOND OPERATING INCOME AT 10.5 MLN EEK.</title>
<headline>HUVITUSFOND OPERATING INCOME AT 10.5 MLN EEK.</headline>
<dateline>TALLINN 1997-05-28</dateline>
<text>
<p>Huvitusfond said on Wednesday that its April operating income was 10.5 million kroons compared to March's 14.5 million kroons.</p>
<p>Huvitusfond, which was established as a way of trading privatisation securities issued as compensation for unreturned nationalised property, said in a statement that its operating income for the first four months of 1997 was 52.4 million kroons.</p>
<p>The fund's balance sheet volume in April was 1.3 billion kroons, which was an increase of nine percent compared to March and a increase of 22.6 million kroons since the beginning of the year.</p>
<p>--Tallinn newsroom. +372 630 8400 reuters@reuters.ee</p>
</text>
<copyright>(c) Reuters Limited 1997</copyright>
<metadata>
<codes class="bip:countries:1.0">
  <code code="ESTNIA">
    <editdetail attribution="Reuters BIP Coding Group" action="confirmed" date="1997-05-28"/>
  </code>
</codes>
<codes class="bip:industries:1.0">
  <code code="I81502">
    <editdetail attribution="Reuters BIP Coding Group" action="confirmed" date="1997-05-28"/>
  </code>
</codes>
<codes class="bip:topics:1.0">
  <code code="C15">
    <editdetail attribution="Reuters BIP Coding Group" action="confirmed" date="1997-05-28"/>
  </code>
  <code code="C151">
    <editdetail attribution="Reuters BIP Coding Group" action="confirmed" date="1997-05-28"/>
  </code>
  <code code="CCAT">
    <editdetail attribution="Reuters BIP Coding Group" action="confirmed" date="1997-05-28"/>
  </code>
</codes>
<dc element="dc.date.created" value="1997-05-28"/>
<dc element="dc.publisher" value="Reuters Holdings Plc"/>
<dc element="dc.date.published" value="1997-05-28"/>
<dc element="dc.source" value="Reuters"/>
<dc element="dc.creator.location" value="TALLINN"/>
<dc element="dc.creator.location.country.name" value="ESTONIA"/>
<dc element="dc.source" value="Reuters"/>
</metadata>
</newsitem>
