<?xml version="1.0" encoding="iso-8859-1" ?>
<newsitem itemid="619477" id="root" date="1997-05-28" xml:lang="en">
<title>BELGIUM: QUOTE OF THE WEEK - FRENCH CAN LEARN FROM BELGIANS.</title>
<headline>QUOTE OF THE WEEK - FRENCH CAN LEARN FROM BELGIANS.</headline>
<dateline>BRUSSELS 1997-05-28</dateline>
<text>
<p>&quot;I say this to my compatriots again and again. We, Frenchmen, should show our modesty and we have a lot to learn from you, Belgians,&quot; Gerard Mestrallet, future head of the new merged Suez-Lyonnaise group, said in Brussels on Wednesday.</p>
<p>He was speaking at the shareholders meeting of Suez-unit Tractebel, the Belgian utility group whose board he chairs.</p>
<p>He told the meeting there are no plans to merge Tractebel with Suez-Lyonnaise, and that both groups would independently pursue their international expansion in utility services.</p>
<p>In his previous post as chief executive officer of Tractebel parent Societe Generale de Belgique , Mestrallet has spent several years in Belgium.</p>
<p>* (French quote: Je le redis tres souvent a mes compatriotes. Nous, francais, devons faire preuve de modestie et avons beaucoup a apprendre de vous les belges).</p>
<p>-- Geert De Clercq, Brussels Newsroom +32 2 287 6813</p>
</text>
<copyright>(c) Reuters Limited 1997</copyright>
<metadata>
<codes class="bip:countries:1.0">
  <code code="BELG">
    <editdetail attribution="Reuters BIP Coding Group" action="confirmed" date="1997-05-28"/>
  </code>
  <code code="FRA">
    <editdetail attribution="Reuters BIP Coding Group" action="confirmed" date="1997-05-28"/>
  </code>
</codes>
<codes class="bip:industries:1.0">
  <code code="I81402">
    <editdetail attribution="Reuters BIP Coding Group" action="confirmed" date="1997-05-28"/>
  </code>
  <code code="I83960">
    <editdetail attribution="Reuters BIP Coding Group" action="confirmed" date="1997-05-28"/>
  </code>
</codes>
<codes class="bip:topics:1.0">
  <code code="C18">
    <editdetail attribution="Reuters BIP Coding Group" action="confirmed" date="1997-05-28"/>
  </code>
  <code code="C181">
    <editdetail attribution="Reuters BIP Coding Group" action="confirmed" date="1997-05-28"/>
  </code>
  <code code="CCAT">
    <editdetail attribution="Reuters BIP Coding Group" action="confirmed" date="1997-05-28"/>
  </code>
  <code code="GCAT">
    <editdetail attribution="Reuters BIP Coding Group" action="confirmed" date="1997-05-28"/>
  </code>
  <code code="GODD">
    <editdetail attribution="Reuters BIP Coding Group" action="confirmed" date="1997-05-28"/>
  </code>
</codes>
<dc element="dc.date.created" value="1997-05-28"/>
<dc element="dc.publisher" value="Reuters Holdings Plc"/>
<dc element="dc.date.published" value="1997-05-28"/>
<dc element="dc.source" value="Reuters"/>
<dc element="dc.creator.location" value="BRUSSELS"/>
<dc element="dc.creator.location.country.name" value="BELGIUM"/>
<dc element="dc.source" value="Reuters"/>
</metadata>
</newsitem>
