<?xml version="1.0" encoding="iso-8859-1" ?>
<newsitem itemid="619441" id="root" date="1997-05-28" xml:lang="en">
<title>LITHUANIA: LANDSBERGIS DENIES RUMOURS ON C.BANK GOVERNOR.</title>
<headline>LANDSBERGIS DENIES RUMOURS ON C.BANK GOVERNOR.</headline>
<dateline>VILNIUS 1997-05-28</dateline>
<text>
<p>The chairman of Lithuania's parliament, Vytautas Landsbergis, denied on Wednesday speculation that the ruling Homeland Union Party was considering removing the governor of the Bank of Lithuania.</p>
<p>&quot;I have not participated in any meeting where this question (the removal of the governor of the central bank) was discussed,&quot; Landsbergis told Reuters.</p>
<p>The business newspaper Verslo Zinios said on Wednesday that Landsbergis' recent criticism of the supervision policies of the central bank might be an opening shot in the battle to oust central bank governor Reinoldijus Sharkinas.</p>
<p>The country's independent television channel LNK also said on Tuesday that it appeared that the Homeland Union was considering a shake-up at the top of the central bank.</p>
<p>&quot;I think this speculation has no grounds,&quot; Landsbergis said.</p>
<p>The governor of the Bank of Lithuania is appointed for a period of five years by the country's president, with a majority vote by parliament.</p>
<p>Sharkinas entered office in February 1996, after the December 1995 banking crisis swept Kazys Ratkevichius from office.</p>
<p>He previously held the post of finance minister.</p>
<p>--Andrius Vilkancas, Vilnius newsroom +370 2 22 35 17</p>
</text>
<copyright>(c) Reuters Limited 1997</copyright>
<metadata>
<codes class="bip:countries:1.0">
  <code code="LITH">
    <editdetail attribution="Reuters BIP Coding Group" action="confirmed" date="1997-05-28"/>
  </code>
</codes>
<codes class="bip:industries:1.0">
  <code code="I81401">
    <editdetail attribution="Reuters BIP Coding Group" action="confirmed" date="1997-05-28"/>
  </code>
</codes>
<codes class="bip:topics:1.0">
  <code code="C13">
    <editdetail attribution="Reuters BIP Coding Group" action="confirmed" date="1997-05-28"/>
  </code>
  <code code="C41">
    <editdetail attribution="Reuters BIP Coding Group" action="confirmed" date="1997-05-28"/>
  </code>
  <code code="C411">
    <editdetail attribution="Reuters BIP Coding Group" action="confirmed" date="1997-05-28"/>
  </code>
  <code code="CCAT">
    <editdetail attribution="Reuters BIP Coding Group" action="confirmed" date="1997-05-28"/>
  </code>
  <code code="GCAT">
    <editdetail attribution="Reuters BIP Coding Group" action="confirmed" date="1997-05-28"/>
  </code>
  <code code="GPOL">
    <editdetail attribution="Reuters BIP Coding Group" action="confirmed" date="1997-05-28"/>
  </code>
</codes>
<dc element="dc.date.created" value="1997-05-28"/>
<dc element="dc.publisher" value="Reuters Holdings Plc"/>
<dc element="dc.date.published" value="1997-05-28"/>
<dc element="dc.source" value="Reuters"/>
<dc element="dc.creator.location" value="VILNIUS"/>
<dc element="dc.creator.location.country.name" value="LITHUANIA"/>
<dc element="dc.source" value="Reuters"/>
</metadata>
</newsitem>
