<?xml version="1.0" encoding="iso-8859-1" ?>
<newsitem itemid="619452" id="root" date="1997-05-28" xml:lang="en">
<title>HUNGARY: POSTABANK SUPERVISORY BOARD RESIGNS ON LAW CHANGE.</title>
<headline>POSTABANK SUPERVISORY BOARD RESIGNS ON LAW CHANGE.</headline>
<dateline>BUDAPEST 1997-05-28</dateline>
<text>
<p>The 24-member supervisory board of Hungary's Postabank Rt, the country's second largest commercial bank, resigned as changes in the law limited the number of members to nine, the bank said on Wednesday.</p>
<p>Jozsef Koblencz, chairman of the supervisory board told Reuters that the board resigned to help the work of the annual shareholders meeting, to be held on Friday.</p>
<p>The resignation of the board had no connection with a deposit withdrawal wave which hit Postabank in February, Koblencz said.</p>
<p>&quot;This has absolutely nothing to do with (the withdrawals),&quot; he said, adding that the shareholders' meeting will elect a new supervisory board and also a board of directors as the mandate of the current board of directors expired.</p>
<p>The agenda of the shareholders' meeting also includes a decision on a capital increase.</p>
<p>Postabank commissioned SBC Warburg earlier this year to find investors to raise the capital of the bank.</p>
<p>According to earlier press information, some of the Hungarian shareholders showed interest in raising Postabank's 16.45 billion forints registered capital.</p>
<p>Postabank said that it posted an after-tax profit of 5.6 million forints in 1996 on a balance sheet total of 378.7 billion forints.</p>
<p>-- Budapest newsroom (36 1) 327 4040</p>
</text>
<copyright>(c) Reuters Limited 1997</copyright>
<metadata>
<codes class="bip:countries:1.0">
  <code code="HUNG">
    <editdetail attribution="Reuters BIP Coding Group" action="confirmed" date="1997-05-28"/>
  </code>
</codes>
<codes class="bip:industries:1.0">
  <code code="I81403">
    <editdetail attribution="Reuters BIP Coding Group" action="confirmed" date="1997-05-28"/>
  </code>
</codes>
<codes class="bip:topics:1.0">
  <code code="C41">
    <editdetail attribution="Reuters BIP Coding Group" action="confirmed" date="1997-05-28"/>
  </code>
  <code code="C411">
    <editdetail attribution="Reuters BIP Coding Group" action="confirmed" date="1997-05-28"/>
  </code>
  <code code="CCAT">
    <editdetail attribution="Reuters BIP Coding Group" action="confirmed" date="1997-05-28"/>
  </code>
</codes>
<dc element="dc.date.created" value="1997-05-28"/>
<dc element="dc.publisher" value="Reuters Holdings Plc"/>
<dc element="dc.date.published" value="1997-05-28"/>
<dc element="dc.source" value="Reuters"/>
<dc element="dc.creator.location" value="BUDAPEST"/>
<dc element="dc.creator.location.country.name" value="HUNGARY"/>
<dc element="dc.source" value="Reuters"/>
</metadata>
</newsitem>
