<?xml version="1.0" encoding="iso-8859-1" ?>
<newsitem itemid="619435" id="root" date="1997-05-28" xml:lang="en">
<title>BULGARIA: YIELD RISES TO 3.8 PCT ON BULGARIA 4-WK T-BILLS.</title>
<headline>YIELD RISES TO 3.8 PCT ON BULGARIA 4-WK T-BILLS.</headline>
<dateline>SOFIA 1997-05-28</dateline>
<text>
<p>Yield rose further on Bulgaria's</p>
<p>Finance Ministry four-week discount T-bills at the daily</p>
<p>auction on Wednesday as the issue was undersubscribed, central</p>
<p>bank figures show.</p>
<p>The average yield to maturity on the issue was 3.80</p>
<p>percent, up from 3.78 percent at Tuesday's auction, 3.76</p>
<p>percent on Monday and 3.77 percent on Friday.</p>
<p>Rising yield on four-week paper this week could signal a</p>
<p>rise in the central bank main interest rate, set at 43.08</p>
<p>percent annually since Monday, a Finance ministry official</p>
<p>said.</p>
<p>&quot;If yield does not fall sharply at the auction on Thursday</p>
<p>a (main interest) rate rise could be expected,&quot; the official</p>
<p>who declined to be identified told Reuters.</p>
<p>The central bank adjusts its main interest rate weekly to</p>
<p>the weighted average effective annual yield of four-week</p>
<p>discount T-bills auctioned daily from Friday through Thursday.</p>
<p>Details of the issue follow. Prices in percent of par:</p>
<p> Issue number		  BG3036597006</p>
<p> Maturity			four weeks</p>
<p> Par value		     26,000 mln levs</p>
<p> Issue date		    May 29</p>
<p> Maturity date		 June 26</p>
<p> Bids received		 22,217.8 mln levs</p>
<p> Avg price of bids	   96.34 pct</p>
<p> Bids approved		 22,217.8 mln levs</p>
<p> Avg accepted price	  96.34 pct</p>
<p> Avg yield to maturity     3.80 pct</p>
<p>-- Sofia Newsroom, (++359-2) 91188</p>
</text>
<copyright>(c) Reuters Limited 1997</copyright>
<metadata>
<codes class="bip:countries:1.0">
  <code code="BUL">
    <editdetail attribution="Reuters BIP Coding Group" action="confirmed" date="1997-05-28"/>
  </code>
</codes>
<codes class="bip:topics:1.0">
  <code code="M13">
    <editdetail attribution="Reuters BIP Coding Group" action="confirmed" date="1997-05-28"/>
  </code>
  <code code="M131">
    <editdetail attribution="Reuters BIP Coding Group" action="confirmed" date="1997-05-28"/>
  </code>
  <code code="MCAT">
    <editdetail attribution="Reuters BIP Coding Group" action="confirmed" date="1997-05-28"/>
  </code>
</codes>
<dc element="dc.date.created" value="1997-05-28"/>
<dc element="dc.publisher" value="Reuters Holdings Plc"/>
<dc element="dc.date.published" value="1997-05-28"/>
<dc element="dc.source" value="Reuters"/>
<dc element="dc.creator.location" value="SOFIA"/>
<dc element="dc.creator.location.country.name" value="BULGARIA"/>
<dc element="dc.source" value="Reuters"/>
</metadata>
</newsitem>
