<?xml version="1.0" encoding="iso-8859-1" ?>
<newsitem itemid="619445" id="root" date="1997-05-28" xml:lang="en">
<title>ESTONIA: TALLINNA KAUBAMAJA SEEKS NEW LOGO.</title>
<headline>TALLINNA KAUBAMAJA SEEKS NEW LOGO.</headline>
<dateline>TALLINN 1997-05-28</dateline>
<text>
<p>Tallinna Kaubamaja will organise a competition for a new logo and trade mark, the company said on Wednesday.</p>
<p>The department store said in a statement that the new logo is necessary because the company is expanding in Estonia and to other countries.</p>
<p>Tallinna Kaubamaja has created a 60,000 kroon prize fund of which 30,000 kroons is for the first prize.</p>
<p>The competition will close on June 30, 1997, and is being organised with the Estonian Designers Association.</p>
<p>--David Mardiste, Tallinn newsroom +372 630 8400 reuters@reuters.ee</p>
</text>
<copyright>(c) Reuters Limited 1997</copyright>
<metadata>
<codes class="bip:countries:1.0">
  <code code="ESTNIA">
    <editdetail attribution="Reuters BIP Coding Group" action="confirmed" date="1997-05-28"/>
  </code>
</codes>
<codes class="bip:industries:1.0">
  <code code="I65600">
    <editdetail attribution="Reuters BIP Coding Group" action="confirmed" date="1997-05-28"/>
  </code>
  <code code="I6560002">
    <editdetail attribution="Reuters BIP Coding Group" action="confirmed" date="1997-05-28"/>
  </code>
</codes>
<codes class="bip:topics:1.0">
  <code code="C32">
    <editdetail attribution="Reuters BIP Coding Group" action="confirmed" date="1997-05-28"/>
  </code>
  <code code="CCAT">
    <editdetail attribution="Reuters BIP Coding Group" action="confirmed" date="1997-05-28"/>
  </code>
</codes>
<dc element="dc.date.created" value="1997-05-28"/>
<dc element="dc.publisher" value="Reuters Holdings Plc"/>
<dc element="dc.date.published" value="1997-05-28"/>
<dc element="dc.source" value="Reuters"/>
<dc element="dc.creator.location" value="TALLINN"/>
<dc element="dc.creator.location.country.name" value="ESTONIA"/>
<dc element="dc.source" value="Reuters"/>
</metadata>
</newsitem>
