<?xml version="1.0" encoding="iso-8859-1" ?>
<newsitem itemid="619480" id="root" date="1997-05-28" xml:lang="en">
<title>UK: Age can make your brown eyes blue, study finds.</title>
<headline>Age can make your brown eyes blue, study finds.</headline>
<dateline>LONDON 1996-05-29</dateline>
<text>
<p>Your eye colour can change throughout your life, making its use as an identifying characteristic questionable, scientists said on Thursday.</p>
<p>Laszlo Bito and colleagues at New York's Columbia University found that 16.6 percent of the 187 pairs of twins they checked showed a change in eye colour bteween the age of six to adulthood.</p>
<p>They tested twins to see if the lightening or darkening of eye colour was genetic or caused by outside factors. &quot;It's not much different than greying of the hair,&quot; Bito told New Scientist magazine.</p>
<p>Identical twins, who are genetically alike, tended to change eye colour in the same way. Fraternal twins, who are as closely related as any brother or sister, showed different patterns.</p>
<p>Bito, who reported his findings in the Archives of Ophthalmology, said the shift in eye colour could cause trouble. Eye colour is used to identify holders of U.S. driving licenses, for example.</p>
</text>
<copyright>(c) Reuters Limited 1997</copyright>
<metadata>
<codes class="bip:countries:1.0">
  <code code="UK">
    <editdetail attribution="Reuters BIP Coding Group" action="confirmed" date="1997-05-28"/>
  </code>
  <code code="USA">
    <editdetail attribution="Reuters BIP Coding Group" action="confirmed" date="1997-05-28"/>
  </code>
</codes>
<codes class="bip:topics:1.0">
  <code code="GCAT">
    <editdetail attribution="Reuters BIP Coding Group" action="confirmed" date="1997-05-28"/>
  </code>
  <code code="GSCI">
    <editdetail attribution="Reuters BIP Coding Group" action="confirmed" date="1997-05-28"/>
  </code>
</codes>
<dc element="dc.date.created" value="1996-05-29"/>
<dc element="dc.publisher" value="Reuters Holdings Plc"/>
<dc element="dc.date.published" value="1997-05-28"/>
<dc element="dc.source" value="Reuters"/>
<dc element="dc.creator.location" value="LONDON"/>
<dc element="dc.creator.location.country.name" value="UK"/>
<dc element="dc.source" value="Reuters"/>
</metadata>
</newsitem>
