<?xml version="1.0" encoding="iso-8859-1" ?>
<newsitem itemid="619454" id="root" date="1997-05-28" xml:lang="en">
<title>LATVIA: BLUE CHIPS MIXED, VALMIERA SLIDES.</title>
<headline>BLUE CHIPS MIXED, VALMIERA SLIDES.</headline>
<dateline>RIGA 1997-05-28</dateline>
<text>
<p>Latvian shares registered the</p>
<p>following prices after the morning trade session on Wednesday.</p>
<p>Shares can be bought (B) or sold (S) at the following</p>
<p>prices and in the following volume, the bourse said in a</p>
<p>statement.</p>
<p> NAME OF SECURITY	  Last   Reop_side Price Volume</p>
<p>Fish Cann. Kaija	   2.25	   B  2.27   1454</p>
<p>Riga Shipyard		1.38	   S  1.38   8427</p>
<p>Riga Tr. Fleet	     1.15	   B  1.27   1280</p>
<p>Staburadze		   2.66	   S  2.65  11103</p>
<p>Unibanka		     3.50	   B  3.60   2922</p>
<p>Daugavpils MChF	    2.27	   S  2.20   1199</p>
<p>Jekabpils Sugar	    0.55	   S  0.55    224</p>
<p>Jelgava ConstrMP	   0.26	   S  0.26    1746</p>
<p>Latvian Bridges	    1.10	   B  1.16    155</p>
<p>Lode Brick Comp.	   2.38	   S  2.35    351</p>
<p>Mangali Shipyard	   1.10	   S  1.16    9995</p>
<p>Misa Peat Comp.	    1.09	   S  0.95    516</p>
<p>Ogre Forestry		0.69	   B  0.69    270</p>
<p>Riga Agric. M.F.	   0.27	   B  0.29    475</p>
<p>Roja Fish Cann.	    2.00	   B  2.00    400</p>
<p>Strenci Forestry	   1.45	   S  1.50   49901</p>
<p>ValmieraGl.Fiber	   1.61	   S  1.37   3885</p>
<p>-- Riga newsroom, +371 721 52 40</p>
</text>
<copyright>(c) Reuters Limited 1997</copyright>
<metadata>
<codes class="bip:countries:1.0">
  <code code="LATV">
    <editdetail attribution="Reuters BIP Coding Group" action="confirmed" date="1997-05-28"/>
  </code>
</codes>
<codes class="bip:topics:1.0">
  <code code="M11">
    <editdetail attribution="Reuters BIP Coding Group" action="confirmed" date="1997-05-28"/>
  </code>
  <code code="MCAT">
    <editdetail attribution="Reuters BIP Coding Group" action="confirmed" date="1997-05-28"/>
  </code>
</codes>
<dc element="dc.date.created" value="1997-05-28"/>
<dc element="dc.publisher" value="Reuters Holdings Plc"/>
<dc element="dc.date.published" value="1997-05-28"/>
<dc element="dc.source" value="Reuters"/>
<dc element="dc.creator.location" value="RIGA"/>
<dc element="dc.creator.location.country.name" value="LATVIA"/>
<dc element="dc.source" value="Reuters"/>
</metadata>
</newsitem>
