<?xml version="1.0" encoding="iso-8859-1" ?>
<newsitem itemid="619488" id="root" date="1997-05-28" xml:lang="en">
<title>UK: Blair, Clinton to strengthen Anglo-American ties.</title>
<headline>Blair, Clinton to strengthen Anglo-American ties.</headline>
<byline>Alan Wheatley</byline>
<dateline>LONDON 1997-05-28</dateline>
<text>
<p>British Prime Minister Tony Blair crowns an exhilarating first month in power on Thursday by welcoming to Downing Street one of the men who inspired his landslide election victory -- U.S. President Bill Clinton.</p>
<p>The two leaders will take stock on a range of issues, but British officials said the visit was primarily an opportunity for &quot;Tony and Bill&quot; to cement an already warm relationship built on good personal chemistry and shared political ideas.</p>
<p>Indeed, the stopover, on Clinton's way home from a NATO-Russian summit in Paris and a Marshall Plan commemoration in the Hague, could slip into a mutual-admiration session.</p>
<p>Clinton was the first foreign leader to congratulate Blair on his victory in the early hours of May 2 and the length of Thursday's visit has been extended twice at the president's request to give him more time to chat and socialise.</p>
<p>Aides said Blair was determined to use the keen interest that his Labour party's big win had aroused in the United States and elsewhere to raise Britain's standing in the world.</p>
<p>&quot;He is well aware that the honeymoon will not last forever, but while it does he is determined to use it for Britain's advantage and to stamp Britain on the world map,&quot; one said.</p>
<p>To underscore the importance of reviving the so-called special relationship between Washington and London, Blair has invited Clinton to address his weekly cabinet -- an honour previously given only to President Richard Nixon in 1969.</p>
<p>Although Clinton praised defeated prime minister John Major, with whom he worked for five years, disputes over Bosnia and Northern Ireland cast a cloud over their relations at times.</p>
<p>Moreover, no one ever forgot that Major's Conservative party openly helped Clinton's Republican opponent, former president George Bush, in the 1992 race for the White House.</p>
<p>Now the stars are properly aligned.</p>
<p>Labour makes no secret of the lessons it learned from Clinton's campaigning -- particularly the need to rebut political attacks instantly and to focus laser-like on the crucial middle ground where elections are won and lost.</p>
<p>The superficial similarities between Blair and Clinton tend to reinforce the political affinities.</p>
<p>Both are young and boyish. Both are natural campaigning politicians. Both attended Oxford University and their wives -- who will lunch together on Thursday -- have brought up children while maintaining careers as high-flying lawyers.</p>
<p>But as several British commentators have noted, there is also a big difference. Blair, with a parliamentary majority of 179, can ram through whatever laws he likes. Clinton, a Democrat, must constantly battle the Republican-led Congress.</p>
<p>&quot;Mr Clinton may lead the most powerful nation on earth, but Mr Blair, for now, leads a government with far more power at home than Mr Clinton, or any American president, will ever enjoy,&quot; The Economist wrote recently.</p>
<p>Subjects for Thursday's talks include ideas for job creation, NATO, Bosnia, Hong Kong and Northern Ireland.</p>
<p>Blair's aides said he would encourage Clinton to keep pressing for an Irish Republican Army ceasefire so the guerrillas' political wing, Sinn Fein, can gain a seat at talks on the future of Northern Ireland.</p>
<p>After a joint news conference with Blair in the garden at 10 Downing Street, Clinton is due to go sightseeing before flying back to Washington in the evening.</p>
</text>
<copyright>(c) Reuters Limited 1997</copyright>
<metadata>
<codes class="bip:countries:1.0">
  <code code="UK">
    <editdetail attribution="Reuters BIP Coding Group" action="confirmed" date="1997-05-28"/>
  </code>
  <code code="USA">
    <editdetail attribution="Reuters BIP Coding Group" action="confirmed" date="1997-05-28"/>
  </code>
</codes>
<codes class="bip:topics:1.0">
  <code code="GCAT">
    <editdetail attribution="Reuters BIP Coding Group" action="confirmed" date="1997-05-28"/>
  </code>
  <code code="GDIP">
    <editdetail attribution="Reuters BIP Coding Group" action="confirmed" date="1997-05-28"/>
  </code>
</codes>
<dc element="dc.date.created" value="1997-05-28"/>
<dc element="dc.publisher" value="Reuters Holdings Plc"/>
<dc element="dc.date.published" value="1997-05-28"/>
<dc element="dc.source" value="Reuters"/>
<dc element="dc.creator.location" value="LONDON"/>
<dc element="dc.creator.location.country.name" value="UK"/>
<dc element="dc.source" value="Reuters"/>
</metadata>
</newsitem>
