<?xml version="1.0" encoding="iso-8859-1" ?>
<newsitem itemid="619446" id="root" date="1997-05-28" xml:lang="en">
<title>BULGARIA: BULGARIA SAYS SECURITY ACCORD BACKS ITS NATO BID.</title>
<headline>BULGARIA SAYS SECURITY ACCORD BACKS ITS NATO BID.</headline>
<dateline>SOFIA 1997-05-28</dateline>
<text>
<p>Bulgaria's foreign ministry said on Wednesday the NATO-Russia security pact opens the way for partnership in Europe and may boost chances of this Balkan country to join NATO.</p>
<p>&quot;This historic accord, which formally ends the era of confrontation in Europe and clears the way for the alliance to expand eastwards, gives us grounds to reaffirm Bulgaria's strong desire to join NATO,&quot; Foreign Ministry spokesman Radko Vlaikov told a news conference.</p>
<p>NATO leaders and Russian President Boris Yeltsin signed on Tuesday the Founding Act on Mutual Relations desgined to bind Russia into efforts to create a new European security order.</p>
<p>&quot;We praise the Russia-NATO accord which ends an era of confrontation in Europe and reaffirms the rignt of each country to decide how to guarantee its security,&quot; said Vlaikov.</p>
<p>He said the accord, which abolishes the division lines created in Yalta, has increased the hopes of Bulgaria that its active and clear policy towards NATO will be considered.</p>
<p>In mid February Bulgaria's caretaker government adopted a declaration stating a desire for a full NATO membership in a move to clear the so far ambiguous policy on the issue of the country's former Socialist rulers.</p>
<p>Bulgaria's Union of Democratic Forces, which won the April general election and formed a cabinet last week, has set the country's NATO membership as a main foreign policy priority.</p>
<p>NATO is expected to issue the first invitations to prospective new members at a summit in Madrid in July and Poland, Hungary, and the Czech Republic are considered the most likely candidates to join in the first wave of enlargement.</p>
<p>REUTERS GDS ELI</p>
</text>
<copyright>(c) Reuters Limited 1997</copyright>
<metadata>
<codes class="bip:countries:1.0">
  <code code="BUL">
    <editdetail attribution="Reuters BIP Coding Group" action="confirmed" date="1997-05-28"/>
  </code>
  <code code="NATO">
    <editdetail attribution="Reuters BIP Coding Group" action="confirmed" date="1997-05-28"/>
  </code>
  <code code="RUSS">
    <editdetail attribution="Reuters BIP Coding Group" action="confirmed" date="1997-05-28"/>
  </code>
</codes>
<codes class="bip:topics:1.0">
  <code code="GCAT">
    <editdetail attribution="Reuters BIP Coding Group" action="confirmed" date="1997-05-28"/>
  </code>
  <code code="GDEF">
    <editdetail attribution="Reuters BIP Coding Group" action="confirmed" date="1997-05-28"/>
  </code>
  <code code="GDIP">
    <editdetail attribution="Reuters BIP Coding Group" action="confirmed" date="1997-05-28"/>
  </code>
</codes>
<dc element="dc.date.created" value="1997-05-28"/>
<dc element="dc.publisher" value="Reuters Holdings Plc"/>
<dc element="dc.date.published" value="1997-05-28"/>
<dc element="dc.source" value="Reuters"/>
<dc element="dc.creator.location" value="SOFIA"/>
<dc element="dc.creator.location.country.name" value="BULGARIA"/>
<dc element="dc.source" value="Reuters"/>
</metadata>
</newsitem>
