<?xml version="1.0" encoding="iso-8859-1" ?>
<newsitem itemid="619511" id="root" date="1997-05-28" xml:lang="en">
<title>UK: Global warming means more Australian wheat - study.</title>
<headline>Global warming means more Australian wheat - study.</headline>
<dateline>LONDON 1997-05-28</dateline>
<text>
<p>Global warming has helped Australian farmers reap bumper crops of wheat, researchers reported on Wednesday.</p>
<p>They said careful analysis had shown the steady increase in temperatures had created a number of effects that translated into bigger harvests.</p>
<p>&quot;Climate trends appear to be responsible for 30 to 50 percent of the observed increase in wheat yields, with increases in minimum temperature being the dominant influence,&quot; Neville Nicholls of the Bureau of Meteorology Research Centre in Melbourne wrote in a letter to the science journal Nature.</p>
<p>&quot;The average yield of wheat, Australia's major crop, has increased by about half a tonne per hectare since 1952,&quot; he added.</p>
<p>There were several effects climate could have on a crop, Nicholls said. One was frequency of frosts.</p>
<p>&quot;The frequency of severe frosts has decreased in eastern Australia in recent decades,&quot; he wrote. &quot;Changes in rainfall and soil moisture would also affect yield, while an increase in mean daily temperature would decrease yield.&quot;</p>
<p>His team had measured these factors. &quot;Mean annual maximum temperatures, averaged across Australia, increased by 0.58 degree C from 1952 to 1992. Mean annual minimum temperatures increased by 1.02 degrees C (1.8 degree F), while mean annual rainfall only increased by 39 mm,&quot; he wrote.</p>
<p>Nicholls said his team had factored in for changes in pesticide and fertiliser use and improvements in agricultural methods. Even with these considered, the yields had improved.</p>
<p>Nearly all climate experts agree that average temperatures are rising around the world. Most also agree that human factors, such as the release of &quot;greenhouse gases&quot; like carbon dioxide, are responsible.</p>
<p>Although Australian wheat farmers are benefiting, global warming is blamed for weather patterns that are helping the Sahara desert grow and causing strong cyclones in tropical areas.</p>
</text>
<copyright>(c) Reuters Limited 1997</copyright>
<metadata>
<codes class="bip:countries:1.0">
  <code code="AUSTR">
    <editdetail attribution="Reuters BIP Coding Group" action="confirmed" date="1997-05-28"/>
  </code>
  <code code="UK">
    <editdetail attribution="Reuters BIP Coding Group" action="confirmed" date="1997-05-28"/>
  </code>
</codes>
<codes class="bip:industries:1.0">
  <code code="I01001">
    <editdetail attribution="Reuters BIP Coding Group" action="confirmed" date="1997-05-28"/>
  </code>
  <code code="I0100132">
    <editdetail attribution="Reuters BIP Coding Group" action="confirmed" date="1997-05-28"/>
  </code>
</codes>
<codes class="bip:topics:1.0">
  <code code="C21">
    <editdetail attribution="Reuters BIP Coding Group" action="confirmed" date="1997-05-28"/>
  </code>
  <code code="CCAT">
    <editdetail attribution="Reuters BIP Coding Group" action="confirmed" date="1997-05-28"/>
  </code>
  <code code="GCAT">
    <editdetail attribution="Reuters BIP Coding Group" action="confirmed" date="1997-05-28"/>
  </code>
  <code code="GENV">
    <editdetail attribution="Reuters BIP Coding Group" action="confirmed" date="1997-05-28"/>
  </code>
  <code code="GWEA">
    <editdetail attribution="Reuters BIP Coding Group" action="confirmed" date="1997-05-28"/>
  </code>
</codes>
<dc element="dc.date.created" value="1997-05-28"/>
<dc element="dc.publisher" value="Reuters Holdings Plc"/>
<dc element="dc.date.published" value="1997-05-28"/>
<dc element="dc.source" value="Reuters"/>
<dc element="dc.creator.location" value="LONDON"/>
<dc element="dc.creator.location.country.name" value="UK"/>
<dc element="dc.source" value="Reuters"/>
</metadata>
</newsitem>
