<?xml version="1.0" encoding="iso-8859-1" ?>
<newsitem itemid="619533" id="root" date="1997-05-28" xml:lang="en">
<title>UK: IPE gas oil ends firmer in slight correction.</title>
<headline>IPE gas oil ends firmer in slight correction.</headline>
<dateline>LONDON 1997-05-28</dateline>
<text>
<p>IPE gas oil futures closed slightly firmer on Wednesday after a mild correction to Tuesday's sharp losses.</p>
<p>The June contract closed $1.00 a tonne up at $173.00.</p>
<p>July Brent crude was trading six cents higher at $19.28 by 1643 GMT, towards the middle of the day's narrow trading range.</p>
<p>&quot;It's fairly steady, there isn't much action...We're just waiting for the APIs to come out,&quot; a broker said.</p>
<p>Weekly stocks data from the American Petroleum Institute (API) were due out after the close of business on Wednesday.</p>
<p>Traders were expecting builds in crudes and distillates, while gasoline stocks and refinery utilisation were seen little changed from last week.</p>
<p>-- London Newsroom +44 171 542 5387</p>
</text>
<copyright>(c) Reuters Limited 1997</copyright>
<metadata>
<codes class="bip:countries:1.0">
  <code code="UK">
    <editdetail attribution="Reuters BIP Coding Group" action="confirmed" date="1997-05-28"/>
  </code>
</codes>
<codes class="bip:topics:1.0">
  <code code="M14">
    <editdetail attribution="Reuters BIP Coding Group" action="confirmed" date="1997-05-28"/>
  </code>
  <code code="M143">
    <editdetail attribution="Reuters BIP Coding Group" action="confirmed" date="1997-05-28"/>
  </code>
  <code code="MCAT">
    <editdetail attribution="Reuters BIP Coding Group" action="confirmed" date="1997-05-28"/>
  </code>
</codes>
<dc element="dc.date.created" value="1997-05-28"/>
<dc element="dc.publisher" value="Reuters Holdings Plc"/>
<dc element="dc.date.published" value="1997-05-28"/>
<dc element="dc.source" value="Reuters"/>
<dc element="dc.creator.location" value="LONDON"/>
<dc element="dc.creator.location.country.name" value="UK"/>
<dc element="dc.source" value="Reuters"/>
</metadata>
</newsitem>
