<?xml version="1.0" encoding="iso-8859-1" ?>
<newsitem itemid="619505" id="root" date="1997-05-28" xml:lang="en">
<title>UK: Med oil products firm on tight supply, gasoline up.</title>
<headline>Med oil products firm on tight supply, gasoline up.</headline>
<dateline>LONDON 1997-05-28</dateline>
<text>
<p>Mediterranean oil products were slightly firmer on Wednesday with the supply/demand equation working in the seller's favour, traders said.</p>
<p>Gasoline markets were tight amid good demand. One Slovenian need from a French refiner was heard met from within the refiner's system while another Slovenian requirement was unmet.</p>
<p>Italian demand faced tight supply. &quot;If you want unleaded gasoline with one percent benzene I am not sure where you are going to get it,&quot; one dealer said.</p>
<p>Supplies were unlikely from Northwest Europe as refiners would find it more profitable to fill recent tenders in Ghana and Argentina, one refinery-based player said.</p>
<p>Naphtha discussion centred on the latest tender from the Egyptian General Petroleum Company, which closed on Wednesday, for up to around five 25,000 tonne cargoes from each of Suez and Alexandria for each of six months.</p>
<p>Much of the Russian gas oil overhanging the market appeared mopped up, but more cargoes were seen to start June.</p>
<p>Big players had shifted material to Northwest Europe with at least three Med 0.05 percent cargoes seen heading there. Players were watching the arb to the East which seemed near reopening.</p>
<p>Traders said premiums for Russian were around cif $1.00/$1.50 basis Genoa. ENF90 premiums were seen around hi fob $2.50/$3.50.</p>
<p>Limited refinery and solid bunker demand kept Med fuel oil markets supported and prompt good quality cracked markets seemed tight. Poorer quality Russian cracked fuel cargoes were abundant with at least one unsold on the water.</p>
</text>
<copyright>(c) Reuters Limited 1997</copyright>
<metadata>
<codes class="bip:countries:1.0">
  <code code="UK">
    <editdetail attribution="Reuters BIP Coding Group" action="confirmed" date="1997-05-28"/>
  </code>
</codes>
<codes class="bip:topics:1.0">
  <code code="M14">
    <editdetail attribution="Reuters BIP Coding Group" action="confirmed" date="1997-05-28"/>
  </code>
  <code code="M143">
    <editdetail attribution="Reuters BIP Coding Group" action="confirmed" date="1997-05-28"/>
  </code>
  <code code="MCAT">
    <editdetail attribution="Reuters BIP Coding Group" action="confirmed" date="1997-05-28"/>
  </code>
</codes>
<dc element="dc.date.created" value="1997-05-28"/>
<dc element="dc.publisher" value="Reuters Holdings Plc"/>
<dc element="dc.date.published" value="1997-05-28"/>
<dc element="dc.source" value="Reuters"/>
<dc element="dc.creator.location" value="LONDON"/>
<dc element="dc.creator.location.country.name" value="UK"/>
<dc element="dc.source" value="Reuters"/>
</metadata>
</newsitem>
