<?xml version="1.0" encoding="iso-8859-1" ?>
<newsitem itemid="619552" id="root" date="1997-05-28" xml:lang="en">
<title>UK: UK's Cook says jobs must balance EMU targets.</title>
<headline>UK's Cook says jobs must balance EMU targets.</headline>
<byline>Richard Murphy</byline>
<dateline>LONDON 1997-05-28</dateline>
<text>
<p>Britain's new Labour government said on Wednesday that the pursuit of a single European currency should be balanced with broader economic objectives such as higher employment.</p>
<p>Foreign Secretary Robin Cook told a Trades Union Congress (TUC) conference on the social dimensions of European integration that the people of Europe needed to see that EU membership was of benefit to them.</p>
<p>The new government supported the inclusion of an employment chapter in the European Union treaty at next month's EU summit in Amsterdam, he said.</p>
<p>&quot;We will do so because we believe that it is very important that we should balance the monetary targets that are already in the treaty relating to the single currency with broader economic objectives such as higher levels of employment,&quot; Cook said.</p>
<p>&quot;Progress towards achieving those monetary targets must be within an overall package that's aimed at creating jobs and must not be at the expense of employment.&quot;</p>
<p>Cook's remarks on the importance of jobs echoed those of TUC general Secretary John Monks, who told the conference:</p>
<p>&quot;Governments must realise that, to advance on Europe, their citizens will want to see a Europe that can deliver on jobs.&quot;</p>
<p>But Cook made no reference to Monks's call for the so-called &quot;convergence criteria&quot; for joining the single currency to be interpreted flexibly.</p>
<p>The union chief said the European Union had focussed too much on maintaining financial stability and not enough on jobs.</p>
<p>&quot;The criteria are reference values, not precise commandments,&quot; he added.</p>
<p>The foreign secretary said the Labour government had already achieved a substantial improvement in the climate at EU negotiations by making clear that, unlike its Conservative predecessor, it would not simply &quot;heckle from the sidelines.&quot;</p>
<p>There would be hard bargaining at the summit, but he was hopeful of an agreement covering issues of key importance for Britain such as control of its external borders and retaining national vetos in foreign policy and other areas.</p>
<p>Cook said he did not accept that signing up to the Social Chapter on workers' rights, which the new government plans to do, would damage Britain's competitiveness, but added:</p>
<p>&quot;We will carefully scrutinise all future directives to make sure that they will boost employment rather than hinder employment.&quot;</p>
<p>Looking ahead to Britain's six-month presidency of the 15-nation bloc in the first half of 1998, Cook said a high priority would be to ensure a &quot;level playing field&quot; in industries such as telecommunications, financial services and energy.</p>
<p>Britain was strong in these sectors and including them in the EU's single market would be in the interest of employment here.</p>
<p>Britain's other main priority for its presidency would be enlargement of the EU to include former communist countries in central and eastern Europe.</p>
<p>Asked to elaborate on his ambitions for Britain to play a leading role in the EU alongside France and Germany, Cook said he had not meant this in the sense of a commanding officer, leading troops from the front.</p>
<p>It was more a question of &quot;shaping the agenda, influencing the direction.&quot;</p>
<p>&quot;For 18 years we have sat in the back seat and complained about where we were being driven. I want a Britain up there helping to choose the direction.&quot;</p>
</text>
<copyright>(c) Reuters Limited 1997</copyright>
<metadata>
<codes class="bip:countries:1.0">
  <code code="EEC">
    <editdetail attribution="Reuters BIP Coding Group" action="confirmed" date="1997-05-28"/>
  </code>
  <code code="UK">
    <editdetail attribution="Reuters BIP Coding Group" action="confirmed" date="1997-05-28"/>
  </code>
</codes>
<codes class="bip:topics:1.0">
  <code code="E12">
    <editdetail attribution="Reuters BIP Coding Group" action="confirmed" date="1997-05-28"/>
  </code>
  <code code="E41">
    <editdetail attribution="Reuters BIP Coding Group" action="confirmed" date="1997-05-28"/>
  </code>
  <code code="ECAT">
    <editdetail attribution="Reuters BIP Coding Group" action="confirmed" date="1997-05-28"/>
  </code>
  <code code="G15">
    <editdetail attribution="Reuters BIP Coding Group" action="confirmed" date="1997-05-28"/>
  </code>
  <code code="G154">
    <editdetail attribution="Reuters BIP Coding Group" action="confirmed" date="1997-05-28"/>
  </code>
  <code code="GCAT">
    <editdetail attribution="Reuters BIP Coding Group" action="confirmed" date="1997-05-28"/>
  </code>
  <code code="GJOB">
    <editdetail attribution="Reuters BIP Coding Group" action="confirmed" date="1997-05-28"/>
  </code>
</codes>
<dc element="dc.date.created" value="1997-05-28"/>
<dc element="dc.publisher" value="Reuters Holdings Plc"/>
<dc element="dc.date.published" value="1997-05-28"/>
<dc element="dc.source" value="Reuters"/>
<dc element="dc.creator.location" value="LONDON"/>
<dc element="dc.creator.location.country.name" value="UK"/>
<dc element="dc.source" value="Reuters"/>
</metadata>
</newsitem>
