<?xml version="1.0" encoding="iso-8859-1" ?>
<newsitem itemid="619534" id="root" date="1997-05-28" xml:lang="en">
<title>UK: LIFFE cocoa futures rise late to end slightly up.</title>
<headline>LIFFE cocoa futures rise late to end slightly up.</headline>
<dateline>LONDON 1997-05-28</dateline>
<text>
<p>LIFFE cocoa futures gained late on Wednesday to close slightly higher after spending most of the day softer and in a tight range.</p>
<p>July edged up two stg to 1,021 stg per tonne and September gained two to 1,039. Total volume tallied a sluggish 1,625 contracts, with July grabbing the largest share. July notched 463 trades, followed by December's 397.</p>
<p>Options volume remained non-existent at nil.</p>
<p>Traders said 214 against actuals (AAs) traded, mostly in July and some in September. Further turnover came from July/September switches. Traders said 50 of those switches traded at 19 stg earlier in the day.</p>
<p>Otherwise, activity was dull, and traders said the quiet could last until the end of the month when more crop and weather information is revealed.</p>
<p>Some traders were also looking to New York's first notice day in a few weeks to help push cocoa out of its range. They said speculative selling there related to first notice day could provide a temporary spike lower.</p>
<p>Until then, July was likely stay in a range between about 1,000 and 1,035.</p>
<p>Some traders expected July to stay buoyant and continue inching up toward the top end of its trading range but others said with volume so low, July could easily shed another five to ten stg by Friday solely on lack of interest.</p>
<p>--Medora Lee, London newsroom +44 171 542 8072</p>
</text>
<copyright>(c) Reuters Limited 1997</copyright>
<metadata>
<codes class="bip:countries:1.0">
  <code code="UK">
    <editdetail attribution="Reuters BIP Coding Group" action="confirmed" date="1997-05-28"/>
  </code>
</codes>
<codes class="bip:topics:1.0">
  <code code="M14">
    <editdetail attribution="Reuters BIP Coding Group" action="confirmed" date="1997-05-28"/>
  </code>
  <code code="M141">
    <editdetail attribution="Reuters BIP Coding Group" action="confirmed" date="1997-05-28"/>
  </code>
  <code code="MCAT">
    <editdetail attribution="Reuters BIP Coding Group" action="confirmed" date="1997-05-28"/>
  </code>
</codes>
<dc element="dc.date.created" value="1997-05-28"/>
<dc element="dc.publisher" value="Reuters Holdings Plc"/>
<dc element="dc.date.published" value="1997-05-28"/>
<dc element="dc.source" value="Reuters"/>
<dc element="dc.creator.location" value="LONDON"/>
<dc element="dc.creator.location.country.name" value="UK"/>
<dc element="dc.source" value="Reuters"/>
</metadata>
</newsitem>
