<?xml version="1.0" encoding="iso-8859-1" ?>
<newsitem itemid="619539" id="root" date="1997-05-28" xml:lang="en">
<title>UK: LME copper prances higher, nickel gives up gains.</title>
<headline>LME copper prances higher, nickel gives up gains.</headline>
<dateline>LONDON 1997-05-28</dateline>
<text>
<p>Copper prices posted a strong finish just above $2,530 resistance on Wednesday after surging to fresh one-year highs during an active afternoon session.</p>
<p>Speculative fund and bank buying, combined with shortcovering, whisked three months prices to a high of $2,539 per tonne in the first ring, traders said.</p>
<p>Copper finished the kerb just lower at $2,531 -- a gain of $24 from Tuesday.</p>
<p>&quot;The big level for copper is $2,530, which is the previous high from May 22. It's certainly not a bad close,&quot; said analyst Helen Williamson from brokers Brandeis.</p>
<p>The market was generally neutral to news that the Kennecott Utah Copper Corp's smelter was back on stream and is due to reach full capacity later in the year. The 310,000 short tons per year smelter was shut for 42 days for maintenance.</p>
<p>&quot;If they had announced it was be at full capacity next week that would have sent the market lower. But as it has never actually been working at full capacity the news is more or less neutral,&quot; Williamson said.</p>
<p>News that unionised workers at Noranda's copper mine and smelter at Murdochville in Canada had approved a three-year labour deal also had little obvious effect on prices.</p>
<p>The market similarly had already factored in late Tuesday's news that supervisors at Chiles' Chuquicamata mine had voted not to strike.</p>
<p>Cash to threes backwardation was slightly wider at $73/$78.</p>
<p>The other metals were mixed.</p>
<p>Nickel tried to recover early in the day but failed to hold onto its gains and slipped back below $7,300. It ended at $7,280 versus $7,301 on Tuesday.</p>
<p>It was getting little support from stalled labour talks at Inco's big Sudbury operation in Canada ahead of a May 31 contract expiry.</p>
<p>Aluminium was quiet but firmer with copper at $1,645, up $9. Further consolidation looked likely for aluminium with support around $1,625, anlaysts said.</p>
<p>Zinc was quiet and unchanged at $1,360, after making a foray towards the recent 4-1/2 year high of $1,670.</p>
<p>Lead perked up with copper and was $7 firmer at $641.</p>
<p>But tin lost its footing and slid to the lowest in some three weeks. Prices finished near the day's lows at $5,665, off $65.</p>
<p>Alloy was marked $15 higher at $1,505/$1,510.</p>
<p>--Lida Poletz, London newsroom +44 171 542 2936</p>
</text>
<copyright>(c) Reuters Limited 1997</copyright>
<metadata>
<codes class="bip:countries:1.0">
  <code code="UK">
    <editdetail attribution="Reuters BIP Coding Group" action="confirmed" date="1997-05-28"/>
  </code>
</codes>
<codes class="bip:topics:1.0">
  <code code="M14">
    <editdetail attribution="Reuters BIP Coding Group" action="confirmed" date="1997-05-28"/>
  </code>
  <code code="M142">
    <editdetail attribution="Reuters BIP Coding Group" action="confirmed" date="1997-05-28"/>
  </code>
  <code code="MCAT">
    <editdetail attribution="Reuters BIP Coding Group" action="confirmed" date="1997-05-28"/>
  </code>
</codes>
<dc element="dc.date.created" value="1997-05-28"/>
<dc element="dc.publisher" value="Reuters Holdings Plc"/>
<dc element="dc.date.published" value="1997-05-28"/>
<dc element="dc.source" value="Reuters"/>
<dc element="dc.creator.location" value="LONDON"/>
<dc element="dc.creator.location.country.name" value="UK"/>
<dc element="dc.source" value="Reuters"/>
</metadata>
</newsitem>
