<?xml version="1.0" encoding="iso-8859-1" ?>
<newsitem itemid="619537" id="root" date="1997-05-28" xml:lang="en">
<title>UK: Mexico's Pemex sets $250 mln June 2007 bond,+223bp.</title>
<headline>Mexico's Pemex sets $250 mln June 2007 bond,+223bp.</headline>
<dateline>LONDON 1997-05-28</dateline>
<text>
<p>The following bond was announced by joint lead managers ABN AMRO HG, Goldman Sachs and UBS.</p>
<p> BORROWER   PETROLEOS MEXICANOS</p>
<p> AMT    $250 MLN	COUPON     9.0 PCT   MATURITY    01.JUN.07</p>
<p> TYPE	 STRAIGHT  ISS PRICE  PAR	 PAY DATE   S20.JUN.97</p>
<p> REOFFER    PAR	 SPREAD     +223 BP</p>
<p> NOTES    S-SHORT FIRST COUPON</p>
<p> LISTING    LUX	 GOV LAW    NEW YORK</p>
<p>-- London Newsroom +44 171 542 7658</p>
</text>
<copyright>(c) Reuters Limited 1997</copyright>
<metadata>
<codes class="bip:countries:1.0">
  <code code="MEX">
    <editdetail attribution="Reuters BIP Coding Group" action="confirmed" date="1997-05-28"/>
  </code>
  <code code="UK">
    <editdetail attribution="Reuters BIP Coding Group" action="confirmed" date="1997-05-28"/>
  </code>
</codes>
<codes class="bip:industries:1.0">
  <code code="I13000">
    <editdetail attribution="Reuters BIP Coding Group" action="confirmed" date="1997-05-28"/>
  </code>
</codes>
<codes class="bip:topics:1.0">
  <code code="C17">
    <editdetail attribution="Reuters BIP Coding Group" action="confirmed" date="1997-05-28"/>
  </code>
  <code code="C172">
    <editdetail attribution="Reuters BIP Coding Group" action="confirmed" date="1997-05-28"/>
  </code>
  <code code="CCAT">
    <editdetail attribution="Reuters BIP Coding Group" action="confirmed" date="1997-05-28"/>
  </code>
</codes>
<dc element="dc.date.created" value="1997-05-28"/>
<dc element="dc.publisher" value="Reuters Holdings Plc"/>
<dc element="dc.date.published" value="1997-05-28"/>
<dc element="dc.source" value="Reuters"/>
<dc element="dc.creator.location" value="LONDON"/>
<dc element="dc.creator.location.country.name" value="UK"/>
<dc element="dc.source" value="Reuters"/>
</metadata>
</newsitem>
