<?xml version="1.0" encoding="iso-8859-1" ?>
<newsitem itemid="619516" id="root" date="1997-05-28" xml:lang="en">
<title>UK: Germany is last Europe major to revalue gold.</title>
<headline>Germany is last Europe major to revalue gold.</headline>
<dateline>LONDON 1997-05-28</dateline>
<text>
<p>Germany will become the last major European Union (EU) power to value its gold in a way that brings it closer to market prices, if the ruling coalition succeeds in pushing the plan through ahead of Bundesbank objections.</p>
<p>The Bundesbank on Wednesday rejected the proposal saying it was against its charter of independence and against the Maastricht Treaty. The coalition said it was determined to proceed.</p>
<p>Most European Union (EU) countries have already changed the way they value their reserves so that they at least reflect the market.</p>
<p>But Germany had stuck to a more traditional and ultra-prudent approach of valuing based on purchase price.</p>
<p>France switched from a fixed price gold reserve valuation in 1975 followed by Italy a year later. Austria and the Netherlands both began pricing on a marker basis in 1978. Britain acted in 1979 and Portugal and Spain in 1981.</p>
<p>Belgium was the last original EU member to change, in 1991.</p>
<p>&quot;The difference is that Germany has linked revaluing gold reserves to a budget problem,&quot; bullion market analyst Andy Smith at Union Bank of Switzerland said earlier this month when German finance minister Theo Waigel first floated the plan for a revaluation.</p>
<p>Waigel plans for the Bundesbank to revalue its reserves of nearly 3,000 tonnes from $95 an ounce closer to the market price, now $345.05.</p>
<p>It could be a boost  - on paper - to Germany's exchequer of up to 40 billion marks.</p>
<p>Waigel's move will help in part plug a hole in the budget and keep Germany on course for European Monetary Union at the beginning of 1999.</p>
<p>The gold market was stunned by the announcement that one of the staunchest conservatives on bullion reserves was contemplating changing gold into just another asset.</p>
<p>&quot;This is a structural break for the market,&quot; Smith said. &quot;Now (as far as Germany is concerned) gold has lost its innocence. It has become an other asset which has to perform.&quot;</p>
<p>The EU central banks between them hold more than 14,000 tonnes of gold in their reserves.</p>
<p>The European central banks value gold in various ways related to market prices.</p>
<p>The Bank of France revalues each six months to reflect market prices while the Belgians and Danes do so annually.</p>
<p>The Dutch Central Bank adjusts the value of its reserves every three years, basing the new total on the lowest average market price for the period minus 30 percent.</p>
<p>A Bank of Portugal spokesman said, &quot;It makes no sense to revalue our reserves as the accounting value is close to the market value.&quot;</p>
<p>According to International Monetary Fund figures, at the end of 1996 most of the EU countries' gold reserves were on the books at well under current market value.</p>
<p>But some - Ireland ($397), Belgium ($385), Italy ($381), France ($371) and Denmark ($355) - were above, pending the next review, because prices had fallen last year.</p>
<p>The final 1996 gold market fixing price was $369.55.</p>
<p>Reserves are often priced in line with a formula already approved by the European Monetary Institute (EMI).</p>
<p>The table shows reserves (in tonnes) at the end of 1996, the official valuation in US$ per ounce, gold's percentage of total reserves and latest central bank comment on any plans for change in valuatiuon.</p>
<p>Figures are based on International Monetary Fund data.</p>
<p>		  Reserves	  Valued  Pct of  Comment</p>
<p>		   End 96	   End 96  Total</p>
<p>    (End 1996 market price    369.55)</p>
<p>    Italy	 2,592	   381.00   41     No comment</p>
<p>    Luxembourg     12	    55.00   67	   --</p>
<p>    France	3,182	   371.00   59     No Comment</p>
<p>    Netherlands 1,352	   248.00   38     No plans</p>
<p>    Germany     3,701	    93.00   35   Plan to revalue</p>
<p>    Portugal	601	   323.00   32     No plans</p>
<p>    Belgium	 596	   385.00   30     No comment</p>
<p>    Austria	 418	   168.00   18     No plans</p>
<p>    UK		717	   297.00   17     No plans</p>
<p>    Finland	  62	   234.00   10     No plans</p>
<p>    Greece	    8	    42.00    8	 --</p>
<p>    Denmark	  65	   355.00    5     No plans</p>
<p>    Ireland	  14	   397.00    2	 --</p>
<p>    Spain	   608	   270.00   11     No plans</p>
<p>    Sweden	  187	   187.00   10     No plans</p>
</text>
<copyright>(c) Reuters Limited 1997</copyright>
<metadata>
<codes class="bip:countries:1.0">
  <code code="EEC">
    <editdetail attribution="Reuters BIP Coding Group" action="confirmed" date="1997-05-28"/>
  </code>
  <code code="GFR">
    <editdetail attribution="Reuters BIP Coding Group" action="confirmed" date="1997-05-28"/>
  </code>
  <code code="UK">
    <editdetail attribution="Reuters BIP Coding Group" action="confirmed" date="1997-05-28"/>
  </code>
</codes>
<codes class="bip:topics:1.0">
  <code code="E12">
    <editdetail attribution="Reuters BIP Coding Group" action="confirmed" date="1997-05-28"/>
  </code>
  <code code="E21">
    <editdetail attribution="Reuters BIP Coding Group" action="confirmed" date="1997-05-28"/>
  </code>
  <code code="E211">
    <editdetail attribution="Reuters BIP Coding Group" action="confirmed" date="1997-05-28"/>
  </code>
  <code code="E51">
    <editdetail attribution="Reuters BIP Coding Group" action="confirmed" date="1997-05-28"/>
  </code>
  <code code="E513">
    <editdetail attribution="Reuters BIP Coding Group" action="confirmed" date="1997-05-28"/>
  </code>
  <code code="ECAT">
    <editdetail attribution="Reuters BIP Coding Group" action="confirmed" date="1997-05-28"/>
  </code>
  <code code="G15">
    <editdetail attribution="Reuters BIP Coding Group" action="confirmed" date="1997-05-28"/>
  </code>
  <code code="G154">
    <editdetail attribution="Reuters BIP Coding Group" action="confirmed" date="1997-05-28"/>
  </code>
  <code code="GCAT">
    <editdetail attribution="Reuters BIP Coding Group" action="confirmed" date="1997-05-28"/>
  </code>
</codes>
<dc element="dc.date.created" value="1997-05-28"/>
<dc element="dc.publisher" value="Reuters Holdings Plc"/>
<dc element="dc.date.published" value="1997-05-28"/>
<dc element="dc.source" value="Reuters"/>
<dc element="dc.creator.location" value="LONDON"/>
<dc element="dc.creator.location.country.name" value="UK"/>
<dc element="dc.source" value="Reuters"/>
</metadata>
</newsitem>
