<?xml version="1.0" encoding="iso-8859-1" ?>
<newsitem itemid="619513" id="root" date="1997-05-28" xml:lang="en">
<title>UK: Britain demands visas from Colombian visitors.</title>
<headline>Britain demands visas from Colombian visitors.</headline>
<dateline>LONDON 1997-05-28</dateline>
<text>
<p>Britain is to clamp down on visitors from Colombia, who will need visas to visit in future, officials said on Wednesday.</p>
<p>&quot;This is in line with our commitment to firm but fair immigration controls,&quot; an interior ministry spokesman said of the crackdown.</p>
<p>The number of Colombians refused admission to Britain in the first three months of 1997 was almost double the figure for the same period last year.</p>
<p>&quot;There have also been increasing and alarming numbers of Colombians who have used unfounded claims for asylum on arrival as a basis to gain access to this country,&quot; the spokesman said. Asylum claims have rocketed by 300 percent.</p>
<p>&quot;The introduction of a visa requirement will mean that those wishing to come here will have their eligibility for entry determined in advance. These regimes are widespread and do not prevent genuine refugees from seeking asylum,&quot; the spokesman said.</p>
</text>
<copyright>(c) Reuters Limited 1997</copyright>
<metadata>
<codes class="bip:countries:1.0">
  <code code="COL">
    <editdetail attribution="Reuters BIP Coding Group" action="confirmed" date="1997-05-28"/>
  </code>
  <code code="UK">
    <editdetail attribution="Reuters BIP Coding Group" action="confirmed" date="1997-05-28"/>
  </code>
</codes>
<codes class="bip:topics:1.0">
  <code code="GCAT">
    <editdetail attribution="Reuters BIP Coding Group" action="confirmed" date="1997-05-28"/>
  </code>
  <code code="GDIP">
    <editdetail attribution="Reuters BIP Coding Group" action="confirmed" date="1997-05-28"/>
  </code>
  <code code="GPOL">
    <editdetail attribution="Reuters BIP Coding Group" action="confirmed" date="1997-05-28"/>
  </code>
</codes>
<dc element="dc.date.created" value="1997-05-28"/>
<dc element="dc.publisher" value="Reuters Holdings Plc"/>
<dc element="dc.date.published" value="1997-05-28"/>
<dc element="dc.source" value="Reuters"/>
<dc element="dc.creator.location" value="LONDON"/>
<dc element="dc.creator.location.country.name" value="UK"/>
<dc element="dc.source" value="Reuters"/>
</metadata>
</newsitem>
