<?xml version="1.0" encoding="iso-8859-1" ?>
<newsitem itemid="619523" id="root" date="1997-05-28" xml:lang="en">
<title>UK: One Brent date kept by BP, two deferred - trade.</title>
<headline>One Brent date kept by BP, two deferred - trade.</headline>
<dateline>LONDON 1997-05-28</dateline>
<text>
<p>A Brent cargo loading on June 12-14 which passed through the paper chains on Wednesday was kept ahead of the five o'clock deadline by BP, traders said.</p>
<p>The cargo was earlier heard to have been kept by Rheinoil but it was fed back into the chains, they said.</p>
<p>Another Brent cargo, originally deferred from June 9-11 to June 12-14, was deferred again, while a third cargo was also deferred, traders said.</p>
<p>-- London Newsroom +44 171 542 5387</p>
</text>
<copyright>(c) Reuters Limited 1997</copyright>
<metadata>
<codes class="bip:countries:1.0">
  <code code="UK">
    <editdetail attribution="Reuters BIP Coding Group" action="confirmed" date="1997-05-28"/>
  </code>
</codes>
<codes class="bip:topics:1.0">
  <code code="M14">
    <editdetail attribution="Reuters BIP Coding Group" action="confirmed" date="1997-05-28"/>
  </code>
  <code code="M143">
    <editdetail attribution="Reuters BIP Coding Group" action="confirmed" date="1997-05-28"/>
  </code>
  <code code="MCAT">
    <editdetail attribution="Reuters BIP Coding Group" action="confirmed" date="1997-05-28"/>
  </code>
</codes>
<dc element="dc.date.created" value="1997-05-28"/>
<dc element="dc.publisher" value="Reuters Holdings Plc"/>
<dc element="dc.date.published" value="1997-05-28"/>
<dc element="dc.source" value="Reuters"/>
<dc element="dc.creator.location" value="LONDON"/>
<dc element="dc.creator.location.country.name" value="UK"/>
<dc element="dc.source" value="Reuters"/>
</metadata>
</newsitem>
