<?xml version="1.0" encoding="iso-8859-1" ?>
<newsitem itemid="619517" id="root" date="1997-05-28" xml:lang="en">
<title>UK: Salary row as income falls at UK Camelot.</title>
<headline>Salary row as income falls at UK Camelot.</headline>
<dateline>LONDON 1997-05-28</dateline>
<text>
<p>British national lottery operator Camelot Plc on Wednesday announced a decline in the money it raised for good causes as its critics seized on confirmation of over a 40 percent hike in directors' salaries.</p>
<p>Camleot said total sales in the year to end-March fell 10 percent to 4.7 billion pounds ($7.7 billion). It said profit after tax fell from 51.1 million pounds to 46.8 million while sums raised for good causes dropped to 1.27 billion from 1.42 billion.  </p>
<p>Camelot was forced to bring forward the release of the figures by several days after they were leaked to a weekly trade magazine.</p>
<p>Criticism of Camelot's directors, dubbed &quot;fat cats&quot; by the British press, was renewed after it emerged that their total earnings had spiralled to 2.35 million pounds.</p>
<p>The new Labour government, which has vowed to bring in a non-profit lottery operator when Camelot's licence expires in 2001, said it would outline proposals for reforming the lottery in July.</p>
<p>&quot;It is the people's money and I am determined it should work in their interests,&quot; Chris Smith, the minister responsible for arts and culture said in a statement, responding to press speculation on Camelot's results. ($ = 0.613 British Pounds)</p>
</text>
<copyright>(c) Reuters Limited 1997</copyright>
<metadata>
<codes class="bip:countries:1.0">
  <code code="UK">
    <editdetail attribution="Reuters BIP Coding Group" action="confirmed" date="1997-05-28"/>
  </code>
</codes>
<codes class="bip:industries:1.0">
  <code code="I97912">
    <editdetail attribution="Reuters BIP Coding Group" action="confirmed" date="1997-05-28"/>
  </code>
</codes>
<codes class="bip:topics:1.0">
  <code code="C15">
    <editdetail attribution="Reuters BIP Coding Group" action="confirmed" date="1997-05-28"/>
  </code>
  <code code="C151">
    <editdetail attribution="Reuters BIP Coding Group" action="confirmed" date="1997-05-28"/>
  </code>
  <code code="C1511">
    <editdetail attribution="Reuters BIP Coding Group" action="confirmed" date="1997-05-28"/>
  </code>
  <code code="C31">
    <editdetail attribution="Reuters BIP Coding Group" action="confirmed" date="1997-05-28"/>
  </code>
  <code code="C41">
    <editdetail attribution="Reuters BIP Coding Group" action="confirmed" date="1997-05-28"/>
  </code>
  <code code="CCAT">
    <editdetail attribution="Reuters BIP Coding Group" action="confirmed" date="1997-05-28"/>
  </code>
</codes>
<dc element="dc.date.created" value="1997-05-28"/>
<dc element="dc.publisher" value="Reuters Holdings Plc"/>
<dc element="dc.date.published" value="1997-05-28"/>
<dc element="dc.source" value="Reuters"/>
<dc element="dc.creator.location" value="LONDON"/>
<dc element="dc.creator.location.country.name" value="UK"/>
<dc element="dc.source" value="Reuters"/>
</metadata>
</newsitem>
