<?xml version="1.0" encoding="iso-8859-1" ?>
<newsitem itemid="619520" id="root" date="1997-05-28" xml:lang="en">
<title>UK: TABLE-Camelot yr profit, sales fall.</title>
<headline>TABLE-Camelot yr profit, sales fall.</headline>
<dateline>LONDON 1997-05-28</dateline>
<text>
<p>Year to March 31, 1997</p>
<p>		(million stg unless stated)</p>
<p> Total sales		4,723.0		vs 5,217.0</p>
<p> Amount for good causes 1,272.6		vs 1,416.1</p>
<p> Prizes		     2,384.1		vs 2,642.6</p>
<p> Profit after tax	 46.8		   vs 51.1</p>
<p> Retailer commission    242.0		  vs 265.0</p>
<p> Amount payable to govt 610.2		  vs 677.4</p>
<p>NOTE - Full name of the British national lottery operator is Camelot Group Plc.</p>
<p>--London Newsroom +44 171 542 4017</p>
</text>
<copyright>(c) Reuters Limited 1997</copyright>
<metadata>
<codes class="bip:countries:1.0">
  <code code="USA">
    <editdetail attribution="Reuters BIP Coding Group" action="confirmed" date="1997-05-28"/>
  </code>
</codes>
<codes class="bip:industries:1.0">
  <code code="I97912">
    <editdetail attribution="Reuters BIP Coding Group" action="confirmed" date="1997-05-28"/>
  </code>
</codes>
<codes class="bip:topics:1.0">
  <code code="C15">
    <editdetail attribution="Reuters BIP Coding Group" action="confirmed" date="1997-05-28"/>
  </code>
  <code code="C151">
    <editdetail attribution="Reuters BIP Coding Group" action="confirmed" date="1997-05-28"/>
  </code>
  <code code="C1511">
    <editdetail attribution="Reuters BIP Coding Group" action="confirmed" date="1997-05-28"/>
  </code>
  <code code="CCAT">
    <editdetail attribution="Reuters BIP Coding Group" action="confirmed" date="1997-05-28"/>
  </code>
</codes>
<dc element="dc.date.created" value="1997-05-28"/>
<dc element="dc.publisher" value="Reuters Holdings Plc"/>
<dc element="dc.date.published" value="1997-05-28"/>
<dc element="dc.source" value="Reuters"/>
<dc element="dc.creator.location" value="LONDON"/>
<dc element="dc.creator.location.country.name" value="UK"/>
<dc element="dc.source" value="Reuters"/>
</metadata>
</newsitem>
