<?xml version="1.0" encoding="iso-8859-1" ?>
<newsitem itemid="619542" id="root" date="1997-05-28" xml:lang="en">
<title>UK: UK to stress Bosnia force may have to stay longer.</title>
<headline>UK to stress Bosnia force may have to stay longer.</headline>
<dateline>LONDON 1997-05-28</dateline>
<text>
<p>Britain will tell NATO ministers this week that the international peacekeeping force in Bosnia should stay until the Dayton peace treaty has at least partially been fulfilled, officials said on Wednesday.</p>
<p>Britain's approach differs sharply from that of Washington, which insists that the 30,000-strong Stabilisation Force (SFOR) be pulled out of Bosnia on schedule in June 1998 come what may.</p>
<p>The officials said Foreign Secretary Robin Cook would put across Britain's message to a two-day meeting of NATO ministers in Portugal on Thursday and Friday.</p>
<p>&quot;I expect the foreign secretary to lay down a marker on Dayton. We can't be certain that leaving by June 1998 would be</p>
</text>
<copyright>(c) Reuters Limited 1997</copyright>
<metadata>
<codes class="bip:countries:1.0">
  <code code="BSHZG">
    <editdetail attribution="Reuters BIP Coding Group" action="confirmed" date="1997-05-28"/>
  </code>
  <code code="NATO">
    <editdetail attribution="Reuters BIP Coding Group" action="confirmed" date="1997-05-28"/>
  </code>
  <code code="UK">
    <editdetail attribution="Reuters BIP Coding Group" action="confirmed" date="1997-05-28"/>
  </code>
</codes>
<codes class="bip:topics:1.0">
  <code code="GCAT">
    <editdetail attribution="Reuters BIP Coding Group" action="confirmed" date="1997-05-28"/>
  </code>
  <code code="GDEF">
    <editdetail attribution="Reuters BIP Coding Group" action="confirmed" date="1997-05-28"/>
  </code>
  <code code="GDIP">
    <editdetail attribution="Reuters BIP Coding Group" action="confirmed" date="1997-05-28"/>
  </code>
  <code code="GPOL">
    <editdetail attribution="Reuters BIP Coding Group" action="confirmed" date="1997-05-28"/>
  </code>
</codes>
<dc element="dc.date.created" value="1997-05-28"/>
<dc element="dc.publisher" value="Reuters Holdings Plc"/>
<dc element="dc.date.published" value="1997-05-28"/>
<dc element="dc.source" value="Reuters"/>
<dc element="dc.creator.location" value="LONDON"/>
<dc element="dc.creator.location.country.name" value="UK"/>
<dc element="dc.source" value="Reuters"/>
</metadata>
</newsitem>
