<?xml version="1.0" encoding="iso-8859-1" ?>
<newsitem itemid="619514" id="root" date="1997-05-28" xml:lang="en">
<title>UK: Euro fuel steady to up, Portuguese tender awarded.</title>
<headline>Euro fuel steady to up, Portuguese tender awarded.</headline>
<dateline>LONDON 1997-05-28</dateline>
<text>
<p>European fuel markets were slightly firmer on Wednesday as bunker demand boosted barge prices while cargo dealers waited for the results of the Portuguese state utility company's buy tender, traders said.</p>
<p>An Italian trading company was believed to have won the right to supply at least one of the high sulphur fuel cargoes Electricidade de Portugal tendered to buy, while Portuguese refiner Petrogal won a second. It was unclear if EdP took up the option for a third cargo.</p>
<p>The market believed the winning bid was around $8.50 above the mean of NWE fob and Med fob quotes, which was described as aggressive, and traders speculated the Italians would supply the fuel out of tankage.</p>
<p>High sulphur fuel barges traded early at $77.50 fob a tonne and then later jumped to $80/81 in the ARA area.</p>
<p>&quot;When trading first started people didn't realise how much bunker demand there was and they reacted to crude,&quot; said one trader. &quot;But swaps were not so bearish and prices picked up.&quot;</p>
<p>Low sulphur physical lifted above the swaps numbers to an offer level of around $96 fob, traders said, but buying interest was thin.</p>
<p>One seller was offering 50,000 tonnes via two ports but attracting little interest. One trader was heard looking for material for the eastern Mediterranean.</p>
<p>High freight costs were believed to be discouraging traders from trying to work northern European one percent down to traditional outlets in the Mediterranean.</p>
<p>-- London newsroom +44 171 542 8060</p>
</text>
<copyright>(c) Reuters Limited 1997</copyright>
<metadata>
<codes class="bip:countries:1.0">
  <code code="UK">
    <editdetail attribution="Reuters BIP Coding Group" action="confirmed" date="1997-05-28"/>
  </code>
</codes>
<codes class="bip:topics:1.0">
  <code code="M14">
    <editdetail attribution="Reuters BIP Coding Group" action="confirmed" date="1997-05-28"/>
  </code>
  <code code="M143">
    <editdetail attribution="Reuters BIP Coding Group" action="confirmed" date="1997-05-28"/>
  </code>
  <code code="MCAT">
    <editdetail attribution="Reuters BIP Coding Group" action="confirmed" date="1997-05-28"/>
  </code>
</codes>
<dc element="dc.date.created" value="1997-05-28"/>
<dc element="dc.publisher" value="Reuters Holdings Plc"/>
<dc element="dc.date.published" value="1997-05-28"/>
<dc element="dc.source" value="Reuters"/>
<dc element="dc.creator.location" value="LONDON"/>
<dc element="dc.creator.location.country.name" value="UK"/>
<dc element="dc.source" value="Reuters"/>
</metadata>
</newsitem>
