<?xml version="1.0" encoding="iso-8859-1" ?>
<newsitem itemid="619555" id="root" date="1997-05-28" xml:lang="en">
<title>UK: Japanese Stocks in London gain, high-techs feature.</title>
<headline>Japanese Stocks in London gain, high-techs feature.</headline>
<dateline>LONDON 1997-05-28</dateline>
<text>
<p>Japanese stocks advanced in London on Wednesday as earlier demand for high-tech stocks in Tokyo followed through into London, dealers said.</p>
<p>But brokers said gains were capped as the dollar weakened against the yen later in the session.</p>
<p>The Nikkei 50 in London closed 2.61 points higher at 1,591.92 after the Nikkei 225 in Tokyo surged 461.45 points to 20,351.34 - a gain of more than two percent - as stable currencies encouraged buying of high-tech exporters.</p>
<p>Canon Inc rose 30 yen from its Tokyo close to end the session at 2,980 yen while M.E.I. edged 5 yen higher to close at 2,235 yen, with a good performance by high-tech stocks in New York overnight adding to the positive sentiment.</p>
<p>Dealers said although the dollar weakened against the yen throughout the London session, they did not expect a strong negative reaction by the market in Tokyo.</p>
<p>&quot;There is support for the Nikkei 225 at the 20,000 level, so I don't expect too much downside,&quot; said one dealer.</p>
<p>--Andrew Lnaglands, London Newsroom +44 171 542 3496</p>
</text>
<copyright>(c) Reuters Limited 1997</copyright>
<metadata>
<codes class="bip:countries:1.0">
  <code code="JAP">
    <editdetail attribution="Reuters BIP Coding Group" action="confirmed" date="1997-05-28"/>
  </code>
  <code code="UK">
    <editdetail attribution="Reuters BIP Coding Group" action="confirmed" date="1997-05-28"/>
  </code>
</codes>
<codes class="bip:topics:1.0">
  <code code="M11">
    <editdetail attribution="Reuters BIP Coding Group" action="confirmed" date="1997-05-28"/>
  </code>
  <code code="MCAT">
    <editdetail attribution="Reuters BIP Coding Group" action="confirmed" date="1997-05-28"/>
  </code>
</codes>
<dc element="dc.date.created" value="1997-05-28"/>
<dc element="dc.publisher" value="Reuters Holdings Plc"/>
<dc element="dc.date.published" value="1997-05-28"/>
<dc element="dc.source" value="Reuters"/>
<dc element="dc.creator.location" value="LONDON"/>
<dc element="dc.creator.location.country.name" value="UK"/>
<dc element="dc.source" value="Reuters"/>
</metadata>
</newsitem>
