<?xml version="1.0" encoding="iso-8859-1" ?>
<newsitem itemid="619553" id="root" date="1997-05-28" xml:lang="en">
<title>UK: IPE Brent dips to new low as gasoline sheds gains.</title>
<headline>IPE Brent dips to new low as gasoline sheds gains.</headline>
<dateline>LONDON 1997-05-28</dateline>
<text>
<p>IPE Brent made a fresh session low on Wednesday afternoon as early gains made by NYMEX gasoline were quickly retraced, traders said.</p>
<p>July Brent was trading steady at $19.22 a barrel at 1511 GMT, having hit a session low of $19.18 moments earlier. NYMEX unleaded gasoline, the market leader with the U.S. gasoline season now officially underway, bounced early on but then slipped.</p>
<p>&quot;Technically it was expected, a spike followed by a sell-off,&quot; a trader said.</p>
<p>Brent was lodged in a narrow 16-cent range with trade cautious after Tuesday's losses and ahead of the release of U.S. stocks data due after the market's close.</p>
<p>June gas oil was trading $1.25 higher at $173.25 a tonne.</p>
<p>&quot;There's not a whole lot happening...It's the calm after the storm,&quot; said one dealer.</p>
<p>Heavy falls on Tuesday were attributed to investment funds liquidating long positions.</p>
<p>News that Iraq's State Oil Marketing Organisation (SOMO) has cancelled two cargoes of Basrah Light crude earlier helped the market gain a few cents.</p>
<p>The two cargoes, both due to load in the next week before the six-month U.N. oil-for-food deal expires, were cancelled amid concerns that Iraq would overshoot its $2.14 billion revenue limit, a U.N. source said.</p>
<p>-- London Newsroom +44 171 542 8185</p>
</text>
<copyright>(c) Reuters Limited 1997</copyright>
<metadata>
<codes class="bip:countries:1.0">
  <code code="UK">
    <editdetail attribution="Reuters BIP Coding Group" action="confirmed" date="1997-05-28"/>
  </code>
</codes>
<codes class="bip:topics:1.0">
  <code code="M14">
    <editdetail attribution="Reuters BIP Coding Group" action="confirmed" date="1997-05-28"/>
  </code>
  <code code="M143">
    <editdetail attribution="Reuters BIP Coding Group" action="confirmed" date="1997-05-28"/>
  </code>
  <code code="MCAT">
    <editdetail attribution="Reuters BIP Coding Group" action="confirmed" date="1997-05-28"/>
  </code>
</codes>
<dc element="dc.date.created" value="1997-05-28"/>
<dc element="dc.publisher" value="Reuters Holdings Plc"/>
<dc element="dc.date.published" value="1997-05-28"/>
<dc element="dc.source" value="Reuters"/>
<dc element="dc.creator.location" value="LONDON"/>
<dc element="dc.creator.location.country.name" value="UK"/>
<dc element="dc.source" value="Reuters"/>
</metadata>
</newsitem>
