<?xml version="1.0" encoding="iso-8859-1" ?>
<newsitem itemid="619554" id="root" date="1997-05-28" xml:lang="en">
<title>UK: IPE natgas sees week's first deals as market falls.</title>
<headline>IPE natgas sees week's first deals as market falls.</headline>
<dateline>LONDON 1997-05-28</dateline>
<text>
<p>The IPE natural gas futures contract saw its first trades of the week on Wednesday afternoon as 55 lots traded in two deals, both at lower prices.</p>
<p>July saw a deal for 50 lots at 11.00 pence a therm, down 0.26 pence from Tuesday's settlement price, while five lots in June traded at 11.20 pence, down 0.22 pence a therm.</p>
<p>By the close there were bids and offers posted for all 12 months of the contract, although the offers were only posted shortly before the close. A little earlier there had been bids for most periods but offers only seen sporadically across the forward curve.</p>
<p>The only month to see a tight bid/offer spread by the close was June, with only 0.125 pence a therm separating bids at 11.20 pence and offers at 11.325 pence. June was also the only month apart from next May to see the closing offer price lower than the previous settlement price. The June contract closes on Thursday.</p>
<p>Dealers said the changes on the futures market showed that futures were following the physical market as normal.</p>
<p>--London Newsroom, +44 171 542 6412</p>
</text>
<copyright>(c) Reuters Limited 1997</copyright>
<metadata>
<codes class="bip:countries:1.0">
  <code code="UK">
    <editdetail attribution="Reuters BIP Coding Group" action="confirmed" date="1997-05-28"/>
  </code>
</codes>
<codes class="bip:topics:1.0">
  <code code="M14">
    <editdetail attribution="Reuters BIP Coding Group" action="confirmed" date="1997-05-28"/>
  </code>
  <code code="M143">
    <editdetail attribution="Reuters BIP Coding Group" action="confirmed" date="1997-05-28"/>
  </code>
  <code code="MCAT">
    <editdetail attribution="Reuters BIP Coding Group" action="confirmed" date="1997-05-28"/>
  </code>
</codes>
<dc element="dc.date.created" value="1997-05-28"/>
<dc element="dc.publisher" value="Reuters Holdings Plc"/>
<dc element="dc.date.published" value="1997-05-28"/>
<dc element="dc.source" value="Reuters"/>
<dc element="dc.creator.location" value="LONDON"/>
<dc element="dc.creator.location.country.name" value="UK"/>
<dc element="dc.source" value="Reuters"/>
</metadata>
</newsitem>
