<?xml version="1.0" encoding="iso-8859-1" ?>
<newsitem itemid="619527" id="root" date="1997-05-28" xml:lang="en">
<title>UK: Copper in rough balance this year - GNI.</title>
<headline>Copper in rough balance this year - GNI.</headline>
<dateline>LONDON 1997-05-28</dateline>
<text>
<p>The copper market has been broadly balanced so far this year and is likely to remain so for the rest of 1997, GNI Research said in a monthly report.</p>
<p>&quot;This should be bearish for prices, but ... genuinely strong global demand and the need to increase consumer stocks should provide ample support for copper on the way down,&quot; it said.</p>
<p>On a risk-reward basis, prices may ease towards a $2,100 to $2,200 range over the next six months, the report said.</p>
<p>&quot;However, the risk of a spike to $2,800 (or even higher) remains high for the immediate future,&quot; it added.</p>
<p>Three months copper was last trading at around $2,530 per tonne on the London Metal Exchange.</p>
<p>Towards the end of the third quarter, fresh supplies are expected to enter the market, although demand is also expected to improve.</p>
<p>Short-term squeezes are also possible because global stocks are critically low, the report said.</p>
<p>Another issue keeping the market on edge is the recent spate of labour militancy, which may be the start of a supply-disrupting trend.</p>
<p>The aluminium market shares with copper a positive demand picture against a backdrop of good world economic growth.</p>
<p>However, fresh capacity in aluminium will take longer to come on stream than in the copper market, GNI said.</p>
<p>&quot;Prices will have to rise - probably to $2,000 - to get them thinking about restarts, but by the time action is taken the world economy should be firing on all cylinders, and global aluminium stocks will be at low levels,&quot; it said.</p>
<p>Meanwhile, producer stocks at present are at their lowest since 1990 and LME stocks on a strong downward trend.</p>
<p>GNI estimated that a 600,000 tonne increase in production this year will be off set against a surge in demand which will leave the market in a supply deficit of 700,000 tonnes.</p>
<p>By 1999 the fundamentals of the market could be comparable to that in 1988 when aluminium cash prices shot above $4,000, GNI said.</p>
<p>--Lida Poletz, London newsroom +44 171 542 2936</p>
</text>
<copyright>(c) Reuters Limited 1997</copyright>
<metadata>
<codes class="bip:countries:1.0">
  <code code="UK">
    <editdetail attribution="Reuters BIP Coding Group" action="confirmed" date="1997-05-28"/>
  </code>
</codes>
<codes class="bip:topics:1.0">
  <code code="M14">
    <editdetail attribution="Reuters BIP Coding Group" action="confirmed" date="1997-05-28"/>
  </code>
  <code code="M142">
    <editdetail attribution="Reuters BIP Coding Group" action="confirmed" date="1997-05-28"/>
  </code>
  <code code="MCAT">
    <editdetail attribution="Reuters BIP Coding Group" action="confirmed" date="1997-05-28"/>
  </code>
</codes>
<dc element="dc.date.created" value="1997-05-28"/>
<dc element="dc.publisher" value="Reuters Holdings Plc"/>
<dc element="dc.date.published" value="1997-05-28"/>
<dc element="dc.source" value="Reuters"/>
<dc element="dc.creator.location" value="LONDON"/>
<dc element="dc.creator.location.country.name" value="UK"/>
<dc element="dc.source" value="Reuters"/>
</metadata>
</newsitem>
