<?xml version="1.0" encoding="iso-8859-1" ?>
<newsitem itemid="619562" id="root" date="1997-05-28" xml:lang="en">
<title>UK: London coal/ore fixtures.</title>
<headline>London coal/ore fixtures.</headline>
<dateline>LONDON 1997-05-28</dateline>
<text>
<p>SGC Express (1996) 180000/10 Tubarao/Kashima 1/15 July approx $9.25 fio scale/30000c - BHP</p>
<p>Hokkaido Star (1973) 150000/10 Sepetiba/Fos June $6.30 fio 6 days - Sideco</p>
<p>Donau Ore (1992) 140000/10 PdM/Gijon end June $5.20 fio 6 shinc - Enemm</p>
<p>Sea Grace (1994) 140000/10 Banjermasin/Rotterdam, 15/30 June $7.50 fio 15000c/40000c - Yukong.</p>
<p>Commander (1977) 110000/10 Hampton Roads/Isdemire 1/15 June $7.10 30000c/20000x - AMCI</p>
<p>Sibonata (1994) 70000/10 Davant/Tarragona 7/15 June $8.35 fio 30000c/24000x - Carboex.</p>
</text>
<copyright>(c) Reuters Limited 1997</copyright>
<metadata>
<codes class="bip:countries:1.0">
  <code code="UK">
    <editdetail attribution="Reuters BIP Coding Group" action="confirmed" date="1997-05-28"/>
  </code>
</codes>
<codes class="bip:topics:1.0">
  <code code="M14">
    <editdetail attribution="Reuters BIP Coding Group" action="confirmed" date="1997-05-28"/>
  </code>
  <code code="MCAT">
    <editdetail attribution="Reuters BIP Coding Group" action="confirmed" date="1997-05-28"/>
  </code>
</codes>
<dc element="dc.date.created" value="1997-05-28"/>
<dc element="dc.publisher" value="Reuters Holdings Plc"/>
<dc element="dc.date.published" value="1997-05-28"/>
<dc element="dc.source" value="Reuters"/>
<dc element="dc.creator.location" value="LONDON"/>
<dc element="dc.creator.location.country.name" value="UK"/>
<dc element="dc.source" value="Reuters"/>
</metadata>
</newsitem>
