<?xml version="1.0" encoding="iso-8859-1" ?>
<newsitem itemid="619519" id="root" date="1997-05-28" xml:lang="en">
<title>UK: LIFFE sugar shrugs off torpor in PM, ends firmer.</title>
<headline>LIFFE sugar shrugs off torpor in PM, ends firmer.</headline>
<dateline>LONDON 1997-05-28</dateline>
<text>
<p>LIFFE sugar popped up in late trading on Wednesday and finished the day at its highs, traders said.</p>
<p>Traders said New York-led speculative buying helped to inject some life into the otherwise dull market in the afternoon.</p>
<p>Front month August settled $1.10 firmer at $321.30, while October was $1.30 higher at $310.40.</p>
<p>August dominated volume with 1,866 of a total 3,795 lots.</p>
<p>In Paris, August was up $0.70 at $320.70 and October was $0.10 firmer at $309.10.</p>
<p>--London newsroom +44 171 542 7928</p>
</text>
<copyright>(c) Reuters Limited 1997</copyright>
<metadata>
<codes class="bip:countries:1.0">
  <code code="UK">
    <editdetail attribution="Reuters BIP Coding Group" action="confirmed" date="1997-05-28"/>
  </code>
</codes>
<codes class="bip:topics:1.0">
  <code code="M14">
    <editdetail attribution="Reuters BIP Coding Group" action="confirmed" date="1997-05-28"/>
  </code>
  <code code="M141">
    <editdetail attribution="Reuters BIP Coding Group" action="confirmed" date="1997-05-28"/>
  </code>
  <code code="MCAT">
    <editdetail attribution="Reuters BIP Coding Group" action="confirmed" date="1997-05-28"/>
  </code>
</codes>
<dc element="dc.date.created" value="1997-05-28"/>
<dc element="dc.publisher" value="Reuters Holdings Plc"/>
<dc element="dc.date.published" value="1997-05-28"/>
<dc element="dc.source" value="Reuters"/>
<dc element="dc.creator.location" value="LONDON"/>
<dc element="dc.creator.location.country.name" value="UK"/>
<dc element="dc.source" value="Reuters"/>
</metadata>
</newsitem>
