<?xml version="1.0" encoding="iso-8859-1" ?>
<newsitem itemid="619543" id="root" date="1997-05-28" xml:lang="en">
<title>UK: Transworld takes over Omnicare.</title>
<headline>Transworld takes over Omnicare.</headline>
<dateline>LONDON 1997-05-28</dateline>
<text>
<p>Transworld Home HealthCare (UK) Ltd said on Wednesday it had offered 167p per share in an agreed takeover of Omnicare Plc.</p>
<p>Transworld, a subsidiary of U.S. group Transworld Healthcare Inc, said the offer valued Omnicare at 19.79 million stg.</p>
<p>It said it had an irrevocable acceptance from Omnicare's major shareholder Stanton Industries Ltd for almost 36 percent of Omnicare and now owned or had acceptances for 50.83 percent of Omnicare's issued share capital.  </p>
<p>Omnicare said in April it had received a approach which might lead to a takeover bid.</p>
<p>Transworld said the acquisition offered growth potential because home healthcare in Britain was still at an early stage.</p>
<p>It said Omnicare would serve as a platform for more growth</p>
</text>
<copyright>(c) Reuters Limited 1997</copyright>
<metadata>
<codes class="bip:countries:1.0">
  <code code="UK">
    <editdetail attribution="Reuters BIP Coding Group" action="confirmed" date="1997-05-28"/>
  </code>
  <code code="USA">
    <editdetail attribution="Reuters BIP Coding Group" action="confirmed" date="1997-05-28"/>
  </code>
</codes>
<codes class="bip:industries:1.0">
  <code code="I95100">
    <editdetail attribution="Reuters BIP Coding Group" action="confirmed" date="1997-05-28"/>
  </code>
</codes>
<codes class="bip:topics:1.0">
  <code code="C18">
    <editdetail attribution="Reuters BIP Coding Group" action="confirmed" date="1997-05-28"/>
  </code>
  <code code="C181">
    <editdetail attribution="Reuters BIP Coding Group" action="confirmed" date="1997-05-28"/>
  </code>
  <code code="CCAT">
    <editdetail attribution="Reuters BIP Coding Group" action="confirmed" date="1997-05-28"/>
  </code>
</codes>
<dc element="dc.date.created" value="1997-05-28"/>
<dc element="dc.publisher" value="Reuters Holdings Plc"/>
<dc element="dc.date.published" value="1997-05-28"/>
<dc element="dc.source" value="Reuters"/>
<dc element="dc.creator.location" value="LONDON"/>
<dc element="dc.creator.location.country.name" value="UK"/>
<dc element="dc.source" value="Reuters"/>
</metadata>
</newsitem>
