<?xml version="1.0" encoding="iso-8859-1" ?>
<newsitem itemid="619561" id="root" date="1997-05-28" xml:lang="en">
<title>UK: Dollar dips in Europe as mark gains on crosses.</title>
<headline>Dollar dips in Europe as mark gains on crosses.</headline>
<text>
<p>LONDON, May 28 Reuter) - The dollar was weaker against the mark in late Europe, pressured by mark strength against its European satellites.</p>
<p>Nerves over the forthcoming final round of French elections and the growing prospect of an opposition Socialist win sent mark/French franc to near four-month highs above 3.38 francs.</p>
<p>&quot;The interpretation of the French election was a soft euro and soft mark but the market view is that has been overdone,&quot; said Claudio Demolli, foreign exchange analyst at Merrill Lynch in London. &quot;The old pattern of trouble in Europe helping the mark is reemerging.&quot;  </p>
<p>By 1535 GMT the dollar was trading at 1.6920/30 marks, down from an overnight high of 1.7071 marks and late Tuesday's European level of 1.7045/50 marks.</p>
<p>Against the yen, the dollar was also weaker at 115.44/54, well below its overnight high of 117.00 and down from 116.51/65 yen late Tuesday.</p>
<p>The dollar took little notice of a rise in U.S. April durable goods data slightly above expectations. April orders rose a headline 1.4 percent against a 1.3 percent rise forecast and a revised 2.2 percent drop in March. However, without transportation orders, April orders were only up 0.5 percent.  </p>
<p>Dollar/mark was hit earlier by rumours that Bundesbank President Hans Tietmeyer was set to resign, later denied by the Bundesbank.</p>
<p>&quot;The resignation rumours were clearly nonsense, but logic seems to have gone out of the window for the time being,&quot; said Julian Jessop, European economist at Nikko Europe.</p>
<p>The rumours and denial come before a Bundesbank statement at 1700 GMT on Germany's reserves revaluation plans. Bundesbank member Hans-Juergen Koebnick said the statement would be &quot;worth reading and brief&quot;. Koebnick said the statement would contain no surprises, &quot;although some may be surprised at it,&quot; he added.  </p>
<p>The dollar remained relatively steady against the Swiss franc, pressured by the weaker dollar/mark but finding support in the Swiss National Bank's efforts to offset recent Swiss franc strength.</p>
<p>The Swiss central bank continued to add liquidity to the money market, adding short-dated funds at one percent for the second day in a row earlier today.</p>
<p>Dollar/Swiss franc was trading at 1.4155/65 francs, off earlier highs of 1.4260 marks and just below late Tuesday's 1.4192/97 francs.</p>
<p>-- Andrew Reierson, London Newsroom +44 171 542 6745</p>
</text>
<copyright>(c) Reuters Limited 1997</copyright>
<metadata>
<codes class="bip:countries:1.0">
  <code code="UK">
    <editdetail attribution="Reuters BIP Coding Group" action="confirmed" date="1997-05-28"/>
  </code>
</codes>
<codes class="bip:topics:1.0">
  <code code="M13">
    <editdetail attribution="Reuters BIP Coding Group" action="confirmed" date="1997-05-28"/>
  </code>
  <code code="M132">
    <editdetail attribution="Reuters BIP Coding Group" action="confirmed" date="1997-05-28"/>
  </code>
  <code code="MCAT">
    <editdetail attribution="Reuters BIP Coding Group" action="confirmed" date="1997-05-28"/>
  </code>
</codes>
<dc element="dc.publisher" value="Reuters Holdings Plc"/>
<dc element="dc.date.published" value="1997-05-28"/>
<dc element="dc.source" value="Reuters"/>
<dc element="dc.creator.location.country.name" value="UK"/>
<dc element="dc.source" value="Reuters"/>
</metadata>
</newsitem>
