<?xml version="1.0" encoding="iso-8859-1" ?>
<newsitem itemid="619504" id="root" date="1997-05-28" xml:lang="en">
<title>UK: IPE Brent ends steady after day of consolidation.</title>
<headline>IPE Brent ends steady after day of consolidation.</headline>
<dateline>LONDON 1997-05-28</dateline>
<text>
<p>IPE Brent crude futures closed almost unchanged on Wednesday after a day of consolidation following Tuesday's sharp losses.</p>
<p>July Brent closed one cent up at $19.23 a barrel, having been lodged in a tight 25 cents range for the entire session. The contract shed 78 cents on Tuesday as investment funds liquidated their positions.</p>
<p>&quot;It's just holding stable around unchanged, it's just taking a bit of a breather after yesterday and waiting for the APIs,&quot; said one broker shortly before the close.</p>
<p>Earlier June gas oil closed $1.00 a tonne higher at $173.00.</p>
<p>In the last few hours of trading, July Brent came off a low of $19.09, tracking NYMEX crude which bounced off support at $20.65 a barrel.</p>
<p>&quot;It looked like there were stops at $20.65 on prompt WTI and the locals were good sellers, but it recovered from that level... and gasoline is holding up reasonably well too,&quot; said a broker.</p>
<p>Dealers said that the imminent release of weekly U.S. stocks data from the American Petroleum Institute (API) had stifled any bolder moves in the market.</p>
<p>Refinery capacity utilisation rates are expected to stay at or slightly below last week's high levels, showing oil product production is still running high, traders said.</p>
<p>This may pressure the gasoline market at a time when seasonal demand has failed to take its leading annual role, they said.</p>
<p>Together with foreign imports, high refinery runs are expected to ensure that the draw on gasoline stocks is only slight, despite expectations of a rise in gasoline consumption leading up to the three day Memorial Day weekend.</p>
<p>Estimates for crude inventories varied wildly with some traders expecting a draw of up to three million barrels and others predicting a build of the same amount.</p>
<p>Heating oil stocks were expected to show a build of around 1.6 million barrels.</p>
<p>--Rosalind Russell, London Newsroom +44 171 542 5387</p>
</text>
<copyright>(c) Reuters Limited 1997</copyright>
<metadata>
<codes class="bip:countries:1.0">
  <code code="UK">
    <editdetail attribution="Reuters BIP Coding Group" action="confirmed" date="1997-05-28"/>
  </code>
</codes>
<codes class="bip:topics:1.0">
  <code code="M14">
    <editdetail attribution="Reuters BIP Coding Group" action="confirmed" date="1997-05-28"/>
  </code>
  <code code="M143">
    <editdetail attribution="Reuters BIP Coding Group" action="confirmed" date="1997-05-28"/>
  </code>
  <code code="MCAT">
    <editdetail attribution="Reuters BIP Coding Group" action="confirmed" date="1997-05-28"/>
  </code>
</codes>
<dc element="dc.date.created" value="1997-05-28"/>
<dc element="dc.publisher" value="Reuters Holdings Plc"/>
<dc element="dc.date.published" value="1997-05-28"/>
<dc element="dc.source" value="Reuters"/>
<dc element="dc.creator.location" value="LONDON"/>
<dc element="dc.creator.location.country.name" value="UK"/>
<dc element="dc.source" value="Reuters"/>
</metadata>
</newsitem>
