<?xml version="1.0" encoding="iso-8859-1" ?>
<newsitem itemid="619530" id="root" date="1997-05-28" xml:lang="en">
<title>UK: Fund managers see mild UK impact from tobacco sale.</title>
<headline>Fund managers see mild UK impact from tobacco sale.</headline>
<dateline>LONDON 1997-05-28</dateline>
<text>
<p>Fund managers said on Wednesday they expect limited damage to British tobacco shares in the wake of a decision by Florida Pension fund trustees to order its portfolio managers to sell about $825 million of tobacco stocks.</p>
<p>&quot;I think that the risk is less for the British tobacco companies because the litigation environment here is less extreme. The perceived market risk must be lower,&quot; said Ian Carstairs, head of UK equities at Invesco Asset Management.</p>
<p>Of major British tobacco companies, Imperial Tobacco and soon-to-be-floated Gallaher have no U.S. exposure, while B.A.T. Industries is owner of US firm Brown &amp; Williamson.</p>
<p>&quot;Litigation was bad news 12 or 18 months ago, but I think it is largely factored into the prices now,&quot; said Mike Bishop, head of UK Equities at Gartmore Investment Management.</p>
<p>But Carstairs said that the Florida decision might have an effect if tobacco shares are hit in New York. &quot;I think to a large extent the UK on tobacco stocks takes its lead from the US.&quot;</p>
<p>He also took a cautious position on B.A.T. Industries. &quot;The trouble with litigation is that you never know what basis people are going to settle, so despite having a large business outside the US and a relatively small one in it you are still in the arena.&quot;</p>
<p>As yet there is no indication of British pension fund trustees considering similar moves, fund managers said. -- James Saft, London newsroom +171 542 2734</p>
</text>
<copyright>(c) Reuters Limited 1997</copyright>
<metadata>
<codes class="bip:countries:1.0">
  <code code="UK">
    <editdetail attribution="Reuters BIP Coding Group" action="confirmed" date="1997-05-28"/>
  </code>
  <code code="USA">
    <editdetail attribution="Reuters BIP Coding Group" action="confirmed" date="1997-05-28"/>
  </code>
</codes>
<codes class="bip:industries:1.0">
  <code code="I42900">
    <editdetail attribution="Reuters BIP Coding Group" action="confirmed" date="1997-05-28"/>
  </code>
  <code code="I83960">
    <editdetail attribution="Reuters BIP Coding Group" action="confirmed" date="1997-05-28"/>
  </code>
</codes>
<codes class="bip:topics:1.0">
  <code code="C12">
    <editdetail attribution="Reuters BIP Coding Group" action="confirmed" date="1997-05-28"/>
  </code>
  <code code="C15">
    <editdetail attribution="Reuters BIP Coding Group" action="confirmed" date="1997-05-28"/>
  </code>
  <code code="C152">
    <editdetail attribution="Reuters BIP Coding Group" action="confirmed" date="1997-05-28"/>
  </code>
  <code code="CCAT">
    <editdetail attribution="Reuters BIP Coding Group" action="confirmed" date="1997-05-28"/>
  </code>
  <code code="GCAT">
    <editdetail attribution="Reuters BIP Coding Group" action="confirmed" date="1997-05-28"/>
  </code>
  <code code="GCRIM">
    <editdetail attribution="Reuters BIP Coding Group" action="confirmed" date="1997-05-28"/>
  </code>
</codes>
<dc element="dc.date.created" value="1997-05-28"/>
<dc element="dc.publisher" value="Reuters Holdings Plc"/>
<dc element="dc.date.published" value="1997-05-28"/>
<dc element="dc.source" value="Reuters"/>
<dc element="dc.creator.location" value="LONDON"/>
<dc element="dc.creator.location.country.name" value="UK"/>
<dc element="dc.source" value="Reuters"/>
</metadata>
</newsitem>
