<?xml version="1.0" encoding="iso-8859-1" ?>
<newsitem itemid="619566" id="root" date="1997-05-28" xml:lang="en">
<title>UK: Union de Credit pour le Batiment sets FRF bond.</title>
<headline>Union de Credit pour le Batiment sets FRF bond.</headline>
<dateline>LONDON 1997-05-28</dateline>
<text>
<p>The following bond was announced by joint lead managers CNCA and Goldman Sachs.</p>
<p> BORROWER   UNION DE CREDIT POUR LE BATIMENT DOMOS 2</p>
<p>TRANCHE A</p>
<p> AMT    2.2 BLN FRF   COUPON     3MP+10 BP MATURITY    25.MAR.15</p>
<p> TYPE	 STRAIGHT  ISS PRICE  =	   PAY DATE    25.MAR.97</p>
<p> FULL FEES  15 BP     REOFFER    PAR	 MOODY	 AAA</p>
<p> RANK	 SENIOR</p>
<p>TRANCHE B</p>
<p> AMT    82.9 MLN	COUPON     3MP+37.5  MATURITY    25.MAR.15</p>
<p> MOODY  A3		RANK   SUBORDINATED  REOFFER     PAR</p>
<p>COMMON TERMS</p>
<p>PAY DATE 09.JUN.97 LONG FIRST COUPON</p>
<p>    LISTING PARIS	LAW  FRENCH     DENOMS  10</p>
<p>    NEG PLG    NO	CRS DEFLT  NO   FORCE MAJ   YES</p>
<p>NOTES</p>
<p>SOLE LEAD ON TRANCHE B IS SUMITOMO FINANCE</p>
<p>-- London Newsroom +44 171 542 7718</p>
</text>
<copyright>(c) Reuters Limited 1997</copyright>
<metadata>
<codes class="bip:countries:1.0">
  <code code="FRA">
    <editdetail attribution="Reuters BIP Coding Group" action="confirmed" date="1997-05-28"/>
  </code>
  <code code="UK">
    <editdetail attribution="Reuters BIP Coding Group" action="confirmed" date="1997-05-28"/>
  </code>
</codes>
<codes class="bip:industries:1.0">
  <code code="I81501">
    <editdetail attribution="Reuters BIP Coding Group" action="confirmed" date="1997-05-28"/>
  </code>
  <code code="I8150103">
    <editdetail attribution="Reuters BIP Coding Group" action="confirmed" date="1997-05-28"/>
  </code>
</codes>
<codes class="bip:topics:1.0">
  <code code="C17">
    <editdetail attribution="Reuters BIP Coding Group" action="confirmed" date="1997-05-28"/>
  </code>
  <code code="C172">
    <editdetail attribution="Reuters BIP Coding Group" action="confirmed" date="1997-05-28"/>
  </code>
  <code code="CCAT">
    <editdetail attribution="Reuters BIP Coding Group" action="confirmed" date="1997-05-28"/>
  </code>
</codes>
<dc element="dc.date.created" value="1997-05-28"/>
<dc element="dc.publisher" value="Reuters Holdings Plc"/>
<dc element="dc.date.published" value="1997-05-28"/>
<dc element="dc.source" value="Reuters"/>
<dc element="dc.creator.location" value="LONDON"/>
<dc element="dc.creator.location.country.name" value="UK"/>
<dc element="dc.source" value="Reuters"/>
</metadata>
</newsitem>
