<?xml version="1.0" encoding="iso-8859-1" ?>
<newsitem itemid="619526" id="root" date="1997-05-28" xml:lang="en">
<title>UK: NWE gasoline flat, barges trade at $204-$205.50.</title>
<headline>NWE gasoline flat, barges trade at $204-$205.50.</headline>
<dateline>LONDON 1997-05-28</dateline>
<text>
<p>NWE gasoline prices held stable on Wednesday after Tuesday's sharp falls and dealers said supplies were relatively tight.</p>
<p>Eurograde barges traded at $204 and $205 fob Amsterdam-Rotterdam for storage-origin material while running refinery product changed hands at $205 and $205.50, around a dollar above the value of June swaps.</p>
<p>A French refiner was heard to have bought a 10,000 tonne cargo of Eurograde gasoline at a quotes-related price but no more details were known.</p>
<p>Arbitrage opportunities to the United States were not considered workable because of the lack of cargo-sized pieces in Northwest Europe, and also due to the strongly backwardated market in the U.S.</p>
<p>Eurograde cargoes were pegged notionally around $213/$216 cif Hamburg, but this market was thinly discussed.</p>
<p>-- London newsroom +44 171 542 8167</p>
</text>
<copyright>(c) Reuters Limited 1997</copyright>
<metadata>
<codes class="bip:countries:1.0">
  <code code="UK">
    <editdetail attribution="Reuters BIP Coding Group" action="confirmed" date="1997-05-28"/>
  </code>
</codes>
<codes class="bip:topics:1.0">
  <code code="M14">
    <editdetail attribution="Reuters BIP Coding Group" action="confirmed" date="1997-05-28"/>
  </code>
  <code code="M143">
    <editdetail attribution="Reuters BIP Coding Group" action="confirmed" date="1997-05-28"/>
  </code>
  <code code="MCAT">
    <editdetail attribution="Reuters BIP Coding Group" action="confirmed" date="1997-05-28"/>
  </code>
</codes>
<dc element="dc.date.created" value="1997-05-28"/>
<dc element="dc.publisher" value="Reuters Holdings Plc"/>
<dc element="dc.date.published" value="1997-05-28"/>
<dc element="dc.source" value="Reuters"/>
<dc element="dc.creator.location" value="LONDON"/>
<dc element="dc.creator.location.country.name" value="UK"/>
<dc element="dc.source" value="Reuters"/>
</metadata>
</newsitem>
