<?xml version="1.0" encoding="iso-8859-1" ?>
<newsitem itemid="619536" id="root" date="1997-05-28" xml:lang="en">
<title>UK: Late bond market prices.</title>
<headline>Late bond market prices.</headline>
<dateline>LONDON 1997-05-28</dateline>
<text>
<p>This is how major world bond markets were trading in late European business on Wednesday.</p>
<p>GERMANY - Bunds and futures recovered in late trade to post gains ahead of a long holiday weekend but traders said concerns about the future of European monetary union still weighed on the market. The June Bund future on the London International Financial Futures and Options Exchange (LIFFE) was trading at 100.96, up 0.20 from Tuesday's settlement price.</p>
<p>BRITAIN - Gilts steadied off the day's lows after tracking Bunds lower for much of the session and ended just 2/32 lower on the day. Rumours that Bundesbank president Hans Tietmeyer had resigned or planned to resign unsettled markets until the Bundesbank said the rumours had absolutely no basis in fact. The June long gilt future on LIFFE was trading at 112-17/32, up 05/32 from Tuesday's settlement price.</p>
<p>FRANCE - Bond futures finished MATIF trading lower amid market talk of private opinion polls showing the left well placed ahead of Sunday's election runoff and weakness in the German bond market. The June bond future on the MATIF in Paris settled at 128.16, down 0.28 from Tuesday's settlement price.</p>
<p>ITALY - Bonds and futures ended weaker as a wave of selling hit European high-yielders and the lira. Traders said the impetus came from abroad and reflected nervousness over EMU with market rumours abounding. The June bond future on LIFFE was trading at 129.17, down 0.65 from Tuesday's settlement price.</p>
<p>UNITED STATES - U.S. Treasury securities started on a weak footing, dragged down after European bonds dipped on French election worries. The June Treasury bond future on the Chicago Board of Trade was trading at 109-02/32, up 11/32 from Tuesday's settlement price. The long bond was quoted to yield 7.0 percent.</p>
<p>JAPAN - The key June 10-year Japanese government bond futures contract ended sharply lower due to new ratings by Standard &amp; Poor's of second-tier life insurers and a sharp rise in interest rate swap (IRS) rates. In after hours trading the June future on LIFFE was trading at 122.51, down 0.74 from Tuesday's settlement price on the Tokyo Stock Exchange.</p>
<p>EUROBONDS - The primary market saw more mainstream activity following a focus on the emerging market sector on Tuesday. Associates Corp raised $500 million over 10-years while British Columbia also raised $500 million over 10-years. The EIB set a 250 million stg December 2006 fungible bond. Cerinvest set a 60 million euro December 2002 bond.</p>
</text>
<copyright>(c) Reuters Limited 1997</copyright>
<metadata>
<codes class="bip:countries:1.0">
  <code code="FRA">
    <editdetail attribution="Reuters BIP Coding Group" action="confirmed" date="1997-05-28"/>
  </code>
  <code code="GFR">
    <editdetail attribution="Reuters BIP Coding Group" action="confirmed" date="1997-05-28"/>
  </code>
  <code code="ITALY">
    <editdetail attribution="Reuters BIP Coding Group" action="confirmed" date="1997-05-28"/>
  </code>
  <code code="JAP">
    <editdetail attribution="Reuters BIP Coding Group" action="confirmed" date="1997-05-28"/>
  </code>
  <code code="UK">
    <editdetail attribution="Reuters BIP Coding Group" action="confirmed" date="1997-05-28"/>
  </code>
  <code code="USA">
    <editdetail attribution="Reuters BIP Coding Group" action="confirmed" date="1997-05-28"/>
  </code>
</codes>
<codes class="bip:topics:1.0">
  <code code="M12">
    <editdetail attribution="Reuters BIP Coding Group" action="confirmed" date="1997-05-28"/>
  </code>
  <code code="MCAT">
    <editdetail attribution="Reuters BIP Coding Group" action="confirmed" date="1997-05-28"/>
  </code>
</codes>
<dc element="dc.date.created" value="1997-05-28"/>
<dc element="dc.publisher" value="Reuters Holdings Plc"/>
<dc element="dc.date.published" value="1997-05-28"/>
<dc element="dc.source" value="Reuters"/>
<dc element="dc.creator.location" value="LONDON"/>
<dc element="dc.creator.location.country.name" value="UK"/>
<dc element="dc.source" value="Reuters"/>
</metadata>
</newsitem>
