<?xml version="1.0" encoding="iso-8859-1" ?>
<newsitem itemid="619525" id="root" date="1997-05-28" xml:lang="en">
<title>UK: LIFFE wheat down on old crop supplies, CBOT, stg.</title>
<headline>LIFFE wheat down on old crop supplies, CBOT, stg.</headline>
<dateline>LONDON 1997-05-28</dateline>
<text>
<p>LIFFE wheat fell in moderate volume, with old crop hit by abundant supplies, new crop by US markets and both affected by a strong sterling.</p>
<p>Total volume was an unexciting 435 lots, an improvement on Tuesday's 21.</p>
<p>July had the biggest fall, last trading 2.20 stg lower at 87.50 stg. July volume was 59 lots.</p>
<p>But November was most active, with 149 lots done. It last traded 0.60 stg lower at 93.00 stg.</p>
<p>&quot;There's still grain coming out and we've got 100,000 tonnes in store,&quot; one trader said, to explain the old crop fall. He also cited some liquidation by merchants as a factor.</p>
<p>The new crop followed Chicago lower, helped by some shipper sales, he said.</p>
<p>On Tuesday, CBOT soft red winter wheat futures closed lower on rain over the weekend in the U.S. Great Plains hard red winter wheat region, traders said.</p>
<p>LIFFE barley also fell, with January most active on 10 of a total 14 lots. It last traded 0.10 stg lower at 92.50 stg.</p>
<p>--Christopher Lyddon, London newsroom +44 171 542 7928</p>
</text>
<copyright>(c) Reuters Limited 1997</copyright>
<metadata>
<codes class="bip:countries:1.0">
  <code code="UK">
    <editdetail attribution="Reuters BIP Coding Group" action="confirmed" date="1997-05-28"/>
  </code>
</codes>
<codes class="bip:topics:1.0">
  <code code="M14">
    <editdetail attribution="Reuters BIP Coding Group" action="confirmed" date="1997-05-28"/>
  </code>
  <code code="M141">
    <editdetail attribution="Reuters BIP Coding Group" action="confirmed" date="1997-05-28"/>
  </code>
  <code code="MCAT">
    <editdetail attribution="Reuters BIP Coding Group" action="confirmed" date="1997-05-28"/>
  </code>
</codes>
<dc element="dc.date.created" value="1997-05-28"/>
<dc element="dc.publisher" value="Reuters Holdings Plc"/>
<dc element="dc.date.published" value="1997-05-28"/>
<dc element="dc.source" value="Reuters"/>
<dc element="dc.creator.location" value="LONDON"/>
<dc element="dc.creator.location.country.name" value="UK"/>
<dc element="dc.source" value="Reuters"/>
</metadata>
</newsitem>
