<?xml version="1.0" encoding="iso-8859-1" ?>
<newsitem itemid="619535" id="root" date="1997-05-28" xml:lang="en">
<title>UK: Hiscox wins syndicate merger approval.</title>
<headline>Hiscox wins syndicate merger approval.</headline>
<dateline>LONDON 1997-05-28</dateline>
<text>
<p>Lloyd's of London insurance group, Hiscox Plc on Wednesday said it had received overwhelming support for plans to merge its syndicates into one fully integrated entity with capacity of 360 million pounds ($587.2 million).</p>
<p>The company's chairman Robert Hiscox also said that it was planning to join the full stock exchange in July, helping to widen investment in the group by institutions.</p>
<p>Hiscox is currently listed on the the alternative investment market (AIM).</p>
<p>The company's results will be released next week.</p>
<p>Over 98 percent of syndicate members who voted supported the proposals to merge syndicates 33, 52 and 625 at an extraordinary meeting on Tuesday.</p>
<p>The merged syndicate will trade from the 1998 year of account. In 1997 the syndicate would have been the second largest trading in the Lloyd's insurance market.</p>
<p>&quot;We are delighted with the endorsement of the merger by members of the syndicates. Our Lloyd's business will now be one cohesive fighting machine which will strive to be the best with renewed vigour,&quot; said chairman Robert Hiscox.</p>
<p>Hiscox believes the move will lead to increased returns and reduced costs to members.</p>
<p>It also gives the syndicate more flexibility to underwrite bigger lines within its chosen areas of business and attract &quot;Running three businesses with separate capital bases and keeping underwriting separate is relatively complicated and expensive and there will be savings,&quot; said Hiscox.</p>
<p>However, the main driver was the attraction of being a composite syndicate, he said.</p>
<p>&quot;Being able to offer marine and non-marine insurance to one client and the full array of talents in one policy from contract frustration, political risk, cargo or confiscation is much better for us.&quot;</p>
<p>But he said that no decision had been made on whether to buy out Names -- the traditional backers of the market -- after the group applied to the market's ruling council for permission to do so earlier this year.</p>
<p>Hiscox said the move was a precaution made to keep its options open.</p>
<p>There were savings to be made and advantages to having one source of capital supplying both its Lloyd's business and its insurance company.</p>
<p>But in order to replace the Names capacity the company would have to put up around 150 million pounds and he said the company recognised the advantages of the current situation.</p>
<p>-- Simon Cowell, London Newsroom +44 171 542 7721 ($ = 0.613 British Pounds)</p>
</text>
<copyright>(c) Reuters Limited 1997</copyright>
<metadata>
<codes class="bip:countries:1.0">
  <code code="UK">
    <editdetail attribution="Reuters BIP Coding Group" action="confirmed" date="1997-05-28"/>
  </code>
</codes>
<codes class="bip:industries:1.0">
  <code code="I81502">
    <editdetail attribution="Reuters BIP Coding Group" action="confirmed" date="1997-05-28"/>
  </code>
  <code code="I8150206">
    <editdetail attribution="Reuters BIP Coding Group" action="confirmed" date="1997-05-28"/>
  </code>
</codes>
<codes class="bip:topics:1.0">
  <code code="C11">
    <editdetail attribution="Reuters BIP Coding Group" action="confirmed" date="1997-05-28"/>
  </code>
  <code code="C18">
    <editdetail attribution="Reuters BIP Coding Group" action="confirmed" date="1997-05-28"/>
  </code>
  <code code="C181">
    <editdetail attribution="Reuters BIP Coding Group" action="confirmed" date="1997-05-28"/>
  </code>
  <code code="CCAT">
    <editdetail attribution="Reuters BIP Coding Group" action="confirmed" date="1997-05-28"/>
  </code>
</codes>
<dc element="dc.date.created" value="1997-05-28"/>
<dc element="dc.publisher" value="Reuters Holdings Plc"/>
<dc element="dc.date.published" value="1997-05-28"/>
<dc element="dc.source" value="Reuters"/>
<dc element="dc.creator.location" value="LONDON"/>
<dc element="dc.creator.location.country.name" value="UK"/>
<dc element="dc.source" value="Reuters"/>
</metadata>
</newsitem>
