<?xml version="1.0" encoding="iso-8859-1" ?>
<newsitem itemid="619509" id="root" date="1997-05-28" xml:lang="en">
<title>UK: NWE oil products end mostly flat but fuel gains.</title>
<headline>NWE oil products end mostly flat but fuel gains.</headline>
<dateline>LONDON 1997-05-28</dateline>
<text>
<p>NWE oil products ended steady to firmer on Wednesday.</p>
<p>Gasoline was flat and Eurograde barges traded between $204 and $205.50 fob ARA.</p>
<p>Naphtha was unchanged. EGPC's latest six month tender from Suez and Alexandria closed.</p>
<p>Gas oil pared Tuesday's losses as June IPE gas oil futures recuperated from their $5.75 fall. Heating oil barges traded at June IPE +$1.25 and +$1.50 fob ARA and +$1.75 for fob Rotterdam.</p>
<p>High sulphur barges lifted to $80/$81 on better bunker demand. Cargo markets failed to respond to the Portuguese utility company tender, heard won by a Portuguese refiner and Italian trader. Low sulphur was offered at $96 a tonne fob.</p>
<p>-- London newsroom +44 171 542 8167</p>
</text>
<copyright>(c) Reuters Limited 1997</copyright>
<metadata>
<codes class="bip:countries:1.0">
  <code code="UK">
    <editdetail attribution="Reuters BIP Coding Group" action="confirmed" date="1997-05-28"/>
  </code>
</codes>
<codes class="bip:topics:1.0">
  <code code="M14">
    <editdetail attribution="Reuters BIP Coding Group" action="confirmed" date="1997-05-28"/>
  </code>
  <code code="M143">
    <editdetail attribution="Reuters BIP Coding Group" action="confirmed" date="1997-05-28"/>
  </code>
  <code code="MCAT">
    <editdetail attribution="Reuters BIP Coding Group" action="confirmed" date="1997-05-28"/>
  </code>
</codes>
<dc element="dc.date.created" value="1997-05-28"/>
<dc element="dc.publisher" value="Reuters Holdings Plc"/>
<dc element="dc.date.published" value="1997-05-28"/>
<dc element="dc.source" value="Reuters"/>
<dc element="dc.creator.location" value="LONDON"/>
<dc element="dc.creator.location.country.name" value="UK"/>
<dc element="dc.source" value="Reuters"/>
</metadata>
</newsitem>
