<?xml version="1.0" encoding="iso-8859-1" ?>
<newsitem itemid="619524" id="root" date="1997-05-28" xml:lang="en">
<title>UK: BP/Statoil plan resuming Nigeria drilling mid-1998.</title>
<headline>BP/Statoil plan resuming Nigeria drilling mid-1998.</headline>
<dateline>LONDON 1997-05-28</dateline>
<text>
<p>British Petroleum Plc and Norway's Statoil plan to resume exploration drilling in deep waters offshore Nigeria in the middle of next year despite modest results from an initial five-well programme, BP said on Wednesday.</p>
<p>Results from five wells in water depths of 500-800 metres had proved &quot;modest, but they do not alter our plans to fully explore the deeper water prospects in the acreage,&quot; a BP spokesman said.</p>
<p>Three discoveries were made but none were considered commercial under current circumstances, the spokesman said.</p>
<p>The BP-Statoil alliance, working in Nigeria since 1992, expected to move into deeper waters, possibly to 1,500 metres, for the next phase of their programme.</p>
<p>Drilling staff are being returned from Nigeria after a 3-D seismic survey covering 2,600 square kilometres which must now be evaluated.</p>
<p>Statoil is operator of the exploration license interests in Nigeria which constitute four offshore blocks.</p>
<p>-- London newsroom +44 171 542 6280</p>
</text>
<copyright>(c) Reuters Limited 1997</copyright>
<metadata>
<codes class="bip:countries:1.0">
  <code code="NIGEA">
    <editdetail attribution="Reuters BIP Coding Group" action="confirmed" date="1997-05-28"/>
  </code>
  <code code="NORW">
    <editdetail attribution="Reuters BIP Coding Group" action="confirmed" date="1997-05-28"/>
  </code>
  <code code="UK">
    <editdetail attribution="Reuters BIP Coding Group" action="confirmed" date="1997-05-28"/>
  </code>
</codes>
<codes class="bip:industries:1.0">
  <code code="I13000">
    <editdetail attribution="Reuters BIP Coding Group" action="confirmed" date="1997-05-28"/>
  </code>
  <code code="I1300003">
    <editdetail attribution="Reuters BIP Coding Group" action="confirmed" date="1997-05-28"/>
  </code>
</codes>
<codes class="bip:topics:1.0">
  <code code="C24">
    <editdetail attribution="Reuters BIP Coding Group" action="confirmed" date="1997-05-28"/>
  </code>
  <code code="CCAT">
    <editdetail attribution="Reuters BIP Coding Group" action="confirmed" date="1997-05-28"/>
  </code>
</codes>
<dc element="dc.date.created" value="1997-05-28"/>
<dc element="dc.publisher" value="Reuters Holdings Plc"/>
<dc element="dc.date.published" value="1997-05-28"/>
<dc element="dc.source" value="Reuters"/>
<dc element="dc.creator.location" value="LONDON"/>
<dc element="dc.creator.location.country.name" value="UK"/>
<dc element="dc.source" value="Reuters"/>
</metadata>
</newsitem>
