<?xml version="1.0" encoding="iso-8859-1" ?>
<newsitem itemid="619544" id="root" date="1997-05-28" xml:lang="en">
<title>UK: Ofgas decision on discount pricing met with &quot;shock&quot;.</title>
<headline>Ofgas decision on discount pricing met with &quot;shock&quot;.</headline>
<dateline>LONDON 1997-05-28</dateline>
<text>
<p>Calortex, a partnership between Calor Gas and Texaco Inc, said on Wednesday that it had greeted with &quot;shock and disappointment&quot; the decision by UK gas industry regulator Ofgas to allow discount pricing by British Gas Trading</p>
<p>BGT launched its ValuePlus scheme in early March in the first pilot area to be opened to domestic gas competition, covering the south western counties of Devon, Cornwall and Somerset.</p>
<p>It offers a discount of 12 percent off the standard gas tariff to customers who pay by direct debit, an increase on the normal 6 percent discount automatically offered to direct debit customers.</p>
<p>Under the 1995 Gas Act, the monopoly holder can only cut prices to meet &quot;established competition,&quot; so Ofgas' decision means it accepts that effective competition is now in place in the pilot area.</p>
<p>But Calortex said in a statemet it is the leading independent domestic mains gas supplier in the area, and has only 8 percent of customers there.</p>
<p>This compares with BGT's 80 percent market share, the company said, adding that it sees ValuePlus as &quot;a deliberate attempt by the former monopoly supplier to strangle competition and long-term customer choice.&quot;</p>
<p>&quot;We strongly believe that ValuePlus is a predatory pricing technique, which is also highly discriminatory and represents the very worst of 'cherry picking,'&quot; said Neil Lambert, joint General Manger of Calortex.</p>
<p>&quot;This decision from Ofgas appears to demonstrate a U-turn on its previous policy of encouraging competition in the mains gas market and to fly in the face of the Regulator's obligations under the Gas Act to secure effective competition.&quot;</p>
<p>Lambert added that competition cannot be said to have been established until at least 50 percent of the market is supplied by competitors to BGT.</p>
<p>&quot;We are totally bemused as to the logic of this decision. With in excess of 12 independent companies sharing only 20 percent of the total market in the South West, in no way can competition be said to be established.&quot;</p>
<p>-- London Newsroom, +44 171 542 6412</p>
</text>
<copyright>(c) Reuters Limited 1997</copyright>
<metadata>
<codes class="bip:countries:1.0">
  <code code="UK">
    <editdetail attribution="Reuters BIP Coding Group" action="confirmed" date="1997-05-28"/>
  </code>
</codes>
<codes class="bip:industries:1.0">
  <code code="I13000">
    <editdetail attribution="Reuters BIP Coding Group" action="confirmed" date="1997-05-28"/>
  </code>
  <code code="I1300003">
    <editdetail attribution="Reuters BIP Coding Group" action="confirmed" date="1997-05-28"/>
  </code>
  <code code="I14000">
    <editdetail attribution="Reuters BIP Coding Group" action="confirmed" date="1997-05-28"/>
  </code>
  <code code="I16000">
    <editdetail attribution="Reuters BIP Coding Group" action="confirmed" date="1997-05-28"/>
  </code>
  <code code="I16200">
    <editdetail attribution="Reuters BIP Coding Group" action="confirmed" date="1997-05-28"/>
  </code>
  <code code="I61000">
    <editdetail attribution="Reuters BIP Coding Group" action="confirmed" date="1997-05-28"/>
  </code>
</codes>
<codes class="bip:topics:1.0">
  <code code="C13">
    <editdetail attribution="Reuters BIP Coding Group" action="confirmed" date="1997-05-28"/>
  </code>
  <code code="C31">
    <editdetail attribution="Reuters BIP Coding Group" action="confirmed" date="1997-05-28"/>
  </code>
  <code code="C34">
    <editdetail attribution="Reuters BIP Coding Group" action="confirmed" date="1997-05-28"/>
  </code>
  <code code="CCAT">
    <editdetail attribution="Reuters BIP Coding Group" action="confirmed" date="1997-05-28"/>
  </code>
</codes>
<dc element="dc.date.created" value="1997-05-28"/>
<dc element="dc.publisher" value="Reuters Holdings Plc"/>
<dc element="dc.date.published" value="1997-05-28"/>
<dc element="dc.source" value="Reuters"/>
<dc element="dc.creator.location" value="LONDON"/>
<dc element="dc.creator.location.country.name" value="UK"/>
<dc element="dc.source" value="Reuters"/>
</metadata>
</newsitem>
