<?xml version="1.0" encoding="iso-8859-1" ?>
<newsitem itemid="619510" id="root" date="1997-05-28" xml:lang="en">
<title>UK: Yeast cell gene map advances cause of science.</title>
<headline>Yeast cell gene map advances cause of science.</headline>
<dateline>LONDON 1997-05-28</dateline>
<text>
<p>Scientists said on Wednesday they had found every single gene in a yeast cell in what they described as a significant achievement that can help advance medicine and genetics.</p>
<p>The one-celled brewer's yeast, Saccharomyces cerevisae, is the closest relative to humans to have its genes all counted and accounted for. The others are bacteria.</p>
<p>&quot;This achievement is the result of a tremendous effort, in which over 600 scientists from 96 laboratories participated in a worldwide programme...over a period of several years,&quot; Rebecca Clayton and colleagues at The Institute for Genomic Research in Rockville, Maryland, wrote in a commentary in the science journal Nature.</p>
<p>The map of the collection of yeast genes, which are known as a genome, is published with this week's Nature.</p>
<p>It is significant in that it represents a eukaryote - an organism whose cell or cells have a nucleus. This domain includes humans and other animals, plants, yeast, some fungi and slime moulds.</p>
<p>&quot;The yeast genome will be used as the reference genome for all eukaryotes, including humans,&quot; Clayton's group wrote.</p>
<p>There will be many genes that yeast and people have in common, Clayton said in a telephone interview. This can be a useful reference for geneticists looking for ways to treat genetic disease, for instance.</p>
<p>&quot;Physiologically yeast does a lot of the same things that human cells do,&quot; she said.</p>
<p>&quot;Some of the basic physiological processes would be there. We certainly share some cell division similarities (and) how we derive energy from things like sugar. Basic energy needs are very similar across all cellular organisms.&quot;</p>
<p>While humans have about 80,000 genes -- this genome is still being mapped -- the yeast has 6,000, Clayton said. About a third of these have no known function.</p>
<p>&quot;These 'orphan' genes are a vast virgin territory to geneticists and protein chemists,&quot; they wrote.</p>
<p>&quot;It's like discovering an unknown continent,&quot; Clayton added.</p>
<p>She said many questions remained.</p>
<p>&quot;Is there a core set of genes for all organisms? Can any organism be considered a 'model' system?&quot; they asked in the commentary.</p>
</text>
<copyright>(c) Reuters Limited 1997</copyright>
<metadata>
<codes class="bip:countries:1.0">
  <code code="UK">
    <editdetail attribution="Reuters BIP Coding Group" action="confirmed" date="1997-05-28"/>
  </code>
</codes>
<codes class="bip:topics:1.0">
  <code code="GCAT">
    <editdetail attribution="Reuters BIP Coding Group" action="confirmed" date="1997-05-28"/>
  </code>
  <code code="GSCI">
    <editdetail attribution="Reuters BIP Coding Group" action="confirmed" date="1997-05-28"/>
  </code>
</codes>
<dc element="dc.date.created" value="1997-05-28"/>
<dc element="dc.publisher" value="Reuters Holdings Plc"/>
<dc element="dc.date.published" value="1997-05-28"/>
<dc element="dc.source" value="Reuters"/>
<dc element="dc.creator.location" value="LONDON"/>
<dc element="dc.creator.location.country.name" value="UK"/>
<dc element="dc.source" value="Reuters"/>
</metadata>
</newsitem>
