<?xml version="1.0" encoding="iso-8859-1" ?>
<newsitem itemid="619557" id="root" date="1997-05-28" xml:lang="en">
<title>UK: Bookies expecct even higher Halifax share price.</title>
<headline>Bookies expecct even higher Halifax share price.</headline>
<dateline>LONDON 1997-05-28</dateline>
<text>
<p>The grey market in Halifax Building Society shares rose to new heights on Wednesday, with London financial bookmakers quoting the closing price on its first day of trading at 740-750 pence.</p>
<p>&quot;We have been trading the market for over two weeks and all we have seen are bulls, with buyers outnumbering sellers by 10 to one,&quot; Dave Morrison of City Index said in a statement.</p>
<p>Halifax, Britain's largest mortgage lender, is expected to convert to a publicly listed company on Monday June 2. On Tuesday it said 23 percent of its flotation shares would be sold by members in an initial auction to institutional shareholders.</p>
<p>&quot;After the success of the Alliance &amp; Leicester flotation, our clients are expecting Halifax shares to close over seven pounds. Our current quotation is 7.40-7.50 pounds ($12.23),&quot; he added.</p>
<p>In January, the Halifax estimated its shares would be priced at between 390 and 450 pence. Last month it set a 415 pence floor value on the shares sold via its free dealing service on flotation.</p>
<p>Around two-thirds of Halifax members -- the savers and borrowers with the mutual building society -- will receive the basic 200 shares windfall. They will receive additional shares based on their levels of savings.</p>
<p>At the top of City Index's levels, the average payout to Halifax's members would be around 2,300 pounds, around 1000 pounds more than the society's initial forecast in January.</p>
<p>This would also value the group, which is ditching its mutual status in favour of the public flotation and joining the ranks of Britain's banks, at nearly 19.0 billion pounds and rank it among Britain's top-ten largest companies. ($ = 0.613 British Pounds)</p>
</text>
<copyright>(c) Reuters Limited 1997</copyright>
<metadata>
<codes class="bip:countries:1.0">
  <code code="UK">
    <editdetail attribution="Reuters BIP Coding Group" action="confirmed" date="1997-05-28"/>
  </code>
</codes>
<codes class="bip:industries:1.0">
  <code code="I81501">
    <editdetail attribution="Reuters BIP Coding Group" action="confirmed" date="1997-05-28"/>
  </code>
  <code code="I8150103">
    <editdetail attribution="Reuters BIP Coding Group" action="confirmed" date="1997-05-28"/>
  </code>
</codes>
<codes class="bip:topics:1.0">
  <code code="C14">
    <editdetail attribution="Reuters BIP Coding Group" action="confirmed" date="1997-05-28"/>
  </code>
  <code code="C15">
    <editdetail attribution="Reuters BIP Coding Group" action="confirmed" date="1997-05-28"/>
  </code>
  <code code="C152">
    <editdetail attribution="Reuters BIP Coding Group" action="confirmed" date="1997-05-28"/>
  </code>
  <code code="C17">
    <editdetail attribution="Reuters BIP Coding Group" action="confirmed" date="1997-05-28"/>
  </code>
  <code code="C171">
    <editdetail attribution="Reuters BIP Coding Group" action="confirmed" date="1997-05-28"/>
  </code>
  <code code="CCAT">
    <editdetail attribution="Reuters BIP Coding Group" action="confirmed" date="1997-05-28"/>
  </code>
</codes>
<dc element="dc.date.created" value="1997-05-28"/>
<dc element="dc.publisher" value="Reuters Holdings Plc"/>
<dc element="dc.date.published" value="1997-05-28"/>
<dc element="dc.source" value="Reuters"/>
<dc element="dc.creator.location" value="LONDON"/>
<dc element="dc.creator.location.country.name" value="UK"/>
<dc element="dc.source" value="Reuters"/>
</metadata>
</newsitem>
