<?xml version="1.0" encoding="iso-8859-1" ?>
<newsitem itemid="619549" id="root" date="1997-05-28" xml:lang="en">
<title>UK: B.A.T plays down Florida fund decision.</title>
<headline>B.A.T plays down Florida fund decision.</headline>
<dateline>LONDON 1997-05-28</dateline>
<text>
<p>Tobacco to insurance group B.A.T Industries, owners of U.S. tobacco manufacturer Brown &amp; Williamson, played down a decision by Florida pension fund trustees to order its portfolio managers to sell about $825 million of tobacco stocks from its retirement fund.</p>
<p>&quot;This does not represent a new development there were similar moves last year by other states, although we see it as part of the process of the State of Florida trying to apply pressure on the industry,&quot; said a B.A.T spokesman.  </p>
<p>Robert Milligan, state Comptroller voted against the divestment saying the move was political, but he was defeated two to one on the three member board of trustees.</p>
<p>In August the state of Florida goes to trial against U.S. cigarette companies, in an effort to recover $1 billion or more in Medicaid costs incurred by Florida from tobacco related illnesses.</p>
<p>Maryland's pension funds have exited tobacco stocks, New York has frozen its tobacco holdings in some state pension funds. Texas has purged one of its state-worker pension accounts of tobacco stock and the large New York State Teachers Retirement Fund is shying away from tobacco companies.</p>
<p>B.A.T shares, traded in London, were 3p lower at 559p.</p>
<p>-- London newsroom +44 171 542 7717</p>
</text>
<copyright>(c) Reuters Limited 1997</copyright>
<metadata>
<codes class="bip:countries:1.0">
  <code code="UK">
    <editdetail attribution="Reuters BIP Coding Group" action="confirmed" date="1997-05-28"/>
  </code>
  <code code="USA">
    <editdetail attribution="Reuters BIP Coding Group" action="confirmed" date="1997-05-28"/>
  </code>
</codes>
<codes class="bip:industries:1.0">
  <code code="I83960">
    <editdetail attribution="Reuters BIP Coding Group" action="confirmed" date="1997-05-28"/>
  </code>
</codes>
<codes class="bip:topics:1.0">
  <code code="C15">
    <editdetail attribution="Reuters BIP Coding Group" action="confirmed" date="1997-05-28"/>
  </code>
  <code code="C152">
    <editdetail attribution="Reuters BIP Coding Group" action="confirmed" date="1997-05-28"/>
  </code>
  <code code="CCAT">
    <editdetail attribution="Reuters BIP Coding Group" action="confirmed" date="1997-05-28"/>
  </code>
</codes>
<dc element="dc.date.created" value="1997-05-28"/>
<dc element="dc.publisher" value="Reuters Holdings Plc"/>
<dc element="dc.date.published" value="1997-05-28"/>
<dc element="dc.source" value="Reuters"/>
<dc element="dc.creator.location" value="LONDON"/>
<dc element="dc.creator.location.country.name" value="UK"/>
<dc element="dc.source" value="Reuters"/>
</metadata>
</newsitem>
