<?xml version="1.0" encoding="iso-8859-1" ?>
<newsitem itemid="619503" id="root" date="1997-05-28" xml:lang="en">
<title>UK: Highland Timber plans offer, eyeing NZ forest buy.</title>
<headline>Highland Timber plans offer, eyeing NZ forest buy.</headline>
<dateline>LONDON 1997-05-28</dateline>
<text>
<p>Forestry group Highland Timber Plc said on Wednesday it plans a further offer for subscription following its initial offer last week.</p>
<p>The initial placing raised 6.8 million stg.</p>
<p>The group said will offer shares for subscription at the original price of 120p per share.</p>
<p>Highland said the demand for the shares was fuelled by the impending UK budget because investments in timber are tax efficient in terms of inheritance tax relief, EIS and rollover relief.  </p>
<p>The group said the expected closing date for the second offer will be mid-June, subject to demand, but did not specify the amount of money to be raised.</p>
<p>Highland has bought the three UK forests identified in the initial prospectus and is now looking to buy a forest in New Zealand where the group said timber grows approximately 40 to 50 per cent quicker than in the UK.</p>
<p>A prospectus for the second offer will be available at the beginning of June.</p>
<p>-- Andrew Langlands, London Newsroom +44 171 542 3496</p>
</text>
<copyright>(c) Reuters Limited 1997</copyright>
<metadata>
<codes class="bip:countries:1.0">
  <code code="UK">
    <editdetail attribution="Reuters BIP Coding Group" action="confirmed" date="1997-05-28"/>
  </code>
</codes>
<codes class="bip:industries:1.0">
  <code code="I02000">
    <editdetail attribution="Reuters BIP Coding Group" action="confirmed" date="1997-05-28"/>
  </code>
</codes>
<codes class="bip:topics:1.0">
  <code code="C17">
    <editdetail attribution="Reuters BIP Coding Group" action="confirmed" date="1997-05-28"/>
  </code>
  <code code="C171">
    <editdetail attribution="Reuters BIP Coding Group" action="confirmed" date="1997-05-28"/>
  </code>
  <code code="CCAT">
    <editdetail attribution="Reuters BIP Coding Group" action="confirmed" date="1997-05-28"/>
  </code>
</codes>
<dc element="dc.date.created" value="1997-05-28"/>
<dc element="dc.publisher" value="Reuters Holdings Plc"/>
<dc element="dc.date.published" value="1997-05-28"/>
<dc element="dc.source" value="Reuters"/>
<dc element="dc.creator.location" value="LONDON"/>
<dc element="dc.creator.location.country.name" value="UK"/>
<dc element="dc.source" value="Reuters"/>
</metadata>
</newsitem>
