<?xml version="1.0" encoding="iso-8859-1" ?>
<newsitem itemid="619528" id="root" date="1997-05-28" xml:lang="en">
<title>UK: NWE jet fuel ends little changed in quiet trade.</title>
<headline>NWE jet fuel ends little changed in quiet trade.</headline>
<dateline>LONDON 1997-05-28</dateline>
<text>
<p>NWE jet fuel oil was little changed on Wednesday in a quiet market, traders said.</p>
<p>Outright prices took a battering late on Tuesday after benchmark gas oil futures tumbled $5.75, but the June contract trimmed losses on Wednesday to close $1 higher at $173.00 a tonne.</p>
<p>Trader said premiums were little changed with premiums for jet barges into June barges assessed at around IPE June gas oil +17-18 a tonne.</p>
<p>Many traders were looking to healthy demand as June approached.</p>
<p>-- Melanie Goodfellow, London Newsroom +44 171 542 7714.</p>
</text>
<copyright>(c) Reuters Limited 1997</copyright>
<metadata>
<codes class="bip:countries:1.0">
  <code code="UK">
    <editdetail attribution="Reuters BIP Coding Group" action="confirmed" date="1997-05-28"/>
  </code>
</codes>
<codes class="bip:topics:1.0">
  <code code="M14">
    <editdetail attribution="Reuters BIP Coding Group" action="confirmed" date="1997-05-28"/>
  </code>
  <code code="M143">
    <editdetail attribution="Reuters BIP Coding Group" action="confirmed" date="1997-05-28"/>
  </code>
  <code code="MCAT">
    <editdetail attribution="Reuters BIP Coding Group" action="confirmed" date="1997-05-28"/>
  </code>
</codes>
<dc element="dc.date.created" value="1997-05-28"/>
<dc element="dc.publisher" value="Reuters Holdings Plc"/>
<dc element="dc.date.published" value="1997-05-28"/>
<dc element="dc.source" value="Reuters"/>
<dc element="dc.creator.location" value="LONDON"/>
<dc element="dc.creator.location.country.name" value="UK"/>
<dc element="dc.source" value="Reuters"/>
</metadata>
</newsitem>
