<?xml version="1.0" encoding="iso-8859-1" ?>
<newsitem itemid="619521" id="root" date="1997-05-28" xml:lang="en">
<title>UK: Euro straight-run fuel trades steady, Russian scarce.</title>
<headline>Euro straight-run fuel trades steady, Russian scarce.</headline>
<dateline>LONDON 1997-05-28</dateline>
<text>
<p>European straight-run fuel changed hands at steady prices on Tuesday while good quality Russian material continued scarce, traders said.</p>
<p>A cargo of good quality low sulphur straight-run from Britain was bought by a French major for a little over $105 a tonne fob, in line with yesterday's deal out of Scandinavia.</p>
<p>Some traders said they expected low sulphur prices to soften slightly into next week even if crude holds at current levels, with adequate supply seen up to mid-June.</p>
<p>Others felt poor margins for refinery distillation units would keep straight-run attractive.</p>
<p>&quot;In the slightly longer term it depends on run cuts. Initial distillation margins are negative but upgrading units are still positive so we may see straight-run a bit stronger,&quot; said one dealer.</p>
<p>Good quality Russian was scarce and well bid. An M-40 was heard traded to a British major on Tuesday for around three means flat while a straight-run M100 was being offered for around two means plus $7 today and was sold.</p>
<p>-- London newsroom +44 171 542 8060</p>
</text>
<copyright>(c) Reuters Limited 1997</copyright>
<metadata>
<codes class="bip:countries:1.0">
  <code code="UK">
    <editdetail attribution="Reuters BIP Coding Group" action="confirmed" date="1997-05-28"/>
  </code>
</codes>
<codes class="bip:topics:1.0">
  <code code="M14">
    <editdetail attribution="Reuters BIP Coding Group" action="confirmed" date="1997-05-28"/>
  </code>
  <code code="M143">
    <editdetail attribution="Reuters BIP Coding Group" action="confirmed" date="1997-05-28"/>
  </code>
  <code code="MCAT">
    <editdetail attribution="Reuters BIP Coding Group" action="confirmed" date="1997-05-28"/>
  </code>
</codes>
<dc element="dc.date.created" value="1997-05-28"/>
<dc element="dc.publisher" value="Reuters Holdings Plc"/>
<dc element="dc.date.published" value="1997-05-28"/>
<dc element="dc.source" value="Reuters"/>
<dc element="dc.creator.location" value="LONDON"/>
<dc element="dc.creator.location.country.name" value="UK"/>
<dc element="dc.source" value="Reuters"/>
</metadata>
</newsitem>
