<?xml version="1.0" encoding="iso-8859-1" ?>
<newsitem itemid="619532" id="root" date="1997-05-28" xml:lang="en">
<title>UK: INSTANT VIEW - Buba statement on Bonn gold  plans.</title>
<headline>INSTANT VIEW - Buba statement on Bonn gold  plans.</headline>
<dateline>LONDON 1997-05-28</dateline>
<text>
<p>The Bundesbank announced on Wednesday it rejected plans by the German government to revalue gold assets to help boost its finances in the run up to European Economic and Monetary Union.</p>
<p>Following is a list of analysts' reactions.</p>
<p>THOMAS MAYER, GOLDMAN SACHS IN FRANKFURT</p>
<p>&quot;Following this advice the government will have a tough time to proceed with this plan. They will have to look for a face saving exit. I expect them to emphasise that they were going to achieve the 3.0 percent of GDP deficit (EMU target) all along.&quot;  </p>
<p>BROWNYN CURTIS, NOMURA INTERNATIONAL</p>
<p>&quot;Bonn can still do it and the Bundesbank will do it. It sounds as though they are being dragged kicking and screaming but they will go ahead and do it. We've had a lot of the ramifications in the market already, spreads have narrowed to Bunds and Bunds are selling off. So you have to look at this as a weaker euro and broader EMU, and at some point they could bring Italy into this.</p>
<p>&quot;We've already seen some fudges from France and Italy and the problem is that this is really a big fudge for the market. It undermines the credibility of the Bundesbank and German economic policy. It's almost EMU at any cost and it is a big cost.&quot;  </p>
<p>HERMANN REMSPERGER, BHF BANK FRANKFURT</p>
<p>&quot;I think it would be very damaging for the Bundesbank and Bonn and Germany as a whole to force the Bundesbank to make these payouts. It's not in line with what the European Monetary Institute said. If they go ahead then it will increase money supply and there will be an impact on monetary supply numbers. There is a conflict. Without these payments it will become more difficult to fulfil the deficit criteria.&quot;  </p>
<p>DAVID BRICKMAN, YAMIAICHI INTERNATIONAL EUROPE</p>
<p>&quot;Details aside, the most worrying aspect is the Bundesbank's assertion that Bonn's plan was an infringement of the Bundesbank's independence. That is why Bunds have sold off. It is now a case of open conflict between the two parties. In terms of EMU, the bottom line is that the government has made clear that EMU is going ahead, and the government can overrule the Bundesbank on this issue (of gold reserves). It makes little difference to the chances of Germany meeting the Maastricht criteria. It only affects the deficit indirectly and would not be enough to close the budget gap. The government has to find further ways of doing this, but it probably will succeed.&quot;</p>
<p>-- London Newsroom +44 171 542 7715</p>
</text>
<copyright>(c) Reuters Limited 1997</copyright>
<metadata>
<codes class="bip:countries:1.0">
  <code code="EEC">
    <editdetail attribution="Reuters BIP Coding Group" action="confirmed" date="1997-05-28"/>
  </code>
  <code code="GFR">
    <editdetail attribution="Reuters BIP Coding Group" action="confirmed" date="1997-05-28"/>
  </code>
  <code code="UK">
    <editdetail attribution="Reuters BIP Coding Group" action="confirmed" date="1997-05-28"/>
  </code>
</codes>
<codes class="bip:topics:1.0">
  <code code="E12">
    <editdetail attribution="Reuters BIP Coding Group" action="confirmed" date="1997-05-28"/>
  </code>
  <code code="E21">
    <editdetail attribution="Reuters BIP Coding Group" action="confirmed" date="1997-05-28"/>
  </code>
  <code code="E211">
    <editdetail attribution="Reuters BIP Coding Group" action="confirmed" date="1997-05-28"/>
  </code>
  <code code="E51">
    <editdetail attribution="Reuters BIP Coding Group" action="confirmed" date="1997-05-28"/>
  </code>
  <code code="E513">
    <editdetail attribution="Reuters BIP Coding Group" action="confirmed" date="1997-05-28"/>
  </code>
  <code code="ECAT">
    <editdetail attribution="Reuters BIP Coding Group" action="confirmed" date="1997-05-28"/>
  </code>
  <code code="G15">
    <editdetail attribution="Reuters BIP Coding Group" action="confirmed" date="1997-05-28"/>
  </code>
  <code code="G154">
    <editdetail attribution="Reuters BIP Coding Group" action="confirmed" date="1997-05-28"/>
  </code>
  <code code="GCAT">
    <editdetail attribution="Reuters BIP Coding Group" action="confirmed" date="1997-05-28"/>
  </code>
</codes>
<dc element="dc.date.created" value="1997-05-28"/>
<dc element="dc.publisher" value="Reuters Holdings Plc"/>
<dc element="dc.date.published" value="1997-05-28"/>
<dc element="dc.source" value="Reuters"/>
<dc element="dc.creator.location" value="LONDON"/>
<dc element="dc.creator.location.country.name" value="UK"/>
<dc element="dc.source" value="Reuters"/>
</metadata>
</newsitem>
