<?xml version="1.0" encoding="iso-8859-1" ?>
<newsitem itemid="619565" id="root" date="1997-05-28" xml:lang="en">
<title>UK: Cobalt underpinned by nearby shortage.</title>
<headline>Cobalt underpinned by nearby shortage.</headline>
<dateline>LONDON 1997-05-28</dateline>
<text>
<p>A shortage of nearby material is helping to underpin cobalt despite claims by several consumers that prices were tending lower following the ending of the seven-month civil war in former Zaire.</p>
<p>Zaire's --  renamed the Democratic Republic of Congo after Lauren Kabila's forces toppled former president Mobutu Sese Seko -- state run mining company Gecamines was believed to be not moving any material from its dilapidated and cash starved facilities.</p>
<p>&quot;There are no signs that cobalt from this region is finding its way into Europe,&quot; one source close to the producer said.</p>
<p>One trader suggested that a large European player in metals was air freighting cobalt from the Shaba province to avoid the transport disruptions, though this could not be confirmed.</p>
<p>Another said that production at Gecamines was running at extremely low levels and they were completely sold out prior to the fall of Mobutu.</p>
<p>Zambia, another producer of cobalt was also said to be experiencing production problems. Traders said the problems were causing a short-fall of around 5,000 tonnes of cobalt a year. North American producers were said to be running low stock levels.</p>
<p>Traders noted news that mining deals struck with the previous government will have to be renegotiated under the new administration.</p>
<p>The continued civil unrest in the capital, Kinshasa,  since Kabila's victory was not seen likely to make much difference to an already unreliable cobalt supply situation from the country's mining region.</p>
<p>On Wednesday high grade cobalt was indicated at around $25.50 an ounce, against levels of $19 in the early part of 1997. Lower graded ingots was at around $22.50, versus $18.50.</p>
<p>-- London Newsroom +44 171 542-8075</p>
</text>
<copyright>(c) Reuters Limited 1997</copyright>
<metadata>
<codes class="bip:countries:1.0">
  <code code="UK">
    <editdetail attribution="Reuters BIP Coding Group" action="confirmed" date="1997-05-28"/>
  </code>
</codes>
<codes class="bip:topics:1.0">
  <code code="M14">
    <editdetail attribution="Reuters BIP Coding Group" action="confirmed" date="1997-05-28"/>
  </code>
  <code code="M142">
    <editdetail attribution="Reuters BIP Coding Group" action="confirmed" date="1997-05-28"/>
  </code>
  <code code="MCAT">
    <editdetail attribution="Reuters BIP Coding Group" action="confirmed" date="1997-05-28"/>
  </code>
</codes>
<dc element="dc.date.created" value="1997-05-28"/>
<dc element="dc.publisher" value="Reuters Holdings Plc"/>
<dc element="dc.date.published" value="1997-05-28"/>
<dc element="dc.source" value="Reuters"/>
<dc element="dc.creator.location" value="LONDON"/>
<dc element="dc.creator.location.country.name" value="UK"/>
<dc element="dc.source" value="Reuters"/>
</metadata>
</newsitem>
