<?xml version="1.0" encoding="iso-8859-1" ?>
<newsitem itemid="619501" id="root" date="1997-05-28" xml:lang="en">
<title>UK: UK defence minister to meet troubled Gulf War vets.</title>
<headline>UK defence minister to meet troubled Gulf War vets.</headline>
<dateline>LONDON 1997-05-28</dateline>
<text>
<p>Britain's new Defence Minister George Robertson said on Wednesday he will meet Gulf War veterans and look into their claims to be suffering from so-called Gulf War Syndrome.</p>
<p>&quot;We have an obligation to investigate sympathetically any illness suffered by those who have served their country,&quot; he said when announcing his plans for the ground-breaking talks on Thursday.</p>
<p>The Labour government, which won a landslide election victory on May 1, had already announced plans for more research and promised to improve the health care of veterans.</p>
<p>Officials also plan to extend research programmes into the causes of Gulf War Syndrome, including investigations into exposure to chemical weapons and organophosphate pesticides.</p>
<p>Veterans claim that evidence gathered in the United States support the theory that a &quot;cocktail&quot; of immunisations to protect them from chemical and biological warfare and pesticides may be responsible.</p>
<p>The ailments range from chronic fatigue and asthma to depression and skin ailments.</p>
</text>
<copyright>(c) Reuters Limited 1997</copyright>
<metadata>
<codes class="bip:countries:1.0">
  <code code="UK">
    <editdetail attribution="Reuters BIP Coding Group" action="confirmed" date="1997-05-28"/>
  </code>
</codes>
<codes class="bip:topics:1.0">
  <code code="GCAT">
    <editdetail attribution="Reuters BIP Coding Group" action="confirmed" date="1997-05-28"/>
  </code>
  <code code="GDEF">
    <editdetail attribution="Reuters BIP Coding Group" action="confirmed" date="1997-05-28"/>
  </code>
  <code code="GHEA">
    <editdetail attribution="Reuters BIP Coding Group" action="confirmed" date="1997-05-28"/>
  </code>
  <code code="GPOL">
    <editdetail attribution="Reuters BIP Coding Group" action="confirmed" date="1997-05-28"/>
  </code>
  <code code="GVIO">
    <editdetail attribution="Reuters BIP Coding Group" action="confirmed" date="1997-05-28"/>
  </code>
</codes>
<dc element="dc.date.created" value="1997-05-28"/>
<dc element="dc.publisher" value="Reuters Holdings Plc"/>
<dc element="dc.date.published" value="1997-05-28"/>
<dc element="dc.source" value="Reuters"/>
<dc element="dc.creator.location" value="LONDON"/>
<dc element="dc.creator.location.country.name" value="UK"/>
<dc element="dc.source" value="Reuters"/>
</metadata>
</newsitem>
