<?xml version="1.0" encoding="iso-8859-1" ?>
<newsitem itemid="619547" id="root" date="1997-05-28" xml:lang="en">
<title>UK: GDR REPORT - Korean shares surge on hot local market.</title>
<headline>GDR REPORT - Korean shares surge on hot local market.</headline>
<dateline>LONDON 1997-05-27</dateline>
<text>
<p>Korean global depositary receipts surged on Wednesday, rising by seven percent to outpace a hot Seoul market, traders said.</p>
<p>&quot;Much of the gain was following up on New York,&quot; a trader said, &quot;Semi-conductor stocks are strong and we are seeing few natural sellers.&quot;</p>
<p>The benchmark three-year corporate yields hit a three-month low of 11.98 percent, driving the Seoul composite index gained 14.77 points, or 2.04 percent, to 738.12.</p>
<p>The HSBC James Capel Korea GDR Index gained 4.74 points to 72.49 points, a premium of 46.59 percent over the local market.</p>
<p>&quot;Premiums are very high and there is little to indicate that they are going anywhere but north,&quot; a trader said, adding that market makers have been holding inventory.</p>
<p>Chipmaker Samsung Electronics benefited rising $1.60 to $57.10.</p>
<p>The Capel Indian GDR index closed 0.87 points down at 81.29, with the premium over the local market at 26.78 percent from 27.63 percent.</p>
<p>The loss tracked the local market where Bombay's benchmark index closed down 7.25 point to 3685.31.</p>
<p>TELCO finished down 82 cents at $12.50/$13.25 and Indian Hotels gained $1.00 at $22.50/$23.25.</p>
<p>The Capel Taiwan GDR Index rose 0.18 points, or 0.16 percent, to 114.83, representing a discount to the local market of 2.55 percent.</p>
<p>-- James Saft, London newsroom 44 171 542 2734</p>
</text>
<copyright>(c) Reuters Limited 1997</copyright>
<metadata>
<codes class="bip:countries:1.0">
  <code code="INDIA">
    <editdetail attribution="Reuters BIP Coding Group" action="confirmed" date="1997-05-28"/>
  </code>
  <code code="SKOREA">
    <editdetail attribution="Reuters BIP Coding Group" action="confirmed" date="1997-05-28"/>
  </code>
  <code code="TAIWAN">
    <editdetail attribution="Reuters BIP Coding Group" action="confirmed" date="1997-05-28"/>
  </code>
  <code code="UK">
    <editdetail attribution="Reuters BIP Coding Group" action="confirmed" date="1997-05-28"/>
  </code>
</codes>
<codes class="bip:topics:1.0">
  <code code="M11">
    <editdetail attribution="Reuters BIP Coding Group" action="confirmed" date="1997-05-28"/>
  </code>
  <code code="MCAT">
    <editdetail attribution="Reuters BIP Coding Group" action="confirmed" date="1997-05-28"/>
  </code>
</codes>
<dc element="dc.date.created" value="1997-05-27"/>
<dc element="dc.publisher" value="Reuters Holdings Plc"/>
<dc element="dc.date.published" value="1997-05-28"/>
<dc element="dc.source" value="Reuters"/>
<dc element="dc.creator.location" value="LONDON"/>
<dc element="dc.creator.location.country.name" value="UK"/>
<dc element="dc.source" value="Reuters"/>
</metadata>
</newsitem>
