<?xml version="1.0" encoding="iso-8859-1" ?>
<newsitem itemid="619529" id="root" date="1997-05-28" xml:lang="en">
<title>UK: LIFFE coffee races to 18-mth peak, July up 7.6 pct.</title>
<headline>LIFFE coffee races to 18-mth peak, July up 7.6 pct.</headline>
<dateline>LONDON 1997-05-28</dateline>
<text>
<p>LIFFE robusta coffee futures, triggered by a new rally in New York, raced to the highest level in 18 months on aggressive roaster price-fixing and short-covering.</p>
<p>Arabica futures on the New York market rocketed to a new 20-year peak of 291.25 cents a lb in the morning trade helped by manufacturer buying.</p>
<p>The roaster buying soon spread to London. The advance gained further momentum as the surge met with little origin offers.</p>
<p>Benchmark July finished a hefty $158 up at $2,260 a tonne, a level not seen since November 17, 1995 when it hit $2,270. Its intraday peak was $2,262.</p>
<p>The contract, which broke the previous resistance at $2,190, now looked set to challenge the next upside goal at $2,319, nearly 40 percent retracement from its lows in 1994.</p>
<p>Support is seen intact at $2,030.</p>
<p>Traders said despite today's blistering rally, robustas were not over-valued even at these levels.</p>
<p>&quot;New York is tremendously overdone but people were still short of paper,&quot; said one.</p>
<p>London's most-active September surged $167 at $2,291 as long holders rolled forward their July position.</p>
<p>In the process, July's discount to September widened to $31 by the close from $19 on Tuesday.</p>
<p>Volume was an impressive 11,558 lots, centred again on July and September.</p>
<p>New York arabica futures notched up steep gains on panic buying helped by weather forecasts calling for below normal temperatures in top grower Brazil.</p>
<p>But private U.S. forecaster Weather Services Corp said no crop-damaging cold was expected.</p>
<p>The Brazilian weather is in traders' minds as the country enters the dangerous frost months in June and July.</p>
<p>&quot;There is no doubt that (arabica) coffee is physically tight with stockpiles in both consumer and producer countries near 20-year lows, and this makes the market extremely prone to weather scares in Brazil, even at this early stage of the season,&quot; broker GNI said. -- Jalil Hamid, London Newsroom +44 171 542 4985</p>
</text>
<copyright>(c) Reuters Limited 1997</copyright>
<metadata>
<codes class="bip:countries:1.0">
  <code code="UK">
    <editdetail attribution="Reuters BIP Coding Group" action="confirmed" date="1997-05-28"/>
  </code>
</codes>
<codes class="bip:topics:1.0">
  <code code="M14">
    <editdetail attribution="Reuters BIP Coding Group" action="confirmed" date="1997-05-28"/>
  </code>
  <code code="M141">
    <editdetail attribution="Reuters BIP Coding Group" action="confirmed" date="1997-05-28"/>
  </code>
  <code code="MCAT">
    <editdetail attribution="Reuters BIP Coding Group" action="confirmed" date="1997-05-28"/>
  </code>
</codes>
<dc element="dc.date.created" value="1997-05-28"/>
<dc element="dc.publisher" value="Reuters Holdings Plc"/>
<dc element="dc.date.published" value="1997-05-28"/>
<dc element="dc.source" value="Reuters"/>
<dc element="dc.creator.location" value="LONDON"/>
<dc element="dc.creator.location.country.name" value="UK"/>
<dc element="dc.source" value="Reuters"/>
</metadata>
</newsitem>
