<?xml version="1.0" encoding="iso-8859-1" ?>
<newsitem itemid="619551" id="root" date="1997-05-28" xml:lang="en">
<title>UK: LIFFE sugar narrowly mixed, big role for switches.</title>
<headline>LIFFE sugar narrowly mixed, big role for switches.</headline>
<dateline>LONDON 1997-05-28</dateline>
<text>
<p>LIFFE sugar was narrowly mixed and a high proportion of switch trades inflated volume, traders said.</p>
<p>By 1525 GMT front month August was 20 cents lower at $320.00. August dominated volume with 1,405 of a total 2,921 lots done so far.</p>
<p>Although New York was the main influence on the market in afternoon trade, London failed to emulate New York's moves, staying in a tight range, one trader said.</p>
<p>&quot;It was fairly active in the morning, mainly on spreads, and then there was a bit of hedging against the EU tender,&quot; he said.</p>
<p>The EU sold 64,275 tonnes of white sugar at rebate 42.874 ECUs.</p>
<p>A report by brokers GNI held out little hope of more activity. &quot;After eight months of sideways activity, there appears to be no major reason to expect a substantial move in the next few months,&quot; GNI said in its Commodity Perspective report.</p>
<p>--Christopher Lyddon, London newsroom +44 171 542 7928</p>
</text>
<copyright>(c) Reuters Limited 1997</copyright>
<metadata>
<codes class="bip:countries:1.0">
  <code code="UK">
    <editdetail attribution="Reuters BIP Coding Group" action="confirmed" date="1997-05-28"/>
  </code>
</codes>
<codes class="bip:topics:1.0">
  <code code="M14">
    <editdetail attribution="Reuters BIP Coding Group" action="confirmed" date="1997-05-28"/>
  </code>
  <code code="M141">
    <editdetail attribution="Reuters BIP Coding Group" action="confirmed" date="1997-05-28"/>
  </code>
  <code code="MCAT">
    <editdetail attribution="Reuters BIP Coding Group" action="confirmed" date="1997-05-28"/>
  </code>
</codes>
<dc element="dc.date.created" value="1997-05-28"/>
<dc element="dc.publisher" value="Reuters Holdings Plc"/>
<dc element="dc.date.published" value="1997-05-28"/>
<dc element="dc.source" value="Reuters"/>
<dc element="dc.creator.location" value="LONDON"/>
<dc element="dc.creator.location.country.name" value="UK"/>
<dc element="dc.source" value="Reuters"/>
</metadata>
</newsitem>
