<?xml version="1.0" encoding="iso-8859-1" ?>
<newsitem itemid="619508" id="root" date="1997-05-28" xml:lang="en">
<title>UK: LME copper edges higher in slow late trading.</title>
<headline>LME copper edges higher in slow late trading.</headline>
<dateline>LONDON 1997-05-28</dateline>
<text>
<p>Copper prices crept slightly higher in late inter-office trading on Wednesday, but vulnerable nickel lost ground.</p>
<p>Three months London Metal Exchange (LME) copper was indicated at $2,534/$2,537 at 1800 GMT, compared to $2,531 at the afternoon kerb close.</p>
<p>Cash to threes backwardation also widened by about $5 to $75/$80.</p>
<p>The other metals barely budged with the exception of nickel. It slid to $7,250/$7,270 versus $7,280 after failing to recover convincingly from Tuesday's sharp sell-off.</p>
<p>--London newsroom +44 171 542 2936</p>
</text>
<copyright>(c) Reuters Limited 1997</copyright>
<metadata>
<codes class="bip:countries:1.0">
  <code code="UK">
    <editdetail attribution="Reuters BIP Coding Group" action="confirmed" date="1997-05-28"/>
  </code>
</codes>
<codes class="bip:topics:1.0">
  <code code="M14">
    <editdetail attribution="Reuters BIP Coding Group" action="confirmed" date="1997-05-28"/>
  </code>
  <code code="M142">
    <editdetail attribution="Reuters BIP Coding Group" action="confirmed" date="1997-05-28"/>
  </code>
  <code code="MCAT">
    <editdetail attribution="Reuters BIP Coding Group" action="confirmed" date="1997-05-28"/>
  </code>
</codes>
<dc element="dc.date.created" value="1997-05-28"/>
<dc element="dc.publisher" value="Reuters Holdings Plc"/>
<dc element="dc.date.published" value="1997-05-28"/>
<dc element="dc.source" value="Reuters"/>
<dc element="dc.creator.location" value="LONDON"/>
<dc element="dc.creator.location.country.name" value="UK"/>
<dc element="dc.source" value="Reuters"/>
</metadata>
</newsitem>
