<?xml version="1.0" encoding="iso-8859-1" ?>
<newsitem itemid="619507" id="root" date="1997-05-28" xml:lang="en">
<title>UK: NWE naphtha finishes flat as Egypt tender closes.</title>
<headline>NWE naphtha finishes flat as Egypt tender closes.</headline>
<dateline>LONDON 1997-05-28</dateline>
<text>
<p>NWE naphtha prices were steadier on Wednesday after Tuesday's sharp falls and traders said much of the discussion was over the closure today of the latest tender issued by the state-owned Egyptian General Petroleum Company (EGPC,) traders said.</p>
<p>The tender, which closed in the afternoon, was for six months' worth of naphtha out of Suez and Alexandria and while exact quantities were not specified, dealers said it would be for around five cargoes a month from each port.</p>
<p>Traders said they did not know when the tender would be awarded but said offers would be treated as valid up until June 12.</p>
<p>&quot;It has been very quiet but the EGPC tenders have concentrated everyone's mind,&quot; a trader at a U.K. refinery said.</p>
<p>June naphtha swaps were heard to have been traded at $189 a tonne cif NWE and physical numbers for full-range material were pegged in the vicinity of the June swaps.</p>
<p>-- London newsroom +44 171 542 8167</p>
</text>
<copyright>(c) Reuters Limited 1997</copyright>
<metadata>
<codes class="bip:countries:1.0">
  <code code="UK">
    <editdetail attribution="Reuters BIP Coding Group" action="confirmed" date="1997-05-28"/>
  </code>
</codes>
<codes class="bip:topics:1.0">
  <code code="M14">
    <editdetail attribution="Reuters BIP Coding Group" action="confirmed" date="1997-05-28"/>
  </code>
  <code code="M143">
    <editdetail attribution="Reuters BIP Coding Group" action="confirmed" date="1997-05-28"/>
  </code>
  <code code="MCAT">
    <editdetail attribution="Reuters BIP Coding Group" action="confirmed" date="1997-05-28"/>
  </code>
</codes>
<dc element="dc.date.created" value="1997-05-28"/>
<dc element="dc.publisher" value="Reuters Holdings Plc"/>
<dc element="dc.date.published" value="1997-05-28"/>
<dc element="dc.source" value="Reuters"/>
<dc element="dc.creator.location" value="LONDON"/>
<dc element="dc.creator.location.country.name" value="UK"/>
<dc element="dc.source" value="Reuters"/>
</metadata>
</newsitem>
