<?xml version="1.0" encoding="iso-8859-1" ?>
<newsitem itemid="619560" id="root" date="1997-05-28" xml:lang="en">
<title>UK: London sugar freight sees Brazilian new orders.</title>
<headline>London sugar freight sees Brazilian new orders.</headline>
<dateline>LONDON 1997-05-28</dateline>
<text>
<p>The moderate amount of new orders reported in the sugar freight market mainly quoted Brazil as the origin, brokers said.</p>
<p>Cargill were looking for tonnage for 20/30,000 tonnes bulk from North Brazil to USGulf or Atlantic for end June and 14,000 tonnes bagged from Santos to Lagos for June 5/10.</p>
<p>E.D. and F.Man had 20,000/25,000 tonnes bulk stem from Paranagua to Baltic or Black Sea for June 15/30.</p>
<p>Dreyfus wanted a vessel for its 12/14,000 tonnes bagged cargo from Thailand to Pakistan for mid-June.</p>
<p>Brokers reported Vitol fixed 20,000 tonnes bulk sugar from Maceio to Black Sea in the region of $31 to $32 and Tate and Lyle were said to be on subjects for its 17,750/18,500 tonnes bulk cargo Barbados to London.</p>
<p>London Newsroom, +44 171 542 7771</p>
</text>
<copyright>(c) Reuters Limited 1997</copyright>
<metadata>
<codes class="bip:countries:1.0">
  <code code="UK">
    <editdetail attribution="Reuters BIP Coding Group" action="confirmed" date="1997-05-28"/>
  </code>
</codes>
<codes class="bip:topics:1.0">
  <code code="M14">
    <editdetail attribution="Reuters BIP Coding Group" action="confirmed" date="1997-05-28"/>
  </code>
  <code code="M141">
    <editdetail attribution="Reuters BIP Coding Group" action="confirmed" date="1997-05-28"/>
  </code>
  <code code="MCAT">
    <editdetail attribution="Reuters BIP Coding Group" action="confirmed" date="1997-05-28"/>
  </code>
</codes>
<dc element="dc.date.created" value="1997-05-28"/>
<dc element="dc.publisher" value="Reuters Holdings Plc"/>
<dc element="dc.date.published" value="1997-05-28"/>
<dc element="dc.source" value="Reuters"/>
<dc element="dc.creator.location" value="LONDON"/>
<dc element="dc.creator.location.country.name" value="UK"/>
<dc element="dc.source" value="Reuters"/>
</metadata>
</newsitem>
